gene,human_protein,site,mut,species,species_protein,relative_position,human_aa,species_aa,status
ACADM,NP_000007.1,29,L,Aotus nancymaae,XP_064228588.1,-10,H,H,match
ACADM,NP_000007.1,29,L,Aotus nancymaae,XP_064228588.1,-9,W,W,match
ACADM,NP_000007.1,29,L,Aotus nancymaae,XP_064228588.1,-8,R,R,match
ACADM,NP_000007.1,29,L,Aotus nancymaae,XP_064228588.1,-7,S,S,match
ACADM,NP_000007.1,29,L,Aotus nancymaae,XP_064228588.1,-6,Q,Q,match
ACADM,NP_000007.1,29,L,Aotus nancymaae,XP_064228588.1,-5,H,H,match
ACADM,NP_000007.1,29,L,Aotus nancymaae,XP_064228588.1,-4,T,T,match
ACADM,NP_000007.1,29,L,Aotus nancymaae,XP_064228588.1,-3,K,K,match
ACADM,NP_000007.1,29,L,Aotus nancymaae,XP_064228588.1,-2,A,S,different
ACADM,NP_000007.1,29,L,Aotus nancymaae,XP_064228588.1,-1,N,A,different
ACADM,NP_000007.1,29,L,Aotus nancymaae,XP_064228588.1,0,R,L,CPD
ACADM,NP_000007.1,29,L,Aotus nancymaae,XP_064228588.1,1,Q,Q,match
ACADM,NP_000007.1,29,L,Aotus nancymaae,XP_064228588.1,2,R,R,match
ACADM,NP_000007.1,29,L,Aotus nancymaae,XP_064228588.1,3,E,E,match
ACADM,NP_000007.1,29,L,Aotus nancymaae,XP_064228588.1,4,P,P,match
ACADM,NP_000007.1,29,L,Aotus nancymaae,XP_064228588.1,5,G,G,match
ACADM,NP_000007.1,29,L,Aotus nancymaae,XP_064228588.1,6,L,L,match
ACADM,NP_000007.1,29,L,Aotus nancymaae,XP_064228588.1,7,G,G,match
ACADM,NP_000007.1,29,L,Aotus nancymaae,XP_064228588.1,8,F,F,match
ACADM,NP_000007.1,29,L,Aotus nancymaae,XP_064228588.1,9,S,S,match
ACADM,NP_000007.1,29,L,Aotus nancymaae,XP_064228588.1,10,F,F,match
ACADM,NP_000007.1,29,L,Saimiri boliviensis,XP_039329541.1,-10,H,H,match
ACADM,NP_000007.1,29,L,Saimiri boliviensis,XP_039329541.1,-9,W,W,match
ACADM,NP_000007.1,29,L,Saimiri boliviensis,XP_039329541.1,-8,R,R,match
ACADM,NP_000007.1,29,L,Saimiri boliviensis,XP_039329541.1,-7,S,S,match
ACADM,NP_000007.1,29,L,Saimiri boliviensis,XP_039329541.1,-6,Q,Q,match
ACADM,NP_000007.1,29,L,Saimiri boliviensis,XP_039329541.1,-5,H,H,match
ACADM,NP_000007.1,29,L,Saimiri boliviensis,XP_039329541.1,-4,T,T,match
ACADM,NP_000007.1,29,L,Saimiri boliviensis,XP_039329541.1,-3,K,K,match
ACADM,NP_000007.1,29,L,Saimiri boliviensis,XP_039329541.1,-2,A,S,different
ACADM,NP_000007.1,29,L,Saimiri boliviensis,XP_039329541.1,-1,N,A,different
ACADM,NP_000007.1,29,L,Saimiri boliviensis,XP_039329541.1,0,R,L,CPD
ACADM,NP_000007.1,29,L,Saimiri boliviensis,XP_039329541.1,1,Q,Q,match
ACADM,NP_000007.1,29,L,Saimiri boliviensis,XP_039329541.1,2,R,R,match
ACADM,NP_000007.1,29,L,Saimiri boliviensis,XP_039329541.1,3,E,E,match
ACADM,NP_000007.1,29,L,Saimiri boliviensis,XP_039329541.1,4,P,P,match
ACADM,NP_000007.1,29,L,Saimiri boliviensis,XP_039329541.1,5,G,G,match
ACADM,NP_000007.1,29,L,Saimiri boliviensis,XP_039329541.1,6,L,L,match
ACADM,NP_000007.1,29,L,Saimiri boliviensis,XP_039329541.1,7,G,G,match
ACADM,NP_000007.1,29,L,Saimiri boliviensis,XP_039329541.1,8,F,F,match
ACADM,NP_000007.1,29,L,Saimiri boliviensis,XP_039329541.1,9,S,S,match
ACADM,NP_000007.1,29,L,Saimiri boliviensis,XP_039329541.1,10,F,F,match
ACADM,NP_000007.1,29,L,Callithrix jacchus,XP_035107801.2,-10,H,H,match
ACADM,NP_000007.1,29,L,Callithrix jacchus,XP_035107801.2,-9,W,W,match
ACADM,NP_000007.1,29,L,Callithrix jacchus,XP_035107801.2,-8,R,R,match
ACADM,NP_000007.1,29,L,Callithrix jacchus,XP_035107801.2,-7,S,S,match
ACADM,NP_000007.1,29,L,Callithrix jacchus,XP_035107801.2,-6,Q,Q,match
ACADM,NP_000007.1,29,L,Callithrix jacchus,XP_035107801.2,-5,H,H,match
ACADM,NP_000007.1,29,L,Callithrix jacchus,XP_035107801.2,-4,T,T,match
ACADM,NP_000007.1,29,L,Callithrix jacchus,XP_035107801.2,-3,K,K,match
ACADM,NP_000007.1,29,L,Callithrix jacchus,XP_035107801.2,-2,A,S,different
ACADM,NP_000007.1,29,L,Callithrix jacchus,XP_035107801.2,-1,N,A,different
ACADM,NP_000007.1,29,L,Callithrix jacchus,XP_035107801.2,0,R,L,CPD
ACADM,NP_000007.1,29,L,Callithrix jacchus,XP_035107801.2,1,Q,Q,match
ACADM,NP_000007.1,29,L,Callithrix jacchus,XP_035107801.2,2,R,R,match
ACADM,NP_000007.1,29,L,Callithrix jacchus,XP_035107801.2,3,E,E,match
ACADM,NP_000007.1,29,L,Callithrix jacchus,XP_035107801.2,4,P,P,match
ACADM,NP_000007.1,29,L,Callithrix jacchus,XP_035107801.2,5,G,G,match
ACADM,NP_000007.1,29,L,Callithrix jacchus,XP_035107801.2,6,L,L,match
ACADM,NP_000007.1,29,L,Callithrix jacchus,XP_035107801.2,7,G,G,match
ACADM,NP_000007.1,29,L,Callithrix jacchus,XP_035107801.2,8,F,F,match
ACADM,NP_000007.1,29,L,Callithrix jacchus,XP_035107801.2,9,S,S,match
ACADM,NP_000007.1,29,L,Callithrix jacchus,XP_035107801.2,10,F,F,match
ACADM,NP_000007.1,29,L,Sapajus apella,XP_032152462.1,-10,H,H,match
ACADM,NP_000007.1,29,L,Sapajus apella,XP_032152462.1,-9,W,W,match
ACADM,NP_000007.1,29,L,Sapajus apella,XP_032152462.1,-8,R,R,match
ACADM,NP_000007.1,29,L,Sapajus apella,XP_032152462.1,-7,S,S,match
ACADM,NP_000007.1,29,L,Sapajus apella,XP_032152462.1,-6,Q,Q,match
ACADM,NP_000007.1,29,L,Sapajus apella,XP_032152462.1,-5,H,H,match
ACADM,NP_000007.1,29,L,Sapajus apella,XP_032152462.1,-4,T,T,match
ACADM,NP_000007.1,29,L,Sapajus apella,XP_032152462.1,-3,K,K,match
ACADM,NP_000007.1,29,L,Sapajus apella,XP_032152462.1,-2,A,S,different
ACADM,NP_000007.1,29,L,Sapajus apella,XP_032152462.1,-1,N,A,different
ACADM,NP_000007.1,29,L,Sapajus apella,XP_032152462.1,0,R,L,CPD
ACADM,NP_000007.1,29,L,Sapajus apella,XP_032152462.1,1,Q,Q,match
ACADM,NP_000007.1,29,L,Sapajus apella,XP_032152462.1,2,R,R,match
ACADM,NP_000007.1,29,L,Sapajus apella,XP_032152462.1,3,E,E,match
ACADM,NP_000007.1,29,L,Sapajus apella,XP_032152462.1,4,P,P,match
ACADM,NP_000007.1,29,L,Sapajus apella,XP_032152462.1,5,G,G,match
ACADM,NP_000007.1,29,L,Sapajus apella,XP_032152462.1,6,L,L,match
ACADM,NP_000007.1,29,L,Sapajus apella,XP_032152462.1,7,G,G,match
ACADM,NP_000007.1,29,L,Sapajus apella,XP_032152462.1,8,F,F,match
ACADM,NP_000007.1,29,L,Sapajus apella,XP_032152462.1,9,S,S,match
ACADM,NP_000007.1,29,L,Sapajus apella,XP_032152462.1,10,F,F,match
ACADM,NP_000007.1,31,H,Otolemur garnettii,XP_012657175.1,-10,R,R,match
ACADM,NP_000007.1,31,H,Otolemur garnettii,XP_012657175.1,-9,S,S,match
ACADM,NP_000007.1,31,H,Otolemur garnettii,XP_012657175.1,-8,Q,Q,match
ACADM,NP_000007.1,31,H,Otolemur garnettii,XP_012657175.1,-7,H,H,match
ACADM,NP_000007.1,31,H,Otolemur garnettii,XP_012657175.1,-6,T,T,match
ACADM,NP_000007.1,31,H,Otolemur garnettii,XP_012657175.1,-5,K,K,match
ACADM,NP_000007.1,31,H,Otolemur garnettii,XP_012657175.1,-4,A,A,match
ACADM,NP_000007.1,31,H,Otolemur garnettii,XP_012657175.1,-3,N,V,different
ACADM,NP_000007.1,31,H,Otolemur garnettii,XP_012657175.1,-2,R,P,different
ACADM,NP_000007.1,31,H,Otolemur garnettii,XP_012657175.1,-1,Q,K,different
ACADM,NP_000007.1,31,H,Otolemur garnettii,XP_012657175.1,0,R,H,CPD
ACADM,NP_000007.1,31,H,Otolemur garnettii,XP_012657175.1,1,E,E,match
ACADM,NP_000007.1,31,H,Otolemur garnettii,XP_012657175.1,2,P,P,match
ACADM,NP_000007.1,31,H,Otolemur garnettii,XP_012657175.1,3,G,G,match
ACADM,NP_000007.1,31,H,Otolemur garnettii,XP_012657175.1,4,L,L,match
ACADM,NP_000007.1,31,H,Otolemur garnettii,XP_012657175.1,5,G,G,match
ACADM,NP_000007.1,31,H,Otolemur garnettii,XP_012657175.1,6,F,Y,different
ACADM,NP_000007.1,31,H,Otolemur garnettii,XP_012657175.1,7,S,S,match
ACADM,NP_000007.1,31,H,Otolemur garnettii,XP_012657175.1,8,F,F,match
ACADM,NP_000007.1,31,H,Otolemur garnettii,XP_012657175.1,9,E,D,different
ACADM,NP_000007.1,31,H,Otolemur garnettii,XP_012657175.1,10,F,F,match
ACADM,NP_000007.1,31,H,Nycticebus coucang,XP_053447073.1,-10,R,R,match
ACADM,NP_000007.1,31,H,Nycticebus coucang,XP_053447073.1,-9,S,S,match
ACADM,NP_000007.1,31,H,Nycticebus coucang,XP_053447073.1,-8,Q,Q,match
ACADM,NP_000007.1,31,H,Nycticebus coucang,XP_053447073.1,-7,H,H,match
ACADM,NP_000007.1,31,H,Nycticebus coucang,XP_053447073.1,-6,T,T,match
ACADM,NP_000007.1,31,H,Nycticebus coucang,XP_053447073.1,-5,K,K,match
ACADM,NP_000007.1,31,H,Nycticebus coucang,XP_053447073.1,-4,A,A,match
ACADM,NP_000007.1,31,H,Nycticebus coucang,XP_053447073.1,-3,N,T,different
ACADM,NP_000007.1,31,H,Nycticebus coucang,XP_053447073.1,-2,R,P,different
ACADM,NP_000007.1,31,H,Nycticebus coucang,XP_053447073.1,-1,Q,K,different
ACADM,NP_000007.1,31,H,Nycticebus coucang,XP_053447073.1,0,R,H,CPD
ACADM,NP_000007.1,31,H,Nycticebus coucang,XP_053447073.1,1,E,E,match
ACADM,NP_000007.1,31,H,Nycticebus coucang,XP_053447073.1,2,P,P,match
ACADM,NP_000007.1,31,H,Nycticebus coucang,XP_053447073.1,3,G,G,match
ACADM,NP_000007.1,31,H,Nycticebus coucang,XP_053447073.1,4,L,L,match
ACADM,NP_000007.1,31,H,Nycticebus coucang,XP_053447073.1,5,G,G,match
ACADM,NP_000007.1,31,H,Nycticebus coucang,XP_053447073.1,6,F,Y,different
ACADM,NP_000007.1,31,H,Nycticebus coucang,XP_053447073.1,7,S,S,match
ACADM,NP_000007.1,31,H,Nycticebus coucang,XP_053447073.1,8,F,F,match
ACADM,NP_000007.1,31,H,Nycticebus coucang,XP_053447073.1,9,E,D,different
ACADM,NP_000007.1,31,H,Nycticebus coucang,XP_053447073.1,10,F,L,different
ACADM,NP_000007.1,103,L,Lemur catta,XP_045403682.1,-10,E,E,match
ACADM,NP_000007.1,103,L,Lemur catta,XP_045403682.1,-9,N,S,different
ACADM,NP_000007.1,103,L,Lemur catta,XP_045403682.1,-8,C,C,match
ACADM,NP_000007.1,103,L,Lemur catta,XP_045403682.1,-7,G,G,match
ACADM,NP_000007.1,103,L,Lemur catta,XP_045403682.1,-6,G,G,match
ACADM,NP_000007.1,103,L,Lemur catta,XP_045403682.1,-5,L,L,match
ACADM,NP_000007.1,103,L,Lemur catta,XP_045403682.1,-4,G,G,match
ACADM,NP_000007.1,103,L,Lemur catta,XP_045403682.1,-3,L,L,match
ACADM,NP_000007.1,103,L,Lemur catta,XP_045403682.1,-2,G,G,match
ACADM,NP_000007.1,103,L,Lemur catta,XP_045403682.1,-1,T,T,match
ACADM,NP_000007.1,103,L,Lemur catta,XP_045403682.1,0,F,L,CPD
ACADM,NP_000007.1,103,L,Lemur catta,XP_045403682.1,1,D,D,match
ACADM,NP_000007.1,103,L,Lemur catta,XP_045403682.1,2,A,G,different
ACADM,NP_000007.1,103,L,Lemur catta,XP_045403682.1,3,C,C,match
ACADM,NP_000007.1,103,L,Lemur catta,XP_045403682.1,4,L,L,match
ACADM,NP_000007.1,103,L,Lemur catta,XP_045403682.1,5,I,I,match
ACADM,NP_000007.1,103,L,Lemur catta,XP_045403682.1,6,S,A,different
ACADM,NP_000007.1,103,L,Lemur catta,XP_045403682.1,7,E,E,match
ACADM,NP_000007.1,103,L,Lemur catta,XP_045403682.1,8,E,E,match
ACADM,NP_000007.1,103,L,Lemur catta,XP_045403682.1,9,L,L,match
ACADM,NP_000007.1,103,L,Lemur catta,XP_045403682.1,10,A,A,match
ACADM,NP_000007.1,29,Q,Hylobates moloch,XP_032011454.1,-10,H,H,match
ACADM,NP_000007.1,29,Q,Hylobates moloch,XP_032011454.1,-9,W,W,match
ACADM,NP_000007.1,29,Q,Hylobates moloch,XP_032011454.1,-8,R,R,match
ACADM,NP_000007.1,29,Q,Hylobates moloch,XP_032011454.1,-7,S,S,match
ACADM,NP_000007.1,29,Q,Hylobates moloch,XP_032011454.1,-6,Q,Q,match
ACADM,NP_000007.1,29,Q,Hylobates moloch,XP_032011454.1,-5,H,H,match
ACADM,NP_000007.1,29,Q,Hylobates moloch,XP_032011454.1,-4,T,T,match
ACADM,NP_000007.1,29,Q,Hylobates moloch,XP_032011454.1,-3,K,K,match
ACADM,NP_000007.1,29,Q,Hylobates moloch,XP_032011454.1,-2,A,A,match
ACADM,NP_000007.1,29,Q,Hylobates moloch,XP_032011454.1,-1,N,N,match
ACADM,NP_000007.1,29,Q,Hylobates moloch,XP_032011454.1,0,R,Q,CPD
ACADM,NP_000007.1,29,Q,Hylobates moloch,XP_032011454.1,1,Q,Q,match
ACADM,NP_000007.1,29,Q,Hylobates moloch,XP_032011454.1,2,R,R,match
ACADM,NP_000007.1,29,Q,Hylobates moloch,XP_032011454.1,3,E,E,match
ACADM,NP_000007.1,29,Q,Hylobates moloch,XP_032011454.1,4,P,P,match
ACADM,NP_000007.1,29,Q,Hylobates moloch,XP_032011454.1,5,G,G,match
ACADM,NP_000007.1,29,Q,Hylobates moloch,XP_032011454.1,6,L,L,match
ACADM,NP_000007.1,29,Q,Hylobates moloch,XP_032011454.1,7,G,G,match
ACADM,NP_000007.1,29,Q,Hylobates moloch,XP_032011454.1,8,F,F,match
ACADM,NP_000007.1,29,Q,Hylobates moloch,XP_032011454.1,9,S,S,match
ACADM,NP_000007.1,29,Q,Hylobates moloch,XP_032011454.1,10,F,F,match
ACADVL,NP_000009.1,174,M,Propithecus coquereli,XP_012511118.1,-10,V,A,different
ACADVL,NP_000009.1,174,M,Propithecus coquereli,XP_012511118.1,-9,E,E,match
ACADVL,NP_000009.1,174,M,Propithecus coquereli,XP_012511118.1,-8,I,I,match
ACADVL,NP_000009.1,174,M,Propithecus coquereli,XP_012511118.1,-7,V,V,match
ACADVL,NP_000009.1,174,M,Propithecus coquereli,XP_012511118.1,-6,G,G,match
ACADVL,NP_000009.1,174,M,Propithecus coquereli,XP_012511118.1,-5,M,M,match
ACADVL,NP_000009.1,174,M,Propithecus coquereli,XP_012511118.1,-4,H,H,match
ACADVL,NP_000009.1,174,M,Propithecus coquereli,XP_012511118.1,-3,D,D,match
ACADVL,NP_000009.1,174,M,Propithecus coquereli,XP_012511118.1,-2,L,L,match
ACADVL,NP_000009.1,174,M,Propithecus coquereli,XP_012511118.1,-1,G,G,match
ACADVL,NP_000009.1,174,M,Propithecus coquereli,XP_012511118.1,0,V,M,CPD
ACADVL,NP_000009.1,174,M,Propithecus coquereli,XP_012511118.1,1,G,S,different
ACADVL,NP_000009.1,174,M,Propithecus coquereli,XP_012511118.1,2,I,V,different
ACADVL,NP_000009.1,174,M,Propithecus coquereli,XP_012511118.1,3,T,T,match
ACADVL,NP_000009.1,174,M,Propithecus coquereli,XP_012511118.1,4,L,L,match
ACADVL,NP_000009.1,174,M,Propithecus coquereli,XP_012511118.1,5,G,G,match
ACADVL,NP_000009.1,174,M,Propithecus coquereli,XP_012511118.1,6,A,A,match
ACADVL,NP_000009.1,174,M,Propithecus coquereli,XP_012511118.1,7,H,H,match
ACADVL,NP_000009.1,174,M,Propithecus coquereli,XP_012511118.1,8,Q,Q,match
ACADVL,NP_000009.1,174,M,Propithecus coquereli,XP_012511118.1,9,S,S,match
ACADVL,NP_000009.1,174,M,Propithecus coquereli,XP_012511118.1,10,I,I,match
ACADVL,NP_000009.1,219,S,Symphalangus syndactylus,XP_055114570.1,-10,E,E,match
ACADVL,NP_000009.1,219,S,Symphalangus syndactylus,XP_055114570.1,-9,T,T,match
ACADVL,NP_000009.1,219,S,Symphalangus syndactylus,XP_055114570.1,-8,V,V,match
ACADVL,NP_000009.1,219,S,Symphalangus syndactylus,XP_055114570.1,-7,A,A,match
ACADVL,NP_000009.1,219,S,Symphalangus syndactylus,XP_055114570.1,-6,A,A,match
ACADVL,NP_000009.1,219,S,Symphalangus syndactylus,XP_055114570.1,-5,F,F,match
ACADVL,NP_000009.1,219,S,Symphalangus syndactylus,XP_055114570.1,-4,C,C,match
ACADVL,NP_000009.1,219,S,Symphalangus syndactylus,XP_055114570.1,-3,L,L,match
ACADVL,NP_000009.1,219,S,Symphalangus syndactylus,XP_055114570.1,-2,T,T,match
ACADVL,NP_000009.1,219,S,Symphalangus syndactylus,XP_055114570.1,-1,E,E,match
ACADVL,NP_000009.1,219,S,Symphalangus syndactylus,XP_055114570.1,0,P,S,CPD
ACADVL,NP_000009.1,219,S,Symphalangus syndactylus,XP_055114570.1,1,S,S,match
ACADVL,NP_000009.1,219,S,Symphalangus syndactylus,XP_055114570.1,2,S,S,match
ACADVL,NP_000009.1,219,S,Symphalangus syndactylus,XP_055114570.1,3,G,G,match
ACADVL,NP_000009.1,219,S,Symphalangus syndactylus,XP_055114570.1,4,S,S,match
ACADVL,NP_000009.1,219,S,Symphalangus syndactylus,XP_055114570.1,5,D,D,match
ACADVL,NP_000009.1,219,S,Symphalangus syndactylus,XP_055114570.1,6,A,A,match
ACADVL,NP_000009.1,219,S,Symphalangus syndactylus,XP_055114570.1,7,A,A,match
ACADVL,NP_000009.1,219,S,Symphalangus syndactylus,XP_055114570.1,8,S,S,match
ACADVL,NP_000009.1,219,S,Symphalangus syndactylus,XP_055114570.1,9,I,I,match
ACADVL,NP_000009.1,219,S,Symphalangus syndactylus,XP_055114570.1,10,R,R,match
ACADVL,NP_000009.1,219,S,Nomascus leucogenys,XP_003282188.3,-10,E,E,match
ACADVL,NP_000009.1,219,S,Nomascus leucogenys,XP_003282188.3,-9,T,T,match
ACADVL,NP_000009.1,219,S,Nomascus leucogenys,XP_003282188.3,-8,V,V,match
ACADVL,NP_000009.1,219,S,Nomascus leucogenys,XP_003282188.3,-7,A,A,match
ACADVL,NP_000009.1,219,S,Nomascus leucogenys,XP_003282188.3,-6,A,A,match
ACADVL,NP_000009.1,219,S,Nomascus leucogenys,XP_003282188.3,-5,F,F,match
ACADVL,NP_000009.1,219,S,Nomascus leucogenys,XP_003282188.3,-4,C,C,match
ACADVL,NP_000009.1,219,S,Nomascus leucogenys,XP_003282188.3,-3,L,L,match
ACADVL,NP_000009.1,219,S,Nomascus leucogenys,XP_003282188.3,-2,T,T,match
ACADVL,NP_000009.1,219,S,Nomascus leucogenys,XP_003282188.3,-1,E,E,match
ACADVL,NP_000009.1,219,S,Nomascus leucogenys,XP_003282188.3,0,P,S,CPD
ACADVL,NP_000009.1,219,S,Nomascus leucogenys,XP_003282188.3,1,S,S,match
ACADVL,NP_000009.1,219,S,Nomascus leucogenys,XP_003282188.3,2,S,S,match
ACADVL,NP_000009.1,219,S,Nomascus leucogenys,XP_003282188.3,3,G,G,match
ACADVL,NP_000009.1,219,S,Nomascus leucogenys,XP_003282188.3,4,S,S,match
ACADVL,NP_000009.1,219,S,Nomascus leucogenys,XP_003282188.3,5,D,D,match
ACADVL,NP_000009.1,219,S,Nomascus leucogenys,XP_003282188.3,6,A,A,match
ACADVL,NP_000009.1,219,S,Nomascus leucogenys,XP_003282188.3,7,A,A,match
ACADVL,NP_000009.1,219,S,Nomascus leucogenys,XP_003282188.3,8,S,S,match
ACADVL,NP_000009.1,219,S,Nomascus leucogenys,XP_003282188.3,9,I,I,match
ACADVL,NP_000009.1,219,S,Nomascus leucogenys,XP_003282188.3,10,R,R,match
ACADVL,NP_000009.1,219,S,Hylobates moloch,XP_031995619.2,-10,E,E,match
ACADVL,NP_000009.1,219,S,Hylobates moloch,XP_031995619.2,-9,T,T,match
ACADVL,NP_000009.1,219,S,Hylobates moloch,XP_031995619.2,-8,V,V,match
ACADVL,NP_000009.1,219,S,Hylobates moloch,XP_031995619.2,-7,A,A,match
ACADVL,NP_000009.1,219,S,Hylobates moloch,XP_031995619.2,-6,A,A,match
ACADVL,NP_000009.1,219,S,Hylobates moloch,XP_031995619.2,-5,F,F,match
ACADVL,NP_000009.1,219,S,Hylobates moloch,XP_031995619.2,-4,C,C,match
ACADVL,NP_000009.1,219,S,Hylobates moloch,XP_031995619.2,-3,L,L,match
ACADVL,NP_000009.1,219,S,Hylobates moloch,XP_031995619.2,-2,T,T,match
ACADVL,NP_000009.1,219,S,Hylobates moloch,XP_031995619.2,-1,E,E,match
ACADVL,NP_000009.1,219,S,Hylobates moloch,XP_031995619.2,0,P,S,CPD
ACADVL,NP_000009.1,219,S,Hylobates moloch,XP_031995619.2,1,S,S,match
ACADVL,NP_000009.1,219,S,Hylobates moloch,XP_031995619.2,2,S,S,match
ACADVL,NP_000009.1,219,S,Hylobates moloch,XP_031995619.2,3,G,G,match
ACADVL,NP_000009.1,219,S,Hylobates moloch,XP_031995619.2,4,S,S,match
ACADVL,NP_000009.1,219,S,Hylobates moloch,XP_031995619.2,5,D,D,match
ACADVL,NP_000009.1,219,S,Hylobates moloch,XP_031995619.2,6,A,A,match
ACADVL,NP_000009.1,219,S,Hylobates moloch,XP_031995619.2,7,A,A,match
ACADVL,NP_000009.1,219,S,Hylobates moloch,XP_031995619.2,8,S,S,match
ACADVL,NP_000009.1,219,S,Hylobates moloch,XP_031995619.2,9,I,I,match
ACADVL,NP_000009.1,219,S,Hylobates moloch,XP_031995619.2,10,R,R,match
ACADVL,NP_000009.1,219,S,Pan troglodytes,XP_016786900.1,-10,E,E,match
ACADVL,NP_000009.1,219,S,Pan troglodytes,XP_016786900.1,-9,T,A,different
ACADVL,NP_000009.1,219,S,Pan troglodytes,XP_016786900.1,-8,V,V,match
ACADVL,NP_000009.1,219,S,Pan troglodytes,XP_016786900.1,-7,A,A,match
ACADVL,NP_000009.1,219,S,Pan troglodytes,XP_016786900.1,-6,A,A,match
ACADVL,NP_000009.1,219,S,Pan troglodytes,XP_016786900.1,-5,F,F,match
ACADVL,NP_000009.1,219,S,Pan troglodytes,XP_016786900.1,-4,C,C,match
ACADVL,NP_000009.1,219,S,Pan troglodytes,XP_016786900.1,-3,L,L,match
ACADVL,NP_000009.1,219,S,Pan troglodytes,XP_016786900.1,-2,T,T,match
ACADVL,NP_000009.1,219,S,Pan troglodytes,XP_016786900.1,-1,E,E,match
ACADVL,NP_000009.1,219,S,Pan troglodytes,XP_016786900.1,0,P,S,CPD
ACADVL,NP_000009.1,219,S,Pan troglodytes,XP_016786900.1,1,S,S,match
ACADVL,NP_000009.1,219,S,Pan troglodytes,XP_016786900.1,2,S,S,match
ACADVL,NP_000009.1,219,S,Pan troglodytes,XP_016786900.1,3,G,G,match
ACADVL,NP_000009.1,219,S,Pan troglodytes,XP_016786900.1,4,S,S,match
ACADVL,NP_000009.1,219,S,Pan troglodytes,XP_016786900.1,5,D,D,match
ACADVL,NP_000009.1,219,S,Pan troglodytes,XP_016786900.1,6,A,A,match
ACADVL,NP_000009.1,219,S,Pan troglodytes,XP_016786900.1,7,A,A,match
ACADVL,NP_000009.1,219,S,Pan troglodytes,XP_016786900.1,8,S,S,match
ACADVL,NP_000009.1,219,S,Pan troglodytes,XP_016786900.1,9,I,I,match
ACADVL,NP_000009.1,219,S,Pan troglodytes,XP_016786900.1,10,R,R,match
ACADVL,NP_000009.1,219,S,Pan paniscus,XP_003810154.1,-10,E,E,match
ACADVL,NP_000009.1,219,S,Pan paniscus,XP_003810154.1,-9,T,T,match
ACADVL,NP_000009.1,219,S,Pan paniscus,XP_003810154.1,-8,V,V,match
ACADVL,NP_000009.1,219,S,Pan paniscus,XP_003810154.1,-7,A,A,match
ACADVL,NP_000009.1,219,S,Pan paniscus,XP_003810154.1,-6,A,A,match
ACADVL,NP_000009.1,219,S,Pan paniscus,XP_003810154.1,-5,F,F,match
ACADVL,NP_000009.1,219,S,Pan paniscus,XP_003810154.1,-4,C,C,match
ACADVL,NP_000009.1,219,S,Pan paniscus,XP_003810154.1,-3,L,L,match
ACADVL,NP_000009.1,219,S,Pan paniscus,XP_003810154.1,-2,T,T,match
ACADVL,NP_000009.1,219,S,Pan paniscus,XP_003810154.1,-1,E,E,match
ACADVL,NP_000009.1,219,S,Pan paniscus,XP_003810154.1,0,P,S,CPD
ACADVL,NP_000009.1,219,S,Pan paniscus,XP_003810154.1,1,S,S,match
ACADVL,NP_000009.1,219,S,Pan paniscus,XP_003810154.1,2,S,S,match
ACADVL,NP_000009.1,219,S,Pan paniscus,XP_003810154.1,3,G,G,match
ACADVL,NP_000009.1,219,S,Pan paniscus,XP_003810154.1,4,S,S,match
ACADVL,NP_000009.1,219,S,Pan paniscus,XP_003810154.1,5,D,D,match
ACADVL,NP_000009.1,219,S,Pan paniscus,XP_003810154.1,6,A,A,match
ACADVL,NP_000009.1,219,S,Pan paniscus,XP_003810154.1,7,A,A,match
ACADVL,NP_000009.1,219,S,Pan paniscus,XP_003810154.1,8,S,S,match
ACADVL,NP_000009.1,219,S,Pan paniscus,XP_003810154.1,9,I,I,match
ACADVL,NP_000009.1,219,S,Pan paniscus,XP_003810154.1,10,R,R,match
ACADVL,NP_000009.1,286,K,Nycticebus coucang,XP_053423543.1,-10,K,K,match
ACADVL,NP_000009.1,286,K,Nycticebus coucang,XP_053423543.1,-9,E,E,match
ACADVL,NP_000009.1,286,K,Nycticebus coucang,XP_053423543.1,-8,K,K,match
ACADVL,NP_000009.1,286,K,Nycticebus coucang,XP_053423543.1,-7,I,I,match
ACADVL,NP_000009.1,286,K,Nycticebus coucang,XP_053423543.1,-6,T,T,match
ACADVL,NP_000009.1,286,K,Nycticebus coucang,XP_053423543.1,-5,A,A,match
ACADVL,NP_000009.1,286,K,Nycticebus coucang,XP_053423543.1,-4,F,F,match
ACADVL,NP_000009.1,286,K,Nycticebus coucang,XP_053423543.1,-3,V,V,match
ACADVL,NP_000009.1,286,K,Nycticebus coucang,XP_053423543.1,-2,V,V,match
ACADVL,NP_000009.1,286,K,Nycticebus coucang,XP_053423543.1,-1,E,E,match
ACADVL,NP_000009.1,286,K,Nycticebus coucang,XP_053423543.1,0,R,K,CPD
ACADVL,NP_000009.1,286,K,Nycticebus coucang,XP_053423543.1,1,G,S,different
ACADVL,NP_000009.1,286,K,Nycticebus coucang,XP_053423543.1,2,F,F,match
ACADVL,NP_000009.1,286,K,Nycticebus coucang,XP_053423543.1,3,G,G,match
ACADVL,NP_000009.1,286,K,Nycticebus coucang,XP_053423543.1,4,G,G,match
ACADVL,NP_000009.1,286,K,Nycticebus coucang,XP_053423543.1,5,I,V,different
ACADVL,NP_000009.1,286,K,Nycticebus coucang,XP_053423543.1,6,T,T,match
ACADVL,NP_000009.1,286,K,Nycticebus coucang,XP_053423543.1,7,H,H,match
ACADVL,NP_000009.1,286,K,Nycticebus coucang,XP_053423543.1,8,G,G,match
ACADVL,NP_000009.1,286,K,Nycticebus coucang,XP_053423543.1,9,P,P,match
ACADVL,NP_000009.1,286,K,Nycticebus coucang,XP_053423543.1,10,P,P,match
ACADVL,NP_000009.1,286,K,Otolemur garnettii,XP_003791220.1,-10,K,K,match
ACADVL,NP_000009.1,286,K,Otolemur garnettii,XP_003791220.1,-9,E,E,match
ACADVL,NP_000009.1,286,K,Otolemur garnettii,XP_003791220.1,-8,K,K,match
ACADVL,NP_000009.1,286,K,Otolemur garnettii,XP_003791220.1,-7,I,I,match
ACADVL,NP_000009.1,286,K,Otolemur garnettii,XP_003791220.1,-6,T,T,match
ACADVL,NP_000009.1,286,K,Otolemur garnettii,XP_003791220.1,-5,A,A,match
ACADVL,NP_000009.1,286,K,Otolemur garnettii,XP_003791220.1,-4,F,F,match
ACADVL,NP_000009.1,286,K,Otolemur garnettii,XP_003791220.1,-3,V,V,match
ACADVL,NP_000009.1,286,K,Otolemur garnettii,XP_003791220.1,-2,V,V,match
ACADVL,NP_000009.1,286,K,Otolemur garnettii,XP_003791220.1,-1,E,E,match
ACADVL,NP_000009.1,286,K,Otolemur garnettii,XP_003791220.1,0,R,K,CPD
ACADVL,NP_000009.1,286,K,Otolemur garnettii,XP_003791220.1,1,G,S,different
ACADVL,NP_000009.1,286,K,Otolemur garnettii,XP_003791220.1,2,F,F,match
ACADVL,NP_000009.1,286,K,Otolemur garnettii,XP_003791220.1,3,G,G,match
ACADVL,NP_000009.1,286,K,Otolemur garnettii,XP_003791220.1,4,G,G,match
ACADVL,NP_000009.1,286,K,Otolemur garnettii,XP_003791220.1,5,I,V,different
ACADVL,NP_000009.1,286,K,Otolemur garnettii,XP_003791220.1,6,T,T,match
ACADVL,NP_000009.1,286,K,Otolemur garnettii,XP_003791220.1,7,H,H,match
ACADVL,NP_000009.1,286,K,Otolemur garnettii,XP_003791220.1,8,G,G,match
ACADVL,NP_000009.1,286,K,Otolemur garnettii,XP_003791220.1,9,P,P,match
ACADVL,NP_000009.1,286,K,Otolemur garnettii,XP_003791220.1,10,P,P,match
ACADVL,NP_000009.1,286,K,Propithecus coquereli,XP_012511118.1,-10,K,K,match
ACADVL,NP_000009.1,286,K,Propithecus coquereli,XP_012511118.1,-9,E,E,match
ACADVL,NP_000009.1,286,K,Propithecus coquereli,XP_012511118.1,-8,K,K,match
ACADVL,NP_000009.1,286,K,Propithecus coquereli,XP_012511118.1,-7,I,I,match
ACADVL,NP_000009.1,286,K,Propithecus coquereli,XP_012511118.1,-6,T,T,match
ACADVL,NP_000009.1,286,K,Propithecus coquereli,XP_012511118.1,-5,A,A,match
ACADVL,NP_000009.1,286,K,Propithecus coquereli,XP_012511118.1,-4,F,F,match
ACADVL,NP_000009.1,286,K,Propithecus coquereli,XP_012511118.1,-3,V,V,match
ACADVL,NP_000009.1,286,K,Propithecus coquereli,XP_012511118.1,-2,V,V,match
ACADVL,NP_000009.1,286,K,Propithecus coquereli,XP_012511118.1,-1,E,E,match
ACADVL,NP_000009.1,286,K,Propithecus coquereli,XP_012511118.1,0,R,K,CPD
ACADVL,NP_000009.1,286,K,Propithecus coquereli,XP_012511118.1,1,G,S,different
ACADVL,NP_000009.1,286,K,Propithecus coquereli,XP_012511118.1,2,F,F,match
ACADVL,NP_000009.1,286,K,Propithecus coquereli,XP_012511118.1,3,G,G,match
ACADVL,NP_000009.1,286,K,Propithecus coquereli,XP_012511118.1,4,G,G,match
ACADVL,NP_000009.1,286,K,Propithecus coquereli,XP_012511118.1,5,I,V,different
ACADVL,NP_000009.1,286,K,Propithecus coquereli,XP_012511118.1,6,T,T,match
ACADVL,NP_000009.1,286,K,Propithecus coquereli,XP_012511118.1,7,H,H,match
ACADVL,NP_000009.1,286,K,Propithecus coquereli,XP_012511118.1,8,G,G,match
ACADVL,NP_000009.1,286,K,Propithecus coquereli,XP_012511118.1,9,P,P,match
ACADVL,NP_000009.1,286,K,Propithecus coquereli,XP_012511118.1,10,P,P,match
ACADVL,NP_000009.1,286,K,Microcebus murinus,XP_012632557.1,-10,K,K,match
ACADVL,NP_000009.1,286,K,Microcebus murinus,XP_012632557.1,-9,E,E,match
ACADVL,NP_000009.1,286,K,Microcebus murinus,XP_012632557.1,-8,K,K,match
ACADVL,NP_000009.1,286,K,Microcebus murinus,XP_012632557.1,-7,I,I,match
ACADVL,NP_000009.1,286,K,Microcebus murinus,XP_012632557.1,-6,T,T,match
ACADVL,NP_000009.1,286,K,Microcebus murinus,XP_012632557.1,-5,A,A,match
ACADVL,NP_000009.1,286,K,Microcebus murinus,XP_012632557.1,-4,F,F,match
ACADVL,NP_000009.1,286,K,Microcebus murinus,XP_012632557.1,-3,V,V,match
ACADVL,NP_000009.1,286,K,Microcebus murinus,XP_012632557.1,-2,V,V,match
ACADVL,NP_000009.1,286,K,Microcebus murinus,XP_012632557.1,-1,E,E,match
ACADVL,NP_000009.1,286,K,Microcebus murinus,XP_012632557.1,0,R,K,CPD
ACADVL,NP_000009.1,286,K,Microcebus murinus,XP_012632557.1,1,G,S,different
ACADVL,NP_000009.1,286,K,Microcebus murinus,XP_012632557.1,2,F,F,match
ACADVL,NP_000009.1,286,K,Microcebus murinus,XP_012632557.1,3,G,G,match
ACADVL,NP_000009.1,286,K,Microcebus murinus,XP_012632557.1,4,G,G,match
ACADVL,NP_000009.1,286,K,Microcebus murinus,XP_012632557.1,5,I,V,different
ACADVL,NP_000009.1,286,K,Microcebus murinus,XP_012632557.1,6,T,T,match
ACADVL,NP_000009.1,286,K,Microcebus murinus,XP_012632557.1,7,H,H,match
ACADVL,NP_000009.1,286,K,Microcebus murinus,XP_012632557.1,8,G,G,match
ACADVL,NP_000009.1,286,K,Microcebus murinus,XP_012632557.1,9,P,P,match
ACADVL,NP_000009.1,286,K,Microcebus murinus,XP_012632557.1,10,P,P,match
ACADVL,NP_000009.1,286,K,Lemur catta,XP_045426011.1,-10,K,K,match
ACADVL,NP_000009.1,286,K,Lemur catta,XP_045426011.1,-9,E,E,match
ACADVL,NP_000009.1,286,K,Lemur catta,XP_045426011.1,-8,K,K,match
ACADVL,NP_000009.1,286,K,Lemur catta,XP_045426011.1,-7,I,I,match
ACADVL,NP_000009.1,286,K,Lemur catta,XP_045426011.1,-6,T,T,match
ACADVL,NP_000009.1,286,K,Lemur catta,XP_045426011.1,-5,A,A,match
ACADVL,NP_000009.1,286,K,Lemur catta,XP_045426011.1,-4,F,F,match
ACADVL,NP_000009.1,286,K,Lemur catta,XP_045426011.1,-3,V,V,match
ACADVL,NP_000009.1,286,K,Lemur catta,XP_045426011.1,-2,V,V,match
ACADVL,NP_000009.1,286,K,Lemur catta,XP_045426011.1,-1,E,E,match
ACADVL,NP_000009.1,286,K,Lemur catta,XP_045426011.1,0,R,K,CPD
ACADVL,NP_000009.1,286,K,Lemur catta,XP_045426011.1,1,G,S,different
ACADVL,NP_000009.1,286,K,Lemur catta,XP_045426011.1,2,F,F,match
ACADVL,NP_000009.1,286,K,Lemur catta,XP_045426011.1,3,G,G,match
ACADVL,NP_000009.1,286,K,Lemur catta,XP_045426011.1,4,G,G,match
ACADVL,NP_000009.1,286,K,Lemur catta,XP_045426011.1,5,I,V,different
ACADVL,NP_000009.1,286,K,Lemur catta,XP_045426011.1,6,T,T,match
ACADVL,NP_000009.1,286,K,Lemur catta,XP_045426011.1,7,H,H,match
ACADVL,NP_000009.1,286,K,Lemur catta,XP_045426011.1,8,G,G,match
ACADVL,NP_000009.1,286,K,Lemur catta,XP_045426011.1,9,P,P,match
ACADVL,NP_000009.1,286,K,Lemur catta,XP_045426011.1,10,P,P,match
ACADVL,NP_000009.1,286,K,Eulemur rufifrons,XP_069338073.1,-10,K,K,match
ACADVL,NP_000009.1,286,K,Eulemur rufifrons,XP_069338073.1,-9,E,E,match
ACADVL,NP_000009.1,286,K,Eulemur rufifrons,XP_069338073.1,-8,K,K,match
ACADVL,NP_000009.1,286,K,Eulemur rufifrons,XP_069338073.1,-7,I,I,match
ACADVL,NP_000009.1,286,K,Eulemur rufifrons,XP_069338073.1,-6,T,T,match
ACADVL,NP_000009.1,286,K,Eulemur rufifrons,XP_069338073.1,-5,A,A,match
ACADVL,NP_000009.1,286,K,Eulemur rufifrons,XP_069338073.1,-4,F,F,match
ACADVL,NP_000009.1,286,K,Eulemur rufifrons,XP_069338073.1,-3,V,V,match
ACADVL,NP_000009.1,286,K,Eulemur rufifrons,XP_069338073.1,-2,V,V,match
ACADVL,NP_000009.1,286,K,Eulemur rufifrons,XP_069338073.1,-1,E,E,match
ACADVL,NP_000009.1,286,K,Eulemur rufifrons,XP_069338073.1,0,R,K,CPD
ACADVL,NP_000009.1,286,K,Eulemur rufifrons,XP_069338073.1,1,G,S,different
ACADVL,NP_000009.1,286,K,Eulemur rufifrons,XP_069338073.1,2,F,F,match
ACADVL,NP_000009.1,286,K,Eulemur rufifrons,XP_069338073.1,3,G,G,match
ACADVL,NP_000009.1,286,K,Eulemur rufifrons,XP_069338073.1,4,G,G,match
ACADVL,NP_000009.1,286,K,Eulemur rufifrons,XP_069338073.1,5,I,V,different
ACADVL,NP_000009.1,286,K,Eulemur rufifrons,XP_069338073.1,6,T,T,match
ACADVL,NP_000009.1,286,K,Eulemur rufifrons,XP_069338073.1,7,H,H,match
ACADVL,NP_000009.1,286,K,Eulemur rufifrons,XP_069338073.1,8,G,G,match
ACADVL,NP_000009.1,286,K,Eulemur rufifrons,XP_069338073.1,9,P,P,match
ACADVL,NP_000009.1,286,K,Eulemur rufifrons,XP_069338073.1,10,P,P,match
ACADVL,NP_000009.1,647,M,Nycticebus coucang,XP_053423543.1,-10,I,I,match
ACADVL,NP_000009.1,647,M,Nycticebus coucang,XP_053423543.1,-9,S,S,match
ACADVL,NP_000009.1,647,M,Nycticebus coucang,XP_053423543.1,-8,K,T,different
ACADVL,NP_000009.1,647,M,Nycticebus coucang,XP_053423543.1,-7,A,A,match
ACADVL,NP_000009.1,647,M,Nycticebus coucang,XP_053423543.1,-6,L,L,match
ACADVL,NP_000009.1,647,M,Nycticebus coucang,XP_053423543.1,-5,V,V,match
ACADVL,NP_000009.1,647,M,Nycticebus coucang,XP_053423543.1,-4,E,E,match
ACADVL,NP_000009.1,647,M,Nycticebus coucang,XP_053423543.1,-3,R,R,match
ACADVL,NP_000009.1,647,M,Nycticebus coucang,XP_053423543.1,-2,G,G,match
ACADVL,NP_000009.1,647,M,Nycticebus coucang,XP_053423543.1,-1,G,G,match
ACADVL,NP_000009.1,647,M,Nycticebus coucang,XP_053423543.1,0,V,M,CPD
ACADVL,NP_000009.1,647,M,Nycticebus coucang,XP_053423543.1,1,V,V,match
ACADVL,NP_000009.1,647,M,Nycticebus coucang,XP_053423543.1,2,T,T,match
ACADVL,NP_000009.1,647,M,Nycticebus coucang,XP_053423543.1,3,S,S,match
ACADVL,NP_000009.1,647,M,Nycticebus coucang,XP_053423543.1,4,N,N,match
ACADVL,NP_000009.1,647,M,Nycticebus coucang,XP_053423543.1,5,P,P,match
ACADVL,NP_000009.1,647,M,Nycticebus coucang,XP_053423543.1,6,L,L,match
ACADVL,NP_000009.1,647,M,Nycticebus coucang,XP_053423543.1,7,G,G,match
ACADVL,NP_000009.1,647,M,Nycticebus coucang,XP_053423543.1,8,F,F,match
ACADVL,NP_000009.1,647,M,Nycticebus coucang,XP_053423543.1,9,,,outside
ACADVL,NP_000009.1,647,M,Nycticebus coucang,XP_053423543.1,10,,,outside
ACADVL,NP_000009.1,647,M,Otolemur garnettii,XP_003791220.1,-10,I,I,match
ACADVL,NP_000009.1,647,M,Otolemur garnettii,XP_003791220.1,-9,S,S,match
ACADVL,NP_000009.1,647,M,Otolemur garnettii,XP_003791220.1,-8,K,T,different
ACADVL,NP_000009.1,647,M,Otolemur garnettii,XP_003791220.1,-7,A,A,match
ACADVL,NP_000009.1,647,M,Otolemur garnettii,XP_003791220.1,-6,L,L,match
ACADVL,NP_000009.1,647,M,Otolemur garnettii,XP_003791220.1,-5,V,V,match
ACADVL,NP_000009.1,647,M,Otolemur garnettii,XP_003791220.1,-4,E,E,match
ACADVL,NP_000009.1,647,M,Otolemur garnettii,XP_003791220.1,-3,R,R,match
ACADVL,NP_000009.1,647,M,Otolemur garnettii,XP_003791220.1,-2,G,G,match
ACADVL,NP_000009.1,647,M,Otolemur garnettii,XP_003791220.1,-1,G,G,match
ACADVL,NP_000009.1,647,M,Otolemur garnettii,XP_003791220.1,0,V,M,CPD
ACADVL,NP_000009.1,647,M,Otolemur garnettii,XP_003791220.1,1,V,V,match
ACADVL,NP_000009.1,647,M,Otolemur garnettii,XP_003791220.1,2,T,T,match
ACADVL,NP_000009.1,647,M,Otolemur garnettii,XP_003791220.1,3,S,S,match
ACADVL,NP_000009.1,647,M,Otolemur garnettii,XP_003791220.1,4,N,N,match
ACADVL,NP_000009.1,647,M,Otolemur garnettii,XP_003791220.1,5,P,P,match
ACADVL,NP_000009.1,647,M,Otolemur garnettii,XP_003791220.1,6,L,L,match
ACADVL,NP_000009.1,647,M,Otolemur garnettii,XP_003791220.1,7,G,G,match
ACADVL,NP_000009.1,647,M,Otolemur garnettii,XP_003791220.1,8,F,F,match
ACADVL,NP_000009.1,647,M,Otolemur garnettii,XP_003791220.1,9,,,outside
ACADVL,NP_000009.1,647,M,Otolemur garnettii,XP_003791220.1,10,,,outside
ACADVL,NP_000009.1,647,M,Microcebus murinus,XP_012632557.1,-10,I,I,match
ACADVL,NP_000009.1,647,M,Microcebus murinus,XP_012632557.1,-9,S,S,match
ACADVL,NP_000009.1,647,M,Microcebus murinus,XP_012632557.1,-8,K,T,different
ACADVL,NP_000009.1,647,M,Microcebus murinus,XP_012632557.1,-7,A,A,match
ACADVL,NP_000009.1,647,M,Microcebus murinus,XP_012632557.1,-6,L,L,match
ACADVL,NP_000009.1,647,M,Microcebus murinus,XP_012632557.1,-5,V,V,match
ACADVL,NP_000009.1,647,M,Microcebus murinus,XP_012632557.1,-4,E,E,match
ACADVL,NP_000009.1,647,M,Microcebus murinus,XP_012632557.1,-3,R,R,match
ACADVL,NP_000009.1,647,M,Microcebus murinus,XP_012632557.1,-2,G,S,different
ACADVL,NP_000009.1,647,M,Microcebus murinus,XP_012632557.1,-1,G,G,match
ACADVL,NP_000009.1,647,M,Microcebus murinus,XP_012632557.1,0,V,M,CPD
ACADVL,NP_000009.1,647,M,Microcebus murinus,XP_012632557.1,1,V,V,match
ACADVL,NP_000009.1,647,M,Microcebus murinus,XP_012632557.1,2,T,T,match
ACADVL,NP_000009.1,647,M,Microcebus murinus,XP_012632557.1,3,S,S,match
ACADVL,NP_000009.1,647,M,Microcebus murinus,XP_012632557.1,4,N,N,match
ACADVL,NP_000009.1,647,M,Microcebus murinus,XP_012632557.1,5,P,P,match
ACADVL,NP_000009.1,647,M,Microcebus murinus,XP_012632557.1,6,L,L,match
ACADVL,NP_000009.1,647,M,Microcebus murinus,XP_012632557.1,7,G,G,match
ACADVL,NP_000009.1,647,M,Microcebus murinus,XP_012632557.1,8,F,F,match
ACADVL,NP_000009.1,647,M,Microcebus murinus,XP_012632557.1,9,,,outside
ACADVL,NP_000009.1,647,M,Microcebus murinus,XP_012632557.1,10,,,outside
ACADVL,NP_000009.1,647,M,Lemur catta,XP_045426011.1,-10,I,I,match
ACADVL,NP_000009.1,647,M,Lemur catta,XP_045426011.1,-9,S,S,match
ACADVL,NP_000009.1,647,M,Lemur catta,XP_045426011.1,-8,K,M,different
ACADVL,NP_000009.1,647,M,Lemur catta,XP_045426011.1,-7,A,A,match
ACADVL,NP_000009.1,647,M,Lemur catta,XP_045426011.1,-6,L,L,match
ACADVL,NP_000009.1,647,M,Lemur catta,XP_045426011.1,-5,V,V,match
ACADVL,NP_000009.1,647,M,Lemur catta,XP_045426011.1,-4,E,E,match
ACADVL,NP_000009.1,647,M,Lemur catta,XP_045426011.1,-3,R,R,match
ACADVL,NP_000009.1,647,M,Lemur catta,XP_045426011.1,-2,G,G,match
ACADVL,NP_000009.1,647,M,Lemur catta,XP_045426011.1,-1,G,G,match
ACADVL,NP_000009.1,647,M,Lemur catta,XP_045426011.1,0,V,M,CPD
ACADVL,NP_000009.1,647,M,Lemur catta,XP_045426011.1,1,V,V,match
ACADVL,NP_000009.1,647,M,Lemur catta,XP_045426011.1,2,T,T,match
ACADVL,NP_000009.1,647,M,Lemur catta,XP_045426011.1,3,S,S,match
ACADVL,NP_000009.1,647,M,Lemur catta,XP_045426011.1,4,N,N,match
ACADVL,NP_000009.1,647,M,Lemur catta,XP_045426011.1,5,P,P,match
ACADVL,NP_000009.1,647,M,Lemur catta,XP_045426011.1,6,L,L,match
ACADVL,NP_000009.1,647,M,Lemur catta,XP_045426011.1,7,G,S,different
ACADVL,NP_000009.1,647,M,Lemur catta,XP_045426011.1,8,F,F,match
ACADVL,NP_000009.1,647,M,Lemur catta,XP_045426011.1,9,,,outside
ACADVL,NP_000009.1,647,M,Lemur catta,XP_045426011.1,10,,,outside
ACADVL,NP_000009.1,647,M,Eulemur rufifrons,XP_069338073.1,-10,I,I,match
ACADVL,NP_000009.1,647,M,Eulemur rufifrons,XP_069338073.1,-9,S,S,match
ACADVL,NP_000009.1,647,M,Eulemur rufifrons,XP_069338073.1,-8,K,T,different
ACADVL,NP_000009.1,647,M,Eulemur rufifrons,XP_069338073.1,-7,A,A,match
ACADVL,NP_000009.1,647,M,Eulemur rufifrons,XP_069338073.1,-6,L,L,match
ACADVL,NP_000009.1,647,M,Eulemur rufifrons,XP_069338073.1,-5,V,V,match
ACADVL,NP_000009.1,647,M,Eulemur rufifrons,XP_069338073.1,-4,E,E,match
ACADVL,NP_000009.1,647,M,Eulemur rufifrons,XP_069338073.1,-3,R,R,match
ACADVL,NP_000009.1,647,M,Eulemur rufifrons,XP_069338073.1,-2,G,G,match
ACADVL,NP_000009.1,647,M,Eulemur rufifrons,XP_069338073.1,-1,G,G,match
ACADVL,NP_000009.1,647,M,Eulemur rufifrons,XP_069338073.1,0,V,M,CPD
ACADVL,NP_000009.1,647,M,Eulemur rufifrons,XP_069338073.1,1,V,V,match
ACADVL,NP_000009.1,647,M,Eulemur rufifrons,XP_069338073.1,2,T,T,match
ACADVL,NP_000009.1,647,M,Eulemur rufifrons,XP_069338073.1,3,S,S,match
ACADVL,NP_000009.1,647,M,Eulemur rufifrons,XP_069338073.1,4,N,N,match
ACADVL,NP_000009.1,647,M,Eulemur rufifrons,XP_069338073.1,5,P,P,match
ACADVL,NP_000009.1,647,M,Eulemur rufifrons,XP_069338073.1,6,L,L,match
ACADVL,NP_000009.1,647,M,Eulemur rufifrons,XP_069338073.1,7,G,S,different
ACADVL,NP_000009.1,647,M,Eulemur rufifrons,XP_069338073.1,8,F,F,match
ACADVL,NP_000009.1,647,M,Eulemur rufifrons,XP_069338073.1,9,,,outside
ACADVL,NP_000009.1,647,M,Eulemur rufifrons,XP_069338073.1,10,,,outside
ACAT1,NP_000010.1,1,L,Mandrillus leucophaeus,XP_011840136.1,-10,-,M,gap
ACAT1,NP_000010.1,1,L,Mandrillus leucophaeus,XP_011840136.1,-9,-,P,gap
ACAT1,NP_000010.1,1,L,Mandrillus leucophaeus,XP_011840136.1,-8,-,L,gap
ACAT1,NP_000010.1,1,L,Mandrillus leucophaeus,XP_011840136.1,-7,-,Q,gap
ACAT1,NP_000010.1,1,L,Mandrillus leucophaeus,XP_011840136.1,-6,-,S,gap
ACAT1,NP_000010.1,1,L,Mandrillus leucophaeus,XP_011840136.1,-5,-,Q,gap
ACAT1,NP_000010.1,1,L,Mandrillus leucophaeus,XP_011840136.1,-4,-,E,gap
ACAT1,NP_000010.1,1,L,Mandrillus leucophaeus,XP_011840136.1,-3,-,H,gap
ACAT1,NP_000010.1,1,L,Mandrillus leucophaeus,XP_011840136.1,-2,-,Q,gap
ACAT1,NP_000010.1,1,L,Mandrillus leucophaeus,XP_011840136.1,-1,-,G,gap
ACAT1,NP_000010.1,1,L,Mandrillus leucophaeus,XP_011840136.1,0,M,L,CPD
ACAT1,NP_000010.1,1,L,Mandrillus leucophaeus,XP_011840136.1,1,A,P,different
ACAT1,NP_000010.1,1,L,Mandrillus leucophaeus,XP_011840136.1,2,V,T,different
ACAT1,NP_000010.1,1,L,Mandrillus leucophaeus,XP_011840136.1,3,L,T,different
ACAT1,NP_000010.1,1,L,Mandrillus leucophaeus,XP_011840136.1,4,A,T,different
ACAT1,NP_000010.1,1,L,Mandrillus leucophaeus,XP_011840136.1,5,A,T,different
ACAT1,NP_000010.1,1,L,Mandrillus leucophaeus,XP_011840136.1,6,L,I,different
ACAT1,NP_000010.1,1,L,Mandrillus leucophaeus,XP_011840136.1,7,L,S,different
ACAT1,NP_000010.1,1,L,Mandrillus leucophaeus,XP_011840136.1,8,R,E,different
ACAT1,NP_000010.1,1,L,Mandrillus leucophaeus,XP_011840136.1,9,S,G,different
ACAT1,NP_000010.1,1,L,Mandrillus leucophaeus,XP_011840136.1,10,G,G,match
ACAT1,NP_000010.1,1,L,Mandrillus leucophaeus,XP_011840136.1,-10,-,M,gap
ACAT1,NP_000010.1,1,L,Mandrillus leucophaeus,XP_011840136.1,-9,-,P,gap
ACAT1,NP_000010.1,1,L,Mandrillus leucophaeus,XP_011840136.1,-8,-,L,gap
ACAT1,NP_000010.1,1,L,Mandrillus leucophaeus,XP_011840136.1,-7,-,Q,gap
ACAT1,NP_000010.1,1,L,Mandrillus leucophaeus,XP_011840136.1,-6,-,S,gap
ACAT1,NP_000010.1,1,L,Mandrillus leucophaeus,XP_011840136.1,-5,-,Q,gap
ACAT1,NP_000010.1,1,L,Mandrillus leucophaeus,XP_011840136.1,-4,-,E,gap
ACAT1,NP_000010.1,1,L,Mandrillus leucophaeus,XP_011840136.1,-3,-,H,gap
ACAT1,NP_000010.1,1,L,Mandrillus leucophaeus,XP_011840136.1,-2,-,Q,gap
ACAT1,NP_000010.1,1,L,Mandrillus leucophaeus,XP_011840136.1,-1,-,G,gap
ACAT1,NP_000010.1,1,L,Mandrillus leucophaeus,XP_011840136.1,0,M,L,CPD
ACAT1,NP_000010.1,1,L,Mandrillus leucophaeus,XP_011840136.1,1,A,P,different
ACAT1,NP_000010.1,1,L,Mandrillus leucophaeus,XP_011840136.1,2,V,T,different
ACAT1,NP_000010.1,1,L,Mandrillus leucophaeus,XP_011840136.1,3,L,T,different
ACAT1,NP_000010.1,1,L,Mandrillus leucophaeus,XP_011840136.1,4,A,T,different
ACAT1,NP_000010.1,1,L,Mandrillus leucophaeus,XP_011840136.1,5,A,T,different
ACAT1,NP_000010.1,1,L,Mandrillus leucophaeus,XP_011840136.1,6,L,I,different
ACAT1,NP_000010.1,1,L,Mandrillus leucophaeus,XP_011840136.1,7,L,S,different
ACAT1,NP_000010.1,1,L,Mandrillus leucophaeus,XP_011840136.1,8,R,E,different
ACAT1,NP_000010.1,1,L,Mandrillus leucophaeus,XP_011840136.1,9,S,G,different
ACAT1,NP_000010.1,1,L,Mandrillus leucophaeus,XP_011840136.1,10,G,G,match
ADA,NP_000013.2,15,P,Rhinopithecus bieti,XP_017733490.1,-10,-,S,gap
ADA,NP_000013.2,15,P,Rhinopithecus bieti,XP_017733490.1,-9,-,I,gap
ADA,NP_000013.2,15,P,Rhinopithecus bieti,XP_017733490.1,-8,-,S,gap
ADA,NP_000013.2,15,P,Rhinopithecus bieti,XP_017733490.1,-7,-,Q,gap
ADA,NP_000013.2,15,P,Rhinopithecus bieti,XP_017733490.1,-6,-,N,gap
ADA,NP_000013.2,15,P,Rhinopithecus bieti,XP_017733490.1,-5,P,P,match
ADA,NP_000013.2,15,P,Rhinopithecus bieti,XP_017733490.1,-4,K,V,different
ADA,NP_000013.2,15,P,Rhinopithecus bieti,XP_017733490.1,-3,V,I,different
ADA,NP_000013.2,15,P,Rhinopithecus bieti,XP_017733490.1,-2,E,Q,different
ADA,NP_000013.2,15,P,Rhinopithecus bieti,XP_017733490.1,-1,L,R,different
ADA,NP_000013.2,15,P,Rhinopithecus bieti,XP_017733490.1,0,H,P,CPD
ADA,NP_000013.2,15,P,Rhinopithecus bieti,XP_017733490.1,1,V,A,different
ADA,NP_000013.2,15,P,Rhinopithecus bieti,XP_017733490.1,2,H,P,different
ADA,NP_000013.2,15,P,Rhinopithecus bieti,XP_017733490.1,3,L,V,different
ADA,NP_000013.2,15,P,Rhinopithecus bieti,XP_017733490.1,4,D,G,different
ADA,NP_000013.2,15,P,Rhinopithecus bieti,XP_017733490.1,5,-,R,gap
ADA,NP_000013.2,15,P,Rhinopithecus bieti,XP_017733490.1,6,-,T,gap
ADA,NP_000013.2,15,P,Rhinopithecus bieti,XP_017733490.1,7,-,R,gap
ADA,NP_000013.2,15,P,Rhinopithecus bieti,XP_017733490.1,8,-,D,gap
ADA,NP_000013.2,15,P,Rhinopithecus bieti,XP_017733490.1,9,-,L,gap
ADA,NP_000013.2,15,P,Rhinopithecus bieti,XP_017733490.1,10,-,W,gap
ADA,NP_000013.2,17,P,Rhinopithecus bieti,XP_017733490.1,-10,-,S,gap
ADA,NP_000013.2,17,P,Rhinopithecus bieti,XP_017733490.1,-9,-,Q,gap
ADA,NP_000013.2,17,P,Rhinopithecus bieti,XP_017733490.1,-8,-,N,gap
ADA,NP_000013.2,17,P,Rhinopithecus bieti,XP_017733490.1,-7,P,P,match
ADA,NP_000013.2,17,P,Rhinopithecus bieti,XP_017733490.1,-6,K,V,different
ADA,NP_000013.2,17,P,Rhinopithecus bieti,XP_017733490.1,-5,V,I,different
ADA,NP_000013.2,17,P,Rhinopithecus bieti,XP_017733490.1,-4,E,Q,different
ADA,NP_000013.2,17,P,Rhinopithecus bieti,XP_017733490.1,-3,L,R,different
ADA,NP_000013.2,17,P,Rhinopithecus bieti,XP_017733490.1,-2,H,P,different
ADA,NP_000013.2,17,P,Rhinopithecus bieti,XP_017733490.1,-1,V,A,different
ADA,NP_000013.2,17,P,Rhinopithecus bieti,XP_017733490.1,0,H,P,CPD
ADA,NP_000013.2,17,P,Rhinopithecus bieti,XP_017733490.1,1,L,V,different
ADA,NP_000013.2,17,P,Rhinopithecus bieti,XP_017733490.1,2,D,G,different
ADA,NP_000013.2,17,P,Rhinopithecus bieti,XP_017733490.1,3,-,R,gap
ADA,NP_000013.2,17,P,Rhinopithecus bieti,XP_017733490.1,4,-,T,gap
ADA,NP_000013.2,17,P,Rhinopithecus bieti,XP_017733490.1,5,-,R,gap
ADA,NP_000013.2,17,P,Rhinopithecus bieti,XP_017733490.1,6,-,D,gap
ADA,NP_000013.2,17,P,Rhinopithecus bieti,XP_017733490.1,7,-,L,gap
ADA,NP_000013.2,17,P,Rhinopithecus bieti,XP_017733490.1,8,-,W,gap
ADA,NP_000013.2,17,P,Rhinopithecus bieti,XP_017733490.1,9,-,G,gap
ADA,NP_000013.2,17,P,Rhinopithecus bieti,XP_017733490.1,10,-,L,gap
AGXT,NP_000021.1,156,A,Otolemur garnettii,XP_003798296.1,-10,H,H,match
AGXT,NP_000021.1,156,A,Otolemur garnettii,XP_003798296.1,-9,K,K,match
AGXT,NP_000021.1,156,A,Otolemur garnettii,XP_003798296.1,-8,P,P,match
AGXT,NP_000021.1,156,A,Otolemur garnettii,XP_003798296.1,-7,V,V,match
AGXT,NP_000021.1,156,A,Otolemur garnettii,XP_003798296.1,-6,L,L,match
AGXT,NP_000021.1,156,A,Otolemur garnettii,XP_003798296.1,-5,L,L,match
AGXT,NP_000021.1,156,A,Otolemur garnettii,XP_003798296.1,-4,F,F,match
AGXT,NP_000021.1,156,A,Otolemur garnettii,XP_003798296.1,-3,L,L,match
AGXT,NP_000021.1,156,A,Otolemur garnettii,XP_003798296.1,-2,T,A,different
AGXT,NP_000021.1,156,A,Otolemur garnettii,XP_003798296.1,-1,H,H,match
AGXT,NP_000021.1,156,A,Otolemur garnettii,XP_003798296.1,0,G,A,CPD
AGXT,NP_000021.1,156,A,Otolemur garnettii,XP_003798296.1,1,E,E,match
AGXT,NP_000021.1,156,A,Otolemur garnettii,XP_003798296.1,2,S,S,match
AGXT,NP_000021.1,156,A,Otolemur garnettii,XP_003798296.1,3,S,S,match
AGXT,NP_000021.1,156,A,Otolemur garnettii,XP_003798296.1,4,T,T,match
AGXT,NP_000021.1,156,A,Otolemur garnettii,XP_003798296.1,5,G,G,match
AGXT,NP_000021.1,156,A,Otolemur garnettii,XP_003798296.1,6,V,V,match
AGXT,NP_000021.1,156,A,Otolemur garnettii,XP_003798296.1,7,L,L,match
AGXT,NP_000021.1,156,A,Otolemur garnettii,XP_003798296.1,8,Q,Q,match
AGXT,NP_000021.1,156,A,Otolemur garnettii,XP_003798296.1,9,P,P,match
AGXT,NP_000021.1,156,A,Otolemur garnettii,XP_003798296.1,10,L,L,match
AGXT,NP_000021.1,260,C,Rhinopithecus bieti,XP_017716141.1,-10,F,F,match
AGXT,NP_000021.1,260,C,Rhinopithecus bieti,XP_017716141.1,-9,W,W,match
AGXT,NP_000021.1,260,C,Rhinopithecus bieti,XP_017716141.1,-8,G,G,match
AGXT,NP_000021.1,260,C,Rhinopithecus bieti,XP_017716141.1,-7,C,C,match
AGXT,NP_000021.1,260,C,Rhinopithecus bieti,XP_017716141.1,-6,D,D,match
AGXT,NP_000021.1,260,C,Rhinopithecus bieti,XP_017716141.1,-5,D,D,match
AGXT,NP_000021.1,260,C,Rhinopithecus bieti,XP_017716141.1,-4,Q,Q,match
AGXT,NP_000021.1,260,C,Rhinopithecus bieti,XP_017716141.1,-3,P,P,match
AGXT,NP_000021.1,260,C,Rhinopithecus bieti,XP_017716141.1,-2,R,R,match
AGXT,NP_000021.1,260,C,Rhinopithecus bieti,XP_017716141.1,-1,M,M,match
AGXT,NP_000021.1,260,C,Rhinopithecus bieti,XP_017716141.1,0,Y,C,CPD
AGXT,NP_000021.1,260,C,Rhinopithecus bieti,XP_017716141.1,1,H,N,different
AGXT,NP_000021.1,260,C,Rhinopithecus bieti,XP_017716141.1,2,-,H,gap
AGXT,NP_000021.1,260,C,Rhinopithecus bieti,XP_017716141.1,3,-,Q,gap
AGXT,NP_000021.1,260,C,Rhinopithecus bieti,XP_017716141.1,4,-,P,gap
AGXT,NP_000021.1,260,C,Rhinopithecus bieti,XP_017716141.1,5,-,R,gap
AGXT,NP_000021.1,260,C,Rhinopithecus bieti,XP_017716141.1,6,H,H,match
AGXT,NP_000021.1,260,C,Rhinopithecus bieti,XP_017716141.1,7,T,T,match
AGXT,NP_000021.1,260,C,Rhinopithecus bieti,XP_017716141.1,8,I,D,different
AGXT,NP_000021.1,260,C,Rhinopithecus bieti,XP_017716141.1,9,P,P,match
AGXT,NP_000021.1,260,C,Rhinopithecus bieti,XP_017716141.1,10,V,R,different
AGXT,NP_000021.1,82,A,Pongo pygmaeus,XP_054334986.2,-10,N,N,match
AGXT,NP_000021.1,82,A,Pongo pygmaeus,XP_054334986.2,-9,P,P,match
AGXT,NP_000021.1,82,A,Pongo pygmaeus,XP_054334986.2,-8,L,L,match
AGXT,NP_000021.1,82,A,Pongo pygmaeus,XP_054334986.2,-7,T,T,match
AGXT,NP_000021.1,82,A,Pongo pygmaeus,XP_054334986.2,-6,L,L,match
AGXT,NP_000021.1,82,A,Pongo pygmaeus,XP_054334986.2,-5,V,V,match
AGXT,NP_000021.1,82,A,Pongo pygmaeus,XP_054334986.2,-4,I,I,match
AGXT,NP_000021.1,82,A,Pongo pygmaeus,XP_054334986.2,-3,S,S,match
AGXT,NP_000021.1,82,A,Pongo pygmaeus,XP_054334986.2,-2,G,G,match
AGXT,NP_000021.1,82,A,Pongo pygmaeus,XP_054334986.2,-1,S,S,match
AGXT,NP_000021.1,82,A,Pongo pygmaeus,XP_054334986.2,0,G,A,CPD
AGXT,NP_000021.1,82,A,Pongo pygmaeus,XP_054334986.2,1,H,H,match
AGXT,NP_000021.1,82,A,Pongo pygmaeus,XP_054334986.2,2,C,C,match
AGXT,NP_000021.1,82,A,Pongo pygmaeus,XP_054334986.2,3,A,A,match
AGXT,NP_000021.1,82,A,Pongo pygmaeus,XP_054334986.2,4,L,L,match
AGXT,NP_000021.1,82,A,Pongo pygmaeus,XP_054334986.2,5,E,E,match
AGXT,NP_000021.1,82,A,Pongo pygmaeus,XP_054334986.2,6,A,A,match
AGXT,NP_000021.1,82,A,Pongo pygmaeus,XP_054334986.2,7,A,A,match
AGXT,NP_000021.1,82,A,Pongo pygmaeus,XP_054334986.2,8,L,L,match
AGXT,NP_000021.1,82,A,Pongo pygmaeus,XP_054334986.2,9,V,V,match
AGXT,NP_000021.1,82,A,Pongo pygmaeus,XP_054334986.2,10,N,N,match
AGXT,NP_000021.1,82,A,Pongo abelii,NP_001125018.1,-10,N,N,match
AGXT,NP_000021.1,82,A,Pongo abelii,NP_001125018.1,-9,P,P,match
AGXT,NP_000021.1,82,A,Pongo abelii,NP_001125018.1,-8,L,L,match
AGXT,NP_000021.1,82,A,Pongo abelii,NP_001125018.1,-7,T,T,match
AGXT,NP_000021.1,82,A,Pongo abelii,NP_001125018.1,-6,L,L,match
AGXT,NP_000021.1,82,A,Pongo abelii,NP_001125018.1,-5,V,V,match
AGXT,NP_000021.1,82,A,Pongo abelii,NP_001125018.1,-4,I,I,match
AGXT,NP_000021.1,82,A,Pongo abelii,NP_001125018.1,-3,S,S,match
AGXT,NP_000021.1,82,A,Pongo abelii,NP_001125018.1,-2,G,G,match
AGXT,NP_000021.1,82,A,Pongo abelii,NP_001125018.1,-1,S,S,match
AGXT,NP_000021.1,82,A,Pongo abelii,NP_001125018.1,0,G,A,CPD
AGXT,NP_000021.1,82,A,Pongo abelii,NP_001125018.1,1,H,H,match
AGXT,NP_000021.1,82,A,Pongo abelii,NP_001125018.1,2,C,C,match
AGXT,NP_000021.1,82,A,Pongo abelii,NP_001125018.1,3,A,A,match
AGXT,NP_000021.1,82,A,Pongo abelii,NP_001125018.1,4,L,L,match
AGXT,NP_000021.1,82,A,Pongo abelii,NP_001125018.1,5,E,E,match
AGXT,NP_000021.1,82,A,Pongo abelii,NP_001125018.1,6,A,A,match
AGXT,NP_000021.1,82,A,Pongo abelii,NP_001125018.1,7,A,A,match
AGXT,NP_000021.1,82,A,Pongo abelii,NP_001125018.1,8,L,L,match
AGXT,NP_000021.1,82,A,Pongo abelii,NP_001125018.1,9,V,V,match
AGXT,NP_000021.1,82,A,Pongo abelii,NP_001125018.1,10,N,N,match
AHI1,NP_001128302.1,383,G,Propithecus coquereli,XP_012520629.1,-10,E,-,gap
AHI1,NP_001128302.1,383,G,Propithecus coquereli,XP_012520629.1,-9,H,-,gap
AHI1,NP_001128302.1,383,G,Propithecus coquereli,XP_012520629.1,-8,T,-,gap
AHI1,NP_001128302.1,383,G,Propithecus coquereli,XP_012520629.1,-7,G,-,gap
AHI1,NP_001128302.1,383,G,Propithecus coquereli,XP_012520629.1,-6,Q,-,gap
AHI1,NP_001128302.1,383,G,Propithecus coquereli,XP_012520629.1,-5,Y,-,gap
AHI1,NP_001128302.1,383,G,Propithecus coquereli,XP_012520629.1,-4,V,-,gap
AHI1,NP_001128302.1,383,G,Propithecus coquereli,XP_012520629.1,-3,K,-,gap
AHI1,NP_001128302.1,383,G,Propithecus coquereli,XP_012520629.1,-2,K,-,gap
AHI1,NP_001128302.1,383,G,Propithecus coquereli,XP_012520629.1,-1,D,-,gap
AHI1,NP_001128302.1,383,G,Propithecus coquereli,XP_012520629.1,0,D,G,CPD
AHI1,NP_001128302.1,383,G,Propithecus coquereli,XP_012520629.1,1,S,F,different
AHI1,NP_001128302.1,383,G,Propithecus coquereli,XP_012520629.1,2,G,E,different
AHI1,NP_001128302.1,383,G,Propithecus coquereli,XP_012520629.1,3,R,R,match
AHI1,NP_001128302.1,383,G,Propithecus coquereli,XP_012520629.1,4,P,P,match
AHI1,NP_001128302.1,383,G,Propithecus coquereli,XP_012520629.1,5,V,V,match
AHI1,NP_001128302.1,383,G,Propithecus coquereli,XP_012520629.1,6,S,S,match
AHI1,NP_001128302.1,383,G,Propithecus coquereli,XP_012520629.1,7,S,S,match
AHI1,NP_001128302.1,383,G,Propithecus coquereli,XP_012520629.1,8,Y,Y,match
AHI1,NP_001128302.1,383,G,Propithecus coquereli,XP_012520629.1,9,Y,Y,match
AHI1,NP_001128302.1,383,G,Propithecus coquereli,XP_012520629.1,10,E,E,match
AIRE,NP_000374.1,21,V,Colobus angolensis palliatus,XP_011809621.1,-10,L,V,different
AIRE,NP_000374.1,21,V,Colobus angolensis palliatus,XP_011809621.1,-9,R,H,different
AIRE,NP_000374.1,21,V,Colobus angolensis palliatus,XP_011809621.1,-8,L,Q,different
AIRE,NP_000374.1,21,V,Colobus angolensis palliatus,XP_011809621.1,-7,H,D,different
AIRE,NP_000374.1,21,V,Colobus angolensis palliatus,XP_011809621.1,-6,R,R,match
AIRE,NP_000374.1,21,V,Colobus angolensis palliatus,XP_011809621.1,-5,T,C,different
AIRE,NP_000374.1,21,V,Colobus angolensis palliatus,XP_011809621.1,-4,E,G,different
AIRE,NP_000374.1,21,V,Colobus angolensis palliatus,XP_011809621.1,-3,I,A,different
AIRE,NP_000374.1,21,V,Colobus angolensis palliatus,XP_011809621.1,-2,A,A,match
AIRE,NP_000374.1,21,V,Colobus angolensis palliatus,XP_011809621.1,-1,V,Q,different
AIRE,NP_000374.1,21,V,Colobus angolensis palliatus,XP_011809621.1,0,A,V,CPD
AIRE,NP_000374.1,21,V,Colobus angolensis palliatus,XP_011809621.1,1,V,T,different
AIRE,NP_000374.1,21,V,Colobus angolensis palliatus,XP_011809621.1,2,D,S,different
AIRE,NP_000374.1,21,V,Colobus angolensis palliatus,XP_011809621.1,3,S,T,different
AIRE,NP_000374.1,21,V,Colobus angolensis palliatus,XP_011809621.1,4,A,S,different
AIRE,NP_000374.1,21,V,Colobus angolensis palliatus,XP_011809621.1,5,F,A,different
AIRE,NP_000374.1,21,V,Colobus angolensis palliatus,XP_011809621.1,6,P,W,different
AIRE,NP_000374.1,21,V,Colobus angolensis palliatus,XP_011809621.1,7,L,E,different
AIRE,NP_000374.1,21,V,Colobus angolensis palliatus,XP_011809621.1,8,L,L,match
AIRE,NP_000374.1,21,V,Colobus angolensis palliatus,XP_011809621.1,9,H,H,match
AIRE,NP_000374.1,21,V,Colobus angolensis palliatus,XP_011809621.1,10,A,P,different
AIRE,NP_000374.1,1,T,Eulemur rufifrons,XP_069332773.1,-10,-,T,gap
AIRE,NP_000374.1,1,T,Eulemur rufifrons,XP_069332773.1,-9,-,A,gap
AIRE,NP_000374.1,1,T,Eulemur rufifrons,XP_069332773.1,-8,-,P,gap
AIRE,NP_000374.1,1,T,Eulemur rufifrons,XP_069332773.1,-7,-,P,gap
AIRE,NP_000374.1,1,T,Eulemur rufifrons,XP_069332773.1,-6,-,D,gap
AIRE,NP_000374.1,1,T,Eulemur rufifrons,XP_069332773.1,-5,-,R,gap
AIRE,NP_000374.1,1,T,Eulemur rufifrons,XP_069332773.1,-4,-,D,gap
AIRE,NP_000374.1,1,T,Eulemur rufifrons,XP_069332773.1,-3,-,P,gap
AIRE,NP_000374.1,1,T,Eulemur rufifrons,XP_069332773.1,-2,-,E,gap
AIRE,NP_000374.1,1,T,Eulemur rufifrons,XP_069332773.1,-1,-,P,gap
AIRE,NP_000374.1,1,T,Eulemur rufifrons,XP_069332773.1,0,M,T,CPD
AIRE,NP_000374.1,1,T,Eulemur rufifrons,XP_069332773.1,1,A,A,match
AIRE,NP_000374.1,1,T,Eulemur rufifrons,XP_069332773.1,2,T,M,different
AIRE,NP_000374.1,1,T,Eulemur rufifrons,XP_069332773.1,3,D,A,different
AIRE,NP_000374.1,1,T,Eulemur rufifrons,XP_069332773.1,4,A,G,different
AIRE,NP_000374.1,1,T,Eulemur rufifrons,XP_069332773.1,5,A,E,different
AIRE,NP_000374.1,1,T,Eulemur rufifrons,XP_069332773.1,6,L,L,match
AIRE,NP_000374.1,1,T,Eulemur rufifrons,XP_069332773.1,7,R,R,match
AIRE,NP_000374.1,1,T,Eulemur rufifrons,XP_069332773.1,8,R,R,match
AIRE,NP_000374.1,1,T,Eulemur rufifrons,XP_069332773.1,9,L,L,match
AIRE,NP_000374.1,1,T,Eulemur rufifrons,XP_069332773.1,10,L,L,match
ALMS1,NP_001365383.1,2378,F,Nycticebus coucang,XP_053444271.1,-10,S,R,different
ALMS1,NP_001365383.1,2378,F,Nycticebus coucang,XP_053444271.1,-9,K,K,match
ALMS1,NP_001365383.1,2378,F,Nycticebus coucang,XP_053444271.1,-8,V,A,different
ALMS1,NP_001365383.1,2378,F,Nycticebus coucang,XP_053444271.1,-7,S,S,match
ALMS1,NP_001365383.1,2378,F,Nycticebus coucang,XP_053444271.1,-6,M,V,different
ALMS1,NP_001365383.1,2378,F,Nycticebus coucang,XP_053444271.1,-5,A,A,match
ALMS1,NP_001365383.1,2378,F,Nycticebus coucang,XP_053444271.1,-4,L,L,match
ALMS1,NP_001365383.1,2378,F,Nycticebus coucang,XP_053444271.1,-3,E,E,match
ALMS1,NP_001365383.1,2378,F,Nycticebus coucang,XP_053444271.1,-2,E,E,match
ALMS1,NP_001365383.1,2378,F,Nycticebus coucang,XP_053444271.1,-1,T,T,match
ALMS1,NP_001365383.1,2378,F,Nycticebus coucang,XP_053444271.1,0,L,F,CPD
ALMS1,NP_001365383.1,2378,F,Nycticebus coucang,XP_053444271.1,1,R,R,match
ALMS1,NP_001365383.1,2378,F,Nycticebus coucang,XP_053444271.1,2,Q,Q,match
ALMS1,NP_001365383.1,2378,F,Nycticebus coucang,XP_053444271.1,3,Y,Y,match
ALMS1,NP_001365383.1,2378,F,Nycticebus coucang,XP_053444271.1,4,Q,E,different
ALMS1,NP_001365383.1,2378,F,Nycticebus coucang,XP_053444271.1,5,A,A,match
ALMS1,NP_001365383.1,2378,F,Nycticebus coucang,XP_053444271.1,6,A,A,match
ALMS1,NP_001365383.1,2378,F,Nycticebus coucang,XP_053444271.1,7,K,K,match
ALMS1,NP_001365383.1,2378,F,Nycticebus coucang,XP_053444271.1,8,S,C,different
ALMS1,NP_001365383.1,2378,F,Nycticebus coucang,XP_053444271.1,9,V,V,match
ALMS1,NP_001365383.1,2378,F,Nycticebus coucang,XP_053444271.1,10,M,M,match
ALMS1,NP_001365383.1,2378,F,Otolemur garnettii,XP_023371049.1,-10,S,H,different
ALMS1,NP_001365383.1,2378,F,Otolemur garnettii,XP_023371049.1,-9,K,K,match
ALMS1,NP_001365383.1,2378,F,Otolemur garnettii,XP_023371049.1,-8,V,A,different
ALMS1,NP_001365383.1,2378,F,Otolemur garnettii,XP_023371049.1,-7,S,H,different
ALMS1,NP_001365383.1,2378,F,Otolemur garnettii,XP_023371049.1,-6,M,V,different
ALMS1,NP_001365383.1,2378,F,Otolemur garnettii,XP_023371049.1,-5,A,A,match
ALMS1,NP_001365383.1,2378,F,Otolemur garnettii,XP_023371049.1,-4,L,L,match
ALMS1,NP_001365383.1,2378,F,Otolemur garnettii,XP_023371049.1,-3,E,E,match
ALMS1,NP_001365383.1,2378,F,Otolemur garnettii,XP_023371049.1,-2,E,E,match
ALMS1,NP_001365383.1,2378,F,Otolemur garnettii,XP_023371049.1,-1,T,T,match
ALMS1,NP_001365383.1,2378,F,Otolemur garnettii,XP_023371049.1,0,L,F,CPD
ALMS1,NP_001365383.1,2378,F,Otolemur garnettii,XP_023371049.1,1,R,R,match
ALMS1,NP_001365383.1,2378,F,Otolemur garnettii,XP_023371049.1,2,Q,Q,match
ALMS1,NP_001365383.1,2378,F,Otolemur garnettii,XP_023371049.1,3,Y,Y,match
ALMS1,NP_001365383.1,2378,F,Otolemur garnettii,XP_023371049.1,4,Q,E,different
ALMS1,NP_001365383.1,2378,F,Otolemur garnettii,XP_023371049.1,5,A,A,match
ALMS1,NP_001365383.1,2378,F,Otolemur garnettii,XP_023371049.1,6,A,A,match
ALMS1,NP_001365383.1,2378,F,Otolemur garnettii,XP_023371049.1,7,K,K,match
ALMS1,NP_001365383.1,2378,F,Otolemur garnettii,XP_023371049.1,8,S,C,different
ALMS1,NP_001365383.1,2378,F,Otolemur garnettii,XP_023371049.1,9,V,V,match
ALMS1,NP_001365383.1,2378,F,Otolemur garnettii,XP_023371049.1,10,M,M,match
ALMS1,NP_001365383.1,1155,Y,Carlito syrichta,XP_008054818.1,-10,S,W,different
ALMS1,NP_001365383.1,1155,Y,Carlito syrichta,XP_008054818.1,-9,Q,-,gap
ALMS1,NP_001365383.1,1155,Y,Carlito syrichta,XP_008054818.1,-8,H,H,match
ALMS1,NP_001365383.1,1155,Y,Carlito syrichta,XP_008054818.1,-7,R,G,different
ALMS1,NP_001365383.1,1155,Y,Carlito syrichta,XP_008054818.1,-6,E,K,different
ALMS1,NP_001365383.1,1155,Y,Carlito syrichta,XP_008054818.1,-5,K,K,match
ALMS1,NP_001365383.1,1155,Y,Carlito syrichta,XP_008054818.1,-4,P,P,match
ALMS1,NP_001365383.1,1155,Y,Carlito syrichta,XP_008054818.1,-3,S,D,different
ALMS1,NP_001365383.1,1155,Y,Carlito syrichta,XP_008054818.1,-2,I,I,match
ALMS1,NP_001365383.1,1155,Y,Carlito syrichta,XP_008054818.1,-1,F,F,match
ALMS1,NP_001365383.1,1155,Y,Carlito syrichta,XP_008054818.1,0,H,Y,CPD
ALMS1,NP_001365383.1,1155,Y,Carlito syrichta,XP_008054818.1,1,Q,Q,match
ALMS1,NP_001365383.1,1155,Y,Carlito syrichta,XP_008054818.1,2,Q,Q,match
ALMS1,NP_001365383.1,1155,Y,Carlito syrichta,XP_008054818.1,3,A,V,different
ALMS1,NP_001365383.1,1155,Y,Carlito syrichta,XP_008054818.1,4,L,L,match
ALMS1,NP_001365383.1,1155,Y,Carlito syrichta,XP_008054818.1,5,P,P,match
ALMS1,NP_001365383.1,1155,Y,Carlito syrichta,XP_008054818.1,6,G,D,different
ALMS1,NP_001365383.1,1155,Y,Carlito syrichta,XP_008054818.1,7,T,S,different
ALMS1,NP_001365383.1,1155,Y,Carlito syrichta,XP_008054818.1,8,H,H,match
ALMS1,NP_001365383.1,1155,Y,Carlito syrichta,XP_008054818.1,9,I,L,different
ALMS1,NP_001365383.1,1155,Y,Carlito syrichta,XP_008054818.1,10,P,S,different
ALMS1,NP_001365383.1,1155,Y,Nycticebus coucang,XP_053444271.1,-10,S,S,match
ALMS1,NP_001365383.1,1155,Y,Nycticebus coucang,XP_053444271.1,-9,Q,Q,match
ALMS1,NP_001365383.1,1155,Y,Nycticebus coucang,XP_053444271.1,-8,H,-,gap
ALMS1,NP_001365383.1,1155,Y,Nycticebus coucang,XP_053444271.1,-7,R,A,different
ALMS1,NP_001365383.1,1155,Y,Nycticebus coucang,XP_053444271.1,-6,E,E,match
ALMS1,NP_001365383.1,1155,Y,Nycticebus coucang,XP_053444271.1,-5,K,N,different
ALMS1,NP_001365383.1,1155,Y,Nycticebus coucang,XP_053444271.1,-4,P,P,match
ALMS1,NP_001365383.1,1155,Y,Nycticebus coucang,XP_053444271.1,-3,S,I,different
ALMS1,NP_001365383.1,1155,Y,Nycticebus coucang,XP_053444271.1,-2,I,V,different
ALMS1,NP_001365383.1,1155,Y,Nycticebus coucang,XP_053444271.1,-1,F,F,match
ALMS1,NP_001365383.1,1155,Y,Nycticebus coucang,XP_053444271.1,0,H,Y,CPD
ALMS1,NP_001365383.1,1155,Y,Nycticebus coucang,XP_053444271.1,1,Q,Q,match
ALMS1,NP_001365383.1,1155,Y,Nycticebus coucang,XP_053444271.1,2,Q,Q,match
ALMS1,NP_001365383.1,1155,Y,Nycticebus coucang,XP_053444271.1,3,A,S,different
ALMS1,NP_001365383.1,1155,Y,Nycticebus coucang,XP_053444271.1,4,L,L,match
ALMS1,NP_001365383.1,1155,Y,Nycticebus coucang,XP_053444271.1,5,P,P,match
ALMS1,NP_001365383.1,1155,Y,Nycticebus coucang,XP_053444271.1,6,G,D,different
ALMS1,NP_001365383.1,1155,Y,Nycticebus coucang,XP_053444271.1,7,T,S,different
ALMS1,NP_001365383.1,1155,Y,Nycticebus coucang,XP_053444271.1,8,H,H,match
ALMS1,NP_001365383.1,1155,Y,Nycticebus coucang,XP_053444271.1,9,I,L,different
ALMS1,NP_001365383.1,1155,Y,Nycticebus coucang,XP_053444271.1,10,P,T,different
ALMS1,NP_001365383.1,1155,Y,Otolemur garnettii,XP_023371049.1,-10,S,S,match
ALMS1,NP_001365383.1,1155,Y,Otolemur garnettii,XP_023371049.1,-9,Q,Q,match
ALMS1,NP_001365383.1,1155,Y,Otolemur garnettii,XP_023371049.1,-8,H,-,gap
ALMS1,NP_001365383.1,1155,Y,Otolemur garnettii,XP_023371049.1,-7,R,A,different
ALMS1,NP_001365383.1,1155,Y,Otolemur garnettii,XP_023371049.1,-6,E,E,match
ALMS1,NP_001365383.1,1155,Y,Otolemur garnettii,XP_023371049.1,-5,K,N,different
ALMS1,NP_001365383.1,1155,Y,Otolemur garnettii,XP_023371049.1,-4,P,P,match
ALMS1,NP_001365383.1,1155,Y,Otolemur garnettii,XP_023371049.1,-3,S,I,different
ALMS1,NP_001365383.1,1155,Y,Otolemur garnettii,XP_023371049.1,-2,I,V,different
ALMS1,NP_001365383.1,1155,Y,Otolemur garnettii,XP_023371049.1,-1,F,F,match
ALMS1,NP_001365383.1,1155,Y,Otolemur garnettii,XP_023371049.1,0,H,Y,CPD
ALMS1,NP_001365383.1,1155,Y,Otolemur garnettii,XP_023371049.1,1,Q,P,different
ALMS1,NP_001365383.1,1155,Y,Otolemur garnettii,XP_023371049.1,2,Q,Q,match
ALMS1,NP_001365383.1,1155,Y,Otolemur garnettii,XP_023371049.1,3,A,S,different
ALMS1,NP_001365383.1,1155,Y,Otolemur garnettii,XP_023371049.1,4,L,L,match
ALMS1,NP_001365383.1,1155,Y,Otolemur garnettii,XP_023371049.1,5,P,P,match
ALMS1,NP_001365383.1,1155,Y,Otolemur garnettii,XP_023371049.1,6,G,D,different
ALMS1,NP_001365383.1,1155,Y,Otolemur garnettii,XP_023371049.1,7,T,G,different
ALMS1,NP_001365383.1,1155,Y,Otolemur garnettii,XP_023371049.1,8,H,H,match
ALMS1,NP_001365383.1,1155,Y,Otolemur garnettii,XP_023371049.1,9,I,L,different
ALMS1,NP_001365383.1,1155,Y,Otolemur garnettii,XP_023371049.1,10,P,T,different
ALMS1,NP_001365383.1,1155,Y,Microcebus murinus,XP_075857006.1,-10,S,S,match
ALMS1,NP_001365383.1,1155,Y,Microcebus murinus,XP_075857006.1,-9,Q,D,different
ALMS1,NP_001365383.1,1155,Y,Microcebus murinus,XP_075857006.1,-8,H,-,gap
ALMS1,NP_001365383.1,1155,Y,Microcebus murinus,XP_075857006.1,-7,R,R,match
ALMS1,NP_001365383.1,1155,Y,Microcebus murinus,XP_075857006.1,-6,E,E,match
ALMS1,NP_001365383.1,1155,Y,Microcebus murinus,XP_075857006.1,-5,K,K,match
ALMS1,NP_001365383.1,1155,Y,Microcebus murinus,XP_075857006.1,-4,P,P,match
ALMS1,NP_001365383.1,1155,Y,Microcebus murinus,XP_075857006.1,-3,S,G,different
ALMS1,NP_001365383.1,1155,Y,Microcebus murinus,XP_075857006.1,-2,I,I,match
ALMS1,NP_001365383.1,1155,Y,Microcebus murinus,XP_075857006.1,-1,F,F,match
ALMS1,NP_001365383.1,1155,Y,Microcebus murinus,XP_075857006.1,0,H,Y,CPD
ALMS1,NP_001365383.1,1155,Y,Microcebus murinus,XP_075857006.1,1,Q,H,different
ALMS1,NP_001365383.1,1155,Y,Microcebus murinus,XP_075857006.1,2,Q,Q,match
ALMS1,NP_001365383.1,1155,Y,Microcebus murinus,XP_075857006.1,3,A,I,different
ALMS1,NP_001365383.1,1155,Y,Microcebus murinus,XP_075857006.1,4,L,L,match
ALMS1,NP_001365383.1,1155,Y,Microcebus murinus,XP_075857006.1,5,P,V,different
ALMS1,NP_001365383.1,1155,Y,Microcebus murinus,XP_075857006.1,6,G,D,different
ALMS1,NP_001365383.1,1155,Y,Microcebus murinus,XP_075857006.1,7,T,S,different
ALMS1,NP_001365383.1,1155,Y,Microcebus murinus,XP_075857006.1,8,H,H,match
ALMS1,NP_001365383.1,1155,Y,Microcebus murinus,XP_075857006.1,9,I,L,different
ALMS1,NP_001365383.1,1155,Y,Microcebus murinus,XP_075857006.1,10,P,P,match
ALMS1,NP_001365383.1,1155,Y,Eulemur rufifrons,XP_069350271.1,-10,S,L,different
ALMS1,NP_001365383.1,1155,Y,Eulemur rufifrons,XP_069350271.1,-9,Q,D,different
ALMS1,NP_001365383.1,1155,Y,Eulemur rufifrons,XP_069350271.1,-8,H,-,gap
ALMS1,NP_001365383.1,1155,Y,Eulemur rufifrons,XP_069350271.1,-7,R,R,match
ALMS1,NP_001365383.1,1155,Y,Eulemur rufifrons,XP_069350271.1,-6,E,D,different
ALMS1,NP_001365383.1,1155,Y,Eulemur rufifrons,XP_069350271.1,-5,K,R,different
ALMS1,NP_001365383.1,1155,Y,Eulemur rufifrons,XP_069350271.1,-4,P,S,different
ALMS1,NP_001365383.1,1155,Y,Eulemur rufifrons,XP_069350271.1,-3,S,G,different
ALMS1,NP_001365383.1,1155,Y,Eulemur rufifrons,XP_069350271.1,-2,I,I,match
ALMS1,NP_001365383.1,1155,Y,Eulemur rufifrons,XP_069350271.1,-1,F,F,match
ALMS1,NP_001365383.1,1155,Y,Eulemur rufifrons,XP_069350271.1,0,H,Y,CPD
ALMS1,NP_001365383.1,1155,Y,Eulemur rufifrons,XP_069350271.1,1,Q,Q,match
ALMS1,NP_001365383.1,1155,Y,Eulemur rufifrons,XP_069350271.1,2,Q,Q,match
ALMS1,NP_001365383.1,1155,Y,Eulemur rufifrons,XP_069350271.1,3,A,T,different
ALMS1,NP_001365383.1,1155,Y,Eulemur rufifrons,XP_069350271.1,4,L,L,match
ALMS1,NP_001365383.1,1155,Y,Eulemur rufifrons,XP_069350271.1,5,P,A,different
ALMS1,NP_001365383.1,1155,Y,Eulemur rufifrons,XP_069350271.1,6,G,S,different
ALMS1,NP_001365383.1,1155,Y,Eulemur rufifrons,XP_069350271.1,7,T,G,different
ALMS1,NP_001365383.1,1155,Y,Eulemur rufifrons,XP_069350271.1,8,H,H,match
ALMS1,NP_001365383.1,1155,Y,Eulemur rufifrons,XP_069350271.1,9,I,I,match
ALMS1,NP_001365383.1,1155,Y,Eulemur rufifrons,XP_069350271.1,10,P,P,match
ALMS1,NP_001365383.1,1155,Y,Lemur catta,XP_045405824.1,-10,S,L,different
ALMS1,NP_001365383.1,1155,Y,Lemur catta,XP_045405824.1,-9,Q,D,different
ALMS1,NP_001365383.1,1155,Y,Lemur catta,XP_045405824.1,-8,H,-,gap
ALMS1,NP_001365383.1,1155,Y,Lemur catta,XP_045405824.1,-7,R,R,match
ALMS1,NP_001365383.1,1155,Y,Lemur catta,XP_045405824.1,-6,E,E,match
ALMS1,NP_001365383.1,1155,Y,Lemur catta,XP_045405824.1,-5,K,R,different
ALMS1,NP_001365383.1,1155,Y,Lemur catta,XP_045405824.1,-4,P,S,different
ALMS1,NP_001365383.1,1155,Y,Lemur catta,XP_045405824.1,-3,S,G,different
ALMS1,NP_001365383.1,1155,Y,Lemur catta,XP_045405824.1,-2,I,I,match
ALMS1,NP_001365383.1,1155,Y,Lemur catta,XP_045405824.1,-1,F,F,match
ALMS1,NP_001365383.1,1155,Y,Lemur catta,XP_045405824.1,0,H,Y,CPD
ALMS1,NP_001365383.1,1155,Y,Lemur catta,XP_045405824.1,1,Q,Q,match
ALMS1,NP_001365383.1,1155,Y,Lemur catta,XP_045405824.1,2,Q,Q,match
ALMS1,NP_001365383.1,1155,Y,Lemur catta,XP_045405824.1,3,A,T,different
ALMS1,NP_001365383.1,1155,Y,Lemur catta,XP_045405824.1,4,L,L,match
ALMS1,NP_001365383.1,1155,Y,Lemur catta,XP_045405824.1,5,P,A,different
ALMS1,NP_001365383.1,1155,Y,Lemur catta,XP_045405824.1,6,G,S,different
ALMS1,NP_001365383.1,1155,Y,Lemur catta,XP_045405824.1,7,T,S,different
ALMS1,NP_001365383.1,1155,Y,Lemur catta,XP_045405824.1,8,H,H,match
ALMS1,NP_001365383.1,1155,Y,Lemur catta,XP_045405824.1,9,I,I,match
ALMS1,NP_001365383.1,1155,Y,Lemur catta,XP_045405824.1,10,P,P,match
ALMS1,NP_001365383.1,2465,L,Carlito syrichta,XP_008054818.1,-10,S,S,match
ALMS1,NP_001365383.1,2465,L,Carlito syrichta,XP_008054818.1,-9,I,I,match
ALMS1,NP_001365383.1,2465,L,Carlito syrichta,XP_008054818.1,-8,T,T,match
ALMS1,NP_001365383.1,2465,L,Carlito syrichta,XP_008054818.1,-7,D,D,match
ALMS1,NP_001365383.1,2465,L,Carlito syrichta,XP_008054818.1,-6,S,S,match
ALMS1,NP_001365383.1,2465,L,Carlito syrichta,XP_008054818.1,-5,R,R,match
ALMS1,NP_001365383.1,2465,L,Carlito syrichta,XP_008054818.1,-4,E,E,match
ALMS1,NP_001365383.1,2465,L,Carlito syrichta,XP_008054818.1,-3,E,E,match
ALMS1,NP_001365383.1,2465,L,Carlito syrichta,XP_008054818.1,-2,E,E,match
ALMS1,NP_001365383.1,2465,L,Carlito syrichta,XP_008054818.1,-1,G,G,match
ALMS1,NP_001365383.1,2465,L,Carlito syrichta,XP_008054818.1,0,V,L,CPD
ALMS1,NP_001365383.1,2465,L,Carlito syrichta,XP_008054818.1,1,S,S,match
ALMS1,NP_001365383.1,2465,L,Carlito syrichta,XP_008054818.1,2,E,E,match
ALMS1,NP_001365383.1,2465,L,Carlito syrichta,XP_008054818.1,3,S,S,match
ALMS1,NP_001365383.1,2465,L,Carlito syrichta,XP_008054818.1,4,E,E,match
ALMS1,NP_001365383.1,2465,L,Carlito syrichta,XP_008054818.1,5,D,D,match
ALMS1,NP_001365383.1,2465,L,Carlito syrichta,XP_008054818.1,6,G,G,match
ALMS1,NP_001365383.1,2465,L,Carlito syrichta,XP_008054818.1,7,G,G,match
ALMS1,NP_001365383.1,2465,L,Carlito syrichta,XP_008054818.1,8,G,G,match
ALMS1,NP_001365383.1,2465,L,Carlito syrichta,XP_008054818.1,9,S,S,match
ALMS1,NP_001365383.1,2465,L,Carlito syrichta,XP_008054818.1,10,S,S,match
ALPL,NP_000469.3,51,V,Mandrillus leucophaeus,XP_011845537.1,-10,-,F,gap
ALPL,NP_000469.3,51,V,Mandrillus leucophaeus,XP_011845537.1,-9,-,Q,gap
ALPL,NP_000469.3,51,V,Mandrillus leucophaeus,XP_011845537.1,-8,-,K,gap
ALPL,NP_000469.3,51,V,Mandrillus leucophaeus,XP_011845537.1,-7,-,R,gap
ALPL,NP_000469.3,51,V,Mandrillus leucophaeus,XP_011845537.1,-6,-,E,gap
ALPL,NP_000469.3,51,V,Mandrillus leucophaeus,XP_011845537.1,-5,-,G,gap
ALPL,NP_000469.3,51,V,Mandrillus leucophaeus,XP_011845537.1,-4,-,G,gap
ALPL,NP_000469.3,51,V,Mandrillus leucophaeus,XP_011845537.1,-3,-,P,gap
ALPL,NP_000469.3,51,V,Mandrillus leucophaeus,XP_011845537.1,-2,N,G,different
ALPL,NP_000469.3,51,V,Mandrillus leucophaeus,XP_011845537.1,-1,V,A,different
ALPL,NP_000469.3,51,V,Mandrillus leucophaeus,XP_011845537.1,0,A,V,CPD
ALPL,NP_000469.3,51,V,Mandrillus leucophaeus,XP_011845537.1,1,K,R,different
ALPL,NP_000469.3,51,V,Mandrillus leucophaeus,XP_011845537.1,2,N,D,different
ALPL,NP_000469.3,51,V,Mandrillus leucophaeus,XP_011845537.1,3,V,P,different
ALPL,NP_000469.3,51,V,Mandrillus leucophaeus,XP_011845537.1,4,I,H,different
ALPL,NP_000469.3,51,V,Mandrillus leucophaeus,XP_011845537.1,5,M,S,different
ALPL,NP_000469.3,51,V,Mandrillus leucophaeus,XP_011845537.1,6,F,F,match
ALPL,NP_000469.3,51,V,Mandrillus leucophaeus,XP_011845537.1,7,L,K,different
ALPL,NP_000469.3,51,V,Mandrillus leucophaeus,XP_011845537.1,8,G,K,different
ALPL,NP_000469.3,51,V,Mandrillus leucophaeus,XP_011845537.1,9,-,A,gap
ALPL,NP_000469.3,51,V,Mandrillus leucophaeus,XP_011845537.1,10,-,P,gap
ALPL,NP_000469.3,82,R,Mandrillus leucophaeus,XP_011845537.1,-10,I,A,different
ALPL,NP_000469.3,82,R,Mandrillus leucophaeus,XP_011845537.1,-9,L,L,match
ALPL,NP_000469.3,82,R,Mandrillus leucophaeus,XP_011845537.1,-8,K,T,different
ALPL,NP_000469.3,82,R,Mandrillus leucophaeus,XP_011845537.1,-7,G,G,match
ALPL,NP_000469.3,82,R,Mandrillus leucophaeus,XP_011845537.1,-6,Q,S,different
ALPL,NP_000469.3,82,R,Mandrillus leucophaeus,XP_011845537.1,-5,L,C,different
ALPL,NP_000469.3,82,R,Mandrillus leucophaeus,XP_011845537.1,-4,H,S,different
ALPL,NP_000469.3,82,R,Mandrillus leucophaeus,XP_011845537.1,-3,H,P,different
ALPL,NP_000469.3,82,R,Mandrillus leucophaeus,XP_011845537.1,-2,N,R,different
ALPL,NP_000469.3,82,R,Mandrillus leucophaeus,XP_011845537.1,-1,P,P,match
ALPL,NP_000469.3,82,R,Mandrillus leucophaeus,XP_011845537.1,0,G,R,CPD
ALPL,NP_000469.3,82,R,Mandrillus leucophaeus,XP_011845537.1,1,E,E,match
ALPL,NP_000469.3,82,R,Mandrillus leucophaeus,XP_011845537.1,2,-,R,gap
ALPL,NP_000469.3,82,R,Mandrillus leucophaeus,XP_011845537.1,3,-,P,gap
ALPL,NP_000469.3,82,R,Mandrillus leucophaeus,XP_011845537.1,4,-,L,gap
ALPL,NP_000469.3,82,R,Mandrillus leucophaeus,XP_011845537.1,5,-,L,gap
ALPL,NP_000469.3,82,R,Mandrillus leucophaeus,XP_011845537.1,6,-,T,gap
ALPL,NP_000469.3,82,R,Mandrillus leucophaeus,XP_011845537.1,7,-,P,gap
ALPL,NP_000469.3,82,R,Mandrillus leucophaeus,XP_011845537.1,8,-,P,gap
ALPL,NP_000469.3,82,R,Mandrillus leucophaeus,XP_011845537.1,9,E,E,match
ALPL,NP_000469.3,82,R,Mandrillus leucophaeus,XP_011845537.1,10,T,P,different
ALPL,NP_000469.3,82,R,Mandrillus leucophaeus,XP_011845537.1,-10,I,A,different
ALPL,NP_000469.3,82,R,Mandrillus leucophaeus,XP_011845537.1,-9,L,L,match
ALPL,NP_000469.3,82,R,Mandrillus leucophaeus,XP_011845537.1,-8,K,T,different
ALPL,NP_000469.3,82,R,Mandrillus leucophaeus,XP_011845537.1,-7,G,G,match
ALPL,NP_000469.3,82,R,Mandrillus leucophaeus,XP_011845537.1,-6,Q,S,different
ALPL,NP_000469.3,82,R,Mandrillus leucophaeus,XP_011845537.1,-5,L,C,different
ALPL,NP_000469.3,82,R,Mandrillus leucophaeus,XP_011845537.1,-4,H,S,different
ALPL,NP_000469.3,82,R,Mandrillus leucophaeus,XP_011845537.1,-3,H,P,different
ALPL,NP_000469.3,82,R,Mandrillus leucophaeus,XP_011845537.1,-2,N,R,different
ALPL,NP_000469.3,82,R,Mandrillus leucophaeus,XP_011845537.1,-1,P,P,match
ALPL,NP_000469.3,82,R,Mandrillus leucophaeus,XP_011845537.1,0,G,R,CPD
ALPL,NP_000469.3,82,R,Mandrillus leucophaeus,XP_011845537.1,1,E,E,match
ALPL,NP_000469.3,82,R,Mandrillus leucophaeus,XP_011845537.1,2,-,R,gap
ALPL,NP_000469.3,82,R,Mandrillus leucophaeus,XP_011845537.1,3,-,P,gap
ALPL,NP_000469.3,82,R,Mandrillus leucophaeus,XP_011845537.1,4,-,L,gap
ALPL,NP_000469.3,82,R,Mandrillus leucophaeus,XP_011845537.1,5,-,L,gap
ALPL,NP_000469.3,82,R,Mandrillus leucophaeus,XP_011845537.1,6,-,T,gap
ALPL,NP_000469.3,82,R,Mandrillus leucophaeus,XP_011845537.1,7,-,P,gap
ALPL,NP_000469.3,82,R,Mandrillus leucophaeus,XP_011845537.1,8,-,P,gap
ALPL,NP_000469.3,82,R,Mandrillus leucophaeus,XP_011845537.1,9,E,E,match
ALPL,NP_000469.3,82,R,Mandrillus leucophaeus,XP_011845537.1,10,T,P,different
ALPL,NP_000469.3,85,P,Mandrillus leucophaeus,XP_011845537.1,-10,G,R,different
ALPL,NP_000469.3,85,P,Mandrillus leucophaeus,XP_011845537.1,-9,E,E,match
ALPL,NP_000469.3,85,P,Mandrillus leucophaeus,XP_011845537.1,-8,-,R,gap
ALPL,NP_000469.3,85,P,Mandrillus leucophaeus,XP_011845537.1,-7,-,P,gap
ALPL,NP_000469.3,85,P,Mandrillus leucophaeus,XP_011845537.1,-6,-,L,gap
ALPL,NP_000469.3,85,P,Mandrillus leucophaeus,XP_011845537.1,-5,-,L,gap
ALPL,NP_000469.3,85,P,Mandrillus leucophaeus,XP_011845537.1,-4,-,T,gap
ALPL,NP_000469.3,85,P,Mandrillus leucophaeus,XP_011845537.1,-3,-,P,gap
ALPL,NP_000469.3,85,P,Mandrillus leucophaeus,XP_011845537.1,-2,-,P,gap
ALPL,NP_000469.3,85,P,Mandrillus leucophaeus,XP_011845537.1,-1,E,E,match
ALPL,NP_000469.3,85,P,Mandrillus leucophaeus,XP_011845537.1,0,T,P,CPD
ALPL,NP_000469.3,85,P,Mandrillus leucophaeus,XP_011845537.1,1,R,H,different
ALPL,NP_000469.3,85,P,Mandrillus leucophaeus,XP_011845537.1,2,L,S,different
ALPL,NP_000469.3,85,P,Mandrillus leucophaeus,XP_011845537.1,3,E,S,different
ALPL,NP_000469.3,85,P,Mandrillus leucophaeus,XP_011845537.1,4,M,A,different
ALPL,NP_000469.3,85,P,Mandrillus leucophaeus,XP_011845537.1,5,D,G,different
ALPL,NP_000469.3,85,P,Mandrillus leucophaeus,XP_011845537.1,6,K,H,different
ALPL,NP_000469.3,85,P,Mandrillus leucophaeus,XP_011845537.1,7,F,F,match
ALPL,NP_000469.3,85,P,Mandrillus leucophaeus,XP_011845537.1,8,-,S,gap
ALPL,NP_000469.3,85,P,Mandrillus leucophaeus,XP_011845537.1,9,-,G,gap
ALPL,NP_000469.3,85,P,Mandrillus leucophaeus,XP_011845537.1,10,-,R,gap
ALPL,NP_000469.3,93,S,Cebus imitator,XP_037586579.1,-10,F,M,different
ALPL,NP_000469.3,93,S,Cebus imitator,XP_037586579.1,-9,-,-,gap
ALPL,NP_000469.3,93,S,Cebus imitator,XP_037586579.1,-8,-,-,gap
ALPL,NP_000469.3,93,S,Cebus imitator,XP_037586579.1,-7,-,-,gap
ALPL,NP_000469.3,93,S,Cebus imitator,XP_037586579.1,-6,-,-,gap
ALPL,NP_000469.3,93,S,Cebus imitator,XP_037586579.1,-5,-,-,gap
ALPL,NP_000469.3,93,S,Cebus imitator,XP_037586579.1,-4,-,-,gap
ALPL,NP_000469.3,93,S,Cebus imitator,XP_037586579.1,-3,-,-,gap
ALPL,NP_000469.3,93,S,Cebus imitator,XP_037586579.1,-2,-,-,gap
ALPL,NP_000469.3,93,S,Cebus imitator,XP_037586579.1,-1,-,-,gap
ALPL,NP_000469.3,93,S,Cebus imitator,XP_037586579.1,0,P,S,CPD
ALPL,NP_000469.3,93,S,Cebus imitator,XP_037586579.1,1,F,S,different
ALPL,NP_000469.3,93,S,Cebus imitator,XP_037586579.1,2,V,C,different
ALPL,NP_000469.3,93,S,Cebus imitator,XP_037586579.1,3,A,S,different
ALPL,NP_000469.3,93,S,Cebus imitator,XP_037586579.1,4,L,W,different
ALPL,NP_000469.3,93,S,Cebus imitator,XP_037586579.1,5,S,E,different
ALPL,NP_000469.3,93,S,Cebus imitator,XP_037586579.1,6,K,M,different
ALPL,NP_000469.3,93,S,Cebus imitator,XP_037586579.1,7,T,T,match
ALPL,NP_000469.3,93,S,Cebus imitator,XP_037586579.1,8,Y,Y,match
ALPL,NP_000469.3,93,S,Cebus imitator,XP_037586579.1,9,N,N,match
ALPL,NP_000469.3,93,S,Cebus imitator,XP_037586579.1,10,T,T,match
ALPL,NP_000469.3,295,L,Otolemur garnettii,XP_012657049.2,-10,Y,Y,match
ALPL,NP_000469.3,295,L,Otolemur garnettii,XP_012657049.2,-9,L,L,match
ALPL,NP_000469.3,295,L,Otolemur garnettii,XP_012657049.2,-8,L,L,match
ALPL,NP_000469.3,295,L,Otolemur garnettii,XP_012657049.2,-7,G,G,match
ALPL,NP_000469.3,295,L,Otolemur garnettii,XP_012657049.2,-6,L,L,match
ALPL,NP_000469.3,295,L,Otolemur garnettii,XP_012657049.2,-5,F,F,match
ALPL,NP_000469.3,295,L,Otolemur garnettii,XP_012657049.2,-4,E,E,match
ALPL,NP_000469.3,295,L,Otolemur garnettii,XP_012657049.2,-3,P,P,match
ALPL,NP_000469.3,295,L,Otolemur garnettii,XP_012657049.2,-2,G,G,match
ALPL,NP_000469.3,295,L,Otolemur garnettii,XP_012657049.2,-1,D,D,match
ALPL,NP_000469.3,295,L,Otolemur garnettii,XP_012657049.2,0,M,L,CPD
ALPL,NP_000469.3,295,L,Otolemur garnettii,XP_012657049.2,1,Q,Q,match
ALPL,NP_000469.3,295,L,Otolemur garnettii,XP_012657049.2,2,Y,Y,match
ALPL,NP_000469.3,295,L,Otolemur garnettii,XP_012657049.2,3,E,E,match
ALPL,NP_000469.3,295,L,Otolemur garnettii,XP_012657049.2,4,L,L,match
ALPL,NP_000469.3,295,L,Otolemur garnettii,XP_012657049.2,5,N,N,match
ALPL,NP_000469.3,295,L,Otolemur garnettii,XP_012657049.2,6,R,R,match
ALPL,NP_000469.3,295,L,Otolemur garnettii,XP_012657049.2,7,N,N,match
ALPL,NP_000469.3,295,L,Otolemur garnettii,XP_012657049.2,8,N,N,match
ALPL,NP_000469.3,295,L,Otolemur garnettii,XP_012657049.2,9,V,L,different
ALPL,NP_000469.3,295,L,Otolemur garnettii,XP_012657049.2,10,T,T,match
ARSB,NP_000037.2,97,R,Carlito syrichta,XP_021566074.1,-10,T,L,different
ARSB,NP_000037.2,97,R,Carlito syrichta,XP_021566074.1,-9,Q,K,different
ARSB,NP_000037.2,97,R,Carlito syrichta,XP_021566074.1,-8,P,A,different
ARSB,NP_000037.2,97,R,Carlito syrichta,XP_021566074.1,-7,L,H,different
ARSB,NP_000037.2,97,R,Carlito syrichta,XP_021566074.1,-6,C,L,different
ARSB,NP_000037.2,97,R,Carlito syrichta,XP_021566074.1,-5,T,S,different
ARSB,NP_000037.2,97,R,Carlito syrichta,XP_021566074.1,-4,P,W,different
ARSB,NP_000037.2,97,R,Carlito syrichta,XP_021566074.1,-3,S,C,different
ARSB,NP_000037.2,97,R,Carlito syrichta,XP_021566074.1,-2,R,W,different
ARSB,NP_000037.2,97,R,Carlito syrichta,XP_021566074.1,-1,S,R,different
ARSB,NP_000037.2,97,R,Carlito syrichta,XP_021566074.1,0,Q,R,CPD
ARSB,NP_000037.2,97,R,Carlito syrichta,XP_021566074.1,1,L,L,match
ARSB,NP_000037.2,97,R,Carlito syrichta,XP_021566074.1,2,L,V,different
ARSB,NP_000037.2,97,R,Carlito syrichta,XP_021566074.1,3,T,S,different
ARSB,NP_000037.2,97,R,Carlito syrichta,XP_021566074.1,4,G,A,different
ARSB,NP_000037.2,97,R,Carlito syrichta,XP_021566074.1,5,R,Q,different
ARSB,NP_000037.2,97,R,Carlito syrichta,XP_021566074.1,6,Y,R,different
ARSB,NP_000037.2,97,R,Carlito syrichta,XP_021566074.1,7,Q,N,different
ARSB,NP_000037.2,97,R,Carlito syrichta,XP_021566074.1,8,I,I,match
ARSB,NP_000037.2,97,R,Carlito syrichta,XP_021566074.1,9,R,H,different
ARSB,NP_000037.2,97,R,Carlito syrichta,XP_021566074.1,10,T,T,match
ARSB,NP_000037.2,85,H,Carlito syrichta,XP_021566074.1,-10,G,A,different
ARSB,NP_000037.2,85,H,Carlito syrichta,XP_021566074.1,-9,G,G,match
ARSB,NP_000037.2,85,H,Carlito syrichta,XP_021566074.1,-8,V,L,different
ARSB,NP_000037.2,85,H,Carlito syrichta,XP_021566074.1,-7,-,R,gap
ARSB,NP_000037.2,85,H,Carlito syrichta,XP_021566074.1,-6,-,P,gap
ARSB,NP_000037.2,85,H,Carlito syrichta,XP_021566074.1,-5,-,S,gap
ARSB,NP_000037.2,85,H,Carlito syrichta,XP_021566074.1,-4,L,I,different
ARSB,NP_000037.2,85,H,Carlito syrichta,XP_021566074.1,-3,L,L,match
ARSB,NP_000037.2,85,H,Carlito syrichta,XP_021566074.1,-2,D,T,different
ARSB,NP_000037.2,85,H,Carlito syrichta,XP_021566074.1,-1,N,F,different
ARSB,NP_000037.2,85,H,Carlito syrichta,XP_021566074.1,0,Y,H,CPD
ARSB,NP_000037.2,85,H,Carlito syrichta,XP_021566074.1,1,Y,V,different
ARSB,NP_000037.2,85,H,Carlito syrichta,XP_021566074.1,2,T,L,different
ARSB,NP_000037.2,85,H,Carlito syrichta,XP_021566074.1,3,Q,K,different
ARSB,NP_000037.2,85,H,Carlito syrichta,XP_021566074.1,4,P,A,different
ARSB,NP_000037.2,85,H,Carlito syrichta,XP_021566074.1,5,L,H,different
ARSB,NP_000037.2,85,H,Carlito syrichta,XP_021566074.1,6,C,L,different
ARSB,NP_000037.2,85,H,Carlito syrichta,XP_021566074.1,7,T,S,different
ARSB,NP_000037.2,85,H,Carlito syrichta,XP_021566074.1,8,P,W,different
ARSB,NP_000037.2,85,H,Carlito syrichta,XP_021566074.1,9,S,C,different
ARSB,NP_000037.2,85,H,Carlito syrichta,XP_021566074.1,10,R,W,different
ARSB,NP_000037.2,152,Q,Carlito syrichta,XP_021566074.1,-10,M,M,match
ARSB,NP_000037.2,152,Q,Carlito syrichta,XP_021566074.1,-9,V,V,match
ARSB,NP_000037.2,152,Q,Carlito syrichta,XP_021566074.1,-8,G,G,match
ARSB,NP_000037.2,152,Q,Carlito syrichta,XP_021566074.1,-7,K,K,match
ARSB,NP_000037.2,152,Q,Carlito syrichta,XP_021566074.1,-6,W,W,match
ARSB,NP_000037.2,152,Q,Carlito syrichta,XP_021566074.1,-5,H,H,match
ARSB,NP_000037.2,152,Q,Carlito syrichta,XP_021566074.1,-4,L,L,match
ARSB,NP_000037.2,152,Q,Carlito syrichta,XP_021566074.1,-3,G,G,match
ARSB,NP_000037.2,152,Q,Carlito syrichta,XP_021566074.1,-2,M,M,match
ARSB,NP_000037.2,152,Q,Carlito syrichta,XP_021566074.1,-1,Y,Y,match
ARSB,NP_000037.2,152,Q,Carlito syrichta,XP_021566074.1,0,R,Q,CPD
ARSB,NP_000037.2,152,Q,Carlito syrichta,XP_021566074.1,1,K,K,match
ARSB,NP_000037.2,152,Q,Carlito syrichta,XP_021566074.1,2,E,E,match
ARSB,NP_000037.2,152,Q,Carlito syrichta,XP_021566074.1,3,C,C,match
ARSB,NP_000037.2,152,Q,Carlito syrichta,XP_021566074.1,4,L,L,match
ARSB,NP_000037.2,152,Q,Carlito syrichta,XP_021566074.1,5,P,P,match
ARSB,NP_000037.2,152,Q,Carlito syrichta,XP_021566074.1,6,T,T,match
ARSB,NP_000037.2,152,Q,Carlito syrichta,XP_021566074.1,7,R,R,match
ARSB,NP_000037.2,152,Q,Carlito syrichta,XP_021566074.1,8,R,R,match
ARSB,NP_000037.2,152,Q,Carlito syrichta,XP_021566074.1,9,G,G,match
ARSB,NP_000037.2,152,Q,Carlito syrichta,XP_021566074.1,10,F,F,match
ARSB,NP_000037.2,95,W,Carlito syrichta,XP_021566074.1,-10,Y,H,different
ARSB,NP_000037.2,95,W,Carlito syrichta,XP_021566074.1,-9,Y,V,different
ARSB,NP_000037.2,95,W,Carlito syrichta,XP_021566074.1,-8,T,L,different
ARSB,NP_000037.2,95,W,Carlito syrichta,XP_021566074.1,-7,Q,K,different
ARSB,NP_000037.2,95,W,Carlito syrichta,XP_021566074.1,-6,P,A,different
ARSB,NP_000037.2,95,W,Carlito syrichta,XP_021566074.1,-5,L,H,different
ARSB,NP_000037.2,95,W,Carlito syrichta,XP_021566074.1,-4,C,L,different
ARSB,NP_000037.2,95,W,Carlito syrichta,XP_021566074.1,-3,T,S,different
ARSB,NP_000037.2,95,W,Carlito syrichta,XP_021566074.1,-2,P,W,different
ARSB,NP_000037.2,95,W,Carlito syrichta,XP_021566074.1,-1,S,C,different
ARSB,NP_000037.2,95,W,Carlito syrichta,XP_021566074.1,0,R,W,CPD
ARSB,NP_000037.2,95,W,Carlito syrichta,XP_021566074.1,1,S,R,different
ARSB,NP_000037.2,95,W,Carlito syrichta,XP_021566074.1,2,Q,R,different
ARSB,NP_000037.2,95,W,Carlito syrichta,XP_021566074.1,3,L,L,match
ARSB,NP_000037.2,95,W,Carlito syrichta,XP_021566074.1,4,L,V,different
ARSB,NP_000037.2,95,W,Carlito syrichta,XP_021566074.1,5,T,S,different
ARSB,NP_000037.2,95,W,Carlito syrichta,XP_021566074.1,6,G,A,different
ARSB,NP_000037.2,95,W,Carlito syrichta,XP_021566074.1,7,R,Q,different
ARSB,NP_000037.2,95,W,Carlito syrichta,XP_021566074.1,8,Y,R,different
ARSB,NP_000037.2,95,W,Carlito syrichta,XP_021566074.1,9,Q,N,different
ARSB,NP_000037.2,95,W,Carlito syrichta,XP_021566074.1,10,I,I,match
ASL,NP_000039.2,113,W,Colobus angolensis palliatus,XP_011807504.1,-10,T,T,match
ASL,NP_000039.2,113,W,Colobus angolensis palliatus,XP_011807504.1,-9,A,A,match
ASL,NP_000039.2,113,W,Colobus angolensis palliatus,XP_011807504.1,-8,G,G,match
ASL,NP_000039.2,113,W,Colobus angolensis palliatus,XP_011807504.1,-7,K,K,match
ASL,NP_000039.2,113,W,Colobus angolensis palliatus,XP_011807504.1,-6,L,L,match
ASL,NP_000039.2,113,W,Colobus angolensis palliatus,XP_011807504.1,-5,H,H,match
ASL,NP_000039.2,113,W,Colobus angolensis palliatus,XP_011807504.1,-4,T,T,match
ASL,NP_000039.2,113,W,Colobus angolensis palliatus,XP_011807504.1,-3,G,G,match
ASL,NP_000039.2,113,W,Colobus angolensis palliatus,XP_011807504.1,-2,R,R,match
ASL,NP_000039.2,113,W,Colobus angolensis palliatus,XP_011807504.1,-1,S,S,match
ASL,NP_000039.2,113,W,Colobus angolensis palliatus,XP_011807504.1,0,R,W,CPD
ASL,NP_000039.2,113,W,Colobus angolensis palliatus,XP_011807504.1,1,N,N,match
ASL,NP_000039.2,113,W,Colobus angolensis palliatus,XP_011807504.1,2,D,N,different
ASL,NP_000039.2,113,W,Colobus angolensis palliatus,XP_011807504.1,3,Q,Q,match
ASL,NP_000039.2,113,W,Colobus angolensis palliatus,XP_011807504.1,4,V,V,match
ASL,NP_000039.2,113,W,Colobus angolensis palliatus,XP_011807504.1,5,V,V,match
ASL,NP_000039.2,113,W,Colobus angolensis palliatus,XP_011807504.1,6,T,T,match
ASL,NP_000039.2,113,W,Colobus angolensis palliatus,XP_011807504.1,7,D,D,match
ASL,NP_000039.2,113,W,Colobus angolensis palliatus,XP_011807504.1,8,L,L,match
ASL,NP_000039.2,113,W,Colobus angolensis palliatus,XP_011807504.1,9,R,R,match
ASL,NP_000039.2,113,W,Colobus angolensis palliatus,XP_011807504.1,10,L,L,match
ASL,NP_000039.2,146,P,Cebus imitator,XP_037587702.1,-10,L,P,different
ASL,NP_000039.2,146,P,Cebus imitator,XP_037587702.1,-9,W,W,match
ASL,NP_000039.2,146,P,Cebus imitator,XP_037587702.1,-8,E,E,match
ASL,NP_000039.2,146,P,Cebus imitator,XP_037587702.1,-7,L,I,different
ASL,NP_000039.2,146,P,Cebus imitator,XP_037587702.1,-6,I,L,different
ASL,NP_000039.2,146,P,Cebus imitator,XP_037587702.1,-5,R,-,gap
ASL,NP_000039.2,146,P,Cebus imitator,XP_037587702.1,-4,T,-,gap
ASL,NP_000039.2,146,P,Cebus imitator,XP_037587702.1,-3,M,-,gap
ASL,NP_000039.2,146,P,Cebus imitator,XP_037587702.1,-2,V,-,gap
ASL,NP_000039.2,146,P,Cebus imitator,XP_037587702.1,-1,D,D,match
ASL,NP_000039.2,146,P,Cebus imitator,XP_037587702.1,0,R,P,CPD
ASL,NP_000039.2,146,P,Cebus imitator,XP_037587702.1,1,A,S,different
ASL,NP_000039.2,146,P,Cebus imitator,XP_037587702.1,2,E,F,different
ASL,NP_000039.2,146,P,Cebus imitator,XP_037587702.1,3,A,R,different
ASL,NP_000039.2,146,P,Cebus imitator,XP_037587702.1,4,E,E,match
ASL,NP_000039.2,146,P,Cebus imitator,XP_037587702.1,5,R,C,different
ASL,NP_000039.2,146,P,Cebus imitator,XP_037587702.1,6,D,D,match
ASL,NP_000039.2,146,P,Cebus imitator,XP_037587702.1,7,V,V,match
ASL,NP_000039.2,146,P,Cebus imitator,XP_037587702.1,8,L,L,match
ASL,NP_000039.2,146,P,Cebus imitator,XP_037587702.1,9,F,F,match
ASL,NP_000039.2,146,P,Cebus imitator,XP_037587702.1,10,P,P,match
ASL,NP_000039.2,241,K,Mandrillus leucophaeus,XP_011848271.1,-10,D,D,match
ASL,NP_000039.2,241,K,Mandrillus leucophaeus,XP_011848271.1,-9,A,A,match
ASL,NP_000039.2,241,K,Mandrillus leucophaeus,XP_011848271.1,-8,T,T,match
ASL,NP_000039.2,241,K,Mandrillus leucophaeus,XP_011848271.1,-7,S,S,match
ASL,NP_000039.2,241,K,Mandrillus leucophaeus,XP_011848271.1,-6,E,E,match
ASL,NP_000039.2,241,K,Mandrillus leucophaeus,XP_011848271.1,-5,R,R,match
ASL,NP_000039.2,241,K,Mandrillus leucophaeus,XP_011848271.1,-4,D,D,match
ASL,NP_000039.2,241,K,Mandrillus leucophaeus,XP_011848271.1,-3,F,F,match
ASL,NP_000039.2,241,K,Mandrillus leucophaeus,XP_011848271.1,-2,V,V,match
ASL,NP_000039.2,241,K,Mandrillus leucophaeus,XP_011848271.1,-1,A,G,different
ASL,NP_000039.2,241,K,Mandrillus leucophaeus,XP_011848271.1,0,E,K,CPD
ASL,NP_000039.2,241,K,Mandrillus leucophaeus,XP_011848271.1,1,F,-,gap
ASL,NP_000039.2,241,K,Mandrillus leucophaeus,XP_011848271.1,2,L,-,gap
ASL,NP_000039.2,241,K,Mandrillus leucophaeus,XP_011848271.1,3,F,S,different
ASL,NP_000039.2,241,K,Mandrillus leucophaeus,XP_011848271.1,4,W,W,match
ASL,NP_000039.2,241,K,Mandrillus leucophaeus,XP_011848271.1,5,A,-,gap
ASL,NP_000039.2,241,K,Mandrillus leucophaeus,XP_011848271.1,6,S,-,gap
ASL,NP_000039.2,241,K,Mandrillus leucophaeus,XP_011848271.1,7,L,-,gap
ASL,NP_000039.2,241,K,Mandrillus leucophaeus,XP_011848271.1,8,C,-,gap
ASL,NP_000039.2,241,K,Mandrillus leucophaeus,XP_011848271.1,9,M,-,gap
ASL,NP_000039.2,241,K,Mandrillus leucophaeus,XP_011848271.1,10,T,-,gap
ATP7B,NP_000044.2,969,Q,Nomascus leucogenys,XP_030669295.1,-10,K,K,match
ATP7B,NP_000044.2,969,Q,Nomascus leucogenys,XP_030669295.1,-9,H,H,match
ATP7B,NP_000044.2,969,Q,Nomascus leucogenys,XP_030669295.1,-8,I,I,match
ATP7B,NP_000044.2,969,Q,Nomascus leucogenys,XP_030669295.1,-7,S,S,match
ATP7B,NP_000044.2,969,Q,Nomascus leucogenys,XP_030669295.1,-6,Q,Q,match
ATP7B,NP_000044.2,969,Q,Nomascus leucogenys,XP_030669295.1,-5,T,T,match
ATP7B,NP_000044.2,969,Q,Nomascus leucogenys,XP_030669295.1,-4,E,E,match
ATP7B,NP_000044.2,969,Q,Nomascus leucogenys,XP_030669295.1,-3,V,V,match
ATP7B,NP_000044.2,969,Q,Nomascus leucogenys,XP_030669295.1,-2,I,I,match
ATP7B,NP_000044.2,969,Q,Nomascus leucogenys,XP_030669295.1,-1,I,I,match
ATP7B,NP_000044.2,969,Q,Nomascus leucogenys,XP_030669295.1,0,R,Q,CPD
ATP7B,NP_000044.2,969,Q,Nomascus leucogenys,XP_030669295.1,1,F,F,match
ATP7B,NP_000044.2,969,Q,Nomascus leucogenys,XP_030669295.1,2,A,A,match
ATP7B,NP_000044.2,969,Q,Nomascus leucogenys,XP_030669295.1,3,F,F,match
ATP7B,NP_000044.2,969,Q,Nomascus leucogenys,XP_030669295.1,4,Q,Q,match
ATP7B,NP_000044.2,969,Q,Nomascus leucogenys,XP_030669295.1,5,T,T,match
ATP7B,NP_000044.2,969,Q,Nomascus leucogenys,XP_030669295.1,6,S,S,match
ATP7B,NP_000044.2,969,Q,Nomascus leucogenys,XP_030669295.1,7,I,I,match
ATP7B,NP_000044.2,969,Q,Nomascus leucogenys,XP_030669295.1,8,T,T,match
ATP7B,NP_000044.2,969,Q,Nomascus leucogenys,XP_030669295.1,9,V,V,match
ATP7B,NP_000044.2,969,Q,Nomascus leucogenys,XP_030669295.1,10,L,L,match
ATP7B,NP_000044.2,335,E,Microcebus murinus,XP_012638109.2,-10,V,V,match
ATP7B,NP_000044.2,335,E,Microcebus murinus,XP_012638109.2,-9,S,S,match
ATP7B,NP_000044.2,335,E,Microcebus murinus,XP_012638109.2,-8,L,L,match
ATP7B,NP_000044.2,335,E,Microcebus murinus,XP_012638109.2,-7,P,P,match
ATP7B,NP_000044.2,335,E,Microcebus murinus,XP_012638109.2,-6,D,D,match
ATP7B,NP_000044.2,335,E,Microcebus murinus,XP_012638109.2,-5,G,G,match
ATP7B,NP_000044.2,335,E,Microcebus murinus,XP_012638109.2,-4,A,A,match
ATP7B,NP_000044.2,335,E,Microcebus murinus,XP_012638109.2,-3,E,E,match
ATP7B,NP_000044.2,335,E,Microcebus murinus,XP_012638109.2,-2,G,G,match
ATP7B,NP_000044.2,335,E,Microcebus murinus,XP_012638109.2,-1,S,S,match
ATP7B,NP_000044.2,335,E,Microcebus murinus,XP_012638109.2,0,G,E,CPD
ATP7B,NP_000044.2,335,E,Microcebus murinus,XP_012638109.2,1,T,T,match
ATP7B,NP_000044.2,335,E,Microcebus murinus,XP_012638109.2,2,D,D,match
ATP7B,NP_000044.2,335,E,Microcebus murinus,XP_012638109.2,3,H,P,different
ATP7B,NP_000044.2,335,E,Microcebus murinus,XP_012638109.2,4,R,G,different
ATP7B,NP_000044.2,335,E,Microcebus murinus,XP_012638109.2,5,S,P,different
ATP7B,NP_000044.2,335,E,Microcebus murinus,XP_012638109.2,6,S,S,match
ATP7B,NP_000044.2,335,E,Microcebus murinus,XP_012638109.2,7,S,G,different
ATP7B,NP_000044.2,335,E,Microcebus murinus,XP_012638109.2,8,S,C,different
ATP7B,NP_000044.2,335,E,Microcebus murinus,XP_012638109.2,9,H,H,match
ATP7B,NP_000044.2,335,E,Microcebus murinus,XP_012638109.2,10,S,S,match
ATP7B,NP_000044.2,335,E,Propithecus coquereli,XP_012504526.1,-10,V,V,match
ATP7B,NP_000044.2,335,E,Propithecus coquereli,XP_012504526.1,-9,S,S,match
ATP7B,NP_000044.2,335,E,Propithecus coquereli,XP_012504526.1,-8,L,L,match
ATP7B,NP_000044.2,335,E,Propithecus coquereli,XP_012504526.1,-7,P,P,match
ATP7B,NP_000044.2,335,E,Propithecus coquereli,XP_012504526.1,-6,D,D,match
ATP7B,NP_000044.2,335,E,Propithecus coquereli,XP_012504526.1,-5,G,G,match
ATP7B,NP_000044.2,335,E,Propithecus coquereli,XP_012504526.1,-4,A,A,match
ATP7B,NP_000044.2,335,E,Propithecus coquereli,XP_012504526.1,-3,E,E,match
ATP7B,NP_000044.2,335,E,Propithecus coquereli,XP_012504526.1,-2,G,G,match
ATP7B,NP_000044.2,335,E,Propithecus coquereli,XP_012504526.1,-1,S,S,match
ATP7B,NP_000044.2,335,E,Propithecus coquereli,XP_012504526.1,0,G,E,CPD
ATP7B,NP_000044.2,335,E,Propithecus coquereli,XP_012504526.1,1,T,T,match
ATP7B,NP_000044.2,335,E,Propithecus coquereli,XP_012504526.1,2,D,D,match
ATP7B,NP_000044.2,335,E,Propithecus coquereli,XP_012504526.1,3,H,P,different
ATP7B,NP_000044.2,335,E,Propithecus coquereli,XP_012504526.1,4,R,G,different
ATP7B,NP_000044.2,335,E,Propithecus coquereli,XP_012504526.1,5,S,S,match
ATP7B,NP_000044.2,335,E,Propithecus coquereli,XP_012504526.1,6,S,S,match
ATP7B,NP_000044.2,335,E,Propithecus coquereli,XP_012504526.1,7,S,N,different
ATP7B,NP_000044.2,335,E,Propithecus coquereli,XP_012504526.1,8,S,C,different
ATP7B,NP_000044.2,335,E,Propithecus coquereli,XP_012504526.1,9,H,H,match
ATP7B,NP_000044.2,335,E,Propithecus coquereli,XP_012504526.1,10,S,S,match
ATP7B,NP_000044.2,335,E,Eulemur rufifrons,XP_069323793.1,-10,V,V,match
ATP7B,NP_000044.2,335,E,Eulemur rufifrons,XP_069323793.1,-9,S,S,match
ATP7B,NP_000044.2,335,E,Eulemur rufifrons,XP_069323793.1,-8,L,L,match
ATP7B,NP_000044.2,335,E,Eulemur rufifrons,XP_069323793.1,-7,P,P,match
ATP7B,NP_000044.2,335,E,Eulemur rufifrons,XP_069323793.1,-6,D,D,match
ATP7B,NP_000044.2,335,E,Eulemur rufifrons,XP_069323793.1,-5,G,G,match
ATP7B,NP_000044.2,335,E,Eulemur rufifrons,XP_069323793.1,-4,A,A,match
ATP7B,NP_000044.2,335,E,Eulemur rufifrons,XP_069323793.1,-3,E,E,match
ATP7B,NP_000044.2,335,E,Eulemur rufifrons,XP_069323793.1,-2,G,G,match
ATP7B,NP_000044.2,335,E,Eulemur rufifrons,XP_069323793.1,-1,S,S,match
ATP7B,NP_000044.2,335,E,Eulemur rufifrons,XP_069323793.1,0,G,E,CPD
ATP7B,NP_000044.2,335,E,Eulemur rufifrons,XP_069323793.1,1,T,T,match
ATP7B,NP_000044.2,335,E,Eulemur rufifrons,XP_069323793.1,2,D,D,match
ATP7B,NP_000044.2,335,E,Eulemur rufifrons,XP_069323793.1,3,H,P,different
ATP7B,NP_000044.2,335,E,Eulemur rufifrons,XP_069323793.1,4,R,G,different
ATP7B,NP_000044.2,335,E,Eulemur rufifrons,XP_069323793.1,5,S,S,match
ATP7B,NP_000044.2,335,E,Eulemur rufifrons,XP_069323793.1,6,S,S,match
ATP7B,NP_000044.2,335,E,Eulemur rufifrons,XP_069323793.1,7,S,N,different
ATP7B,NP_000044.2,335,E,Eulemur rufifrons,XP_069323793.1,8,S,C,different
ATP7B,NP_000044.2,335,E,Eulemur rufifrons,XP_069323793.1,9,H,H,match
ATP7B,NP_000044.2,335,E,Eulemur rufifrons,XP_069323793.1,10,S,S,match
ATP7B,NP_000044.2,335,E,Lemur catta,XP_045423253.1,-10,V,V,match
ATP7B,NP_000044.2,335,E,Lemur catta,XP_045423253.1,-9,S,S,match
ATP7B,NP_000044.2,335,E,Lemur catta,XP_045423253.1,-8,L,L,match
ATP7B,NP_000044.2,335,E,Lemur catta,XP_045423253.1,-7,P,P,match
ATP7B,NP_000044.2,335,E,Lemur catta,XP_045423253.1,-6,D,D,match
ATP7B,NP_000044.2,335,E,Lemur catta,XP_045423253.1,-5,G,G,match
ATP7B,NP_000044.2,335,E,Lemur catta,XP_045423253.1,-4,A,A,match
ATP7B,NP_000044.2,335,E,Lemur catta,XP_045423253.1,-3,E,E,match
ATP7B,NP_000044.2,335,E,Lemur catta,XP_045423253.1,-2,G,G,match
ATP7B,NP_000044.2,335,E,Lemur catta,XP_045423253.1,-1,S,S,match
ATP7B,NP_000044.2,335,E,Lemur catta,XP_045423253.1,0,G,E,CPD
ATP7B,NP_000044.2,335,E,Lemur catta,XP_045423253.1,1,T,T,match
ATP7B,NP_000044.2,335,E,Lemur catta,XP_045423253.1,2,D,D,match
ATP7B,NP_000044.2,335,E,Lemur catta,XP_045423253.1,3,H,P,different
ATP7B,NP_000044.2,335,E,Lemur catta,XP_045423253.1,4,R,G,different
ATP7B,NP_000044.2,335,E,Lemur catta,XP_045423253.1,5,S,S,match
ATP7B,NP_000044.2,335,E,Lemur catta,XP_045423253.1,6,S,S,match
ATP7B,NP_000044.2,335,E,Lemur catta,XP_045423253.1,7,S,N,different
ATP7B,NP_000044.2,335,E,Lemur catta,XP_045423253.1,8,S,C,different
ATP7B,NP_000044.2,335,E,Lemur catta,XP_045423253.1,9,H,L,different
ATP7B,NP_000044.2,335,E,Lemur catta,XP_045423253.1,10,S,S,match
ATP7B,NP_000044.2,1407,N,Otolemur garnettii,XP_012668202.1,-10,A,A,match
ATP7B,NP_000044.2,1407,N,Otolemur garnettii,XP_012668202.1,-9,S,S,match
ATP7B,NP_000044.2,1407,N,Otolemur garnettii,XP_012668202.1,-8,Q,Q,match
ATP7B,NP_000044.2,1407,N,Otolemur garnettii,XP_012668202.1,-7,V,V,match
ATP7B,NP_000044.2,1407,N,Otolemur garnettii,XP_012668202.1,-6,S,S,match
ATP7B,NP_000044.2,1407,N,Otolemur garnettii,XP_012668202.1,-5,V,V,match
ATP7B,NP_000044.2,1407,N,Otolemur garnettii,XP_012668202.1,-4,H,H,match
ATP7B,NP_000044.2,1407,N,Otolemur garnettii,XP_012668202.1,-3,I,I,match
ATP7B,NP_000044.2,1407,N,Otolemur garnettii,XP_012668202.1,-2,G,G,match
ATP7B,NP_000044.2,1407,N,Otolemur garnettii,XP_012668202.1,-1,M,M,match
ATP7B,NP_000044.2,1407,N,Otolemur garnettii,XP_012668202.1,0,D,N,CPD
ATP7B,NP_000044.2,1407,N,Otolemur garnettii,XP_012668202.1,1,D,D,match
ATP7B,NP_000044.2,1407,N,Otolemur garnettii,XP_012668202.1,2,R,R,match
ATP7B,NP_000044.2,1407,N,Otolemur garnettii,XP_012668202.1,3,W,R,different
ATP7B,NP_000044.2,1407,N,Otolemur garnettii,XP_012668202.1,4,R,H,different
ATP7B,NP_000044.2,1407,N,Otolemur garnettii,XP_012668202.1,5,D,D,match
ATP7B,NP_000044.2,1407,N,Otolemur garnettii,XP_012668202.1,6,S,S,match
ATP7B,NP_000044.2,1407,N,Otolemur garnettii,XP_012668202.1,7,P,P,match
ATP7B,NP_000044.2,1407,N,Otolemur garnettii,XP_012668202.1,8,R,R,match
ATP7B,NP_000044.2,1407,N,Otolemur garnettii,XP_012668202.1,9,A,A,match
ATP7B,NP_000044.2,1407,N,Otolemur garnettii,XP_012668202.1,10,T,T,match
ATP7B,NP_000044.2,1217,I,Piliocolobus tephrosceles,XP_023043183.1,-10,H,H,match
ATP7B,NP_000044.2,1217,I,Piliocolobus tephrosceles,XP_023043183.1,-9,T,T,match
ATP7B,NP_000044.2,1217,I,Piliocolobus tephrosceles,XP_023043183.1,-8,L,L,match
ATP7B,NP_000044.2,1217,I,Piliocolobus tephrosceles,XP_023043183.1,-7,Q,Q,match
ATP7B,NP_000044.2,1217,I,Piliocolobus tephrosceles,XP_023043183.1,-6,S,S,match
ATP7B,NP_000044.2,1217,I,Piliocolobus tephrosceles,XP_023043183.1,-5,M,M,match
ATP7B,NP_000044.2,1217,I,Piliocolobus tephrosceles,XP_023043183.1,-4,G,G,match
ATP7B,NP_000044.2,1217,I,Piliocolobus tephrosceles,XP_023043183.1,-3,V,V,match
ATP7B,NP_000044.2,1217,I,Piliocolobus tephrosceles,XP_023043183.1,-2,D,D,match
ATP7B,NP_000044.2,1217,I,Piliocolobus tephrosceles,XP_023043183.1,-1,V,V,match
ATP7B,NP_000044.2,1217,I,Piliocolobus tephrosceles,XP_023043183.1,0,V,I,CPD
ATP7B,NP_000044.2,1217,I,Piliocolobus tephrosceles,XP_023043183.1,1,L,L,match
ATP7B,NP_000044.2,1217,I,Piliocolobus tephrosceles,XP_023043183.1,2,I,I,match
ATP7B,NP_000044.2,1217,I,Piliocolobus tephrosceles,XP_023043183.1,3,T,T,match
ATP7B,NP_000044.2,1217,I,Piliocolobus tephrosceles,XP_023043183.1,4,G,G,match
ATP7B,NP_000044.2,1217,I,Piliocolobus tephrosceles,XP_023043183.1,5,D,D,match
ATP7B,NP_000044.2,1217,I,Piliocolobus tephrosceles,XP_023043183.1,6,N,N,match
ATP7B,NP_000044.2,1217,I,Piliocolobus tephrosceles,XP_023043183.1,7,R,R,match
ATP7B,NP_000044.2,1217,I,Piliocolobus tephrosceles,XP_023043183.1,8,K,K,match
ATP7B,NP_000044.2,1217,I,Piliocolobus tephrosceles,XP_023043183.1,9,T,T,match
ATP7B,NP_000044.2,1217,I,Piliocolobus tephrosceles,XP_023043183.1,10,A,A,match
BCKDHA,NP_000700.1,438,H,Macaca thibetana thibetana,XP_050624431.1,-10,A,A,match
BCKDHA,NP_000700.1,438,H,Macaca thibetana thibetana,XP_050624431.1,-9,R,G,different
BCKDHA,NP_000700.1,438,H,Macaca thibetana thibetana,XP_050624431.1,-8,H,Q,different
BCKDHA,NP_000700.1,438,H,Macaca thibetana thibetana,XP_050624431.1,-7,L,V,different
BCKDHA,NP_000700.1,438,H,Macaca thibetana thibetana,XP_050624431.1,-6,Q,A,different
BCKDHA,NP_000700.1,438,H,Macaca thibetana thibetana,XP_050624431.1,-5,T,A,different
BCKDHA,NP_000700.1,438,H,Macaca thibetana thibetana,XP_050624431.1,-4,Y,A,different
BCKDHA,NP_000700.1,438,H,Macaca thibetana thibetana,XP_050624431.1,-3,G,N,different
BCKDHA,NP_000700.1,438,H,Macaca thibetana thibetana,XP_050624431.1,-2,E,K,different
BCKDHA,NP_000700.1,438,H,Macaca thibetana thibetana,XP_050624431.1,-1,H,K,different
BCKDHA,NP_000700.1,438,H,Macaca thibetana thibetana,XP_050624431.1,0,Y,H,CPD
BCKDHA,NP_000700.1,438,H,Macaca thibetana thibetana,XP_050624431.1,1,P,-,gap
BCKDHA,NP_000700.1,438,H,Macaca thibetana thibetana,XP_050624431.1,2,L,-,gap
BCKDHA,NP_000700.1,438,H,Macaca thibetana thibetana,XP_050624431.1,3,D,-,gap
BCKDHA,NP_000700.1,438,H,Macaca thibetana thibetana,XP_050624431.1,4,H,-,gap
BCKDHA,NP_000700.1,438,H,Macaca thibetana thibetana,XP_050624431.1,5,F,-,gap
BCKDHA,NP_000700.1,438,H,Macaca thibetana thibetana,XP_050624431.1,6,D,-,gap
BCKDHA,NP_000700.1,438,H,Macaca thibetana thibetana,XP_050624431.1,7,K,-,gap
BCKDHA,NP_000700.1,438,H,Macaca thibetana thibetana,XP_050624431.1,8,,,outside
BCKDHA,NP_000700.1,438,H,Macaca thibetana thibetana,XP_050624431.1,9,,,outside
BCKDHA,NP_000700.1,438,H,Macaca thibetana thibetana,XP_050624431.1,10,,,outside
BEST1,NP_004174.1,15,D,Pan troglodytes,XP_054518318.1,-10,Y,S,different
BEST1,NP_004174.1,15,D,Pan troglodytes,XP_054518318.1,-9,T,F,different
BEST1,NP_004174.1,15,D,Pan troglodytes,XP_054518318.1,-8,S,G,different
BEST1,NP_004174.1,15,D,Pan troglodytes,XP_054518318.1,-7,Q,P,different
BEST1,NP_004174.1,15,D,Pan troglodytes,XP_054518318.1,-6,V,P,different
BEST1,NP_004174.1,15,D,Pan troglodytes,XP_054518318.1,-5,A,F,different
BEST1,NP_004174.1,15,D,Pan troglodytes,XP_054518318.1,-4,N,N,match
BEST1,NP_004174.1,15,D,Pan troglodytes,XP_054518318.1,-3,A,P,different
BEST1,NP_004174.1,15,D,Pan troglodytes,XP_054518318.1,-2,R,K,different
BEST1,NP_004174.1,15,D,Pan troglodytes,XP_054518318.1,-1,L,R,different
BEST1,NP_004174.1,15,D,Pan troglodytes,XP_054518318.1,0,G,D,CPD
BEST1,NP_004174.1,15,D,Pan troglodytes,XP_054518318.1,1,S,H,different
BEST1,NP_004174.1,15,D,Pan troglodytes,XP_054518318.1,2,F,Y,different
BEST1,NP_004174.1,15,D,Pan troglodytes,XP_054518318.1,3,S,P,different
BEST1,NP_004174.1,15,D,Pan troglodytes,XP_054518318.1,4,R,S,different
BEST1,NP_004174.1,15,D,Pan troglodytes,XP_054518318.1,5,L,-,gap
BEST1,NP_004174.1,15,D,Pan troglodytes,XP_054518318.1,6,L,-,gap
BEST1,NP_004174.1,15,D,Pan troglodytes,XP_054518318.1,7,L,-,gap
BEST1,NP_004174.1,15,D,Pan troglodytes,XP_054518318.1,8,C,-,gap
BEST1,NP_004174.1,15,D,Pan troglodytes,XP_054518318.1,9,W,-,gap
BEST1,NP_004174.1,15,D,Pan troglodytes,XP_054518318.1,10,R,-,gap
BEST1,NP_004174.1,17,Y,Pan troglodytes,XP_054518318.1,-10,S,G,different
BEST1,NP_004174.1,17,Y,Pan troglodytes,XP_054518318.1,-9,Q,P,different
BEST1,NP_004174.1,17,Y,Pan troglodytes,XP_054518318.1,-8,V,P,different
BEST1,NP_004174.1,17,Y,Pan troglodytes,XP_054518318.1,-7,A,F,different
BEST1,NP_004174.1,17,Y,Pan troglodytes,XP_054518318.1,-6,N,N,match
BEST1,NP_004174.1,17,Y,Pan troglodytes,XP_054518318.1,-5,A,P,different
BEST1,NP_004174.1,17,Y,Pan troglodytes,XP_054518318.1,-4,R,K,different
BEST1,NP_004174.1,17,Y,Pan troglodytes,XP_054518318.1,-3,L,R,different
BEST1,NP_004174.1,17,Y,Pan troglodytes,XP_054518318.1,-2,G,D,different
BEST1,NP_004174.1,17,Y,Pan troglodytes,XP_054518318.1,-1,S,H,different
BEST1,NP_004174.1,17,Y,Pan troglodytes,XP_054518318.1,0,F,Y,CPD
BEST1,NP_004174.1,17,Y,Pan troglodytes,XP_054518318.1,1,S,P,different
BEST1,NP_004174.1,17,Y,Pan troglodytes,XP_054518318.1,2,R,S,different
BEST1,NP_004174.1,17,Y,Pan troglodytes,XP_054518318.1,3,L,-,gap
BEST1,NP_004174.1,17,Y,Pan troglodytes,XP_054518318.1,4,L,-,gap
BEST1,NP_004174.1,17,Y,Pan troglodytes,XP_054518318.1,5,L,-,gap
BEST1,NP_004174.1,17,Y,Pan troglodytes,XP_054518318.1,6,C,-,gap
BEST1,NP_004174.1,17,Y,Pan troglodytes,XP_054518318.1,7,W,-,gap
BEST1,NP_004174.1,17,Y,Pan troglodytes,XP_054518318.1,8,R,-,gap
BEST1,NP_004174.1,17,Y,Pan troglodytes,XP_054518318.1,9,G,-,gap
BEST1,NP_004174.1,17,Y,Pan troglodytes,XP_054518318.1,10,S,-,gap
BTD,NP_001268652.2,489,S,Carlito syrichta,XP_021563154.1,-10,F,F,match
BTD,NP_001268652.2,489,S,Carlito syrichta,XP_021563154.1,-9,L,T,different
BTD,NP_001268652.2,489,S,Carlito syrichta,XP_021563154.1,-8,T,V,different
BTD,NP_001268652.2,489,S,Carlito syrichta,XP_021563154.1,-7,S,T,different
BTD,NP_001268652.2,489,S,Carlito syrichta,XP_021563154.1,-6,G,Q,different
BTD,NP_001268652.2,489,S,Carlito syrichta,XP_021563154.1,-5,M,R,different
BTD,NP_001268652.2,489,S,Carlito syrichta,XP_021563154.1,-4,T,P,different
BTD,NP_001268652.2,489,S,Carlito syrichta,XP_021563154.1,-3,L,G,different
BTD,NP_001268652.2,489,S,Carlito syrichta,XP_021563154.1,-2,E,Q,different
BTD,NP_001268652.2,489,S,Carlito syrichta,XP_021563154.1,-1,V,A,different
BTD,NP_001268652.2,489,S,Carlito syrichta,XP_021563154.1,0,P,S,CPD
BTD,NP_001268652.2,489,S,Carlito syrichta,XP_021563154.1,1,D,A,different
BTD,NP_001268652.2,489,S,Carlito syrichta,XP_021563154.1,2,Q,V,different
BTD,NP_001268652.2,489,S,Carlito syrichta,XP_021563154.1,3,L,V,different
BTD,NP_001268652.2,489,S,Carlito syrichta,XP_021563154.1,4,G,G,match
BTD,NP_001268652.2,489,S,Carlito syrichta,XP_021563154.1,5,W,F,different
BTD,NP_001268652.2,489,S,Carlito syrichta,XP_021563154.1,6,E,E,match
BTD,NP_001268652.2,489,S,Carlito syrichta,XP_021563154.1,7,N,P,different
BTD,NP_001268652.2,489,S,Carlito syrichta,XP_021563154.1,8,D,G,different
BTD,NP_001268652.2,489,S,Carlito syrichta,XP_021563154.1,9,H,H,match
BTD,NP_001268652.2,489,S,Carlito syrichta,XP_021563154.1,10,Y,V,different
BTD,NP_001268652.2,282,R,Carlito syrichta,XP_021563154.1,-10,F,L,different
BTD,NP_001268652.2,282,R,Carlito syrichta,XP_021563154.1,-9,G,G,match
BTD,NP_001268652.2,282,R,Carlito syrichta,XP_021563154.1,-8,I,V,different
BTD,NP_001268652.2,282,R,Carlito syrichta,XP_021563154.1,-7,N,N,match
BTD,NP_001268652.2,282,R,Carlito syrichta,XP_021563154.1,-6,V,V,match
BTD,NP_001268652.2,282,R,Carlito syrichta,XP_021563154.1,-5,L,L,match
BTD,NP_001268652.2,282,R,Carlito syrichta,XP_021563154.1,-4,A,A,match
BTD,NP_001268652.2,282,R,Carlito syrichta,XP_021563154.1,-3,A,A,match
BTD,NP_001268652.2,282,R,Carlito syrichta,XP_021563154.1,-2,N,N,match
BTD,NP_001268652.2,282,R,Carlito syrichta,XP_021563154.1,-1,V,I,different
BTD,NP_001268652.2,282,R,Carlito syrichta,XP_021563154.1,0,H,R,CPD
BTD,NP_001268652.2,282,R,Carlito syrichta,XP_021563154.1,1,H,H,match
BTD,NP_001268652.2,282,R,Carlito syrichta,XP_021563154.1,2,P,P,match
BTD,NP_001268652.2,282,R,Carlito syrichta,XP_021563154.1,3,V,A,different
BTD,NP_001268652.2,282,R,Carlito syrichta,XP_021563154.1,4,L,L,match
BTD,NP_001268652.2,282,R,Carlito syrichta,XP_021563154.1,5,G,G,match
BTD,NP_001268652.2,282,R,Carlito syrichta,XP_021563154.1,6,M,M,match
BTD,NP_001268652.2,282,R,Carlito syrichta,XP_021563154.1,7,T,T,match
BTD,NP_001268652.2,282,R,Carlito syrichta,XP_021563154.1,8,G,G,match
BTD,NP_001268652.2,282,R,Carlito syrichta,XP_021563154.1,9,S,S,match
BTD,NP_001268652.2,282,R,Carlito syrichta,XP_021563154.1,10,G,G,match
CBS,NP_000062.1,65,L,Cercocebus atys,XP_011892990.1,-10,Q,P,different
CBS,NP_000062.1,65,L,Cercocebus atys,XP_011892990.1,-9,L,L,match
CBS,NP_000062.1,65,L,Cercocebus atys,XP_011892990.1,-8,G,H,different
CBS,NP_000062.1,65,L,Cercocebus atys,XP_011892990.1,-7,R,R,match
CBS,NP_000062.1,65,L,Cercocebus atys,XP_011892990.1,-6,P,G,different
CBS,NP_000062.1,65,L,Cercocebus atys,XP_011892990.1,-5,A,L,different
CBS,NP_000062.1,65,L,Cercocebus atys,XP_011892990.1,-4,S,S,match
CBS,NP_000062.1,65,L,Cercocebus atys,XP_011892990.1,-3,E,Q,different
CBS,NP_000062.1,65,L,Cercocebus atys,XP_011892990.1,-2,S,G,different
CBS,NP_000062.1,65,L,Cercocebus atys,XP_011892990.1,-1,P,I,different
CBS,NP_000062.1,65,L,Cercocebus atys,XP_011892990.1,0,H,L,CPD
CBS,NP_000062.1,65,L,Cercocebus atys,XP_011892990.1,1,H,H,match
CBS,NP_000062.1,65,L,Cercocebus atys,XP_011892990.1,2,H,R,different
CBS,NP_000062.1,65,L,Cercocebus atys,XP_011892990.1,3,T,H,different
CBS,NP_000062.1,65,L,Cercocebus atys,XP_011892990.1,4,A,L,different
CBS,NP_000062.1,65,L,Cercocebus atys,XP_011892990.1,5,P,A,different
CBS,NP_000062.1,65,L,Cercocebus atys,XP_011892990.1,6,A,A,match
CBS,NP_000062.1,65,L,Cercocebus atys,XP_011892990.1,7,K,A,different
CBS,NP_000062.1,65,L,Cercocebus atys,XP_011892990.1,8,S,A,different
CBS,NP_000062.1,65,L,Cercocebus atys,XP_011892990.1,9,P,P,match
CBS,NP_000062.1,65,L,Cercocebus atys,XP_011892990.1,10,K,N,different
CERKL,NP_963842.1,283,F,Carlito syrichta,XP_008069045.1,-10,A,A,match
CERKL,NP_963842.1,283,F,Carlito syrichta,XP_008069045.1,-9,G,G,match
CERKL,NP_963842.1,283,F,Carlito syrichta,XP_008069045.1,-8,S,S,match
CERKL,NP_963842.1,283,F,Carlito syrichta,XP_008069045.1,-7,T,T,match
CERKL,NP_963842.1,283,F,Carlito syrichta,XP_008069045.1,-6,N,N,match
CERKL,NP_963842.1,283,F,Carlito syrichta,XP_008069045.1,-5,V,V,match
CERKL,NP_963842.1,283,F,Carlito syrichta,XP_008069045.1,-4,L,L,match
CERKL,NP_963842.1,283,F,Carlito syrichta,XP_008069045.1,-3,A,A,match
CERKL,NP_963842.1,283,F,Carlito syrichta,XP_008069045.1,-2,H,H,match
CERKL,NP_963842.1,283,F,Carlito syrichta,XP_008069045.1,-1,S,S,match
CERKL,NP_963842.1,283,F,Carlito syrichta,XP_008069045.1,0,L,F,CPD
CERKL,NP_963842.1,283,F,Carlito syrichta,XP_008069045.1,1,H,H,match
CERKL,NP_963842.1,283,F,Carlito syrichta,XP_008069045.1,2,G,G,match
CERKL,NP_963842.1,283,F,Carlito syrichta,XP_008069045.1,3,V,I,different
CERKL,NP_963842.1,283,F,Carlito syrichta,XP_008069045.1,4,P,P,match
CERKL,NP_963842.1,283,F,Carlito syrichta,XP_008069045.1,5,H,H,match
CERKL,NP_963842.1,283,F,Carlito syrichta,XP_008069045.1,6,V,V,match
CERKL,NP_963842.1,283,F,Carlito syrichta,XP_008069045.1,7,I,V,different
CERKL,NP_963842.1,283,F,Carlito syrichta,XP_008069045.1,8,T,T,match
CERKL,NP_963842.1,283,F,Carlito syrichta,XP_008069045.1,9,A,A,match
CERKL,NP_963842.1,283,F,Carlito syrichta,XP_008069045.1,10,T,T,match
CFTR,NP_000483.3,13,F,Otolemur garnettii,XP_003789873.1,-10,-,-,gap
CFTR,NP_000483.3,13,F,Otolemur garnettii,XP_003789873.1,-9,-,-,gap
CFTR,NP_000483.3,13,F,Otolemur garnettii,XP_003789873.1,-8,-,-,gap
CFTR,NP_000483.3,13,F,Otolemur garnettii,XP_003789873.1,-7,-,-,gap
CFTR,NP_000483.3,13,F,Otolemur garnettii,XP_003789873.1,-6,-,-,gap
CFTR,NP_000483.3,13,F,Otolemur garnettii,XP_003789873.1,-5,-,-,gap
CFTR,NP_000483.3,13,F,Otolemur garnettii,XP_003789873.1,-4,-,-,gap
CFTR,NP_000483.3,13,F,Otolemur garnettii,XP_003789873.1,-3,S,N,different
CFTR,NP_000483.3,13,F,Otolemur garnettii,XP_003789873.1,-2,V,L,different
CFTR,NP_000483.3,13,F,Otolemur garnettii,XP_003789873.1,-1,V,L,different
CFTR,NP_000483.3,13,F,Otolemur garnettii,XP_003789873.1,0,S,F,CPD
CFTR,NP_000483.3,13,F,Otolemur garnettii,XP_003789873.1,1,K,F,different
CFTR,NP_000483.3,13,F,Otolemur garnettii,XP_003789873.1,2,L,L,match
CFTR,NP_000483.3,13,F,Otolemur garnettii,XP_003789873.1,3,-,-,gap
CFTR,NP_000483.3,13,F,Otolemur garnettii,XP_003789873.1,4,-,-,gap
CFTR,NP_000483.3,13,F,Otolemur garnettii,XP_003789873.1,5,-,-,gap
CFTR,NP_000483.3,13,F,Otolemur garnettii,XP_003789873.1,6,-,-,gap
CFTR,NP_000483.3,13,F,Otolemur garnettii,XP_003789873.1,7,-,-,gap
CFTR,NP_000483.3,13,F,Otolemur garnettii,XP_003789873.1,8,-,-,gap
CFTR,NP_000483.3,13,F,Otolemur garnettii,XP_003789873.1,9,-,-,gap
CFTR,NP_000483.3,13,F,Otolemur garnettii,XP_003789873.1,10,-,-,gap
CFTR,NP_000483.3,1,R,Theropithecus gelada,XP_086586259.1,-10,-,P,gap
CFTR,NP_000483.3,1,R,Theropithecus gelada,XP_086586259.1,-9,-,A,gap
CFTR,NP_000483.3,1,R,Theropithecus gelada,XP_086586259.1,-8,-,G,gap
CFTR,NP_000483.3,1,R,Theropithecus gelada,XP_086586259.1,-7,-,W,gap
CFTR,NP_000483.3,1,R,Theropithecus gelada,XP_086586259.1,-6,-,A,gap
CFTR,NP_000483.3,1,R,Theropithecus gelada,XP_086586259.1,-5,-,W,gap
CFTR,NP_000483.3,1,R,Theropithecus gelada,XP_086586259.1,-4,-,C,gap
CFTR,NP_000483.3,1,R,Theropithecus gelada,XP_086586259.1,-3,-,W,gap
CFTR,NP_000483.3,1,R,Theropithecus gelada,XP_086586259.1,-2,-,A,gap
CFTR,NP_000483.3,1,R,Theropithecus gelada,XP_086586259.1,-1,-,V,gap
CFTR,NP_000483.3,1,R,Theropithecus gelada,XP_086586259.1,0,M,R,CPD
CFTR,NP_000483.3,1,R,Theropithecus gelada,XP_086586259.1,1,Q,T,different
CFTR,NP_000483.3,1,R,Theropithecus gelada,XP_086586259.1,2,R,R,match
CFTR,NP_000483.3,1,R,Theropithecus gelada,XP_086586259.1,3,S,T,different
CFTR,NP_000483.3,1,R,Theropithecus gelada,XP_086586259.1,4,P,W,different
CFTR,NP_000483.3,1,R,Theropithecus gelada,XP_086586259.1,5,L,K,different
CFTR,NP_000483.3,1,R,Theropithecus gelada,XP_086586259.1,6,E,E,match
CFTR,NP_000483.3,1,R,Theropithecus gelada,XP_086586259.1,7,K,R,different
CFTR,NP_000483.3,1,R,Theropithecus gelada,XP_086586259.1,8,A,A,match
CFTR,NP_000483.3,1,R,Theropithecus gelada,XP_086586259.1,9,-,R,gap
CFTR,NP_000483.3,1,R,Theropithecus gelada,XP_086586259.1,10,-,G,gap
CLN3,NP_000077.1,295,K,Pan paniscus,XP_063453494.1,-10,I,I,match
CLN3,NP_000077.1,295,K,Pan paniscus,XP_063453494.1,-9,V,V,match
CLN3,NP_000077.1,295,K,Pan paniscus,XP_063453494.1,-8,P,P,match
CLN3,NP_000077.1,295,K,Pan paniscus,XP_063453494.1,-7,L,L,match
CLN3,NP_000077.1,295,K,Pan paniscus,XP_063453494.1,-6,V,V,match
CLN3,NP_000077.1,295,K,Pan paniscus,XP_063453494.1,-5,V,V,match
CLN3,NP_000077.1,295,K,Pan paniscus,XP_063453494.1,-4,V,V,match
CLN3,NP_000077.1,295,K,Pan paniscus,XP_063453494.1,-3,Y,Y,match
CLN3,NP_000077.1,295,K,Pan paniscus,XP_063453494.1,-2,F,F,match
CLN3,NP_000077.1,295,K,Pan paniscus,XP_063453494.1,-1,A,T,different
CLN3,NP_000077.1,295,K,Pan paniscus,XP_063453494.1,0,E,K,CPD
CLN3,NP_000077.1,295,K,Pan paniscus,XP_063453494.1,1,Y,Y,match
CLN3,NP_000077.1,295,K,Pan paniscus,XP_063453494.1,2,F,F,match
CLN3,NP_000077.1,295,K,Pan paniscus,XP_063453494.1,3,I,I,match
CLN3,NP_000077.1,295,K,Pan paniscus,XP_063453494.1,4,N,N,match
CLN3,NP_000077.1,295,K,Pan paniscus,XP_063453494.1,5,Q,Q,match
CLN3,NP_000077.1,295,K,Pan paniscus,XP_063453494.1,6,G,G,match
CLN3,NP_000077.1,295,K,Pan paniscus,XP_063453494.1,7,L,L,match
CLN3,NP_000077.1,295,K,Pan paniscus,XP_063453494.1,8,F,F,match
CLN3,NP_000077.1,295,K,Pan paniscus,XP_063453494.1,9,E,E,match
CLN3,NP_000077.1,295,K,Pan paniscus,XP_063453494.1,10,L,L,match
CNGB3,NP_061971.3,309,L,Propithecus coquereli,XP_012499049.1,-10,F,F,match
CNGB3,NP_061971.3,309,L,Propithecus coquereli,XP_012499049.1,-9,Q,Q,match
CNGB3,NP_061971.3,309,L,Propithecus coquereli,XP_012499049.1,-8,L,V,different
CNGB3,NP_061971.3,309,L,Propithecus coquereli,XP_012499049.1,-7,D,D,match
CNGB3,NP_061971.3,309,L,Propithecus coquereli,XP_012499049.1,-6,V,V,match
CNGB3,NP_061971.3,309,L,Propithecus coquereli,XP_012499049.1,-5,A,S,different
CNGB3,NP_061971.3,309,L,Propithecus coquereli,XP_012499049.1,-4,S,K,different
CNGB3,NP_061971.3,309,L,Propithecus coquereli,XP_012499049.1,-3,I,T,different
CNGB3,NP_061971.3,309,L,Propithecus coquereli,XP_012499049.1,-2,-,N,gap
CNGB3,NP_061971.3,309,L,Propithecus coquereli,XP_012499049.1,-1,I,I,match
CNGB3,NP_061971.3,309,L,Propithecus coquereli,XP_012499049.1,0,P,L,CPD
CNGB3,NP_061971.3,309,L,Propithecus coquereli,XP_012499049.1,1,F,L,different
CNGB3,NP_061971.3,309,L,Propithecus coquereli,XP_012499049.1,2,D,D,match
CNGB3,NP_061971.3,309,L,Propithecus coquereli,XP_012499049.1,3,I,F,different
CNGB3,NP_061971.3,309,L,Propithecus coquereli,XP_012499049.1,4,C,F,different
CNGB3,NP_061971.3,309,L,Propithecus coquereli,XP_012499049.1,5,Y,C,different
CNGB3,NP_061971.3,309,L,Propithecus coquereli,XP_012499049.1,6,L,L,match
CNGB3,NP_061971.3,309,L,Propithecus coquereli,XP_012499049.1,7,F,F,match
CNGB3,NP_061971.3,309,L,Propithecus coquereli,XP_012499049.1,8,F,S,different
CNGB3,NP_061971.3,309,L,Propithecus coquereli,XP_012499049.1,9,G,T,different
CNGB3,NP_061971.3,309,L,Propithecus coquereli,XP_012499049.1,10,F,X,different
CPS1,NP_001116105.2,1173,P,"ammonia], mitochondrial, partia",XP_012516669.1,-10,P,K,different
CPS1,NP_001116105.2,1173,P,"ammonia], mitochondrial, partia",XP_012516669.1,-9,V,I,different
CPS1,NP_001116105.2,1173,P,"ammonia], mitochondrial, partia",XP_012516669.1,-8,V,A,different
CPS1,NP_001116105.2,1173,P,"ammonia], mitochondrial, partia",XP_012516669.1,-7,L,K,different
CPS1,NP_001116105.2,1173,P,"ammonia], mitochondrial, partia",XP_012516669.1,-6,T,A,different
CPS1,NP_001116105.2,1173,P,"ammonia], mitochondrial, partia",XP_012516669.1,-5,K,F,different
CPS1,NP_001116105.2,1173,P,"ammonia], mitochondrial, partia",XP_012516669.1,-4,F,A,different
CPS1,NP_001116105.2,1173,P,"ammonia], mitochondrial, partia",XP_012516669.1,-3,V,I,different
CPS1,NP_001116105.2,1173,P,"ammonia], mitochondrial, partia",XP_012516669.1,-2,E,S,different
CPS1,NP_001116105.2,1173,P,"ammonia], mitochondrial, partia",XP_012516669.1,-1,G,G,match
CPS1,NP_001116105.2,1173,P,"ammonia], mitochondrial, partia",XP_012516669.1,0,A,P,CPD
CPS1,NP_001116105.2,1173,P,"ammonia], mitochondrial, partia",XP_012516669.1,1,R,F,different
CPS1,NP_001116105.2,1173,P,"ammonia], mitochondrial, partia",XP_012516669.1,2,E,N,different
CPS1,NP_001116105.2,1173,P,"ammonia], mitochondrial, partia",XP_012516669.1,3,V,V,match
CPS1,NP_001116105.2,1173,P,"ammonia], mitochondrial, partia",XP_012516669.1,4,E,Q,different
CPS1,NP_001116105.2,1173,P,"ammonia], mitochondrial, partia",XP_012516669.1,5,M,F,different
CPS1,NP_001116105.2,1173,P,"ammonia], mitochondrial, partia",XP_012516669.1,6,D,L,different
CPS1,NP_001116105.2,1173,P,"ammonia], mitochondrial, partia",XP_012516669.1,7,A,V,different
CPS1,NP_001116105.2,1173,P,"ammonia], mitochondrial, partia",XP_012516669.1,8,V,K,different
CPS1,NP_001116105.2,1173,P,"ammonia], mitochondrial, partia",XP_012516669.1,9,G,G,match
CPS1,NP_001116105.2,1173,P,"ammonia], mitochondrial, partia",XP_012516669.1,10,K,N,different
CRB1,NP_957705.1,564,N,Nycticebus coucang,XP_053462326.1,-10,V,V,match
CRB1,NP_957705.1,564,N,Nycticebus coucang,XP_053462326.1,-9,L,L,match
CRB1,NP_957705.1,564,N,Nycticebus coucang,XP_053462326.1,-8,L,L,match
CRB1,NP_957705.1,564,N,Nycticebus coucang,XP_053462326.1,-7,F,Y,different
CRB1,NP_957705.1,564,N,Nycticebus coucang,XP_053462326.1,-6,I,I,match
CRB1,NP_957705.1,564,N,Nycticebus coucang,XP_053462326.1,-5,S,S,match
CRB1,NP_957705.1,564,N,Nycticebus coucang,XP_053462326.1,-4,H,H,match
CRB1,NP_957705.1,564,N,Nycticebus coucang,XP_053462326.1,-3,N,N,match
CRB1,NP_957705.1,564,N,Nycticebus coucang,XP_053462326.1,-2,T,T,match
CRB1,NP_957705.1,564,N,Nycticebus coucang,XP_053462326.1,-1,S,S,match
CRB1,NP_957705.1,564,N,Nycticebus coucang,XP_053462326.1,0,D,N,CPD
CRB1,NP_957705.1,564,N,Nycticebus coucang,XP_053462326.1,1,G,G,match
CRB1,NP_957705.1,564,N,Nycticebus coucang,XP_053462326.1,2,E,E,match
CRB1,NP_957705.1,564,N,Nycticebus coucang,XP_053462326.1,3,W,W,match
CRB1,NP_957705.1,564,N,Nycticebus coucang,XP_053462326.1,4,H,H,match
CRB1,NP_957705.1,564,N,Nycticebus coucang,XP_053462326.1,5,F,S,different
CRB1,NP_957705.1,564,N,Nycticebus coucang,XP_053462326.1,6,V,V,match
CRB1,NP_957705.1,564,N,Nycticebus coucang,XP_053462326.1,7,E,E,match
CRB1,NP_957705.1,564,N,Nycticebus coucang,XP_053462326.1,8,V,V,match
CRB1,NP_957705.1,564,N,Nycticebus coucang,XP_053462326.1,9,I,T,different
CRB1,NP_957705.1,564,N,Nycticebus coucang,XP_053462326.1,10,F,F,match
CRB1,NP_957705.1,611,P,Rhinopithecus bieti,XP_017720122.1,-10,S,S,match
CRB1,NP_957705.1,611,P,Rhinopithecus bieti,XP_017720122.1,-9,D,D,match
CRB1,NP_957705.1,611,P,Rhinopithecus bieti,XP_017720122.1,-8,Q,Q,match
CRB1,NP_957705.1,611,P,Rhinopithecus bieti,XP_017720122.1,-7,S,S,match
CRB1,NP_957705.1,611,P,Rhinopithecus bieti,XP_017720122.1,-6,I,I,match
CRB1,NP_957705.1,611,P,Rhinopithecus bieti,XP_017720122.1,-5,C,C,match
CRB1,NP_957705.1,611,P,Rhinopithecus bieti,XP_017720122.1,-4,A,V,different
CRB1,NP_957705.1,611,P,Rhinopithecus bieti,XP_017720122.1,-3,F,F,match
CRB1,NP_957705.1,611,P,Rhinopithecus bieti,XP_017720122.1,-2,Q,R,different
CRB1,NP_957705.1,611,P,Rhinopithecus bieti,XP_017720122.1,-1,N,T,different
CRB1,NP_957705.1,611,P,Rhinopithecus bieti,XP_017720122.1,0,S,P,CPD
CRB1,NP_957705.1,611,P,Rhinopithecus bieti,XP_017720122.1,1,F,F,match
CRB1,NP_957705.1,611,P,Rhinopithecus bieti,XP_017720122.1,2,L,X,different
CRB1,NP_957705.1,611,P,Rhinopithecus bieti,XP_017720122.1,3,G,G,match
CRB1,NP_957705.1,611,P,Rhinopithecus bieti,XP_017720122.1,4,G,G,match
CRB1,NP_957705.1,611,P,Rhinopithecus bieti,XP_017720122.1,5,L,L,match
CRB1,NP_957705.1,611,P,Rhinopithecus bieti,XP_017720122.1,6,P,P,match
CRB1,NP_957705.1,611,P,Rhinopithecus bieti,XP_017720122.1,7,V,V,match
CRB1,NP_957705.1,611,P,Rhinopithecus bieti,XP_017720122.1,8,G,G,match
CRB1,NP_957705.1,611,P,Rhinopithecus bieti,XP_017720122.1,9,M,T,different
CRB1,NP_957705.1,611,P,Rhinopithecus bieti,XP_017720122.1,10,T,T,match
CRB1,NP_957705.1,539,R,Lemur catta,XP_045392469.1,-10,R,G,different
CRB1,NP_957705.1,539,R,Lemur catta,XP_045392469.1,-9,D,D,match
CRB1,NP_957705.1,539,R,Lemur catta,XP_045392469.1,-8,V,A,different
CRB1,NP_957705.1,539,R,Lemur catta,XP_045392469.1,-7,F,A,different
CRB1,NP_957705.1,539,R,Lemur catta,XP_045392469.1,-6,V,V,match
CRB1,NP_957705.1,539,R,Lemur catta,XP_045392469.1,-5,K,R,different
CRB1,NP_957705.1,539,R,Lemur catta,XP_045392469.1,-4,L,L,match
CRB1,NP_957705.1,539,R,Lemur catta,XP_045392469.1,-3,E,E,match
CRB1,NP_957705.1,539,R,Lemur catta,XP_045392469.1,-2,L,L,match
CRB1,NP_957705.1,539,R,Lemur catta,XP_045392469.1,-1,L,L,match
CRB1,NP_957705.1,539,R,Lemur catta,XP_045392469.1,0,S,R,CPD
CRB1,NP_957705.1,539,R,Lemur catta,XP_045392469.1,1,G,G,match
CRB1,NP_957705.1,539,R,Lemur catta,XP_045392469.1,2,Y,H,different
CRB1,NP_957705.1,539,R,Lemur catta,XP_045392469.1,3,I,V,different
CRB1,NP_957705.1,539,R,Lemur catta,XP_045392469.1,4,H,H,match
CRB1,NP_957705.1,539,R,Lemur catta,XP_045392469.1,5,L,L,match
CRB1,NP_957705.1,539,R,Lemur catta,XP_045392469.1,6,S,S,match
CRB1,NP_957705.1,539,R,Lemur catta,XP_045392469.1,7,I,V,different
CRB1,NP_957705.1,539,R,Lemur catta,XP_045392469.1,8,Q,G,different
CRB1,NP_957705.1,539,R,Lemur catta,XP_045392469.1,9,V,A,different
CRB1,NP_957705.1,539,R,Lemur catta,XP_045392469.1,10,N,G,different
CRB1,NP_957705.1,539,R,Propithecus coquereli,XP_012505915.1,-10,R,G,different
CRB1,NP_957705.1,539,R,Propithecus coquereli,XP_012505915.1,-9,D,D,match
CRB1,NP_957705.1,539,R,Propithecus coquereli,XP_012505915.1,-8,V,V,match
CRB1,NP_957705.1,539,R,Propithecus coquereli,XP_012505915.1,-7,F,F,match
CRB1,NP_957705.1,539,R,Propithecus coquereli,XP_012505915.1,-6,V,A,different
CRB1,NP_957705.1,539,R,Propithecus coquereli,XP_012505915.1,-5,K,K,match
CRB1,NP_957705.1,539,R,Propithecus coquereli,XP_012505915.1,-4,L,L,match
CRB1,NP_957705.1,539,R,Propithecus coquereli,XP_012505915.1,-3,E,E,match
CRB1,NP_957705.1,539,R,Propithecus coquereli,XP_012505915.1,-2,L,L,match
CRB1,NP_957705.1,539,R,Propithecus coquereli,XP_012505915.1,-1,L,L,match
CRB1,NP_957705.1,539,R,Propithecus coquereli,XP_012505915.1,0,S,R,CPD
CRB1,NP_957705.1,539,R,Propithecus coquereli,XP_012505915.1,1,G,G,match
CRB1,NP_957705.1,539,R,Propithecus coquereli,XP_012505915.1,2,Y,R,different
CRB1,NP_957705.1,539,R,Propithecus coquereli,XP_012505915.1,3,I,V,different
CRB1,NP_957705.1,539,R,Propithecus coquereli,XP_012505915.1,4,H,H,match
CRB1,NP_957705.1,539,R,Propithecus coquereli,XP_012505915.1,5,L,L,match
CRB1,NP_957705.1,539,R,Propithecus coquereli,XP_012505915.1,6,S,S,match
CRB1,NP_957705.1,539,R,Propithecus coquereli,XP_012505915.1,7,I,V,different
CRB1,NP_957705.1,539,R,Propithecus coquereli,XP_012505915.1,8,Q,Q,match
CRB1,NP_957705.1,539,R,Propithecus coquereli,XP_012505915.1,9,V,V,match
CRB1,NP_957705.1,539,R,Propithecus coquereli,XP_012505915.1,10,N,M,different
CYP11B1,NP_000488.3,88,I,Propithecus coquereli,XP_012503461.1,-10,L,P,different
CYP11B1,NP_000488.3,88,I,Propithecus coquereli,XP_012503461.1,-9,G,P,different
CYP11B1,NP_000488.3,88,I,Propithecus coquereli,XP_012503461.1,-8,-,C,gap
CYP11B1,NP_000488.3,88,I,Propithecus coquereli,XP_012503461.1,-7,-,P,gap
CYP11B1,NP_000488.3,88,I,Propithecus coquereli,XP_012503461.1,-6,-,S,gap
CYP11B1,NP_000488.3,88,I,Propithecus coquereli,XP_012503461.1,-5,-,L,gap
CYP11B1,NP_000488.3,88,I,Propithecus coquereli,XP_012503461.1,-4,-,R,gap
CYP11B1,NP_000488.3,88,I,Propithecus coquereli,XP_012503461.1,-3,G,T,different
CYP11B1,NP_000488.3,88,I,Propithecus coquereli,XP_012503461.1,-2,A,P,different
CYP11B1,NP_000488.3,88,I,Propithecus coquereli,XP_012503461.1,-1,G,R,different
CYP11B1,NP_000488.3,88,I,Propithecus coquereli,XP_012503461.1,0,M,I,CPD
CYP11B1,NP_000488.3,88,I,Propithecus coquereli,XP_012503461.1,1,V,F,different
CYP11B1,NP_000488.3,88,I,Propithecus coquereli,XP_012503461.1,2,C,C,match
CYP11B1,NP_000488.3,88,I,Propithecus coquereli,XP_012503461.1,3,-,P,gap
CYP11B1,NP_000488.3,88,I,Propithecus coquereli,XP_012503461.1,4,V,C,different
CYP11B1,NP_000488.3,88,I,Propithecus coquereli,XP_012503461.1,5,M,W,different
CYP11B1,NP_000488.3,88,I,Propithecus coquereli,XP_012503461.1,6,L,L,match
CYP11B1,NP_000488.3,88,I,Propithecus coquereli,XP_012503461.1,7,P,P,match
CYP11B1,NP_000488.3,88,I,Propithecus coquereli,XP_012503461.1,8,E,R,different
CYP11B1,NP_000488.3,88,I,Propithecus coquereli,XP_012503461.1,9,D,P,different
CYP11B1,NP_000488.3,88,I,Propithecus coquereli,XP_012503461.1,10,V,L,different
CYP17A1,NP_000093.1,82,D,Carlito syrichta,XP_021564209.1,-10,T,E,different
CYP17A1,NP_000093.1,82,D,Carlito syrichta,XP_021564209.1,-9,T,P,different
CYP17A1,NP_000093.1,82,D,Carlito syrichta,XP_021564209.1,-8,V,-,gap
CYP17A1,NP_000093.1,82,D,Carlito syrichta,XP_021564209.1,-7,I,-,gap
CYP17A1,NP_000093.1,82,D,Carlito syrichta,XP_021564209.1,-6,V,P,different
CYP17A1,NP_000093.1,82,D,Carlito syrichta,XP_021564209.1,-5,G,G,match
CYP17A1,NP_000093.1,82,D,Carlito syrichta,XP_021564209.1,-4,H,C,different
CYP17A1,NP_000093.1,82,D,Carlito syrichta,XP_021564209.1,-3,H,C,different
CYP17A1,NP_000093.1,82,D,Carlito syrichta,XP_021564209.1,-2,Q,S,different
CYP17A1,NP_000093.1,82,D,Carlito syrichta,XP_021564209.1,-1,L,L,match
CYP17A1,NP_000093.1,82,D,Carlito syrichta,XP_021564209.1,0,A,D,CPD
CYP17A1,NP_000093.1,82,D,Carlito syrichta,XP_021564209.1,1,K,E,different
CYP17A1,NP_000093.1,82,D,Carlito syrichta,XP_021564209.1,2,E,K,different
CYP17A1,NP_000093.1,82,D,Carlito syrichta,XP_021564209.1,3,V,-,gap
CYP17A1,NP_000093.1,82,D,Carlito syrichta,XP_021564209.1,4,L,-,gap
CYP17A1,NP_000093.1,82,D,Carlito syrichta,XP_021564209.1,5,I,-,gap
CYP17A1,NP_000093.1,82,D,Carlito syrichta,XP_021564209.1,6,K,-,gap
CYP17A1,NP_000093.1,82,D,Carlito syrichta,XP_021564209.1,7,K,-,gap
CYP17A1,NP_000093.1,82,D,Carlito syrichta,XP_021564209.1,8,G,-,gap
CYP17A1,NP_000093.1,82,D,Carlito syrichta,XP_021564209.1,9,K,-,gap
CYP17A1,NP_000093.1,82,D,Carlito syrichta,XP_021564209.1,10,D,-,gap
ERCC6,NP_001263987.1,934,T,Carlito syrichta,XP_008050949.1,-10,Y,Q,different
ERCC6,NP_001263987.1,934,T,Carlito syrichta,XP_008050949.1,-9,N,I,different
ERCC6,NP_001263987.1,934,T,Carlito syrichta,XP_008050949.1,-8,Q,E,different
ERCC6,NP_001263987.1,934,T,Carlito syrichta,XP_008050949.1,-7,F,P,different
ERCC6,NP_001263987.1,934,T,Carlito syrichta,XP_008050949.1,-6,M,L,different
ERCC6,NP_001263987.1,934,T,Carlito syrichta,XP_008050949.1,-5,G,W,different
ERCC6,NP_001263987.1,934,T,Carlito syrichta,XP_008050949.1,-4,G,E,different
ERCC6,NP_001263987.1,934,T,Carlito syrichta,XP_008050949.1,-3,V,N,different
ERCC6,NP_001263987.1,934,T,Carlito syrichta,XP_008050949.1,-2,D,E,different
ERCC6,NP_001263987.1,934,T,Carlito syrichta,XP_008050949.1,-1,R,Q,different
ERCC6,NP_001263987.1,934,T,Carlito syrichta,XP_008050949.1,0,A,T,CPD
ERCC6,NP_001263987.1,934,T,Carlito syrichta,XP_008050949.1,1,D,E,different
ERCC6,NP_001263987.1,934,T,Carlito syrichta,XP_008050949.1,2,E,N,different
ERCC6,NP_001263987.1,934,T,Carlito syrichta,XP_008050949.1,3,N,N,match
ERCC6,NP_001263987.1,934,T,Carlito syrichta,XP_008050949.1,4,I,F,different
ERCC6,NP_001263987.1,934,T,Carlito syrichta,XP_008050949.1,5,D,Y,different
ERCC6,NP_001263987.1,934,T,Carlito syrichta,XP_008050949.1,6,K,K,match
ERCC6,NP_001263987.1,934,T,Carlito syrichta,XP_008050949.1,7,Y,H,different
ERCC6,NP_001263987.1,934,T,Carlito syrichta,XP_008050949.1,8,R,K,different
ERCC6,NP_001263987.1,934,T,Carlito syrichta,XP_008050949.1,9,A,S,different
ERCC6,NP_001263987.1,934,T,Carlito syrichta,XP_008050949.1,10,S,K,different
EYS,NP_001136272.1,2502,R,Cercocebus atys,XP_011923757.1,-10,N,N,match
EYS,NP_001136272.1,2502,R,Cercocebus atys,XP_011923757.1,-9,L,L,match
EYS,NP_001136272.1,2502,R,Cercocebus atys,XP_011923757.1,-8,G,G,match
EYS,NP_001136272.1,2502,R,Cercocebus atys,XP_011923757.1,-7,S,S,match
EYS,NP_001136272.1,2502,R,Cercocebus atys,XP_011923757.1,-6,G,G,match
EYS,NP_001136272.1,2502,R,Cercocebus atys,XP_011923757.1,-5,I,I,match
EYS,NP_001136272.1,2502,R,Cercocebus atys,XP_011923757.1,-4,A,A,match
EYS,NP_001136272.1,2502,R,Cercocebus atys,XP_011923757.1,-3,S,S,match
EYS,NP_001136272.1,2502,R,Cercocebus atys,XP_011923757.1,-2,I,I,match
EYS,NP_001136272.1,2502,R,Cercocebus atys,XP_011923757.1,-1,R,R,match
EYS,NP_001136272.1,2502,R,Cercocebus atys,XP_011923757.1,0,S,R,CPD
EYS,NP_001136272.1,2502,R,Cercocebus atys,XP_011923757.1,1,E,I,different
EYS,NP_001136272.1,2502,R,Cercocebus atys,XP_011923757.1,2,P,P,match
EYS,NP_001136272.1,2502,R,Cercocebus atys,XP_011923757.1,3,L,X,different
EYS,NP_001136272.1,2502,R,Cercocebus atys,XP_011923757.1,4,N,H,different
EYS,NP_001136272.1,2502,R,Cercocebus atys,XP_011923757.1,5,L,L,match
EYS,NP_001136272.1,2502,R,Cercocebus atys,XP_011923757.1,6,S,S,match
EYS,NP_001136272.1,2502,R,Cercocebus atys,XP_011923757.1,7,L,L,match
EYS,NP_001136272.1,2502,R,Cercocebus atys,XP_011923757.1,8,G,G,match
EYS,NP_001136272.1,2502,R,Cercocebus atys,XP_011923757.1,9,V,V,match
EYS,NP_001136272.1,2502,R,Cercocebus atys,XP_011923757.1,10,H,H,match
F8,NP_000123.1,2038,S,Callithrix jacchus,XP_078219844.1,-10,G,G,match
F8,NP_000123.1,2038,S,Callithrix jacchus,XP_078219844.1,-9,M,M,match
F8,NP_000123.1,2038,S,Callithrix jacchus,XP_078219844.1,-8,S,S,match
F8,NP_000123.1,2038,S,Callithrix jacchus,XP_078219844.1,-7,T,T,match
F8,NP_000123.1,2038,S,Callithrix jacchus,XP_078219844.1,-6,L,L,match
F8,NP_000123.1,2038,S,Callithrix jacchus,XP_078219844.1,-5,F,F,match
F8,NP_000123.1,2038,S,Callithrix jacchus,XP_078219844.1,-4,L,L,match
F8,NP_000123.1,2038,S,Callithrix jacchus,XP_078219844.1,-3,V,V,match
F8,NP_000123.1,2038,S,Callithrix jacchus,XP_078219844.1,-2,Y,Y,match
F8,NP_000123.1,2038,S,Callithrix jacchus,XP_078219844.1,-1,S,S,match
F8,NP_000123.1,2038,S,Callithrix jacchus,XP_078219844.1,0,N,S,CPD
F8,NP_000123.1,2038,S,Callithrix jacchus,XP_078219844.1,1,K,K,match
F8,NP_000123.1,2038,S,Callithrix jacchus,XP_078219844.1,2,C,C,match
F8,NP_000123.1,2038,S,Callithrix jacchus,XP_078219844.1,3,Q,Q,match
F8,NP_000123.1,2038,S,Callithrix jacchus,XP_078219844.1,4,T,T,match
F8,NP_000123.1,2038,S,Callithrix jacchus,XP_078219844.1,5,P,P,match
F8,NP_000123.1,2038,S,Callithrix jacchus,XP_078219844.1,6,L,L,match
F8,NP_000123.1,2038,S,Callithrix jacchus,XP_078219844.1,7,G,G,match
F8,NP_000123.1,2038,S,Callithrix jacchus,XP_078219844.1,8,M,M,match
F8,NP_000123.1,2038,S,Callithrix jacchus,XP_078219844.1,9,A,A,match
F8,NP_000123.1,2038,S,Callithrix jacchus,XP_078219844.1,10,S,S,match
F8,NP_000123.1,2157,S,Aotus nancymaae,XP_064227599.1,-10,G,G,match
F8,NP_000123.1,2157,S,Aotus nancymaae,XP_064227599.1,-9,N,N,match
F8,NP_000123.1,2157,S,Aotus nancymaae,XP_064227599.1,-8,V,V,match
F8,NP_000123.1,2157,S,Aotus nancymaae,XP_064227599.1,-7,D,D,match
F8,NP_000123.1,2157,S,Aotus nancymaae,XP_064227599.1,-6,S,S,match
F8,NP_000123.1,2157,S,Aotus nancymaae,XP_064227599.1,-5,S,S,match
F8,NP_000123.1,2157,S,Aotus nancymaae,XP_064227599.1,-4,G,G,match
F8,NP_000123.1,2157,S,Aotus nancymaae,XP_064227599.1,-3,I,I,match
F8,NP_000123.1,2157,S,Aotus nancymaae,XP_064227599.1,-2,K,K,match
F8,NP_000123.1,2157,S,Aotus nancymaae,XP_064227599.1,-1,H,H,match
F8,NP_000123.1,2157,S,Aotus nancymaae,XP_064227599.1,0,N,S,CPD
F8,NP_000123.1,2157,S,Aotus nancymaae,XP_064227599.1,1,I,I,match
F8,NP_000123.1,2157,S,Aotus nancymaae,XP_064227599.1,2,F,F,match
F8,NP_000123.1,2157,S,Aotus nancymaae,XP_064227599.1,3,N,N,match
F8,NP_000123.1,2157,S,Aotus nancymaae,XP_064227599.1,4,P,P,match
F8,NP_000123.1,2157,S,Aotus nancymaae,XP_064227599.1,5,P,P,match
F8,NP_000123.1,2157,S,Aotus nancymaae,XP_064227599.1,6,I,I,match
F8,NP_000123.1,2157,S,Aotus nancymaae,XP_064227599.1,7,I,I,match
F8,NP_000123.1,2157,S,Aotus nancymaae,XP_064227599.1,8,A,A,match
F8,NP_000123.1,2157,S,Aotus nancymaae,XP_064227599.1,9,R,R,match
F8,NP_000123.1,2157,S,Aotus nancymaae,XP_064227599.1,10,Y,Y,match
F9,NP_000124.1,75,Q,Otolemur garnettii,XP_023373463.1,-10,M,I,different
F9,NP_000124.1,75,Q,Otolemur garnettii,XP_023373463.1,-9,E,E,match
F9,NP_000124.1,75,Q,Otolemur garnettii,XP_023373463.1,-8,E,E,match
F9,NP_000124.1,75,Q,Otolemur garnettii,XP_023373463.1,-7,K,K,match
F9,NP_000124.1,75,Q,Otolemur garnettii,XP_023373463.1,-6,C,C,match
F9,NP_000124.1,75,Q,Otolemur garnettii,XP_023373463.1,-5,S,S,match
F9,NP_000124.1,75,Q,Otolemur garnettii,XP_023373463.1,-4,F,F,match
F9,NP_000124.1,75,Q,Otolemur garnettii,XP_023373463.1,-3,E,E,match
F9,NP_000124.1,75,Q,Otolemur garnettii,XP_023373463.1,-2,E,E,match
F9,NP_000124.1,75,Q,Otolemur garnettii,XP_023373463.1,-1,A,A,match
F9,NP_000124.1,75,Q,Otolemur garnettii,XP_023373463.1,0,R,Q,CPD
F9,NP_000124.1,75,Q,Otolemur garnettii,XP_023373463.1,1,E,E,match
F9,NP_000124.1,75,Q,Otolemur garnettii,XP_023373463.1,2,V,V,match
F9,NP_000124.1,75,Q,Otolemur garnettii,XP_023373463.1,3,F,F,match
F9,NP_000124.1,75,Q,Otolemur garnettii,XP_023373463.1,4,E,E,match
F9,NP_000124.1,75,Q,Otolemur garnettii,XP_023373463.1,5,N,N,match
F9,NP_000124.1,75,Q,Otolemur garnettii,XP_023373463.1,6,T,K,different
F9,NP_000124.1,75,Q,Otolemur garnettii,XP_023373463.1,7,E,E,match
F9,NP_000124.1,75,Q,Otolemur garnettii,XP_023373463.1,8,R,R,match
F9,NP_000124.1,75,Q,Otolemur garnettii,XP_023373463.1,9,T,T,match
F9,NP_000124.1,75,Q,Otolemur garnettii,XP_023373463.1,10,T,T,match
FANCA,NP_000126.2,936,K,Propithecus coquereli,XP_012512613.1,-10,H,H,match
FANCA,NP_000126.2,936,K,Propithecus coquereli,XP_012512613.1,-9,L,R,different
FANCA,NP_000126.2,936,K,Propithecus coquereli,XP_012512613.1,-8,T,P,different
FANCA,NP_000126.2,936,K,Propithecus coquereli,XP_012512613.1,-7,Y,-,gap
FANCA,NP_000126.2,936,K,Propithecus coquereli,XP_012512613.1,-6,Q,-,gap
FANCA,NP_000126.2,936,K,Propithecus coquereli,XP_012512613.1,-5,D,-,gap
FANCA,NP_000126.2,936,K,Propithecus coquereli,XP_012512613.1,-4,W,-,gap
FANCA,NP_000126.2,936,K,Propithecus coquereli,XP_012512613.1,-3,L,L,match
FANCA,NP_000126.2,936,K,Propithecus coquereli,XP_012512613.1,-2,H,F,different
FANCA,NP_000126.2,936,K,Propithecus coquereli,XP_012512613.1,-1,L,T,different
FANCA,NP_000126.2,936,K,Propithecus coquereli,XP_012512613.1,0,E,K,CPD
FANCA,NP_000126.2,936,K,Propithecus coquereli,XP_012512613.1,1,L,L,match
FANCA,NP_000126.2,936,K,Propithecus coquereli,XP_012512613.1,2,E,-,gap
FANCA,NP_000126.2,936,K,Propithecus coquereli,XP_012512613.1,3,I,-,gap
FANCA,NP_000126.2,936,K,Propithecus coquereli,XP_012512613.1,4,Q,-,gap
FANCA,NP_000126.2,936,K,Propithecus coquereli,XP_012512613.1,5,P,I,different
FANCA,NP_000126.2,936,K,Propithecus coquereli,XP_012512613.1,6,E,S,different
FANCA,NP_000126.2,936,K,Propithecus coquereli,XP_012512613.1,7,A,C,different
FANCA,NP_000126.2,936,K,Propithecus coquereli,XP_012512613.1,8,D,A,different
FANCA,NP_000126.2,936,K,Propithecus coquereli,XP_012512613.1,9,A,A,match
FANCA,NP_000126.2,936,K,Propithecus coquereli,XP_012512613.1,10,L,S,different
FANCA,NP_000126.2,358,R,Macaca nemestrina,XP_070939801.1,-10,-,G,gap
FANCA,NP_000126.2,358,R,Macaca nemestrina,XP_070939801.1,-9,A,G,different
FANCA,NP_000126.2,358,R,Macaca nemestrina,XP_070939801.1,-8,R,R,match
FANCA,NP_000126.2,358,R,Macaca nemestrina,XP_070939801.1,-7,T,D,different
FANCA,NP_000126.2,358,R,Macaca nemestrina,XP_070939801.1,-6,H,A,different
FANCA,NP_000126.2,358,R,Macaca nemestrina,XP_070939801.1,-5,P,A,different
FANCA,NP_000126.2,358,R,Macaca nemestrina,XP_070939801.1,-4,L,V,different
FANCA,NP_000126.2,358,R,Macaca nemestrina,XP_070939801.1,-3,L,R,different
FANCA,NP_000126.2,358,R,Macaca nemestrina,XP_070939801.1,-2,T,G,different
FANCA,NP_000126.2,358,R,Macaca nemestrina,XP_070939801.1,-1,S,G,different
FANCA,NP_000126.2,358,R,Macaca nemestrina,XP_070939801.1,0,L,R,CPD
FANCA,NP_000126.2,358,R,Macaca nemestrina,XP_070939801.1,1,Y,D,different
FANCA,NP_000126.2,358,R,Macaca nemestrina,XP_070939801.1,2,R,A,different
FANCA,NP_000126.2,358,R,Macaca nemestrina,XP_070939801.1,3,R,A,different
FANCA,NP_000126.2,358,R,Macaca nemestrina,XP_070939801.1,4,L,L,match
FANCA,NP_000126.2,358,R,Macaca nemestrina,XP_070939801.1,5,F,F,match
FANCA,NP_000126.2,358,R,Macaca nemestrina,XP_070939801.1,6,V,V,match
FANCA,NP_000126.2,358,R,Macaca nemestrina,XP_070939801.1,7,M,M,match
FANCA,NP_000126.2,358,R,Macaca nemestrina,XP_070939801.1,8,L,L,match
FANCA,NP_000126.2,358,R,Macaca nemestrina,XP_070939801.1,9,S,S,match
FANCA,NP_000126.2,358,R,Macaca nemestrina,XP_070939801.1,10,A,P,different
G6PD,NP_000393.4,3,W,Nomascus leucogenys,XP_030663505.1,-10,-,L,gap
G6PD,NP_000393.4,3,W,Nomascus leucogenys,XP_030663505.1,-9,-,Q,gap
G6PD,NP_000393.4,3,W,Nomascus leucogenys,XP_030663505.1,-8,-,R,gap
G6PD,NP_000393.4,3,W,Nomascus leucogenys,XP_030663505.1,-7,-,R,gap
G6PD,NP_000393.4,3,W,Nomascus leucogenys,XP_030663505.1,-6,-,C,gap
G6PD,NP_000393.4,3,W,Nomascus leucogenys,XP_030663505.1,-5,-,P,gap
G6PD,NP_000393.4,3,W,Nomascus leucogenys,XP_030663505.1,-4,-,R,gap
G6PD,NP_000393.4,3,W,Nomascus leucogenys,XP_030663505.1,-3,-,G,gap
G6PD,NP_000393.4,3,W,Nomascus leucogenys,XP_030663505.1,-2,M,G,different
G6PD,NP_000393.4,3,W,Nomascus leucogenys,XP_030663505.1,-1,G,G,match
G6PD,NP_000393.4,3,W,Nomascus leucogenys,XP_030663505.1,0,R,W,CPD
G6PD,NP_000393.4,3,W,Nomascus leucogenys,XP_030663505.1,1,R,P,different
G6PD,NP_000393.4,3,W,Nomascus leucogenys,XP_030663505.1,2,G,G,match
G6PD,NP_000393.4,3,W,Nomascus leucogenys,XP_030663505.1,3,S,M,different
G6PD,NP_000393.4,3,W,Nomascus leucogenys,XP_030663505.1,4,A,R,different
G6PD,NP_000393.4,3,W,Nomascus leucogenys,XP_030663505.1,5,P,A,different
G6PD,NP_000393.4,3,W,Nomascus leucogenys,XP_030663505.1,6,G,H,different
G6PD,NP_000393.4,3,W,Nomascus leucogenys,XP_030663505.1,7,N,L,different
G6PD,NP_000393.4,3,W,Nomascus leucogenys,XP_030663505.1,8,G,H,different
G6PD,NP_000393.4,3,W,Nomascus leucogenys,XP_030663505.1,9,R,S,different
G6PD,NP_000393.4,3,W,Nomascus leucogenys,XP_030663505.1,10,T,P,different
G6PD,NP_000393.4,3,W,Pongo pygmaeus,XP_054326588.1,-10,-,-,gap
G6PD,NP_000393.4,3,W,Pongo pygmaeus,XP_054326588.1,-9,-,-,gap
G6PD,NP_000393.4,3,W,Pongo pygmaeus,XP_054326588.1,-8,-,-,gap
G6PD,NP_000393.4,3,W,Pongo pygmaeus,XP_054326588.1,-7,-,-,gap
G6PD,NP_000393.4,3,W,Pongo pygmaeus,XP_054326588.1,-6,-,-,gap
G6PD,NP_000393.4,3,W,Pongo pygmaeus,XP_054326588.1,-5,-,-,gap
G6PD,NP_000393.4,3,W,Pongo pygmaeus,XP_054326588.1,-4,-,-,gap
G6PD,NP_000393.4,3,W,Pongo pygmaeus,XP_054326588.1,-3,-,-,gap
G6PD,NP_000393.4,3,W,Pongo pygmaeus,XP_054326588.1,-2,M,M,match
G6PD,NP_000393.4,3,W,Pongo pygmaeus,XP_054326588.1,-1,G,G,match
G6PD,NP_000393.4,3,W,Pongo pygmaeus,XP_054326588.1,0,R,W,CPD
G6PD,NP_000393.4,3,W,Pongo pygmaeus,XP_054326588.1,1,R,R,match
G6PD,NP_000393.4,3,W,Pongo pygmaeus,XP_054326588.1,2,G,G,match
G6PD,NP_000393.4,3,W,Pongo pygmaeus,XP_054326588.1,3,S,S,match
G6PD,NP_000393.4,3,W,Pongo pygmaeus,XP_054326588.1,4,A,V,different
G6PD,NP_000393.4,3,W,Pongo pygmaeus,XP_054326588.1,5,P,P,match
G6PD,NP_000393.4,3,W,Pongo pygmaeus,XP_054326588.1,6,G,G,match
G6PD,NP_000393.4,3,W,Pongo pygmaeus,XP_054326588.1,7,N,N,match
G6PD,NP_000393.4,3,W,Pongo pygmaeus,XP_054326588.1,8,G,G,match
G6PD,NP_000393.4,3,W,Pongo pygmaeus,XP_054326588.1,9,R,R,match
G6PD,NP_000393.4,3,W,Pongo pygmaeus,XP_054326588.1,10,T,T,match
G6PD,NP_000393.4,3,W,Microcebus murinus,XP_012613637.1,-10,-,-,gap
G6PD,NP_000393.4,3,W,Microcebus murinus,XP_012613637.1,-9,-,-,gap
G6PD,NP_000393.4,3,W,Microcebus murinus,XP_012613637.1,-8,-,-,gap
G6PD,NP_000393.4,3,W,Microcebus murinus,XP_012613637.1,-7,-,-,gap
G6PD,NP_000393.4,3,W,Microcebus murinus,XP_012613637.1,-6,-,-,gap
G6PD,NP_000393.4,3,W,Microcebus murinus,XP_012613637.1,-5,-,-,gap
G6PD,NP_000393.4,3,W,Microcebus murinus,XP_012613637.1,-4,-,-,gap
G6PD,NP_000393.4,3,W,Microcebus murinus,XP_012613637.1,-3,-,-,gap
G6PD,NP_000393.4,3,W,Microcebus murinus,XP_012613637.1,-2,M,M,match
G6PD,NP_000393.4,3,W,Microcebus murinus,XP_012613637.1,-1,G,G,match
G6PD,NP_000393.4,3,W,Microcebus murinus,XP_012613637.1,0,R,W,CPD
G6PD,NP_000393.4,3,W,Microcebus murinus,XP_012613637.1,1,R,R,match
G6PD,NP_000393.4,3,W,Microcebus murinus,XP_012613637.1,2,G,G,match
G6PD,NP_000393.4,3,W,Microcebus murinus,XP_012613637.1,3,S,T,different
G6PD,NP_000393.4,3,W,Microcebus murinus,XP_012613637.1,4,A,A,match
G6PD,NP_000393.4,3,W,Microcebus murinus,XP_012613637.1,5,P,P,match
G6PD,NP_000393.4,3,W,Microcebus murinus,XP_012613637.1,6,G,G,match
G6PD,NP_000393.4,3,W,Microcebus murinus,XP_012613637.1,7,N,N,match
G6PD,NP_000393.4,3,W,Microcebus murinus,XP_012613637.1,8,G,G,match
G6PD,NP_000393.4,3,W,Microcebus murinus,XP_012613637.1,9,R,R,match
G6PD,NP_000393.4,3,W,Microcebus murinus,XP_012613637.1,10,T,A,different
G6PD,NP_000393.4,3,W,Eulemur rufifrons,XP_069320023.1,-10,-,-,gap
G6PD,NP_000393.4,3,W,Eulemur rufifrons,XP_069320023.1,-9,-,-,gap
G6PD,NP_000393.4,3,W,Eulemur rufifrons,XP_069320023.1,-8,-,-,gap
G6PD,NP_000393.4,3,W,Eulemur rufifrons,XP_069320023.1,-7,-,-,gap
G6PD,NP_000393.4,3,W,Eulemur rufifrons,XP_069320023.1,-6,-,-,gap
G6PD,NP_000393.4,3,W,Eulemur rufifrons,XP_069320023.1,-5,-,-,gap
G6PD,NP_000393.4,3,W,Eulemur rufifrons,XP_069320023.1,-4,-,-,gap
G6PD,NP_000393.4,3,W,Eulemur rufifrons,XP_069320023.1,-3,-,-,gap
G6PD,NP_000393.4,3,W,Eulemur rufifrons,XP_069320023.1,-2,M,M,match
G6PD,NP_000393.4,3,W,Eulemur rufifrons,XP_069320023.1,-1,G,G,match
G6PD,NP_000393.4,3,W,Eulemur rufifrons,XP_069320023.1,0,R,W,CPD
G6PD,NP_000393.4,3,W,Eulemur rufifrons,XP_069320023.1,1,R,R,match
G6PD,NP_000393.4,3,W,Eulemur rufifrons,XP_069320023.1,2,G,G,match
G6PD,NP_000393.4,3,W,Eulemur rufifrons,XP_069320023.1,3,S,T,different
G6PD,NP_000393.4,3,W,Eulemur rufifrons,XP_069320023.1,4,A,A,match
G6PD,NP_000393.4,3,W,Eulemur rufifrons,XP_069320023.1,5,P,P,match
G6PD,NP_000393.4,3,W,Eulemur rufifrons,XP_069320023.1,6,G,G,match
G6PD,NP_000393.4,3,W,Eulemur rufifrons,XP_069320023.1,7,N,N,match
G6PD,NP_000393.4,3,W,Eulemur rufifrons,XP_069320023.1,8,G,G,match
G6PD,NP_000393.4,3,W,Eulemur rufifrons,XP_069320023.1,9,R,R,match
G6PD,NP_000393.4,3,W,Eulemur rufifrons,XP_069320023.1,10,T,A,different
G6PD,NP_000393.4,3,W,Lemur catta,XP_045394214.1,-10,-,-,gap
G6PD,NP_000393.4,3,W,Lemur catta,XP_045394214.1,-9,-,-,gap
G6PD,NP_000393.4,3,W,Lemur catta,XP_045394214.1,-8,-,-,gap
G6PD,NP_000393.4,3,W,Lemur catta,XP_045394214.1,-7,-,-,gap
G6PD,NP_000393.4,3,W,Lemur catta,XP_045394214.1,-6,-,-,gap
G6PD,NP_000393.4,3,W,Lemur catta,XP_045394214.1,-5,-,-,gap
G6PD,NP_000393.4,3,W,Lemur catta,XP_045394214.1,-4,-,-,gap
G6PD,NP_000393.4,3,W,Lemur catta,XP_045394214.1,-3,-,-,gap
G6PD,NP_000393.4,3,W,Lemur catta,XP_045394214.1,-2,M,M,match
G6PD,NP_000393.4,3,W,Lemur catta,XP_045394214.1,-1,G,G,match
G6PD,NP_000393.4,3,W,Lemur catta,XP_045394214.1,0,R,W,CPD
G6PD,NP_000393.4,3,W,Lemur catta,XP_045394214.1,1,R,R,match
G6PD,NP_000393.4,3,W,Lemur catta,XP_045394214.1,2,G,G,match
G6PD,NP_000393.4,3,W,Lemur catta,XP_045394214.1,3,S,T,different
G6PD,NP_000393.4,3,W,Lemur catta,XP_045394214.1,4,A,A,match
G6PD,NP_000393.4,3,W,Lemur catta,XP_045394214.1,5,P,P,match
G6PD,NP_000393.4,3,W,Lemur catta,XP_045394214.1,6,G,G,match
G6PD,NP_000393.4,3,W,Lemur catta,XP_045394214.1,7,N,N,match
G6PD,NP_000393.4,3,W,Lemur catta,XP_045394214.1,8,G,G,match
G6PD,NP_000393.4,3,W,Lemur catta,XP_045394214.1,9,R,R,match
G6PD,NP_000393.4,3,W,Lemur catta,XP_045394214.1,10,T,A,different
G6PD,NP_000393.4,3,W,Propithecus coquereli,XP_012517460.1,-10,-,-,gap
G6PD,NP_000393.4,3,W,Propithecus coquereli,XP_012517460.1,-9,-,-,gap
G6PD,NP_000393.4,3,W,Propithecus coquereli,XP_012517460.1,-8,-,-,gap
G6PD,NP_000393.4,3,W,Propithecus coquereli,XP_012517460.1,-7,-,-,gap
G6PD,NP_000393.4,3,W,Propithecus coquereli,XP_012517460.1,-6,-,-,gap
G6PD,NP_000393.4,3,W,Propithecus coquereli,XP_012517460.1,-5,-,-,gap
G6PD,NP_000393.4,3,W,Propithecus coquereli,XP_012517460.1,-4,-,-,gap
G6PD,NP_000393.4,3,W,Propithecus coquereli,XP_012517460.1,-3,-,-,gap
G6PD,NP_000393.4,3,W,Propithecus coquereli,XP_012517460.1,-2,M,M,match
G6PD,NP_000393.4,3,W,Propithecus coquereli,XP_012517460.1,-1,G,G,match
G6PD,NP_000393.4,3,W,Propithecus coquereli,XP_012517460.1,0,R,W,CPD
G6PD,NP_000393.4,3,W,Propithecus coquereli,XP_012517460.1,1,R,R,match
G6PD,NP_000393.4,3,W,Propithecus coquereli,XP_012517460.1,2,G,G,match
G6PD,NP_000393.4,3,W,Propithecus coquereli,XP_012517460.1,3,S,T,different
G6PD,NP_000393.4,3,W,Propithecus coquereli,XP_012517460.1,4,A,A,match
G6PD,NP_000393.4,3,W,Propithecus coquereli,XP_012517460.1,5,P,P,match
G6PD,NP_000393.4,3,W,Propithecus coquereli,XP_012517460.1,6,G,G,match
G6PD,NP_000393.4,3,W,Propithecus coquereli,XP_012517460.1,7,N,N,match
G6PD,NP_000393.4,3,W,Propithecus coquereli,XP_012517460.1,8,G,G,match
G6PD,NP_000393.4,3,W,Propithecus coquereli,XP_012517460.1,9,R,S,different
G6PD,NP_000393.4,3,W,Propithecus coquereli,XP_012517460.1,10,T,A,different
G6PD,NP_000393.4,12,L,Nycticebus coucang,XP_053436618.1,-10,G,G,match
G6PD,NP_000393.4,12,L,Nycticebus coucang,XP_053436618.1,-9,R,E,different
G6PD,NP_000393.4,12,L,Nycticebus coucang,XP_053436618.1,-8,R,W,different
G6PD,NP_000393.4,12,L,Nycticebus coucang,XP_053436618.1,-7,G,D,different
G6PD,NP_000393.4,12,L,Nycticebus coucang,XP_053436618.1,-6,S,R,different
G6PD,NP_000393.4,12,L,Nycticebus coucang,XP_053436618.1,-5,A,A,match
G6PD,NP_000393.4,12,L,Nycticebus coucang,XP_053436618.1,-4,P,V,different
G6PD,NP_000393.4,12,L,Nycticebus coucang,XP_053436618.1,-3,G,G,match
G6PD,NP_000393.4,12,L,Nycticebus coucang,XP_053436618.1,-2,N,N,match
G6PD,NP_000393.4,12,L,Nycticebus coucang,XP_053436618.1,-1,G,C,different
G6PD,NP_000393.4,12,L,Nycticebus coucang,XP_053436618.1,0,R,L,CPD
G6PD,NP_000393.4,12,L,Nycticebus coucang,XP_053436618.1,1,T,A,different
G6PD,NP_000393.4,12,L,Nycticebus coucang,XP_053436618.1,2,L,-,gap
G6PD,NP_000393.4,12,L,Nycticebus coucang,XP_053436618.1,3,R,-,gap
G6PD,NP_000393.4,12,L,Nycticebus coucang,XP_053436618.1,4,G,-,gap
G6PD,NP_000393.4,12,L,Nycticebus coucang,XP_053436618.1,5,C,-,gap
G6PD,NP_000393.4,12,L,Nycticebus coucang,XP_053436618.1,6,E,E,match
G6PD,NP_000393.4,12,L,Nycticebus coucang,XP_053436618.1,7,R,R,match
G6PD,NP_000393.4,12,L,Nycticebus coucang,XP_053436618.1,8,G,G,match
G6PD,NP_000393.4,12,L,Nycticebus coucang,XP_053436618.1,9,G,G,match
G6PD,NP_000393.4,12,L,Nycticebus coucang,XP_053436618.1,10,R,R,match
G6PD,NP_000393.4,166,H,Hylobates moloch,XP_032612180.2,-10,N,N,match
G6PD,NP_000393.4,166,H,Hylobates moloch,XP_032612180.2,-9,A,A,match
G6PD,NP_000393.4,166,H,Hylobates moloch,XP_032612180.2,-8,L,L,match
G6PD,NP_000393.4,166,H,Hylobates moloch,XP_032612180.2,-7,H,H,match
G6PD,NP_000393.4,166,H,Hylobates moloch,XP_032612180.2,-6,L,L,match
G6PD,NP_000393.4,166,H,Hylobates moloch,XP_032612180.2,-5,G,G,match
G6PD,NP_000393.4,166,H,Hylobates moloch,XP_032612180.2,-4,S,S,match
G6PD,NP_000393.4,166,H,Hylobates moloch,XP_032612180.2,-3,Q,Q,match
G6PD,NP_000393.4,166,H,Hylobates moloch,XP_032612180.2,-2,A,A,match
G6PD,NP_000393.4,166,H,Hylobates moloch,XP_032612180.2,-1,N,N,match
G6PD,NP_000393.4,166,H,Hylobates moloch,XP_032612180.2,0,R,H,CPD
G6PD,NP_000393.4,166,H,Hylobates moloch,XP_032612180.2,1,L,L,match
G6PD,NP_000393.4,166,H,Hylobates moloch,XP_032612180.2,2,F,F,match
G6PD,NP_000393.4,166,H,Hylobates moloch,XP_032612180.2,3,Y,Y,match
G6PD,NP_000393.4,166,H,Hylobates moloch,XP_032612180.2,4,L,L,match
G6PD,NP_000393.4,166,H,Hylobates moloch,XP_032612180.2,5,A,A,match
G6PD,NP_000393.4,166,H,Hylobates moloch,XP_032612180.2,6,L,L,match
G6PD,NP_000393.4,166,H,Hylobates moloch,XP_032612180.2,7,P,P,match
G6PD,NP_000393.4,166,H,Hylobates moloch,XP_032612180.2,8,P,P,match
G6PD,NP_000393.4,166,H,Hylobates moloch,XP_032612180.2,9,T,T,match
G6PD,NP_000393.4,166,H,Hylobates moloch,XP_032612180.2,10,V,V,match
G6PD,NP_000393.4,166,H,Nomascus leucogenys,XP_030663505.1,-10,N,N,match
G6PD,NP_000393.4,166,H,Nomascus leucogenys,XP_030663505.1,-9,A,A,match
G6PD,NP_000393.4,166,H,Nomascus leucogenys,XP_030663505.1,-8,L,L,match
G6PD,NP_000393.4,166,H,Nomascus leucogenys,XP_030663505.1,-7,H,H,match
G6PD,NP_000393.4,166,H,Nomascus leucogenys,XP_030663505.1,-6,L,L,match
G6PD,NP_000393.4,166,H,Nomascus leucogenys,XP_030663505.1,-5,G,G,match
G6PD,NP_000393.4,166,H,Nomascus leucogenys,XP_030663505.1,-4,S,S,match
G6PD,NP_000393.4,166,H,Nomascus leucogenys,XP_030663505.1,-3,Q,Q,match
G6PD,NP_000393.4,166,H,Nomascus leucogenys,XP_030663505.1,-2,A,A,match
G6PD,NP_000393.4,166,H,Nomascus leucogenys,XP_030663505.1,-1,N,N,match
G6PD,NP_000393.4,166,H,Nomascus leucogenys,XP_030663505.1,0,R,H,CPD
G6PD,NP_000393.4,166,H,Nomascus leucogenys,XP_030663505.1,1,L,L,match
G6PD,NP_000393.4,166,H,Nomascus leucogenys,XP_030663505.1,2,F,F,match
G6PD,NP_000393.4,166,H,Nomascus leucogenys,XP_030663505.1,3,Y,Y,match
G6PD,NP_000393.4,166,H,Nomascus leucogenys,XP_030663505.1,4,L,L,match
G6PD,NP_000393.4,166,H,Nomascus leucogenys,XP_030663505.1,5,A,A,match
G6PD,NP_000393.4,166,H,Nomascus leucogenys,XP_030663505.1,6,L,L,match
G6PD,NP_000393.4,166,H,Nomascus leucogenys,XP_030663505.1,7,P,P,match
G6PD,NP_000393.4,166,H,Nomascus leucogenys,XP_030663505.1,8,P,P,match
G6PD,NP_000393.4,166,H,Nomascus leucogenys,XP_030663505.1,9,T,T,match
G6PD,NP_000393.4,166,H,Nomascus leucogenys,XP_030663505.1,10,V,V,match
G6PD,NP_000393.4,166,H,Symphalangus syndactylus,XP_055124805.1,-10,N,N,match
G6PD,NP_000393.4,166,H,Symphalangus syndactylus,XP_055124805.1,-9,A,A,match
G6PD,NP_000393.4,166,H,Symphalangus syndactylus,XP_055124805.1,-8,L,L,match
G6PD,NP_000393.4,166,H,Symphalangus syndactylus,XP_055124805.1,-7,H,H,match
G6PD,NP_000393.4,166,H,Symphalangus syndactylus,XP_055124805.1,-6,L,L,match
G6PD,NP_000393.4,166,H,Symphalangus syndactylus,XP_055124805.1,-5,G,G,match
G6PD,NP_000393.4,166,H,Symphalangus syndactylus,XP_055124805.1,-4,S,S,match
G6PD,NP_000393.4,166,H,Symphalangus syndactylus,XP_055124805.1,-3,Q,Q,match
G6PD,NP_000393.4,166,H,Symphalangus syndactylus,XP_055124805.1,-2,A,A,match
G6PD,NP_000393.4,166,H,Symphalangus syndactylus,XP_055124805.1,-1,N,N,match
G6PD,NP_000393.4,166,H,Symphalangus syndactylus,XP_055124805.1,0,R,H,CPD
G6PD,NP_000393.4,166,H,Symphalangus syndactylus,XP_055124805.1,1,L,L,match
G6PD,NP_000393.4,166,H,Symphalangus syndactylus,XP_055124805.1,2,F,F,match
G6PD,NP_000393.4,166,H,Symphalangus syndactylus,XP_055124805.1,3,Y,Y,match
G6PD,NP_000393.4,166,H,Symphalangus syndactylus,XP_055124805.1,4,L,L,match
G6PD,NP_000393.4,166,H,Symphalangus syndactylus,XP_055124805.1,5,A,A,match
G6PD,NP_000393.4,166,H,Symphalangus syndactylus,XP_055124805.1,6,L,L,match
G6PD,NP_000393.4,166,H,Symphalangus syndactylus,XP_055124805.1,7,P,P,match
G6PD,NP_000393.4,166,H,Symphalangus syndactylus,XP_055124805.1,8,P,P,match
G6PD,NP_000393.4,166,H,Symphalangus syndactylus,XP_055124805.1,9,T,T,match
G6PD,NP_000393.4,166,H,Symphalangus syndactylus,XP_055124805.1,10,V,V,match
GALC,NP_000144.2,1,V,Cercocebus atys,XP_011939001.1,-10,-,-,gap
GALC,NP_000144.2,1,V,Cercocebus atys,XP_011939001.1,-9,-,-,gap
GALC,NP_000144.2,1,V,Cercocebus atys,XP_011939001.1,-8,-,-,gap
GALC,NP_000144.2,1,V,Cercocebus atys,XP_011939001.1,-7,-,-,gap
GALC,NP_000144.2,1,V,Cercocebus atys,XP_011939001.1,-6,-,-,gap
GALC,NP_000144.2,1,V,Cercocebus atys,XP_011939001.1,-5,-,-,gap
GALC,NP_000144.2,1,V,Cercocebus atys,XP_011939001.1,-4,-,-,gap
GALC,NP_000144.2,1,V,Cercocebus atys,XP_011939001.1,-3,-,-,gap
GALC,NP_000144.2,1,V,Cercocebus atys,XP_011939001.1,-2,-,-,gap
GALC,NP_000144.2,1,V,Cercocebus atys,XP_011939001.1,-1,-,M,gap
GALC,NP_000144.2,1,V,Cercocebus atys,XP_011939001.1,0,M,V,CPD
GALC,NP_000144.2,1,V,Cercocebus atys,XP_011939001.1,1,A,A,match
GALC,NP_000144.2,1,V,Cercocebus atys,XP_011939001.1,2,E,D,different
GALC,NP_000144.2,1,V,Cercocebus atys,XP_011939001.1,3,-,L,gap
GALC,NP_000144.2,1,V,Cercocebus atys,XP_011939001.1,4,W,W,match
GALC,NP_000144.2,1,V,Cercocebus atys,XP_011939001.1,5,L,-,gap
GALC,NP_000144.2,1,V,Cercocebus atys,XP_011939001.1,6,L,-,gap
GALC,NP_000144.2,1,V,Cercocebus atys,XP_011939001.1,7,S,-,gap
GALC,NP_000144.2,1,V,Cercocebus atys,XP_011939001.1,8,A,-,gap
GALC,NP_000144.2,1,V,Cercocebus atys,XP_011939001.1,9,S,-,gap
GALC,NP_000144.2,1,V,Cercocebus atys,XP_011939001.1,10,W,-,gap
GALC,NP_000144.2,1,V,Cercocebus atys,XP_011939001.1,-10,-,-,gap
GALC,NP_000144.2,1,V,Cercocebus atys,XP_011939001.1,-9,-,-,gap
GALC,NP_000144.2,1,V,Cercocebus atys,XP_011939001.1,-8,-,-,gap
GALC,NP_000144.2,1,V,Cercocebus atys,XP_011939001.1,-7,-,-,gap
GALC,NP_000144.2,1,V,Cercocebus atys,XP_011939001.1,-6,-,-,gap
GALC,NP_000144.2,1,V,Cercocebus atys,XP_011939001.1,-5,-,-,gap
GALC,NP_000144.2,1,V,Cercocebus atys,XP_011939001.1,-4,-,-,gap
GALC,NP_000144.2,1,V,Cercocebus atys,XP_011939001.1,-3,-,-,gap
GALC,NP_000144.2,1,V,Cercocebus atys,XP_011939001.1,-2,-,-,gap
GALC,NP_000144.2,1,V,Cercocebus atys,XP_011939001.1,-1,-,M,gap
GALC,NP_000144.2,1,V,Cercocebus atys,XP_011939001.1,0,M,V,CPD
GALC,NP_000144.2,1,V,Cercocebus atys,XP_011939001.1,1,A,A,match
GALC,NP_000144.2,1,V,Cercocebus atys,XP_011939001.1,2,E,D,different
GALC,NP_000144.2,1,V,Cercocebus atys,XP_011939001.1,3,-,L,gap
GALC,NP_000144.2,1,V,Cercocebus atys,XP_011939001.1,4,W,W,match
GALC,NP_000144.2,1,V,Cercocebus atys,XP_011939001.1,5,L,-,gap
GALC,NP_000144.2,1,V,Cercocebus atys,XP_011939001.1,6,L,-,gap
GALC,NP_000144.2,1,V,Cercocebus atys,XP_011939001.1,7,S,-,gap
GALC,NP_000144.2,1,V,Cercocebus atys,XP_011939001.1,8,A,-,gap
GALC,NP_000144.2,1,V,Cercocebus atys,XP_011939001.1,9,S,-,gap
GALC,NP_000144.2,1,V,Cercocebus atys,XP_011939001.1,10,W,-,gap
GALNS,NP_000503.1,318,V,Carlito syrichta,XP_021563077.1,-10,C,C,match
GALNS,NP_000503.1,318,V,Carlito syrichta,XP_021563077.1,-9,G,G,match
GALNS,NP_000503.1,318,V,Carlito syrichta,XP_021563077.1,-8,K,K,match
GALNS,NP_000503.1,318,V,Carlito syrichta,XP_021563077.1,-7,Q,Q,match
GALNS,NP_000503.1,318,V,Carlito syrichta,XP_021563077.1,-6,T,T,match
GALNS,NP_000503.1,318,V,Carlito syrichta,XP_021563077.1,-5,T,T,match
GALNS,NP_000503.1,318,V,Carlito syrichta,XP_021563077.1,-4,F,F,match
GALNS,NP_000503.1,318,V,Carlito syrichta,XP_021563077.1,-3,E,E,match
GALNS,NP_000503.1,318,V,Carlito syrichta,XP_021563077.1,-2,G,G,match
GALNS,NP_000503.1,318,V,Carlito syrichta,XP_021563077.1,-1,G,G,match
GALNS,NP_000503.1,318,V,Carlito syrichta,XP_021563077.1,0,M,V,CPD
GALNS,NP_000503.1,318,V,Carlito syrichta,XP_021563077.1,1,R,R,match
GALNS,NP_000503.1,318,V,Carlito syrichta,XP_021563077.1,2,E,E,match
GALNS,NP_000503.1,318,V,Carlito syrichta,XP_021563077.1,3,P,P,match
GALNS,NP_000503.1,318,V,Carlito syrichta,XP_021563077.1,4,A,A,match
GALNS,NP_000503.1,318,V,Carlito syrichta,XP_021563077.1,5,L,L,match
GALNS,NP_000503.1,318,V,Carlito syrichta,XP_021563077.1,6,A,A,match
GALNS,NP_000503.1,318,V,Carlito syrichta,XP_021563077.1,7,W,W,match
GALNS,NP_000503.1,318,V,Carlito syrichta,XP_021563077.1,8,W,W,match
GALNS,NP_000503.1,318,V,Carlito syrichta,XP_021563077.1,9,P,P,match
GALNS,NP_000503.1,318,V,Carlito syrichta,XP_021563077.1,10,G,G,match
GALNS,NP_000503.1,388,N,Nycticebus coucang,XP_053410980.1,-10,M,V,different
GALNS,NP_000503.1,388,N,Nycticebus coucang,XP_053410980.1,-9,D,D,match
GALNS,NP_000503.1,388,N,Nycticebus coucang,XP_053410980.1,-8,R,R,match
GALNS,NP_000503.1,388,N,Nycticebus coucang,XP_053410980.1,-7,P,P,match
GALNS,NP_000503.1,388,N,Nycticebus coucang,XP_053410980.1,-6,I,I,match
GALNS,NP_000503.1,388,N,Nycticebus coucang,XP_053410980.1,-5,F,F,match
GALNS,NP_000503.1,388,N,Nycticebus coucang,XP_053410980.1,-4,Y,Y,match
GALNS,NP_000503.1,388,N,Nycticebus coucang,XP_053410980.1,-3,Y,Y,match
GALNS,NP_000503.1,388,N,Nycticebus coucang,XP_053410980.1,-2,R,R,match
GALNS,NP_000503.1,388,N,Nycticebus coucang,XP_053410980.1,-1,G,G,match
GALNS,NP_000503.1,388,N,Nycticebus coucang,XP_053410980.1,0,D,N,CPD
GALNS,NP_000503.1,388,N,Nycticebus coucang,XP_053410980.1,1,T,T,match
GALNS,NP_000503.1,388,N,Nycticebus coucang,XP_053410980.1,2,L,L,match
GALNS,NP_000503.1,388,N,Nycticebus coucang,XP_053410980.1,3,M,M,match
GALNS,NP_000503.1,388,N,Nycticebus coucang,XP_053410980.1,4,A,A,match
GALNS,NP_000503.1,388,N,Nycticebus coucang,XP_053410980.1,5,A,V,different
GALNS,NP_000503.1,388,N,Nycticebus coucang,XP_053410980.1,6,T,T,match
GALNS,NP_000503.1,388,N,Nycticebus coucang,XP_053410980.1,7,L,L,match
GALNS,NP_000503.1,388,N,Nycticebus coucang,XP_053410980.1,8,G,G,match
GALNS,NP_000503.1,388,N,Nycticebus coucang,XP_053410980.1,9,Q,Q,match
GALNS,NP_000503.1,388,N,Nycticebus coucang,XP_053410980.1,10,H,Y,different
GALNS,NP_000503.1,388,N,Otolemur garnettii,XP_003800850.1,-10,M,V,different
GALNS,NP_000503.1,388,N,Otolemur garnettii,XP_003800850.1,-9,D,D,match
GALNS,NP_000503.1,388,N,Otolemur garnettii,XP_003800850.1,-8,R,R,match
GALNS,NP_000503.1,388,N,Otolemur garnettii,XP_003800850.1,-7,P,P,match
GALNS,NP_000503.1,388,N,Otolemur garnettii,XP_003800850.1,-6,I,I,match
GALNS,NP_000503.1,388,N,Otolemur garnettii,XP_003800850.1,-5,F,F,match
GALNS,NP_000503.1,388,N,Otolemur garnettii,XP_003800850.1,-4,Y,Y,match
GALNS,NP_000503.1,388,N,Otolemur garnettii,XP_003800850.1,-3,Y,Y,match
GALNS,NP_000503.1,388,N,Otolemur garnettii,XP_003800850.1,-2,R,R,match
GALNS,NP_000503.1,388,N,Otolemur garnettii,XP_003800850.1,-1,G,G,match
GALNS,NP_000503.1,388,N,Otolemur garnettii,XP_003800850.1,0,D,N,CPD
GALNS,NP_000503.1,388,N,Otolemur garnettii,XP_003800850.1,1,T,T,match
GALNS,NP_000503.1,388,N,Otolemur garnettii,XP_003800850.1,2,L,L,match
GALNS,NP_000503.1,388,N,Otolemur garnettii,XP_003800850.1,3,M,M,match
GALNS,NP_000503.1,388,N,Otolemur garnettii,XP_003800850.1,4,A,A,match
GALNS,NP_000503.1,388,N,Otolemur garnettii,XP_003800850.1,5,A,V,different
GALNS,NP_000503.1,388,N,Otolemur garnettii,XP_003800850.1,6,T,T,match
GALNS,NP_000503.1,388,N,Otolemur garnettii,XP_003800850.1,7,L,L,match
GALNS,NP_000503.1,388,N,Otolemur garnettii,XP_003800850.1,8,G,G,match
GALNS,NP_000503.1,388,N,Otolemur garnettii,XP_003800850.1,9,Q,Q,match
GALNS,NP_000503.1,388,N,Otolemur garnettii,XP_003800850.1,10,H,Y,different
GALNS,NP_000503.1,388,N,Microcebus murinus,XP_020138298.2,-10,M,T,different
GALNS,NP_000503.1,388,N,Microcebus murinus,XP_020138298.2,-9,D,D,match
GALNS,NP_000503.1,388,N,Microcebus murinus,XP_020138298.2,-8,R,R,match
GALNS,NP_000503.1,388,N,Microcebus murinus,XP_020138298.2,-7,P,P,match
GALNS,NP_000503.1,388,N,Microcebus murinus,XP_020138298.2,-6,I,I,match
GALNS,NP_000503.1,388,N,Microcebus murinus,XP_020138298.2,-5,F,F,match
GALNS,NP_000503.1,388,N,Microcebus murinus,XP_020138298.2,-4,Y,Y,match
GALNS,NP_000503.1,388,N,Microcebus murinus,XP_020138298.2,-3,Y,Y,match
GALNS,NP_000503.1,388,N,Microcebus murinus,XP_020138298.2,-2,R,R,match
GALNS,NP_000503.1,388,N,Microcebus murinus,XP_020138298.2,-1,G,G,match
GALNS,NP_000503.1,388,N,Microcebus murinus,XP_020138298.2,0,D,N,CPD
GALNS,NP_000503.1,388,N,Microcebus murinus,XP_020138298.2,1,T,T,match
GALNS,NP_000503.1,388,N,Microcebus murinus,XP_020138298.2,2,L,L,match
GALNS,NP_000503.1,388,N,Microcebus murinus,XP_020138298.2,3,M,M,match
GALNS,NP_000503.1,388,N,Microcebus murinus,XP_020138298.2,4,A,A,match
GALNS,NP_000503.1,388,N,Microcebus murinus,XP_020138298.2,5,A,V,different
GALNS,NP_000503.1,388,N,Microcebus murinus,XP_020138298.2,6,T,T,match
GALNS,NP_000503.1,388,N,Microcebus murinus,XP_020138298.2,7,L,L,match
GALNS,NP_000503.1,388,N,Microcebus murinus,XP_020138298.2,8,G,G,match
GALNS,NP_000503.1,388,N,Microcebus murinus,XP_020138298.2,9,Q,Q,match
GALNS,NP_000503.1,388,N,Microcebus murinus,XP_020138298.2,10,H,Y,different
GALNS,NP_000503.1,388,N,Propithecus coquereli,XP_012513141.1,-10,M,T,different
GALNS,NP_000503.1,388,N,Propithecus coquereli,XP_012513141.1,-9,D,D,match
GALNS,NP_000503.1,388,N,Propithecus coquereli,XP_012513141.1,-8,R,R,match
GALNS,NP_000503.1,388,N,Propithecus coquereli,XP_012513141.1,-7,P,P,match
GALNS,NP_000503.1,388,N,Propithecus coquereli,XP_012513141.1,-6,I,I,match
GALNS,NP_000503.1,388,N,Propithecus coquereli,XP_012513141.1,-5,F,F,match
GALNS,NP_000503.1,388,N,Propithecus coquereli,XP_012513141.1,-4,Y,Y,match
GALNS,NP_000503.1,388,N,Propithecus coquereli,XP_012513141.1,-3,Y,Y,match
GALNS,NP_000503.1,388,N,Propithecus coquereli,XP_012513141.1,-2,R,R,match
GALNS,NP_000503.1,388,N,Propithecus coquereli,XP_012513141.1,-1,G,G,match
GALNS,NP_000503.1,388,N,Propithecus coquereli,XP_012513141.1,0,D,N,CPD
GALNS,NP_000503.1,388,N,Propithecus coquereli,XP_012513141.1,1,T,T,match
GALNS,NP_000503.1,388,N,Propithecus coquereli,XP_012513141.1,2,L,L,match
GALNS,NP_000503.1,388,N,Propithecus coquereli,XP_012513141.1,3,M,M,match
GALNS,NP_000503.1,388,N,Propithecus coquereli,XP_012513141.1,4,A,A,match
GALNS,NP_000503.1,388,N,Propithecus coquereli,XP_012513141.1,5,A,V,different
GALNS,NP_000503.1,388,N,Propithecus coquereli,XP_012513141.1,6,T,T,match
GALNS,NP_000503.1,388,N,Propithecus coquereli,XP_012513141.1,7,L,L,match
GALNS,NP_000503.1,388,N,Propithecus coquereli,XP_012513141.1,8,G,G,match
GALNS,NP_000503.1,388,N,Propithecus coquereli,XP_012513141.1,9,Q,Q,match
GALNS,NP_000503.1,388,N,Propithecus coquereli,XP_012513141.1,10,H,Y,different
GALNS,NP_000503.1,388,N,Eulemur rufifrons,XP_069312442.1,-10,M,T,different
GALNS,NP_000503.1,388,N,Eulemur rufifrons,XP_069312442.1,-9,D,D,match
GALNS,NP_000503.1,388,N,Eulemur rufifrons,XP_069312442.1,-8,R,R,match
GALNS,NP_000503.1,388,N,Eulemur rufifrons,XP_069312442.1,-7,P,P,match
GALNS,NP_000503.1,388,N,Eulemur rufifrons,XP_069312442.1,-6,I,I,match
GALNS,NP_000503.1,388,N,Eulemur rufifrons,XP_069312442.1,-5,F,F,match
GALNS,NP_000503.1,388,N,Eulemur rufifrons,XP_069312442.1,-4,Y,Y,match
GALNS,NP_000503.1,388,N,Eulemur rufifrons,XP_069312442.1,-3,Y,Y,match
GALNS,NP_000503.1,388,N,Eulemur rufifrons,XP_069312442.1,-2,R,R,match
GALNS,NP_000503.1,388,N,Eulemur rufifrons,XP_069312442.1,-1,G,G,match
GALNS,NP_000503.1,388,N,Eulemur rufifrons,XP_069312442.1,0,D,N,CPD
GALNS,NP_000503.1,388,N,Eulemur rufifrons,XP_069312442.1,1,T,T,match
GALNS,NP_000503.1,388,N,Eulemur rufifrons,XP_069312442.1,2,L,L,match
GALNS,NP_000503.1,388,N,Eulemur rufifrons,XP_069312442.1,3,M,M,match
GALNS,NP_000503.1,388,N,Eulemur rufifrons,XP_069312442.1,4,A,A,match
GALNS,NP_000503.1,388,N,Eulemur rufifrons,XP_069312442.1,5,A,V,different
GALNS,NP_000503.1,388,N,Eulemur rufifrons,XP_069312442.1,6,T,T,match
GALNS,NP_000503.1,388,N,Eulemur rufifrons,XP_069312442.1,7,L,L,match
GALNS,NP_000503.1,388,N,Eulemur rufifrons,XP_069312442.1,8,G,G,match
GALNS,NP_000503.1,388,N,Eulemur rufifrons,XP_069312442.1,9,Q,Q,match
GALNS,NP_000503.1,388,N,Eulemur rufifrons,XP_069312442.1,10,H,Y,different
GALNS,NP_000503.1,388,N,Lemur catta,XP_045389780.1,-10,M,T,different
GALNS,NP_000503.1,388,N,Lemur catta,XP_045389780.1,-9,D,D,match
GALNS,NP_000503.1,388,N,Lemur catta,XP_045389780.1,-8,R,R,match
GALNS,NP_000503.1,388,N,Lemur catta,XP_045389780.1,-7,P,P,match
GALNS,NP_000503.1,388,N,Lemur catta,XP_045389780.1,-6,I,I,match
GALNS,NP_000503.1,388,N,Lemur catta,XP_045389780.1,-5,F,F,match
GALNS,NP_000503.1,388,N,Lemur catta,XP_045389780.1,-4,Y,Y,match
GALNS,NP_000503.1,388,N,Lemur catta,XP_045389780.1,-3,Y,Y,match
GALNS,NP_000503.1,388,N,Lemur catta,XP_045389780.1,-2,R,R,match
GALNS,NP_000503.1,388,N,Lemur catta,XP_045389780.1,-1,G,G,match
GALNS,NP_000503.1,388,N,Lemur catta,XP_045389780.1,0,D,N,CPD
GALNS,NP_000503.1,388,N,Lemur catta,XP_045389780.1,1,T,T,match
GALNS,NP_000503.1,388,N,Lemur catta,XP_045389780.1,2,L,L,match
GALNS,NP_000503.1,388,N,Lemur catta,XP_045389780.1,3,M,M,match
GALNS,NP_000503.1,388,N,Lemur catta,XP_045389780.1,4,A,A,match
GALNS,NP_000503.1,388,N,Lemur catta,XP_045389780.1,5,A,V,different
GALNS,NP_000503.1,388,N,Lemur catta,XP_045389780.1,6,T,T,match
GALNS,NP_000503.1,388,N,Lemur catta,XP_045389780.1,7,L,L,match
GALNS,NP_000503.1,388,N,Lemur catta,XP_045389780.1,8,G,G,match
GALNS,NP_000503.1,388,N,Lemur catta,XP_045389780.1,9,Q,Q,match
GALNS,NP_000503.1,388,N,Lemur catta,XP_045389780.1,10,H,Y,different
GALNS,NP_000503.1,94,L,Piliocolobus tephrosceles,XP_026303165.1,-10,A,A,match
GALNS,NP_000503.1,94,L,Piliocolobus tephrosceles,XP_026303165.1,-9,A,R,different
GALNS,NP_000503.1,94,L,Piliocolobus tephrosceles,XP_026303165.1,-8,L,I,different
GALNS,NP_000503.1,94,L,Piliocolobus tephrosceles,XP_026303165.1,-7,L,L,match
GALNS,NP_000503.1,94,L,Piliocolobus tephrosceles,XP_026303165.1,-6,T,H,different
GALNS,NP_000503.1,94,L,Piliocolobus tephrosceles,XP_026303165.1,-5,G,S,different
GALNS,NP_000503.1,94,L,Piliocolobus tephrosceles,XP_026303165.1,-4,R,S,different
GALNS,NP_000503.1,94,L,Piliocolobus tephrosceles,XP_026303165.1,-3,L,Q,different
GALNS,NP_000503.1,94,L,Piliocolobus tephrosceles,XP_026303165.1,-2,P,S,different
GALNS,NP_000503.1,94,L,Piliocolobus tephrosceles,XP_026303165.1,-1,I,A,different
GALNS,NP_000503.1,94,L,Piliocolobus tephrosceles,XP_026303165.1,0,R,L,CPD
GALNS,NP_000503.1,94,L,Piliocolobus tephrosceles,XP_026303165.1,1,N,A,different
GALNS,NP_000503.1,94,L,Piliocolobus tephrosceles,XP_026303165.1,2,G,G,match
GALNS,NP_000503.1,94,L,Piliocolobus tephrosceles,XP_026303165.1,3,F,P,different
GALNS,NP_000503.1,94,L,Piliocolobus tephrosceles,XP_026303165.1,4,Y,F,different
GALNS,NP_000503.1,94,L,Piliocolobus tephrosceles,XP_026303165.1,5,T,V,different
GALNS,NP_000503.1,94,L,Piliocolobus tephrosceles,XP_026303165.1,6,T,P,different
GALNS,NP_000503.1,94,L,Piliocolobus tephrosceles,XP_026303165.1,7,N,M,different
GALNS,NP_000503.1,94,L,Piliocolobus tephrosceles,XP_026303165.1,8,A,T,different
GALNS,NP_000503.1,94,L,Piliocolobus tephrosceles,XP_026303165.1,9,H,G,different
GALNS,NP_000503.1,94,L,Piliocolobus tephrosceles,XP_026303165.1,10,A,L,different
GALNS,NP_000503.1,496,S,Pan paniscus,XP_054956462.1,-10,L,L,match
GALNS,NP_000503.1,496,S,Pan paniscus,XP_054956462.1,-9,N,N,match
GALNS,NP_000503.1,496,S,Pan paniscus,XP_054956462.1,-8,V,V,match
GALNS,NP_000503.1,496,S,Pan paniscus,XP_054956462.1,-7,C,C,match
GALNS,NP_000503.1,496,S,Pan paniscus,XP_054956462.1,-6,N,N,match
GALNS,NP_000503.1,496,S,Pan paniscus,XP_054956462.1,-5,W,W,match
GALNS,NP_000503.1,496,S,Pan paniscus,XP_054956462.1,-4,A,A,match
GALNS,NP_000503.1,496,S,Pan paniscus,XP_054956462.1,-3,V,V,match
GALNS,NP_000503.1,496,S,Pan paniscus,XP_054956462.1,-2,M,M,match
GALNS,NP_000503.1,496,S,Pan paniscus,XP_054956462.1,-1,N,A,different
GALNS,NP_000503.1,496,S,Pan paniscus,XP_054956462.1,0,W,S,CPD
GALNS,NP_000503.1,496,S,Pan paniscus,XP_054956462.1,1,A,T,different
GALNS,NP_000503.1,496,S,Pan paniscus,XP_054956462.1,2,P,Q,different
GALNS,NP_000503.1,496,S,Pan paniscus,XP_054956462.1,3,P,S,different
GALNS,NP_000503.1,496,S,Pan paniscus,XP_054956462.1,4,G,S,different
GALNS,NP_000503.1,496,S,Pan paniscus,XP_054956462.1,5,C,T,different
GALNS,NP_000503.1,496,S,Pan paniscus,XP_054956462.1,6,-,S,gap
GALNS,NP_000503.1,496,S,Pan paniscus,XP_054956462.1,7,-,V,gap
GALNS,NP_000503.1,496,S,Pan paniscus,XP_054956462.1,8,-,R,gap
GALNS,NP_000503.1,496,S,Pan paniscus,XP_054956462.1,9,-,P,gap
GALNS,NP_000503.1,496,S,Pan paniscus,XP_054956462.1,10,-,D,gap
GALNS,NP_000503.1,113,V,Colobus angolensis palliatus,XP_011783466.1,-10,H,H,match
GALNS,NP_000503.1,113,V,Colobus angolensis palliatus,XP_011783466.1,-9,A,A,match
GALNS,NP_000503.1,113,V,Colobus angolensis palliatus,XP_011783466.1,-8,R,R,match
GALNS,NP_000503.1,113,V,Colobus angolensis palliatus,XP_011783466.1,-7,N,N,match
GALNS,NP_000503.1,113,V,Colobus angolensis palliatus,XP_011783466.1,-6,A,G,different
GALNS,NP_000503.1,113,V,Colobus angolensis palliatus,XP_011783466.1,-5,Y,-,gap
GALNS,NP_000503.1,113,V,Colobus angolensis palliatus,XP_011783466.1,-4,T,T,match
GALNS,NP_000503.1,113,V,Colobus angolensis palliatus,XP_011783466.1,-3,P,E,different
GALNS,NP_000503.1,113,V,Colobus angolensis palliatus,XP_011783466.1,-2,Q,R,different
GALNS,NP_000503.1,113,V,Colobus angolensis palliatus,XP_011783466.1,-1,E,R,different
GALNS,NP_000503.1,113,V,Colobus angolensis palliatus,XP_011783466.1,0,I,V,CPD
GALNS,NP_000503.1,113,V,Colobus angolensis palliatus,XP_011783466.1,1,V,P,different
GALNS,NP_000503.1,113,V,Colobus angolensis palliatus,XP_011783466.1,2,G,S,different
GALNS,NP_000503.1,113,V,Colobus angolensis palliatus,XP_011783466.1,3,-,-,gap
GALNS,NP_000503.1,113,V,Colobus angolensis palliatus,XP_011783466.1,4,G,P,different
GALNS,NP_000503.1,113,V,Colobus angolensis palliatus,XP_011783466.1,5,I,A,different
GALNS,NP_000503.1,113,V,Colobus angolensis palliatus,XP_011783466.1,6,P,P,match
GALNS,NP_000503.1,113,V,Colobus angolensis palliatus,XP_011783466.1,7,D,R,different
GALNS,NP_000503.1,113,V,Colobus angolensis palliatus,XP_011783466.1,8,S,P,different
GALNS,NP_000503.1,113,V,Colobus angolensis palliatus,XP_011783466.1,9,E,Q,different
GALNS,NP_000503.1,113,V,Colobus angolensis palliatus,XP_011783466.1,10,Q,K,different
GALT,NP_000146.2,223,H,Trachypithecus francoisi,XP_033094120.1,-10,H,H,match
GALT,NP_000146.2,223,H,Trachypithecus francoisi,XP_033094120.1,-9,G,G,match
GALT,NP_000146.2,223,H,Trachypithecus francoisi,XP_033094120.1,-8,E,E,match
GALT,NP_000146.2,223,H,Trachypithecus francoisi,XP_033094120.1,-7,P,P,match
GALT,NP_000146.2,223,H,Trachypithecus francoisi,XP_033094120.1,-6,L,L,match
GALT,NP_000146.2,223,H,Trachypithecus francoisi,XP_033094120.1,-5,L,L,match
GALT,NP_000146.2,223,H,Trachypithecus francoisi,XP_033094120.1,-4,M,M,match
GALT,NP_000146.2,223,H,Trachypithecus francoisi,XP_033094120.1,-3,E,E,match
GALT,NP_000146.2,223,H,Trachypithecus francoisi,XP_033094120.1,-2,Y,Y,match
GALT,NP_000146.2,223,H,Trachypithecus francoisi,XP_033094120.1,-1,S,S,match
GALT,NP_000146.2,223,H,Trachypithecus francoisi,XP_033094120.1,0,R,H,CPD
GALT,NP_000146.2,223,H,Trachypithecus francoisi,XP_033094120.1,1,Q,Q,match
GALT,NP_000146.2,223,H,Trachypithecus francoisi,XP_033094120.1,2,E,E,match
GALT,NP_000146.2,223,H,Trachypithecus francoisi,XP_033094120.1,3,L,L,match
GALT,NP_000146.2,223,H,Trachypithecus francoisi,XP_033094120.1,4,L,L,match
GALT,NP_000146.2,223,H,Trachypithecus francoisi,XP_033094120.1,5,R,R,match
GALT,NP_000146.2,223,H,Trachypithecus francoisi,XP_033094120.1,6,K,K,match
GALT,NP_000146.2,223,H,Trachypithecus francoisi,XP_033094120.1,7,E,E,match
GALT,NP_000146.2,223,H,Trachypithecus francoisi,XP_033094120.1,8,R,R,match
GALT,NP_000146.2,223,H,Trachypithecus francoisi,XP_033094120.1,9,L,L,match
GALT,NP_000146.2,223,H,Trachypithecus francoisi,XP_033094120.1,10,V,V,match
GALT,NP_000146.2,223,H,Cercocebus atys,XP_011924618.1,-10,H,H,match
GALT,NP_000146.2,223,H,Cercocebus atys,XP_011924618.1,-9,G,G,match
GALT,NP_000146.2,223,H,Cercocebus atys,XP_011924618.1,-8,E,E,match
GALT,NP_000146.2,223,H,Cercocebus atys,XP_011924618.1,-7,P,P,match
GALT,NP_000146.2,223,H,Cercocebus atys,XP_011924618.1,-6,L,L,match
GALT,NP_000146.2,223,H,Cercocebus atys,XP_011924618.1,-5,L,L,match
GALT,NP_000146.2,223,H,Cercocebus atys,XP_011924618.1,-4,M,M,match
GALT,NP_000146.2,223,H,Cercocebus atys,XP_011924618.1,-3,E,E,match
GALT,NP_000146.2,223,H,Cercocebus atys,XP_011924618.1,-2,Y,Y,match
GALT,NP_000146.2,223,H,Cercocebus atys,XP_011924618.1,-1,S,S,match
GALT,NP_000146.2,223,H,Cercocebus atys,XP_011924618.1,0,R,H,CPD
GALT,NP_000146.2,223,H,Cercocebus atys,XP_011924618.1,1,Q,Q,match
GALT,NP_000146.2,223,H,Cercocebus atys,XP_011924618.1,2,E,E,match
GALT,NP_000146.2,223,H,Cercocebus atys,XP_011924618.1,3,L,L,match
GALT,NP_000146.2,223,H,Cercocebus atys,XP_011924618.1,4,L,L,match
GALT,NP_000146.2,223,H,Cercocebus atys,XP_011924618.1,5,R,R,match
GALT,NP_000146.2,223,H,Cercocebus atys,XP_011924618.1,6,K,K,match
GALT,NP_000146.2,223,H,Cercocebus atys,XP_011924618.1,7,E,E,match
GALT,NP_000146.2,223,H,Cercocebus atys,XP_011924618.1,8,R,R,match
GALT,NP_000146.2,223,H,Cercocebus atys,XP_011924618.1,9,L,L,match
GALT,NP_000146.2,223,H,Cercocebus atys,XP_011924618.1,10,V,V,match
GALT,NP_000146.2,223,H,Gorilla gorilla gorilla,XP_004048011.1,-10,H,H,match
GALT,NP_000146.2,223,H,Gorilla gorilla gorilla,XP_004048011.1,-9,G,G,match
GALT,NP_000146.2,223,H,Gorilla gorilla gorilla,XP_004048011.1,-8,E,E,match
GALT,NP_000146.2,223,H,Gorilla gorilla gorilla,XP_004048011.1,-7,P,P,match
GALT,NP_000146.2,223,H,Gorilla gorilla gorilla,XP_004048011.1,-6,L,L,match
GALT,NP_000146.2,223,H,Gorilla gorilla gorilla,XP_004048011.1,-5,L,L,match
GALT,NP_000146.2,223,H,Gorilla gorilla gorilla,XP_004048011.1,-4,M,M,match
GALT,NP_000146.2,223,H,Gorilla gorilla gorilla,XP_004048011.1,-3,E,E,match
GALT,NP_000146.2,223,H,Gorilla gorilla gorilla,XP_004048011.1,-2,Y,Y,match
GALT,NP_000146.2,223,H,Gorilla gorilla gorilla,XP_004048011.1,-1,S,S,match
GALT,NP_000146.2,223,H,Gorilla gorilla gorilla,XP_004048011.1,0,R,H,CPD
GALT,NP_000146.2,223,H,Gorilla gorilla gorilla,XP_004048011.1,1,Q,Q,match
GALT,NP_000146.2,223,H,Gorilla gorilla gorilla,XP_004048011.1,2,E,E,match
GALT,NP_000146.2,223,H,Gorilla gorilla gorilla,XP_004048011.1,3,L,L,match
GALT,NP_000146.2,223,H,Gorilla gorilla gorilla,XP_004048011.1,4,L,L,match
GALT,NP_000146.2,223,H,Gorilla gorilla gorilla,XP_004048011.1,5,R,R,match
GALT,NP_000146.2,223,H,Gorilla gorilla gorilla,XP_004048011.1,6,K,K,match
GALT,NP_000146.2,223,H,Gorilla gorilla gorilla,XP_004048011.1,7,E,E,match
GALT,NP_000146.2,223,H,Gorilla gorilla gorilla,XP_004048011.1,8,R,R,match
GALT,NP_000146.2,223,H,Gorilla gorilla gorilla,XP_004048011.1,9,L,L,match
GALT,NP_000146.2,223,H,Gorilla gorilla gorilla,XP_004048011.1,10,V,V,match
GALT,NP_000146.2,223,H,Nomascus leucogenys,XP_003263433.1,-10,H,H,match
GALT,NP_000146.2,223,H,Nomascus leucogenys,XP_003263433.1,-9,G,G,match
GALT,NP_000146.2,223,H,Nomascus leucogenys,XP_003263433.1,-8,E,E,match
GALT,NP_000146.2,223,H,Nomascus leucogenys,XP_003263433.1,-7,P,P,match
GALT,NP_000146.2,223,H,Nomascus leucogenys,XP_003263433.1,-6,L,L,match
GALT,NP_000146.2,223,H,Nomascus leucogenys,XP_003263433.1,-5,L,L,match
GALT,NP_000146.2,223,H,Nomascus leucogenys,XP_003263433.1,-4,M,M,match
GALT,NP_000146.2,223,H,Nomascus leucogenys,XP_003263433.1,-3,E,E,match
GALT,NP_000146.2,223,H,Nomascus leucogenys,XP_003263433.1,-2,Y,Y,match
GALT,NP_000146.2,223,H,Nomascus leucogenys,XP_003263433.1,-1,S,S,match
GALT,NP_000146.2,223,H,Nomascus leucogenys,XP_003263433.1,0,R,H,CPD
GALT,NP_000146.2,223,H,Nomascus leucogenys,XP_003263433.1,1,Q,Q,match
GALT,NP_000146.2,223,H,Nomascus leucogenys,XP_003263433.1,2,E,E,match
GALT,NP_000146.2,223,H,Nomascus leucogenys,XP_003263433.1,3,L,L,match
GALT,NP_000146.2,223,H,Nomascus leucogenys,XP_003263433.1,4,L,L,match
GALT,NP_000146.2,223,H,Nomascus leucogenys,XP_003263433.1,5,R,R,match
GALT,NP_000146.2,223,H,Nomascus leucogenys,XP_003263433.1,6,K,K,match
GALT,NP_000146.2,223,H,Nomascus leucogenys,XP_003263433.1,7,E,E,match
GALT,NP_000146.2,223,H,Nomascus leucogenys,XP_003263433.1,8,R,R,match
GALT,NP_000146.2,223,H,Nomascus leucogenys,XP_003263433.1,9,L,L,match
GALT,NP_000146.2,223,H,Nomascus leucogenys,XP_003263433.1,10,V,V,match
GBA1,NP_000148.2,502,C,Papio anubis,XP_031509384.1,-10,G,G,match
GBA1,NP_000148.2,502,C,Papio anubis,XP_031509384.1,-9,S,S,match
GBA1,NP_000148.2,502,C,Papio anubis,XP_031509384.1,-8,-,-,gap
GBA1,NP_000148.2,502,C,Papio anubis,XP_031509384.1,-7,A,A,match
GBA1,NP_000148.2,502,C,Papio anubis,XP_031509384.1,-6,V,V,match
GBA1,NP_000148.2,502,C,Papio anubis,XP_031509384.1,-5,V,V,match
GBA1,NP_000148.2,502,C,Papio anubis,XP_031509384.1,-4,V,V,match
GBA1,NP_000148.2,502,C,Papio anubis,XP_031509384.1,-3,V,V,match
GBA1,NP_000148.2,502,C,Papio anubis,XP_031509384.1,-2,L,L,match
GBA1,NP_000148.2,502,C,Papio anubis,XP_031509384.1,-1,N,N,match
GBA1,NP_000148.2,502,C,Papio anubis,XP_031509384.1,0,R,C,CPD
GBA1,NP_000148.2,502,C,Papio anubis,XP_031509384.1,1,S,S,match
GBA1,NP_000148.2,502,C,Papio anubis,XP_031509384.1,2,S,S,match
GBA1,NP_000148.2,502,C,Papio anubis,XP_031509384.1,3,K,K,match
GBA1,NP_000148.2,502,C,Papio anubis,XP_031509384.1,4,D,D,match
GBA1,NP_000148.2,502,C,Papio anubis,XP_031509384.1,5,V,V,match
GBA1,NP_000148.2,502,C,Papio anubis,XP_031509384.1,6,P,P,match
GBA1,NP_000148.2,502,C,Papio anubis,XP_031509384.1,7,L,L,match
GBA1,NP_000148.2,502,C,Papio anubis,XP_031509384.1,8,T,T,match
GBA1,NP_000148.2,502,C,Papio anubis,XP_031509384.1,9,I,I,match
GBA1,NP_000148.2,502,C,Papio anubis,XP_031509384.1,10,K,K,match
GBA1,NP_000148.2,535,H,Hylobates moloch,XP_058295195.1,-10,G,G,match
GBA1,NP_000148.2,535,H,Hylobates moloch,XP_058295195.1,-9,Y,Y,match
GBA1,NP_000148.2,535,H,Hylobates moloch,XP_058295195.1,-8,S,S,match
GBA1,NP_000148.2,535,H,Hylobates moloch,XP_058295195.1,-7,I,I,match
GBA1,NP_000148.2,535,H,Hylobates moloch,XP_058295195.1,-6,H,H,match
GBA1,NP_000148.2,535,H,Hylobates moloch,XP_058295195.1,-5,T,T,match
GBA1,NP_000148.2,535,H,Hylobates moloch,XP_058295195.1,-4,Y,Y,match
GBA1,NP_000148.2,535,H,Hylobates moloch,XP_058295195.1,-3,L,L,match
GBA1,NP_000148.2,535,H,Hylobates moloch,XP_058295195.1,-2,W,W,match
GBA1,NP_000148.2,535,H,Hylobates moloch,XP_058295195.1,-1,R,R,match
GBA1,NP_000148.2,535,H,Hylobates moloch,XP_058295195.1,0,R,H,CPD
GBA1,NP_000148.2,535,H,Hylobates moloch,XP_058295195.1,1,Q,Q,match
GBA1,NP_000148.2,535,H,Hylobates moloch,XP_058295195.1,2,,,outside
GBA1,NP_000148.2,535,H,Hylobates moloch,XP_058295195.1,3,,,outside
GBA1,NP_000148.2,535,H,Hylobates moloch,XP_058295195.1,4,,,outside
GBA1,NP_000148.2,535,H,Hylobates moloch,XP_058295195.1,5,,,outside
GBA1,NP_000148.2,535,H,Hylobates moloch,XP_058295195.1,6,,,outside
GBA1,NP_000148.2,535,H,Hylobates moloch,XP_058295195.1,7,,,outside
GBA1,NP_000148.2,535,H,Hylobates moloch,XP_058295195.1,8,,,outside
GBA1,NP_000148.2,535,H,Hylobates moloch,XP_058295195.1,9,,,outside
GBA1,NP_000148.2,535,H,Hylobates moloch,XP_058295195.1,10,,,outside
GBA1,NP_000148.2,227,S,Cercocebus atys,XP_011932225.1,-10,P,P,match
GBA1,NP_000148.2,227,S,Cercocebus atys,XP_011932225.1,-9,W,W,match
GBA1,NP_000148.2,227,S,Cercocebus atys,XP_011932225.1,-8,T,T,match
GBA1,NP_000148.2,227,S,Cercocebus atys,XP_011932225.1,-7,S,S,match
GBA1,NP_000148.2,227,S,Cercocebus atys,XP_011932225.1,-6,P,P,match
GBA1,NP_000148.2,227,S,Cercocebus atys,XP_011932225.1,-5,T,T,match
GBA1,NP_000148.2,227,S,Cercocebus atys,XP_011932225.1,-4,W,R,different
GBA1,NP_000148.2,227,S,Cercocebus atys,XP_011932225.1,-3,L,L,match
GBA1,NP_000148.2,227,S,Cercocebus atys,XP_011932225.1,-2,K,K,match
GBA1,NP_000148.2,227,S,Cercocebus atys,XP_011932225.1,-1,T,I,different
GBA1,NP_000148.2,227,S,Cercocebus atys,XP_011932225.1,0,N,S,CPD
GBA1,NP_000148.2,227,S,Cercocebus atys,XP_011932225.1,1,G,G,match
GBA1,NP_000148.2,227,S,Cercocebus atys,XP_011932225.1,2,A,A,match
GBA1,NP_000148.2,227,S,Cercocebus atys,XP_011932225.1,3,V,G,different
GBA1,NP_000148.2,227,S,Cercocebus atys,XP_011932225.1,4,N,N,match
GBA1,NP_000148.2,227,S,Cercocebus atys,XP_011932225.1,5,G,G,match
GBA1,NP_000148.2,227,S,Cercocebus atys,XP_011932225.1,6,K,K,match
GBA1,NP_000148.2,227,S,Cercocebus atys,XP_011932225.1,7,G,V,different
GBA1,NP_000148.2,227,S,Cercocebus atys,XP_011932225.1,8,S,S,match
GBA1,NP_000148.2,227,S,Cercocebus atys,XP_011932225.1,9,L,L,match
GBA1,NP_000148.2,227,S,Cercocebus atys,XP_011932225.1,10,K,K,match
GBA1,NP_000148.2,227,S,Papio anubis,XP_031509384.1,-10,P,P,match
GBA1,NP_000148.2,227,S,Papio anubis,XP_031509384.1,-9,W,W,match
GBA1,NP_000148.2,227,S,Papio anubis,XP_031509384.1,-8,T,T,match
GBA1,NP_000148.2,227,S,Papio anubis,XP_031509384.1,-7,S,S,match
GBA1,NP_000148.2,227,S,Papio anubis,XP_031509384.1,-6,P,P,match
GBA1,NP_000148.2,227,S,Papio anubis,XP_031509384.1,-5,T,T,match
GBA1,NP_000148.2,227,S,Papio anubis,XP_031509384.1,-4,W,R,different
GBA1,NP_000148.2,227,S,Papio anubis,XP_031509384.1,-3,L,L,match
GBA1,NP_000148.2,227,S,Papio anubis,XP_031509384.1,-2,K,K,match
GBA1,NP_000148.2,227,S,Papio anubis,XP_031509384.1,-1,T,I,different
GBA1,NP_000148.2,227,S,Papio anubis,XP_031509384.1,0,N,S,CPD
GBA1,NP_000148.2,227,S,Papio anubis,XP_031509384.1,1,G,G,match
GBA1,NP_000148.2,227,S,Papio anubis,XP_031509384.1,2,A,A,match
GBA1,NP_000148.2,227,S,Papio anubis,XP_031509384.1,3,V,G,different
GBA1,NP_000148.2,227,S,Papio anubis,XP_031509384.1,4,N,N,match
GBA1,NP_000148.2,227,S,Papio anubis,XP_031509384.1,5,G,G,match
GBA1,NP_000148.2,227,S,Papio anubis,XP_031509384.1,6,K,K,match
GBA1,NP_000148.2,227,S,Papio anubis,XP_031509384.1,7,G,V,different
GBA1,NP_000148.2,227,S,Papio anubis,XP_031509384.1,8,S,S,match
GBA1,NP_000148.2,227,S,Papio anubis,XP_031509384.1,9,L,L,match
GBA1,NP_000148.2,227,S,Papio anubis,XP_031509384.1,10,K,K,match
GBA1,NP_000148.2,351,C,Cercocebus atys,XP_011932225.1,-10,A,A,match
GBA1,NP_000148.2,351,C,Cercocebus atys,XP_011932225.1,-9,K,K,match
GBA1,NP_000148.2,351,C,Cercocebus atys,XP_011932225.1,-8,Y,Y,match
GBA1,NP_000148.2,351,C,Cercocebus atys,XP_011932225.1,-7,V,V,match
GBA1,NP_000148.2,351,C,Cercocebus atys,XP_011932225.1,-6,H,H,match
GBA1,NP_000148.2,351,C,Cercocebus atys,XP_011932225.1,-5,G,G,match
GBA1,NP_000148.2,351,C,Cercocebus atys,XP_011932225.1,-4,I,I,match
GBA1,NP_000148.2,351,C,Cercocebus atys,XP_011932225.1,-3,A,A,match
GBA1,NP_000148.2,351,C,Cercocebus atys,XP_011932225.1,-2,V,V,match
GBA1,NP_000148.2,351,C,Cercocebus atys,XP_011932225.1,-1,H,H,match
GBA1,NP_000148.2,351,C,Cercocebus atys,XP_011932225.1,0,W,C,CPD
GBA1,NP_000148.2,351,C,Cercocebus atys,XP_011932225.1,1,Y,Y,match
GBA1,NP_000148.2,351,C,Cercocebus atys,XP_011932225.1,2,L,L,match
GBA1,NP_000148.2,351,C,Cercocebus atys,XP_011932225.1,3,D,D,match
GBA1,NP_000148.2,351,C,Cercocebus atys,XP_011932225.1,4,F,F,match
GBA1,NP_000148.2,351,C,Cercocebus atys,XP_011932225.1,5,L,L,match
GBA1,NP_000148.2,351,C,Cercocebus atys,XP_011932225.1,6,A,A,match
GBA1,NP_000148.2,351,C,Cercocebus atys,XP_011932225.1,7,P,P,match
GBA1,NP_000148.2,351,C,Cercocebus atys,XP_011932225.1,8,A,A,match
GBA1,NP_000148.2,351,C,Cercocebus atys,XP_011932225.1,9,K,K,match
GBA1,NP_000148.2,351,C,Cercocebus atys,XP_011932225.1,10,A,A,match
GBA1,NP_000148.2,350,R,Sapajus apella,XP_032129097.1,-10,A,A,match
GBA1,NP_000148.2,350,R,Sapajus apella,XP_032129097.1,-9,A,A,match
GBA1,NP_000148.2,350,R,Sapajus apella,XP_032129097.1,-8,K,Q,different
GBA1,NP_000148.2,350,R,Sapajus apella,XP_032129097.1,-7,Y,H,different
GBA1,NP_000148.2,350,R,Sapajus apella,XP_032129097.1,-6,V,V,match
GBA1,NP_000148.2,350,R,Sapajus apella,XP_032129097.1,-5,H,D,different
GBA1,NP_000148.2,350,R,Sapajus apella,XP_032129097.1,-4,G,G,match
GBA1,NP_000148.2,350,R,Sapajus apella,XP_032129097.1,-3,I,I,match
GBA1,NP_000148.2,350,R,Sapajus apella,XP_032129097.1,-2,A,A,match
GBA1,NP_000148.2,350,R,Sapajus apella,XP_032129097.1,-1,V,V,match
GBA1,NP_000148.2,350,R,Sapajus apella,XP_032129097.1,0,H,R,CPD
GBA1,NP_000148.2,350,R,Sapajus apella,XP_032129097.1,1,W,W,match
GBA1,NP_000148.2,350,R,Sapajus apella,XP_032129097.1,2,Y,Y,match
GBA1,NP_000148.2,350,R,Sapajus apella,XP_032129097.1,3,L,L,match
GBA1,NP_000148.2,350,R,Sapajus apella,XP_032129097.1,4,D,D,match
GBA1,NP_000148.2,350,R,Sapajus apella,XP_032129097.1,5,F,F,match
GBA1,NP_000148.2,350,R,Sapajus apella,XP_032129097.1,6,L,L,match
GBA1,NP_000148.2,350,R,Sapajus apella,XP_032129097.1,7,A,A,match
GBA1,NP_000148.2,350,R,Sapajus apella,XP_032129097.1,8,P,P,match
GBA1,NP_000148.2,350,R,Sapajus apella,XP_032129097.1,9,A,A,match
GBA1,NP_000148.2,350,R,Sapajus apella,XP_032129097.1,10,K,K,match
GBA1,NP_000148.2,416,S,Cercocebus atys,XP_011932225.1,-10,I,I,match
GBA1,NP_000148.2,416,S,Cercocebus atys,XP_011932225.1,-9,I,T,different
GBA1,NP_000148.2,416,S,Cercocebus atys,XP_011932225.1,-8,T,T,match
GBA1,NP_000148.2,416,S,Cercocebus atys,XP_011932225.1,-7,N,N,match
GBA1,NP_000148.2,416,S,Cercocebus atys,XP_011932225.1,-6,L,L,match
GBA1,NP_000148.2,416,S,Cercocebus atys,XP_011932225.1,-5,L,L,match
GBA1,NP_000148.2,416,S,Cercocebus atys,XP_011932225.1,-4,Y,Y,match
GBA1,NP_000148.2,416,S,Cercocebus atys,XP_011932225.1,-3,H,H,match
GBA1,NP_000148.2,416,S,Cercocebus atys,XP_011932225.1,-2,V,V,match
GBA1,NP_000148.2,416,S,Cercocebus atys,XP_011932225.1,-1,V,V,match
GBA1,NP_000148.2,416,S,Cercocebus atys,XP_011932225.1,0,G,S,CPD
GBA1,NP_000148.2,416,S,Cercocebus atys,XP_011932225.1,1,W,W,match
GBA1,NP_000148.2,416,S,Cercocebus atys,XP_011932225.1,2,T,T,match
GBA1,NP_000148.2,416,S,Cercocebus atys,XP_011932225.1,3,D,D,match
GBA1,NP_000148.2,416,S,Cercocebus atys,XP_011932225.1,4,W,W,match
GBA1,NP_000148.2,416,S,Cercocebus atys,XP_011932225.1,5,N,N,match
GBA1,NP_000148.2,416,S,Cercocebus atys,XP_011932225.1,6,L,L,match
GBA1,NP_000148.2,416,S,Cercocebus atys,XP_011932225.1,7,A,A,match
GBA1,NP_000148.2,416,S,Cercocebus atys,XP_011932225.1,8,L,L,match
GBA1,NP_000148.2,416,S,Cercocebus atys,XP_011932225.1,9,N,N,match
GBA1,NP_000148.2,416,S,Cercocebus atys,XP_011932225.1,10,P,P,match
GBA1,NP_000148.2,416,S,Papio anubis,XP_031509384.1,-10,I,I,match
GBA1,NP_000148.2,416,S,Papio anubis,XP_031509384.1,-9,I,I,match
GBA1,NP_000148.2,416,S,Papio anubis,XP_031509384.1,-8,T,T,match
GBA1,NP_000148.2,416,S,Papio anubis,XP_031509384.1,-7,N,N,match
GBA1,NP_000148.2,416,S,Papio anubis,XP_031509384.1,-6,L,L,match
GBA1,NP_000148.2,416,S,Papio anubis,XP_031509384.1,-5,L,L,match
GBA1,NP_000148.2,416,S,Papio anubis,XP_031509384.1,-4,Y,Y,match
GBA1,NP_000148.2,416,S,Papio anubis,XP_031509384.1,-3,H,H,match
GBA1,NP_000148.2,416,S,Papio anubis,XP_031509384.1,-2,V,V,match
GBA1,NP_000148.2,416,S,Papio anubis,XP_031509384.1,-1,V,V,match
GBA1,NP_000148.2,416,S,Papio anubis,XP_031509384.1,0,G,S,CPD
GBA1,NP_000148.2,416,S,Papio anubis,XP_031509384.1,1,W,W,match
GBA1,NP_000148.2,416,S,Papio anubis,XP_031509384.1,2,T,T,match
GBA1,NP_000148.2,416,S,Papio anubis,XP_031509384.1,3,D,D,match
GBA1,NP_000148.2,416,S,Papio anubis,XP_031509384.1,4,W,W,match
GBA1,NP_000148.2,416,S,Papio anubis,XP_031509384.1,5,N,N,match
GBA1,NP_000148.2,416,S,Papio anubis,XP_031509384.1,6,L,L,match
GBA1,NP_000148.2,416,S,Papio anubis,XP_031509384.1,7,A,A,match
GBA1,NP_000148.2,416,S,Papio anubis,XP_031509384.1,8,L,L,match
GBA1,NP_000148.2,416,S,Papio anubis,XP_031509384.1,9,N,N,match
GBA1,NP_000148.2,416,S,Papio anubis,XP_031509384.1,10,P,P,match
GBA1,NP_000148.2,426,L,Rhinopithecus roxellana,XP_030791629.1,-10,G,G,match
GBA1,NP_000148.2,426,L,Rhinopithecus roxellana,XP_030791629.1,-9,W,W,match
GBA1,NP_000148.2,426,L,Rhinopithecus roxellana,XP_030791629.1,-8,T,T,match
GBA1,NP_000148.2,426,L,Rhinopithecus roxellana,XP_030791629.1,-7,D,D,match
GBA1,NP_000148.2,426,L,Rhinopithecus roxellana,XP_030791629.1,-6,W,W,match
GBA1,NP_000148.2,426,L,Rhinopithecus roxellana,XP_030791629.1,-5,N,N,match
GBA1,NP_000148.2,426,L,Rhinopithecus roxellana,XP_030791629.1,-4,L,L,match
GBA1,NP_000148.2,426,L,Rhinopithecus roxellana,XP_030791629.1,-3,A,A,match
GBA1,NP_000148.2,426,L,Rhinopithecus roxellana,XP_030791629.1,-2,L,L,match
GBA1,NP_000148.2,426,L,Rhinopithecus roxellana,XP_030791629.1,-1,N,N,match
GBA1,NP_000148.2,426,L,Rhinopithecus roxellana,XP_030791629.1,0,P,L,CPD
GBA1,NP_000148.2,426,L,Rhinopithecus roxellana,XP_030791629.1,1,E,E,match
GBA1,NP_000148.2,426,L,Rhinopithecus roxellana,XP_030791629.1,2,G,G,match
GBA1,NP_000148.2,426,L,Rhinopithecus roxellana,XP_030791629.1,3,G,G,match
GBA1,NP_000148.2,426,L,Rhinopithecus roxellana,XP_030791629.1,4,P,P,match
GBA1,NP_000148.2,426,L,Rhinopithecus roxellana,XP_030791629.1,5,N,N,match
GBA1,NP_000148.2,426,L,Rhinopithecus roxellana,XP_030791629.1,6,W,W,match
GBA1,NP_000148.2,426,L,Rhinopithecus roxellana,XP_030791629.1,7,V,V,match
GBA1,NP_000148.2,426,L,Rhinopithecus roxellana,XP_030791629.1,8,R,R,match
GBA1,NP_000148.2,426,L,Rhinopithecus roxellana,XP_030791629.1,9,N,N,match
GBA1,NP_000148.2,426,L,Rhinopithecus roxellana,XP_030791629.1,10,F,F,match
GBA1,NP_000148.2,230,G,Cercocebus atys,XP_011932225.1,-10,S,S,match
GBA1,NP_000148.2,230,G,Cercocebus atys,XP_011932225.1,-9,P,P,match
GBA1,NP_000148.2,230,G,Cercocebus atys,XP_011932225.1,-8,T,T,match
GBA1,NP_000148.2,230,G,Cercocebus atys,XP_011932225.1,-7,W,R,different
GBA1,NP_000148.2,230,G,Cercocebus atys,XP_011932225.1,-6,L,L,match
GBA1,NP_000148.2,230,G,Cercocebus atys,XP_011932225.1,-5,K,K,match
GBA1,NP_000148.2,230,G,Cercocebus atys,XP_011932225.1,-4,T,I,different
GBA1,NP_000148.2,230,G,Cercocebus atys,XP_011932225.1,-3,N,S,different
GBA1,NP_000148.2,230,G,Cercocebus atys,XP_011932225.1,-2,G,G,match
GBA1,NP_000148.2,230,G,Cercocebus atys,XP_011932225.1,-1,A,A,match
GBA1,NP_000148.2,230,G,Cercocebus atys,XP_011932225.1,0,V,G,CPD
GBA1,NP_000148.2,230,G,Cercocebus atys,XP_011932225.1,1,N,N,match
GBA1,NP_000148.2,230,G,Cercocebus atys,XP_011932225.1,2,G,G,match
GBA1,NP_000148.2,230,G,Cercocebus atys,XP_011932225.1,3,K,K,match
GBA1,NP_000148.2,230,G,Cercocebus atys,XP_011932225.1,4,G,V,different
GBA1,NP_000148.2,230,G,Cercocebus atys,XP_011932225.1,5,S,S,match
GBA1,NP_000148.2,230,G,Cercocebus atys,XP_011932225.1,6,L,L,match
GBA1,NP_000148.2,230,G,Cercocebus atys,XP_011932225.1,7,K,K,match
GBA1,NP_000148.2,230,G,Cercocebus atys,XP_011932225.1,8,G,G,match
GBA1,NP_000148.2,230,G,Cercocebus atys,XP_011932225.1,9,Q,Q,match
GBA1,NP_000148.2,230,G,Cercocebus atys,XP_011932225.1,10,P,P,match
GBA1,NP_000148.2,230,G,Papio anubis,XP_031509384.1,-10,S,S,match
GBA1,NP_000148.2,230,G,Papio anubis,XP_031509384.1,-9,P,P,match
GBA1,NP_000148.2,230,G,Papio anubis,XP_031509384.1,-8,T,T,match
GBA1,NP_000148.2,230,G,Papio anubis,XP_031509384.1,-7,W,R,different
GBA1,NP_000148.2,230,G,Papio anubis,XP_031509384.1,-6,L,L,match
GBA1,NP_000148.2,230,G,Papio anubis,XP_031509384.1,-5,K,K,match
GBA1,NP_000148.2,230,G,Papio anubis,XP_031509384.1,-4,T,I,different
GBA1,NP_000148.2,230,G,Papio anubis,XP_031509384.1,-3,N,S,different
GBA1,NP_000148.2,230,G,Papio anubis,XP_031509384.1,-2,G,G,match
GBA1,NP_000148.2,230,G,Papio anubis,XP_031509384.1,-1,A,A,match
GBA1,NP_000148.2,230,G,Papio anubis,XP_031509384.1,0,V,G,CPD
GBA1,NP_000148.2,230,G,Papio anubis,XP_031509384.1,1,N,N,match
GBA1,NP_000148.2,230,G,Papio anubis,XP_031509384.1,2,G,G,match
GBA1,NP_000148.2,230,G,Papio anubis,XP_031509384.1,3,K,K,match
GBA1,NP_000148.2,230,G,Papio anubis,XP_031509384.1,4,G,V,different
GBA1,NP_000148.2,230,G,Papio anubis,XP_031509384.1,5,S,S,match
GBA1,NP_000148.2,230,G,Papio anubis,XP_031509384.1,6,L,L,match
GBA1,NP_000148.2,230,G,Papio anubis,XP_031509384.1,7,K,K,match
GBA1,NP_000148.2,230,G,Papio anubis,XP_031509384.1,8,G,G,match
GBA1,NP_000148.2,230,G,Papio anubis,XP_031509384.1,9,Q,Q,match
GBA1,NP_000148.2,230,G,Papio anubis,XP_031509384.1,10,P,P,match
GBA1,NP_000148.2,351,C,Cercocebus atys,XP_011932225.1,-10,A,A,match
GBA1,NP_000148.2,351,C,Cercocebus atys,XP_011932225.1,-9,K,K,match
GBA1,NP_000148.2,351,C,Cercocebus atys,XP_011932225.1,-8,Y,Y,match
GBA1,NP_000148.2,351,C,Cercocebus atys,XP_011932225.1,-7,V,V,match
GBA1,NP_000148.2,351,C,Cercocebus atys,XP_011932225.1,-6,H,H,match
GBA1,NP_000148.2,351,C,Cercocebus atys,XP_011932225.1,-5,G,G,match
GBA1,NP_000148.2,351,C,Cercocebus atys,XP_011932225.1,-4,I,I,match
GBA1,NP_000148.2,351,C,Cercocebus atys,XP_011932225.1,-3,A,A,match
GBA1,NP_000148.2,351,C,Cercocebus atys,XP_011932225.1,-2,V,V,match
GBA1,NP_000148.2,351,C,Cercocebus atys,XP_011932225.1,-1,H,H,match
GBA1,NP_000148.2,351,C,Cercocebus atys,XP_011932225.1,0,W,C,CPD
GBA1,NP_000148.2,351,C,Cercocebus atys,XP_011932225.1,1,Y,Y,match
GBA1,NP_000148.2,351,C,Cercocebus atys,XP_011932225.1,2,L,L,match
GBA1,NP_000148.2,351,C,Cercocebus atys,XP_011932225.1,3,D,D,match
GBA1,NP_000148.2,351,C,Cercocebus atys,XP_011932225.1,4,F,F,match
GBA1,NP_000148.2,351,C,Cercocebus atys,XP_011932225.1,5,L,L,match
GBA1,NP_000148.2,351,C,Cercocebus atys,XP_011932225.1,6,A,A,match
GBA1,NP_000148.2,351,C,Cercocebus atys,XP_011932225.1,7,P,P,match
GBA1,NP_000148.2,351,C,Cercocebus atys,XP_011932225.1,8,A,A,match
GBA1,NP_000148.2,351,C,Cercocebus atys,XP_011932225.1,9,K,K,match
GBA1,NP_000148.2,351,C,Cercocebus atys,XP_011932225.1,10,A,A,match
GBA1,NP_000148.2,391,A,Cercocebus atys,XP_011932225.1,-10,V,V,match
GBA1,NP_000148.2,391,A,Cercocebus atys,XP_011932225.1,-9,G,G,match
GBA1,NP_000148.2,391,A,Cercocebus atys,XP_011932225.1,-8,S,S,match
GBA1,NP_000148.2,391,A,Cercocebus atys,XP_011932225.1,-7,K,K,match
GBA1,NP_000148.2,391,A,Cercocebus atys,XP_011932225.1,-6,F,F,match
GBA1,NP_000148.2,391,A,Cercocebus atys,XP_011932225.1,-5,W,W,match
GBA1,NP_000148.2,391,A,Cercocebus atys,XP_011932225.1,-4,E,E,match
GBA1,NP_000148.2,391,A,Cercocebus atys,XP_011932225.1,-3,Q,Q,match
GBA1,NP_000148.2,391,A,Cercocebus atys,XP_011932225.1,-2,-,C,gap
GBA1,NP_000148.2,391,A,Cercocebus atys,XP_011932225.1,-1,S,A,different
GBA1,NP_000148.2,391,A,Cercocebus atys,XP_011932225.1,0,V,A,CPD
GBA1,NP_000148.2,391,A,Cercocebus atys,XP_011932225.1,1,R,R,match
GBA1,NP_000148.2,391,A,Cercocebus atys,XP_011932225.1,2,L,L,match
GBA1,NP_000148.2,391,A,Cercocebus atys,XP_011932225.1,3,G,-,gap
GBA1,NP_000148.2,391,A,Cercocebus atys,XP_011932225.1,4,S,-,gap
GBA1,NP_000148.2,391,A,Cercocebus atys,XP_011932225.1,5,W,L,different
GBA1,NP_000148.2,391,A,Cercocebus atys,XP_011932225.1,6,D,D,match
GBA1,NP_000148.2,391,A,Cercocebus atys,XP_011932225.1,7,R,R,match
GBA1,NP_000148.2,391,A,Cercocebus atys,XP_011932225.1,8,G,G,match
GBA1,NP_000148.2,391,A,Cercocebus atys,XP_011932225.1,9,M,I,different
GBA1,NP_000148.2,391,A,Cercocebus atys,XP_011932225.1,10,Q,Q,match
GCDH,NP_000150.1,298,T,Carlito syrichta,XP_008046221.1,-10,G,G,match
GCDH,NP_000150.1,298,T,Carlito syrichta,XP_008046221.1,-9,C,C,match
GCDH,NP_000150.1,298,T,Carlito syrichta,XP_008046221.1,-8,L,L,match
GCDH,NP_000150.1,298,T,Carlito syrichta,XP_008046221.1,-7,N,N,match
GCDH,NP_000150.1,298,T,Carlito syrichta,XP_008046221.1,-6,N,N,match
GCDH,NP_000150.1,298,T,Carlito syrichta,XP_008046221.1,-5,A,A,match
GCDH,NP_000150.1,298,T,Carlito syrichta,XP_008046221.1,-4,R,R,match
GCDH,NP_000150.1,298,T,Carlito syrichta,XP_008046221.1,-3,Y,Y,match
GCDH,NP_000150.1,298,T,Carlito syrichta,XP_008046221.1,-2,G,G,match
GCDH,NP_000150.1,298,T,Carlito syrichta,XP_008046221.1,-1,I,I,match
GCDH,NP_000150.1,298,T,Carlito syrichta,XP_008046221.1,0,A,T,CPD
GCDH,NP_000150.1,298,T,Carlito syrichta,XP_008046221.1,1,W,W,match
GCDH,NP_000150.1,298,T,Carlito syrichta,XP_008046221.1,2,G,G,match
GCDH,NP_000150.1,298,T,Carlito syrichta,XP_008046221.1,3,V,A,different
GCDH,NP_000150.1,298,T,Carlito syrichta,XP_008046221.1,4,L,L,match
GCDH,NP_000150.1,298,T,Carlito syrichta,XP_008046221.1,5,G,G,match
GCDH,NP_000150.1,298,T,Carlito syrichta,XP_008046221.1,6,A,A,match
GCDH,NP_000150.1,298,T,Carlito syrichta,XP_008046221.1,7,S,A,different
GCDH,NP_000150.1,298,T,Carlito syrichta,XP_008046221.1,8,E,E,match
GCDH,NP_000150.1,298,T,Carlito syrichta,XP_008046221.1,9,F,F,match
GCDH,NP_000150.1,298,T,Carlito syrichta,XP_008046221.1,10,C,C,match
GCDH,NP_000150.1,298,T,Callithrix jacchus,XP_008985624.1,-10,G,G,match
GCDH,NP_000150.1,298,T,Callithrix jacchus,XP_008985624.1,-9,C,C,match
GCDH,NP_000150.1,298,T,Callithrix jacchus,XP_008985624.1,-8,L,L,match
GCDH,NP_000150.1,298,T,Callithrix jacchus,XP_008985624.1,-7,N,N,match
GCDH,NP_000150.1,298,T,Callithrix jacchus,XP_008985624.1,-6,N,N,match
GCDH,NP_000150.1,298,T,Callithrix jacchus,XP_008985624.1,-5,A,A,match
GCDH,NP_000150.1,298,T,Callithrix jacchus,XP_008985624.1,-4,R,R,match
GCDH,NP_000150.1,298,T,Callithrix jacchus,XP_008985624.1,-3,Y,Y,match
GCDH,NP_000150.1,298,T,Callithrix jacchus,XP_008985624.1,-2,G,G,match
GCDH,NP_000150.1,298,T,Callithrix jacchus,XP_008985624.1,-1,I,I,match
GCDH,NP_000150.1,298,T,Callithrix jacchus,XP_008985624.1,0,A,T,CPD
GCDH,NP_000150.1,298,T,Callithrix jacchus,XP_008985624.1,1,W,W,match
GCDH,NP_000150.1,298,T,Callithrix jacchus,XP_008985624.1,2,G,G,match
GCDH,NP_000150.1,298,T,Callithrix jacchus,XP_008985624.1,3,V,V,match
GCDH,NP_000150.1,298,T,Callithrix jacchus,XP_008985624.1,4,L,L,match
GCDH,NP_000150.1,298,T,Callithrix jacchus,XP_008985624.1,5,G,G,match
GCDH,NP_000150.1,298,T,Callithrix jacchus,XP_008985624.1,6,A,A,match
GCDH,NP_000150.1,298,T,Callithrix jacchus,XP_008985624.1,7,S,S,match
GCDH,NP_000150.1,298,T,Callithrix jacchus,XP_008985624.1,8,E,E,match
GCDH,NP_000150.1,298,T,Callithrix jacchus,XP_008985624.1,9,F,F,match
GCDH,NP_000150.1,298,T,Callithrix jacchus,XP_008985624.1,10,C,C,match
GCDH,NP_000150.1,298,T,Saimiri boliviensis,XP_010327765.1,-10,G,G,match
GCDH,NP_000150.1,298,T,Saimiri boliviensis,XP_010327765.1,-9,C,C,match
GCDH,NP_000150.1,298,T,Saimiri boliviensis,XP_010327765.1,-8,L,L,match
GCDH,NP_000150.1,298,T,Saimiri boliviensis,XP_010327765.1,-7,N,N,match
GCDH,NP_000150.1,298,T,Saimiri boliviensis,XP_010327765.1,-6,N,N,match
GCDH,NP_000150.1,298,T,Saimiri boliviensis,XP_010327765.1,-5,A,A,match
GCDH,NP_000150.1,298,T,Saimiri boliviensis,XP_010327765.1,-4,R,R,match
GCDH,NP_000150.1,298,T,Saimiri boliviensis,XP_010327765.1,-3,Y,Y,match
GCDH,NP_000150.1,298,T,Saimiri boliviensis,XP_010327765.1,-2,G,G,match
GCDH,NP_000150.1,298,T,Saimiri boliviensis,XP_010327765.1,-1,I,I,match
GCDH,NP_000150.1,298,T,Saimiri boliviensis,XP_010327765.1,0,A,T,CPD
GCDH,NP_000150.1,298,T,Saimiri boliviensis,XP_010327765.1,1,W,W,match
GCDH,NP_000150.1,298,T,Saimiri boliviensis,XP_010327765.1,2,G,G,match
GCDH,NP_000150.1,298,T,Saimiri boliviensis,XP_010327765.1,3,V,V,match
GCDH,NP_000150.1,298,T,Saimiri boliviensis,XP_010327765.1,4,L,L,match
GCDH,NP_000150.1,298,T,Saimiri boliviensis,XP_010327765.1,5,G,G,match
GCDH,NP_000150.1,298,T,Saimiri boliviensis,XP_010327765.1,6,A,A,match
GCDH,NP_000150.1,298,T,Saimiri boliviensis,XP_010327765.1,7,S,S,match
GCDH,NP_000150.1,298,T,Saimiri boliviensis,XP_010327765.1,8,E,E,match
GCDH,NP_000150.1,298,T,Saimiri boliviensis,XP_010327765.1,9,F,F,match
GCDH,NP_000150.1,298,T,Saimiri boliviensis,XP_010327765.1,10,C,C,match
GCDH,NP_000150.1,298,T,Aotus nancymaae,XP_012291293.1,-10,G,G,match
GCDH,NP_000150.1,298,T,Aotus nancymaae,XP_012291293.1,-9,C,C,match
GCDH,NP_000150.1,298,T,Aotus nancymaae,XP_012291293.1,-8,L,L,match
GCDH,NP_000150.1,298,T,Aotus nancymaae,XP_012291293.1,-7,N,N,match
GCDH,NP_000150.1,298,T,Aotus nancymaae,XP_012291293.1,-6,N,N,match
GCDH,NP_000150.1,298,T,Aotus nancymaae,XP_012291293.1,-5,A,A,match
GCDH,NP_000150.1,298,T,Aotus nancymaae,XP_012291293.1,-4,R,R,match
GCDH,NP_000150.1,298,T,Aotus nancymaae,XP_012291293.1,-3,Y,Y,match
GCDH,NP_000150.1,298,T,Aotus nancymaae,XP_012291293.1,-2,G,G,match
GCDH,NP_000150.1,298,T,Aotus nancymaae,XP_012291293.1,-1,I,I,match
GCDH,NP_000150.1,298,T,Aotus nancymaae,XP_012291293.1,0,A,T,CPD
GCDH,NP_000150.1,298,T,Aotus nancymaae,XP_012291293.1,1,W,W,match
GCDH,NP_000150.1,298,T,Aotus nancymaae,XP_012291293.1,2,G,G,match
GCDH,NP_000150.1,298,T,Aotus nancymaae,XP_012291293.1,3,V,V,match
GCDH,NP_000150.1,298,T,Aotus nancymaae,XP_012291293.1,4,L,L,match
GCDH,NP_000150.1,298,T,Aotus nancymaae,XP_012291293.1,5,G,G,match
GCDH,NP_000150.1,298,T,Aotus nancymaae,XP_012291293.1,6,A,A,match
GCDH,NP_000150.1,298,T,Aotus nancymaae,XP_012291293.1,7,S,S,match
GCDH,NP_000150.1,298,T,Aotus nancymaae,XP_012291293.1,8,E,E,match
GCDH,NP_000150.1,298,T,Aotus nancymaae,XP_012291293.1,9,F,F,match
GCDH,NP_000150.1,298,T,Aotus nancymaae,XP_012291293.1,10,C,C,match
GCDH,NP_000150.1,298,T,Sapajus apella,XP_032121802.1,-10,G,S,different
GCDH,NP_000150.1,298,T,Sapajus apella,XP_032121802.1,-9,C,C,match
GCDH,NP_000150.1,298,T,Sapajus apella,XP_032121802.1,-8,L,L,match
GCDH,NP_000150.1,298,T,Sapajus apella,XP_032121802.1,-7,N,N,match
GCDH,NP_000150.1,298,T,Sapajus apella,XP_032121802.1,-6,N,N,match
GCDH,NP_000150.1,298,T,Sapajus apella,XP_032121802.1,-5,A,A,match
GCDH,NP_000150.1,298,T,Sapajus apella,XP_032121802.1,-4,R,R,match
GCDH,NP_000150.1,298,T,Sapajus apella,XP_032121802.1,-3,Y,Y,match
GCDH,NP_000150.1,298,T,Sapajus apella,XP_032121802.1,-2,G,G,match
GCDH,NP_000150.1,298,T,Sapajus apella,XP_032121802.1,-1,I,I,match
GCDH,NP_000150.1,298,T,Sapajus apella,XP_032121802.1,0,A,T,CPD
GCDH,NP_000150.1,298,T,Sapajus apella,XP_032121802.1,1,W,W,match
GCDH,NP_000150.1,298,T,Sapajus apella,XP_032121802.1,2,G,G,match
GCDH,NP_000150.1,298,T,Sapajus apella,XP_032121802.1,3,V,V,match
GCDH,NP_000150.1,298,T,Sapajus apella,XP_032121802.1,4,L,L,match
GCDH,NP_000150.1,298,T,Sapajus apella,XP_032121802.1,5,G,G,match
GCDH,NP_000150.1,298,T,Sapajus apella,XP_032121802.1,6,A,A,match
GCDH,NP_000150.1,298,T,Sapajus apella,XP_032121802.1,7,S,S,match
GCDH,NP_000150.1,298,T,Sapajus apella,XP_032121802.1,8,E,E,match
GCDH,NP_000150.1,298,T,Sapajus apella,XP_032121802.1,9,F,F,match
GCDH,NP_000150.1,298,T,Sapajus apella,XP_032121802.1,10,C,C,match
GCDH,NP_000150.1,298,T,Cebus imitator,XP_017353272.1,-10,G,S,different
GCDH,NP_000150.1,298,T,Cebus imitator,XP_017353272.1,-9,C,C,match
GCDH,NP_000150.1,298,T,Cebus imitator,XP_017353272.1,-8,L,L,match
GCDH,NP_000150.1,298,T,Cebus imitator,XP_017353272.1,-7,N,N,match
GCDH,NP_000150.1,298,T,Cebus imitator,XP_017353272.1,-6,N,N,match
GCDH,NP_000150.1,298,T,Cebus imitator,XP_017353272.1,-5,A,A,match
GCDH,NP_000150.1,298,T,Cebus imitator,XP_017353272.1,-4,R,R,match
GCDH,NP_000150.1,298,T,Cebus imitator,XP_017353272.1,-3,Y,Y,match
GCDH,NP_000150.1,298,T,Cebus imitator,XP_017353272.1,-2,G,G,match
GCDH,NP_000150.1,298,T,Cebus imitator,XP_017353272.1,-1,I,I,match
GCDH,NP_000150.1,298,T,Cebus imitator,XP_017353272.1,0,A,T,CPD
GCDH,NP_000150.1,298,T,Cebus imitator,XP_017353272.1,1,W,W,match
GCDH,NP_000150.1,298,T,Cebus imitator,XP_017353272.1,2,G,G,match
GCDH,NP_000150.1,298,T,Cebus imitator,XP_017353272.1,3,V,V,match
GCDH,NP_000150.1,298,T,Cebus imitator,XP_017353272.1,4,L,L,match
GCDH,NP_000150.1,298,T,Cebus imitator,XP_017353272.1,5,G,G,match
GCDH,NP_000150.1,298,T,Cebus imitator,XP_017353272.1,6,A,A,match
GCDH,NP_000150.1,298,T,Cebus imitator,XP_017353272.1,7,S,S,match
GCDH,NP_000150.1,298,T,Cebus imitator,XP_017353272.1,8,E,E,match
GCDH,NP_000150.1,298,T,Cebus imitator,XP_017353272.1,9,F,F,match
GCDH,NP_000150.1,298,T,Cebus imitator,XP_017353272.1,10,C,C,match
GCDH,NP_000150.1,298,T,Propithecus coquereli,XP_012496843.1,-10,G,G,match
GCDH,NP_000150.1,298,T,Propithecus coquereli,XP_012496843.1,-9,C,C,match
GCDH,NP_000150.1,298,T,Propithecus coquereli,XP_012496843.1,-8,L,L,match
GCDH,NP_000150.1,298,T,Propithecus coquereli,XP_012496843.1,-7,N,N,match
GCDH,NP_000150.1,298,T,Propithecus coquereli,XP_012496843.1,-6,N,N,match
GCDH,NP_000150.1,298,T,Propithecus coquereli,XP_012496843.1,-5,A,A,match
GCDH,NP_000150.1,298,T,Propithecus coquereli,XP_012496843.1,-4,R,R,match
GCDH,NP_000150.1,298,T,Propithecus coquereli,XP_012496843.1,-3,Y,Y,match
GCDH,NP_000150.1,298,T,Propithecus coquereli,XP_012496843.1,-2,G,G,match
GCDH,NP_000150.1,298,T,Propithecus coquereli,XP_012496843.1,-1,I,I,match
GCDH,NP_000150.1,298,T,Propithecus coquereli,XP_012496843.1,0,A,T,CPD
GCDH,NP_000150.1,298,T,Propithecus coquereli,XP_012496843.1,1,W,W,match
GCDH,NP_000150.1,298,T,Propithecus coquereli,XP_012496843.1,2,G,G,match
GCDH,NP_000150.1,298,T,Propithecus coquereli,XP_012496843.1,3,V,V,match
GCDH,NP_000150.1,298,T,Propithecus coquereli,XP_012496843.1,4,L,L,match
GCDH,NP_000150.1,298,T,Propithecus coquereli,XP_012496843.1,5,G,G,match
GCDH,NP_000150.1,298,T,Propithecus coquereli,XP_012496843.1,6,A,A,match
GCDH,NP_000150.1,298,T,Propithecus coquereli,XP_012496843.1,7,S,A,different
GCDH,NP_000150.1,298,T,Propithecus coquereli,XP_012496843.1,8,E,E,match
GCDH,NP_000150.1,298,T,Propithecus coquereli,XP_012496843.1,9,F,F,match
GCDH,NP_000150.1,298,T,Propithecus coquereli,XP_012496843.1,10,C,C,match
GCDH,NP_000150.1,298,T,Microcebus murinus,XP_012645886.1,-10,G,G,match
GCDH,NP_000150.1,298,T,Microcebus murinus,XP_012645886.1,-9,C,C,match
GCDH,NP_000150.1,298,T,Microcebus murinus,XP_012645886.1,-8,L,L,match
GCDH,NP_000150.1,298,T,Microcebus murinus,XP_012645886.1,-7,N,N,match
GCDH,NP_000150.1,298,T,Microcebus murinus,XP_012645886.1,-6,N,N,match
GCDH,NP_000150.1,298,T,Microcebus murinus,XP_012645886.1,-5,A,A,match
GCDH,NP_000150.1,298,T,Microcebus murinus,XP_012645886.1,-4,R,R,match
GCDH,NP_000150.1,298,T,Microcebus murinus,XP_012645886.1,-3,Y,Y,match
GCDH,NP_000150.1,298,T,Microcebus murinus,XP_012645886.1,-2,G,G,match
GCDH,NP_000150.1,298,T,Microcebus murinus,XP_012645886.1,-1,I,I,match
GCDH,NP_000150.1,298,T,Microcebus murinus,XP_012645886.1,0,A,T,CPD
GCDH,NP_000150.1,298,T,Microcebus murinus,XP_012645886.1,1,W,W,match
GCDH,NP_000150.1,298,T,Microcebus murinus,XP_012645886.1,2,G,G,match
GCDH,NP_000150.1,298,T,Microcebus murinus,XP_012645886.1,3,V,V,match
GCDH,NP_000150.1,298,T,Microcebus murinus,XP_012645886.1,4,L,L,match
GCDH,NP_000150.1,298,T,Microcebus murinus,XP_012645886.1,5,G,G,match
GCDH,NP_000150.1,298,T,Microcebus murinus,XP_012645886.1,6,A,A,match
GCDH,NP_000150.1,298,T,Microcebus murinus,XP_012645886.1,7,S,A,different
GCDH,NP_000150.1,298,T,Microcebus murinus,XP_012645886.1,8,E,E,match
GCDH,NP_000150.1,298,T,Microcebus murinus,XP_012645886.1,9,F,F,match
GCDH,NP_000150.1,298,T,Microcebus murinus,XP_012645886.1,10,C,C,match
GCDH,NP_000150.1,298,T,Eulemur rufifrons,XP_069333769.1,-10,G,G,match
GCDH,NP_000150.1,298,T,Eulemur rufifrons,XP_069333769.1,-9,C,C,match
GCDH,NP_000150.1,298,T,Eulemur rufifrons,XP_069333769.1,-8,L,L,match
GCDH,NP_000150.1,298,T,Eulemur rufifrons,XP_069333769.1,-7,N,N,match
GCDH,NP_000150.1,298,T,Eulemur rufifrons,XP_069333769.1,-6,N,N,match
GCDH,NP_000150.1,298,T,Eulemur rufifrons,XP_069333769.1,-5,A,A,match
GCDH,NP_000150.1,298,T,Eulemur rufifrons,XP_069333769.1,-4,R,R,match
GCDH,NP_000150.1,298,T,Eulemur rufifrons,XP_069333769.1,-3,Y,Y,match
GCDH,NP_000150.1,298,T,Eulemur rufifrons,XP_069333769.1,-2,G,G,match
GCDH,NP_000150.1,298,T,Eulemur rufifrons,XP_069333769.1,-1,I,I,match
GCDH,NP_000150.1,298,T,Eulemur rufifrons,XP_069333769.1,0,A,T,CPD
GCDH,NP_000150.1,298,T,Eulemur rufifrons,XP_069333769.1,1,W,W,match
GCDH,NP_000150.1,298,T,Eulemur rufifrons,XP_069333769.1,2,G,G,match
GCDH,NP_000150.1,298,T,Eulemur rufifrons,XP_069333769.1,3,V,V,match
GCDH,NP_000150.1,298,T,Eulemur rufifrons,XP_069333769.1,4,L,L,match
GCDH,NP_000150.1,298,T,Eulemur rufifrons,XP_069333769.1,5,G,G,match
GCDH,NP_000150.1,298,T,Eulemur rufifrons,XP_069333769.1,6,A,A,match
GCDH,NP_000150.1,298,T,Eulemur rufifrons,XP_069333769.1,7,S,A,different
GCDH,NP_000150.1,298,T,Eulemur rufifrons,XP_069333769.1,8,E,E,match
GCDH,NP_000150.1,298,T,Eulemur rufifrons,XP_069333769.1,9,F,F,match
GCDH,NP_000150.1,298,T,Eulemur rufifrons,XP_069333769.1,10,C,C,match
GCDH,NP_000150.1,298,T,Lemur catta,XP_045406285.1,-10,G,G,match
GCDH,NP_000150.1,298,T,Lemur catta,XP_045406285.1,-9,C,C,match
GCDH,NP_000150.1,298,T,Lemur catta,XP_045406285.1,-8,L,L,match
GCDH,NP_000150.1,298,T,Lemur catta,XP_045406285.1,-7,N,N,match
GCDH,NP_000150.1,298,T,Lemur catta,XP_045406285.1,-6,N,N,match
GCDH,NP_000150.1,298,T,Lemur catta,XP_045406285.1,-5,A,A,match
GCDH,NP_000150.1,298,T,Lemur catta,XP_045406285.1,-4,R,R,match
GCDH,NP_000150.1,298,T,Lemur catta,XP_045406285.1,-3,Y,Y,match
GCDH,NP_000150.1,298,T,Lemur catta,XP_045406285.1,-2,G,G,match
GCDH,NP_000150.1,298,T,Lemur catta,XP_045406285.1,-1,I,I,match
GCDH,NP_000150.1,298,T,Lemur catta,XP_045406285.1,0,A,T,CPD
GCDH,NP_000150.1,298,T,Lemur catta,XP_045406285.1,1,W,W,match
GCDH,NP_000150.1,298,T,Lemur catta,XP_045406285.1,2,G,G,match
GCDH,NP_000150.1,298,T,Lemur catta,XP_045406285.1,3,V,V,match
GCDH,NP_000150.1,298,T,Lemur catta,XP_045406285.1,4,L,L,match
GCDH,NP_000150.1,298,T,Lemur catta,XP_045406285.1,5,G,G,match
GCDH,NP_000150.1,298,T,Lemur catta,XP_045406285.1,6,A,A,match
GCDH,NP_000150.1,298,T,Lemur catta,XP_045406285.1,7,S,A,different
GCDH,NP_000150.1,298,T,Lemur catta,XP_045406285.1,8,E,E,match
GCDH,NP_000150.1,298,T,Lemur catta,XP_045406285.1,9,F,F,match
GCDH,NP_000150.1,298,T,Lemur catta,XP_045406285.1,10,C,C,match
GCDH,NP_000150.1,191,R,Papio anubis,XP_031515710.1,-10,N,K,different
GCDH,NP_000150.1,191,R,Papio anubis,XP_031515710.1,-9,S,C,different
GCDH,NP_000150.1,191,R,Papio anubis,XP_031515710.1,-8,-,F,gap
GCDH,NP_000150.1,191,R,Papio anubis,XP_031515710.1,-7,-,R,gap
GCDH,NP_000150.1,191,R,Papio anubis,XP_031515710.1,-6,G,K,different
GCDH,NP_000150.1,191,R,Papio anubis,XP_031515710.1,-5,S,C,different
GCDH,NP_000150.1,191,R,Papio anubis,XP_031515710.1,-4,D,D,match
GCDH,NP_000150.1,191,R,Papio anubis,XP_031515710.1,-3,P,P,match
GCDH,NP_000150.1,191,R,Papio anubis,XP_031515710.1,-2,S,A,different
GCDH,NP_000150.1,191,R,Papio anubis,XP_031515710.1,-1,S,A,different
GCDH,NP_000150.1,191,R,Papio anubis,XP_031515710.1,0,M,R,CPD
GCDH,NP_000150.1,191,R,Papio anubis,XP_031515710.1,1,E,X,different
GCDH,NP_000150.1,191,R,Papio anubis,XP_031515710.1,2,T,N,different
GCDH,NP_000150.1,191,R,Papio anubis,XP_031515710.1,3,R,G,different
GCDH,NP_000150.1,191,R,Papio anubis,XP_031515710.1,4,A,I,different
GCDH,NP_000150.1,191,R,Papio anubis,XP_031515710.1,5,H,R,different
GCDH,NP_000150.1,191,R,Papio anubis,XP_031515710.1,6,Y,H,different
GCDH,NP_000150.1,191,R,Papio anubis,XP_031515710.1,7,N,N,match
GCDH,NP_000150.1,191,R,Papio anubis,XP_031515710.1,8,S,S,match
GCDH,NP_000150.1,191,R,Papio anubis,XP_031515710.1,9,S,S,match
GCDH,NP_000150.1,191,R,Papio anubis,XP_031515710.1,10,N,N,match
HBB,NP_000509.1,102,Q,Microcebus murinus,XP_012642085.1,-10,L,L,match
HBB,NP_000509.1,102,Q,Microcebus murinus,XP_012642085.1,-9,H,H,match
HBB,NP_000509.1,102,Q,Microcebus murinus,XP_012642085.1,-8,C,C,match
HBB,NP_000509.1,102,Q,Microcebus murinus,XP_012642085.1,-7,D,D,match
HBB,NP_000509.1,102,Q,Microcebus murinus,XP_012642085.1,-6,K,K,match
HBB,NP_000509.1,102,Q,Microcebus murinus,XP_012642085.1,-5,L,L,match
HBB,NP_000509.1,102,Q,Microcebus murinus,XP_012642085.1,-4,H,H,match
HBB,NP_000509.1,102,Q,Microcebus murinus,XP_012642085.1,-3,V,V,match
HBB,NP_000509.1,102,Q,Microcebus murinus,XP_012642085.1,-2,D,D,match
HBB,NP_000509.1,102,Q,Microcebus murinus,XP_012642085.1,-1,P,P,match
HBB,NP_000509.1,102,Q,Microcebus murinus,XP_012642085.1,0,E,Q,CPD
HBB,NP_000509.1,102,Q,Microcebus murinus,XP_012642085.1,1,N,N,match
HBB,NP_000509.1,102,Q,Microcebus murinus,XP_012642085.1,2,F,F,match
HBB,NP_000509.1,102,Q,Microcebus murinus,XP_012642085.1,3,R,T,different
HBB,NP_000509.1,102,Q,Microcebus murinus,XP_012642085.1,4,L,L,match
HBB,NP_000509.1,102,Q,Microcebus murinus,XP_012642085.1,5,L,L,match
HBB,NP_000509.1,102,Q,Microcebus murinus,XP_012642085.1,6,G,G,match
HBB,NP_000509.1,102,Q,Microcebus murinus,XP_012642085.1,7,N,N,match
HBB,NP_000509.1,102,Q,Microcebus murinus,XP_012642085.1,8,V,V,match
HBB,NP_000509.1,102,Q,Microcebus murinus,XP_012642085.1,9,L,L,match
HBB,NP_000509.1,102,Q,Microcebus murinus,XP_012642085.1,10,V,V,match
HGD,NP_000178.2,53,Q,Cercocebus atys,XP_011923849.1,-10,Q,Q,match
HGD,NP_000178.2,53,Q,Cercocebus atys,XP_011923849.1,-9,L,L,match
HGD,NP_000178.2,53,Q,Cercocebus atys,XP_011923849.1,-8,S,S,match
HGD,NP_000178.2,53,Q,Cercocebus atys,XP_011923849.1,-7,G,G,match
HGD,NP_000178.2,53,Q,Cercocebus atys,XP_011923849.1,-6,S,S,match
HGD,NP_000178.2,53,Q,Cercocebus atys,XP_011923849.1,-5,A,A,match
HGD,NP_000178.2,53,Q,Cercocebus atys,XP_011923849.1,-4,F,F,match
HGD,NP_000178.2,53,Q,Cercocebus atys,XP_011923849.1,-3,T,T,match
HGD,NP_000178.2,53,Q,Cercocebus atys,XP_011923849.1,-2,C,C,match
HGD,NP_000178.2,53,Q,Cercocebus atys,XP_011923849.1,-1,P,P,match
HGD,NP_000178.2,53,Q,Cercocebus atys,XP_011923849.1,0,R,Q,CPD
HGD,NP_000178.2,53,Q,Cercocebus atys,XP_011923849.1,1,S,S,match
HGD,NP_000178.2,53,Q,Cercocebus atys,XP_011923849.1,2,T,T,match
HGD,NP_000178.2,53,Q,Cercocebus atys,XP_011923849.1,3,N,N,match
HGD,NP_000178.2,53,Q,Cercocebus atys,XP_011923849.1,4,K,K,match
HGD,NP_000178.2,53,Q,Cercocebus atys,XP_011923849.1,5,R,R,match
HGD,NP_000178.2,53,Q,Cercocebus atys,XP_011923849.1,6,S,S,match
HGD,NP_000178.2,53,Q,Cercocebus atys,XP_011923849.1,7,W,W,match
HGD,NP_000178.2,53,Q,Cercocebus atys,XP_011923849.1,8,L,L,match
HGD,NP_000178.2,53,Q,Cercocebus atys,XP_011923849.1,9,Y,Y,match
HGD,NP_000178.2,53,Q,Cercocebus atys,XP_011923849.1,10,R,R,match
IVD,NP_002216.3,47,K,Carlito syrichta,XP_008068042.1,-10,D,D,match
IVD,NP_002216.3,47,K,Carlito syrichta,XP_008068042.1,-9,A,A,match
IVD,NP_002216.3,47,K,Carlito syrichta,XP_008068042.1,-8,I,I,match
IVD,NP_002216.3,47,K,Carlito syrichta,XP_008068042.1,-7,N,N,match
IVD,NP_002216.3,47,K,Carlito syrichta,XP_008068042.1,-6,G,G,match
IVD,NP_002216.3,47,K,Carlito syrichta,XP_008068042.1,-5,L,L,match
IVD,NP_002216.3,47,K,Carlito syrichta,XP_008068042.1,-4,S,S,match
IVD,NP_002216.3,47,K,Carlito syrichta,XP_008068042.1,-3,E,E,match
IVD,NP_002216.3,47,K,Carlito syrichta,XP_008068042.1,-2,E,E,match
IVD,NP_002216.3,47,K,Carlito syrichta,XP_008068042.1,-1,Q,Q,match
IVD,NP_002216.3,47,K,Carlito syrichta,XP_008068042.1,0,R,K,CPD
IVD,NP_002216.3,47,K,Carlito syrichta,XP_008068042.1,1,Q,Q,match
IVD,NP_002216.3,47,K,Carlito syrichta,XP_008068042.1,2,L,L,match
IVD,NP_002216.3,47,K,Carlito syrichta,XP_008068042.1,3,R,R,match
IVD,NP_002216.3,47,K,Carlito syrichta,XP_008068042.1,4,Q,Q,match
IVD,NP_002216.3,47,K,Carlito syrichta,XP_008068042.1,5,T,T,match
IVD,NP_002216.3,47,K,Carlito syrichta,XP_008068042.1,6,M,V,different
IVD,NP_002216.3,47,K,Carlito syrichta,XP_008068042.1,7,A,A,match
IVD,NP_002216.3,47,K,Carlito syrichta,XP_008068042.1,8,K,K,match
IVD,NP_002216.3,47,K,Carlito syrichta,XP_008068042.1,9,F,F,match
IVD,NP_002216.3,47,K,Carlito syrichta,XP_008068042.1,10,L,L,match
IVD,NP_002216.3,47,K,Nycticebus coucang,XP_053450515.1,-10,D,D,match
IVD,NP_002216.3,47,K,Nycticebus coucang,XP_053450515.1,-9,A,A,match
IVD,NP_002216.3,47,K,Nycticebus coucang,XP_053450515.1,-8,I,I,match
IVD,NP_002216.3,47,K,Nycticebus coucang,XP_053450515.1,-7,N,N,match
IVD,NP_002216.3,47,K,Nycticebus coucang,XP_053450515.1,-6,G,G,match
IVD,NP_002216.3,47,K,Nycticebus coucang,XP_053450515.1,-5,L,L,match
IVD,NP_002216.3,47,K,Nycticebus coucang,XP_053450515.1,-4,S,S,match
IVD,NP_002216.3,47,K,Nycticebus coucang,XP_053450515.1,-3,E,G,different
IVD,NP_002216.3,47,K,Nycticebus coucang,XP_053450515.1,-2,E,E,match
IVD,NP_002216.3,47,K,Nycticebus coucang,XP_053450515.1,-1,Q,Q,match
IVD,NP_002216.3,47,K,Nycticebus coucang,XP_053450515.1,0,R,K,CPD
IVD,NP_002216.3,47,K,Nycticebus coucang,XP_053450515.1,1,Q,Q,match
IVD,NP_002216.3,47,K,Nycticebus coucang,XP_053450515.1,2,L,L,match
IVD,NP_002216.3,47,K,Nycticebus coucang,XP_053450515.1,3,R,R,match
IVD,NP_002216.3,47,K,Nycticebus coucang,XP_053450515.1,4,Q,Q,match
IVD,NP_002216.3,47,K,Nycticebus coucang,XP_053450515.1,5,T,T,match
IVD,NP_002216.3,47,K,Nycticebus coucang,XP_053450515.1,6,M,M,match
IVD,NP_002216.3,47,K,Nycticebus coucang,XP_053450515.1,7,A,A,match
IVD,NP_002216.3,47,K,Nycticebus coucang,XP_053450515.1,8,K,K,match
IVD,NP_002216.3,47,K,Nycticebus coucang,XP_053450515.1,9,F,F,match
IVD,NP_002216.3,47,K,Nycticebus coucang,XP_053450515.1,10,L,L,match
IVD,NP_002216.3,47,K,Otolemur garnettii,XP_003791767.1,-10,D,D,match
IVD,NP_002216.3,47,K,Otolemur garnettii,XP_003791767.1,-9,A,A,match
IVD,NP_002216.3,47,K,Otolemur garnettii,XP_003791767.1,-8,I,I,match
IVD,NP_002216.3,47,K,Otolemur garnettii,XP_003791767.1,-7,N,N,match
IVD,NP_002216.3,47,K,Otolemur garnettii,XP_003791767.1,-6,G,G,match
IVD,NP_002216.3,47,K,Otolemur garnettii,XP_003791767.1,-5,L,L,match
IVD,NP_002216.3,47,K,Otolemur garnettii,XP_003791767.1,-4,S,S,match
IVD,NP_002216.3,47,K,Otolemur garnettii,XP_003791767.1,-3,E,E,match
IVD,NP_002216.3,47,K,Otolemur garnettii,XP_003791767.1,-2,E,E,match
IVD,NP_002216.3,47,K,Otolemur garnettii,XP_003791767.1,-1,Q,Q,match
IVD,NP_002216.3,47,K,Otolemur garnettii,XP_003791767.1,0,R,K,CPD
IVD,NP_002216.3,47,K,Otolemur garnettii,XP_003791767.1,1,Q,Q,match
IVD,NP_002216.3,47,K,Otolemur garnettii,XP_003791767.1,2,L,L,match
IVD,NP_002216.3,47,K,Otolemur garnettii,XP_003791767.1,3,R,R,match
IVD,NP_002216.3,47,K,Otolemur garnettii,XP_003791767.1,4,Q,Q,match
IVD,NP_002216.3,47,K,Otolemur garnettii,XP_003791767.1,5,T,T,match
IVD,NP_002216.3,47,K,Otolemur garnettii,XP_003791767.1,6,M,M,match
IVD,NP_002216.3,47,K,Otolemur garnettii,XP_003791767.1,7,A,A,match
IVD,NP_002216.3,47,K,Otolemur garnettii,XP_003791767.1,8,K,K,match
IVD,NP_002216.3,47,K,Otolemur garnettii,XP_003791767.1,9,F,F,match
IVD,NP_002216.3,47,K,Otolemur garnettii,XP_003791767.1,10,L,L,match
IVD,NP_002216.3,47,K,Sapajus apella,XP_032117034.1,-10,D,D,match
IVD,NP_002216.3,47,K,Sapajus apella,XP_032117034.1,-9,A,T,different
IVD,NP_002216.3,47,K,Sapajus apella,XP_032117034.1,-8,I,I,match
IVD,NP_002216.3,47,K,Sapajus apella,XP_032117034.1,-7,N,N,match
IVD,NP_002216.3,47,K,Sapajus apella,XP_032117034.1,-6,G,G,match
IVD,NP_002216.3,47,K,Sapajus apella,XP_032117034.1,-5,L,L,match
IVD,NP_002216.3,47,K,Sapajus apella,XP_032117034.1,-4,S,S,match
IVD,NP_002216.3,47,K,Sapajus apella,XP_032117034.1,-3,E,E,match
IVD,NP_002216.3,47,K,Sapajus apella,XP_032117034.1,-2,E,E,match
IVD,NP_002216.3,47,K,Sapajus apella,XP_032117034.1,-1,Q,Q,match
IVD,NP_002216.3,47,K,Sapajus apella,XP_032117034.1,0,R,K,CPD
IVD,NP_002216.3,47,K,Sapajus apella,XP_032117034.1,1,Q,Q,match
IVD,NP_002216.3,47,K,Sapajus apella,XP_032117034.1,2,L,L,match
IVD,NP_002216.3,47,K,Sapajus apella,XP_032117034.1,3,R,R,match
IVD,NP_002216.3,47,K,Sapajus apella,XP_032117034.1,4,Q,Q,match
IVD,NP_002216.3,47,K,Sapajus apella,XP_032117034.1,5,T,T,match
IVD,NP_002216.3,47,K,Sapajus apella,XP_032117034.1,6,M,M,match
IVD,NP_002216.3,47,K,Sapajus apella,XP_032117034.1,7,A,A,match
IVD,NP_002216.3,47,K,Sapajus apella,XP_032117034.1,8,K,K,match
IVD,NP_002216.3,47,K,Sapajus apella,XP_032117034.1,9,F,F,match
IVD,NP_002216.3,47,K,Sapajus apella,XP_032117034.1,10,L,L,match
IVD,NP_002216.3,47,K,Cebus imitator,XP_017386440.1,-10,D,D,match
IVD,NP_002216.3,47,K,Cebus imitator,XP_017386440.1,-9,A,T,different
IVD,NP_002216.3,47,K,Cebus imitator,XP_017386440.1,-8,I,I,match
IVD,NP_002216.3,47,K,Cebus imitator,XP_017386440.1,-7,N,N,match
IVD,NP_002216.3,47,K,Cebus imitator,XP_017386440.1,-6,G,G,match
IVD,NP_002216.3,47,K,Cebus imitator,XP_017386440.1,-5,L,L,match
IVD,NP_002216.3,47,K,Cebus imitator,XP_017386440.1,-4,S,S,match
IVD,NP_002216.3,47,K,Cebus imitator,XP_017386440.1,-3,E,E,match
IVD,NP_002216.3,47,K,Cebus imitator,XP_017386440.1,-2,E,E,match
IVD,NP_002216.3,47,K,Cebus imitator,XP_017386440.1,-1,Q,Q,match
IVD,NP_002216.3,47,K,Cebus imitator,XP_017386440.1,0,R,K,CPD
IVD,NP_002216.3,47,K,Cebus imitator,XP_017386440.1,1,Q,Q,match
IVD,NP_002216.3,47,K,Cebus imitator,XP_017386440.1,2,L,L,match
IVD,NP_002216.3,47,K,Cebus imitator,XP_017386440.1,3,R,R,match
IVD,NP_002216.3,47,K,Cebus imitator,XP_017386440.1,4,Q,Q,match
IVD,NP_002216.3,47,K,Cebus imitator,XP_017386440.1,5,T,T,match
IVD,NP_002216.3,47,K,Cebus imitator,XP_017386440.1,6,M,M,match
IVD,NP_002216.3,47,K,Cebus imitator,XP_017386440.1,7,A,A,match
IVD,NP_002216.3,47,K,Cebus imitator,XP_017386440.1,8,K,K,match
IVD,NP_002216.3,47,K,Cebus imitator,XP_017386440.1,9,F,F,match
IVD,NP_002216.3,47,K,Cebus imitator,XP_017386440.1,10,L,L,match
IVD,NP_002216.3,47,K,Aotus nancymaae,XP_012317923.1,-10,D,D,match
IVD,NP_002216.3,47,K,Aotus nancymaae,XP_012317923.1,-9,A,A,match
IVD,NP_002216.3,47,K,Aotus nancymaae,XP_012317923.1,-8,I,I,match
IVD,NP_002216.3,47,K,Aotus nancymaae,XP_012317923.1,-7,N,N,match
IVD,NP_002216.3,47,K,Aotus nancymaae,XP_012317923.1,-6,G,G,match
IVD,NP_002216.3,47,K,Aotus nancymaae,XP_012317923.1,-5,L,L,match
IVD,NP_002216.3,47,K,Aotus nancymaae,XP_012317923.1,-4,S,S,match
IVD,NP_002216.3,47,K,Aotus nancymaae,XP_012317923.1,-3,E,E,match
IVD,NP_002216.3,47,K,Aotus nancymaae,XP_012317923.1,-2,E,E,match
IVD,NP_002216.3,47,K,Aotus nancymaae,XP_012317923.1,-1,Q,Q,match
IVD,NP_002216.3,47,K,Aotus nancymaae,XP_012317923.1,0,R,K,CPD
IVD,NP_002216.3,47,K,Aotus nancymaae,XP_012317923.1,1,Q,Q,match
IVD,NP_002216.3,47,K,Aotus nancymaae,XP_012317923.1,2,L,L,match
IVD,NP_002216.3,47,K,Aotus nancymaae,XP_012317923.1,3,R,R,match
IVD,NP_002216.3,47,K,Aotus nancymaae,XP_012317923.1,4,Q,Q,match
IVD,NP_002216.3,47,K,Aotus nancymaae,XP_012317923.1,5,T,T,match
IVD,NP_002216.3,47,K,Aotus nancymaae,XP_012317923.1,6,M,M,match
IVD,NP_002216.3,47,K,Aotus nancymaae,XP_012317923.1,7,A,A,match
IVD,NP_002216.3,47,K,Aotus nancymaae,XP_012317923.1,8,K,K,match
IVD,NP_002216.3,47,K,Aotus nancymaae,XP_012317923.1,9,F,F,match
IVD,NP_002216.3,47,K,Aotus nancymaae,XP_012317923.1,10,L,L,match
IVD,NP_002216.3,47,K,Saimiri boliviensis,XP_003935766.1,-10,D,D,match
IVD,NP_002216.3,47,K,Saimiri boliviensis,XP_003935766.1,-9,A,A,match
IVD,NP_002216.3,47,K,Saimiri boliviensis,XP_003935766.1,-8,I,I,match
IVD,NP_002216.3,47,K,Saimiri boliviensis,XP_003935766.1,-7,N,N,match
IVD,NP_002216.3,47,K,Saimiri boliviensis,XP_003935766.1,-6,G,G,match
IVD,NP_002216.3,47,K,Saimiri boliviensis,XP_003935766.1,-5,L,L,match
IVD,NP_002216.3,47,K,Saimiri boliviensis,XP_003935766.1,-4,S,S,match
IVD,NP_002216.3,47,K,Saimiri boliviensis,XP_003935766.1,-3,E,E,match
IVD,NP_002216.3,47,K,Saimiri boliviensis,XP_003935766.1,-2,E,E,match
IVD,NP_002216.3,47,K,Saimiri boliviensis,XP_003935766.1,-1,Q,Q,match
IVD,NP_002216.3,47,K,Saimiri boliviensis,XP_003935766.1,0,R,K,CPD
IVD,NP_002216.3,47,K,Saimiri boliviensis,XP_003935766.1,1,Q,Q,match
IVD,NP_002216.3,47,K,Saimiri boliviensis,XP_003935766.1,2,L,L,match
IVD,NP_002216.3,47,K,Saimiri boliviensis,XP_003935766.1,3,R,R,match
IVD,NP_002216.3,47,K,Saimiri boliviensis,XP_003935766.1,4,Q,Q,match
IVD,NP_002216.3,47,K,Saimiri boliviensis,XP_003935766.1,5,T,T,match
IVD,NP_002216.3,47,K,Saimiri boliviensis,XP_003935766.1,6,M,M,match
IVD,NP_002216.3,47,K,Saimiri boliviensis,XP_003935766.1,7,A,T,different
IVD,NP_002216.3,47,K,Saimiri boliviensis,XP_003935766.1,8,K,K,match
IVD,NP_002216.3,47,K,Saimiri boliviensis,XP_003935766.1,9,F,F,match
IVD,NP_002216.3,47,K,Saimiri boliviensis,XP_003935766.1,10,L,L,match
IVD,NP_002216.3,47,K,Callithrix jacchus,XP_002753594.1,-10,D,D,match
IVD,NP_002216.3,47,K,Callithrix jacchus,XP_002753594.1,-9,A,A,match
IVD,NP_002216.3,47,K,Callithrix jacchus,XP_002753594.1,-8,I,I,match
IVD,NP_002216.3,47,K,Callithrix jacchus,XP_002753594.1,-7,N,N,match
IVD,NP_002216.3,47,K,Callithrix jacchus,XP_002753594.1,-6,G,G,match
IVD,NP_002216.3,47,K,Callithrix jacchus,XP_002753594.1,-5,L,L,match
IVD,NP_002216.3,47,K,Callithrix jacchus,XP_002753594.1,-4,S,S,match
IVD,NP_002216.3,47,K,Callithrix jacchus,XP_002753594.1,-3,E,E,match
IVD,NP_002216.3,47,K,Callithrix jacchus,XP_002753594.1,-2,E,E,match
IVD,NP_002216.3,47,K,Callithrix jacchus,XP_002753594.1,-1,Q,Q,match
IVD,NP_002216.3,47,K,Callithrix jacchus,XP_002753594.1,0,R,K,CPD
IVD,NP_002216.3,47,K,Callithrix jacchus,XP_002753594.1,1,Q,Q,match
IVD,NP_002216.3,47,K,Callithrix jacchus,XP_002753594.1,2,L,L,match
IVD,NP_002216.3,47,K,Callithrix jacchus,XP_002753594.1,3,R,R,match
IVD,NP_002216.3,47,K,Callithrix jacchus,XP_002753594.1,4,Q,Q,match
IVD,NP_002216.3,47,K,Callithrix jacchus,XP_002753594.1,5,T,T,match
IVD,NP_002216.3,47,K,Callithrix jacchus,XP_002753594.1,6,M,M,match
IVD,NP_002216.3,47,K,Callithrix jacchus,XP_002753594.1,7,A,A,match
IVD,NP_002216.3,47,K,Callithrix jacchus,XP_002753594.1,8,K,K,match
IVD,NP_002216.3,47,K,Callithrix jacchus,XP_002753594.1,9,F,F,match
IVD,NP_002216.3,47,K,Callithrix jacchus,XP_002753594.1,10,L,L,match
IVD,NP_002216.3,47,K,Microcebus murinus,XP_012621873.1,-10,D,D,match
IVD,NP_002216.3,47,K,Microcebus murinus,XP_012621873.1,-9,A,A,match
IVD,NP_002216.3,47,K,Microcebus murinus,XP_012621873.1,-8,I,I,match
IVD,NP_002216.3,47,K,Microcebus murinus,XP_012621873.1,-7,N,N,match
IVD,NP_002216.3,47,K,Microcebus murinus,XP_012621873.1,-6,G,G,match
IVD,NP_002216.3,47,K,Microcebus murinus,XP_012621873.1,-5,L,L,match
IVD,NP_002216.3,47,K,Microcebus murinus,XP_012621873.1,-4,S,S,match
IVD,NP_002216.3,47,K,Microcebus murinus,XP_012621873.1,-3,E,E,match
IVD,NP_002216.3,47,K,Microcebus murinus,XP_012621873.1,-2,E,E,match
IVD,NP_002216.3,47,K,Microcebus murinus,XP_012621873.1,-1,Q,Q,match
IVD,NP_002216.3,47,K,Microcebus murinus,XP_012621873.1,0,R,K,CPD
IVD,NP_002216.3,47,K,Microcebus murinus,XP_012621873.1,1,Q,Q,match
IVD,NP_002216.3,47,K,Microcebus murinus,XP_012621873.1,2,L,L,match
IVD,NP_002216.3,47,K,Microcebus murinus,XP_012621873.1,3,R,R,match
IVD,NP_002216.3,47,K,Microcebus murinus,XP_012621873.1,4,Q,Q,match
IVD,NP_002216.3,47,K,Microcebus murinus,XP_012621873.1,5,T,T,match
IVD,NP_002216.3,47,K,Microcebus murinus,XP_012621873.1,6,M,M,match
IVD,NP_002216.3,47,K,Microcebus murinus,XP_012621873.1,7,A,A,match
IVD,NP_002216.3,47,K,Microcebus murinus,XP_012621873.1,8,K,K,match
IVD,NP_002216.3,47,K,Microcebus murinus,XP_012621873.1,9,F,F,match
IVD,NP_002216.3,47,K,Microcebus murinus,XP_012621873.1,10,L,L,match
IVD,NP_002216.3,47,K,Propithecus coquereli,XP_012504951.1,-10,D,D,match
IVD,NP_002216.3,47,K,Propithecus coquereli,XP_012504951.1,-9,A,A,match
IVD,NP_002216.3,47,K,Propithecus coquereli,XP_012504951.1,-8,I,I,match
IVD,NP_002216.3,47,K,Propithecus coquereli,XP_012504951.1,-7,N,N,match
IVD,NP_002216.3,47,K,Propithecus coquereli,XP_012504951.1,-6,G,G,match
IVD,NP_002216.3,47,K,Propithecus coquereli,XP_012504951.1,-5,L,L,match
IVD,NP_002216.3,47,K,Propithecus coquereli,XP_012504951.1,-4,S,S,match
IVD,NP_002216.3,47,K,Propithecus coquereli,XP_012504951.1,-3,E,E,match
IVD,NP_002216.3,47,K,Propithecus coquereli,XP_012504951.1,-2,E,E,match
IVD,NP_002216.3,47,K,Propithecus coquereli,XP_012504951.1,-1,Q,Q,match
IVD,NP_002216.3,47,K,Propithecus coquereli,XP_012504951.1,0,R,K,CPD
IVD,NP_002216.3,47,K,Propithecus coquereli,XP_012504951.1,1,Q,Q,match
IVD,NP_002216.3,47,K,Propithecus coquereli,XP_012504951.1,2,L,L,match
IVD,NP_002216.3,47,K,Propithecus coquereli,XP_012504951.1,3,R,R,match
IVD,NP_002216.3,47,K,Propithecus coquereli,XP_012504951.1,4,Q,Q,match
IVD,NP_002216.3,47,K,Propithecus coquereli,XP_012504951.1,5,T,T,match
IVD,NP_002216.3,47,K,Propithecus coquereli,XP_012504951.1,6,M,M,match
IVD,NP_002216.3,47,K,Propithecus coquereli,XP_012504951.1,7,A,A,match
IVD,NP_002216.3,47,K,Propithecus coquereli,XP_012504951.1,8,K,K,match
IVD,NP_002216.3,47,K,Propithecus coquereli,XP_012504951.1,9,F,F,match
IVD,NP_002216.3,47,K,Propithecus coquereli,XP_012504951.1,10,L,L,match
IVD,NP_002216.3,47,K,Eulemur rufifrons,XP_069340865.1,-10,D,D,match
IVD,NP_002216.3,47,K,Eulemur rufifrons,XP_069340865.1,-9,A,A,match
IVD,NP_002216.3,47,K,Eulemur rufifrons,XP_069340865.1,-8,I,I,match
IVD,NP_002216.3,47,K,Eulemur rufifrons,XP_069340865.1,-7,N,N,match
IVD,NP_002216.3,47,K,Eulemur rufifrons,XP_069340865.1,-6,G,G,match
IVD,NP_002216.3,47,K,Eulemur rufifrons,XP_069340865.1,-5,L,L,match
IVD,NP_002216.3,47,K,Eulemur rufifrons,XP_069340865.1,-4,S,S,match
IVD,NP_002216.3,47,K,Eulemur rufifrons,XP_069340865.1,-3,E,E,match
IVD,NP_002216.3,47,K,Eulemur rufifrons,XP_069340865.1,-2,E,E,match
IVD,NP_002216.3,47,K,Eulemur rufifrons,XP_069340865.1,-1,Q,Q,match
IVD,NP_002216.3,47,K,Eulemur rufifrons,XP_069340865.1,0,R,K,CPD
IVD,NP_002216.3,47,K,Eulemur rufifrons,XP_069340865.1,1,Q,Q,match
IVD,NP_002216.3,47,K,Eulemur rufifrons,XP_069340865.1,2,L,L,match
IVD,NP_002216.3,47,K,Eulemur rufifrons,XP_069340865.1,3,R,R,match
IVD,NP_002216.3,47,K,Eulemur rufifrons,XP_069340865.1,4,Q,Q,match
IVD,NP_002216.3,47,K,Eulemur rufifrons,XP_069340865.1,5,T,T,match
IVD,NP_002216.3,47,K,Eulemur rufifrons,XP_069340865.1,6,M,M,match
IVD,NP_002216.3,47,K,Eulemur rufifrons,XP_069340865.1,7,A,A,match
IVD,NP_002216.3,47,K,Eulemur rufifrons,XP_069340865.1,8,K,K,match
IVD,NP_002216.3,47,K,Eulemur rufifrons,XP_069340865.1,9,F,F,match
IVD,NP_002216.3,47,K,Eulemur rufifrons,XP_069340865.1,10,L,L,match
IVD,NP_002216.3,47,K,Lemur catta,XP_045389242.1,-10,D,D,match
IVD,NP_002216.3,47,K,Lemur catta,XP_045389242.1,-9,A,A,match
IVD,NP_002216.3,47,K,Lemur catta,XP_045389242.1,-8,I,I,match
IVD,NP_002216.3,47,K,Lemur catta,XP_045389242.1,-7,N,N,match
IVD,NP_002216.3,47,K,Lemur catta,XP_045389242.1,-6,G,G,match
IVD,NP_002216.3,47,K,Lemur catta,XP_045389242.1,-5,L,L,match
IVD,NP_002216.3,47,K,Lemur catta,XP_045389242.1,-4,S,S,match
IVD,NP_002216.3,47,K,Lemur catta,XP_045389242.1,-3,E,E,match
IVD,NP_002216.3,47,K,Lemur catta,XP_045389242.1,-2,E,E,match
IVD,NP_002216.3,47,K,Lemur catta,XP_045389242.1,-1,Q,Q,match
IVD,NP_002216.3,47,K,Lemur catta,XP_045389242.1,0,R,K,CPD
IVD,NP_002216.3,47,K,Lemur catta,XP_045389242.1,1,Q,Q,match
IVD,NP_002216.3,47,K,Lemur catta,XP_045389242.1,2,L,L,match
IVD,NP_002216.3,47,K,Lemur catta,XP_045389242.1,3,R,R,match
IVD,NP_002216.3,47,K,Lemur catta,XP_045389242.1,4,Q,Q,match
IVD,NP_002216.3,47,K,Lemur catta,XP_045389242.1,5,T,T,match
IVD,NP_002216.3,47,K,Lemur catta,XP_045389242.1,6,M,M,match
IVD,NP_002216.3,47,K,Lemur catta,XP_045389242.1,7,A,A,match
IVD,NP_002216.3,47,K,Lemur catta,XP_045389242.1,8,K,K,match
IVD,NP_002216.3,47,K,Lemur catta,XP_045389242.1,9,F,F,match
IVD,NP_002216.3,47,K,Lemur catta,XP_045389242.1,10,L,L,match
IVD,NP_002216.3,147,K,Rhinopithecus roxellana,XP_030785879.1,-10,L,L,match
IVD,NP_002216.3,147,K,Rhinopithecus roxellana,XP_030785879.1,-9,V,V,match
IVD,NP_002216.3,147,K,Rhinopithecus roxellana,XP_030785879.1,-8,R,R,match
IVD,NP_002216.3,147,K,Rhinopithecus roxellana,XP_030785879.1,-7,N,N,match
IVD,NP_002216.3,147,K,Rhinopithecus roxellana,XP_030785879.1,-6,G,G,match
IVD,NP_002216.3,147,K,Rhinopithecus roxellana,XP_030785879.1,-5,N,N,match
IVD,NP_002216.3,147,K,Rhinopithecus roxellana,XP_030785879.1,-4,E,E,match
IVD,NP_002216.3,147,K,Rhinopithecus roxellana,XP_030785879.1,-3,A,A,match
IVD,NP_002216.3,147,K,Rhinopithecus roxellana,XP_030785879.1,-2,Q,Q,match
IVD,NP_002216.3,147,K,Rhinopithecus roxellana,XP_030785879.1,-1,K,K,match
IVD,NP_002216.3,147,K,Rhinopithecus roxellana,XP_030785879.1,0,E,K,CPD
IVD,NP_002216.3,147,K,Rhinopithecus roxellana,XP_030785879.1,1,K,K,match
IVD,NP_002216.3,147,K,Rhinopithecus roxellana,XP_030785879.1,2,Y,Y,match
IVD,NP_002216.3,147,K,Rhinopithecus roxellana,XP_030785879.1,3,L,L,match
IVD,NP_002216.3,147,K,Rhinopithecus roxellana,XP_030785879.1,4,P,P,match
IVD,NP_002216.3,147,K,Rhinopithecus roxellana,XP_030785879.1,5,K,K,match
IVD,NP_002216.3,147,K,Rhinopithecus roxellana,XP_030785879.1,6,L,L,match
IVD,NP_002216.3,147,K,Rhinopithecus roxellana,XP_030785879.1,7,I,T,different
IVD,NP_002216.3,147,K,Rhinopithecus roxellana,XP_030785879.1,8,S,S,match
IVD,NP_002216.3,147,K,Rhinopithecus roxellana,XP_030785879.1,9,G,G,match
IVD,NP_002216.3,147,K,Rhinopithecus roxellana,XP_030785879.1,10,E,E,match
IVD,NP_002216.3,147,K,Rhinopithecus bieti,XP_017719512.1,-10,L,L,match
IVD,NP_002216.3,147,K,Rhinopithecus bieti,XP_017719512.1,-9,V,V,match
IVD,NP_002216.3,147,K,Rhinopithecus bieti,XP_017719512.1,-8,R,R,match
IVD,NP_002216.3,147,K,Rhinopithecus bieti,XP_017719512.1,-7,N,N,match
IVD,NP_002216.3,147,K,Rhinopithecus bieti,XP_017719512.1,-6,G,G,match
IVD,NP_002216.3,147,K,Rhinopithecus bieti,XP_017719512.1,-5,N,N,match
IVD,NP_002216.3,147,K,Rhinopithecus bieti,XP_017719512.1,-4,E,E,match
IVD,NP_002216.3,147,K,Rhinopithecus bieti,XP_017719512.1,-3,A,A,match
IVD,NP_002216.3,147,K,Rhinopithecus bieti,XP_017719512.1,-2,Q,Q,match
IVD,NP_002216.3,147,K,Rhinopithecus bieti,XP_017719512.1,-1,K,K,match
IVD,NP_002216.3,147,K,Rhinopithecus bieti,XP_017719512.1,0,E,K,CPD
IVD,NP_002216.3,147,K,Rhinopithecus bieti,XP_017719512.1,1,K,K,match
IVD,NP_002216.3,147,K,Rhinopithecus bieti,XP_017719512.1,2,Y,Y,match
IVD,NP_002216.3,147,K,Rhinopithecus bieti,XP_017719512.1,3,L,L,match
IVD,NP_002216.3,147,K,Rhinopithecus bieti,XP_017719512.1,4,P,P,match
IVD,NP_002216.3,147,K,Rhinopithecus bieti,XP_017719512.1,5,K,K,match
IVD,NP_002216.3,147,K,Rhinopithecus bieti,XP_017719512.1,6,L,L,match
IVD,NP_002216.3,147,K,Rhinopithecus bieti,XP_017719512.1,7,I,T,different
IVD,NP_002216.3,147,K,Rhinopithecus bieti,XP_017719512.1,8,S,S,match
IVD,NP_002216.3,147,K,Rhinopithecus bieti,XP_017719512.1,9,G,G,match
IVD,NP_002216.3,147,K,Rhinopithecus bieti,XP_017719512.1,10,E,E,match
KCNQ1,NP_000209.2,114,P,Propithecus coquereli,XP_012520406.1,-10,T,A,different
KCNQ1,NP_000209.2,114,P,Propithecus coquereli,XP_012520406.1,-9,H,N,different
KCNQ1,NP_000209.2,114,P,Propithecus coquereli,XP_012520406.1,-8,V,S,different
KCNQ1,NP_000209.2,114,P,Propithecus coquereli,XP_012520406.1,-7,Q,D,different
KCNQ1,NP_000209.2,114,P,Propithecus coquereli,XP_012520406.1,-6,G,G,match
KCNQ1,NP_000209.2,114,P,Propithecus coquereli,XP_012520406.1,-5,R,K,different
KCNQ1,NP_000209.2,114,P,Propithecus coquereli,XP_012520406.1,-4,V,R,different
KCNQ1,NP_000209.2,114,P,Propithecus coquereli,XP_012520406.1,-3,Y,K,different
KCNQ1,NP_000209.2,114,P,Propithecus coquereli,XP_012520406.1,-2,N,A,different
KCNQ1,NP_000209.2,114,P,Propithecus coquereli,XP_012520406.1,-1,F,V,different
KCNQ1,NP_000209.2,114,P,Propithecus coquereli,XP_012520406.1,0,L,P,CPD
KCNQ1,NP_000209.2,114,P,Propithecus coquereli,XP_012520406.1,1,E,Q,different
KCNQ1,NP_000209.2,114,P,Propithecus coquereli,XP_012520406.1,2,R,Q,different
KCNQ1,NP_000209.2,114,P,Propithecus coquereli,XP_012520406.1,3,P,R,different
KCNQ1,NP_000209.2,114,P,Propithecus coquereli,XP_012520406.1,4,T,K,different
KCNQ1,NP_000209.2,114,P,Propithecus coquereli,XP_012520406.1,5,G,N,different
KCNQ1,NP_000209.2,114,P,Propithecus coquereli,XP_012520406.1,6,W,H,different
KCNQ1,NP_000209.2,114,P,Propithecus coquereli,XP_012520406.1,7,K,T,different
KCNQ1,NP_000209.2,114,P,Propithecus coquereli,XP_012520406.1,8,C,A,different
KCNQ1,NP_000209.2,114,P,Propithecus coquereli,XP_012520406.1,9,F,A,different
KCNQ1,NP_000209.2,114,P,Propithecus coquereli,XP_012520406.1,10,V,V,match
KCNQ1,NP_000209.2,115,G,Carlito syrichta,XP_008056392.1,-10,H,G,different
KCNQ1,NP_000209.2,115,G,Carlito syrichta,XP_008056392.1,-9,V,S,different
KCNQ1,NP_000209.2,115,G,Carlito syrichta,XP_008056392.1,-8,Q,Q,match
KCNQ1,NP_000209.2,115,G,Carlito syrichta,XP_008056392.1,-7,G,D,different
KCNQ1,NP_000209.2,115,G,Carlito syrichta,XP_008056392.1,-6,R,-,gap
KCNQ1,NP_000209.2,115,G,Carlito syrichta,XP_008056392.1,-5,V,-,gap
KCNQ1,NP_000209.2,115,G,Carlito syrichta,XP_008056392.1,-4,Y,L,different
KCNQ1,NP_000209.2,115,G,Carlito syrichta,XP_008056392.1,-3,N,A,different
KCNQ1,NP_000209.2,115,G,Carlito syrichta,XP_008056392.1,-2,F,A,different
KCNQ1,NP_000209.2,115,G,Carlito syrichta,XP_008056392.1,-1,L,L,match
KCNQ1,NP_000209.2,115,G,Carlito syrichta,XP_008056392.1,0,E,G,CPD
KCNQ1,NP_000209.2,115,G,Carlito syrichta,XP_008056392.1,1,R,R,match
KCNQ1,NP_000209.2,115,G,Carlito syrichta,XP_008056392.1,2,P,E,different
KCNQ1,NP_000209.2,115,G,Carlito syrichta,XP_008056392.1,3,T,S,different
KCNQ1,NP_000209.2,115,G,Carlito syrichta,XP_008056392.1,4,G,S,different
KCNQ1,NP_000209.2,115,G,Carlito syrichta,XP_008056392.1,5,W,L,different
KCNQ1,NP_000209.2,115,G,Carlito syrichta,XP_008056392.1,6,K,S,different
KCNQ1,NP_000209.2,115,G,Carlito syrichta,XP_008056392.1,7,C,L,different
KCNQ1,NP_000209.2,115,G,Carlito syrichta,XP_008056392.1,8,F,F,match
KCNQ1,NP_000209.2,115,G,Carlito syrichta,XP_008056392.1,9,V,R,different
KCNQ1,NP_000209.2,115,G,Carlito syrichta,XP_008056392.1,10,Y,D,different
KCNQ1,NP_000209.2,125,D,Carlito syrichta,XP_008056392.1,-10,E,G,different
KCNQ1,NP_000209.2,125,D,Carlito syrichta,XP_008056392.1,-9,R,R,match
KCNQ1,NP_000209.2,125,D,Carlito syrichta,XP_008056392.1,-8,P,E,different
KCNQ1,NP_000209.2,125,D,Carlito syrichta,XP_008056392.1,-7,T,S,different
KCNQ1,NP_000209.2,125,D,Carlito syrichta,XP_008056392.1,-6,G,S,different
KCNQ1,NP_000209.2,125,D,Carlito syrichta,XP_008056392.1,-5,W,L,different
KCNQ1,NP_000209.2,125,D,Carlito syrichta,XP_008056392.1,-4,K,S,different
KCNQ1,NP_000209.2,125,D,Carlito syrichta,XP_008056392.1,-3,C,L,different
KCNQ1,NP_000209.2,125,D,Carlito syrichta,XP_008056392.1,-2,F,F,match
KCNQ1,NP_000209.2,125,D,Carlito syrichta,XP_008056392.1,-1,V,R,different
KCNQ1,NP_000209.2,125,D,Carlito syrichta,XP_008056392.1,0,Y,D,CPD
KCNQ1,NP_000209.2,125,D,Carlito syrichta,XP_008056392.1,1,H,T,different
KCNQ1,NP_000209.2,125,D,Carlito syrichta,XP_008056392.1,2,F,L,different
KCNQ1,NP_000209.2,125,D,Carlito syrichta,XP_008056392.1,3,A,R,different
KCNQ1,NP_000209.2,125,D,Carlito syrichta,XP_008056392.1,4,V,-,gap
KCNQ1,NP_000209.2,125,D,Carlito syrichta,XP_008056392.1,5,-,-,gap
KCNQ1,NP_000209.2,125,D,Carlito syrichta,XP_008056392.1,6,F,F,match
KCNQ1,NP_000209.2,125,D,Carlito syrichta,XP_008056392.1,7,L,L,match
KCNQ1,NP_000209.2,125,D,Carlito syrichta,XP_008056392.1,8,I,I,match
KCNQ1,NP_000209.2,125,D,Carlito syrichta,XP_008056392.1,9,V,V,match
KCNQ1,NP_000209.2,125,D,Carlito syrichta,XP_008056392.1,10,L,L,match
KCNQ1,NP_000209.2,117,S,Colobus angolensis palliatus,XP_011785491.1,-10,Q,D,different
KCNQ1,NP_000209.2,117,S,Colobus angolensis palliatus,XP_011785491.1,-9,G,T,different
KCNQ1,NP_000209.2,117,S,Colobus angolensis palliatus,XP_011785491.1,-8,R,G,different
KCNQ1,NP_000209.2,117,S,Colobus angolensis palliatus,XP_011785491.1,-7,V,V,match
KCNQ1,NP_000209.2,117,S,Colobus angolensis palliatus,XP_011785491.1,-6,Y,Q,different
KCNQ1,NP_000209.2,117,S,Colobus angolensis palliatus,XP_011785491.1,-5,N,S,different
KCNQ1,NP_000209.2,117,S,Colobus angolensis palliatus,XP_011785491.1,-4,F,S,different
KCNQ1,NP_000209.2,117,S,Colobus angolensis palliatus,XP_011785491.1,-3,L,M,different
KCNQ1,NP_000209.2,117,S,Colobus angolensis palliatus,XP_011785491.1,-2,E,K,different
KCNQ1,NP_000209.2,117,S,Colobus angolensis palliatus,XP_011785491.1,-1,R,R,match
KCNQ1,NP_000209.2,117,S,Colobus angolensis palliatus,XP_011785491.1,0,P,S,CPD
KCNQ1,NP_000209.2,117,S,Colobus angolensis palliatus,XP_011785491.1,1,T,R,different
KCNQ1,NP_000209.2,117,S,Colobus angolensis palliatus,XP_011785491.1,2,G,G,match
KCNQ1,NP_000209.2,117,S,Colobus angolensis palliatus,XP_011785491.1,3,W,Y,different
KCNQ1,NP_000209.2,117,S,Colobus angolensis palliatus,XP_011785491.1,4,K,A,different
KCNQ1,NP_000209.2,117,S,Colobus angolensis palliatus,XP_011785491.1,5,C,P,different
KCNQ1,NP_000209.2,117,S,Colobus angolensis palliatus,XP_011785491.1,6,F,R,different
KCNQ1,NP_000209.2,117,S,Colobus angolensis palliatus,XP_011785491.1,7,V,S,different
KCNQ1,NP_000209.2,117,S,Colobus angolensis palliatus,XP_011785491.1,8,Y,F,different
KCNQ1,NP_000209.2,117,S,Colobus angolensis palliatus,XP_011785491.1,9,H,S,different
KCNQ1,NP_000209.2,117,S,Colobus angolensis palliatus,XP_011785491.1,10,F,V,different
KCNQ1,NP_000209.2,117,S,Mandrillus leucophaeus,XP_011843587.1,-10,Q,D,different
KCNQ1,NP_000209.2,117,S,Mandrillus leucophaeus,XP_011843587.1,-9,G,T,different
KCNQ1,NP_000209.2,117,S,Mandrillus leucophaeus,XP_011843587.1,-8,R,R,match
KCNQ1,NP_000209.2,117,S,Mandrillus leucophaeus,XP_011843587.1,-7,V,V,match
KCNQ1,NP_000209.2,117,S,Mandrillus leucophaeus,XP_011843587.1,-6,Y,P,different
KCNQ1,NP_000209.2,117,S,Mandrillus leucophaeus,XP_011843587.1,-5,N,S,different
KCNQ1,NP_000209.2,117,S,Mandrillus leucophaeus,XP_011843587.1,-4,F,S,different
KCNQ1,NP_000209.2,117,S,Mandrillus leucophaeus,XP_011843587.1,-3,L,M,different
KCNQ1,NP_000209.2,117,S,Mandrillus leucophaeus,XP_011843587.1,-2,E,K,different
KCNQ1,NP_000209.2,117,S,Mandrillus leucophaeus,XP_011843587.1,-1,R,R,match
KCNQ1,NP_000209.2,117,S,Mandrillus leucophaeus,XP_011843587.1,0,P,S,CPD
KCNQ1,NP_000209.2,117,S,Mandrillus leucophaeus,XP_011843587.1,1,T,R,different
KCNQ1,NP_000209.2,117,S,Mandrillus leucophaeus,XP_011843587.1,2,G,G,match
KCNQ1,NP_000209.2,117,S,Mandrillus leucophaeus,XP_011843587.1,3,W,Y,different
KCNQ1,NP_000209.2,117,S,Mandrillus leucophaeus,XP_011843587.1,4,K,A,different
KCNQ1,NP_000209.2,117,S,Mandrillus leucophaeus,XP_011843587.1,5,C,P,different
KCNQ1,NP_000209.2,117,S,Mandrillus leucophaeus,XP_011843587.1,6,F,R,different
KCNQ1,NP_000209.2,117,S,Mandrillus leucophaeus,XP_011843587.1,7,V,G,different
KCNQ1,NP_000209.2,117,S,Mandrillus leucophaeus,XP_011843587.1,8,Y,F,different
KCNQ1,NP_000209.2,117,S,Mandrillus leucophaeus,XP_011843587.1,9,H,S,different
KCNQ1,NP_000209.2,117,S,Mandrillus leucophaeus,XP_011843587.1,10,F,F,match
KCNQ1,NP_000209.2,119,S,Carlito syrichta,XP_008056392.1,-10,R,-,gap
KCNQ1,NP_000209.2,119,S,Carlito syrichta,XP_008056392.1,-9,V,-,gap
KCNQ1,NP_000209.2,119,S,Carlito syrichta,XP_008056392.1,-8,Y,L,different
KCNQ1,NP_000209.2,119,S,Carlito syrichta,XP_008056392.1,-7,N,A,different
KCNQ1,NP_000209.2,119,S,Carlito syrichta,XP_008056392.1,-6,F,A,different
KCNQ1,NP_000209.2,119,S,Carlito syrichta,XP_008056392.1,-5,L,L,match
KCNQ1,NP_000209.2,119,S,Carlito syrichta,XP_008056392.1,-4,E,G,different
KCNQ1,NP_000209.2,119,S,Carlito syrichta,XP_008056392.1,-3,R,R,match
KCNQ1,NP_000209.2,119,S,Carlito syrichta,XP_008056392.1,-2,P,E,different
KCNQ1,NP_000209.2,119,S,Carlito syrichta,XP_008056392.1,-1,T,S,different
KCNQ1,NP_000209.2,119,S,Carlito syrichta,XP_008056392.1,0,G,S,CPD
KCNQ1,NP_000209.2,119,S,Carlito syrichta,XP_008056392.1,1,W,L,different
KCNQ1,NP_000209.2,119,S,Carlito syrichta,XP_008056392.1,2,K,S,different
KCNQ1,NP_000209.2,119,S,Carlito syrichta,XP_008056392.1,3,C,L,different
KCNQ1,NP_000209.2,119,S,Carlito syrichta,XP_008056392.1,4,F,F,match
KCNQ1,NP_000209.2,119,S,Carlito syrichta,XP_008056392.1,5,V,R,different
KCNQ1,NP_000209.2,119,S,Carlito syrichta,XP_008056392.1,6,Y,D,different
KCNQ1,NP_000209.2,119,S,Carlito syrichta,XP_008056392.1,7,H,T,different
KCNQ1,NP_000209.2,119,S,Carlito syrichta,XP_008056392.1,8,F,L,different
KCNQ1,NP_000209.2,119,S,Carlito syrichta,XP_008056392.1,9,A,R,different
KCNQ1,NP_000209.2,119,S,Carlito syrichta,XP_008056392.1,10,V,-,gap
LDLR,NP_000518.1,46,S,Colobus angolensis palliatus,XP_011810343.1,-10,D,-,gap
LDLR,NP_000518.1,46,S,Colobus angolensis palliatus,XP_011810343.1,-9,G,-,gap
LDLR,NP_000518.1,46,S,Colobus angolensis palliatus,XP_011810343.1,-8,K,-,gap
LDLR,NP_000518.1,46,S,Colobus angolensis palliatus,XP_011810343.1,-7,C,-,gap
LDLR,NP_000518.1,46,S,Colobus angolensis palliatus,XP_011810343.1,-6,I,-,gap
LDLR,NP_000518.1,46,S,Colobus angolensis palliatus,XP_011810343.1,-5,S,-,gap
LDLR,NP_000518.1,46,S,Colobus angolensis palliatus,XP_011810343.1,-4,Y,-,gap
LDLR,NP_000518.1,46,S,Colobus angolensis palliatus,XP_011810343.1,-3,K,-,gap
LDLR,NP_000518.1,46,S,Colobus angolensis palliatus,XP_011810343.1,-2,W,W,match
LDLR,NP_000518.1,46,S,Colobus angolensis palliatus,XP_011810343.1,-1,V,A,different
LDLR,NP_000518.1,46,S,Colobus angolensis palliatus,XP_011810343.1,0,C,S,CPD
LDLR,NP_000518.1,46,S,Colobus angolensis palliatus,XP_011810343.1,1,D,V,different
LDLR,NP_000518.1,46,S,Colobus angolensis palliatus,XP_011810343.1,2,G,G,match
LDLR,NP_000518.1,46,S,Colobus angolensis palliatus,XP_011810343.1,3,S,R,different
LDLR,NP_000518.1,46,S,Colobus angolensis palliatus,XP_011810343.1,4,A,L,different
LDLR,NP_000518.1,46,S,Colobus angolensis palliatus,XP_011810343.1,5,E,H,different
LDLR,NP_000518.1,46,S,Colobus angolensis palliatus,XP_011810343.1,6,C,G,different
LDLR,NP_000518.1,46,S,Colobus angolensis palliatus,XP_011810343.1,7,Q,D,different
LDLR,NP_000518.1,46,S,Colobus angolensis palliatus,XP_011810343.1,8,D,R,different
LDLR,NP_000518.1,46,S,Colobus angolensis palliatus,XP_011810343.1,9,G,G,match
LDLR,NP_000518.1,46,S,Colobus angolensis palliatus,XP_011810343.1,10,S,H,different
LDLR,NP_000518.1,583,D,Microcebus murinus,XP_020139390.1,-10,G,G,match
LDLR,NP_000518.1,583,D,Microcebus murinus,XP_020139390.1,-9,R,R,match
LDLR,NP_000518.1,583,D,Microcebus murinus,XP_020139390.1,-8,L,L,match
LDLR,NP_000518.1,583,D,Microcebus murinus,XP_020139390.1,-7,Y,Y,match
LDLR,NP_000518.1,583,D,Microcebus murinus,XP_020139390.1,-6,W,W,match
LDLR,NP_000518.1,583,D,Microcebus murinus,XP_020139390.1,-5,V,-,gap
LDLR,NP_000518.1,583,D,Microcebus murinus,XP_020139390.1,-4,D,G,different
LDLR,NP_000518.1,583,D,Microcebus murinus,XP_020139390.1,-3,S,T,different
LDLR,NP_000518.1,583,D,Microcebus murinus,XP_020139390.1,-2,K,C,different
LDLR,NP_000518.1,583,D,Microcebus murinus,XP_020139390.1,-1,L,I,different
LDLR,NP_000518.1,583,D,Microcebus murinus,XP_020139390.1,0,H,D,CPD
LDLR,NP_000518.1,583,D,Microcebus murinus,XP_020139390.1,1,S,S,match
LDLR,NP_000518.1,583,D,Microcebus murinus,XP_020139390.1,2,I,S,different
LDLR,NP_000518.1,583,D,Microcebus murinus,XP_020139390.1,3,S,S,match
LDLR,NP_000518.1,583,D,Microcebus murinus,XP_020139390.1,4,S,T,different
LDLR,NP_000518.1,583,D,Microcebus murinus,XP_020139390.1,5,I,C,different
LDLR,NP_000518.1,583,D,Microcebus murinus,XP_020139390.1,6,D,E,different
LDLR,NP_000518.1,583,D,Microcebus murinus,XP_020139390.1,7,V,G,different
LDLR,NP_000518.1,583,D,Microcebus murinus,XP_020139390.1,8,N,A,different
LDLR,NP_000518.1,583,D,Microcebus murinus,XP_020139390.1,9,G,G,match
LDLR,NP_000518.1,583,D,Microcebus murinus,XP_020139390.1,10,G,X,different
LDLR,NP_000518.1,579,G,Microcebus murinus,XP_020139390.1,-10,D,G,different
LDLR,NP_000518.1,579,G,Microcebus murinus,XP_020139390.1,-9,L,I,different
LDLR,NP_000518.1,579,G,Microcebus murinus,XP_020139390.1,-8,L,-,gap
LDLR,NP_000518.1,579,G,Microcebus murinus,XP_020139390.1,-7,S,-,gap
LDLR,NP_000518.1,579,G,Microcebus murinus,XP_020139390.1,-6,G,G,match
LDLR,NP_000518.1,579,G,Microcebus murinus,XP_020139390.1,-5,R,R,match
LDLR,NP_000518.1,579,G,Microcebus murinus,XP_020139390.1,-4,L,L,match
LDLR,NP_000518.1,579,G,Microcebus murinus,XP_020139390.1,-3,Y,Y,match
LDLR,NP_000518.1,579,G,Microcebus murinus,XP_020139390.1,-2,W,W,match
LDLR,NP_000518.1,579,G,Microcebus murinus,XP_020139390.1,-1,V,-,gap
LDLR,NP_000518.1,579,G,Microcebus murinus,XP_020139390.1,0,D,G,CPD
LDLR,NP_000518.1,579,G,Microcebus murinus,XP_020139390.1,1,S,T,different
LDLR,NP_000518.1,579,G,Microcebus murinus,XP_020139390.1,2,K,C,different
LDLR,NP_000518.1,579,G,Microcebus murinus,XP_020139390.1,3,L,I,different
LDLR,NP_000518.1,579,G,Microcebus murinus,XP_020139390.1,4,H,D,different
LDLR,NP_000518.1,579,G,Microcebus murinus,XP_020139390.1,5,S,S,match
LDLR,NP_000518.1,579,G,Microcebus murinus,XP_020139390.1,6,I,S,different
LDLR,NP_000518.1,579,G,Microcebus murinus,XP_020139390.1,7,S,S,match
LDLR,NP_000518.1,579,G,Microcebus murinus,XP_020139390.1,8,S,T,different
LDLR,NP_000518.1,579,G,Microcebus murinus,XP_020139390.1,9,I,C,different
LDLR,NP_000518.1,579,G,Microcebus murinus,XP_020139390.1,10,D,E,different
LDLR,NP_000518.1,88,K,Carlito syrichta,XP_021573646.1,-10,R,R,match
LDLR,NP_000518.1,88,K,Carlito syrichta,XP_021573646.1,-9,V,I,different
LDLR,NP_000518.1,88,K,Carlito syrichta,XP_021573646.1,-8,N,N,match
LDLR,NP_000518.1,88,K,Carlito syrichta,XP_021573646.1,-7,R,R,match
LDLR,NP_000518.1,88,K,Carlito syrichta,XP_021573646.1,-6,C,C,match
LDLR,NP_000518.1,88,K,Carlito syrichta,XP_021573646.1,-5,I,I,match
LDLR,NP_000518.1,88,K,Carlito syrichta,XP_021573646.1,-4,P,P,match
LDLR,NP_000518.1,88,K,Carlito syrichta,XP_021573646.1,-3,Q,Q,match
LDLR,NP_000518.1,88,K,Carlito syrichta,XP_021573646.1,-2,F,F,match
LDLR,NP_000518.1,88,K,Carlito syrichta,XP_021573646.1,-1,W,W,match
LDLR,NP_000518.1,88,K,Carlito syrichta,XP_021573646.1,0,R,K,CPD
LDLR,NP_000518.1,88,K,Carlito syrichta,XP_021573646.1,1,C,C,match
LDLR,NP_000518.1,88,K,Carlito syrichta,XP_021573646.1,2,D,D,match
LDLR,NP_000518.1,88,K,Carlito syrichta,XP_021573646.1,3,G,G,match
LDLR,NP_000518.1,88,K,Carlito syrichta,XP_021573646.1,4,Q,Q,match
LDLR,NP_000518.1,88,K,Carlito syrichta,XP_021573646.1,5,V,V,match
LDLR,NP_000518.1,88,K,Carlito syrichta,XP_021573646.1,6,D,D,match
LDLR,NP_000518.1,88,K,Carlito syrichta,XP_021573646.1,7,C,C,match
LDLR,NP_000518.1,88,K,Carlito syrichta,XP_021573646.1,8,D,E,different
LDLR,NP_000518.1,88,K,Carlito syrichta,XP_021573646.1,9,N,N,match
LDLR,NP_000518.1,88,K,Carlito syrichta,XP_021573646.1,10,G,G,match
LDLR,NP_000518.1,301,V,Propithecus coquereli,XP_012496802.1,-10,T,L,different
LDLR,NP_000518.1,301,V,Propithecus coquereli,XP_012496802.1,-9,L,F,different
LDLR,NP_000518.1,301,V,Propithecus coquereli,XP_012496802.1,-8,D,A,different
LDLR,NP_000518.1,301,V,Propithecus coquereli,XP_012496802.1,-7,K,N,different
LDLR,NP_000518.1,301,V,Propithecus coquereli,XP_012496802.1,-6,V,A,different
LDLR,NP_000518.1,301,V,Propithecus coquereli,XP_012496802.1,-5,C,P,different
LDLR,NP_000518.1,301,V,Propithecus coquereli,XP_012496802.1,-4,N,R,different
LDLR,NP_000518.1,301,V,Propithecus coquereli,XP_012496802.1,-3,M,S,different
LDLR,NP_000518.1,301,V,Propithecus coquereli,XP_012496802.1,-2,A,Q,different
LDLR,NP_000518.1,301,V,Propithecus coquereli,XP_012496802.1,-1,R,R,match
LDLR,NP_000518.1,301,V,Propithecus coquereli,XP_012496802.1,0,D,V,CPD
LDLR,NP_000518.1,301,V,Propithecus coquereli,XP_012496802.1,1,-,L,gap
LDLR,NP_000518.1,301,V,Propithecus coquereli,XP_012496802.1,2,-,P,gap
LDLR,NP_000518.1,301,V,Propithecus coquereli,XP_012496802.1,3,-,R,gap
LDLR,NP_000518.1,301,V,Propithecus coquereli,XP_012496802.1,4,-,A,gap
LDLR,NP_000518.1,301,V,Propithecus coquereli,XP_012496802.1,5,-,A,gap
LDLR,NP_000518.1,301,V,Propithecus coquereli,XP_012496802.1,6,-,P,gap
LDLR,NP_000518.1,301,V,Propithecus coquereli,XP_012496802.1,7,C,L,different
LDLR,NP_000518.1,301,V,Propithecus coquereli,XP_012496802.1,8,R,Q,different
LDLR,NP_000518.1,301,V,Propithecus coquereli,XP_012496802.1,9,D,L,different
LDLR,NP_000518.1,301,V,Propithecus coquereli,XP_012496802.1,10,W,W,match
LDLR,NP_000518.1,718,T,Aotus nancymaae,XP_064237923.1,-10,M,M,match
LDLR,NP_000518.1,718,T,Aotus nancymaae,XP_064237923.1,-9,R,R,match
LDLR,NP_000518.1,718,T,Aotus nancymaae,XP_064237923.1,-8,S,S,match
LDLR,NP_000518.1,718,T,Aotus nancymaae,XP_064237923.1,-7,C,C,match
LDLR,NP_000518.1,718,T,Aotus nancymaae,XP_064237923.1,-6,L,L,match
LDLR,NP_000518.1,718,T,Aotus nancymaae,XP_064237923.1,-5,T,T,match
LDLR,NP_000518.1,718,T,Aotus nancymaae,XP_064237923.1,-4,E,E,match
LDLR,NP_000518.1,718,T,Aotus nancymaae,XP_064237923.1,-3,A,A,match
LDLR,NP_000518.1,718,T,Aotus nancymaae,XP_064237923.1,-2,E,E,match
LDLR,NP_000518.1,718,T,Aotus nancymaae,XP_064237923.1,-1,A,P,different
LDLR,NP_000518.1,718,T,Aotus nancymaae,XP_064237923.1,0,A,T,CPD
LDLR,NP_000518.1,718,T,Aotus nancymaae,XP_064237923.1,1,V,V,match
LDLR,NP_000518.1,718,T,Aotus nancymaae,XP_064237923.1,2,A,A,match
LDLR,NP_000518.1,718,T,Aotus nancymaae,XP_064237923.1,3,T,T,match
LDLR,NP_000518.1,718,T,Aotus nancymaae,XP_064237923.1,4,Q,Q,match
LDLR,NP_000518.1,718,T,Aotus nancymaae,XP_064237923.1,5,E,E,match
LDLR,NP_000518.1,718,T,Aotus nancymaae,XP_064237923.1,6,T,T,match
LDLR,NP_000518.1,718,T,Aotus nancymaae,XP_064237923.1,7,S,S,match
LDLR,NP_000518.1,718,T,Aotus nancymaae,XP_064237923.1,8,T,T,match
LDLR,NP_000518.1,718,T,Aotus nancymaae,XP_064237923.1,9,V,I,different
LDLR,NP_000518.1,718,T,Aotus nancymaae,XP_064237923.1,10,R,R,match
LDLR,NP_000518.1,718,T,Callithrix jacchus,XP_002761791.3,-10,M,M,match
LDLR,NP_000518.1,718,T,Callithrix jacchus,XP_002761791.3,-9,R,R,match
LDLR,NP_000518.1,718,T,Callithrix jacchus,XP_002761791.3,-8,S,S,match
LDLR,NP_000518.1,718,T,Callithrix jacchus,XP_002761791.3,-7,C,C,match
LDLR,NP_000518.1,718,T,Callithrix jacchus,XP_002761791.3,-6,L,L,match
LDLR,NP_000518.1,718,T,Callithrix jacchus,XP_002761791.3,-5,T,T,match
LDLR,NP_000518.1,718,T,Callithrix jacchus,XP_002761791.3,-4,E,E,match
LDLR,NP_000518.1,718,T,Callithrix jacchus,XP_002761791.3,-3,A,A,match
LDLR,NP_000518.1,718,T,Callithrix jacchus,XP_002761791.3,-2,E,E,match
LDLR,NP_000518.1,718,T,Callithrix jacchus,XP_002761791.3,-1,A,P,different
LDLR,NP_000518.1,718,T,Callithrix jacchus,XP_002761791.3,0,A,T,CPD
LDLR,NP_000518.1,718,T,Callithrix jacchus,XP_002761791.3,1,V,V,match
LDLR,NP_000518.1,718,T,Callithrix jacchus,XP_002761791.3,2,A,A,match
LDLR,NP_000518.1,718,T,Callithrix jacchus,XP_002761791.3,3,T,T,match
LDLR,NP_000518.1,718,T,Callithrix jacchus,XP_002761791.3,4,Q,Q,match
LDLR,NP_000518.1,718,T,Callithrix jacchus,XP_002761791.3,5,E,E,match
LDLR,NP_000518.1,718,T,Callithrix jacchus,XP_002761791.3,6,T,T,match
LDLR,NP_000518.1,718,T,Callithrix jacchus,XP_002761791.3,7,S,S,match
LDLR,NP_000518.1,718,T,Callithrix jacchus,XP_002761791.3,8,T,T,match
LDLR,NP_000518.1,718,T,Callithrix jacchus,XP_002761791.3,9,V,V,match
LDLR,NP_000518.1,718,T,Callithrix jacchus,XP_002761791.3,10,R,R,match
LDLR,NP_000518.1,853,I,Carlito syrichta,XP_021573646.1,-10,D,D,match
LDLR,NP_000518.1,853,I,Carlito syrichta,XP_021573646.1,-9,G,G,match
LDLR,NP_000518.1,853,I,Carlito syrichta,XP_021573646.1,-8,Y,Y,match
LDLR,NP_000518.1,853,I,Carlito syrichta,XP_021573646.1,-7,S,T,different
LDLR,NP_000518.1,853,I,Carlito syrichta,XP_021573646.1,-6,Y,Y,match
LDLR,NP_000518.1,853,I,Carlito syrichta,XP_021573646.1,-5,P,P,match
LDLR,NP_000518.1,853,I,Carlito syrichta,XP_021573646.1,-4,S,S,match
LDLR,NP_000518.1,853,I,Carlito syrichta,XP_021573646.1,-3,R,R,match
LDLR,NP_000518.1,853,I,Carlito syrichta,XP_021573646.1,-2,Q,Q,match
LDLR,NP_000518.1,853,I,Carlito syrichta,XP_021573646.1,-1,M,M,match
LDLR,NP_000518.1,853,I,Carlito syrichta,XP_021573646.1,0,V,I,CPD
LDLR,NP_000518.1,853,I,Carlito syrichta,XP_021573646.1,1,S,S,match
LDLR,NP_000518.1,853,I,Carlito syrichta,XP_021573646.1,2,L,L,match
LDLR,NP_000518.1,853,I,Carlito syrichta,XP_021573646.1,3,E,E,match
LDLR,NP_000518.1,853,I,Carlito syrichta,XP_021573646.1,4,D,D,match
LDLR,NP_000518.1,853,I,Carlito syrichta,XP_021573646.1,5,D,D,match
LDLR,NP_000518.1,853,I,Carlito syrichta,XP_021573646.1,6,V,A,different
LDLR,NP_000518.1,853,I,Carlito syrichta,XP_021573646.1,7,A,A,match
LDLR,NP_000518.1,853,I,Carlito syrichta,XP_021573646.1,8,,,outside
LDLR,NP_000518.1,853,I,Carlito syrichta,XP_021573646.1,9,,,outside
LDLR,NP_000518.1,853,I,Carlito syrichta,XP_021573646.1,10,,,outside
MUTYH,NP_001121897.1,386,R,Microcebus murinus,XP_012631449.1,-10,L,L,match
MUTYH,NP_001121897.1,386,R,Microcebus murinus,XP_012631449.1,-9,E,E,match
MUTYH,NP_001121897.1,386,R,Microcebus murinus,XP_012631449.1,-8,Q,Q,match
MUTYH,NP_001121897.1,386,R,Microcebus murinus,XP_012631449.1,-7,P,P,match
MUTYH,NP_001121897.1,386,R,Microcebus murinus,XP_012631449.1,-6,G,R,different
MUTYH,NP_001121897.1,386,R,Microcebus murinus,XP_012631449.1,-5,A,A,match
MUTYH,NP_001121897.1,386,R,Microcebus murinus,XP_012631449.1,-4,L,L,match
MUTYH,NP_001121897.1,386,R,Microcebus murinus,XP_012631449.1,-3,G,G,match
MUTYH,NP_001121897.1,386,R,Microcebus murinus,XP_012631449.1,-2,-,G,gap
MUTYH,NP_001121897.1,386,R,Microcebus murinus,XP_012631449.1,-1,A,A,match
MUTYH,NP_001121897.1,386,R,Microcebus murinus,XP_012631449.1,0,Q,R,CPD
MUTYH,NP_001121897.1,386,R,Microcebus murinus,XP_012631449.1,1,I,I,match
MUTYH,NP_001121897.1,386,R,Microcebus murinus,XP_012631449.1,2,L,L,match
MUTYH,NP_001121897.1,386,R,Microcebus murinus,XP_012631449.1,3,L,L,match
MUTYH,NP_001121897.1,386,R,Microcebus murinus,XP_012631449.1,4,V,V,match
MUTYH,NP_001121897.1,386,R,Microcebus murinus,XP_012631449.1,5,Q,Q,match
MUTYH,NP_001121897.1,386,R,Microcebus murinus,XP_012631449.1,6,R,R,match
MUTYH,NP_001121897.1,386,R,Microcebus murinus,XP_012631449.1,7,P,P,match
MUTYH,NP_001121897.1,386,R,Microcebus murinus,XP_012631449.1,8,N,K,different
MUTYH,NP_001121897.1,386,R,Microcebus murinus,XP_012631449.1,9,S,S,match
MUTYH,NP_001121897.1,386,R,Microcebus murinus,XP_012631449.1,10,G,G,match
MUTYH,NP_001121897.1,386,R,Propithecus coquereli,XP_012504426.1,-10,L,L,match
MUTYH,NP_001121897.1,386,R,Propithecus coquereli,XP_012504426.1,-9,E,E,match
MUTYH,NP_001121897.1,386,R,Propithecus coquereli,XP_012504426.1,-8,Q,Q,match
MUTYH,NP_001121897.1,386,R,Propithecus coquereli,XP_012504426.1,-7,P,P,match
MUTYH,NP_001121897.1,386,R,Propithecus coquereli,XP_012504426.1,-6,G,R,different
MUTYH,NP_001121897.1,386,R,Propithecus coquereli,XP_012504426.1,-5,A,A,match
MUTYH,NP_001121897.1,386,R,Propithecus coquereli,XP_012504426.1,-4,L,L,match
MUTYH,NP_001121897.1,386,R,Propithecus coquereli,XP_012504426.1,-3,G,G,match
MUTYH,NP_001121897.1,386,R,Propithecus coquereli,XP_012504426.1,-2,-,G,gap
MUTYH,NP_001121897.1,386,R,Propithecus coquereli,XP_012504426.1,-1,A,A,match
MUTYH,NP_001121897.1,386,R,Propithecus coquereli,XP_012504426.1,0,Q,R,CPD
MUTYH,NP_001121897.1,386,R,Propithecus coquereli,XP_012504426.1,1,I,I,match
MUTYH,NP_001121897.1,386,R,Propithecus coquereli,XP_012504426.1,2,L,L,match
MUTYH,NP_001121897.1,386,R,Propithecus coquereli,XP_012504426.1,3,L,L,match
MUTYH,NP_001121897.1,386,R,Propithecus coquereli,XP_012504426.1,4,V,V,match
MUTYH,NP_001121897.1,386,R,Propithecus coquereli,XP_012504426.1,5,Q,Q,match
MUTYH,NP_001121897.1,386,R,Propithecus coquereli,XP_012504426.1,6,R,R,match
MUTYH,NP_001121897.1,386,R,Propithecus coquereli,XP_012504426.1,7,P,P,match
MUTYH,NP_001121897.1,386,R,Propithecus coquereli,XP_012504426.1,8,N,K,different
MUTYH,NP_001121897.1,386,R,Propithecus coquereli,XP_012504426.1,9,S,S,match
MUTYH,NP_001121897.1,386,R,Propithecus coquereli,XP_012504426.1,10,G,G,match
MUTYH,NP_001121897.1,386,R,Eulemur rufifrons,XP_069335977.1,-10,L,L,match
MUTYH,NP_001121897.1,386,R,Eulemur rufifrons,XP_069335977.1,-9,E,E,match
MUTYH,NP_001121897.1,386,R,Eulemur rufifrons,XP_069335977.1,-8,Q,Q,match
MUTYH,NP_001121897.1,386,R,Eulemur rufifrons,XP_069335977.1,-7,P,P,match
MUTYH,NP_001121897.1,386,R,Eulemur rufifrons,XP_069335977.1,-6,G,R,different
MUTYH,NP_001121897.1,386,R,Eulemur rufifrons,XP_069335977.1,-5,A,A,match
MUTYH,NP_001121897.1,386,R,Eulemur rufifrons,XP_069335977.1,-4,L,L,match
MUTYH,NP_001121897.1,386,R,Eulemur rufifrons,XP_069335977.1,-3,G,G,match
MUTYH,NP_001121897.1,386,R,Eulemur rufifrons,XP_069335977.1,-2,-,G,gap
MUTYH,NP_001121897.1,386,R,Eulemur rufifrons,XP_069335977.1,-1,A,A,match
MUTYH,NP_001121897.1,386,R,Eulemur rufifrons,XP_069335977.1,0,Q,R,CPD
MUTYH,NP_001121897.1,386,R,Eulemur rufifrons,XP_069335977.1,1,I,I,match
MUTYH,NP_001121897.1,386,R,Eulemur rufifrons,XP_069335977.1,2,L,L,match
MUTYH,NP_001121897.1,386,R,Eulemur rufifrons,XP_069335977.1,3,L,L,match
MUTYH,NP_001121897.1,386,R,Eulemur rufifrons,XP_069335977.1,4,V,V,match
MUTYH,NP_001121897.1,386,R,Eulemur rufifrons,XP_069335977.1,5,Q,Q,match
MUTYH,NP_001121897.1,386,R,Eulemur rufifrons,XP_069335977.1,6,R,R,match
MUTYH,NP_001121897.1,386,R,Eulemur rufifrons,XP_069335977.1,7,P,P,match
MUTYH,NP_001121897.1,386,R,Eulemur rufifrons,XP_069335977.1,8,N,K,different
MUTYH,NP_001121897.1,386,R,Eulemur rufifrons,XP_069335977.1,9,S,S,match
MUTYH,NP_001121897.1,386,R,Eulemur rufifrons,XP_069335977.1,10,G,G,match
MUTYH,NP_001121897.1,386,R,Lemur catta,XP_045401511.1,-10,L,L,match
MUTYH,NP_001121897.1,386,R,Lemur catta,XP_045401511.1,-9,E,E,match
MUTYH,NP_001121897.1,386,R,Lemur catta,XP_045401511.1,-8,Q,Q,match
MUTYH,NP_001121897.1,386,R,Lemur catta,XP_045401511.1,-7,P,P,match
MUTYH,NP_001121897.1,386,R,Lemur catta,XP_045401511.1,-6,G,R,different
MUTYH,NP_001121897.1,386,R,Lemur catta,XP_045401511.1,-5,A,A,match
MUTYH,NP_001121897.1,386,R,Lemur catta,XP_045401511.1,-4,L,L,match
MUTYH,NP_001121897.1,386,R,Lemur catta,XP_045401511.1,-3,G,G,match
MUTYH,NP_001121897.1,386,R,Lemur catta,XP_045401511.1,-2,-,G,gap
MUTYH,NP_001121897.1,386,R,Lemur catta,XP_045401511.1,-1,A,A,match
MUTYH,NP_001121897.1,386,R,Lemur catta,XP_045401511.1,0,Q,R,CPD
MUTYH,NP_001121897.1,386,R,Lemur catta,XP_045401511.1,1,I,I,match
MUTYH,NP_001121897.1,386,R,Lemur catta,XP_045401511.1,2,L,L,match
MUTYH,NP_001121897.1,386,R,Lemur catta,XP_045401511.1,3,L,L,match
MUTYH,NP_001121897.1,386,R,Lemur catta,XP_045401511.1,4,V,V,match
MUTYH,NP_001121897.1,386,R,Lemur catta,XP_045401511.1,5,Q,Q,match
MUTYH,NP_001121897.1,386,R,Lemur catta,XP_045401511.1,6,R,R,match
MUTYH,NP_001121897.1,386,R,Lemur catta,XP_045401511.1,7,P,P,match
MUTYH,NP_001121897.1,386,R,Lemur catta,XP_045401511.1,8,N,K,different
MUTYH,NP_001121897.1,386,R,Lemur catta,XP_045401511.1,9,S,S,match
MUTYH,NP_001121897.1,386,R,Lemur catta,XP_045401511.1,10,G,G,match
MUTYH,NP_001121897.1,386,R,Nycticebus coucang,XP_053432967.1,-10,L,L,match
MUTYH,NP_001121897.1,386,R,Nycticebus coucang,XP_053432967.1,-9,E,E,match
MUTYH,NP_001121897.1,386,R,Nycticebus coucang,XP_053432967.1,-8,Q,Q,match
MUTYH,NP_001121897.1,386,R,Nycticebus coucang,XP_053432967.1,-7,P,P,match
MUTYH,NP_001121897.1,386,R,Nycticebus coucang,XP_053432967.1,-6,G,K,different
MUTYH,NP_001121897.1,386,R,Nycticebus coucang,XP_053432967.1,-5,A,A,match
MUTYH,NP_001121897.1,386,R,Nycticebus coucang,XP_053432967.1,-4,L,L,match
MUTYH,NP_001121897.1,386,R,Nycticebus coucang,XP_053432967.1,-3,G,G,match
MUTYH,NP_001121897.1,386,R,Nycticebus coucang,XP_053432967.1,-2,-,G,gap
MUTYH,NP_001121897.1,386,R,Nycticebus coucang,XP_053432967.1,-1,A,A,match
MUTYH,NP_001121897.1,386,R,Nycticebus coucang,XP_053432967.1,0,Q,R,CPD
MUTYH,NP_001121897.1,386,R,Nycticebus coucang,XP_053432967.1,1,I,I,match
MUTYH,NP_001121897.1,386,R,Nycticebus coucang,XP_053432967.1,2,L,L,match
MUTYH,NP_001121897.1,386,R,Nycticebus coucang,XP_053432967.1,3,L,L,match
MUTYH,NP_001121897.1,386,R,Nycticebus coucang,XP_053432967.1,4,V,V,match
MUTYH,NP_001121897.1,386,R,Nycticebus coucang,XP_053432967.1,5,Q,Q,match
MUTYH,NP_001121897.1,386,R,Nycticebus coucang,XP_053432967.1,6,R,R,match
MUTYH,NP_001121897.1,386,R,Nycticebus coucang,XP_053432967.1,7,P,P,match
MUTYH,NP_001121897.1,386,R,Nycticebus coucang,XP_053432967.1,8,N,K,different
MUTYH,NP_001121897.1,386,R,Nycticebus coucang,XP_053432967.1,9,S,S,match
MUTYH,NP_001121897.1,386,R,Nycticebus coucang,XP_053432967.1,10,G,G,match
MUTYH,NP_001121897.1,386,R,Otolemur garnettii,XP_003801231.1,-10,L,L,match
MUTYH,NP_001121897.1,386,R,Otolemur garnettii,XP_003801231.1,-9,E,E,match
MUTYH,NP_001121897.1,386,R,Otolemur garnettii,XP_003801231.1,-8,Q,Q,match
MUTYH,NP_001121897.1,386,R,Otolemur garnettii,XP_003801231.1,-7,P,P,match
MUTYH,NP_001121897.1,386,R,Otolemur garnettii,XP_003801231.1,-6,G,K,different
MUTYH,NP_001121897.1,386,R,Otolemur garnettii,XP_003801231.1,-5,A,A,match
MUTYH,NP_001121897.1,386,R,Otolemur garnettii,XP_003801231.1,-4,L,L,match
MUTYH,NP_001121897.1,386,R,Otolemur garnettii,XP_003801231.1,-3,G,G,match
MUTYH,NP_001121897.1,386,R,Otolemur garnettii,XP_003801231.1,-2,-,G,gap
MUTYH,NP_001121897.1,386,R,Otolemur garnettii,XP_003801231.1,-1,A,A,match
MUTYH,NP_001121897.1,386,R,Otolemur garnettii,XP_003801231.1,0,Q,R,CPD
MUTYH,NP_001121897.1,386,R,Otolemur garnettii,XP_003801231.1,1,I,I,match
MUTYH,NP_001121897.1,386,R,Otolemur garnettii,XP_003801231.1,2,L,L,match
MUTYH,NP_001121897.1,386,R,Otolemur garnettii,XP_003801231.1,3,L,L,match
MUTYH,NP_001121897.1,386,R,Otolemur garnettii,XP_003801231.1,4,V,V,match
MUTYH,NP_001121897.1,386,R,Otolemur garnettii,XP_003801231.1,5,Q,Q,match
MUTYH,NP_001121897.1,386,R,Otolemur garnettii,XP_003801231.1,6,R,R,match
MUTYH,NP_001121897.1,386,R,Otolemur garnettii,XP_003801231.1,7,P,P,match
MUTYH,NP_001121897.1,386,R,Otolemur garnettii,XP_003801231.1,8,N,K,different
MUTYH,NP_001121897.1,386,R,Otolemur garnettii,XP_003801231.1,9,S,S,match
MUTYH,NP_001121897.1,386,R,Otolemur garnettii,XP_003801231.1,10,G,G,match
MUTYH,NP_001121897.1,386,R,Carlito syrichta,XP_008055613.1,-10,L,L,match
MUTYH,NP_001121897.1,386,R,Carlito syrichta,XP_008055613.1,-9,E,E,match
MUTYH,NP_001121897.1,386,R,Carlito syrichta,XP_008055613.1,-8,Q,Q,match
MUTYH,NP_001121897.1,386,R,Carlito syrichta,XP_008055613.1,-7,P,P,match
MUTYH,NP_001121897.1,386,R,Carlito syrichta,XP_008055613.1,-6,G,K,different
MUTYH,NP_001121897.1,386,R,Carlito syrichta,XP_008055613.1,-5,A,A,match
MUTYH,NP_001121897.1,386,R,Carlito syrichta,XP_008055613.1,-4,L,L,match
MUTYH,NP_001121897.1,386,R,Carlito syrichta,XP_008055613.1,-3,G,G,match
MUTYH,NP_001121897.1,386,R,Carlito syrichta,XP_008055613.1,-2,-,G,gap
MUTYH,NP_001121897.1,386,R,Carlito syrichta,XP_008055613.1,-1,A,A,match
MUTYH,NP_001121897.1,386,R,Carlito syrichta,XP_008055613.1,0,Q,R,CPD
MUTYH,NP_001121897.1,386,R,Carlito syrichta,XP_008055613.1,1,I,I,match
MUTYH,NP_001121897.1,386,R,Carlito syrichta,XP_008055613.1,2,L,L,match
MUTYH,NP_001121897.1,386,R,Carlito syrichta,XP_008055613.1,3,L,L,match
MUTYH,NP_001121897.1,386,R,Carlito syrichta,XP_008055613.1,4,V,V,match
MUTYH,NP_001121897.1,386,R,Carlito syrichta,XP_008055613.1,5,Q,Q,match
MUTYH,NP_001121897.1,386,R,Carlito syrichta,XP_008055613.1,6,R,R,match
MUTYH,NP_001121897.1,386,R,Carlito syrichta,XP_008055613.1,7,P,P,match
MUTYH,NP_001121897.1,386,R,Carlito syrichta,XP_008055613.1,8,N,N,match
MUTYH,NP_001121897.1,386,R,Carlito syrichta,XP_008055613.1,9,S,T,different
MUTYH,NP_001121897.1,386,R,Carlito syrichta,XP_008055613.1,10,G,G,match
MUTYH,NP_001121897.1,386,R,Callithrix jacchus,XP_008999371.3,-10,L,L,match
MUTYH,NP_001121897.1,386,R,Callithrix jacchus,XP_008999371.3,-9,E,E,match
MUTYH,NP_001121897.1,386,R,Callithrix jacchus,XP_008999371.3,-8,Q,Q,match
MUTYH,NP_001121897.1,386,R,Callithrix jacchus,XP_008999371.3,-7,P,P,match
MUTYH,NP_001121897.1,386,R,Callithrix jacchus,XP_008999371.3,-6,G,R,different
MUTYH,NP_001121897.1,386,R,Callithrix jacchus,XP_008999371.3,-5,A,A,match
MUTYH,NP_001121897.1,386,R,Callithrix jacchus,XP_008999371.3,-4,L,L,match
MUTYH,NP_001121897.1,386,R,Callithrix jacchus,XP_008999371.3,-3,G,G,match
MUTYH,NP_001121897.1,386,R,Callithrix jacchus,XP_008999371.3,-2,-,G,gap
MUTYH,NP_001121897.1,386,R,Callithrix jacchus,XP_008999371.3,-1,A,A,match
MUTYH,NP_001121897.1,386,R,Callithrix jacchus,XP_008999371.3,0,Q,R,CPD
MUTYH,NP_001121897.1,386,R,Callithrix jacchus,XP_008999371.3,1,I,I,match
MUTYH,NP_001121897.1,386,R,Callithrix jacchus,XP_008999371.3,2,L,L,match
MUTYH,NP_001121897.1,386,R,Callithrix jacchus,XP_008999371.3,3,L,L,match
MUTYH,NP_001121897.1,386,R,Callithrix jacchus,XP_008999371.3,4,V,V,match
MUTYH,NP_001121897.1,386,R,Callithrix jacchus,XP_008999371.3,5,Q,Q,match
MUTYH,NP_001121897.1,386,R,Callithrix jacchus,XP_008999371.3,6,R,R,match
MUTYH,NP_001121897.1,386,R,Callithrix jacchus,XP_008999371.3,7,P,P,match
MUTYH,NP_001121897.1,386,R,Callithrix jacchus,XP_008999371.3,8,N,N,match
MUTYH,NP_001121897.1,386,R,Callithrix jacchus,XP_008999371.3,9,S,S,match
MUTYH,NP_001121897.1,386,R,Callithrix jacchus,XP_008999371.3,10,G,G,match
MUTYH,NP_001121897.1,386,R,Saimiri boliviensis,XP_003936952.3,-10,L,L,match
MUTYH,NP_001121897.1,386,R,Saimiri boliviensis,XP_003936952.3,-9,E,E,match
MUTYH,NP_001121897.1,386,R,Saimiri boliviensis,XP_003936952.3,-8,Q,Q,match
MUTYH,NP_001121897.1,386,R,Saimiri boliviensis,XP_003936952.3,-7,P,S,different
MUTYH,NP_001121897.1,386,R,Saimiri boliviensis,XP_003936952.3,-6,G,R,different
MUTYH,NP_001121897.1,386,R,Saimiri boliviensis,XP_003936952.3,-5,A,A,match
MUTYH,NP_001121897.1,386,R,Saimiri boliviensis,XP_003936952.3,-4,L,L,match
MUTYH,NP_001121897.1,386,R,Saimiri boliviensis,XP_003936952.3,-3,G,G,match
MUTYH,NP_001121897.1,386,R,Saimiri boliviensis,XP_003936952.3,-2,-,S,gap
MUTYH,NP_001121897.1,386,R,Saimiri boliviensis,XP_003936952.3,-1,A,A,match
MUTYH,NP_001121897.1,386,R,Saimiri boliviensis,XP_003936952.3,0,Q,R,CPD
MUTYH,NP_001121897.1,386,R,Saimiri boliviensis,XP_003936952.3,1,I,I,match
MUTYH,NP_001121897.1,386,R,Saimiri boliviensis,XP_003936952.3,2,L,L,match
MUTYH,NP_001121897.1,386,R,Saimiri boliviensis,XP_003936952.3,3,L,L,match
MUTYH,NP_001121897.1,386,R,Saimiri boliviensis,XP_003936952.3,4,V,V,match
MUTYH,NP_001121897.1,386,R,Saimiri boliviensis,XP_003936952.3,5,Q,Q,match
MUTYH,NP_001121897.1,386,R,Saimiri boliviensis,XP_003936952.3,6,R,R,match
MUTYH,NP_001121897.1,386,R,Saimiri boliviensis,XP_003936952.3,7,P,P,match
MUTYH,NP_001121897.1,386,R,Saimiri boliviensis,XP_003936952.3,8,N,N,match
MUTYH,NP_001121897.1,386,R,Saimiri boliviensis,XP_003936952.3,9,S,S,match
MUTYH,NP_001121897.1,386,R,Saimiri boliviensis,XP_003936952.3,10,G,G,match
MUTYH,NP_001121897.1,386,R,Aotus nancymaae,XP_012290157.1,-10,L,L,match
MUTYH,NP_001121897.1,386,R,Aotus nancymaae,XP_012290157.1,-9,E,E,match
MUTYH,NP_001121897.1,386,R,Aotus nancymaae,XP_012290157.1,-8,Q,Q,match
MUTYH,NP_001121897.1,386,R,Aotus nancymaae,XP_012290157.1,-7,P,L,different
MUTYH,NP_001121897.1,386,R,Aotus nancymaae,XP_012290157.1,-6,G,R,different
MUTYH,NP_001121897.1,386,R,Aotus nancymaae,XP_012290157.1,-5,A,A,match
MUTYH,NP_001121897.1,386,R,Aotus nancymaae,XP_012290157.1,-4,L,R,different
MUTYH,NP_001121897.1,386,R,Aotus nancymaae,XP_012290157.1,-3,G,G,match
MUTYH,NP_001121897.1,386,R,Aotus nancymaae,XP_012290157.1,-2,-,G,gap
MUTYH,NP_001121897.1,386,R,Aotus nancymaae,XP_012290157.1,-1,A,A,match
MUTYH,NP_001121897.1,386,R,Aotus nancymaae,XP_012290157.1,0,Q,R,CPD
MUTYH,NP_001121897.1,386,R,Aotus nancymaae,XP_012290157.1,1,I,I,match
MUTYH,NP_001121897.1,386,R,Aotus nancymaae,XP_012290157.1,2,L,L,match
MUTYH,NP_001121897.1,386,R,Aotus nancymaae,XP_012290157.1,3,L,L,match
MUTYH,NP_001121897.1,386,R,Aotus nancymaae,XP_012290157.1,4,V,V,match
MUTYH,NP_001121897.1,386,R,Aotus nancymaae,XP_012290157.1,5,Q,Q,match
MUTYH,NP_001121897.1,386,R,Aotus nancymaae,XP_012290157.1,6,R,R,match
MUTYH,NP_001121897.1,386,R,Aotus nancymaae,XP_012290157.1,7,P,P,match
MUTYH,NP_001121897.1,386,R,Aotus nancymaae,XP_012290157.1,8,N,N,match
MUTYH,NP_001121897.1,386,R,Aotus nancymaae,XP_012290157.1,9,S,S,match
MUTYH,NP_001121897.1,386,R,Aotus nancymaae,XP_012290157.1,10,G,G,match
MUTYH,NP_001121897.1,386,R,Sapajus apella,XP_032103279.1,-10,L,L,match
MUTYH,NP_001121897.1,386,R,Sapajus apella,XP_032103279.1,-9,E,E,match
MUTYH,NP_001121897.1,386,R,Sapajus apella,XP_032103279.1,-8,Q,Q,match
MUTYH,NP_001121897.1,386,R,Sapajus apella,XP_032103279.1,-7,P,S,different
MUTYH,NP_001121897.1,386,R,Sapajus apella,XP_032103279.1,-6,G,R,different
MUTYH,NP_001121897.1,386,R,Sapajus apella,XP_032103279.1,-5,A,A,match
MUTYH,NP_001121897.1,386,R,Sapajus apella,XP_032103279.1,-4,L,L,match
MUTYH,NP_001121897.1,386,R,Sapajus apella,XP_032103279.1,-3,G,G,match
MUTYH,NP_001121897.1,386,R,Sapajus apella,XP_032103279.1,-2,-,G,gap
MUTYH,NP_001121897.1,386,R,Sapajus apella,XP_032103279.1,-1,A,A,match
MUTYH,NP_001121897.1,386,R,Sapajus apella,XP_032103279.1,0,Q,R,CPD
MUTYH,NP_001121897.1,386,R,Sapajus apella,XP_032103279.1,1,I,I,match
MUTYH,NP_001121897.1,386,R,Sapajus apella,XP_032103279.1,2,L,L,match
MUTYH,NP_001121897.1,386,R,Sapajus apella,XP_032103279.1,3,L,L,match
MUTYH,NP_001121897.1,386,R,Sapajus apella,XP_032103279.1,4,V,V,match
MUTYH,NP_001121897.1,386,R,Sapajus apella,XP_032103279.1,5,Q,Q,match
MUTYH,NP_001121897.1,386,R,Sapajus apella,XP_032103279.1,6,R,R,match
MUTYH,NP_001121897.1,386,R,Sapajus apella,XP_032103279.1,7,P,P,match
MUTYH,NP_001121897.1,386,R,Sapajus apella,XP_032103279.1,8,N,N,match
MUTYH,NP_001121897.1,386,R,Sapajus apella,XP_032103279.1,9,S,S,match
MUTYH,NP_001121897.1,386,R,Sapajus apella,XP_032103279.1,10,G,G,match
MUTYH,NP_001121897.1,386,R,Cebus imitator,XP_017396312.1,-10,L,L,match
MUTYH,NP_001121897.1,386,R,Cebus imitator,XP_017396312.1,-9,E,E,match
MUTYH,NP_001121897.1,386,R,Cebus imitator,XP_017396312.1,-8,Q,Q,match
MUTYH,NP_001121897.1,386,R,Cebus imitator,XP_017396312.1,-7,P,S,different
MUTYH,NP_001121897.1,386,R,Cebus imitator,XP_017396312.1,-6,G,R,different
MUTYH,NP_001121897.1,386,R,Cebus imitator,XP_017396312.1,-5,A,A,match
MUTYH,NP_001121897.1,386,R,Cebus imitator,XP_017396312.1,-4,L,L,match
MUTYH,NP_001121897.1,386,R,Cebus imitator,XP_017396312.1,-3,G,G,match
MUTYH,NP_001121897.1,386,R,Cebus imitator,XP_017396312.1,-2,-,G,gap
MUTYH,NP_001121897.1,386,R,Cebus imitator,XP_017396312.1,-1,A,A,match
MUTYH,NP_001121897.1,386,R,Cebus imitator,XP_017396312.1,0,Q,R,CPD
MUTYH,NP_001121897.1,386,R,Cebus imitator,XP_017396312.1,1,I,I,match
MUTYH,NP_001121897.1,386,R,Cebus imitator,XP_017396312.1,2,L,L,match
MUTYH,NP_001121897.1,386,R,Cebus imitator,XP_017396312.1,3,L,L,match
MUTYH,NP_001121897.1,386,R,Cebus imitator,XP_017396312.1,4,V,V,match
MUTYH,NP_001121897.1,386,R,Cebus imitator,XP_017396312.1,5,Q,Q,match
MUTYH,NP_001121897.1,386,R,Cebus imitator,XP_017396312.1,6,R,R,match
MUTYH,NP_001121897.1,386,R,Cebus imitator,XP_017396312.1,7,P,P,match
MUTYH,NP_001121897.1,386,R,Cebus imitator,XP_017396312.1,8,N,N,match
MUTYH,NP_001121897.1,386,R,Cebus imitator,XP_017396312.1,9,S,S,match
MUTYH,NP_001121897.1,386,R,Cebus imitator,XP_017396312.1,10,G,G,match
MUTYH,NP_001121897.1,83,P,Microcebus murinus,XP_012631449.1,-10,E,E,match
MUTYH,NP_001121897.1,83,P,Microcebus murinus,XP_012631449.1,-9,E,E,match
MUTYH,NP_001121897.1,83,P,Microcebus murinus,XP_012631449.1,-8,V,V,match
MUTYH,NP_001121897.1,83,P,Microcebus murinus,XP_012631449.1,-7,V,V,match
MUTYH,NP_001121897.1,83,P,Microcebus murinus,XP_012631449.1,-6,L,L,match
MUTYH,NP_001121897.1,83,P,Microcebus murinus,XP_012631449.1,-5,Q,Q,match
MUTYH,NP_001121897.1,83,P,Microcebus murinus,XP_012631449.1,-4,A,A,match
MUTYH,NP_001121897.1,83,P,Microcebus murinus,XP_012631449.1,-3,S,S,match
MUTYH,NP_001121897.1,83,P,Microcebus murinus,XP_012631449.1,-2,V,I,different
MUTYH,NP_001121897.1,83,P,Microcebus murinus,XP_012631449.1,-1,S,S,match
MUTYH,NP_001121897.1,83,P,Microcebus murinus,XP_012631449.1,0,S,P,CPD
MUTYH,NP_001121897.1,83,P,Microcebus murinus,XP_012631449.1,1,Y,Y,match
MUTYH,NP_001121897.1,83,P,Microcebus murinus,XP_012631449.1,2,H,H,match
MUTYH,NP_001121897.1,83,P,Microcebus murinus,XP_012631449.1,3,L,L,match
MUTYH,NP_001121897.1,83,P,Microcebus murinus,XP_012631449.1,4,F,F,match
MUTYH,NP_001121897.1,83,P,Microcebus murinus,XP_012631449.1,5,R,R,match
MUTYH,NP_001121897.1,83,P,Microcebus murinus,XP_012631449.1,6,D,D,match
MUTYH,NP_001121897.1,83,P,Microcebus murinus,XP_012631449.1,7,V,T,different
MUTYH,NP_001121897.1,83,P,Microcebus murinus,XP_012631449.1,8,A,A,match
MUTYH,NP_001121897.1,83,P,Microcebus murinus,XP_012631449.1,9,E,E,match
MUTYH,NP_001121897.1,83,P,Microcebus murinus,XP_012631449.1,10,V,V,match
MUTYH,NP_001121897.1,83,P,Propithecus coquereli,XP_012504426.1,-10,E,E,match
MUTYH,NP_001121897.1,83,P,Propithecus coquereli,XP_012504426.1,-9,E,E,match
MUTYH,NP_001121897.1,83,P,Propithecus coquereli,XP_012504426.1,-8,V,V,match
MUTYH,NP_001121897.1,83,P,Propithecus coquereli,XP_012504426.1,-7,V,V,match
MUTYH,NP_001121897.1,83,P,Propithecus coquereli,XP_012504426.1,-6,L,L,match
MUTYH,NP_001121897.1,83,P,Propithecus coquereli,XP_012504426.1,-5,Q,Q,match
MUTYH,NP_001121897.1,83,P,Propithecus coquereli,XP_012504426.1,-4,A,A,match
MUTYH,NP_001121897.1,83,P,Propithecus coquereli,XP_012504426.1,-3,S,S,match
MUTYH,NP_001121897.1,83,P,Propithecus coquereli,XP_012504426.1,-2,V,I,different
MUTYH,NP_001121897.1,83,P,Propithecus coquereli,XP_012504426.1,-1,S,S,match
MUTYH,NP_001121897.1,83,P,Propithecus coquereli,XP_012504426.1,0,S,P,CPD
MUTYH,NP_001121897.1,83,P,Propithecus coquereli,XP_012504426.1,1,Y,Y,match
MUTYH,NP_001121897.1,83,P,Propithecus coquereli,XP_012504426.1,2,H,H,match
MUTYH,NP_001121897.1,83,P,Propithecus coquereli,XP_012504426.1,3,L,L,match
MUTYH,NP_001121897.1,83,P,Propithecus coquereli,XP_012504426.1,4,F,F,match
MUTYH,NP_001121897.1,83,P,Propithecus coquereli,XP_012504426.1,5,R,R,match
MUTYH,NP_001121897.1,83,P,Propithecus coquereli,XP_012504426.1,6,D,A,different
MUTYH,NP_001121897.1,83,P,Propithecus coquereli,XP_012504426.1,7,V,T,different
MUTYH,NP_001121897.1,83,P,Propithecus coquereli,XP_012504426.1,8,A,D,different
MUTYH,NP_001121897.1,83,P,Propithecus coquereli,XP_012504426.1,9,E,E,match
MUTYH,NP_001121897.1,83,P,Propithecus coquereli,XP_012504426.1,10,V,V,match
MUTYH,NP_001121897.1,83,P,Eulemur rufifrons,XP_069335977.1,-10,E,E,match
MUTYH,NP_001121897.1,83,P,Eulemur rufifrons,XP_069335977.1,-9,E,E,match
MUTYH,NP_001121897.1,83,P,Eulemur rufifrons,XP_069335977.1,-8,V,V,match
MUTYH,NP_001121897.1,83,P,Eulemur rufifrons,XP_069335977.1,-7,V,V,match
MUTYH,NP_001121897.1,83,P,Eulemur rufifrons,XP_069335977.1,-6,L,L,match
MUTYH,NP_001121897.1,83,P,Eulemur rufifrons,XP_069335977.1,-5,Q,Q,match
MUTYH,NP_001121897.1,83,P,Eulemur rufifrons,XP_069335977.1,-4,A,A,match
MUTYH,NP_001121897.1,83,P,Eulemur rufifrons,XP_069335977.1,-3,S,S,match
MUTYH,NP_001121897.1,83,P,Eulemur rufifrons,XP_069335977.1,-2,V,I,different
MUTYH,NP_001121897.1,83,P,Eulemur rufifrons,XP_069335977.1,-1,S,S,match
MUTYH,NP_001121897.1,83,P,Eulemur rufifrons,XP_069335977.1,0,S,P,CPD
MUTYH,NP_001121897.1,83,P,Eulemur rufifrons,XP_069335977.1,1,Y,Y,match
MUTYH,NP_001121897.1,83,P,Eulemur rufifrons,XP_069335977.1,2,H,H,match
MUTYH,NP_001121897.1,83,P,Eulemur rufifrons,XP_069335977.1,3,L,L,match
MUTYH,NP_001121897.1,83,P,Eulemur rufifrons,XP_069335977.1,4,F,F,match
MUTYH,NP_001121897.1,83,P,Eulemur rufifrons,XP_069335977.1,5,R,R,match
MUTYH,NP_001121897.1,83,P,Eulemur rufifrons,XP_069335977.1,6,D,D,match
MUTYH,NP_001121897.1,83,P,Eulemur rufifrons,XP_069335977.1,7,V,T,different
MUTYH,NP_001121897.1,83,P,Eulemur rufifrons,XP_069335977.1,8,A,A,match
MUTYH,NP_001121897.1,83,P,Eulemur rufifrons,XP_069335977.1,9,E,E,match
MUTYH,NP_001121897.1,83,P,Eulemur rufifrons,XP_069335977.1,10,V,V,match
MUTYH,NP_001121897.1,83,P,Lemur catta,XP_045401511.1,-10,E,E,match
MUTYH,NP_001121897.1,83,P,Lemur catta,XP_045401511.1,-9,E,E,match
MUTYH,NP_001121897.1,83,P,Lemur catta,XP_045401511.1,-8,V,V,match
MUTYH,NP_001121897.1,83,P,Lemur catta,XP_045401511.1,-7,V,V,match
MUTYH,NP_001121897.1,83,P,Lemur catta,XP_045401511.1,-6,L,L,match
MUTYH,NP_001121897.1,83,P,Lemur catta,XP_045401511.1,-5,Q,Q,match
MUTYH,NP_001121897.1,83,P,Lemur catta,XP_045401511.1,-4,A,A,match
MUTYH,NP_001121897.1,83,P,Lemur catta,XP_045401511.1,-3,S,S,match
MUTYH,NP_001121897.1,83,P,Lemur catta,XP_045401511.1,-2,V,I,different
MUTYH,NP_001121897.1,83,P,Lemur catta,XP_045401511.1,-1,S,S,match
MUTYH,NP_001121897.1,83,P,Lemur catta,XP_045401511.1,0,S,P,CPD
MUTYH,NP_001121897.1,83,P,Lemur catta,XP_045401511.1,1,Y,Y,match
MUTYH,NP_001121897.1,83,P,Lemur catta,XP_045401511.1,2,H,H,match
MUTYH,NP_001121897.1,83,P,Lemur catta,XP_045401511.1,3,L,L,match
MUTYH,NP_001121897.1,83,P,Lemur catta,XP_045401511.1,4,F,F,match
MUTYH,NP_001121897.1,83,P,Lemur catta,XP_045401511.1,5,R,R,match
MUTYH,NP_001121897.1,83,P,Lemur catta,XP_045401511.1,6,D,D,match
MUTYH,NP_001121897.1,83,P,Lemur catta,XP_045401511.1,7,V,T,different
MUTYH,NP_001121897.1,83,P,Lemur catta,XP_045401511.1,8,A,A,match
MUTYH,NP_001121897.1,83,P,Lemur catta,XP_045401511.1,9,E,E,match
MUTYH,NP_001121897.1,83,P,Lemur catta,XP_045401511.1,10,V,V,match
MUTYH,NP_001121897.1,83,P,Nycticebus coucang,XP_053432967.1,-10,E,E,match
MUTYH,NP_001121897.1,83,P,Nycticebus coucang,XP_053432967.1,-9,E,E,match
MUTYH,NP_001121897.1,83,P,Nycticebus coucang,XP_053432967.1,-8,V,V,match
MUTYH,NP_001121897.1,83,P,Nycticebus coucang,XP_053432967.1,-7,V,E,different
MUTYH,NP_001121897.1,83,P,Nycticebus coucang,XP_053432967.1,-6,L,M,different
MUTYH,NP_001121897.1,83,P,Nycticebus coucang,XP_053432967.1,-5,Q,Q,match
MUTYH,NP_001121897.1,83,P,Nycticebus coucang,XP_053432967.1,-4,A,A,match
MUTYH,NP_001121897.1,83,P,Nycticebus coucang,XP_053432967.1,-3,S,S,match
MUTYH,NP_001121897.1,83,P,Nycticebus coucang,XP_053432967.1,-2,V,I,different
MUTYH,NP_001121897.1,83,P,Nycticebus coucang,XP_053432967.1,-1,S,C,different
MUTYH,NP_001121897.1,83,P,Nycticebus coucang,XP_053432967.1,0,S,P,CPD
MUTYH,NP_001121897.1,83,P,Nycticebus coucang,XP_053432967.1,1,Y,Y,match
MUTYH,NP_001121897.1,83,P,Nycticebus coucang,XP_053432967.1,2,H,H,match
MUTYH,NP_001121897.1,83,P,Nycticebus coucang,XP_053432967.1,3,L,L,match
MUTYH,NP_001121897.1,83,P,Nycticebus coucang,XP_053432967.1,4,F,F,match
MUTYH,NP_001121897.1,83,P,Nycticebus coucang,XP_053432967.1,5,R,R,match
MUTYH,NP_001121897.1,83,P,Nycticebus coucang,XP_053432967.1,6,D,D,match
MUTYH,NP_001121897.1,83,P,Nycticebus coucang,XP_053432967.1,7,V,T,different
MUTYH,NP_001121897.1,83,P,Nycticebus coucang,XP_053432967.1,8,A,A,match
MUTYH,NP_001121897.1,83,P,Nycticebus coucang,XP_053432967.1,9,E,E,match
MUTYH,NP_001121897.1,83,P,Nycticebus coucang,XP_053432967.1,10,V,V,match
MUTYH,NP_001121897.1,83,P,Otolemur garnettii,XP_003801231.1,-10,E,E,match
MUTYH,NP_001121897.1,83,P,Otolemur garnettii,XP_003801231.1,-9,E,E,match
MUTYH,NP_001121897.1,83,P,Otolemur garnettii,XP_003801231.1,-8,V,V,match
MUTYH,NP_001121897.1,83,P,Otolemur garnettii,XP_003801231.1,-7,V,E,different
MUTYH,NP_001121897.1,83,P,Otolemur garnettii,XP_003801231.1,-6,L,M,different
MUTYH,NP_001121897.1,83,P,Otolemur garnettii,XP_003801231.1,-5,Q,Q,match
MUTYH,NP_001121897.1,83,P,Otolemur garnettii,XP_003801231.1,-4,A,V,different
MUTYH,NP_001121897.1,83,P,Otolemur garnettii,XP_003801231.1,-3,S,S,match
MUTYH,NP_001121897.1,83,P,Otolemur garnettii,XP_003801231.1,-2,V,I,different
MUTYH,NP_001121897.1,83,P,Otolemur garnettii,XP_003801231.1,-1,S,S,match
MUTYH,NP_001121897.1,83,P,Otolemur garnettii,XP_003801231.1,0,S,P,CPD
MUTYH,NP_001121897.1,83,P,Otolemur garnettii,XP_003801231.1,1,Y,Y,match
MUTYH,NP_001121897.1,83,P,Otolemur garnettii,XP_003801231.1,2,H,H,match
MUTYH,NP_001121897.1,83,P,Otolemur garnettii,XP_003801231.1,3,L,L,match
MUTYH,NP_001121897.1,83,P,Otolemur garnettii,XP_003801231.1,4,F,F,match
MUTYH,NP_001121897.1,83,P,Otolemur garnettii,XP_003801231.1,5,R,R,match
MUTYH,NP_001121897.1,83,P,Otolemur garnettii,XP_003801231.1,6,D,D,match
MUTYH,NP_001121897.1,83,P,Otolemur garnettii,XP_003801231.1,7,V,T,different
MUTYH,NP_001121897.1,83,P,Otolemur garnettii,XP_003801231.1,8,A,A,match
MUTYH,NP_001121897.1,83,P,Otolemur garnettii,XP_003801231.1,9,E,E,match
MUTYH,NP_001121897.1,83,P,Otolemur garnettii,XP_003801231.1,10,V,V,match
MUTYH,NP_001121897.1,83,P,Carlito syrichta,XP_008055613.1,-10,E,E,match
MUTYH,NP_001121897.1,83,P,Carlito syrichta,XP_008055613.1,-9,E,E,match
MUTYH,NP_001121897.1,83,P,Carlito syrichta,XP_008055613.1,-8,V,V,match
MUTYH,NP_001121897.1,83,P,Carlito syrichta,XP_008055613.1,-7,V,-,gap
MUTYH,NP_001121897.1,83,P,Carlito syrichta,XP_008055613.1,-6,L,-,gap
MUTYH,NP_001121897.1,83,P,Carlito syrichta,XP_008055613.1,-5,Q,E,different
MUTYH,NP_001121897.1,83,P,Carlito syrichta,XP_008055613.1,-4,A,A,match
MUTYH,NP_001121897.1,83,P,Carlito syrichta,XP_008055613.1,-3,S,S,match
MUTYH,NP_001121897.1,83,P,Carlito syrichta,XP_008055613.1,-2,V,V,match
MUTYH,NP_001121897.1,83,P,Carlito syrichta,XP_008055613.1,-1,S,S,match
MUTYH,NP_001121897.1,83,P,Carlito syrichta,XP_008055613.1,0,S,P,CPD
MUTYH,NP_001121897.1,83,P,Carlito syrichta,XP_008055613.1,1,Y,Y,match
MUTYH,NP_001121897.1,83,P,Carlito syrichta,XP_008055613.1,2,H,H,match
MUTYH,NP_001121897.1,83,P,Carlito syrichta,XP_008055613.1,3,L,L,match
MUTYH,NP_001121897.1,83,P,Carlito syrichta,XP_008055613.1,4,F,F,match
MUTYH,NP_001121897.1,83,P,Carlito syrichta,XP_008055613.1,5,R,R,match
MUTYH,NP_001121897.1,83,P,Carlito syrichta,XP_008055613.1,6,D,D,match
MUTYH,NP_001121897.1,83,P,Carlito syrichta,XP_008055613.1,7,V,T,different
MUTYH,NP_001121897.1,83,P,Carlito syrichta,XP_008055613.1,8,A,A,match
MUTYH,NP_001121897.1,83,P,Carlito syrichta,XP_008055613.1,9,E,E,match
MUTYH,NP_001121897.1,83,P,Carlito syrichta,XP_008055613.1,10,V,V,match
MUTYH,NP_001121897.1,83,P,Rhinopithecus bieti,XP_017737293.1,-10,E,E,match
MUTYH,NP_001121897.1,83,P,Rhinopithecus bieti,XP_017737293.1,-9,E,E,match
MUTYH,NP_001121897.1,83,P,Rhinopithecus bieti,XP_017737293.1,-8,V,V,match
MUTYH,NP_001121897.1,83,P,Rhinopithecus bieti,XP_017737293.1,-7,V,V,match
MUTYH,NP_001121897.1,83,P,Rhinopithecus bieti,XP_017737293.1,-6,L,L,match
MUTYH,NP_001121897.1,83,P,Rhinopithecus bieti,XP_017737293.1,-5,Q,Q,match
MUTYH,NP_001121897.1,83,P,Rhinopithecus bieti,XP_017737293.1,-4,A,A,match
MUTYH,NP_001121897.1,83,P,Rhinopithecus bieti,XP_017737293.1,-3,S,S,match
MUTYH,NP_001121897.1,83,P,Rhinopithecus bieti,XP_017737293.1,-2,V,V,match
MUTYH,NP_001121897.1,83,P,Rhinopithecus bieti,XP_017737293.1,-1,S,S,match
MUTYH,NP_001121897.1,83,P,Rhinopithecus bieti,XP_017737293.1,0,S,P,CPD
MUTYH,NP_001121897.1,83,P,Rhinopithecus bieti,XP_017737293.1,1,Y,Y,match
MUTYH,NP_001121897.1,83,P,Rhinopithecus bieti,XP_017737293.1,2,H,H,match
MUTYH,NP_001121897.1,83,P,Rhinopithecus bieti,XP_017737293.1,3,L,L,match
MUTYH,NP_001121897.1,83,P,Rhinopithecus bieti,XP_017737293.1,4,F,F,match
MUTYH,NP_001121897.1,83,P,Rhinopithecus bieti,XP_017737293.1,5,R,R,match
MUTYH,NP_001121897.1,83,P,Rhinopithecus bieti,XP_017737293.1,6,D,D,match
MUTYH,NP_001121897.1,83,P,Rhinopithecus bieti,XP_017737293.1,7,V,V,match
MUTYH,NP_001121897.1,83,P,Rhinopithecus bieti,XP_017737293.1,8,A,A,match
MUTYH,NP_001121897.1,83,P,Rhinopithecus bieti,XP_017737293.1,9,E,E,match
MUTYH,NP_001121897.1,83,P,Rhinopithecus bieti,XP_017737293.1,10,V,V,match
MUTYH,NP_001121897.1,83,P,Piliocolobus tephrosceles,XP_023077218.1,-10,E,E,match
MUTYH,NP_001121897.1,83,P,Piliocolobus tephrosceles,XP_023077218.1,-9,E,E,match
MUTYH,NP_001121897.1,83,P,Piliocolobus tephrosceles,XP_023077218.1,-8,V,V,match
MUTYH,NP_001121897.1,83,P,Piliocolobus tephrosceles,XP_023077218.1,-7,V,V,match
MUTYH,NP_001121897.1,83,P,Piliocolobus tephrosceles,XP_023077218.1,-6,L,L,match
MUTYH,NP_001121897.1,83,P,Piliocolobus tephrosceles,XP_023077218.1,-5,Q,Q,match
MUTYH,NP_001121897.1,83,P,Piliocolobus tephrosceles,XP_023077218.1,-4,A,A,match
MUTYH,NP_001121897.1,83,P,Piliocolobus tephrosceles,XP_023077218.1,-3,S,S,match
MUTYH,NP_001121897.1,83,P,Piliocolobus tephrosceles,XP_023077218.1,-2,V,V,match
MUTYH,NP_001121897.1,83,P,Piliocolobus tephrosceles,XP_023077218.1,-1,S,S,match
MUTYH,NP_001121897.1,83,P,Piliocolobus tephrosceles,XP_023077218.1,0,S,P,CPD
MUTYH,NP_001121897.1,83,P,Piliocolobus tephrosceles,XP_023077218.1,1,Y,Y,match
MUTYH,NP_001121897.1,83,P,Piliocolobus tephrosceles,XP_023077218.1,2,H,H,match
MUTYH,NP_001121897.1,83,P,Piliocolobus tephrosceles,XP_023077218.1,3,L,L,match
MUTYH,NP_001121897.1,83,P,Piliocolobus tephrosceles,XP_023077218.1,4,F,F,match
MUTYH,NP_001121897.1,83,P,Piliocolobus tephrosceles,XP_023077218.1,5,R,R,match
MUTYH,NP_001121897.1,83,P,Piliocolobus tephrosceles,XP_023077218.1,6,D,D,match
MUTYH,NP_001121897.1,83,P,Piliocolobus tephrosceles,XP_023077218.1,7,V,V,match
MUTYH,NP_001121897.1,83,P,Piliocolobus tephrosceles,XP_023077218.1,8,A,A,match
MUTYH,NP_001121897.1,83,P,Piliocolobus tephrosceles,XP_023077218.1,9,E,E,match
MUTYH,NP_001121897.1,83,P,Piliocolobus tephrosceles,XP_023077218.1,10,V,V,match
MUTYH,NP_001121897.1,83,P,Colobus angolensis palliatus,XP_011801805.1,-10,E,E,match
MUTYH,NP_001121897.1,83,P,Colobus angolensis palliatus,XP_011801805.1,-9,E,E,match
MUTYH,NP_001121897.1,83,P,Colobus angolensis palliatus,XP_011801805.1,-8,V,V,match
MUTYH,NP_001121897.1,83,P,Colobus angolensis palliatus,XP_011801805.1,-7,V,V,match
MUTYH,NP_001121897.1,83,P,Colobus angolensis palliatus,XP_011801805.1,-6,L,L,match
MUTYH,NP_001121897.1,83,P,Colobus angolensis palliatus,XP_011801805.1,-5,Q,Q,match
MUTYH,NP_001121897.1,83,P,Colobus angolensis palliatus,XP_011801805.1,-4,A,A,match
MUTYH,NP_001121897.1,83,P,Colobus angolensis palliatus,XP_011801805.1,-3,S,S,match
MUTYH,NP_001121897.1,83,P,Colobus angolensis palliatus,XP_011801805.1,-2,V,V,match
MUTYH,NP_001121897.1,83,P,Colobus angolensis palliatus,XP_011801805.1,-1,S,S,match
MUTYH,NP_001121897.1,83,P,Colobus angolensis palliatus,XP_011801805.1,0,S,P,CPD
MUTYH,NP_001121897.1,83,P,Colobus angolensis palliatus,XP_011801805.1,1,Y,Y,match
MUTYH,NP_001121897.1,83,P,Colobus angolensis palliatus,XP_011801805.1,2,H,H,match
MUTYH,NP_001121897.1,83,P,Colobus angolensis palliatus,XP_011801805.1,3,L,L,match
MUTYH,NP_001121897.1,83,P,Colobus angolensis palliatus,XP_011801805.1,4,F,F,match
MUTYH,NP_001121897.1,83,P,Colobus angolensis palliatus,XP_011801805.1,5,R,R,match
MUTYH,NP_001121897.1,83,P,Colobus angolensis palliatus,XP_011801805.1,6,D,D,match
MUTYH,NP_001121897.1,83,P,Colobus angolensis palliatus,XP_011801805.1,7,V,V,match
MUTYH,NP_001121897.1,83,P,Colobus angolensis palliatus,XP_011801805.1,8,A,A,match
MUTYH,NP_001121897.1,83,P,Colobus angolensis palliatus,XP_011801805.1,9,E,E,match
MUTYH,NP_001121897.1,83,P,Colobus angolensis palliatus,XP_011801805.1,10,V,V,match
MUTYH,NP_001121897.1,83,P,Chlorocebus sabaeus,XP_007977148.3,-10,E,E,match
MUTYH,NP_001121897.1,83,P,Chlorocebus sabaeus,XP_007977148.3,-9,E,E,match
MUTYH,NP_001121897.1,83,P,Chlorocebus sabaeus,XP_007977148.3,-8,V,V,match
MUTYH,NP_001121897.1,83,P,Chlorocebus sabaeus,XP_007977148.3,-7,V,V,match
MUTYH,NP_001121897.1,83,P,Chlorocebus sabaeus,XP_007977148.3,-6,L,L,match
MUTYH,NP_001121897.1,83,P,Chlorocebus sabaeus,XP_007977148.3,-5,Q,Q,match
MUTYH,NP_001121897.1,83,P,Chlorocebus sabaeus,XP_007977148.3,-4,A,A,match
MUTYH,NP_001121897.1,83,P,Chlorocebus sabaeus,XP_007977148.3,-3,S,S,match
MUTYH,NP_001121897.1,83,P,Chlorocebus sabaeus,XP_007977148.3,-2,V,V,match
MUTYH,NP_001121897.1,83,P,Chlorocebus sabaeus,XP_007977148.3,-1,S,S,match
MUTYH,NP_001121897.1,83,P,Chlorocebus sabaeus,XP_007977148.3,0,S,P,CPD
MUTYH,NP_001121897.1,83,P,Chlorocebus sabaeus,XP_007977148.3,1,Y,Y,match
MUTYH,NP_001121897.1,83,P,Chlorocebus sabaeus,XP_007977148.3,2,H,H,match
MUTYH,NP_001121897.1,83,P,Chlorocebus sabaeus,XP_007977148.3,3,L,L,match
MUTYH,NP_001121897.1,83,P,Chlorocebus sabaeus,XP_007977148.3,4,F,F,match
MUTYH,NP_001121897.1,83,P,Chlorocebus sabaeus,XP_007977148.3,5,R,R,match
MUTYH,NP_001121897.1,83,P,Chlorocebus sabaeus,XP_007977148.3,6,D,D,match
MUTYH,NP_001121897.1,83,P,Chlorocebus sabaeus,XP_007977148.3,7,V,V,match
MUTYH,NP_001121897.1,83,P,Chlorocebus sabaeus,XP_007977148.3,8,A,A,match
MUTYH,NP_001121897.1,83,P,Chlorocebus sabaeus,XP_007977148.3,9,E,E,match
MUTYH,NP_001121897.1,83,P,Chlorocebus sabaeus,XP_007977148.3,10,V,V,match
MUTYH,NP_001121897.1,83,P,Trachypithecus francoisi,XP_033082515.1,-10,E,E,match
MUTYH,NP_001121897.1,83,P,Trachypithecus francoisi,XP_033082515.1,-9,E,E,match
MUTYH,NP_001121897.1,83,P,Trachypithecus francoisi,XP_033082515.1,-8,V,V,match
MUTYH,NP_001121897.1,83,P,Trachypithecus francoisi,XP_033082515.1,-7,V,V,match
MUTYH,NP_001121897.1,83,P,Trachypithecus francoisi,XP_033082515.1,-6,L,L,match
MUTYH,NP_001121897.1,83,P,Trachypithecus francoisi,XP_033082515.1,-5,Q,Q,match
MUTYH,NP_001121897.1,83,P,Trachypithecus francoisi,XP_033082515.1,-4,A,A,match
MUTYH,NP_001121897.1,83,P,Trachypithecus francoisi,XP_033082515.1,-3,S,S,match
MUTYH,NP_001121897.1,83,P,Trachypithecus francoisi,XP_033082515.1,-2,V,V,match
MUTYH,NP_001121897.1,83,P,Trachypithecus francoisi,XP_033082515.1,-1,S,S,match
MUTYH,NP_001121897.1,83,P,Trachypithecus francoisi,XP_033082515.1,0,S,P,CPD
MUTYH,NP_001121897.1,83,P,Trachypithecus francoisi,XP_033082515.1,1,Y,Y,match
MUTYH,NP_001121897.1,83,P,Trachypithecus francoisi,XP_033082515.1,2,H,H,match
MUTYH,NP_001121897.1,83,P,Trachypithecus francoisi,XP_033082515.1,3,L,L,match
MUTYH,NP_001121897.1,83,P,Trachypithecus francoisi,XP_033082515.1,4,F,F,match
MUTYH,NP_001121897.1,83,P,Trachypithecus francoisi,XP_033082515.1,5,R,R,match
MUTYH,NP_001121897.1,83,P,Trachypithecus francoisi,XP_033082515.1,6,D,D,match
MUTYH,NP_001121897.1,83,P,Trachypithecus francoisi,XP_033082515.1,7,V,V,match
MUTYH,NP_001121897.1,83,P,Trachypithecus francoisi,XP_033082515.1,8,A,A,match
MUTYH,NP_001121897.1,83,P,Trachypithecus francoisi,XP_033082515.1,9,E,E,match
MUTYH,NP_001121897.1,83,P,Trachypithecus francoisi,XP_033082515.1,10,V,V,match
MUTYH,NP_001121897.1,83,P,Rhinopithecus roxellana,XP_030798502.1,-10,E,E,match
MUTYH,NP_001121897.1,83,P,Rhinopithecus roxellana,XP_030798502.1,-9,E,E,match
MUTYH,NP_001121897.1,83,P,Rhinopithecus roxellana,XP_030798502.1,-8,V,V,match
MUTYH,NP_001121897.1,83,P,Rhinopithecus roxellana,XP_030798502.1,-7,V,V,match
MUTYH,NP_001121897.1,83,P,Rhinopithecus roxellana,XP_030798502.1,-6,L,L,match
MUTYH,NP_001121897.1,83,P,Rhinopithecus roxellana,XP_030798502.1,-5,Q,Q,match
MUTYH,NP_001121897.1,83,P,Rhinopithecus roxellana,XP_030798502.1,-4,A,A,match
MUTYH,NP_001121897.1,83,P,Rhinopithecus roxellana,XP_030798502.1,-3,S,S,match
MUTYH,NP_001121897.1,83,P,Rhinopithecus roxellana,XP_030798502.1,-2,V,V,match
MUTYH,NP_001121897.1,83,P,Rhinopithecus roxellana,XP_030798502.1,-1,S,S,match
MUTYH,NP_001121897.1,83,P,Rhinopithecus roxellana,XP_030798502.1,0,S,P,CPD
MUTYH,NP_001121897.1,83,P,Rhinopithecus roxellana,XP_030798502.1,1,Y,Y,match
MUTYH,NP_001121897.1,83,P,Rhinopithecus roxellana,XP_030798502.1,2,H,H,match
MUTYH,NP_001121897.1,83,P,Rhinopithecus roxellana,XP_030798502.1,3,L,L,match
MUTYH,NP_001121897.1,83,P,Rhinopithecus roxellana,XP_030798502.1,4,F,F,match
MUTYH,NP_001121897.1,83,P,Rhinopithecus roxellana,XP_030798502.1,5,R,R,match
MUTYH,NP_001121897.1,83,P,Rhinopithecus roxellana,XP_030798502.1,6,D,D,match
MUTYH,NP_001121897.1,83,P,Rhinopithecus roxellana,XP_030798502.1,7,V,V,match
MUTYH,NP_001121897.1,83,P,Rhinopithecus roxellana,XP_030798502.1,8,A,A,match
MUTYH,NP_001121897.1,83,P,Rhinopithecus roxellana,XP_030798502.1,9,E,E,match
MUTYH,NP_001121897.1,83,P,Rhinopithecus roxellana,XP_030798502.1,10,V,V,match
MUTYH,NP_001121897.1,83,P,Cercocebus atys,XP_011934314.1,-10,E,E,match
MUTYH,NP_001121897.1,83,P,Cercocebus atys,XP_011934314.1,-9,E,E,match
MUTYH,NP_001121897.1,83,P,Cercocebus atys,XP_011934314.1,-8,V,V,match
MUTYH,NP_001121897.1,83,P,Cercocebus atys,XP_011934314.1,-7,V,V,match
MUTYH,NP_001121897.1,83,P,Cercocebus atys,XP_011934314.1,-6,L,L,match
MUTYH,NP_001121897.1,83,P,Cercocebus atys,XP_011934314.1,-5,Q,Q,match
MUTYH,NP_001121897.1,83,P,Cercocebus atys,XP_011934314.1,-4,A,A,match
MUTYH,NP_001121897.1,83,P,Cercocebus atys,XP_011934314.1,-3,S,S,match
MUTYH,NP_001121897.1,83,P,Cercocebus atys,XP_011934314.1,-2,V,V,match
MUTYH,NP_001121897.1,83,P,Cercocebus atys,XP_011934314.1,-1,S,S,match
MUTYH,NP_001121897.1,83,P,Cercocebus atys,XP_011934314.1,0,S,P,CPD
MUTYH,NP_001121897.1,83,P,Cercocebus atys,XP_011934314.1,1,Y,Y,match
MUTYH,NP_001121897.1,83,P,Cercocebus atys,XP_011934314.1,2,H,H,match
MUTYH,NP_001121897.1,83,P,Cercocebus atys,XP_011934314.1,3,L,L,match
MUTYH,NP_001121897.1,83,P,Cercocebus atys,XP_011934314.1,4,F,F,match
MUTYH,NP_001121897.1,83,P,Cercocebus atys,XP_011934314.1,5,R,R,match
MUTYH,NP_001121897.1,83,P,Cercocebus atys,XP_011934314.1,6,D,D,match
MUTYH,NP_001121897.1,83,P,Cercocebus atys,XP_011934314.1,7,V,V,match
MUTYH,NP_001121897.1,83,P,Cercocebus atys,XP_011934314.1,8,A,A,match
MUTYH,NP_001121897.1,83,P,Cercocebus atys,XP_011934314.1,9,E,E,match
MUTYH,NP_001121897.1,83,P,Cercocebus atys,XP_011934314.1,10,V,V,match
MUTYH,NP_001121897.1,83,P,Theropithecus gelada,XP_025239807.2,-10,E,E,match
MUTYH,NP_001121897.1,83,P,Theropithecus gelada,XP_025239807.2,-9,E,E,match
MUTYH,NP_001121897.1,83,P,Theropithecus gelada,XP_025239807.2,-8,V,V,match
MUTYH,NP_001121897.1,83,P,Theropithecus gelada,XP_025239807.2,-7,V,V,match
MUTYH,NP_001121897.1,83,P,Theropithecus gelada,XP_025239807.2,-6,L,L,match
MUTYH,NP_001121897.1,83,P,Theropithecus gelada,XP_025239807.2,-5,Q,Q,match
MUTYH,NP_001121897.1,83,P,Theropithecus gelada,XP_025239807.2,-4,A,A,match
MUTYH,NP_001121897.1,83,P,Theropithecus gelada,XP_025239807.2,-3,S,S,match
MUTYH,NP_001121897.1,83,P,Theropithecus gelada,XP_025239807.2,-2,V,V,match
MUTYH,NP_001121897.1,83,P,Theropithecus gelada,XP_025239807.2,-1,S,S,match
MUTYH,NP_001121897.1,83,P,Theropithecus gelada,XP_025239807.2,0,S,P,CPD
MUTYH,NP_001121897.1,83,P,Theropithecus gelada,XP_025239807.2,1,Y,Y,match
MUTYH,NP_001121897.1,83,P,Theropithecus gelada,XP_025239807.2,2,H,H,match
MUTYH,NP_001121897.1,83,P,Theropithecus gelada,XP_025239807.2,3,L,L,match
MUTYH,NP_001121897.1,83,P,Theropithecus gelada,XP_025239807.2,4,F,F,match
MUTYH,NP_001121897.1,83,P,Theropithecus gelada,XP_025239807.2,5,R,R,match
MUTYH,NP_001121897.1,83,P,Theropithecus gelada,XP_025239807.2,6,D,D,match
MUTYH,NP_001121897.1,83,P,Theropithecus gelada,XP_025239807.2,7,V,V,match
MUTYH,NP_001121897.1,83,P,Theropithecus gelada,XP_025239807.2,8,A,A,match
MUTYH,NP_001121897.1,83,P,Theropithecus gelada,XP_025239807.2,9,E,E,match
MUTYH,NP_001121897.1,83,P,Theropithecus gelada,XP_025239807.2,10,V,V,match
MUTYH,NP_001121897.1,83,P,Mandrillus leucophaeus,XP_011857265.1,-10,E,E,match
MUTYH,NP_001121897.1,83,P,Mandrillus leucophaeus,XP_011857265.1,-9,E,E,match
MUTYH,NP_001121897.1,83,P,Mandrillus leucophaeus,XP_011857265.1,-8,V,V,match
MUTYH,NP_001121897.1,83,P,Mandrillus leucophaeus,XP_011857265.1,-7,V,V,match
MUTYH,NP_001121897.1,83,P,Mandrillus leucophaeus,XP_011857265.1,-6,L,L,match
MUTYH,NP_001121897.1,83,P,Mandrillus leucophaeus,XP_011857265.1,-5,Q,Q,match
MUTYH,NP_001121897.1,83,P,Mandrillus leucophaeus,XP_011857265.1,-4,A,A,match
MUTYH,NP_001121897.1,83,P,Mandrillus leucophaeus,XP_011857265.1,-3,S,S,match
MUTYH,NP_001121897.1,83,P,Mandrillus leucophaeus,XP_011857265.1,-2,V,V,match
MUTYH,NP_001121897.1,83,P,Mandrillus leucophaeus,XP_011857265.1,-1,S,S,match
MUTYH,NP_001121897.1,83,P,Mandrillus leucophaeus,XP_011857265.1,0,S,P,CPD
MUTYH,NP_001121897.1,83,P,Mandrillus leucophaeus,XP_011857265.1,1,Y,Y,match
MUTYH,NP_001121897.1,83,P,Mandrillus leucophaeus,XP_011857265.1,2,H,H,match
MUTYH,NP_001121897.1,83,P,Mandrillus leucophaeus,XP_011857265.1,3,L,L,match
MUTYH,NP_001121897.1,83,P,Mandrillus leucophaeus,XP_011857265.1,4,F,F,match
MUTYH,NP_001121897.1,83,P,Mandrillus leucophaeus,XP_011857265.1,5,R,R,match
MUTYH,NP_001121897.1,83,P,Mandrillus leucophaeus,XP_011857265.1,6,D,D,match
MUTYH,NP_001121897.1,83,P,Mandrillus leucophaeus,XP_011857265.1,7,V,V,match
MUTYH,NP_001121897.1,83,P,Mandrillus leucophaeus,XP_011857265.1,8,A,A,match
MUTYH,NP_001121897.1,83,P,Mandrillus leucophaeus,XP_011857265.1,9,E,E,match
MUTYH,NP_001121897.1,83,P,Mandrillus leucophaeus,XP_011857265.1,10,V,V,match
MUTYH,NP_001121897.1,83,P,Papio anubis,XP_021796660.2,-10,E,E,match
MUTYH,NP_001121897.1,83,P,Papio anubis,XP_021796660.2,-9,E,E,match
MUTYH,NP_001121897.1,83,P,Papio anubis,XP_021796660.2,-8,V,V,match
MUTYH,NP_001121897.1,83,P,Papio anubis,XP_021796660.2,-7,V,V,match
MUTYH,NP_001121897.1,83,P,Papio anubis,XP_021796660.2,-6,L,L,match
MUTYH,NP_001121897.1,83,P,Papio anubis,XP_021796660.2,-5,Q,Q,match
MUTYH,NP_001121897.1,83,P,Papio anubis,XP_021796660.2,-4,A,A,match
MUTYH,NP_001121897.1,83,P,Papio anubis,XP_021796660.2,-3,S,S,match
MUTYH,NP_001121897.1,83,P,Papio anubis,XP_021796660.2,-2,V,V,match
MUTYH,NP_001121897.1,83,P,Papio anubis,XP_021796660.2,-1,S,S,match
MUTYH,NP_001121897.1,83,P,Papio anubis,XP_021796660.2,0,S,P,CPD
MUTYH,NP_001121897.1,83,P,Papio anubis,XP_021796660.2,1,Y,Y,match
MUTYH,NP_001121897.1,83,P,Papio anubis,XP_021796660.2,2,H,H,match
MUTYH,NP_001121897.1,83,P,Papio anubis,XP_021796660.2,3,L,L,match
MUTYH,NP_001121897.1,83,P,Papio anubis,XP_021796660.2,4,F,F,match
MUTYH,NP_001121897.1,83,P,Papio anubis,XP_021796660.2,5,R,R,match
MUTYH,NP_001121897.1,83,P,Papio anubis,XP_021796660.2,6,D,D,match
MUTYH,NP_001121897.1,83,P,Papio anubis,XP_021796660.2,7,V,V,match
MUTYH,NP_001121897.1,83,P,Papio anubis,XP_021796660.2,8,A,A,match
MUTYH,NP_001121897.1,83,P,Papio anubis,XP_021796660.2,9,E,E,match
MUTYH,NP_001121897.1,83,P,Papio anubis,XP_021796660.2,10,V,V,match
MUTYH,NP_001121897.1,83,P,Macaca fascicularis,XP_015307246.2,-10,E,E,match
MUTYH,NP_001121897.1,83,P,Macaca fascicularis,XP_015307246.2,-9,E,E,match
MUTYH,NP_001121897.1,83,P,Macaca fascicularis,XP_015307246.2,-8,V,V,match
MUTYH,NP_001121897.1,83,P,Macaca fascicularis,XP_015307246.2,-7,V,V,match
MUTYH,NP_001121897.1,83,P,Macaca fascicularis,XP_015307246.2,-6,L,L,match
MUTYH,NP_001121897.1,83,P,Macaca fascicularis,XP_015307246.2,-5,Q,Q,match
MUTYH,NP_001121897.1,83,P,Macaca fascicularis,XP_015307246.2,-4,A,A,match
MUTYH,NP_001121897.1,83,P,Macaca fascicularis,XP_015307246.2,-3,S,S,match
MUTYH,NP_001121897.1,83,P,Macaca fascicularis,XP_015307246.2,-2,V,V,match
MUTYH,NP_001121897.1,83,P,Macaca fascicularis,XP_015307246.2,-1,S,S,match
MUTYH,NP_001121897.1,83,P,Macaca fascicularis,XP_015307246.2,0,S,P,CPD
MUTYH,NP_001121897.1,83,P,Macaca fascicularis,XP_015307246.2,1,Y,Y,match
MUTYH,NP_001121897.1,83,P,Macaca fascicularis,XP_015307246.2,2,H,H,match
MUTYH,NP_001121897.1,83,P,Macaca fascicularis,XP_015307246.2,3,L,L,match
MUTYH,NP_001121897.1,83,P,Macaca fascicularis,XP_015307246.2,4,F,F,match
MUTYH,NP_001121897.1,83,P,Macaca fascicularis,XP_015307246.2,5,R,R,match
MUTYH,NP_001121897.1,83,P,Macaca fascicularis,XP_015307246.2,6,D,D,match
MUTYH,NP_001121897.1,83,P,Macaca fascicularis,XP_015307246.2,7,V,V,match
MUTYH,NP_001121897.1,83,P,Macaca fascicularis,XP_015307246.2,8,A,A,match
MUTYH,NP_001121897.1,83,P,Macaca fascicularis,XP_015307246.2,9,E,E,match
MUTYH,NP_001121897.1,83,P,Macaca fascicularis,XP_015307246.2,10,V,V,match
MUTYH,NP_001121897.1,83,P,Macaca mulatta,XP_077815200.1,-10,E,E,match
MUTYH,NP_001121897.1,83,P,Macaca mulatta,XP_077815200.1,-9,E,E,match
MUTYH,NP_001121897.1,83,P,Macaca mulatta,XP_077815200.1,-8,V,V,match
MUTYH,NP_001121897.1,83,P,Macaca mulatta,XP_077815200.1,-7,V,V,match
MUTYH,NP_001121897.1,83,P,Macaca mulatta,XP_077815200.1,-6,L,L,match
MUTYH,NP_001121897.1,83,P,Macaca mulatta,XP_077815200.1,-5,Q,Q,match
MUTYH,NP_001121897.1,83,P,Macaca mulatta,XP_077815200.1,-4,A,A,match
MUTYH,NP_001121897.1,83,P,Macaca mulatta,XP_077815200.1,-3,S,S,match
MUTYH,NP_001121897.1,83,P,Macaca mulatta,XP_077815200.1,-2,V,V,match
MUTYH,NP_001121897.1,83,P,Macaca mulatta,XP_077815200.1,-1,S,S,match
MUTYH,NP_001121897.1,83,P,Macaca mulatta,XP_077815200.1,0,S,P,CPD
MUTYH,NP_001121897.1,83,P,Macaca mulatta,XP_077815200.1,1,Y,Y,match
MUTYH,NP_001121897.1,83,P,Macaca mulatta,XP_077815200.1,2,H,H,match
MUTYH,NP_001121897.1,83,P,Macaca mulatta,XP_077815200.1,3,L,L,match
MUTYH,NP_001121897.1,83,P,Macaca mulatta,XP_077815200.1,4,F,F,match
MUTYH,NP_001121897.1,83,P,Macaca mulatta,XP_077815200.1,5,R,R,match
MUTYH,NP_001121897.1,83,P,Macaca mulatta,XP_077815200.1,6,D,D,match
MUTYH,NP_001121897.1,83,P,Macaca mulatta,XP_077815200.1,7,V,I,different
MUTYH,NP_001121897.1,83,P,Macaca mulatta,XP_077815200.1,8,A,A,match
MUTYH,NP_001121897.1,83,P,Macaca mulatta,XP_077815200.1,9,E,E,match
MUTYH,NP_001121897.1,83,P,Macaca mulatta,XP_077815200.1,10,V,V,match
MUTYH,NP_001121897.1,83,P,Macaca nemestrina,XP_011762285.2,-10,E,E,match
MUTYH,NP_001121897.1,83,P,Macaca nemestrina,XP_011762285.2,-9,E,E,match
MUTYH,NP_001121897.1,83,P,Macaca nemestrina,XP_011762285.2,-8,V,V,match
MUTYH,NP_001121897.1,83,P,Macaca nemestrina,XP_011762285.2,-7,V,V,match
MUTYH,NP_001121897.1,83,P,Macaca nemestrina,XP_011762285.2,-6,L,L,match
MUTYH,NP_001121897.1,83,P,Macaca nemestrina,XP_011762285.2,-5,Q,Q,match
MUTYH,NP_001121897.1,83,P,Macaca nemestrina,XP_011762285.2,-4,A,A,match
MUTYH,NP_001121897.1,83,P,Macaca nemestrina,XP_011762285.2,-3,S,S,match
MUTYH,NP_001121897.1,83,P,Macaca nemestrina,XP_011762285.2,-2,V,V,match
MUTYH,NP_001121897.1,83,P,Macaca nemestrina,XP_011762285.2,-1,S,S,match
MUTYH,NP_001121897.1,83,P,Macaca nemestrina,XP_011762285.2,0,S,P,CPD
MUTYH,NP_001121897.1,83,P,Macaca nemestrina,XP_011762285.2,1,Y,Y,match
MUTYH,NP_001121897.1,83,P,Macaca nemestrina,XP_011762285.2,2,H,H,match
MUTYH,NP_001121897.1,83,P,Macaca nemestrina,XP_011762285.2,3,L,L,match
MUTYH,NP_001121897.1,83,P,Macaca nemestrina,XP_011762285.2,4,F,F,match
MUTYH,NP_001121897.1,83,P,Macaca nemestrina,XP_011762285.2,5,R,R,match
MUTYH,NP_001121897.1,83,P,Macaca nemestrina,XP_011762285.2,6,D,D,match
MUTYH,NP_001121897.1,83,P,Macaca nemestrina,XP_011762285.2,7,V,V,match
MUTYH,NP_001121897.1,83,P,Macaca nemestrina,XP_011762285.2,8,A,A,match
MUTYH,NP_001121897.1,83,P,Macaca nemestrina,XP_011762285.2,9,E,E,match
MUTYH,NP_001121897.1,83,P,Macaca nemestrina,XP_011762285.2,10,V,V,match
MUTYH,NP_001121897.1,83,P,Macaca thibetana thibetana,XP_050654871.1,-10,E,E,match
MUTYH,NP_001121897.1,83,P,Macaca thibetana thibetana,XP_050654871.1,-9,E,E,match
MUTYH,NP_001121897.1,83,P,Macaca thibetana thibetana,XP_050654871.1,-8,V,V,match
MUTYH,NP_001121897.1,83,P,Macaca thibetana thibetana,XP_050654871.1,-7,V,V,match
MUTYH,NP_001121897.1,83,P,Macaca thibetana thibetana,XP_050654871.1,-6,L,L,match
MUTYH,NP_001121897.1,83,P,Macaca thibetana thibetana,XP_050654871.1,-5,Q,Q,match
MUTYH,NP_001121897.1,83,P,Macaca thibetana thibetana,XP_050654871.1,-4,A,A,match
MUTYH,NP_001121897.1,83,P,Macaca thibetana thibetana,XP_050654871.1,-3,S,S,match
MUTYH,NP_001121897.1,83,P,Macaca thibetana thibetana,XP_050654871.1,-2,V,V,match
MUTYH,NP_001121897.1,83,P,Macaca thibetana thibetana,XP_050654871.1,-1,S,S,match
MUTYH,NP_001121897.1,83,P,Macaca thibetana thibetana,XP_050654871.1,0,S,P,CPD
MUTYH,NP_001121897.1,83,P,Macaca thibetana thibetana,XP_050654871.1,1,Y,Y,match
MUTYH,NP_001121897.1,83,P,Macaca thibetana thibetana,XP_050654871.1,2,H,H,match
MUTYH,NP_001121897.1,83,P,Macaca thibetana thibetana,XP_050654871.1,3,L,L,match
MUTYH,NP_001121897.1,83,P,Macaca thibetana thibetana,XP_050654871.1,4,F,F,match
MUTYH,NP_001121897.1,83,P,Macaca thibetana thibetana,XP_050654871.1,5,R,R,match
MUTYH,NP_001121897.1,83,P,Macaca thibetana thibetana,XP_050654871.1,6,D,D,match
MUTYH,NP_001121897.1,83,P,Macaca thibetana thibetana,XP_050654871.1,7,V,V,match
MUTYH,NP_001121897.1,83,P,Macaca thibetana thibetana,XP_050654871.1,8,A,A,match
MUTYH,NP_001121897.1,83,P,Macaca thibetana thibetana,XP_050654871.1,9,E,E,match
MUTYH,NP_001121897.1,83,P,Macaca thibetana thibetana,XP_050654871.1,10,V,V,match
MUTYH,NP_001121897.1,83,P,Callithrix jacchus,XP_008999371.3,-10,E,E,match
MUTYH,NP_001121897.1,83,P,Callithrix jacchus,XP_008999371.3,-9,E,E,match
MUTYH,NP_001121897.1,83,P,Callithrix jacchus,XP_008999371.3,-8,V,V,match
MUTYH,NP_001121897.1,83,P,Callithrix jacchus,XP_008999371.3,-7,V,V,match
MUTYH,NP_001121897.1,83,P,Callithrix jacchus,XP_008999371.3,-6,L,L,match
MUTYH,NP_001121897.1,83,P,Callithrix jacchus,XP_008999371.3,-5,Q,Q,match
MUTYH,NP_001121897.1,83,P,Callithrix jacchus,XP_008999371.3,-4,A,A,match
MUTYH,NP_001121897.1,83,P,Callithrix jacchus,XP_008999371.3,-3,S,S,match
MUTYH,NP_001121897.1,83,P,Callithrix jacchus,XP_008999371.3,-2,V,V,match
MUTYH,NP_001121897.1,83,P,Callithrix jacchus,XP_008999371.3,-1,S,S,match
MUTYH,NP_001121897.1,83,P,Callithrix jacchus,XP_008999371.3,0,S,P,CPD
MUTYH,NP_001121897.1,83,P,Callithrix jacchus,XP_008999371.3,1,Y,Y,match
MUTYH,NP_001121897.1,83,P,Callithrix jacchus,XP_008999371.3,2,H,H,match
MUTYH,NP_001121897.1,83,P,Callithrix jacchus,XP_008999371.3,3,L,L,match
MUTYH,NP_001121897.1,83,P,Callithrix jacchus,XP_008999371.3,4,F,F,match
MUTYH,NP_001121897.1,83,P,Callithrix jacchus,XP_008999371.3,5,R,R,match
MUTYH,NP_001121897.1,83,P,Callithrix jacchus,XP_008999371.3,6,D,D,match
MUTYH,NP_001121897.1,83,P,Callithrix jacchus,XP_008999371.3,7,V,I,different
MUTYH,NP_001121897.1,83,P,Callithrix jacchus,XP_008999371.3,8,A,A,match
MUTYH,NP_001121897.1,83,P,Callithrix jacchus,XP_008999371.3,9,E,E,match
MUTYH,NP_001121897.1,83,P,Callithrix jacchus,XP_008999371.3,10,V,V,match
MUTYH,NP_001121897.1,83,P,Aotus nancymaae,XP_012290157.1,-10,E,E,match
MUTYH,NP_001121897.1,83,P,Aotus nancymaae,XP_012290157.1,-9,E,E,match
MUTYH,NP_001121897.1,83,P,Aotus nancymaae,XP_012290157.1,-8,V,V,match
MUTYH,NP_001121897.1,83,P,Aotus nancymaae,XP_012290157.1,-7,V,V,match
MUTYH,NP_001121897.1,83,P,Aotus nancymaae,XP_012290157.1,-6,L,L,match
MUTYH,NP_001121897.1,83,P,Aotus nancymaae,XP_012290157.1,-5,Q,Q,match
MUTYH,NP_001121897.1,83,P,Aotus nancymaae,XP_012290157.1,-4,A,A,match
MUTYH,NP_001121897.1,83,P,Aotus nancymaae,XP_012290157.1,-3,S,S,match
MUTYH,NP_001121897.1,83,P,Aotus nancymaae,XP_012290157.1,-2,V,V,match
MUTYH,NP_001121897.1,83,P,Aotus nancymaae,XP_012290157.1,-1,S,S,match
MUTYH,NP_001121897.1,83,P,Aotus nancymaae,XP_012290157.1,0,S,P,CPD
MUTYH,NP_001121897.1,83,P,Aotus nancymaae,XP_012290157.1,1,Y,Y,match
MUTYH,NP_001121897.1,83,P,Aotus nancymaae,XP_012290157.1,2,H,H,match
MUTYH,NP_001121897.1,83,P,Aotus nancymaae,XP_012290157.1,3,L,L,match
MUTYH,NP_001121897.1,83,P,Aotus nancymaae,XP_012290157.1,4,F,F,match
MUTYH,NP_001121897.1,83,P,Aotus nancymaae,XP_012290157.1,5,R,R,match
MUTYH,NP_001121897.1,83,P,Aotus nancymaae,XP_012290157.1,6,D,D,match
MUTYH,NP_001121897.1,83,P,Aotus nancymaae,XP_012290157.1,7,V,I,different
MUTYH,NP_001121897.1,83,P,Aotus nancymaae,XP_012290157.1,8,A,A,match
MUTYH,NP_001121897.1,83,P,Aotus nancymaae,XP_012290157.1,9,E,E,match
MUTYH,NP_001121897.1,83,P,Aotus nancymaae,XP_012290157.1,10,V,V,match
MUTYH,NP_001121897.1,83,P,Sapajus apella,XP_032103279.1,-10,E,E,match
MUTYH,NP_001121897.1,83,P,Sapajus apella,XP_032103279.1,-9,E,E,match
MUTYH,NP_001121897.1,83,P,Sapajus apella,XP_032103279.1,-8,V,V,match
MUTYH,NP_001121897.1,83,P,Sapajus apella,XP_032103279.1,-7,V,V,match
MUTYH,NP_001121897.1,83,P,Sapajus apella,XP_032103279.1,-6,L,L,match
MUTYH,NP_001121897.1,83,P,Sapajus apella,XP_032103279.1,-5,Q,Q,match
MUTYH,NP_001121897.1,83,P,Sapajus apella,XP_032103279.1,-4,A,A,match
MUTYH,NP_001121897.1,83,P,Sapajus apella,XP_032103279.1,-3,S,S,match
MUTYH,NP_001121897.1,83,P,Sapajus apella,XP_032103279.1,-2,V,V,match
MUTYH,NP_001121897.1,83,P,Sapajus apella,XP_032103279.1,-1,S,S,match
MUTYH,NP_001121897.1,83,P,Sapajus apella,XP_032103279.1,0,S,P,CPD
MUTYH,NP_001121897.1,83,P,Sapajus apella,XP_032103279.1,1,Y,Y,match
MUTYH,NP_001121897.1,83,P,Sapajus apella,XP_032103279.1,2,H,H,match
MUTYH,NP_001121897.1,83,P,Sapajus apella,XP_032103279.1,3,L,L,match
MUTYH,NP_001121897.1,83,P,Sapajus apella,XP_032103279.1,4,F,F,match
MUTYH,NP_001121897.1,83,P,Sapajus apella,XP_032103279.1,5,R,R,match
MUTYH,NP_001121897.1,83,P,Sapajus apella,XP_032103279.1,6,D,D,match
MUTYH,NP_001121897.1,83,P,Sapajus apella,XP_032103279.1,7,V,I,different
MUTYH,NP_001121897.1,83,P,Sapajus apella,XP_032103279.1,8,A,A,match
MUTYH,NP_001121897.1,83,P,Sapajus apella,XP_032103279.1,9,E,E,match
MUTYH,NP_001121897.1,83,P,Sapajus apella,XP_032103279.1,10,V,V,match
MUTYH,NP_001121897.1,83,P,Cebus imitator,XP_017396312.1,-10,E,E,match
MUTYH,NP_001121897.1,83,P,Cebus imitator,XP_017396312.1,-9,E,E,match
MUTYH,NP_001121897.1,83,P,Cebus imitator,XP_017396312.1,-8,V,V,match
MUTYH,NP_001121897.1,83,P,Cebus imitator,XP_017396312.1,-7,V,V,match
MUTYH,NP_001121897.1,83,P,Cebus imitator,XP_017396312.1,-6,L,L,match
MUTYH,NP_001121897.1,83,P,Cebus imitator,XP_017396312.1,-5,Q,Q,match
MUTYH,NP_001121897.1,83,P,Cebus imitator,XP_017396312.1,-4,A,A,match
MUTYH,NP_001121897.1,83,P,Cebus imitator,XP_017396312.1,-3,S,S,match
MUTYH,NP_001121897.1,83,P,Cebus imitator,XP_017396312.1,-2,V,V,match
MUTYH,NP_001121897.1,83,P,Cebus imitator,XP_017396312.1,-1,S,S,match
MUTYH,NP_001121897.1,83,P,Cebus imitator,XP_017396312.1,0,S,P,CPD
MUTYH,NP_001121897.1,83,P,Cebus imitator,XP_017396312.1,1,Y,Y,match
MUTYH,NP_001121897.1,83,P,Cebus imitator,XP_017396312.1,2,H,H,match
MUTYH,NP_001121897.1,83,P,Cebus imitator,XP_017396312.1,3,L,Q,different
MUTYH,NP_001121897.1,83,P,Cebus imitator,XP_017396312.1,4,F,F,match
MUTYH,NP_001121897.1,83,P,Cebus imitator,XP_017396312.1,5,R,R,match
MUTYH,NP_001121897.1,83,P,Cebus imitator,XP_017396312.1,6,D,D,match
MUTYH,NP_001121897.1,83,P,Cebus imitator,XP_017396312.1,7,V,I,different
MUTYH,NP_001121897.1,83,P,Cebus imitator,XP_017396312.1,8,A,A,match
MUTYH,NP_001121897.1,83,P,Cebus imitator,XP_017396312.1,9,E,E,match
MUTYH,NP_001121897.1,83,P,Cebus imitator,XP_017396312.1,10,V,V,match
NAGLU,NP_000254.2,35,P,Mandrillus leucophaeus,XP_011854414.1,-10,E,R,different
NAGLU,NP_000254.2,35,P,Mandrillus leucophaeus,XP_011854414.1,-9,A,L,different
NAGLU,NP_000254.2,35,P,Mandrillus leucophaeus,XP_011854414.1,-8,R,L,different
NAGLU,NP_000254.2,35,P,Mandrillus leucophaeus,XP_011854414.1,-7,E,P,different
NAGLU,NP_000254.2,35,P,Mandrillus leucophaeus,XP_011854414.1,-6,A,S,different
NAGLU,NP_000254.2,35,P,Mandrillus leucophaeus,XP_011854414.1,-5,A,S,different
NAGLU,NP_000254.2,35,P,Mandrillus leucophaeus,XP_011854414.1,-4,A,A,match
NAGLU,NP_000254.2,35,P,Mandrillus leucophaeus,XP_011854414.1,-3,V,P,different
NAGLU,NP_000254.2,35,P,Mandrillus leucophaeus,XP_011854414.1,-2,R,Q,different
NAGLU,NP_000254.2,35,P,Mandrillus leucophaeus,XP_011854414.1,-1,A,C,different
NAGLU,NP_000254.2,35,P,Mandrillus leucophaeus,XP_011854414.1,0,L,P,CPD
NAGLU,NP_000254.2,35,P,Mandrillus leucophaeus,XP_011854414.1,1,V,L,different
NAGLU,NP_000254.2,35,P,Mandrillus leucophaeus,XP_011854414.1,2,A,L,different
NAGLU,NP_000254.2,35,P,Mandrillus leucophaeus,XP_011854414.1,3,-,-,gap
NAGLU,NP_000254.2,35,P,Mandrillus leucophaeus,XP_011854414.1,4,-,-,gap
NAGLU,NP_000254.2,35,P,Mandrillus leucophaeus,XP_011854414.1,5,-,-,gap
NAGLU,NP_000254.2,35,P,Mandrillus leucophaeus,XP_011854414.1,6,-,-,gap
NAGLU,NP_000254.2,35,P,Mandrillus leucophaeus,XP_011854414.1,7,R,T,different
NAGLU,NP_000254.2,35,P,Mandrillus leucophaeus,XP_011854414.1,8,L,T,different
NAGLU,NP_000254.2,35,P,Mandrillus leucophaeus,XP_011854414.1,9,L,L,match
NAGLU,NP_000254.2,35,P,Mandrillus leucophaeus,XP_011854414.1,10,G,A,different
NAGLU,NP_000254.2,309,F,Pongo pygmaeus,XP_054313588.1,-10,L,L,match
NAGLU,NP_000254.2,309,F,Pongo pygmaeus,XP_054313588.1,-9,I,I,match
NAGLU,NP_000254.2,309,F,Pongo pygmaeus,XP_054313588.1,-8,K,K,match
NAGLU,NP_000254.2,309,F,Pongo pygmaeus,XP_054313588.1,-7,E,E,match
NAGLU,NP_000254.2,309,F,Pongo pygmaeus,XP_054313588.1,-6,F,F,match
NAGLU,NP_000254.2,309,F,Pongo pygmaeus,XP_054313588.1,-5,G,G,match
NAGLU,NP_000254.2,309,F,Pongo pygmaeus,XP_054313588.1,-4,T,T,match
NAGLU,NP_000254.2,309,F,Pongo pygmaeus,XP_054313588.1,-3,D,D,match
NAGLU,NP_000254.2,309,F,Pongo pygmaeus,XP_054313588.1,-2,H,H,match
NAGLU,NP_000254.2,309,F,Pongo pygmaeus,XP_054313588.1,-1,I,I,match
NAGLU,NP_000254.2,309,F,Pongo pygmaeus,XP_054313588.1,0,Y,F,CPD
NAGLU,NP_000254.2,309,F,Pongo pygmaeus,XP_054313588.1,1,G,G,match
NAGLU,NP_000254.2,309,F,Pongo pygmaeus,XP_054313588.1,2,A,A,match
NAGLU,NP_000254.2,309,F,Pongo pygmaeus,XP_054313588.1,3,D,D,match
NAGLU,NP_000254.2,309,F,Pongo pygmaeus,XP_054313588.1,4,T,T,match
NAGLU,NP_000254.2,309,F,Pongo pygmaeus,XP_054313588.1,5,F,F,match
NAGLU,NP_000254.2,309,F,Pongo pygmaeus,XP_054313588.1,6,N,N,match
NAGLU,NP_000254.2,309,F,Pongo pygmaeus,XP_054313588.1,7,E,E,match
NAGLU,NP_000254.2,309,F,Pongo pygmaeus,XP_054313588.1,8,M,M,match
NAGLU,NP_000254.2,309,F,Pongo pygmaeus,XP_054313588.1,9,Q,Q,match
NAGLU,NP_000254.2,309,F,Pongo pygmaeus,XP_054313588.1,10,P,P,match
NAGLU,NP_000254.2,309,F,Pongo abelii,XP_002827555.2,-10,L,L,match
NAGLU,NP_000254.2,309,F,Pongo abelii,XP_002827555.2,-9,I,I,match
NAGLU,NP_000254.2,309,F,Pongo abelii,XP_002827555.2,-8,K,K,match
NAGLU,NP_000254.2,309,F,Pongo abelii,XP_002827555.2,-7,E,E,match
NAGLU,NP_000254.2,309,F,Pongo abelii,XP_002827555.2,-6,F,F,match
NAGLU,NP_000254.2,309,F,Pongo abelii,XP_002827555.2,-5,G,G,match
NAGLU,NP_000254.2,309,F,Pongo abelii,XP_002827555.2,-4,T,T,match
NAGLU,NP_000254.2,309,F,Pongo abelii,XP_002827555.2,-3,D,D,match
NAGLU,NP_000254.2,309,F,Pongo abelii,XP_002827555.2,-2,H,H,match
NAGLU,NP_000254.2,309,F,Pongo abelii,XP_002827555.2,-1,I,I,match
NAGLU,NP_000254.2,309,F,Pongo abelii,XP_002827555.2,0,Y,F,CPD
NAGLU,NP_000254.2,309,F,Pongo abelii,XP_002827555.2,1,G,G,match
NAGLU,NP_000254.2,309,F,Pongo abelii,XP_002827555.2,2,A,A,match
NAGLU,NP_000254.2,309,F,Pongo abelii,XP_002827555.2,3,D,D,match
NAGLU,NP_000254.2,309,F,Pongo abelii,XP_002827555.2,4,T,T,match
NAGLU,NP_000254.2,309,F,Pongo abelii,XP_002827555.2,5,F,F,match
NAGLU,NP_000254.2,309,F,Pongo abelii,XP_002827555.2,6,N,N,match
NAGLU,NP_000254.2,309,F,Pongo abelii,XP_002827555.2,7,E,E,match
NAGLU,NP_000254.2,309,F,Pongo abelii,XP_002827555.2,8,M,M,match
NAGLU,NP_000254.2,309,F,Pongo abelii,XP_002827555.2,9,Q,Q,match
NAGLU,NP_000254.2,309,F,Pongo abelii,XP_002827555.2,10,P,P,match
NAGLU,NP_000254.2,1,L,Mandrillus leucophaeus,XP_011854414.1,-10,,,outside
NAGLU,NP_000254.2,1,L,Mandrillus leucophaeus,XP_011854414.1,-9,-,M,gap
NAGLU,NP_000254.2,1,L,Mandrillus leucophaeus,XP_011854414.1,-8,-,C,gap
NAGLU,NP_000254.2,1,L,Mandrillus leucophaeus,XP_011854414.1,-7,-,P,gap
NAGLU,NP_000254.2,1,L,Mandrillus leucophaeus,XP_011854414.1,-6,-,M,gap
NAGLU,NP_000254.2,1,L,Mandrillus leucophaeus,XP_011854414.1,-5,-,L,gap
NAGLU,NP_000254.2,1,L,Mandrillus leucophaeus,XP_011854414.1,-4,-,P,gap
NAGLU,NP_000254.2,1,L,Mandrillus leucophaeus,XP_011854414.1,-3,-,S,gap
NAGLU,NP_000254.2,1,L,Mandrillus leucophaeus,XP_011854414.1,-2,-,P,gap
NAGLU,NP_000254.2,1,L,Mandrillus leucophaeus,XP_011854414.1,-1,-,P,gap
NAGLU,NP_000254.2,1,L,Mandrillus leucophaeus,XP_011854414.1,0,M,L,CPD
NAGLU,NP_000254.2,1,L,Mandrillus leucophaeus,XP_011854414.1,1,E,S,different
NAGLU,NP_000254.2,1,L,Mandrillus leucophaeus,XP_011854414.1,2,A,T,different
NAGLU,NP_000254.2,1,L,Mandrillus leucophaeus,XP_011854414.1,3,V,V,match
NAGLU,NP_000254.2,1,L,Mandrillus leucophaeus,XP_011854414.1,4,A,I,different
NAGLU,NP_000254.2,1,L,Mandrillus leucophaeus,XP_011854414.1,5,V,S,different
NAGLU,NP_000254.2,1,L,Mandrillus leucophaeus,XP_011854414.1,6,A,C,different
NAGLU,NP_000254.2,1,L,Mandrillus leucophaeus,XP_011854414.1,7,A,A,match
NAGLU,NP_000254.2,1,L,Mandrillus leucophaeus,XP_011854414.1,8,A,S,different
NAGLU,NP_000254.2,1,L,Mandrillus leucophaeus,XP_011854414.1,9,V,L,different
NAGLU,NP_000254.2,1,L,Mandrillus leucophaeus,XP_011854414.1,10,G,P,different
NPC1,NP_000262.2,372,W,Pan troglodytes,XP_024206757.2,-10,T,T,match
NPC1,NP_000262.2,372,W,Pan troglodytes,XP_024206757.2,-9,A,A,match
NPC1,NP_000262.2,372,W,Pan troglodytes,XP_024206757.2,-8,C,C,match
NPC1,NP_000262.2,372,W,Pan troglodytes,XP_024206757.2,-7,S,S,match
NPC1,NP_000262.2,372,W,Pan troglodytes,XP_024206757.2,-6,S,S,match
NPC1,NP_000262.2,372,W,Pan troglodytes,XP_024206757.2,-5,G,G,match
NPC1,NP_000262.2,372,W,Pan troglodytes,XP_024206757.2,-4,L,L,match
NPC1,NP_000262.2,372,W,Pan troglodytes,XP_024206757.2,-3,V,V,match
NPC1,NP_000262.2,372,W,Pan troglodytes,XP_024206757.2,-2,F,F,match
NPC1,NP_000262.2,372,W,Pan troglodytes,XP_024206757.2,-1,V,V,match
NPC1,NP_000262.2,372,W,Pan troglodytes,XP_024206757.2,0,R,W,CPD
NPC1,NP_000262.2,372,W,Pan troglodytes,XP_024206757.2,1,V,V,match
NPC1,NP_000262.2,372,W,Pan troglodytes,XP_024206757.2,2,T,T,match
NPC1,NP_000262.2,372,W,Pan troglodytes,XP_024206757.2,3,T,T,match
NPC1,NP_000262.2,372,W,Pan troglodytes,XP_024206757.2,4,N,N,match
NPC1,NP_000262.2,372,W,Pan troglodytes,XP_024206757.2,5,P,P,match
NPC1,NP_000262.2,372,W,Pan troglodytes,XP_024206757.2,6,V,V,match
NPC1,NP_000262.2,372,W,Pan troglodytes,XP_024206757.2,7,D,D,match
NPC1,NP_000262.2,372,W,Pan troglodytes,XP_024206757.2,8,L,L,match
NPC1,NP_000262.2,372,W,Pan troglodytes,XP_024206757.2,9,W,W,match
NPC1,NP_000262.2,372,W,Pan troglodytes,XP_024206757.2,10,S,S,match
NPC1,NP_000262.2,167,L,Propithecus coquereli,XP_012518129.1,-10,Y,Y,match
NPC1,NP_000262.2,167,L,Propithecus coquereli,XP_012518129.1,-9,N,N,match
NPC1,NP_000262.2,167,L,Propithecus coquereli,XP_012518129.1,-8,A,A,match
NPC1,NP_000262.2,167,L,Propithecus coquereli,XP_012518129.1,-7,C,C,match
NPC1,NP_000262.2,167,L,Propithecus coquereli,XP_012518129.1,-6,R,R,match
NPC1,NP_000262.2,167,L,Propithecus coquereli,XP_012518129.1,-5,D,D,match
NPC1,NP_000262.2,167,L,Propithecus coquereli,XP_012518129.1,-4,V,V,match
NPC1,NP_000262.2,167,L,Propithecus coquereli,XP_012518129.1,-3,E,E,match
NPC1,NP_000262.2,167,L,Propithecus coquereli,XP_012518129.1,-2,A,A,match
NPC1,NP_000262.2,167,L,Propithecus coquereli,XP_012518129.1,-1,P,P,match
NPC1,NP_000262.2,167,L,Propithecus coquereli,XP_012518129.1,0,S,L,CPD
NPC1,NP_000262.2,167,L,Propithecus coquereli,XP_012518129.1,1,S,S,match
NPC1,NP_000262.2,167,L,Propithecus coquereli,XP_012518129.1,2,N,N,match
NPC1,NP_000262.2,167,L,Propithecus coquereli,XP_012518129.1,3,D,D,match
NPC1,NP_000262.2,167,L,Propithecus coquereli,XP_012518129.1,4,K,K,match
NPC1,NP_000262.2,167,L,Propithecus coquereli,XP_012518129.1,5,A,A,match
NPC1,NP_000262.2,167,L,Propithecus coquereli,XP_012518129.1,6,L,L,match
NPC1,NP_000262.2,167,L,Propithecus coquereli,XP_012518129.1,7,G,G,match
NPC1,NP_000262.2,167,L,Propithecus coquereli,XP_012518129.1,8,L,L,match
NPC1,NP_000262.2,167,L,Propithecus coquereli,XP_012518129.1,9,L,L,match
NPC1,NP_000262.2,167,L,Propithecus coquereli,XP_012518129.1,10,C,C,match
OCA2,NP_000266.2,780,S,Propithecus coquereli,XP_012503455.1,-10,Y,L,different
OCA2,NP_000266.2,780,S,Propithecus coquereli,XP_012503455.1,-9,A,S,different
OCA2,NP_000266.2,780,S,Propithecus coquereli,XP_012503455.1,-8,L,L,match
OCA2,NP_000266.2,780,S,Propithecus coquereli,XP_012503455.1,-7,A,A,match
OCA2,NP_000266.2,780,S,Propithecus coquereli,XP_012503455.1,-6,F,L,different
OCA2,NP_000266.2,780,S,Propithecus coquereli,XP_012503455.1,-5,G,G,match
OCA2,NP_000266.2,780,S,Propithecus coquereli,XP_012503455.1,-4,A,A,match
OCA2,NP_000266.2,780,S,Propithecus coquereli,XP_012503455.1,-3,C,C,match
OCA2,NP_000266.2,780,S,Propithecus coquereli,XP_012503455.1,-2,L,L,match
OCA2,NP_000266.2,780,S,Propithecus coquereli,XP_012503455.1,-1,G,Q,different
OCA2,NP_000266.2,780,S,Propithecus coquereli,XP_012503455.1,0,G,S,CPD
OCA2,NP_000266.2,780,S,Propithecus coquereli,XP_012503455.1,1,N,N,match
OCA2,NP_000266.2,780,S,Propithecus coquereli,XP_012503455.1,2,G,G,match
OCA2,NP_000266.2,780,S,Propithecus coquereli,XP_012503455.1,3,T,T,match
OCA2,NP_000266.2,780,S,Propithecus coquereli,XP_012503455.1,4,L,L,match
OCA2,NP_000266.2,780,S,Propithecus coquereli,XP_012503455.1,5,I,I,match
OCA2,NP_000266.2,780,S,Propithecus coquereli,XP_012503455.1,6,G,G,match
OCA2,NP_000266.2,780,S,Propithecus coquereli,XP_012503455.1,7,A,A,match
OCA2,NP_000266.2,780,S,Propithecus coquereli,XP_012503455.1,8,S,S,match
OCA2,NP_000266.2,780,S,Propithecus coquereli,XP_012503455.1,9,A,A,match
OCA2,NP_000266.2,780,S,Propithecus coquereli,XP_012503455.1,10,N,N,match
PAH,NP_000268.1,164,T,Papio anubis,XP_021778512.2,-10,Y,Y,match
PAH,NP_000268.1,164,T,Papio anubis,XP_021778512.2,-9,R,R,match
PAH,NP_000268.1,164,T,Papio anubis,XP_021778512.2,-8,A,A,match
PAH,NP_000268.1,164,T,Papio anubis,XP_021778512.2,-7,R,R,match
PAH,NP_000268.1,164,T,Papio anubis,XP_021778512.2,-6,R,R,match
PAH,NP_000268.1,164,T,Papio anubis,XP_021778512.2,-5,K,K,match
PAH,NP_000268.1,164,T,Papio anubis,XP_021778512.2,-4,Q,Q,match
PAH,NP_000268.1,164,T,Papio anubis,XP_021778512.2,-3,F,F,match
PAH,NP_000268.1,164,T,Papio anubis,XP_021778512.2,-2,A,A,match
PAH,NP_000268.1,164,T,Papio anubis,XP_021778512.2,-1,D,D,match
PAH,NP_000268.1,164,T,Papio anubis,XP_021778512.2,0,I,T,CPD
PAH,NP_000268.1,164,T,Papio anubis,XP_021778512.2,1,A,A,match
PAH,NP_000268.1,164,T,Papio anubis,XP_021778512.2,2,Y,Y,match
PAH,NP_000268.1,164,T,Papio anubis,XP_021778512.2,3,N,N,match
PAH,NP_000268.1,164,T,Papio anubis,XP_021778512.2,4,Y,Y,match
PAH,NP_000268.1,164,T,Papio anubis,XP_021778512.2,5,R,R,match
PAH,NP_000268.1,164,T,Papio anubis,XP_021778512.2,6,H,H,match
PAH,NP_000268.1,164,T,Papio anubis,XP_021778512.2,7,G,G,match
PAH,NP_000268.1,164,T,Papio anubis,XP_021778512.2,8,Q,Q,match
PAH,NP_000268.1,164,T,Papio anubis,XP_021778512.2,9,P,P,match
PAH,NP_000268.1,164,T,Papio anubis,XP_021778512.2,10,I,I,match
PAH,NP_000268.1,164,T,Macaca thibetana thibetana,XP_050606181.1,-10,Y,Y,match
PAH,NP_000268.1,164,T,Macaca thibetana thibetana,XP_050606181.1,-9,R,R,match
PAH,NP_000268.1,164,T,Macaca thibetana thibetana,XP_050606181.1,-8,A,A,match
PAH,NP_000268.1,164,T,Macaca thibetana thibetana,XP_050606181.1,-7,R,R,match
PAH,NP_000268.1,164,T,Macaca thibetana thibetana,XP_050606181.1,-6,R,R,match
PAH,NP_000268.1,164,T,Macaca thibetana thibetana,XP_050606181.1,-5,K,K,match
PAH,NP_000268.1,164,T,Macaca thibetana thibetana,XP_050606181.1,-4,Q,Q,match
PAH,NP_000268.1,164,T,Macaca thibetana thibetana,XP_050606181.1,-3,F,F,match
PAH,NP_000268.1,164,T,Macaca thibetana thibetana,XP_050606181.1,-2,A,A,match
PAH,NP_000268.1,164,T,Macaca thibetana thibetana,XP_050606181.1,-1,D,D,match
PAH,NP_000268.1,164,T,Macaca thibetana thibetana,XP_050606181.1,0,I,T,CPD
PAH,NP_000268.1,164,T,Macaca thibetana thibetana,XP_050606181.1,1,A,A,match
PAH,NP_000268.1,164,T,Macaca thibetana thibetana,XP_050606181.1,2,Y,Y,match
PAH,NP_000268.1,164,T,Macaca thibetana thibetana,XP_050606181.1,3,N,N,match
PAH,NP_000268.1,164,T,Macaca thibetana thibetana,XP_050606181.1,4,Y,Y,match
PAH,NP_000268.1,164,T,Macaca thibetana thibetana,XP_050606181.1,5,R,R,match
PAH,NP_000268.1,164,T,Macaca thibetana thibetana,XP_050606181.1,6,H,H,match
PAH,NP_000268.1,164,T,Macaca thibetana thibetana,XP_050606181.1,7,G,G,match
PAH,NP_000268.1,164,T,Macaca thibetana thibetana,XP_050606181.1,8,Q,Q,match
PAH,NP_000268.1,164,T,Macaca thibetana thibetana,XP_050606181.1,9,P,P,match
PAH,NP_000268.1,164,T,Macaca thibetana thibetana,XP_050606181.1,10,I,I,match
PAH,NP_000268.1,164,T,Theropithecus gelada,XP_025258879.1,-10,Y,Y,match
PAH,NP_000268.1,164,T,Theropithecus gelada,XP_025258879.1,-9,R,R,match
PAH,NP_000268.1,164,T,Theropithecus gelada,XP_025258879.1,-8,A,A,match
PAH,NP_000268.1,164,T,Theropithecus gelada,XP_025258879.1,-7,R,R,match
PAH,NP_000268.1,164,T,Theropithecus gelada,XP_025258879.1,-6,R,R,match
PAH,NP_000268.1,164,T,Theropithecus gelada,XP_025258879.1,-5,K,K,match
PAH,NP_000268.1,164,T,Theropithecus gelada,XP_025258879.1,-4,Q,Q,match
PAH,NP_000268.1,164,T,Theropithecus gelada,XP_025258879.1,-3,F,F,match
PAH,NP_000268.1,164,T,Theropithecus gelada,XP_025258879.1,-2,A,A,match
PAH,NP_000268.1,164,T,Theropithecus gelada,XP_025258879.1,-1,D,D,match
PAH,NP_000268.1,164,T,Theropithecus gelada,XP_025258879.1,0,I,T,CPD
PAH,NP_000268.1,164,T,Theropithecus gelada,XP_025258879.1,1,A,A,match
PAH,NP_000268.1,164,T,Theropithecus gelada,XP_025258879.1,2,Y,Y,match
PAH,NP_000268.1,164,T,Theropithecus gelada,XP_025258879.1,3,N,N,match
PAH,NP_000268.1,164,T,Theropithecus gelada,XP_025258879.1,4,Y,Y,match
PAH,NP_000268.1,164,T,Theropithecus gelada,XP_025258879.1,5,R,R,match
PAH,NP_000268.1,164,T,Theropithecus gelada,XP_025258879.1,6,H,H,match
PAH,NP_000268.1,164,T,Theropithecus gelada,XP_025258879.1,7,G,G,match
PAH,NP_000268.1,164,T,Theropithecus gelada,XP_025258879.1,8,Q,Q,match
PAH,NP_000268.1,164,T,Theropithecus gelada,XP_025258879.1,9,P,P,match
PAH,NP_000268.1,164,T,Theropithecus gelada,XP_025258879.1,10,I,I,match
PAH,NP_000268.1,164,T,Macaca mulatta,XP_001094859.1,-10,Y,Y,match
PAH,NP_000268.1,164,T,Macaca mulatta,XP_001094859.1,-9,R,R,match
PAH,NP_000268.1,164,T,Macaca mulatta,XP_001094859.1,-8,A,A,match
PAH,NP_000268.1,164,T,Macaca mulatta,XP_001094859.1,-7,R,R,match
PAH,NP_000268.1,164,T,Macaca mulatta,XP_001094859.1,-6,R,R,match
PAH,NP_000268.1,164,T,Macaca mulatta,XP_001094859.1,-5,K,K,match
PAH,NP_000268.1,164,T,Macaca mulatta,XP_001094859.1,-4,Q,Q,match
PAH,NP_000268.1,164,T,Macaca mulatta,XP_001094859.1,-3,F,F,match
PAH,NP_000268.1,164,T,Macaca mulatta,XP_001094859.1,-2,A,A,match
PAH,NP_000268.1,164,T,Macaca mulatta,XP_001094859.1,-1,D,D,match
PAH,NP_000268.1,164,T,Macaca mulatta,XP_001094859.1,0,I,T,CPD
PAH,NP_000268.1,164,T,Macaca mulatta,XP_001094859.1,1,A,A,match
PAH,NP_000268.1,164,T,Macaca mulatta,XP_001094859.1,2,Y,Y,match
PAH,NP_000268.1,164,T,Macaca mulatta,XP_001094859.1,3,N,N,match
PAH,NP_000268.1,164,T,Macaca mulatta,XP_001094859.1,4,Y,Y,match
PAH,NP_000268.1,164,T,Macaca mulatta,XP_001094859.1,5,R,R,match
PAH,NP_000268.1,164,T,Macaca mulatta,XP_001094859.1,6,H,H,match
PAH,NP_000268.1,164,T,Macaca mulatta,XP_001094859.1,7,G,G,match
PAH,NP_000268.1,164,T,Macaca mulatta,XP_001094859.1,8,Q,Q,match
PAH,NP_000268.1,164,T,Macaca mulatta,XP_001094859.1,9,P,P,match
PAH,NP_000268.1,164,T,Macaca mulatta,XP_001094859.1,10,I,I,match
PAH,NP_000268.1,164,T,Macaca fascicularis,XP_005572100.1,-10,Y,Y,match
PAH,NP_000268.1,164,T,Macaca fascicularis,XP_005572100.1,-9,R,R,match
PAH,NP_000268.1,164,T,Macaca fascicularis,XP_005572100.1,-8,A,A,match
PAH,NP_000268.1,164,T,Macaca fascicularis,XP_005572100.1,-7,R,R,match
PAH,NP_000268.1,164,T,Macaca fascicularis,XP_005572100.1,-6,R,R,match
PAH,NP_000268.1,164,T,Macaca fascicularis,XP_005572100.1,-5,K,K,match
PAH,NP_000268.1,164,T,Macaca fascicularis,XP_005572100.1,-4,Q,Q,match
PAH,NP_000268.1,164,T,Macaca fascicularis,XP_005572100.1,-3,F,F,match
PAH,NP_000268.1,164,T,Macaca fascicularis,XP_005572100.1,-2,A,A,match
PAH,NP_000268.1,164,T,Macaca fascicularis,XP_005572100.1,-1,D,D,match
PAH,NP_000268.1,164,T,Macaca fascicularis,XP_005572100.1,0,I,T,CPD
PAH,NP_000268.1,164,T,Macaca fascicularis,XP_005572100.1,1,A,A,match
PAH,NP_000268.1,164,T,Macaca fascicularis,XP_005572100.1,2,Y,Y,match
PAH,NP_000268.1,164,T,Macaca fascicularis,XP_005572100.1,3,N,N,match
PAH,NP_000268.1,164,T,Macaca fascicularis,XP_005572100.1,4,Y,Y,match
PAH,NP_000268.1,164,T,Macaca fascicularis,XP_005572100.1,5,R,R,match
PAH,NP_000268.1,164,T,Macaca fascicularis,XP_005572100.1,6,H,H,match
PAH,NP_000268.1,164,T,Macaca fascicularis,XP_005572100.1,7,G,G,match
PAH,NP_000268.1,164,T,Macaca fascicularis,XP_005572100.1,8,Q,Q,match
PAH,NP_000268.1,164,T,Macaca fascicularis,XP_005572100.1,9,P,P,match
PAH,NP_000268.1,164,T,Macaca fascicularis,XP_005572100.1,10,I,I,match
PAH,NP_000268.1,176,Q,Aotus nancymaae,XP_012324641.2,-10,Y,Y,match
PAH,NP_000268.1,176,Q,Aotus nancymaae,XP_012324641.2,-9,N,N,match
PAH,NP_000268.1,176,Q,Aotus nancymaae,XP_012324641.2,-8,Y,Y,match
PAH,NP_000268.1,176,Q,Aotus nancymaae,XP_012324641.2,-7,R,R,match
PAH,NP_000268.1,176,Q,Aotus nancymaae,XP_012324641.2,-6,H,H,match
PAH,NP_000268.1,176,Q,Aotus nancymaae,XP_012324641.2,-5,G,G,match
PAH,NP_000268.1,176,Q,Aotus nancymaae,XP_012324641.2,-4,Q,Q,match
PAH,NP_000268.1,176,Q,Aotus nancymaae,XP_012324641.2,-3,P,P,match
PAH,NP_000268.1,176,Q,Aotus nancymaae,XP_012324641.2,-2,I,I,match
PAH,NP_000268.1,176,Q,Aotus nancymaae,XP_012324641.2,-1,P,P,match
PAH,NP_000268.1,176,Q,Aotus nancymaae,XP_012324641.2,0,R,Q,CPD
PAH,NP_000268.1,176,Q,Aotus nancymaae,XP_012324641.2,1,V,V,match
PAH,NP_000268.1,176,Q,Aotus nancymaae,XP_012324641.2,2,E,E,match
PAH,NP_000268.1,176,Q,Aotus nancymaae,XP_012324641.2,3,Y,Y,match
PAH,NP_000268.1,176,Q,Aotus nancymaae,XP_012324641.2,4,M,T,different
PAH,NP_000268.1,176,Q,Aotus nancymaae,XP_012324641.2,5,E,E,match
PAH,NP_000268.1,176,Q,Aotus nancymaae,XP_012324641.2,6,E,E,match
PAH,NP_000268.1,176,Q,Aotus nancymaae,XP_012324641.2,7,E,E,match
PAH,NP_000268.1,176,Q,Aotus nancymaae,XP_012324641.2,8,K,K,match
PAH,NP_000268.1,176,Q,Aotus nancymaae,XP_012324641.2,9,K,K,match
PAH,NP_000268.1,176,Q,Aotus nancymaae,XP_012324641.2,10,T,T,match
PAH,NP_000268.1,176,Q,Saimiri boliviensis,XP_003929669.1,-10,Y,Y,match
PAH,NP_000268.1,176,Q,Saimiri boliviensis,XP_003929669.1,-9,N,N,match
PAH,NP_000268.1,176,Q,Saimiri boliviensis,XP_003929669.1,-8,Y,Y,match
PAH,NP_000268.1,176,Q,Saimiri boliviensis,XP_003929669.1,-7,R,R,match
PAH,NP_000268.1,176,Q,Saimiri boliviensis,XP_003929669.1,-6,H,H,match
PAH,NP_000268.1,176,Q,Saimiri boliviensis,XP_003929669.1,-5,G,G,match
PAH,NP_000268.1,176,Q,Saimiri boliviensis,XP_003929669.1,-4,Q,Q,match
PAH,NP_000268.1,176,Q,Saimiri boliviensis,XP_003929669.1,-3,P,P,match
PAH,NP_000268.1,176,Q,Saimiri boliviensis,XP_003929669.1,-2,I,I,match
PAH,NP_000268.1,176,Q,Saimiri boliviensis,XP_003929669.1,-1,P,P,match
PAH,NP_000268.1,176,Q,Saimiri boliviensis,XP_003929669.1,0,R,Q,CPD
PAH,NP_000268.1,176,Q,Saimiri boliviensis,XP_003929669.1,1,V,V,match
PAH,NP_000268.1,176,Q,Saimiri boliviensis,XP_003929669.1,2,E,E,match
PAH,NP_000268.1,176,Q,Saimiri boliviensis,XP_003929669.1,3,Y,Y,match
PAH,NP_000268.1,176,Q,Saimiri boliviensis,XP_003929669.1,4,M,T,different
PAH,NP_000268.1,176,Q,Saimiri boliviensis,XP_003929669.1,5,E,E,match
PAH,NP_000268.1,176,Q,Saimiri boliviensis,XP_003929669.1,6,E,E,match
PAH,NP_000268.1,176,Q,Saimiri boliviensis,XP_003929669.1,7,E,E,match
PAH,NP_000268.1,176,Q,Saimiri boliviensis,XP_003929669.1,8,K,K,match
PAH,NP_000268.1,176,Q,Saimiri boliviensis,XP_003929669.1,9,K,K,match
PAH,NP_000268.1,176,Q,Saimiri boliviensis,XP_003929669.1,10,T,T,match
PAH,NP_000268.1,176,Q,Callithrix jacchus,XP_002752958.1,-10,Y,Y,match
PAH,NP_000268.1,176,Q,Callithrix jacchus,XP_002752958.1,-9,N,N,match
PAH,NP_000268.1,176,Q,Callithrix jacchus,XP_002752958.1,-8,Y,Y,match
PAH,NP_000268.1,176,Q,Callithrix jacchus,XP_002752958.1,-7,R,R,match
PAH,NP_000268.1,176,Q,Callithrix jacchus,XP_002752958.1,-6,H,H,match
PAH,NP_000268.1,176,Q,Callithrix jacchus,XP_002752958.1,-5,G,G,match
PAH,NP_000268.1,176,Q,Callithrix jacchus,XP_002752958.1,-4,Q,Q,match
PAH,NP_000268.1,176,Q,Callithrix jacchus,XP_002752958.1,-3,P,P,match
PAH,NP_000268.1,176,Q,Callithrix jacchus,XP_002752958.1,-2,I,I,match
PAH,NP_000268.1,176,Q,Callithrix jacchus,XP_002752958.1,-1,P,P,match
PAH,NP_000268.1,176,Q,Callithrix jacchus,XP_002752958.1,0,R,Q,CPD
PAH,NP_000268.1,176,Q,Callithrix jacchus,XP_002752958.1,1,V,V,match
PAH,NP_000268.1,176,Q,Callithrix jacchus,XP_002752958.1,2,E,E,match
PAH,NP_000268.1,176,Q,Callithrix jacchus,XP_002752958.1,3,Y,Y,match
PAH,NP_000268.1,176,Q,Callithrix jacchus,XP_002752958.1,4,M,T,different
PAH,NP_000268.1,176,Q,Callithrix jacchus,XP_002752958.1,5,E,E,match
PAH,NP_000268.1,176,Q,Callithrix jacchus,XP_002752958.1,6,E,E,match
PAH,NP_000268.1,176,Q,Callithrix jacchus,XP_002752958.1,7,E,E,match
PAH,NP_000268.1,176,Q,Callithrix jacchus,XP_002752958.1,8,K,K,match
PAH,NP_000268.1,176,Q,Callithrix jacchus,XP_002752958.1,9,K,K,match
PAH,NP_000268.1,176,Q,Callithrix jacchus,XP_002752958.1,10,T,T,match
PAH,NP_000268.1,413,H,Pongo pygmaeus,XP_054301667.1,-10,A,A,match
PAH,NP_000268.1,413,H,Pongo pygmaeus,XP_054301667.1,-9,A,A,match
PAH,NP_000268.1,413,H,Pongo pygmaeus,XP_054301667.1,-8,T,T,match
PAH,NP_000268.1,413,H,Pongo pygmaeus,XP_054301667.1,-7,I,I,match
PAH,NP_000268.1,413,H,Pongo pygmaeus,XP_054301667.1,-6,P,P,match
PAH,NP_000268.1,413,H,Pongo pygmaeus,XP_054301667.1,-5,R,R,match
PAH,NP_000268.1,413,H,Pongo pygmaeus,XP_054301667.1,-4,P,P,match
PAH,NP_000268.1,413,H,Pongo pygmaeus,XP_054301667.1,-3,F,F,match
PAH,NP_000268.1,413,H,Pongo pygmaeus,XP_054301667.1,-2,S,S,match
PAH,NP_000268.1,413,H,Pongo pygmaeus,XP_054301667.1,-1,V,V,match
PAH,NP_000268.1,413,H,Pongo pygmaeus,XP_054301667.1,0,R,H,CPD
PAH,NP_000268.1,413,H,Pongo pygmaeus,XP_054301667.1,1,Y,Y,match
PAH,NP_000268.1,413,H,Pongo pygmaeus,XP_054301667.1,2,D,D,match
PAH,NP_000268.1,413,H,Pongo pygmaeus,XP_054301667.1,3,P,P,match
PAH,NP_000268.1,413,H,Pongo pygmaeus,XP_054301667.1,4,Y,Y,match
PAH,NP_000268.1,413,H,Pongo pygmaeus,XP_054301667.1,5,T,T,match
PAH,NP_000268.1,413,H,Pongo pygmaeus,XP_054301667.1,6,Q,Q,match
PAH,NP_000268.1,413,H,Pongo pygmaeus,XP_054301667.1,7,R,R,match
PAH,NP_000268.1,413,H,Pongo pygmaeus,XP_054301667.1,8,I,I,match
PAH,NP_000268.1,413,H,Pongo pygmaeus,XP_054301667.1,9,E,E,match
PAH,NP_000268.1,413,H,Pongo pygmaeus,XP_054301667.1,10,V,V,match
PAH,NP_000268.1,413,H,Aotus nancymaae,XP_012324641.2,-10,A,A,match
PAH,NP_000268.1,413,H,Aotus nancymaae,XP_012324641.2,-9,A,A,match
PAH,NP_000268.1,413,H,Aotus nancymaae,XP_012324641.2,-8,T,T,match
PAH,NP_000268.1,413,H,Aotus nancymaae,XP_012324641.2,-7,I,I,match
PAH,NP_000268.1,413,H,Aotus nancymaae,XP_012324641.2,-6,P,P,match
PAH,NP_000268.1,413,H,Aotus nancymaae,XP_012324641.2,-5,R,R,match
PAH,NP_000268.1,413,H,Aotus nancymaae,XP_012324641.2,-4,P,P,match
PAH,NP_000268.1,413,H,Aotus nancymaae,XP_012324641.2,-3,F,F,match
PAH,NP_000268.1,413,H,Aotus nancymaae,XP_012324641.2,-2,S,S,match
PAH,NP_000268.1,413,H,Aotus nancymaae,XP_012324641.2,-1,V,V,match
PAH,NP_000268.1,413,H,Aotus nancymaae,XP_012324641.2,0,R,H,CPD
PAH,NP_000268.1,413,H,Aotus nancymaae,XP_012324641.2,1,Y,Y,match
PAH,NP_000268.1,413,H,Aotus nancymaae,XP_012324641.2,2,D,D,match
PAH,NP_000268.1,413,H,Aotus nancymaae,XP_012324641.2,3,P,P,match
PAH,NP_000268.1,413,H,Aotus nancymaae,XP_012324641.2,4,Y,Y,match
PAH,NP_000268.1,413,H,Aotus nancymaae,XP_012324641.2,5,T,T,match
PAH,NP_000268.1,413,H,Aotus nancymaae,XP_012324641.2,6,Q,Q,match
PAH,NP_000268.1,413,H,Aotus nancymaae,XP_012324641.2,7,R,R,match
PAH,NP_000268.1,413,H,Aotus nancymaae,XP_012324641.2,8,I,I,match
PAH,NP_000268.1,413,H,Aotus nancymaae,XP_012324641.2,9,E,E,match
PAH,NP_000268.1,413,H,Aotus nancymaae,XP_012324641.2,10,V,V,match
PAH,NP_000268.1,413,H,Sapajus apella,XP_032155339.1,-10,A,A,match
PAH,NP_000268.1,413,H,Sapajus apella,XP_032155339.1,-9,A,A,match
PAH,NP_000268.1,413,H,Sapajus apella,XP_032155339.1,-8,T,T,match
PAH,NP_000268.1,413,H,Sapajus apella,XP_032155339.1,-7,I,I,match
PAH,NP_000268.1,413,H,Sapajus apella,XP_032155339.1,-6,P,P,match
PAH,NP_000268.1,413,H,Sapajus apella,XP_032155339.1,-5,R,R,match
PAH,NP_000268.1,413,H,Sapajus apella,XP_032155339.1,-4,P,P,match
PAH,NP_000268.1,413,H,Sapajus apella,XP_032155339.1,-3,F,F,match
PAH,NP_000268.1,413,H,Sapajus apella,XP_032155339.1,-2,S,S,match
PAH,NP_000268.1,413,H,Sapajus apella,XP_032155339.1,-1,V,V,match
PAH,NP_000268.1,413,H,Sapajus apella,XP_032155339.1,0,R,H,CPD
PAH,NP_000268.1,413,H,Sapajus apella,XP_032155339.1,1,Y,Y,match
PAH,NP_000268.1,413,H,Sapajus apella,XP_032155339.1,2,D,D,match
PAH,NP_000268.1,413,H,Sapajus apella,XP_032155339.1,3,P,P,match
PAH,NP_000268.1,413,H,Sapajus apella,XP_032155339.1,4,Y,Y,match
PAH,NP_000268.1,413,H,Sapajus apella,XP_032155339.1,5,T,T,match
PAH,NP_000268.1,413,H,Sapajus apella,XP_032155339.1,6,Q,Q,match
PAH,NP_000268.1,413,H,Sapajus apella,XP_032155339.1,7,R,R,match
PAH,NP_000268.1,413,H,Sapajus apella,XP_032155339.1,8,I,I,match
PAH,NP_000268.1,413,H,Sapajus apella,XP_032155339.1,9,E,E,match
PAH,NP_000268.1,413,H,Sapajus apella,XP_032155339.1,10,V,V,match
PAH,NP_000268.1,413,H,Saimiri boliviensis,XP_003929669.1,-10,A,A,match
PAH,NP_000268.1,413,H,Saimiri boliviensis,XP_003929669.1,-9,A,A,match
PAH,NP_000268.1,413,H,Saimiri boliviensis,XP_003929669.1,-8,T,T,match
PAH,NP_000268.1,413,H,Saimiri boliviensis,XP_003929669.1,-7,I,I,match
PAH,NP_000268.1,413,H,Saimiri boliviensis,XP_003929669.1,-6,P,P,match
PAH,NP_000268.1,413,H,Saimiri boliviensis,XP_003929669.1,-5,R,R,match
PAH,NP_000268.1,413,H,Saimiri boliviensis,XP_003929669.1,-4,P,P,match
PAH,NP_000268.1,413,H,Saimiri boliviensis,XP_003929669.1,-3,F,F,match
PAH,NP_000268.1,413,H,Saimiri boliviensis,XP_003929669.1,-2,S,S,match
PAH,NP_000268.1,413,H,Saimiri boliviensis,XP_003929669.1,-1,V,V,match
PAH,NP_000268.1,413,H,Saimiri boliviensis,XP_003929669.1,0,R,H,CPD
PAH,NP_000268.1,413,H,Saimiri boliviensis,XP_003929669.1,1,Y,Y,match
PAH,NP_000268.1,413,H,Saimiri boliviensis,XP_003929669.1,2,D,D,match
PAH,NP_000268.1,413,H,Saimiri boliviensis,XP_003929669.1,3,P,P,match
PAH,NP_000268.1,413,H,Saimiri boliviensis,XP_003929669.1,4,Y,Y,match
PAH,NP_000268.1,413,H,Saimiri boliviensis,XP_003929669.1,5,T,T,match
PAH,NP_000268.1,413,H,Saimiri boliviensis,XP_003929669.1,6,Q,Q,match
PAH,NP_000268.1,413,H,Saimiri boliviensis,XP_003929669.1,7,R,R,match
PAH,NP_000268.1,413,H,Saimiri boliviensis,XP_003929669.1,8,I,I,match
PAH,NP_000268.1,413,H,Saimiri boliviensis,XP_003929669.1,9,E,E,match
PAH,NP_000268.1,413,H,Saimiri boliviensis,XP_003929669.1,10,V,V,match
PAH,NP_000268.1,413,H,Callithrix jacchus,XP_002752958.1,-10,A,A,match
PAH,NP_000268.1,413,H,Callithrix jacchus,XP_002752958.1,-9,A,A,match
PAH,NP_000268.1,413,H,Callithrix jacchus,XP_002752958.1,-8,T,T,match
PAH,NP_000268.1,413,H,Callithrix jacchus,XP_002752958.1,-7,I,I,match
PAH,NP_000268.1,413,H,Callithrix jacchus,XP_002752958.1,-6,P,P,match
PAH,NP_000268.1,413,H,Callithrix jacchus,XP_002752958.1,-5,R,R,match
PAH,NP_000268.1,413,H,Callithrix jacchus,XP_002752958.1,-4,P,P,match
PAH,NP_000268.1,413,H,Callithrix jacchus,XP_002752958.1,-3,F,F,match
PAH,NP_000268.1,413,H,Callithrix jacchus,XP_002752958.1,-2,S,S,match
PAH,NP_000268.1,413,H,Callithrix jacchus,XP_002752958.1,-1,V,V,match
PAH,NP_000268.1,413,H,Callithrix jacchus,XP_002752958.1,0,R,H,CPD
PAH,NP_000268.1,413,H,Callithrix jacchus,XP_002752958.1,1,Y,Y,match
PAH,NP_000268.1,413,H,Callithrix jacchus,XP_002752958.1,2,D,D,match
PAH,NP_000268.1,413,H,Callithrix jacchus,XP_002752958.1,3,P,P,match
PAH,NP_000268.1,413,H,Callithrix jacchus,XP_002752958.1,4,Y,Y,match
PAH,NP_000268.1,413,H,Callithrix jacchus,XP_002752958.1,5,T,T,match
PAH,NP_000268.1,413,H,Callithrix jacchus,XP_002752958.1,6,Q,Q,match
PAH,NP_000268.1,413,H,Callithrix jacchus,XP_002752958.1,7,R,R,match
PAH,NP_000268.1,413,H,Callithrix jacchus,XP_002752958.1,8,I,I,match
PAH,NP_000268.1,413,H,Callithrix jacchus,XP_002752958.1,9,E,E,match
PAH,NP_000268.1,413,H,Callithrix jacchus,XP_002752958.1,10,V,V,match
PAH,NP_000268.1,156,G,Lemur catta,XP_045409048.1,-10,H,H,match
PAH,NP_000268.1,156,G,Lemur catta,XP_045409048.1,-9,P,P,match
PAH,NP_000268.1,156,G,Lemur catta,XP_045409048.1,-8,G,G,match
PAH,NP_000268.1,156,G,Lemur catta,XP_045409048.1,-7,F,F,match
PAH,NP_000268.1,156,G,Lemur catta,XP_045409048.1,-6,K,T,different
PAH,NP_000268.1,156,G,Lemur catta,XP_045409048.1,-5,D,D,match
PAH,NP_000268.1,156,G,Lemur catta,XP_045409048.1,-4,P,P,match
PAH,NP_000268.1,156,G,Lemur catta,XP_045409048.1,-3,V,V,match
PAH,NP_000268.1,156,G,Lemur catta,XP_045409048.1,-2,Y,Y,match
PAH,NP_000268.1,156,G,Lemur catta,XP_045409048.1,-1,R,R,match
PAH,NP_000268.1,156,G,Lemur catta,XP_045409048.1,0,A,G,CPD
PAH,NP_000268.1,156,G,Lemur catta,XP_045409048.1,1,R,R,match
PAH,NP_000268.1,156,G,Lemur catta,XP_045409048.1,2,R,R,match
PAH,NP_000268.1,156,G,Lemur catta,XP_045409048.1,3,K,K,match
PAH,NP_000268.1,156,G,Lemur catta,XP_045409048.1,4,Q,Q,match
PAH,NP_000268.1,156,G,Lemur catta,XP_045409048.1,5,F,F,match
PAH,NP_000268.1,156,G,Lemur catta,XP_045409048.1,6,A,A,match
PAH,NP_000268.1,156,G,Lemur catta,XP_045409048.1,7,D,D,match
PAH,NP_000268.1,156,G,Lemur catta,XP_045409048.1,8,I,I,match
PAH,NP_000268.1,156,G,Lemur catta,XP_045409048.1,9,A,A,match
PAH,NP_000268.1,156,G,Lemur catta,XP_045409048.1,10,Y,Y,match
PAX6,NP_001245391.1,1,L,Mandrillus leucophaeus,XP_011820972.1,-10,-,-,gap
PAX6,NP_001245391.1,1,L,Mandrillus leucophaeus,XP_011820972.1,-9,-,-,gap
PAX6,NP_001245391.1,1,L,Mandrillus leucophaeus,XP_011820972.1,-8,-,-,gap
PAX6,NP_001245391.1,1,L,Mandrillus leucophaeus,XP_011820972.1,-7,-,-,gap
PAX6,NP_001245391.1,1,L,Mandrillus leucophaeus,XP_011820972.1,-6,-,-,gap
PAX6,NP_001245391.1,1,L,Mandrillus leucophaeus,XP_011820972.1,-5,-,-,gap
PAX6,NP_001245391.1,1,L,Mandrillus leucophaeus,XP_011820972.1,-4,-,-,gap
PAX6,NP_001245391.1,1,L,Mandrillus leucophaeus,XP_011820972.1,-3,-,-,gap
PAX6,NP_001245391.1,1,L,Mandrillus leucophaeus,XP_011820972.1,-2,-,-,gap
PAX6,NP_001245391.1,1,L,Mandrillus leucophaeus,XP_011820972.1,-1,-,-,gap
PAX6,NP_001245391.1,1,L,Mandrillus leucophaeus,XP_011820972.1,0,M,L,CPD
PAX6,NP_001245391.1,1,L,Mandrillus leucophaeus,XP_011820972.1,1,Q,S,different
PAX6,NP_001245391.1,1,L,Mandrillus leucophaeus,XP_011820972.1,2,N,S,different
PAX6,NP_001245391.1,1,L,Mandrillus leucophaeus,XP_011820972.1,3,S,G,different
PAX6,NP_001245391.1,1,L,Mandrillus leucophaeus,XP_011820972.1,4,H,H,match
PAX6,NP_001245391.1,1,L,Mandrillus leucophaeus,XP_011820972.1,5,S,S,match
PAX6,NP_001245391.1,1,L,Mandrillus leucophaeus,XP_011820972.1,6,G,G,match
PAX6,NP_001245391.1,1,L,Mandrillus leucophaeus,XP_011820972.1,7,V,V,match
PAX6,NP_001245391.1,1,L,Mandrillus leucophaeus,XP_011820972.1,8,N,N,match
PAX6,NP_001245391.1,1,L,Mandrillus leucophaeus,XP_011820972.1,9,Q,Q,match
PAX6,NP_001245391.1,1,L,Mandrillus leucophaeus,XP_011820972.1,10,L,L,match
PKHD1,NP_619639.3,760,H,Piliocolobus tephrosceles,XP_023068761.1,-10,C,C,match
PKHD1,NP_619639.3,760,H,Piliocolobus tephrosceles,XP_023068761.1,-9,G,G,match
PKHD1,NP_619639.3,760,H,Piliocolobus tephrosceles,XP_023068761.1,-8,T,T,match
PKHD1,NP_619639.3,760,H,Piliocolobus tephrosceles,XP_023068761.1,-7,E,E,match
PKHD1,NP_619639.3,760,H,Piliocolobus tephrosceles,XP_023068761.1,-6,L,L,match
PKHD1,NP_619639.3,760,H,Piliocolobus tephrosceles,XP_023068761.1,-5,P,P,match
PKHD1,NP_619639.3,760,H,Piliocolobus tephrosceles,XP_023068761.1,-4,L,L,match
PKHD1,NP_619639.3,760,H,Piliocolobus tephrosceles,XP_023068761.1,-3,I,I,match
PKHD1,NP_619639.3,760,H,Piliocolobus tephrosceles,XP_023068761.1,-2,T,T,match
PKHD1,NP_619639.3,760,H,Piliocolobus tephrosceles,XP_023068761.1,-1,A,A,match
PKHD1,NP_619639.3,760,H,Piliocolobus tephrosceles,XP_023068761.1,0,R,H,CPD
PKHD1,NP_619639.3,760,H,Piliocolobus tephrosceles,XP_023068761.1,1,S,S,match
PKHD1,NP_619639.3,760,H,Piliocolobus tephrosceles,XP_023068761.1,2,V,V,match
PKHD1,NP_619639.3,760,H,Piliocolobus tephrosceles,XP_023068761.1,3,P,S,different
PKHD1,NP_619639.3,760,H,Piliocolobus tephrosceles,XP_023068761.1,4,T,T,match
PKHD1,NP_619639.3,760,H,Piliocolobus tephrosceles,XP_023068761.1,5,E,E,match
PKHD1,NP_619639.3,760,H,Piliocolobus tephrosceles,XP_023068761.1,6,G,G,match
PKHD1,NP_619639.3,760,H,Piliocolobus tephrosceles,XP_023068761.1,7,T,T,match
PKHD1,NP_619639.3,760,H,Piliocolobus tephrosceles,XP_023068761.1,8,E,E,match
PKHD1,NP_619639.3,760,H,Piliocolobus tephrosceles,XP_023068761.1,9,E,E,match
PKHD1,NP_619639.3,760,H,Piliocolobus tephrosceles,XP_023068761.1,10,G,G,match
PKHD1,NP_619639.3,760,H,Colobus angolensis palliatus,XP_011815634.1,-10,C,C,match
PKHD1,NP_619639.3,760,H,Colobus angolensis palliatus,XP_011815634.1,-9,G,G,match
PKHD1,NP_619639.3,760,H,Colobus angolensis palliatus,XP_011815634.1,-8,T,T,match
PKHD1,NP_619639.3,760,H,Colobus angolensis palliatus,XP_011815634.1,-7,E,E,match
PKHD1,NP_619639.3,760,H,Colobus angolensis palliatus,XP_011815634.1,-6,L,L,match
PKHD1,NP_619639.3,760,H,Colobus angolensis palliatus,XP_011815634.1,-5,P,P,match
PKHD1,NP_619639.3,760,H,Colobus angolensis palliatus,XP_011815634.1,-4,L,L,match
PKHD1,NP_619639.3,760,H,Colobus angolensis palliatus,XP_011815634.1,-3,I,I,match
PKHD1,NP_619639.3,760,H,Colobus angolensis palliatus,XP_011815634.1,-2,T,T,match
PKHD1,NP_619639.3,760,H,Colobus angolensis palliatus,XP_011815634.1,-1,A,A,match
PKHD1,NP_619639.3,760,H,Colobus angolensis palliatus,XP_011815634.1,0,R,H,CPD
PKHD1,NP_619639.3,760,H,Colobus angolensis palliatus,XP_011815634.1,1,S,S,match
PKHD1,NP_619639.3,760,H,Colobus angolensis palliatus,XP_011815634.1,2,V,V,match
PKHD1,NP_619639.3,760,H,Colobus angolensis palliatus,XP_011815634.1,3,P,P,match
PKHD1,NP_619639.3,760,H,Colobus angolensis palliatus,XP_011815634.1,4,T,T,match
PKHD1,NP_619639.3,760,H,Colobus angolensis palliatus,XP_011815634.1,5,E,E,match
PKHD1,NP_619639.3,760,H,Colobus angolensis palliatus,XP_011815634.1,6,G,G,match
PKHD1,NP_619639.3,760,H,Colobus angolensis palliatus,XP_011815634.1,7,T,T,match
PKHD1,NP_619639.3,760,H,Colobus angolensis palliatus,XP_011815634.1,8,E,E,match
PKHD1,NP_619639.3,760,H,Colobus angolensis palliatus,XP_011815634.1,9,E,E,match
PKHD1,NP_619639.3,760,H,Colobus angolensis palliatus,XP_011815634.1,10,G,G,match
PKHD1,NP_619639.3,760,H,Trachypithecus francoisi,XP_033073315.1,-10,C,C,match
PKHD1,NP_619639.3,760,H,Trachypithecus francoisi,XP_033073315.1,-9,G,G,match
PKHD1,NP_619639.3,760,H,Trachypithecus francoisi,XP_033073315.1,-8,T,T,match
PKHD1,NP_619639.3,760,H,Trachypithecus francoisi,XP_033073315.1,-7,E,E,match
PKHD1,NP_619639.3,760,H,Trachypithecus francoisi,XP_033073315.1,-6,L,L,match
PKHD1,NP_619639.3,760,H,Trachypithecus francoisi,XP_033073315.1,-5,P,P,match
PKHD1,NP_619639.3,760,H,Trachypithecus francoisi,XP_033073315.1,-4,L,L,match
PKHD1,NP_619639.3,760,H,Trachypithecus francoisi,XP_033073315.1,-3,I,I,match
PKHD1,NP_619639.3,760,H,Trachypithecus francoisi,XP_033073315.1,-2,T,T,match
PKHD1,NP_619639.3,760,H,Trachypithecus francoisi,XP_033073315.1,-1,A,A,match
PKHD1,NP_619639.3,760,H,Trachypithecus francoisi,XP_033073315.1,0,R,H,CPD
PKHD1,NP_619639.3,760,H,Trachypithecus francoisi,XP_033073315.1,1,S,S,match
PKHD1,NP_619639.3,760,H,Trachypithecus francoisi,XP_033073315.1,2,V,V,match
PKHD1,NP_619639.3,760,H,Trachypithecus francoisi,XP_033073315.1,3,P,P,match
PKHD1,NP_619639.3,760,H,Trachypithecus francoisi,XP_033073315.1,4,T,T,match
PKHD1,NP_619639.3,760,H,Trachypithecus francoisi,XP_033073315.1,5,E,E,match
PKHD1,NP_619639.3,760,H,Trachypithecus francoisi,XP_033073315.1,6,G,G,match
PKHD1,NP_619639.3,760,H,Trachypithecus francoisi,XP_033073315.1,7,T,T,match
PKHD1,NP_619639.3,760,H,Trachypithecus francoisi,XP_033073315.1,8,E,E,match
PKHD1,NP_619639.3,760,H,Trachypithecus francoisi,XP_033073315.1,9,E,E,match
PKHD1,NP_619639.3,760,H,Trachypithecus francoisi,XP_033073315.1,10,G,G,match
PKHD1,NP_619639.3,760,H,Rhinopithecus bieti,XP_017705097.1,-10,C,C,match
PKHD1,NP_619639.3,760,H,Rhinopithecus bieti,XP_017705097.1,-9,G,G,match
PKHD1,NP_619639.3,760,H,Rhinopithecus bieti,XP_017705097.1,-8,T,T,match
PKHD1,NP_619639.3,760,H,Rhinopithecus bieti,XP_017705097.1,-7,E,E,match
PKHD1,NP_619639.3,760,H,Rhinopithecus bieti,XP_017705097.1,-6,L,L,match
PKHD1,NP_619639.3,760,H,Rhinopithecus bieti,XP_017705097.1,-5,P,P,match
PKHD1,NP_619639.3,760,H,Rhinopithecus bieti,XP_017705097.1,-4,L,L,match
PKHD1,NP_619639.3,760,H,Rhinopithecus bieti,XP_017705097.1,-3,I,I,match
PKHD1,NP_619639.3,760,H,Rhinopithecus bieti,XP_017705097.1,-2,T,T,match
PKHD1,NP_619639.3,760,H,Rhinopithecus bieti,XP_017705097.1,-1,A,A,match
PKHD1,NP_619639.3,760,H,Rhinopithecus bieti,XP_017705097.1,0,R,H,CPD
PKHD1,NP_619639.3,760,H,Rhinopithecus bieti,XP_017705097.1,1,S,S,match
PKHD1,NP_619639.3,760,H,Rhinopithecus bieti,XP_017705097.1,2,V,V,match
PKHD1,NP_619639.3,760,H,Rhinopithecus bieti,XP_017705097.1,3,P,P,match
PKHD1,NP_619639.3,760,H,Rhinopithecus bieti,XP_017705097.1,4,T,T,match
PKHD1,NP_619639.3,760,H,Rhinopithecus bieti,XP_017705097.1,5,E,E,match
PKHD1,NP_619639.3,760,H,Rhinopithecus bieti,XP_017705097.1,6,G,G,match
PKHD1,NP_619639.3,760,H,Rhinopithecus bieti,XP_017705097.1,7,T,T,match
PKHD1,NP_619639.3,760,H,Rhinopithecus bieti,XP_017705097.1,8,E,E,match
PKHD1,NP_619639.3,760,H,Rhinopithecus bieti,XP_017705097.1,9,E,E,match
PKHD1,NP_619639.3,760,H,Rhinopithecus bieti,XP_017705097.1,10,G,G,match
PKHD1,NP_619639.3,760,H,Rhinopithecus roxellana,XP_010362548.2,-10,C,C,match
PKHD1,NP_619639.3,760,H,Rhinopithecus roxellana,XP_010362548.2,-9,G,G,match
PKHD1,NP_619639.3,760,H,Rhinopithecus roxellana,XP_010362548.2,-8,T,T,match
PKHD1,NP_619639.3,760,H,Rhinopithecus roxellana,XP_010362548.2,-7,E,E,match
PKHD1,NP_619639.3,760,H,Rhinopithecus roxellana,XP_010362548.2,-6,L,L,match
PKHD1,NP_619639.3,760,H,Rhinopithecus roxellana,XP_010362548.2,-5,P,P,match
PKHD1,NP_619639.3,760,H,Rhinopithecus roxellana,XP_010362548.2,-4,L,L,match
PKHD1,NP_619639.3,760,H,Rhinopithecus roxellana,XP_010362548.2,-3,I,I,match
PKHD1,NP_619639.3,760,H,Rhinopithecus roxellana,XP_010362548.2,-2,T,T,match
PKHD1,NP_619639.3,760,H,Rhinopithecus roxellana,XP_010362548.2,-1,A,A,match
PKHD1,NP_619639.3,760,H,Rhinopithecus roxellana,XP_010362548.2,0,R,H,CPD
PKHD1,NP_619639.3,760,H,Rhinopithecus roxellana,XP_010362548.2,1,S,S,match
PKHD1,NP_619639.3,760,H,Rhinopithecus roxellana,XP_010362548.2,2,V,V,match
PKHD1,NP_619639.3,760,H,Rhinopithecus roxellana,XP_010362548.2,3,P,P,match
PKHD1,NP_619639.3,760,H,Rhinopithecus roxellana,XP_010362548.2,4,T,T,match
PKHD1,NP_619639.3,760,H,Rhinopithecus roxellana,XP_010362548.2,5,E,E,match
PKHD1,NP_619639.3,760,H,Rhinopithecus roxellana,XP_010362548.2,6,G,G,match
PKHD1,NP_619639.3,760,H,Rhinopithecus roxellana,XP_010362548.2,7,T,T,match
PKHD1,NP_619639.3,760,H,Rhinopithecus roxellana,XP_010362548.2,8,E,E,match
PKHD1,NP_619639.3,760,H,Rhinopithecus roxellana,XP_010362548.2,9,E,E,match
PKHD1,NP_619639.3,760,H,Rhinopithecus roxellana,XP_010362548.2,10,G,G,match
PKHD1,NP_619639.3,222,L,Lemur catta,XP_045399681.1,-10,T,T,match
PKHD1,NP_619639.3,222,L,Lemur catta,XP_045399681.1,-9,L,L,match
PKHD1,NP_619639.3,222,L,Lemur catta,XP_045399681.1,-8,Q,Q,match
PKHD1,NP_619639.3,222,L,Lemur catta,XP_045399681.1,-7,C,C,match
PKHD1,NP_619639.3,222,L,Lemur catta,XP_045399681.1,-6,H,R,different
PKHD1,NP_619639.3,222,L,Lemur catta,XP_045399681.1,-5,V,V,match
PKHD1,NP_619639.3,222,L,Lemur catta,XP_045399681.1,-4,E,E,match
PKHD1,NP_619639.3,222,L,Lemur catta,XP_045399681.1,-3,G,G,match
PKHD1,NP_619639.3,222,L,Lemur catta,XP_045399681.1,-2,D,N,different
PKHD1,NP_619639.3,222,L,Lemur catta,XP_045399681.1,-1,Y,Y,match
PKHD1,NP_619639.3,222,L,Lemur catta,XP_045399681.1,0,I,L,CPD
PKHD1,NP_619639.3,222,L,Lemur catta,XP_045399681.1,1,G,G,match
PKHD1,NP_619639.3,222,L,Lemur catta,XP_045399681.1,2,S,S,match
PKHD1,NP_619639.3,222,L,Lemur catta,XP_045399681.1,3,Q,Q,match
PKHD1,NP_619639.3,222,L,Lemur catta,XP_045399681.1,4,N,N,match
PKHD1,NP_619639.3,222,L,Lemur catta,XP_045399681.1,5,V,V,match
PKHD1,NP_619639.3,222,L,Lemur catta,XP_045399681.1,6,S,S,match
PKHD1,NP_619639.3,222,L,Lemur catta,XP_045399681.1,7,F,F,match
PKHD1,NP_619639.3,222,L,Lemur catta,XP_045399681.1,8,S,S,match
PKHD1,NP_619639.3,222,L,Lemur catta,XP_045399681.1,9,V,V,match
PKHD1,NP_619639.3,222,L,Lemur catta,XP_045399681.1,10,F,F,match
PMM2,NP_000294.1,237,R,Hylobates moloch,XP_032001228.1,-10,-,-,gap
PMM2,NP_000294.1,237,R,Hylobates moloch,XP_032001228.1,-9,-,-,gap
PMM2,NP_000294.1,237,R,Hylobates moloch,XP_032001228.1,-8,-,-,gap
PMM2,NP_000294.1,237,R,Hylobates moloch,XP_032001228.1,-7,S,G,different
PMM2,NP_000294.1,237,R,Hylobates moloch,XP_032001228.1,-6,V,V,match
PMM2,NP_000294.1,237,R,Hylobates moloch,XP_032001228.1,-5,T,L,different
PMM2,NP_000294.1,237,R,Hylobates moloch,XP_032001228.1,-4,A,P,different
PMM2,NP_000294.1,237,R,Hylobates moloch,XP_032001228.1,-3,P,A,different
PMM2,NP_000294.1,237,R,Hylobates moloch,XP_032001228.1,-2,E,S,different
PMM2,NP_000294.1,237,R,Hylobates moloch,XP_032001228.1,-1,D,P,different
PMM2,NP_000294.1,237,R,Hylobates moloch,XP_032001228.1,0,T,R,CPD
PMM2,NP_000294.1,237,R,Hylobates moloch,XP_032001228.1,1,R,S,different
PMM2,NP_000294.1,237,R,Hylobates moloch,XP_032001228.1,2,R,-,gap
PMM2,NP_000294.1,237,R,Hylobates moloch,XP_032001228.1,3,I,-,gap
PMM2,NP_000294.1,237,R,Hylobates moloch,XP_032001228.1,4,C,-,gap
PMM2,NP_000294.1,237,R,Hylobates moloch,XP_032001228.1,5,E,-,gap
PMM2,NP_000294.1,237,R,Hylobates moloch,XP_032001228.1,6,L,-,gap
PMM2,NP_000294.1,237,R,Hylobates moloch,XP_032001228.1,7,L,-,gap
PMM2,NP_000294.1,237,R,Hylobates moloch,XP_032001228.1,8,F,-,gap
PMM2,NP_000294.1,237,R,Hylobates moloch,XP_032001228.1,9,S,-,gap
PMM2,NP_000294.1,237,R,Hylobates moloch,XP_032001228.1,10,-,-,gap
PMM2,NP_000294.1,237,R,Pongo abelii,XP_054389417.1,-10,-,P,gap
PMM2,NP_000294.1,237,R,Pongo abelii,XP_054389417.1,-9,-,Q,gap
PMM2,NP_000294.1,237,R,Pongo abelii,XP_054389417.1,-8,-,A,gap
PMM2,NP_000294.1,237,R,Pongo abelii,XP_054389417.1,-7,S,S,match
PMM2,NP_000294.1,237,R,Pongo abelii,XP_054389417.1,-6,V,F,different
PMM2,NP_000294.1,237,R,Pongo abelii,XP_054389417.1,-5,T,L,different
PMM2,NP_000294.1,237,R,Pongo abelii,XP_054389417.1,-4,A,G,different
PMM2,NP_000294.1,237,R,Pongo abelii,XP_054389417.1,-3,P,L,different
PMM2,NP_000294.1,237,R,Pongo abelii,XP_054389417.1,-2,E,T,different
PMM2,NP_000294.1,237,R,Pongo abelii,XP_054389417.1,-1,D,P,different
PMM2,NP_000294.1,237,R,Pongo abelii,XP_054389417.1,0,T,R,CPD
PMM2,NP_000294.1,237,R,Pongo abelii,XP_054389417.1,1,R,A,different
PMM2,NP_000294.1,237,R,Pongo abelii,XP_054389417.1,2,R,S,different
PMM2,NP_000294.1,237,R,Pongo abelii,XP_054389417.1,3,I,A,different
PMM2,NP_000294.1,237,R,Pongo abelii,XP_054389417.1,4,C,C,match
PMM2,NP_000294.1,237,R,Pongo abelii,XP_054389417.1,5,E,P,different
PMM2,NP_000294.1,237,R,Pongo abelii,XP_054389417.1,6,L,T,different
PMM2,NP_000294.1,237,R,Pongo abelii,XP_054389417.1,7,L,L,match
PMM2,NP_000294.1,237,R,Pongo abelii,XP_054389417.1,8,F,W,different
PMM2,NP_000294.1,237,R,Pongo abelii,XP_054389417.1,9,S,W,different
PMM2,NP_000294.1,237,R,Pongo abelii,XP_054389417.1,10,-,D,gap
PMM2,NP_000294.1,239,S,Pongo abelii,XP_054389417.1,-10,-,A,gap
PMM2,NP_000294.1,239,S,Pongo abelii,XP_054389417.1,-9,S,S,match
PMM2,NP_000294.1,239,S,Pongo abelii,XP_054389417.1,-8,V,F,different
PMM2,NP_000294.1,239,S,Pongo abelii,XP_054389417.1,-7,T,L,different
PMM2,NP_000294.1,239,S,Pongo abelii,XP_054389417.1,-6,A,G,different
PMM2,NP_000294.1,239,S,Pongo abelii,XP_054389417.1,-5,P,L,different
PMM2,NP_000294.1,239,S,Pongo abelii,XP_054389417.1,-4,E,T,different
PMM2,NP_000294.1,239,S,Pongo abelii,XP_054389417.1,-3,D,P,different
PMM2,NP_000294.1,239,S,Pongo abelii,XP_054389417.1,-2,T,R,different
PMM2,NP_000294.1,239,S,Pongo abelii,XP_054389417.1,-1,R,A,different
PMM2,NP_000294.1,239,S,Pongo abelii,XP_054389417.1,0,R,S,CPD
PMM2,NP_000294.1,239,S,Pongo abelii,XP_054389417.1,1,I,A,different
PMM2,NP_000294.1,239,S,Pongo abelii,XP_054389417.1,2,C,C,match
PMM2,NP_000294.1,239,S,Pongo abelii,XP_054389417.1,3,E,P,different
PMM2,NP_000294.1,239,S,Pongo abelii,XP_054389417.1,4,L,T,different
PMM2,NP_000294.1,239,S,Pongo abelii,XP_054389417.1,5,L,L,match
PMM2,NP_000294.1,239,S,Pongo abelii,XP_054389417.1,6,F,W,different
PMM2,NP_000294.1,239,S,Pongo abelii,XP_054389417.1,7,S,W,different
PMM2,NP_000294.1,239,S,Pongo abelii,XP_054389417.1,8,-,D,gap
PMM2,NP_000294.1,239,S,Pongo abelii,XP_054389417.1,9,-,V,gap
PMM2,NP_000294.1,239,S,Pongo abelii,XP_054389417.1,10,-,K,gap
RECQL4,NP_004251.4,1021,W,Aotus nancymaae,XP_064240796.1,-10,Q,Q,match
RECQL4,NP_004251.4,1021,W,Aotus nancymaae,XP_064240796.1,-9,W,W,match
RECQL4,NP_004251.4,1021,W,Aotus nancymaae,XP_064240796.1,-8,D,D,match
RECQL4,NP_004251.4,1021,W,Aotus nancymaae,XP_064240796.1,-7,H,H,match
RECQL4,NP_004251.4,1021,W,Aotus nancymaae,XP_064240796.1,-6,E,E,match
RECQL4,NP_004251.4,1021,W,Aotus nancymaae,XP_064240796.1,-5,P,P,match
RECQL4,NP_004251.4,1021,W,Aotus nancymaae,XP_064240796.1,-4,R,R,match
RECQL4,NP_004251.4,1021,W,Aotus nancymaae,XP_064240796.1,-3,T,T,match
RECQL4,NP_004251.4,1021,W,Aotus nancymaae,XP_064240796.1,-2,G,G,match
RECQL4,NP_004251.4,1021,W,Aotus nancymaae,XP_064240796.1,-1,V,M,different
RECQL4,NP_004251.4,1021,W,Aotus nancymaae,XP_064240796.1,0,R,W,CPD
RECQL4,NP_004251.4,1021,W,Aotus nancymaae,XP_064240796.1,1,R,Q,different
RECQL4,NP_004251.4,1021,W,Aotus nancymaae,XP_064240796.1,2,G,S,different
RECQL4,NP_004251.4,1021,W,Aotus nancymaae,XP_064240796.1,3,T,T,match
RECQL4,NP_004251.4,1021,W,Aotus nancymaae,XP_064240796.1,4,G,G,match
RECQL4,NP_004251.4,1021,W,Aotus nancymaae,XP_064240796.1,5,V,V,match
RECQL4,NP_004251.4,1021,W,Aotus nancymaae,XP_064240796.1,6,L,L,match
RECQL4,NP_004251.4,1021,W,Aotus nancymaae,XP_064240796.1,7,V,V,match
RECQL4,NP_004251.4,1021,W,Aotus nancymaae,XP_064240796.1,8,E,E,match
RECQL4,NP_004251.4,1021,W,Aotus nancymaae,XP_064240796.1,9,F,F,match
RECQL4,NP_004251.4,1021,W,Aotus nancymaae,XP_064240796.1,10,S,R,different
RECQL4,NP_004251.4,1021,W,Callithrix jacchus,XP_002759208.1,-10,Q,Q,match
RECQL4,NP_004251.4,1021,W,Callithrix jacchus,XP_002759208.1,-9,W,W,match
RECQL4,NP_004251.4,1021,W,Callithrix jacchus,XP_002759208.1,-8,D,D,match
RECQL4,NP_004251.4,1021,W,Callithrix jacchus,XP_002759208.1,-7,H,H,match
RECQL4,NP_004251.4,1021,W,Callithrix jacchus,XP_002759208.1,-6,E,E,match
RECQL4,NP_004251.4,1021,W,Callithrix jacchus,XP_002759208.1,-5,P,P,match
RECQL4,NP_004251.4,1021,W,Callithrix jacchus,XP_002759208.1,-4,R,Q,different
RECQL4,NP_004251.4,1021,W,Callithrix jacchus,XP_002759208.1,-3,T,T,match
RECQL4,NP_004251.4,1021,W,Callithrix jacchus,XP_002759208.1,-2,G,G,match
RECQL4,NP_004251.4,1021,W,Callithrix jacchus,XP_002759208.1,-1,V,M,different
RECQL4,NP_004251.4,1021,W,Callithrix jacchus,XP_002759208.1,0,R,W,CPD
RECQL4,NP_004251.4,1021,W,Callithrix jacchus,XP_002759208.1,1,R,Q,different
RECQL4,NP_004251.4,1021,W,Callithrix jacchus,XP_002759208.1,2,G,S,different
RECQL4,NP_004251.4,1021,W,Callithrix jacchus,XP_002759208.1,3,T,T,match
RECQL4,NP_004251.4,1021,W,Callithrix jacchus,XP_002759208.1,4,G,G,match
RECQL4,NP_004251.4,1021,W,Callithrix jacchus,XP_002759208.1,5,V,V,match
RECQL4,NP_004251.4,1021,W,Callithrix jacchus,XP_002759208.1,6,L,L,match
RECQL4,NP_004251.4,1021,W,Callithrix jacchus,XP_002759208.1,7,V,V,match
RECQL4,NP_004251.4,1021,W,Callithrix jacchus,XP_002759208.1,8,E,E,match
RECQL4,NP_004251.4,1021,W,Callithrix jacchus,XP_002759208.1,9,F,F,match
RECQL4,NP_004251.4,1021,W,Callithrix jacchus,XP_002759208.1,10,S,R,different
RECQL4,NP_004251.4,1021,W,Saimiri boliviensis,XP_039320673.1,-10,Q,Q,match
RECQL4,NP_004251.4,1021,W,Saimiri boliviensis,XP_039320673.1,-9,W,W,match
RECQL4,NP_004251.4,1021,W,Saimiri boliviensis,XP_039320673.1,-8,D,D,match
RECQL4,NP_004251.4,1021,W,Saimiri boliviensis,XP_039320673.1,-7,H,H,match
RECQL4,NP_004251.4,1021,W,Saimiri boliviensis,XP_039320673.1,-6,E,E,match
RECQL4,NP_004251.4,1021,W,Saimiri boliviensis,XP_039320673.1,-5,P,P,match
RECQL4,NP_004251.4,1021,W,Saimiri boliviensis,XP_039320673.1,-4,R,Q,different
RECQL4,NP_004251.4,1021,W,Saimiri boliviensis,XP_039320673.1,-3,T,T,match
RECQL4,NP_004251.4,1021,W,Saimiri boliviensis,XP_039320673.1,-2,G,G,match
RECQL4,NP_004251.4,1021,W,Saimiri boliviensis,XP_039320673.1,-1,V,M,different
RECQL4,NP_004251.4,1021,W,Saimiri boliviensis,XP_039320673.1,0,R,W,CPD
RECQL4,NP_004251.4,1021,W,Saimiri boliviensis,XP_039320673.1,1,R,Q,different
RECQL4,NP_004251.4,1021,W,Saimiri boliviensis,XP_039320673.1,2,G,S,different
RECQL4,NP_004251.4,1021,W,Saimiri boliviensis,XP_039320673.1,3,T,T,match
RECQL4,NP_004251.4,1021,W,Saimiri boliviensis,XP_039320673.1,4,G,G,match
RECQL4,NP_004251.4,1021,W,Saimiri boliviensis,XP_039320673.1,5,V,V,match
RECQL4,NP_004251.4,1021,W,Saimiri boliviensis,XP_039320673.1,6,L,R,different
RECQL4,NP_004251.4,1021,W,Saimiri boliviensis,XP_039320673.1,7,V,V,match
RECQL4,NP_004251.4,1021,W,Saimiri boliviensis,XP_039320673.1,8,E,E,match
RECQL4,NP_004251.4,1021,W,Saimiri boliviensis,XP_039320673.1,9,F,F,match
RECQL4,NP_004251.4,1021,W,Saimiri boliviensis,XP_039320673.1,10,S,R,different
RECQL4,NP_004251.4,1021,W,Sapajus apella,XP_032112419.1,-10,Q,Q,match
RECQL4,NP_004251.4,1021,W,Sapajus apella,XP_032112419.1,-9,W,W,match
RECQL4,NP_004251.4,1021,W,Sapajus apella,XP_032112419.1,-8,D,D,match
RECQL4,NP_004251.4,1021,W,Sapajus apella,XP_032112419.1,-7,H,H,match
RECQL4,NP_004251.4,1021,W,Sapajus apella,XP_032112419.1,-6,E,E,match
RECQL4,NP_004251.4,1021,W,Sapajus apella,XP_032112419.1,-5,P,P,match
RECQL4,NP_004251.4,1021,W,Sapajus apella,XP_032112419.1,-4,R,R,match
RECQL4,NP_004251.4,1021,W,Sapajus apella,XP_032112419.1,-3,T,T,match
RECQL4,NP_004251.4,1021,W,Sapajus apella,XP_032112419.1,-2,G,G,match
RECQL4,NP_004251.4,1021,W,Sapajus apella,XP_032112419.1,-1,V,L,different
RECQL4,NP_004251.4,1021,W,Sapajus apella,XP_032112419.1,0,R,W,CPD
RECQL4,NP_004251.4,1021,W,Sapajus apella,XP_032112419.1,1,R,R,match
RECQL4,NP_004251.4,1021,W,Sapajus apella,XP_032112419.1,2,G,S,different
RECQL4,NP_004251.4,1021,W,Sapajus apella,XP_032112419.1,3,T,T,match
RECQL4,NP_004251.4,1021,W,Sapajus apella,XP_032112419.1,4,G,G,match
RECQL4,NP_004251.4,1021,W,Sapajus apella,XP_032112419.1,5,V,V,match
RECQL4,NP_004251.4,1021,W,Sapajus apella,XP_032112419.1,6,L,L,match
RECQL4,NP_004251.4,1021,W,Sapajus apella,XP_032112419.1,7,V,V,match
RECQL4,NP_004251.4,1021,W,Sapajus apella,XP_032112419.1,8,E,E,match
RECQL4,NP_004251.4,1021,W,Sapajus apella,XP_032112419.1,9,F,F,match
RECQL4,NP_004251.4,1021,W,Sapajus apella,XP_032112419.1,10,S,R,different
RECQL4,NP_004251.4,1021,W,Cebus imitator,XP_017367191.1,-10,Q,Q,match
RECQL4,NP_004251.4,1021,W,Cebus imitator,XP_017367191.1,-9,W,W,match
RECQL4,NP_004251.4,1021,W,Cebus imitator,XP_017367191.1,-8,D,D,match
RECQL4,NP_004251.4,1021,W,Cebus imitator,XP_017367191.1,-7,H,H,match
RECQL4,NP_004251.4,1021,W,Cebus imitator,XP_017367191.1,-6,E,E,match
RECQL4,NP_004251.4,1021,W,Cebus imitator,XP_017367191.1,-5,P,P,match
RECQL4,NP_004251.4,1021,W,Cebus imitator,XP_017367191.1,-4,R,R,match
RECQL4,NP_004251.4,1021,W,Cebus imitator,XP_017367191.1,-3,T,T,match
RECQL4,NP_004251.4,1021,W,Cebus imitator,XP_017367191.1,-2,G,G,match
RECQL4,NP_004251.4,1021,W,Cebus imitator,XP_017367191.1,-1,V,L,different
RECQL4,NP_004251.4,1021,W,Cebus imitator,XP_017367191.1,0,R,W,CPD
RECQL4,NP_004251.4,1021,W,Cebus imitator,XP_017367191.1,1,R,R,match
RECQL4,NP_004251.4,1021,W,Cebus imitator,XP_017367191.1,2,G,S,different
RECQL4,NP_004251.4,1021,W,Cebus imitator,XP_017367191.1,3,T,T,match
RECQL4,NP_004251.4,1021,W,Cebus imitator,XP_017367191.1,4,G,G,match
RECQL4,NP_004251.4,1021,W,Cebus imitator,XP_017367191.1,5,V,V,match
RECQL4,NP_004251.4,1021,W,Cebus imitator,XP_017367191.1,6,L,L,match
RECQL4,NP_004251.4,1021,W,Cebus imitator,XP_017367191.1,7,V,V,match
RECQL4,NP_004251.4,1021,W,Cebus imitator,XP_017367191.1,8,E,E,match
RECQL4,NP_004251.4,1021,W,Cebus imitator,XP_017367191.1,9,F,F,match
RECQL4,NP_004251.4,1021,W,Cebus imitator,XP_017367191.1,10,S,R,different
RP1,NP_006260.1,793,G,Hylobates moloch,XP_032615653.1,-10,N,N,match
RP1,NP_006260.1,793,G,Hylobates moloch,XP_032615653.1,-9,K,K,match
RP1,NP_006260.1,793,G,Hylobates moloch,XP_032615653.1,-8,I,I,match
RP1,NP_006260.1,793,G,Hylobates moloch,XP_032615653.1,-7,S,S,match
RP1,NP_006260.1,793,G,Hylobates moloch,XP_032615653.1,-6,L,L,match
RP1,NP_006260.1,793,G,Hylobates moloch,XP_032615653.1,-5,G,G,match
RP1,NP_006260.1,793,G,Hylobates moloch,XP_032615653.1,-4,A,A,match
RP1,NP_006260.1,793,G,Hylobates moloch,XP_032615653.1,-3,P,P,match
RP1,NP_006260.1,793,G,Hylobates moloch,XP_032615653.1,-2,K,K,match
RP1,NP_006260.1,793,G,Hylobates moloch,XP_032615653.1,-1,K,K,match
RP1,NP_006260.1,793,G,Hylobates moloch,XP_032615653.1,0,R,G,CPD
RP1,NP_006260.1,793,G,Hylobates moloch,XP_032615653.1,1,E,E,match
RP1,NP_006260.1,793,G,Hylobates moloch,XP_032615653.1,2,I,I,match
RP1,NP_006260.1,793,G,Hylobates moloch,XP_032615653.1,3,G,G,match
RP1,NP_006260.1,793,G,Hylobates moloch,XP_032615653.1,4,Q,Q,match
RP1,NP_006260.1,793,G,Hylobates moloch,XP_032615653.1,5,R,R,match
RP1,NP_006260.1,793,G,Hylobates moloch,XP_032615653.1,6,D,D,match
RP1,NP_006260.1,793,G,Hylobates moloch,XP_032615653.1,7,K,K,match
RP1,NP_006260.1,793,G,Hylobates moloch,XP_032615653.1,8,V,V,match
RP1,NP_006260.1,793,G,Hylobates moloch,XP_032615653.1,9,F,F,match
RP1,NP_006260.1,793,G,Hylobates moloch,XP_032615653.1,10,P,P,match
SACS,NP_055178.3,1,T,Saimiri boliviensis,XP_074244032.1,-10,-,-,gap
SACS,NP_055178.3,1,T,Saimiri boliviensis,XP_074244032.1,-9,-,-,gap
SACS,NP_055178.3,1,T,Saimiri boliviensis,XP_074244032.1,-8,-,-,gap
SACS,NP_055178.3,1,T,Saimiri boliviensis,XP_074244032.1,-7,-,-,gap
SACS,NP_055178.3,1,T,Saimiri boliviensis,XP_074244032.1,-6,-,-,gap
SACS,NP_055178.3,1,T,Saimiri boliviensis,XP_074244032.1,-5,-,-,gap
SACS,NP_055178.3,1,T,Saimiri boliviensis,XP_074244032.1,-4,-,-,gap
SACS,NP_055178.3,1,T,Saimiri boliviensis,XP_074244032.1,-3,-,-,gap
SACS,NP_055178.3,1,T,Saimiri boliviensis,XP_074244032.1,-2,-,M,gap
SACS,NP_055178.3,1,T,Saimiri boliviensis,XP_074244032.1,-1,-,E,gap
SACS,NP_055178.3,1,T,Saimiri boliviensis,XP_074244032.1,0,M,T,CPD
SACS,NP_055178.3,1,T,Saimiri boliviensis,XP_074244032.1,1,E,K,different
SACS,NP_055178.3,1,T,Saimiri boliviensis,XP_074244032.1,2,T,T,match
SACS,NP_055178.3,1,T,Saimiri boliviensis,XP_074244032.1,3,K,K,match
SACS,NP_055178.3,1,T,Saimiri boliviensis,XP_074244032.1,4,E,E,match
SACS,NP_055178.3,1,T,Saimiri boliviensis,XP_074244032.1,5,N,N,match
SACS,NP_055178.3,1,T,Saimiri boliviensis,XP_074244032.1,6,R,R,match
SACS,NP_055178.3,1,T,Saimiri boliviensis,XP_074244032.1,7,W,W,match
SACS,NP_055178.3,1,T,Saimiri boliviensis,XP_074244032.1,8,V,V,match
SACS,NP_055178.3,1,T,Saimiri boliviensis,XP_074244032.1,9,P,R,different
SACS,NP_055178.3,1,T,Saimiri boliviensis,XP_074244032.1,10,V,V,match
SLC26A4,NP_000432.1,422,I,Carlito syrichta,XP_021565405.1,-10,V,V,match
SLC26A4,NP_000432.1,422,I,Carlito syrichta,XP_021565405.1,-9,Q,Q,match
SLC26A4,NP_000432.1,422,I,Carlito syrichta,XP_021565405.1,-8,E,E,match
SLC26A4,NP_000432.1,422,I,Carlito syrichta,XP_021565405.1,-7,S,S,match
SLC26A4,NP_000432.1,422,I,Carlito syrichta,XP_021565405.1,-6,T,T,match
SLC26A4,NP_000432.1,422,I,Carlito syrichta,XP_021565405.1,-5,G,G,match
SLC26A4,NP_000432.1,422,I,Carlito syrichta,XP_021565405.1,-4,G,G,match
SLC26A4,NP_000432.1,422,I,Carlito syrichta,XP_021565405.1,-3,K,K,match
SLC26A4,NP_000432.1,422,I,Carlito syrichta,XP_021565405.1,-2,T,T,match
SLC26A4,NP_000432.1,422,I,Carlito syrichta,XP_021565405.1,-1,Q,Q,match
SLC26A4,NP_000432.1,422,I,Carlito syrichta,XP_021565405.1,0,V,I,CPD
SLC26A4,NP_000432.1,422,I,Carlito syrichta,XP_021565405.1,1,A,A,match
SLC26A4,NP_000432.1,422,I,Carlito syrichta,XP_021565405.1,2,G,G,match
SLC26A4,NP_000432.1,422,I,Carlito syrichta,XP_021565405.1,3,I,I,match
SLC26A4,NP_000432.1,422,I,Carlito syrichta,XP_021565405.1,4,I,I,match
SLC26A4,NP_000432.1,422,I,Carlito syrichta,XP_021565405.1,5,S,S,match
SLC26A4,NP_000432.1,422,I,Carlito syrichta,XP_021565405.1,6,A,A,match
SLC26A4,NP_000432.1,422,I,Carlito syrichta,XP_021565405.1,7,A,V,different
SLC26A4,NP_000432.1,422,I,Carlito syrichta,XP_021565405.1,8,I,I,match
SLC26A4,NP_000432.1,422,I,Carlito syrichta,XP_021565405.1,9,V,V,match
SLC26A4,NP_000432.1,422,I,Carlito syrichta,XP_021565405.1,10,M,M,match
SLC26A4,NP_000432.1,422,I,Nycticebus coucang,XP_053465235.1,-10,V,V,match
SLC26A4,NP_000432.1,422,I,Nycticebus coucang,XP_053465235.1,-9,Q,Q,match
SLC26A4,NP_000432.1,422,I,Nycticebus coucang,XP_053465235.1,-8,E,E,match
SLC26A4,NP_000432.1,422,I,Nycticebus coucang,XP_053465235.1,-7,S,S,match
SLC26A4,NP_000432.1,422,I,Nycticebus coucang,XP_053465235.1,-6,T,T,match
SLC26A4,NP_000432.1,422,I,Nycticebus coucang,XP_053465235.1,-5,G,G,match
SLC26A4,NP_000432.1,422,I,Nycticebus coucang,XP_053465235.1,-4,G,G,match
SLC26A4,NP_000432.1,422,I,Nycticebus coucang,XP_053465235.1,-3,K,K,match
SLC26A4,NP_000432.1,422,I,Nycticebus coucang,XP_053465235.1,-2,T,T,match
SLC26A4,NP_000432.1,422,I,Nycticebus coucang,XP_053465235.1,-1,Q,Q,match
SLC26A4,NP_000432.1,422,I,Nycticebus coucang,XP_053465235.1,0,V,I,CPD
SLC26A4,NP_000432.1,422,I,Nycticebus coucang,XP_053465235.1,1,A,A,match
SLC26A4,NP_000432.1,422,I,Nycticebus coucang,XP_053465235.1,2,G,G,match
SLC26A4,NP_000432.1,422,I,Nycticebus coucang,XP_053465235.1,3,I,I,match
SLC26A4,NP_000432.1,422,I,Nycticebus coucang,XP_053465235.1,4,I,I,match
SLC26A4,NP_000432.1,422,I,Nycticebus coucang,XP_053465235.1,5,S,S,match
SLC26A4,NP_000432.1,422,I,Nycticebus coucang,XP_053465235.1,6,A,A,match
SLC26A4,NP_000432.1,422,I,Nycticebus coucang,XP_053465235.1,7,A,V,different
SLC26A4,NP_000432.1,422,I,Nycticebus coucang,XP_053465235.1,8,I,I,match
SLC26A4,NP_000432.1,422,I,Nycticebus coucang,XP_053465235.1,9,V,V,match
SLC26A4,NP_000432.1,422,I,Nycticebus coucang,XP_053465235.1,10,M,M,match
SLC26A4,NP_000432.1,422,I,Otolemur garnettii,XP_003782839.2,-10,V,V,match
SLC26A4,NP_000432.1,422,I,Otolemur garnettii,XP_003782839.2,-9,Q,Q,match
SLC26A4,NP_000432.1,422,I,Otolemur garnettii,XP_003782839.2,-8,E,E,match
SLC26A4,NP_000432.1,422,I,Otolemur garnettii,XP_003782839.2,-7,S,S,match
SLC26A4,NP_000432.1,422,I,Otolemur garnettii,XP_003782839.2,-6,T,T,match
SLC26A4,NP_000432.1,422,I,Otolemur garnettii,XP_003782839.2,-5,G,G,match
SLC26A4,NP_000432.1,422,I,Otolemur garnettii,XP_003782839.2,-4,G,G,match
SLC26A4,NP_000432.1,422,I,Otolemur garnettii,XP_003782839.2,-3,K,K,match
SLC26A4,NP_000432.1,422,I,Otolemur garnettii,XP_003782839.2,-2,T,T,match
SLC26A4,NP_000432.1,422,I,Otolemur garnettii,XP_003782839.2,-1,Q,Q,match
SLC26A4,NP_000432.1,422,I,Otolemur garnettii,XP_003782839.2,0,V,I,CPD
SLC26A4,NP_000432.1,422,I,Otolemur garnettii,XP_003782839.2,1,A,A,match
SLC26A4,NP_000432.1,422,I,Otolemur garnettii,XP_003782839.2,2,G,G,match
SLC26A4,NP_000432.1,422,I,Otolemur garnettii,XP_003782839.2,3,I,I,match
SLC26A4,NP_000432.1,422,I,Otolemur garnettii,XP_003782839.2,4,I,I,match
SLC26A4,NP_000432.1,422,I,Otolemur garnettii,XP_003782839.2,5,S,S,match
SLC26A4,NP_000432.1,422,I,Otolemur garnettii,XP_003782839.2,6,A,A,match
SLC26A4,NP_000432.1,422,I,Otolemur garnettii,XP_003782839.2,7,A,V,different
SLC26A4,NP_000432.1,422,I,Otolemur garnettii,XP_003782839.2,8,I,I,match
SLC26A4,NP_000432.1,422,I,Otolemur garnettii,XP_003782839.2,9,V,V,match
SLC26A4,NP_000432.1,422,I,Otolemur garnettii,XP_003782839.2,10,M,M,match
SLC26A4,NP_000432.1,422,I,Propithecus coquereli,XP_012505772.1,-10,V,V,match
SLC26A4,NP_000432.1,422,I,Propithecus coquereli,XP_012505772.1,-9,Q,Q,match
SLC26A4,NP_000432.1,422,I,Propithecus coquereli,XP_012505772.1,-8,E,E,match
SLC26A4,NP_000432.1,422,I,Propithecus coquereli,XP_012505772.1,-7,S,S,match
SLC26A4,NP_000432.1,422,I,Propithecus coquereli,XP_012505772.1,-6,T,T,match
SLC26A4,NP_000432.1,422,I,Propithecus coquereli,XP_012505772.1,-5,G,G,match
SLC26A4,NP_000432.1,422,I,Propithecus coquereli,XP_012505772.1,-4,G,G,match
SLC26A4,NP_000432.1,422,I,Propithecus coquereli,XP_012505772.1,-3,K,K,match
SLC26A4,NP_000432.1,422,I,Propithecus coquereli,XP_012505772.1,-2,T,T,match
SLC26A4,NP_000432.1,422,I,Propithecus coquereli,XP_012505772.1,-1,Q,Q,match
SLC26A4,NP_000432.1,422,I,Propithecus coquereli,XP_012505772.1,0,V,I,CPD
SLC26A4,NP_000432.1,422,I,Propithecus coquereli,XP_012505772.1,1,A,A,match
SLC26A4,NP_000432.1,422,I,Propithecus coquereli,XP_012505772.1,2,G,G,match
SLC26A4,NP_000432.1,422,I,Propithecus coquereli,XP_012505772.1,3,I,I,match
SLC26A4,NP_000432.1,422,I,Propithecus coquereli,XP_012505772.1,4,I,V,different
SLC26A4,NP_000432.1,422,I,Propithecus coquereli,XP_012505772.1,5,S,S,match
SLC26A4,NP_000432.1,422,I,Propithecus coquereli,XP_012505772.1,6,A,A,match
SLC26A4,NP_000432.1,422,I,Propithecus coquereli,XP_012505772.1,7,A,G,different
SLC26A4,NP_000432.1,422,I,Propithecus coquereli,XP_012505772.1,8,I,I,match
SLC26A4,NP_000432.1,422,I,Propithecus coquereli,XP_012505772.1,9,V,V,match
SLC26A4,NP_000432.1,422,I,Propithecus coquereli,XP_012505772.1,10,M,M,match
SLC26A4,NP_000432.1,422,I,Eulemur rufifrons,XP_069318278.1,-10,V,V,match
SLC26A4,NP_000432.1,422,I,Eulemur rufifrons,XP_069318278.1,-9,Q,Q,match
SLC26A4,NP_000432.1,422,I,Eulemur rufifrons,XP_069318278.1,-8,E,E,match
SLC26A4,NP_000432.1,422,I,Eulemur rufifrons,XP_069318278.1,-7,S,S,match
SLC26A4,NP_000432.1,422,I,Eulemur rufifrons,XP_069318278.1,-6,T,T,match
SLC26A4,NP_000432.1,422,I,Eulemur rufifrons,XP_069318278.1,-5,G,G,match
SLC26A4,NP_000432.1,422,I,Eulemur rufifrons,XP_069318278.1,-4,G,G,match
SLC26A4,NP_000432.1,422,I,Eulemur rufifrons,XP_069318278.1,-3,K,K,match
SLC26A4,NP_000432.1,422,I,Eulemur rufifrons,XP_069318278.1,-2,T,T,match
SLC26A4,NP_000432.1,422,I,Eulemur rufifrons,XP_069318278.1,-1,Q,Q,match
SLC26A4,NP_000432.1,422,I,Eulemur rufifrons,XP_069318278.1,0,V,I,CPD
SLC26A4,NP_000432.1,422,I,Eulemur rufifrons,XP_069318278.1,1,A,A,match
SLC26A4,NP_000432.1,422,I,Eulemur rufifrons,XP_069318278.1,2,G,G,match
SLC26A4,NP_000432.1,422,I,Eulemur rufifrons,XP_069318278.1,3,I,I,match
SLC26A4,NP_000432.1,422,I,Eulemur rufifrons,XP_069318278.1,4,I,I,match
SLC26A4,NP_000432.1,422,I,Eulemur rufifrons,XP_069318278.1,5,S,S,match
SLC26A4,NP_000432.1,422,I,Eulemur rufifrons,XP_069318278.1,6,A,A,match
SLC26A4,NP_000432.1,422,I,Eulemur rufifrons,XP_069318278.1,7,A,G,different
SLC26A4,NP_000432.1,422,I,Eulemur rufifrons,XP_069318278.1,8,I,I,match
SLC26A4,NP_000432.1,422,I,Eulemur rufifrons,XP_069318278.1,9,V,V,match
SLC26A4,NP_000432.1,422,I,Eulemur rufifrons,XP_069318278.1,10,M,M,match
SLC26A4,NP_000432.1,422,I,Lemur catta,XP_045421398.1,-10,V,V,match
SLC26A4,NP_000432.1,422,I,Lemur catta,XP_045421398.1,-9,Q,Q,match
SLC26A4,NP_000432.1,422,I,Lemur catta,XP_045421398.1,-8,E,E,match
SLC26A4,NP_000432.1,422,I,Lemur catta,XP_045421398.1,-7,S,S,match
SLC26A4,NP_000432.1,422,I,Lemur catta,XP_045421398.1,-6,T,T,match
SLC26A4,NP_000432.1,422,I,Lemur catta,XP_045421398.1,-5,G,G,match
SLC26A4,NP_000432.1,422,I,Lemur catta,XP_045421398.1,-4,G,G,match
SLC26A4,NP_000432.1,422,I,Lemur catta,XP_045421398.1,-3,K,K,match
SLC26A4,NP_000432.1,422,I,Lemur catta,XP_045421398.1,-2,T,T,match
SLC26A4,NP_000432.1,422,I,Lemur catta,XP_045421398.1,-1,Q,Q,match
SLC26A4,NP_000432.1,422,I,Lemur catta,XP_045421398.1,0,V,I,CPD
SLC26A4,NP_000432.1,422,I,Lemur catta,XP_045421398.1,1,A,A,match
SLC26A4,NP_000432.1,422,I,Lemur catta,XP_045421398.1,2,G,G,match
SLC26A4,NP_000432.1,422,I,Lemur catta,XP_045421398.1,3,I,I,match
SLC26A4,NP_000432.1,422,I,Lemur catta,XP_045421398.1,4,I,I,match
SLC26A4,NP_000432.1,422,I,Lemur catta,XP_045421398.1,5,S,S,match
SLC26A4,NP_000432.1,422,I,Lemur catta,XP_045421398.1,6,A,A,match
SLC26A4,NP_000432.1,422,I,Lemur catta,XP_045421398.1,7,A,G,different
SLC26A4,NP_000432.1,422,I,Lemur catta,XP_045421398.1,8,I,I,match
SLC26A4,NP_000432.1,422,I,Lemur catta,XP_045421398.1,9,V,V,match
SLC26A4,NP_000432.1,422,I,Lemur catta,XP_045421398.1,10,M,M,match
SYNE1,NP_892006.3,815,T,Nycticebus coucang,XP_053446481.1,-10,P,P,match
SYNE1,NP_892006.3,815,T,Nycticebus coucang,XP_053446481.1,-9,L,L,match
SYNE1,NP_892006.3,815,T,Nycticebus coucang,XP_053446481.1,-8,L,L,match
SYNE1,NP_892006.3,815,T,Nycticebus coucang,XP_053446481.1,-7,Y,Y,match
SYNE1,NP_892006.3,815,T,Nycticebus coucang,XP_053446481.1,-6,E,E,match
SYNE1,NP_892006.3,815,T,Nycticebus coucang,XP_053446481.1,-5,S,S,match
SYNE1,NP_892006.3,815,T,Nycticebus coucang,XP_053446481.1,-4,Q,R,different
SYNE1,NP_892006.3,815,T,Nycticebus coucang,XP_053446481.1,-3,Q,Q,match
SYNE1,NP_892006.3,815,T,Nycticebus coucang,XP_053446481.1,-2,L,L,match
SYNE1,NP_892006.3,815,T,Nycticebus coucang,XP_053446481.1,-1,L,L,match
SYNE1,NP_892006.3,815,T,Nycticebus coucang,XP_053446481.1,0,I,T,CPD
SYNE1,NP_892006.3,815,T,Nycticebus coucang,XP_053446481.1,1,P,P,match
SYNE1,NP_892006.3,815,T,Nycticebus coucang,XP_053446481.1,2,L,L,match
SYNE1,NP_892006.3,815,T,Nycticebus coucang,XP_053446481.1,3,E,E,match
SYNE1,NP_892006.3,815,T,Nycticebus coucang,XP_053446481.1,4,E,E,match
SYNE1,NP_892006.3,815,T,Nycticebus coucang,XP_053446481.1,5,L,L,match
SYNE1,NP_892006.3,815,T,Nycticebus coucang,XP_053446481.1,6,E,E,match
SYNE1,NP_892006.3,815,T,Nycticebus coucang,XP_053446481.1,7,K,K,match
SYNE1,NP_892006.3,815,T,Nycticebus coucang,XP_053446481.1,8,Q,Q,match
SYNE1,NP_892006.3,815,T,Nycticebus coucang,XP_053446481.1,9,M,M,match
SYNE1,NP_892006.3,815,T,Nycticebus coucang,XP_053446481.1,10,T,T,match
SYNE1,NP_892006.3,815,T,Otolemur garnettii,XP_003797918.1,-10,P,P,match
SYNE1,NP_892006.3,815,T,Otolemur garnettii,XP_003797918.1,-9,L,L,match
SYNE1,NP_892006.3,815,T,Otolemur garnettii,XP_003797918.1,-8,L,L,match
SYNE1,NP_892006.3,815,T,Otolemur garnettii,XP_003797918.1,-7,Y,Y,match
SYNE1,NP_892006.3,815,T,Otolemur garnettii,XP_003797918.1,-6,E,E,match
SYNE1,NP_892006.3,815,T,Otolemur garnettii,XP_003797918.1,-5,S,S,match
SYNE1,NP_892006.3,815,T,Otolemur garnettii,XP_003797918.1,-4,Q,R,different
SYNE1,NP_892006.3,815,T,Otolemur garnettii,XP_003797918.1,-3,Q,Q,match
SYNE1,NP_892006.3,815,T,Otolemur garnettii,XP_003797918.1,-2,L,L,match
SYNE1,NP_892006.3,815,T,Otolemur garnettii,XP_003797918.1,-1,L,L,match
SYNE1,NP_892006.3,815,T,Otolemur garnettii,XP_003797918.1,0,I,T,CPD
SYNE1,NP_892006.3,815,T,Otolemur garnettii,XP_003797918.1,1,P,P,match
SYNE1,NP_892006.3,815,T,Otolemur garnettii,XP_003797918.1,2,L,L,match
SYNE1,NP_892006.3,815,T,Otolemur garnettii,XP_003797918.1,3,E,E,match
SYNE1,NP_892006.3,815,T,Otolemur garnettii,XP_003797918.1,4,E,E,match
SYNE1,NP_892006.3,815,T,Otolemur garnettii,XP_003797918.1,5,L,L,match
SYNE1,NP_892006.3,815,T,Otolemur garnettii,XP_003797918.1,6,E,E,match
SYNE1,NP_892006.3,815,T,Otolemur garnettii,XP_003797918.1,7,K,K,match
SYNE1,NP_892006.3,815,T,Otolemur garnettii,XP_003797918.1,8,Q,Q,match
SYNE1,NP_892006.3,815,T,Otolemur garnettii,XP_003797918.1,9,M,M,match
SYNE1,NP_892006.3,815,T,Otolemur garnettii,XP_003797918.1,10,T,T,match
TCIRG1,NP_001427481.1,558,L,Microcebus murinus,XP_012612866.2,-10,F,F,match
TCIRG1,NP_001427481.1,558,L,Microcebus murinus,XP_012612866.2,-9,G,G,match
TCIRG1,NP_001427481.1,558,L,Microcebus murinus,XP_012612866.2,-8,V,V,match
TCIRG1,NP_001427481.1,558,L,Microcebus murinus,XP_012612866.2,-7,V,V,match
TCIRG1,NP_001427481.1,558,L,Microcebus murinus,XP_012612866.2,-6,L,L,match
TCIRG1,NP_001427481.1,558,L,Microcebus murinus,XP_012612866.2,-5,G,G,match
TCIRG1,NP_001427481.1,558,L,Microcebus murinus,XP_012612866.2,-4,V,V,match
TCIRG1,NP_001427481.1,558,L,Microcebus murinus,XP_012612866.2,-3,F,F,match
TCIRG1,NP_001427481.1,558,L,Microcebus murinus,XP_012612866.2,-2,N,N,match
TCIRG1,NP_001427481.1,558,L,Microcebus murinus,XP_012612866.2,-1,H,H,match
TCIRG1,NP_001427481.1,558,L,Microcebus murinus,XP_012612866.2,0,V,L,CPD
TCIRG1,NP_001427481.1,558,L,Microcebus murinus,XP_012612866.2,1,H,H,match
TCIRG1,NP_001427481.1,558,L,Microcebus murinus,XP_012612866.2,2,F,F,match
TCIRG1,NP_001427481.1,558,L,Microcebus murinus,XP_012612866.2,3,G,G,match
TCIRG1,NP_001427481.1,558,L,Microcebus murinus,XP_012612866.2,4,Q,Q,match
TCIRG1,NP_001427481.1,558,L,Microcebus murinus,XP_012612866.2,5,R,K,different
TCIRG1,NP_001427481.1,558,L,Microcebus murinus,XP_012612866.2,6,H,H,match
TCIRG1,NP_001427481.1,558,L,Microcebus murinus,XP_012612866.2,7,R,R,match
TCIRG1,NP_001427481.1,558,L,Microcebus murinus,XP_012612866.2,8,L,L,match
TCIRG1,NP_001427481.1,558,L,Microcebus murinus,XP_012612866.2,9,L,L,match
TCIRG1,NP_001427481.1,558,L,Microcebus murinus,XP_012612866.2,10,L,L,match
TCIRG1,NP_001427481.1,558,L,Propithecus coquereli,XP_012521016.1,-10,F,F,match
TCIRG1,NP_001427481.1,558,L,Propithecus coquereli,XP_012521016.1,-9,G,G,match
TCIRG1,NP_001427481.1,558,L,Propithecus coquereli,XP_012521016.1,-8,V,V,match
TCIRG1,NP_001427481.1,558,L,Propithecus coquereli,XP_012521016.1,-7,V,V,match
TCIRG1,NP_001427481.1,558,L,Propithecus coquereli,XP_012521016.1,-6,L,L,match
TCIRG1,NP_001427481.1,558,L,Propithecus coquereli,XP_012521016.1,-5,G,G,match
TCIRG1,NP_001427481.1,558,L,Propithecus coquereli,XP_012521016.1,-4,V,V,match
TCIRG1,NP_001427481.1,558,L,Propithecus coquereli,XP_012521016.1,-3,F,F,match
TCIRG1,NP_001427481.1,558,L,Propithecus coquereli,XP_012521016.1,-2,N,N,match
TCIRG1,NP_001427481.1,558,L,Propithecus coquereli,XP_012521016.1,-1,H,H,match
TCIRG1,NP_001427481.1,558,L,Propithecus coquereli,XP_012521016.1,0,V,L,CPD
TCIRG1,NP_001427481.1,558,L,Propithecus coquereli,XP_012521016.1,1,H,H,match
TCIRG1,NP_001427481.1,558,L,Propithecus coquereli,XP_012521016.1,2,F,F,match
TCIRG1,NP_001427481.1,558,L,Propithecus coquereli,XP_012521016.1,3,G,G,match
TCIRG1,NP_001427481.1,558,L,Propithecus coquereli,XP_012521016.1,4,Q,Q,match
TCIRG1,NP_001427481.1,558,L,Propithecus coquereli,XP_012521016.1,5,R,R,match
TCIRG1,NP_001427481.1,558,L,Propithecus coquereli,XP_012521016.1,6,H,H,match
TCIRG1,NP_001427481.1,558,L,Propithecus coquereli,XP_012521016.1,7,R,R,match
TCIRG1,NP_001427481.1,558,L,Propithecus coquereli,XP_012521016.1,8,L,L,match
TCIRG1,NP_001427481.1,558,L,Propithecus coquereli,XP_012521016.1,9,L,L,match
TCIRG1,NP_001427481.1,558,L,Propithecus coquereli,XP_012521016.1,10,L,L,match
TCIRG1,NP_001427481.1,558,L,Eulemur rufifrons,XP_069327841.1,-10,F,F,match
TCIRG1,NP_001427481.1,558,L,Eulemur rufifrons,XP_069327841.1,-9,G,G,match
TCIRG1,NP_001427481.1,558,L,Eulemur rufifrons,XP_069327841.1,-8,V,V,match
TCIRG1,NP_001427481.1,558,L,Eulemur rufifrons,XP_069327841.1,-7,V,V,match
TCIRG1,NP_001427481.1,558,L,Eulemur rufifrons,XP_069327841.1,-6,L,L,match
TCIRG1,NP_001427481.1,558,L,Eulemur rufifrons,XP_069327841.1,-5,G,G,match
TCIRG1,NP_001427481.1,558,L,Eulemur rufifrons,XP_069327841.1,-4,V,V,match
TCIRG1,NP_001427481.1,558,L,Eulemur rufifrons,XP_069327841.1,-3,F,F,match
TCIRG1,NP_001427481.1,558,L,Eulemur rufifrons,XP_069327841.1,-2,N,N,match
TCIRG1,NP_001427481.1,558,L,Eulemur rufifrons,XP_069327841.1,-1,H,H,match
TCIRG1,NP_001427481.1,558,L,Eulemur rufifrons,XP_069327841.1,0,V,L,CPD
TCIRG1,NP_001427481.1,558,L,Eulemur rufifrons,XP_069327841.1,1,H,H,match
TCIRG1,NP_001427481.1,558,L,Eulemur rufifrons,XP_069327841.1,2,F,F,match
TCIRG1,NP_001427481.1,558,L,Eulemur rufifrons,XP_069327841.1,3,G,G,match
TCIRG1,NP_001427481.1,558,L,Eulemur rufifrons,XP_069327841.1,4,Q,Q,match
TCIRG1,NP_001427481.1,558,L,Eulemur rufifrons,XP_069327841.1,5,R,R,match
TCIRG1,NP_001427481.1,558,L,Eulemur rufifrons,XP_069327841.1,6,H,H,match
TCIRG1,NP_001427481.1,558,L,Eulemur rufifrons,XP_069327841.1,7,R,R,match
TCIRG1,NP_001427481.1,558,L,Eulemur rufifrons,XP_069327841.1,8,L,L,match
TCIRG1,NP_001427481.1,558,L,Eulemur rufifrons,XP_069327841.1,9,L,L,match
TCIRG1,NP_001427481.1,558,L,Eulemur rufifrons,XP_069327841.1,10,L,L,match
TCIRG1,NP_001427481.1,558,L,Lemur catta,XP_045414236.1,-10,F,F,match
TCIRG1,NP_001427481.1,558,L,Lemur catta,XP_045414236.1,-9,G,G,match
TCIRG1,NP_001427481.1,558,L,Lemur catta,XP_045414236.1,-8,V,V,match
TCIRG1,NP_001427481.1,558,L,Lemur catta,XP_045414236.1,-7,V,V,match
TCIRG1,NP_001427481.1,558,L,Lemur catta,XP_045414236.1,-6,L,L,match
TCIRG1,NP_001427481.1,558,L,Lemur catta,XP_045414236.1,-5,G,G,match
TCIRG1,NP_001427481.1,558,L,Lemur catta,XP_045414236.1,-4,V,V,match
TCIRG1,NP_001427481.1,558,L,Lemur catta,XP_045414236.1,-3,F,F,match
TCIRG1,NP_001427481.1,558,L,Lemur catta,XP_045414236.1,-2,N,N,match
TCIRG1,NP_001427481.1,558,L,Lemur catta,XP_045414236.1,-1,H,H,match
TCIRG1,NP_001427481.1,558,L,Lemur catta,XP_045414236.1,0,V,L,CPD
TCIRG1,NP_001427481.1,558,L,Lemur catta,XP_045414236.1,1,H,H,match
TCIRG1,NP_001427481.1,558,L,Lemur catta,XP_045414236.1,2,F,F,match
TCIRG1,NP_001427481.1,558,L,Lemur catta,XP_045414236.1,3,G,G,match
TCIRG1,NP_001427481.1,558,L,Lemur catta,XP_045414236.1,4,Q,Q,match
TCIRG1,NP_001427481.1,558,L,Lemur catta,XP_045414236.1,5,R,R,match
TCIRG1,NP_001427481.1,558,L,Lemur catta,XP_045414236.1,6,H,H,match
TCIRG1,NP_001427481.1,558,L,Lemur catta,XP_045414236.1,7,R,R,match
TCIRG1,NP_001427481.1,558,L,Lemur catta,XP_045414236.1,8,L,L,match
TCIRG1,NP_001427481.1,558,L,Lemur catta,XP_045414236.1,9,L,L,match
TCIRG1,NP_001427481.1,558,L,Lemur catta,XP_045414236.1,10,L,L,match
TMEM67,NP_714915.3,92,R,Microcebus murinus,XP_012628320.1,-10,P,P,match
TMEM67,NP_714915.3,92,R,Microcebus murinus,XP_012628320.1,-9,G,G,match
TMEM67,NP_714915.3,92,R,Microcebus murinus,XP_012628320.1,-8,F,F,match
TMEM67,NP_714915.3,92,R,Microcebus murinus,XP_012628320.1,-7,Q,Q,match
TMEM67,NP_714915.3,92,R,Microcebus murinus,XP_012628320.1,-6,M,K,different
TMEM67,NP_714915.3,92,R,Microcebus murinus,XP_012628320.1,-5,I,L,different
TMEM67,NP_714915.3,92,R,Microcebus murinus,XP_012628320.1,-4,S,S,match
TMEM67,NP_714915.3,92,R,Microcebus murinus,XP_012628320.1,-3,N,S,different
TMEM67,NP_714915.3,92,R,Microcebus murinus,XP_012628320.1,-2,N,N,match
TMEM67,NP_714915.3,92,R,Microcebus murinus,XP_012628320.1,-1,G,G,match
TMEM67,NP_714915.3,92,R,Microcebus murinus,XP_012628320.1,0,G,R,CPD
TMEM67,NP_714915.3,92,R,Microcebus murinus,XP_012628320.1,1,P,P,match
TMEM67,NP_714915.3,92,R,Microcebus murinus,XP_012628320.1,2,A,A,match
TMEM67,NP_714915.3,92,R,Microcebus murinus,XP_012628320.1,3,I,I,match
TMEM67,NP_714915.3,92,R,Microcebus murinus,XP_012628320.1,4,I,I,match
TMEM67,NP_714915.3,92,R,Microcebus murinus,XP_012628320.1,5,C,C,match
TMEM67,NP_714915.3,92,R,Microcebus murinus,XP_012628320.1,6,K,K,match
TMEM67,NP_714915.3,92,R,Microcebus murinus,XP_012628320.1,7,K,K,match
TMEM67,NP_714915.3,92,R,Microcebus murinus,XP_012628320.1,8,C,C,match
TMEM67,NP_714915.3,92,R,Microcebus murinus,XP_012628320.1,9,P,P,match
TMEM67,NP_714915.3,92,R,Microcebus murinus,XP_012628320.1,10,E,E,match
TTR,NP_000362.1,142,I,Chlorocebus sabaeus,XP_007972558.2,-10,S,S,match
TTR,NP_000362.1,142,I,Chlorocebus sabaeus,XP_007972558.2,-9,P,P,match
TTR,NP_000362.1,142,I,Chlorocebus sabaeus,XP_007972558.2,-8,Y,Y,match
TTR,NP_000362.1,142,I,Chlorocebus sabaeus,XP_007972558.2,-7,S,S,match
TTR,NP_000362.1,142,I,Chlorocebus sabaeus,XP_007972558.2,-6,Y,Y,match
TTR,NP_000362.1,142,I,Chlorocebus sabaeus,XP_007972558.2,-5,S,S,match
TTR,NP_000362.1,142,I,Chlorocebus sabaeus,XP_007972558.2,-4,T,T,match
TTR,NP_000362.1,142,I,Chlorocebus sabaeus,XP_007972558.2,-3,T,T,match
TTR,NP_000362.1,142,I,Chlorocebus sabaeus,XP_007972558.2,-2,A,A,match
TTR,NP_000362.1,142,I,Chlorocebus sabaeus,XP_007972558.2,-1,V,V,match
TTR,NP_000362.1,142,I,Chlorocebus sabaeus,XP_007972558.2,0,V,I,CPD
TTR,NP_000362.1,142,I,Chlorocebus sabaeus,XP_007972558.2,1,T,T,match
TTR,NP_000362.1,142,I,Chlorocebus sabaeus,XP_007972558.2,2,N,N,match
TTR,NP_000362.1,142,I,Chlorocebus sabaeus,XP_007972558.2,3,P,P,match
TTR,NP_000362.1,142,I,Chlorocebus sabaeus,XP_007972558.2,4,K,K,match
TTR,NP_000362.1,142,I,Chlorocebus sabaeus,XP_007972558.2,5,E,E,match
TTR,NP_000362.1,142,I,Chlorocebus sabaeus,XP_007972558.2,6,,,outside
TTR,NP_000362.1,142,I,Chlorocebus sabaeus,XP_007972558.2,7,,,outside
TTR,NP_000362.1,142,I,Chlorocebus sabaeus,XP_007972558.2,8,,,outside
TTR,NP_000362.1,142,I,Chlorocebus sabaeus,XP_007972558.2,9,,,outside
TTR,NP_000362.1,142,I,Chlorocebus sabaeus,XP_007972558.2,10,,,outside
TTR,NP_000362.1,127,V,Saimiri boliviensis,XP_010333768.1,-10,A,A,match
TTR,NP_000362.1,127,V,Saimiri boliviensis,XP_010333768.1,-9,N,N,match
TTR,NP_000362.1,127,V,Saimiri boliviensis,XP_010333768.1,-8,D,E,different
TTR,NP_000362.1,127,V,Saimiri boliviensis,XP_010333768.1,-7,S,S,match
TTR,NP_000362.1,127,V,Saimiri boliviensis,XP_010333768.1,-6,G,G,match
TTR,NP_000362.1,127,V,Saimiri boliviensis,XP_010333768.1,-5,P,P,match
TTR,NP_000362.1,127,V,Saimiri boliviensis,XP_010333768.1,-4,R,R,match
TTR,NP_000362.1,127,V,Saimiri boliviensis,XP_010333768.1,-3,R,H,different
TTR,NP_000362.1,127,V,Saimiri boliviensis,XP_010333768.1,-2,Y,Y,match
TTR,NP_000362.1,127,V,Saimiri boliviensis,XP_010333768.1,-1,T,I,different
TTR,NP_000362.1,127,V,Saimiri boliviensis,XP_010333768.1,0,I,V,CPD
TTR,NP_000362.1,127,V,Saimiri boliviensis,XP_010333768.1,1,A,A,match
TTR,NP_000362.1,127,V,Saimiri boliviensis,XP_010333768.1,2,A,A,match
TTR,NP_000362.1,127,V,Saimiri boliviensis,XP_010333768.1,3,L,L,match
TTR,NP_000362.1,127,V,Saimiri boliviensis,XP_010333768.1,4,L,L,match
TTR,NP_000362.1,127,V,Saimiri boliviensis,XP_010333768.1,5,S,S,match
TTR,NP_000362.1,127,V,Saimiri boliviensis,XP_010333768.1,6,P,P,match
TTR,NP_000362.1,127,V,Saimiri boliviensis,XP_010333768.1,7,Y,Y,match
TTR,NP_000362.1,127,V,Saimiri boliviensis,XP_010333768.1,8,S,S,match
TTR,NP_000362.1,127,V,Saimiri boliviensis,XP_010333768.1,9,Y,Y,match
TTR,NP_000362.1,127,V,Saimiri boliviensis,XP_010333768.1,10,S,S,match
TTR,NP_000362.1,127,V,Sapajus apella,XP_032149005.1,-10,A,A,match
TTR,NP_000362.1,127,V,Sapajus apella,XP_032149005.1,-9,N,N,match
TTR,NP_000362.1,127,V,Sapajus apella,XP_032149005.1,-8,D,E,different
TTR,NP_000362.1,127,V,Sapajus apella,XP_032149005.1,-7,S,S,match
TTR,NP_000362.1,127,V,Sapajus apella,XP_032149005.1,-6,G,G,match
TTR,NP_000362.1,127,V,Sapajus apella,XP_032149005.1,-5,P,P,match
TTR,NP_000362.1,127,V,Sapajus apella,XP_032149005.1,-4,R,R,match
TTR,NP_000362.1,127,V,Sapajus apella,XP_032149005.1,-3,R,H,different
TTR,NP_000362.1,127,V,Sapajus apella,XP_032149005.1,-2,Y,Y,match
TTR,NP_000362.1,127,V,Sapajus apella,XP_032149005.1,-1,T,I,different
TTR,NP_000362.1,127,V,Sapajus apella,XP_032149005.1,0,I,V,CPD
TTR,NP_000362.1,127,V,Sapajus apella,XP_032149005.1,1,A,A,match
TTR,NP_000362.1,127,V,Sapajus apella,XP_032149005.1,2,A,A,match
TTR,NP_000362.1,127,V,Sapajus apella,XP_032149005.1,3,L,L,match
TTR,NP_000362.1,127,V,Sapajus apella,XP_032149005.1,4,L,L,match
TTR,NP_000362.1,127,V,Sapajus apella,XP_032149005.1,5,S,S,match
TTR,NP_000362.1,127,V,Sapajus apella,XP_032149005.1,6,P,P,match
TTR,NP_000362.1,127,V,Sapajus apella,XP_032149005.1,7,Y,Y,match
TTR,NP_000362.1,127,V,Sapajus apella,XP_032149005.1,8,S,S,match
TTR,NP_000362.1,127,V,Sapajus apella,XP_032149005.1,9,Y,Y,match
TTR,NP_000362.1,127,V,Sapajus apella,XP_032149005.1,10,S,S,match
TTR,NP_000362.1,127,V,Callithrix jacchus,NP_001254679.1,-10,A,A,match
TTR,NP_000362.1,127,V,Callithrix jacchus,NP_001254679.1,-9,N,N,match
TTR,NP_000362.1,127,V,Callithrix jacchus,NP_001254679.1,-8,D,D,match
TTR,NP_000362.1,127,V,Callithrix jacchus,NP_001254679.1,-7,S,S,match
TTR,NP_000362.1,127,V,Callithrix jacchus,NP_001254679.1,-6,G,G,match
TTR,NP_000362.1,127,V,Callithrix jacchus,NP_001254679.1,-5,P,P,match
TTR,NP_000362.1,127,V,Callithrix jacchus,NP_001254679.1,-4,R,R,match
TTR,NP_000362.1,127,V,Callithrix jacchus,NP_001254679.1,-3,R,H,different
TTR,NP_000362.1,127,V,Callithrix jacchus,NP_001254679.1,-2,Y,Y,match
TTR,NP_000362.1,127,V,Callithrix jacchus,NP_001254679.1,-1,T,I,different
TTR,NP_000362.1,127,V,Callithrix jacchus,NP_001254679.1,0,I,V,CPD
TTR,NP_000362.1,127,V,Callithrix jacchus,NP_001254679.1,1,A,A,match
TTR,NP_000362.1,127,V,Callithrix jacchus,NP_001254679.1,2,A,A,match
TTR,NP_000362.1,127,V,Callithrix jacchus,NP_001254679.1,3,L,L,match
TTR,NP_000362.1,127,V,Callithrix jacchus,NP_001254679.1,4,L,L,match
TTR,NP_000362.1,127,V,Callithrix jacchus,NP_001254679.1,5,S,S,match
TTR,NP_000362.1,127,V,Callithrix jacchus,NP_001254679.1,6,P,P,match
TTR,NP_000362.1,127,V,Callithrix jacchus,NP_001254679.1,7,Y,Y,match
TTR,NP_000362.1,127,V,Callithrix jacchus,NP_001254679.1,8,S,S,match
TTR,NP_000362.1,127,V,Callithrix jacchus,NP_001254679.1,9,Y,Y,match
TTR,NP_000362.1,127,V,Callithrix jacchus,NP_001254679.1,10,S,S,match
TTR,NP_000362.1,127,V,Aotus nancymaae,XP_012302669.1,-10,A,A,match
TTR,NP_000362.1,127,V,Aotus nancymaae,XP_012302669.1,-9,N,N,match
TTR,NP_000362.1,127,V,Aotus nancymaae,XP_012302669.1,-8,D,D,match
TTR,NP_000362.1,127,V,Aotus nancymaae,XP_012302669.1,-7,S,S,match
TTR,NP_000362.1,127,V,Aotus nancymaae,XP_012302669.1,-6,G,G,match
TTR,NP_000362.1,127,V,Aotus nancymaae,XP_012302669.1,-5,P,P,match
TTR,NP_000362.1,127,V,Aotus nancymaae,XP_012302669.1,-4,R,R,match
TTR,NP_000362.1,127,V,Aotus nancymaae,XP_012302669.1,-3,R,H,different
TTR,NP_000362.1,127,V,Aotus nancymaae,XP_012302669.1,-2,Y,Y,match
TTR,NP_000362.1,127,V,Aotus nancymaae,XP_012302669.1,-1,T,I,different
TTR,NP_000362.1,127,V,Aotus nancymaae,XP_012302669.1,0,I,V,CPD
TTR,NP_000362.1,127,V,Aotus nancymaae,XP_012302669.1,1,A,A,match
TTR,NP_000362.1,127,V,Aotus nancymaae,XP_012302669.1,2,A,A,match
TTR,NP_000362.1,127,V,Aotus nancymaae,XP_012302669.1,3,L,L,match
TTR,NP_000362.1,127,V,Aotus nancymaae,XP_012302669.1,4,L,L,match
TTR,NP_000362.1,127,V,Aotus nancymaae,XP_012302669.1,5,S,S,match
TTR,NP_000362.1,127,V,Aotus nancymaae,XP_012302669.1,6,P,P,match
TTR,NP_000362.1,127,V,Aotus nancymaae,XP_012302669.1,7,Y,Y,match
TTR,NP_000362.1,127,V,Aotus nancymaae,XP_012302669.1,8,S,S,match
TTR,NP_000362.1,127,V,Aotus nancymaae,XP_012302669.1,9,Y,Y,match
TTR,NP_000362.1,127,V,Aotus nancymaae,XP_012302669.1,10,S,S,match
TTR,NP_000362.1,82,K,Mandrillus leucophaeus,XP_011829762.1,-10,S,S,match
TTR,NP_000362.1,82,K,Mandrillus leucophaeus,XP_011829762.1,-9,G,G,match
TTR,NP_000362.1,82,K,Mandrillus leucophaeus,XP_011829762.1,-8,E,E,match
TTR,NP_000362.1,82,K,Mandrillus leucophaeus,XP_011829762.1,-7,L,L,match
TTR,NP_000362.1,82,K,Mandrillus leucophaeus,XP_011829762.1,-6,H,H,match
TTR,NP_000362.1,82,K,Mandrillus leucophaeus,XP_011829762.1,-5,G,G,match
TTR,NP_000362.1,82,K,Mandrillus leucophaeus,XP_011829762.1,-4,L,L,match
TTR,NP_000362.1,82,K,Mandrillus leucophaeus,XP_011829762.1,-3,T,T,match
TTR,NP_000362.1,82,K,Mandrillus leucophaeus,XP_011829762.1,-2,T,T,match
TTR,NP_000362.1,82,K,Mandrillus leucophaeus,XP_011829762.1,-1,E,E,match
TTR,NP_000362.1,82,K,Mandrillus leucophaeus,XP_011829762.1,0,E,K,CPD
TTR,NP_000362.1,82,K,Mandrillus leucophaeus,XP_011829762.1,1,E,E,match
TTR,NP_000362.1,82,K,Mandrillus leucophaeus,XP_011829762.1,2,F,F,match
TTR,NP_000362.1,82,K,Mandrillus leucophaeus,XP_011829762.1,3,V,V,match
TTR,NP_000362.1,82,K,Mandrillus leucophaeus,XP_011829762.1,4,E,E,match
TTR,NP_000362.1,82,K,Mandrillus leucophaeus,XP_011829762.1,5,G,G,match
TTR,NP_000362.1,82,K,Mandrillus leucophaeus,XP_011829762.1,6,I,I,match
TTR,NP_000362.1,82,K,Mandrillus leucophaeus,XP_011829762.1,7,Y,Y,match
TTR,NP_000362.1,82,K,Mandrillus leucophaeus,XP_011829762.1,8,K,K,match
TTR,NP_000362.1,82,K,Mandrillus leucophaeus,XP_011829762.1,9,V,V,match
TTR,NP_000362.1,82,K,Mandrillus leucophaeus,XP_011829762.1,10,E,E,match
TTR,NP_000362.1,77,R,Carlito syrichta,XP_008071577.1,-10,G,G,match
TTR,NP_000362.1,77,R,Carlito syrichta,XP_008071577.1,-9,K,K,match
TTR,NP_000362.1,77,R,Carlito syrichta,XP_008071577.1,-8,T,T,match
TTR,NP_000362.1,77,R,Carlito syrichta,XP_008071577.1,-7,S,S,match
TTR,NP_000362.1,77,R,Carlito syrichta,XP_008071577.1,-6,E,E,match
TTR,NP_000362.1,77,R,Carlito syrichta,XP_008071577.1,-5,S,S,match
TTR,NP_000362.1,77,R,Carlito syrichta,XP_008071577.1,-4,G,G,match
TTR,NP_000362.1,77,R,Carlito syrichta,XP_008071577.1,-3,E,E,match
TTR,NP_000362.1,77,R,Carlito syrichta,XP_008071577.1,-2,L,L,match
TTR,NP_000362.1,77,R,Carlito syrichta,XP_008071577.1,-1,H,H,match
TTR,NP_000362.1,77,R,Carlito syrichta,XP_008071577.1,0,G,R,CPD
TTR,NP_000362.1,77,R,Carlito syrichta,XP_008071577.1,1,L,L,match
TTR,NP_000362.1,77,R,Carlito syrichta,XP_008071577.1,2,T,T,match
TTR,NP_000362.1,77,R,Carlito syrichta,XP_008071577.1,3,T,T,match
TTR,NP_000362.1,77,R,Carlito syrichta,XP_008071577.1,4,E,D,different
TTR,NP_000362.1,77,R,Carlito syrichta,XP_008071577.1,5,E,E,match
TTR,NP_000362.1,77,R,Carlito syrichta,XP_008071577.1,6,E,A,different
TTR,NP_000362.1,77,R,Carlito syrichta,XP_008071577.1,7,F,F,match
TTR,NP_000362.1,77,R,Carlito syrichta,XP_008071577.1,8,V,V,match
TTR,NP_000362.1,77,R,Carlito syrichta,XP_008071577.1,9,E,E,match
TTR,NP_000362.1,77,R,Carlito syrichta,XP_008071577.1,10,G,A,different
TTR,NP_000362.1,126,I,Saimiri boliviensis,XP_010333768.1,-10,T,A,different
TTR,NP_000362.1,126,I,Saimiri boliviensis,XP_010333768.1,-9,A,A,match
TTR,NP_000362.1,126,I,Saimiri boliviensis,XP_010333768.1,-8,N,N,match
TTR,NP_000362.1,126,I,Saimiri boliviensis,XP_010333768.1,-7,D,E,different
TTR,NP_000362.1,126,I,Saimiri boliviensis,XP_010333768.1,-6,S,S,match
TTR,NP_000362.1,126,I,Saimiri boliviensis,XP_010333768.1,-5,G,G,match
TTR,NP_000362.1,126,I,Saimiri boliviensis,XP_010333768.1,-4,P,P,match
TTR,NP_000362.1,126,I,Saimiri boliviensis,XP_010333768.1,-3,R,R,match
TTR,NP_000362.1,126,I,Saimiri boliviensis,XP_010333768.1,-2,R,H,different
TTR,NP_000362.1,126,I,Saimiri boliviensis,XP_010333768.1,-1,Y,Y,match
TTR,NP_000362.1,126,I,Saimiri boliviensis,XP_010333768.1,0,T,I,CPD
TTR,NP_000362.1,126,I,Saimiri boliviensis,XP_010333768.1,1,I,V,different
TTR,NP_000362.1,126,I,Saimiri boliviensis,XP_010333768.1,2,A,A,match
TTR,NP_000362.1,126,I,Saimiri boliviensis,XP_010333768.1,3,A,A,match
TTR,NP_000362.1,126,I,Saimiri boliviensis,XP_010333768.1,4,L,L,match
TTR,NP_000362.1,126,I,Saimiri boliviensis,XP_010333768.1,5,L,L,match
TTR,NP_000362.1,126,I,Saimiri boliviensis,XP_010333768.1,6,S,S,match
TTR,NP_000362.1,126,I,Saimiri boliviensis,XP_010333768.1,7,P,P,match
TTR,NP_000362.1,126,I,Saimiri boliviensis,XP_010333768.1,8,Y,Y,match
TTR,NP_000362.1,126,I,Saimiri boliviensis,XP_010333768.1,9,S,S,match
TTR,NP_000362.1,126,I,Saimiri boliviensis,XP_010333768.1,10,Y,Y,match
TTR,NP_000362.1,126,I,Sapajus apella,XP_032149005.1,-10,T,A,different
TTR,NP_000362.1,126,I,Sapajus apella,XP_032149005.1,-9,A,A,match
TTR,NP_000362.1,126,I,Sapajus apella,XP_032149005.1,-8,N,N,match
TTR,NP_000362.1,126,I,Sapajus apella,XP_032149005.1,-7,D,E,different
TTR,NP_000362.1,126,I,Sapajus apella,XP_032149005.1,-6,S,S,match
TTR,NP_000362.1,126,I,Sapajus apella,XP_032149005.1,-5,G,G,match
TTR,NP_000362.1,126,I,Sapajus apella,XP_032149005.1,-4,P,P,match
TTR,NP_000362.1,126,I,Sapajus apella,XP_032149005.1,-3,R,R,match
TTR,NP_000362.1,126,I,Sapajus apella,XP_032149005.1,-2,R,H,different
TTR,NP_000362.1,126,I,Sapajus apella,XP_032149005.1,-1,Y,Y,match
TTR,NP_000362.1,126,I,Sapajus apella,XP_032149005.1,0,T,I,CPD
TTR,NP_000362.1,126,I,Sapajus apella,XP_032149005.1,1,I,V,different
TTR,NP_000362.1,126,I,Sapajus apella,XP_032149005.1,2,A,A,match
TTR,NP_000362.1,126,I,Sapajus apella,XP_032149005.1,3,A,A,match
TTR,NP_000362.1,126,I,Sapajus apella,XP_032149005.1,4,L,L,match
TTR,NP_000362.1,126,I,Sapajus apella,XP_032149005.1,5,L,L,match
TTR,NP_000362.1,126,I,Sapajus apella,XP_032149005.1,6,S,S,match
TTR,NP_000362.1,126,I,Sapajus apella,XP_032149005.1,7,P,P,match
TTR,NP_000362.1,126,I,Sapajus apella,XP_032149005.1,8,Y,Y,match
TTR,NP_000362.1,126,I,Sapajus apella,XP_032149005.1,9,S,S,match
TTR,NP_000362.1,126,I,Sapajus apella,XP_032149005.1,10,Y,Y,match
TTR,NP_000362.1,126,I,Callithrix jacchus,NP_001254679.1,-10,T,S,different
TTR,NP_000362.1,126,I,Callithrix jacchus,NP_001254679.1,-9,A,A,match
TTR,NP_000362.1,126,I,Callithrix jacchus,NP_001254679.1,-8,N,N,match
TTR,NP_000362.1,126,I,Callithrix jacchus,NP_001254679.1,-7,D,D,match
TTR,NP_000362.1,126,I,Callithrix jacchus,NP_001254679.1,-6,S,S,match
TTR,NP_000362.1,126,I,Callithrix jacchus,NP_001254679.1,-5,G,G,match
TTR,NP_000362.1,126,I,Callithrix jacchus,NP_001254679.1,-4,P,P,match
TTR,NP_000362.1,126,I,Callithrix jacchus,NP_001254679.1,-3,R,R,match
TTR,NP_000362.1,126,I,Callithrix jacchus,NP_001254679.1,-2,R,H,different
TTR,NP_000362.1,126,I,Callithrix jacchus,NP_001254679.1,-1,Y,Y,match
TTR,NP_000362.1,126,I,Callithrix jacchus,NP_001254679.1,0,T,I,CPD
TTR,NP_000362.1,126,I,Callithrix jacchus,NP_001254679.1,1,I,V,different
TTR,NP_000362.1,126,I,Callithrix jacchus,NP_001254679.1,2,A,A,match
TTR,NP_000362.1,126,I,Callithrix jacchus,NP_001254679.1,3,A,A,match
TTR,NP_000362.1,126,I,Callithrix jacchus,NP_001254679.1,4,L,L,match
TTR,NP_000362.1,126,I,Callithrix jacchus,NP_001254679.1,5,L,L,match
TTR,NP_000362.1,126,I,Callithrix jacchus,NP_001254679.1,6,S,S,match
TTR,NP_000362.1,126,I,Callithrix jacchus,NP_001254679.1,7,P,P,match
TTR,NP_000362.1,126,I,Callithrix jacchus,NP_001254679.1,8,Y,Y,match
TTR,NP_000362.1,126,I,Callithrix jacchus,NP_001254679.1,9,S,S,match
TTR,NP_000362.1,126,I,Callithrix jacchus,NP_001254679.1,10,Y,Y,match
TTR,NP_000362.1,126,I,Aotus nancymaae,XP_012302669.1,-10,T,T,match
TTR,NP_000362.1,126,I,Aotus nancymaae,XP_012302669.1,-9,A,A,match
TTR,NP_000362.1,126,I,Aotus nancymaae,XP_012302669.1,-8,N,N,match
TTR,NP_000362.1,126,I,Aotus nancymaae,XP_012302669.1,-7,D,D,match
TTR,NP_000362.1,126,I,Aotus nancymaae,XP_012302669.1,-6,S,S,match
TTR,NP_000362.1,126,I,Aotus nancymaae,XP_012302669.1,-5,G,G,match
TTR,NP_000362.1,126,I,Aotus nancymaae,XP_012302669.1,-4,P,P,match
TTR,NP_000362.1,126,I,Aotus nancymaae,XP_012302669.1,-3,R,R,match
TTR,NP_000362.1,126,I,Aotus nancymaae,XP_012302669.1,-2,R,H,different
TTR,NP_000362.1,126,I,Aotus nancymaae,XP_012302669.1,-1,Y,Y,match
TTR,NP_000362.1,126,I,Aotus nancymaae,XP_012302669.1,0,T,I,CPD
TTR,NP_000362.1,126,I,Aotus nancymaae,XP_012302669.1,1,I,V,different
TTR,NP_000362.1,126,I,Aotus nancymaae,XP_012302669.1,2,A,A,match
TTR,NP_000362.1,126,I,Aotus nancymaae,XP_012302669.1,3,A,A,match
TTR,NP_000362.1,126,I,Aotus nancymaae,XP_012302669.1,4,L,L,match
TTR,NP_000362.1,126,I,Aotus nancymaae,XP_012302669.1,5,L,L,match
TTR,NP_000362.1,126,I,Aotus nancymaae,XP_012302669.1,6,S,S,match
TTR,NP_000362.1,126,I,Aotus nancymaae,XP_012302669.1,7,P,P,match
TTR,NP_000362.1,126,I,Aotus nancymaae,XP_012302669.1,8,Y,Y,match
TTR,NP_000362.1,126,I,Aotus nancymaae,XP_012302669.1,9,S,S,match
TTR,NP_000362.1,126,I,Aotus nancymaae,XP_012302669.1,10,Y,Y,match
USH2A,NP_996816.3,3719,C,Cercocebus atys,XP_011896095.1,-10,N,N,match
USH2A,NP_996816.3,3719,C,Cercocebus atys,XP_011896095.1,-9,G,G,match
USH2A,NP_996816.3,3719,C,Cercocebus atys,XP_011896095.1,-8,L,L,match
USH2A,NP_996816.3,3719,C,Cercocebus atys,XP_011896095.1,-7,V,I,different
USH2A,NP_996816.3,3719,C,Cercocebus atys,XP_011896095.1,-6,S,S,match
USH2A,NP_996816.3,3719,C,Cercocebus atys,XP_011896095.1,-5,Q,Q,match
USH2A,NP_996816.3,3719,C,Cercocebus atys,XP_011896095.1,-4,Y,Y,match
USH2A,NP_996816.3,3719,C,Cercocebus atys,XP_011896095.1,-3,Q,Q,match
USH2A,NP_996816.3,3719,C,Cercocebus atys,XP_011896095.1,-2,L,L,match
USH2A,NP_996816.3,3719,C,Cercocebus atys,XP_011896095.1,-1,S,S,match
USH2A,NP_996816.3,3719,C,Cercocebus atys,XP_011896095.1,0,R,C,CPD
USH2A,NP_996816.3,3719,C,Cercocebus atys,XP_011896095.1,1,N,N,match
USH2A,NP_996816.3,3719,C,Cercocebus atys,XP_011896095.1,2,G,G,match
USH2A,NP_996816.3,3719,C,Cercocebus atys,XP_011896095.1,3,N,N,match
USH2A,NP_996816.3,3719,C,Cercocebus atys,XP_011896095.1,4,L,L,match
USH2A,NP_996816.3,3719,C,Cercocebus atys,XP_011896095.1,5,L,L,match
USH2A,NP_996816.3,3719,C,Cercocebus atys,XP_011896095.1,6,F,F,match
USH2A,NP_996816.3,3719,C,Cercocebus atys,XP_011896095.1,7,L,L,match
USH2A,NP_996816.3,3719,C,Cercocebus atys,XP_011896095.1,8,G,G,match
USH2A,NP_996816.3,3719,C,Cercocebus atys,XP_011896095.1,9,G,G,match
USH2A,NP_996816.3,3719,C,Cercocebus atys,XP_011896095.1,10,S,S,match
VHL,NP_000542.1,151,L,Pan paniscus,XP_024783971.1,-10,N,-,gap
VHL,NP_000542.1,151,L,Pan paniscus,XP_024783971.1,-9,V,M,different
VHL,NP_000542.1,151,L,Pan paniscus,XP_024783971.1,-8,D,E,different
VHL,NP_000542.1,151,L,Pan paniscus,XP_024783971.1,-7,G,N,different
VHL,NP_000542.1,151,L,Pan paniscus,XP_024783971.1,-6,Q,T,different
VHL,NP_000542.1,151,L,Pan paniscus,XP_024783971.1,-5,P,F,different
VHL,NP_000542.1,151,L,Pan paniscus,XP_024783971.1,-4,I,L,different
VHL,NP_000542.1,151,L,Pan paniscus,XP_024783971.1,-3,F,L,different
VHL,NP_000542.1,151,L,Pan paniscus,XP_024783971.1,-2,A,G,different
VHL,NP_000542.1,151,L,Pan paniscus,XP_024783971.1,-1,N,R,different
VHL,NP_000542.1,151,L,Pan paniscus,XP_024783971.1,0,I,L,CPD
VHL,NP_000542.1,151,L,Pan paniscus,XP_024783971.1,1,T,T,match
VHL,NP_000542.1,151,L,Pan paniscus,XP_024783971.1,2,L,D,different
VHL,NP_000542.1,151,L,Pan paniscus,XP_024783971.1,3,P,A,different
VHL,NP_000542.1,151,L,Pan paniscus,XP_024783971.1,4,V,K,different
VHL,NP_000542.1,151,L,Pan paniscus,XP_024783971.1,5,Y,T,different
VHL,NP_000542.1,151,L,Pan paniscus,XP_024783971.1,6,T,G,different
VHL,NP_000542.1,151,L,Pan paniscus,XP_024783971.1,7,L,T,different
VHL,NP_000542.1,151,L,Pan paniscus,XP_024783971.1,8,K,S,different
VHL,NP_000542.1,151,L,Pan paniscus,XP_024783971.1,9,E,Q,different
VHL,NP_000542.1,151,L,Pan paniscus,XP_024783971.1,10,R,G,different
VHL,NP_000542.1,132,P,Pan paniscus,XP_024783971.1,-10,A,-,gap
VHL,NP_000542.1,132,P,Pan paniscus,XP_024783971.1,-9,G,-,gap
VHL,NP_000542.1,132,P,Pan paniscus,XP_024783971.1,-8,T,-,gap
VHL,NP_000542.1,132,P,Pan paniscus,XP_024783971.1,-7,H,-,gap
VHL,NP_000542.1,132,P,Pan paniscus,XP_024783971.1,-6,D,-,gap
VHL,NP_000542.1,132,P,Pan paniscus,XP_024783971.1,-5,G,-,gap
VHL,NP_000542.1,132,P,Pan paniscus,XP_024783971.1,-4,L,V,different
VHL,NP_000542.1,132,P,Pan paniscus,XP_024783971.1,-3,L,L,match
VHL,NP_000542.1,132,P,Pan paniscus,XP_024783971.1,-2,V,M,different
VHL,NP_000542.1,132,P,Pan paniscus,XP_024783971.1,-1,N,T,different
VHL,NP_000542.1,132,P,Pan paniscus,XP_024783971.1,0,Q,P,CPD
VHL,NP_000542.1,132,P,Pan paniscus,XP_024783971.1,1,T,V,different
VHL,NP_000542.1,132,P,Pan paniscus,XP_024783971.1,2,E,G,different
VHL,NP_000542.1,132,P,Pan paniscus,XP_024783971.1,3,L,Q,different
VHL,NP_000542.1,132,P,Pan paniscus,XP_024783971.1,4,F,F,match
VHL,NP_000542.1,132,P,Pan paniscus,XP_024783971.1,5,-,C,gap
VHL,NP_000542.1,132,P,Pan paniscus,XP_024783971.1,6,-,V,gap
VHL,NP_000542.1,132,P,Pan paniscus,XP_024783971.1,7,V,V,match
VHL,NP_000542.1,132,P,Pan paniscus,XP_024783971.1,8,P,P,match
VHL,NP_000542.1,132,P,Pan paniscus,XP_024783971.1,9,S,A,different
VHL,NP_000542.1,132,P,Pan paniscus,XP_024783971.1,10,L,L,match
VHL,NP_000542.1,154,A,Pan paniscus,XP_024783971.1,-10,G,N,different
VHL,NP_000542.1,154,A,Pan paniscus,XP_024783971.1,-9,Q,T,different
VHL,NP_000542.1,154,A,Pan paniscus,XP_024783971.1,-8,P,F,different
VHL,NP_000542.1,154,A,Pan paniscus,XP_024783971.1,-7,I,L,different
VHL,NP_000542.1,154,A,Pan paniscus,XP_024783971.1,-6,F,L,different
VHL,NP_000542.1,154,A,Pan paniscus,XP_024783971.1,-5,A,G,different
VHL,NP_000542.1,154,A,Pan paniscus,XP_024783971.1,-4,N,R,different
VHL,NP_000542.1,154,A,Pan paniscus,XP_024783971.1,-3,I,L,different
VHL,NP_000542.1,154,A,Pan paniscus,XP_024783971.1,-2,T,T,match
VHL,NP_000542.1,154,A,Pan paniscus,XP_024783971.1,-1,L,D,different
VHL,NP_000542.1,154,A,Pan paniscus,XP_024783971.1,0,P,A,CPD
VHL,NP_000542.1,154,A,Pan paniscus,XP_024783971.1,1,V,K,different
VHL,NP_000542.1,154,A,Pan paniscus,XP_024783971.1,2,Y,T,different
VHL,NP_000542.1,154,A,Pan paniscus,XP_024783971.1,3,T,G,different
VHL,NP_000542.1,154,A,Pan paniscus,XP_024783971.1,4,L,T,different
VHL,NP_000542.1,154,A,Pan paniscus,XP_024783971.1,5,K,S,different
VHL,NP_000542.1,154,A,Pan paniscus,XP_024783971.1,6,E,Q,different
VHL,NP_000542.1,154,A,Pan paniscus,XP_024783971.1,7,R,G,different
VHL,NP_000542.1,154,A,Pan paniscus,XP_024783971.1,8,C,H,different
VHL,NP_000542.1,154,A,Pan paniscus,XP_024783971.1,9,L,V,different
VHL,NP_000542.1,154,A,Pan paniscus,XP_024783971.1,10,Q,G,different
VHL,NP_000542.1,114,S,Carlito syrichta,XP_008057847.1,-10,G,-,gap
VHL,NP_000542.1,114,S,Carlito syrichta,XP_008057847.1,-9,T,-,gap
VHL,NP_000542.1,114,S,Carlito syrichta,XP_008057847.1,-8,G,-,gap
VHL,NP_000542.1,114,S,Carlito syrichta,XP_008057847.1,-7,R,-,gap
VHL,NP_000542.1,114,S,Carlito syrichta,XP_008057847.1,-6,R,-,gap
VHL,NP_000542.1,114,S,Carlito syrichta,XP_008057847.1,-5,I,-,gap
VHL,NP_000542.1,114,S,Carlito syrichta,XP_008057847.1,-4,H,M,different
VHL,NP_000542.1,114,S,Carlito syrichta,XP_008057847.1,-3,S,D,different
VHL,NP_000542.1,114,S,Carlito syrichta,XP_008057847.1,-2,Y,L,different
VHL,NP_000542.1,114,S,Carlito syrichta,XP_008057847.1,-1,R,R,match
VHL,NP_000542.1,114,S,Carlito syrichta,XP_008057847.1,0,G,S,CPD
VHL,NP_000542.1,114,S,Carlito syrichta,XP_008057847.1,1,H,H,match
VHL,NP_000542.1,114,S,Carlito syrichta,XP_008057847.1,2,L,L,match
VHL,NP_000542.1,114,S,Carlito syrichta,XP_008057847.1,3,W,W,match
VHL,NP_000542.1,114,S,Carlito syrichta,XP_008057847.1,4,L,L,match
VHL,NP_000542.1,114,S,Carlito syrichta,XP_008057847.1,5,F,F,match
VHL,NP_000542.1,114,S,Carlito syrichta,XP_008057847.1,6,R,R,match
VHL,NP_000542.1,114,S,Carlito syrichta,XP_008057847.1,7,D,D,match
VHL,NP_000542.1,114,S,Carlito syrichta,XP_008057847.1,8,A,A,match
VHL,NP_000542.1,114,S,Carlito syrichta,XP_008057847.1,9,G,G,match
VHL,NP_000542.1,114,S,Carlito syrichta,XP_008057847.1,10,T,T,match
VHL,NP_000542.1,161,G,Pan paniscus,XP_024783971.1,-10,I,L,different
VHL,NP_000542.1,161,G,Pan paniscus,XP_024783971.1,-9,T,T,match
VHL,NP_000542.1,161,G,Pan paniscus,XP_024783971.1,-8,L,D,different
VHL,NP_000542.1,161,G,Pan paniscus,XP_024783971.1,-7,P,A,different
VHL,NP_000542.1,161,G,Pan paniscus,XP_024783971.1,-6,V,K,different
VHL,NP_000542.1,161,G,Pan paniscus,XP_024783971.1,-5,Y,T,different
VHL,NP_000542.1,161,G,Pan paniscus,XP_024783971.1,-4,T,G,different
VHL,NP_000542.1,161,G,Pan paniscus,XP_024783971.1,-3,L,T,different
VHL,NP_000542.1,161,G,Pan paniscus,XP_024783971.1,-2,K,S,different
VHL,NP_000542.1,161,G,Pan paniscus,XP_024783971.1,-1,E,Q,different
VHL,NP_000542.1,161,G,Pan paniscus,XP_024783971.1,0,R,G,CPD
VHL,NP_000542.1,161,G,Pan paniscus,XP_024783971.1,1,C,H,different
VHL,NP_000542.1,161,G,Pan paniscus,XP_024783971.1,2,L,V,different
VHL,NP_000542.1,161,G,Pan paniscus,XP_024783971.1,3,Q,G,different
VHL,NP_000542.1,161,G,Pan paniscus,XP_024783971.1,4,V,A,different
VHL,NP_000542.1,161,G,Pan paniscus,XP_024783971.1,5,V,G,different
VHL,NP_000542.1,161,G,Pan paniscus,XP_024783971.1,6,R,R,match
VHL,NP_000542.1,161,G,Pan paniscus,XP_024783971.1,7,-,A,gap
VHL,NP_000542.1,161,G,Pan paniscus,XP_024783971.1,8,-,D,gap
VHL,NP_000542.1,161,G,Pan paniscus,XP_024783971.1,9,-,H,gap
VHL,NP_000542.1,161,G,Pan paniscus,XP_024783971.1,10,-,V,gap
VHL,NP_000542.1,170,L,Pan paniscus,XP_024783971.1,-10,-,D,gap
VHL,NP_000542.1,170,L,Pan paniscus,XP_024783971.1,-9,-,H,gap
VHL,NP_000542.1,170,L,Pan paniscus,XP_024783971.1,-8,-,V,gap
VHL,NP_000542.1,170,L,Pan paniscus,XP_024783971.1,-7,-,W,gap
VHL,NP_000542.1,170,L,Pan paniscus,XP_024783971.1,-6,-,H,gap
VHL,NP_000542.1,170,L,Pan paniscus,XP_024783971.1,-5,-,G,gap
VHL,NP_000542.1,170,L,Pan paniscus,XP_024783971.1,-4,-,K,gap
VHL,NP_000542.1,170,L,Pan paniscus,XP_024783971.1,-3,-,L,gap
VHL,NP_000542.1,170,L,Pan paniscus,XP_024783971.1,-2,S,T,different
VHL,NP_000542.1,170,L,Pan paniscus,XP_024783971.1,-1,L,Y,different
VHL,NP_000542.1,170,L,Pan paniscus,XP_024783971.1,0,V,L,CPD
VHL,NP_000542.1,170,L,Pan paniscus,XP_024783971.1,1,K,P,different
VHL,NP_000542.1,170,L,Pan paniscus,XP_024783971.1,2,P,A,different
VHL,NP_000542.1,170,L,Pan paniscus,XP_024783971.1,3,E,G,different
VHL,NP_000542.1,170,L,Pan paniscus,XP_024783971.1,4,N,R,different
VHL,NP_000542.1,170,L,Pan paniscus,XP_024783971.1,5,Y,W,different
VHL,NP_000542.1,170,L,Pan paniscus,XP_024783971.1,6,R,R,match
VHL,NP_000542.1,170,L,Pan paniscus,XP_024783971.1,7,R,G,different
VHL,NP_000542.1,170,L,Pan paniscus,XP_024783971.1,8,L,C,different
VHL,NP_000542.1,170,L,Pan paniscus,XP_024783971.1,9,D,G,different
VHL,NP_000542.1,170,L,Pan paniscus,XP_024783971.1,10,I,C,different
VWF,NP_000543.3,528,S,Carlito syrichta,XP_021573487.1,-10,C,S,different
VWF,NP_000543.3,528,S,Carlito syrichta,XP_021573487.1,-9,G,G,match
VWF,NP_000543.3,528,S,Carlito syrichta,XP_021573487.1,-8,N,S,different
VWF,NP_000543.3,528,S,Carlito syrichta,XP_021573487.1,-7,-,P,gap
VWF,NP_000543.3,528,S,Carlito syrichta,XP_021573487.1,-6,-,H,gap
VWF,NP_000543.3,528,S,Carlito syrichta,XP_021573487.1,-5,-,S,gap
VWF,NP_000543.3,528,S,Carlito syrichta,XP_021573487.1,-4,-,L,gap
VWF,NP_000543.3,528,S,Carlito syrichta,XP_021573487.1,-3,-,K,gap
VWF,NP_000543.3,528,S,Carlito syrichta,XP_021573487.1,-2,-,A,gap
VWF,NP_000543.3,528,S,Carlito syrichta,XP_021573487.1,-1,Y,Y,match
VWF,NP_000543.3,528,S,Carlito syrichta,XP_021573487.1,0,N,S,CPD
VWF,NP_000543.3,528,S,Carlito syrichta,XP_021573487.1,1,G,G,match
VWF,NP_000543.3,528,S,Carlito syrichta,XP_021573487.1,2,N,P,different
VWF,NP_000543.3,528,S,Carlito syrichta,XP_021573487.1,3,Q,Q,match
VWF,NP_000543.3,528,S,Carlito syrichta,XP_021573487.1,4,-,D,gap
VWF,NP_000543.3,528,S,Carlito syrichta,XP_021573487.1,5,-,V,gap
VWF,NP_000543.3,528,S,Carlito syrichta,XP_021573487.1,6,-,G,gap
VWF,NP_000543.3,528,S,Carlito syrichta,XP_021573487.1,7,-,T,gap
VWF,NP_000543.3,528,S,Carlito syrichta,XP_021573487.1,8,G,G,match
VWF,NP_000543.3,528,S,Carlito syrichta,XP_021573487.1,9,D,T,different
VWF,NP_000543.3,528,S,Carlito syrichta,XP_021573487.1,10,D,R,different
WT1,NP_077744.4,341,G,Carlito syrichta,XP_021562474.1,-10,V,V,match
WT1,NP_077744.4,341,G,Carlito syrichta,XP_021562474.1,-9,K,K,match
WT1,NP_077744.4,341,G,Carlito syrichta,XP_021562474.1,-8,W,W,match
WT1,NP_077744.4,341,G,Carlito syrichta,XP_021562474.1,-7,T,T,match
WT1,NP_077744.4,341,G,Carlito syrichta,XP_021562474.1,-6,E,E,match
WT1,NP_077744.4,341,G,Carlito syrichta,XP_021562474.1,-5,G,G,match
WT1,NP_077744.4,341,G,Carlito syrichta,XP_021562474.1,-4,Q,Q,match
WT1,NP_077744.4,341,G,Carlito syrichta,XP_021562474.1,-3,S,S,match
WT1,NP_077744.4,341,G,Carlito syrichta,XP_021562474.1,-2,N,N,match
WT1,NP_077744.4,341,G,Carlito syrichta,XP_021562474.1,-1,H,H,match
WT1,NP_077744.4,341,G,Carlito syrichta,XP_021562474.1,0,S,G,CPD
WT1,NP_077744.4,341,G,Carlito syrichta,XP_021562474.1,1,T,A,different
WT1,NP_077744.4,341,G,Carlito syrichta,XP_021562474.1,2,G,G,match
WT1,NP_077744.4,341,G,Carlito syrichta,XP_021562474.1,3,Y,Y,match
WT1,NP_077744.4,341,G,Carlito syrichta,XP_021562474.1,4,E,E,match
WT1,NP_077744.4,341,G,Carlito syrichta,XP_021562474.1,5,S,S,match
WT1,NP_077744.4,341,G,Carlito syrichta,XP_021562474.1,6,D,D,match
WT1,NP_077744.4,341,G,Carlito syrichta,XP_021562474.1,7,N,N,match
WT1,NP_077744.4,341,G,Carlito syrichta,XP_021562474.1,8,H,H,match
WT1,NP_077744.4,341,G,Carlito syrichta,XP_021562474.1,9,T,T,match
WT1,NP_077744.4,341,G,Carlito syrichta,XP_021562474.1,10,T,T,match
WT1,NP_077744.4,341,G,Callithrix jacchus,XP_009006128.2,-10,V,V,match
WT1,NP_077744.4,341,G,Callithrix jacchus,XP_009006128.2,-9,K,K,match
WT1,NP_077744.4,341,G,Callithrix jacchus,XP_009006128.2,-8,W,W,match
WT1,NP_077744.4,341,G,Callithrix jacchus,XP_009006128.2,-7,T,T,match
WT1,NP_077744.4,341,G,Callithrix jacchus,XP_009006128.2,-6,E,E,match
WT1,NP_077744.4,341,G,Callithrix jacchus,XP_009006128.2,-5,G,G,match
WT1,NP_077744.4,341,G,Callithrix jacchus,XP_009006128.2,-4,Q,Q,match
WT1,NP_077744.4,341,G,Callithrix jacchus,XP_009006128.2,-3,S,S,match
WT1,NP_077744.4,341,G,Callithrix jacchus,XP_009006128.2,-2,N,N,match
WT1,NP_077744.4,341,G,Callithrix jacchus,XP_009006128.2,-1,H,H,match
WT1,NP_077744.4,341,G,Callithrix jacchus,XP_009006128.2,0,S,G,CPD
WT1,NP_077744.4,341,G,Callithrix jacchus,XP_009006128.2,1,T,T,match
WT1,NP_077744.4,341,G,Callithrix jacchus,XP_009006128.2,2,G,G,match
WT1,NP_077744.4,341,G,Callithrix jacchus,XP_009006128.2,3,Y,Y,match
WT1,NP_077744.4,341,G,Callithrix jacchus,XP_009006128.2,4,E,E,match
WT1,NP_077744.4,341,G,Callithrix jacchus,XP_009006128.2,5,S,S,match
WT1,NP_077744.4,341,G,Callithrix jacchus,XP_009006128.2,6,D,E,different
WT1,NP_077744.4,341,G,Callithrix jacchus,XP_009006128.2,7,N,N,match
WT1,NP_077744.4,341,G,Callithrix jacchus,XP_009006128.2,8,H,H,match
WT1,NP_077744.4,341,G,Callithrix jacchus,XP_009006128.2,9,T,T,match
WT1,NP_077744.4,341,G,Callithrix jacchus,XP_009006128.2,10,T,T,match
WT1,NP_077744.4,341,G,Otolemur garnettii,XP_012656774.1,-10,V,V,match
WT1,NP_077744.4,341,G,Otolemur garnettii,XP_012656774.1,-9,K,K,match
WT1,NP_077744.4,341,G,Otolemur garnettii,XP_012656774.1,-8,W,W,match
WT1,NP_077744.4,341,G,Otolemur garnettii,XP_012656774.1,-7,T,T,match
WT1,NP_077744.4,341,G,Otolemur garnettii,XP_012656774.1,-6,E,E,match
WT1,NP_077744.4,341,G,Otolemur garnettii,XP_012656774.1,-5,G,G,match
WT1,NP_077744.4,341,G,Otolemur garnettii,XP_012656774.1,-4,Q,Q,match
WT1,NP_077744.4,341,G,Otolemur garnettii,XP_012656774.1,-3,S,S,match
WT1,NP_077744.4,341,G,Otolemur garnettii,XP_012656774.1,-2,N,N,match
WT1,NP_077744.4,341,G,Otolemur garnettii,XP_012656774.1,-1,H,H,match
WT1,NP_077744.4,341,G,Otolemur garnettii,XP_012656774.1,0,S,G,CPD
WT1,NP_077744.4,341,G,Otolemur garnettii,XP_012656774.1,1,T,T,match
WT1,NP_077744.4,341,G,Otolemur garnettii,XP_012656774.1,2,G,G,match
WT1,NP_077744.4,341,G,Otolemur garnettii,XP_012656774.1,3,Y,Y,match
WT1,NP_077744.4,341,G,Otolemur garnettii,XP_012656774.1,4,E,E,match
WT1,NP_077744.4,341,G,Otolemur garnettii,XP_012656774.1,5,S,S,match
WT1,NP_077744.4,341,G,Otolemur garnettii,XP_012656774.1,6,D,D,match
WT1,NP_077744.4,341,G,Otolemur garnettii,XP_012656774.1,7,N,N,match
WT1,NP_077744.4,341,G,Otolemur garnettii,XP_012656774.1,8,H,H,match
WT1,NP_077744.4,341,G,Otolemur garnettii,XP_012656774.1,9,T,T,match
WT1,NP_077744.4,341,G,Otolemur garnettii,XP_012656774.1,10,T,T,match
WT1,NP_077744.4,341,G,Nycticebus coucang,XP_053418132.1,-10,V,V,match
WT1,NP_077744.4,341,G,Nycticebus coucang,XP_053418132.1,-9,K,K,match
WT1,NP_077744.4,341,G,Nycticebus coucang,XP_053418132.1,-8,W,W,match
WT1,NP_077744.4,341,G,Nycticebus coucang,XP_053418132.1,-7,T,T,match
WT1,NP_077744.4,341,G,Nycticebus coucang,XP_053418132.1,-6,E,E,match
WT1,NP_077744.4,341,G,Nycticebus coucang,XP_053418132.1,-5,G,G,match
WT1,NP_077744.4,341,G,Nycticebus coucang,XP_053418132.1,-4,Q,Q,match
WT1,NP_077744.4,341,G,Nycticebus coucang,XP_053418132.1,-3,S,S,match
WT1,NP_077744.4,341,G,Nycticebus coucang,XP_053418132.1,-2,N,N,match
WT1,NP_077744.4,341,G,Nycticebus coucang,XP_053418132.1,-1,H,H,match
WT1,NP_077744.4,341,G,Nycticebus coucang,XP_053418132.1,0,S,G,CPD
WT1,NP_077744.4,341,G,Nycticebus coucang,XP_053418132.1,1,T,T,match
WT1,NP_077744.4,341,G,Nycticebus coucang,XP_053418132.1,2,G,G,match
WT1,NP_077744.4,341,G,Nycticebus coucang,XP_053418132.1,3,Y,Y,match
WT1,NP_077744.4,341,G,Nycticebus coucang,XP_053418132.1,4,E,E,match
WT1,NP_077744.4,341,G,Nycticebus coucang,XP_053418132.1,5,S,S,match
WT1,NP_077744.4,341,G,Nycticebus coucang,XP_053418132.1,6,D,D,match
WT1,NP_077744.4,341,G,Nycticebus coucang,XP_053418132.1,7,N,S,different
WT1,NP_077744.4,341,G,Nycticebus coucang,XP_053418132.1,8,H,H,match
WT1,NP_077744.4,341,G,Nycticebus coucang,XP_053418132.1,9,T,T,match
WT1,NP_077744.4,341,G,Nycticebus coucang,XP_053418132.1,10,T,T,match
WT1,NP_077744.4,341,G,Sapajus apella,XP_032139544.1,-10,V,V,match
WT1,NP_077744.4,341,G,Sapajus apella,XP_032139544.1,-9,K,K,match
WT1,NP_077744.4,341,G,Sapajus apella,XP_032139544.1,-8,W,W,match
WT1,NP_077744.4,341,G,Sapajus apella,XP_032139544.1,-7,T,T,match
WT1,NP_077744.4,341,G,Sapajus apella,XP_032139544.1,-6,E,E,match
WT1,NP_077744.4,341,G,Sapajus apella,XP_032139544.1,-5,G,G,match
WT1,NP_077744.4,341,G,Sapajus apella,XP_032139544.1,-4,Q,Q,match
WT1,NP_077744.4,341,G,Sapajus apella,XP_032139544.1,-3,S,S,match
WT1,NP_077744.4,341,G,Sapajus apella,XP_032139544.1,-2,N,N,match
WT1,NP_077744.4,341,G,Sapajus apella,XP_032139544.1,-1,H,H,match
WT1,NP_077744.4,341,G,Sapajus apella,XP_032139544.1,0,S,G,CPD
WT1,NP_077744.4,341,G,Sapajus apella,XP_032139544.1,1,T,T,match
WT1,NP_077744.4,341,G,Sapajus apella,XP_032139544.1,2,G,G,match
WT1,NP_077744.4,341,G,Sapajus apella,XP_032139544.1,3,Y,Y,match
WT1,NP_077744.4,341,G,Sapajus apella,XP_032139544.1,4,E,E,match
WT1,NP_077744.4,341,G,Sapajus apella,XP_032139544.1,5,S,S,match
WT1,NP_077744.4,341,G,Sapajus apella,XP_032139544.1,6,D,D,match
WT1,NP_077744.4,341,G,Sapajus apella,XP_032139544.1,7,N,N,match
WT1,NP_077744.4,341,G,Sapajus apella,XP_032139544.1,8,H,H,match
WT1,NP_077744.4,341,G,Sapajus apella,XP_032139544.1,9,T,T,match
WT1,NP_077744.4,341,G,Sapajus apella,XP_032139544.1,10,T,T,match
WT1,NP_077744.4,341,G,Saimiri boliviensis,XP_039326885.1,-10,V,V,match
WT1,NP_077744.4,341,G,Saimiri boliviensis,XP_039326885.1,-9,K,K,match
WT1,NP_077744.4,341,G,Saimiri boliviensis,XP_039326885.1,-8,W,W,match
WT1,NP_077744.4,341,G,Saimiri boliviensis,XP_039326885.1,-7,T,T,match
WT1,NP_077744.4,341,G,Saimiri boliviensis,XP_039326885.1,-6,E,E,match
WT1,NP_077744.4,341,G,Saimiri boliviensis,XP_039326885.1,-5,G,G,match
WT1,NP_077744.4,341,G,Saimiri boliviensis,XP_039326885.1,-4,Q,Q,match
WT1,NP_077744.4,341,G,Saimiri boliviensis,XP_039326885.1,-3,S,S,match
WT1,NP_077744.4,341,G,Saimiri boliviensis,XP_039326885.1,-2,N,N,match
WT1,NP_077744.4,341,G,Saimiri boliviensis,XP_039326885.1,-1,H,H,match
WT1,NP_077744.4,341,G,Saimiri boliviensis,XP_039326885.1,0,S,G,CPD
WT1,NP_077744.4,341,G,Saimiri boliviensis,XP_039326885.1,1,T,T,match
WT1,NP_077744.4,341,G,Saimiri boliviensis,XP_039326885.1,2,G,G,match
WT1,NP_077744.4,341,G,Saimiri boliviensis,XP_039326885.1,3,Y,Y,match
WT1,NP_077744.4,341,G,Saimiri boliviensis,XP_039326885.1,4,E,E,match
WT1,NP_077744.4,341,G,Saimiri boliviensis,XP_039326885.1,5,S,S,match
WT1,NP_077744.4,341,G,Saimiri boliviensis,XP_039326885.1,6,D,D,match
WT1,NP_077744.4,341,G,Saimiri boliviensis,XP_039326885.1,7,N,N,match
WT1,NP_077744.4,341,G,Saimiri boliviensis,XP_039326885.1,8,H,H,match
WT1,NP_077744.4,341,G,Saimiri boliviensis,XP_039326885.1,9,T,T,match
WT1,NP_077744.4,341,G,Saimiri boliviensis,XP_039326885.1,10,T,T,match
WT1,NP_077744.4,341,G,Aotus nancymaae,XP_012307709.2,-10,V,V,match
WT1,NP_077744.4,341,G,Aotus nancymaae,XP_012307709.2,-9,K,K,match
WT1,NP_077744.4,341,G,Aotus nancymaae,XP_012307709.2,-8,W,W,match
WT1,NP_077744.4,341,G,Aotus nancymaae,XP_012307709.2,-7,T,T,match
WT1,NP_077744.4,341,G,Aotus nancymaae,XP_012307709.2,-6,E,E,match
WT1,NP_077744.4,341,G,Aotus nancymaae,XP_012307709.2,-5,G,G,match
WT1,NP_077744.4,341,G,Aotus nancymaae,XP_012307709.2,-4,Q,Q,match
WT1,NP_077744.4,341,G,Aotus nancymaae,XP_012307709.2,-3,S,S,match
WT1,NP_077744.4,341,G,Aotus nancymaae,XP_012307709.2,-2,N,N,match
WT1,NP_077744.4,341,G,Aotus nancymaae,XP_012307709.2,-1,H,H,match
WT1,NP_077744.4,341,G,Aotus nancymaae,XP_012307709.2,0,S,G,CPD
WT1,NP_077744.4,341,G,Aotus nancymaae,XP_012307709.2,1,T,T,match
WT1,NP_077744.4,341,G,Aotus nancymaae,XP_012307709.2,2,G,G,match
WT1,NP_077744.4,341,G,Aotus nancymaae,XP_012307709.2,3,Y,Y,match
WT1,NP_077744.4,341,G,Aotus nancymaae,XP_012307709.2,4,E,E,match
WT1,NP_077744.4,341,G,Aotus nancymaae,XP_012307709.2,5,S,S,match
WT1,NP_077744.4,341,G,Aotus nancymaae,XP_012307709.2,6,D,D,match
WT1,NP_077744.4,341,G,Aotus nancymaae,XP_012307709.2,7,N,N,match
WT1,NP_077744.4,341,G,Aotus nancymaae,XP_012307709.2,8,H,H,match
WT1,NP_077744.4,341,G,Aotus nancymaae,XP_012307709.2,9,T,T,match
WT1,NP_077744.4,341,G,Aotus nancymaae,XP_012307709.2,10,T,T,match
WT1,NP_077744.4,341,G,Microcebus murinus,XP_075857497.1,-10,V,-,gap
WT1,NP_077744.4,341,G,Microcebus murinus,XP_075857497.1,-9,K,-,gap
WT1,NP_077744.4,341,G,Microcebus murinus,XP_075857497.1,-8,W,-,gap
WT1,NP_077744.4,341,G,Microcebus murinus,XP_075857497.1,-7,T,-,gap
WT1,NP_077744.4,341,G,Microcebus murinus,XP_075857497.1,-6,E,-,gap
WT1,NP_077744.4,341,G,Microcebus murinus,XP_075857497.1,-5,G,-,gap
WT1,NP_077744.4,341,G,Microcebus murinus,XP_075857497.1,-4,Q,-,gap
WT1,NP_077744.4,341,G,Microcebus murinus,XP_075857497.1,-3,S,-,gap
WT1,NP_077744.4,341,G,Microcebus murinus,XP_075857497.1,-2,N,-,gap
WT1,NP_077744.4,341,G,Microcebus murinus,XP_075857497.1,-1,H,H,match
WT1,NP_077744.4,341,G,Microcebus murinus,XP_075857497.1,0,S,G,CPD
WT1,NP_077744.4,341,G,Microcebus murinus,XP_075857497.1,1,T,T,match
WT1,NP_077744.4,341,G,Microcebus murinus,XP_075857497.1,2,G,G,match
WT1,NP_077744.4,341,G,Microcebus murinus,XP_075857497.1,3,Y,Y,match
WT1,NP_077744.4,341,G,Microcebus murinus,XP_075857497.1,4,E,E,match
WT1,NP_077744.4,341,G,Microcebus murinus,XP_075857497.1,5,S,S,match
WT1,NP_077744.4,341,G,Microcebus murinus,XP_075857497.1,6,D,D,match
WT1,NP_077744.4,341,G,Microcebus murinus,XP_075857497.1,7,N,N,match
WT1,NP_077744.4,341,G,Microcebus murinus,XP_075857497.1,8,H,H,match
WT1,NP_077744.4,341,G,Microcebus murinus,XP_075857497.1,9,T,T,match
WT1,NP_077744.4,341,G,Microcebus murinus,XP_075857497.1,10,T,T,match
WT1,NP_077744.4,341,G,Pongo pygmaeus,XP_054297593.1,-10,V,V,match
WT1,NP_077744.4,341,G,Pongo pygmaeus,XP_054297593.1,-9,K,K,match
WT1,NP_077744.4,341,G,Pongo pygmaeus,XP_054297593.1,-8,W,W,match
WT1,NP_077744.4,341,G,Pongo pygmaeus,XP_054297593.1,-7,T,T,match
WT1,NP_077744.4,341,G,Pongo pygmaeus,XP_054297593.1,-6,E,E,match
WT1,NP_077744.4,341,G,Pongo pygmaeus,XP_054297593.1,-5,G,G,match
WT1,NP_077744.4,341,G,Pongo pygmaeus,XP_054297593.1,-4,Q,Q,match
WT1,NP_077744.4,341,G,Pongo pygmaeus,XP_054297593.1,-3,S,S,match
WT1,NP_077744.4,341,G,Pongo pygmaeus,XP_054297593.1,-2,N,N,match
WT1,NP_077744.4,341,G,Pongo pygmaeus,XP_054297593.1,-1,H,H,match
WT1,NP_077744.4,341,G,Pongo pygmaeus,XP_054297593.1,0,S,G,CPD
WT1,NP_077744.4,341,G,Pongo pygmaeus,XP_054297593.1,1,T,T,match
WT1,NP_077744.4,341,G,Pongo pygmaeus,XP_054297593.1,2,G,G,match
WT1,NP_077744.4,341,G,Pongo pygmaeus,XP_054297593.1,3,Y,Y,match
WT1,NP_077744.4,341,G,Pongo pygmaeus,XP_054297593.1,4,E,E,match
WT1,NP_077744.4,341,G,Pongo pygmaeus,XP_054297593.1,5,S,S,match
WT1,NP_077744.4,341,G,Pongo pygmaeus,XP_054297593.1,6,D,D,match
WT1,NP_077744.4,341,G,Pongo pygmaeus,XP_054297593.1,7,N,N,match
WT1,NP_077744.4,341,G,Pongo pygmaeus,XP_054297593.1,8,H,H,match
WT1,NP_077744.4,341,G,Pongo pygmaeus,XP_054297593.1,9,T,T,match
WT1,NP_077744.4,341,G,Pongo pygmaeus,XP_054297593.1,10,T,T,match
WT1,NP_077744.4,341,G,Pan troglodytes,NP_001422862.1,-10,V,V,match
WT1,NP_077744.4,341,G,Pan troglodytes,NP_001422862.1,-9,K,K,match
WT1,NP_077744.4,341,G,Pan troglodytes,NP_001422862.1,-8,W,W,match
WT1,NP_077744.4,341,G,Pan troglodytes,NP_001422862.1,-7,T,T,match
WT1,NP_077744.4,341,G,Pan troglodytes,NP_001422862.1,-6,E,E,match
WT1,NP_077744.4,341,G,Pan troglodytes,NP_001422862.1,-5,G,G,match
WT1,NP_077744.4,341,G,Pan troglodytes,NP_001422862.1,-4,Q,Q,match
WT1,NP_077744.4,341,G,Pan troglodytes,NP_001422862.1,-3,S,S,match
WT1,NP_077744.4,341,G,Pan troglodytes,NP_001422862.1,-2,N,N,match
WT1,NP_077744.4,341,G,Pan troglodytes,NP_001422862.1,-1,H,H,match
WT1,NP_077744.4,341,G,Pan troglodytes,NP_001422862.1,0,S,G,CPD
WT1,NP_077744.4,341,G,Pan troglodytes,NP_001422862.1,1,T,T,match
WT1,NP_077744.4,341,G,Pan troglodytes,NP_001422862.1,2,G,G,match
WT1,NP_077744.4,341,G,Pan troglodytes,NP_001422862.1,3,Y,Y,match
WT1,NP_077744.4,341,G,Pan troglodytes,NP_001422862.1,4,E,E,match
WT1,NP_077744.4,341,G,Pan troglodytes,NP_001422862.1,5,S,S,match
WT1,NP_077744.4,341,G,Pan troglodytes,NP_001422862.1,6,D,D,match
WT1,NP_077744.4,341,G,Pan troglodytes,NP_001422862.1,7,N,N,match
WT1,NP_077744.4,341,G,Pan troglodytes,NP_001422862.1,8,H,H,match
WT1,NP_077744.4,341,G,Pan troglodytes,NP_001422862.1,9,T,T,match
WT1,NP_077744.4,341,G,Pan troglodytes,NP_001422862.1,10,T,T,match
WT1,NP_077744.4,341,G,Macaca mulatta,NP_001422864.1,-10,V,V,match
WT1,NP_077744.4,341,G,Macaca mulatta,NP_001422864.1,-9,K,K,match
WT1,NP_077744.4,341,G,Macaca mulatta,NP_001422864.1,-8,W,W,match
WT1,NP_077744.4,341,G,Macaca mulatta,NP_001422864.1,-7,T,T,match
WT1,NP_077744.4,341,G,Macaca mulatta,NP_001422864.1,-6,E,E,match
WT1,NP_077744.4,341,G,Macaca mulatta,NP_001422864.1,-5,G,G,match
WT1,NP_077744.4,341,G,Macaca mulatta,NP_001422864.1,-4,Q,Q,match
WT1,NP_077744.4,341,G,Macaca mulatta,NP_001422864.1,-3,S,S,match
WT1,NP_077744.4,341,G,Macaca mulatta,NP_001422864.1,-2,N,N,match
WT1,NP_077744.4,341,G,Macaca mulatta,NP_001422864.1,-1,H,H,match
WT1,NP_077744.4,341,G,Macaca mulatta,NP_001422864.1,0,S,G,CPD
WT1,NP_077744.4,341,G,Macaca mulatta,NP_001422864.1,1,T,T,match
WT1,NP_077744.4,341,G,Macaca mulatta,NP_001422864.1,2,G,G,match
WT1,NP_077744.4,341,G,Macaca mulatta,NP_001422864.1,3,Y,Y,match
WT1,NP_077744.4,341,G,Macaca mulatta,NP_001422864.1,4,E,E,match
WT1,NP_077744.4,341,G,Macaca mulatta,NP_001422864.1,5,S,S,match
WT1,NP_077744.4,341,G,Macaca mulatta,NP_001422864.1,6,D,D,match
WT1,NP_077744.4,341,G,Macaca mulatta,NP_001422864.1,7,N,N,match
WT1,NP_077744.4,341,G,Macaca mulatta,NP_001422864.1,8,H,H,match
WT1,NP_077744.4,341,G,Macaca mulatta,NP_001422864.1,9,T,T,match
WT1,NP_077744.4,341,G,Macaca mulatta,NP_001422864.1,10,T,T,match
WT1,NP_077744.4,341,G,Propithecus coquereli,XP_012505037.1,-10,V,V,match
WT1,NP_077744.4,341,G,Propithecus coquereli,XP_012505037.1,-9,K,K,match
WT1,NP_077744.4,341,G,Propithecus coquereli,XP_012505037.1,-8,W,W,match
WT1,NP_077744.4,341,G,Propithecus coquereli,XP_012505037.1,-7,T,T,match
WT1,NP_077744.4,341,G,Propithecus coquereli,XP_012505037.1,-6,E,E,match
WT1,NP_077744.4,341,G,Propithecus coquereli,XP_012505037.1,-5,G,G,match
WT1,NP_077744.4,341,G,Propithecus coquereli,XP_012505037.1,-4,Q,Q,match
WT1,NP_077744.4,341,G,Propithecus coquereli,XP_012505037.1,-3,S,S,match
WT1,NP_077744.4,341,G,Propithecus coquereli,XP_012505037.1,-2,N,N,match
WT1,NP_077744.4,341,G,Propithecus coquereli,XP_012505037.1,-1,H,H,match
WT1,NP_077744.4,341,G,Propithecus coquereli,XP_012505037.1,0,S,G,CPD
WT1,NP_077744.4,341,G,Propithecus coquereli,XP_012505037.1,1,T,T,match
WT1,NP_077744.4,341,G,Propithecus coquereli,XP_012505037.1,2,G,G,match
WT1,NP_077744.4,341,G,Propithecus coquereli,XP_012505037.1,3,Y,Y,match
WT1,NP_077744.4,341,G,Propithecus coquereli,XP_012505037.1,4,E,E,match
WT1,NP_077744.4,341,G,Propithecus coquereli,XP_012505037.1,5,S,S,match
WT1,NP_077744.4,341,G,Propithecus coquereli,XP_012505037.1,6,D,D,match
WT1,NP_077744.4,341,G,Propithecus coquereli,XP_012505037.1,7,N,N,match
WT1,NP_077744.4,341,G,Propithecus coquereli,XP_012505037.1,8,H,H,match
WT1,NP_077744.4,341,G,Propithecus coquereli,XP_012505037.1,9,T,T,match
WT1,NP_077744.4,341,G,Propithecus coquereli,XP_012505037.1,10,T,T,match
WT1,NP_077744.4,341,G,Macaca fascicularis,XP_065384406.1,-10,V,V,match
WT1,NP_077744.4,341,G,Macaca fascicularis,XP_065384406.1,-9,K,K,match
WT1,NP_077744.4,341,G,Macaca fascicularis,XP_065384406.1,-8,W,W,match
WT1,NP_077744.4,341,G,Macaca fascicularis,XP_065384406.1,-7,T,T,match
WT1,NP_077744.4,341,G,Macaca fascicularis,XP_065384406.1,-6,E,E,match
WT1,NP_077744.4,341,G,Macaca fascicularis,XP_065384406.1,-5,G,G,match
WT1,NP_077744.4,341,G,Macaca fascicularis,XP_065384406.1,-4,Q,Q,match
WT1,NP_077744.4,341,G,Macaca fascicularis,XP_065384406.1,-3,S,S,match
WT1,NP_077744.4,341,G,Macaca fascicularis,XP_065384406.1,-2,N,N,match
WT1,NP_077744.4,341,G,Macaca fascicularis,XP_065384406.1,-1,H,H,match
WT1,NP_077744.4,341,G,Macaca fascicularis,XP_065384406.1,0,S,G,CPD
WT1,NP_077744.4,341,G,Macaca fascicularis,XP_065384406.1,1,T,T,match
WT1,NP_077744.4,341,G,Macaca fascicularis,XP_065384406.1,2,G,G,match
WT1,NP_077744.4,341,G,Macaca fascicularis,XP_065384406.1,3,Y,Y,match
WT1,NP_077744.4,341,G,Macaca fascicularis,XP_065384406.1,4,E,E,match
WT1,NP_077744.4,341,G,Macaca fascicularis,XP_065384406.1,5,S,S,match
WT1,NP_077744.4,341,G,Macaca fascicularis,XP_065384406.1,6,D,D,match
WT1,NP_077744.4,341,G,Macaca fascicularis,XP_065384406.1,7,N,N,match
WT1,NP_077744.4,341,G,Macaca fascicularis,XP_065384406.1,8,H,H,match
WT1,NP_077744.4,341,G,Macaca fascicularis,XP_065384406.1,9,T,T,match
WT1,NP_077744.4,341,G,Macaca fascicularis,XP_065384406.1,10,T,T,match
WT1,NP_077744.4,341,G,Rhinopithecus bieti,XP_017705228.1,-10,V,V,match
WT1,NP_077744.4,341,G,Rhinopithecus bieti,XP_017705228.1,-9,K,K,match
WT1,NP_077744.4,341,G,Rhinopithecus bieti,XP_017705228.1,-8,W,W,match
WT1,NP_077744.4,341,G,Rhinopithecus bieti,XP_017705228.1,-7,T,T,match
WT1,NP_077744.4,341,G,Rhinopithecus bieti,XP_017705228.1,-6,E,E,match
WT1,NP_077744.4,341,G,Rhinopithecus bieti,XP_017705228.1,-5,G,G,match
WT1,NP_077744.4,341,G,Rhinopithecus bieti,XP_017705228.1,-4,Q,Q,match
WT1,NP_077744.4,341,G,Rhinopithecus bieti,XP_017705228.1,-3,S,S,match
WT1,NP_077744.4,341,G,Rhinopithecus bieti,XP_017705228.1,-2,N,N,match
WT1,NP_077744.4,341,G,Rhinopithecus bieti,XP_017705228.1,-1,H,H,match
WT1,NP_077744.4,341,G,Rhinopithecus bieti,XP_017705228.1,0,S,G,CPD
WT1,NP_077744.4,341,G,Rhinopithecus bieti,XP_017705228.1,1,T,T,match
WT1,NP_077744.4,341,G,Rhinopithecus bieti,XP_017705228.1,2,G,G,match
WT1,NP_077744.4,341,G,Rhinopithecus bieti,XP_017705228.1,3,Y,Y,match
WT1,NP_077744.4,341,G,Rhinopithecus bieti,XP_017705228.1,4,E,E,match
WT1,NP_077744.4,341,G,Rhinopithecus bieti,XP_017705228.1,5,S,S,match
WT1,NP_077744.4,341,G,Rhinopithecus bieti,XP_017705228.1,6,D,D,match
WT1,NP_077744.4,341,G,Rhinopithecus bieti,XP_017705228.1,7,N,N,match
WT1,NP_077744.4,341,G,Rhinopithecus bieti,XP_017705228.1,8,H,H,match
WT1,NP_077744.4,341,G,Rhinopithecus bieti,XP_017705228.1,9,T,T,match
WT1,NP_077744.4,341,G,Rhinopithecus bieti,XP_017705228.1,10,T,T,match
WT1,NP_077744.4,341,G,Theropithecus gelada,XP_025212117.1,-10,V,V,match
WT1,NP_077744.4,341,G,Theropithecus gelada,XP_025212117.1,-9,K,K,match
WT1,NP_077744.4,341,G,Theropithecus gelada,XP_025212117.1,-8,W,W,match
WT1,NP_077744.4,341,G,Theropithecus gelada,XP_025212117.1,-7,T,T,match
WT1,NP_077744.4,341,G,Theropithecus gelada,XP_025212117.1,-6,E,E,match
WT1,NP_077744.4,341,G,Theropithecus gelada,XP_025212117.1,-5,G,G,match
WT1,NP_077744.4,341,G,Theropithecus gelada,XP_025212117.1,-4,Q,Q,match
WT1,NP_077744.4,341,G,Theropithecus gelada,XP_025212117.1,-3,S,S,match
WT1,NP_077744.4,341,G,Theropithecus gelada,XP_025212117.1,-2,N,N,match
WT1,NP_077744.4,341,G,Theropithecus gelada,XP_025212117.1,-1,H,H,match
WT1,NP_077744.4,341,G,Theropithecus gelada,XP_025212117.1,0,S,G,CPD
WT1,NP_077744.4,341,G,Theropithecus gelada,XP_025212117.1,1,T,T,match
WT1,NP_077744.4,341,G,Theropithecus gelada,XP_025212117.1,2,G,G,match
WT1,NP_077744.4,341,G,Theropithecus gelada,XP_025212117.1,3,Y,Y,match
WT1,NP_077744.4,341,G,Theropithecus gelada,XP_025212117.1,4,E,E,match
WT1,NP_077744.4,341,G,Theropithecus gelada,XP_025212117.1,5,S,S,match
WT1,NP_077744.4,341,G,Theropithecus gelada,XP_025212117.1,6,D,D,match
WT1,NP_077744.4,341,G,Theropithecus gelada,XP_025212117.1,7,N,N,match
WT1,NP_077744.4,341,G,Theropithecus gelada,XP_025212117.1,8,H,H,match
WT1,NP_077744.4,341,G,Theropithecus gelada,XP_025212117.1,9,T,T,match
WT1,NP_077744.4,341,G,Theropithecus gelada,XP_025212117.1,10,T,T,match
WT1,NP_077744.4,341,G,Macaca thibetana thibetana,XP_050614982.1,-10,V,V,match
WT1,NP_077744.4,341,G,Macaca thibetana thibetana,XP_050614982.1,-9,K,K,match
WT1,NP_077744.4,341,G,Macaca thibetana thibetana,XP_050614982.1,-8,W,W,match
WT1,NP_077744.4,341,G,Macaca thibetana thibetana,XP_050614982.1,-7,T,T,match
WT1,NP_077744.4,341,G,Macaca thibetana thibetana,XP_050614982.1,-6,E,E,match
WT1,NP_077744.4,341,G,Macaca thibetana thibetana,XP_050614982.1,-5,G,G,match
WT1,NP_077744.4,341,G,Macaca thibetana thibetana,XP_050614982.1,-4,Q,Q,match
WT1,NP_077744.4,341,G,Macaca thibetana thibetana,XP_050614982.1,-3,S,S,match
WT1,NP_077744.4,341,G,Macaca thibetana thibetana,XP_050614982.1,-2,N,N,match
WT1,NP_077744.4,341,G,Macaca thibetana thibetana,XP_050614982.1,-1,H,H,match
WT1,NP_077744.4,341,G,Macaca thibetana thibetana,XP_050614982.1,0,S,G,CPD
WT1,NP_077744.4,341,G,Macaca thibetana thibetana,XP_050614982.1,1,T,T,match
WT1,NP_077744.4,341,G,Macaca thibetana thibetana,XP_050614982.1,2,G,G,match
WT1,NP_077744.4,341,G,Macaca thibetana thibetana,XP_050614982.1,3,Y,Y,match
WT1,NP_077744.4,341,G,Macaca thibetana thibetana,XP_050614982.1,4,E,E,match
WT1,NP_077744.4,341,G,Macaca thibetana thibetana,XP_050614982.1,5,S,S,match
WT1,NP_077744.4,341,G,Macaca thibetana thibetana,XP_050614982.1,6,D,D,match
WT1,NP_077744.4,341,G,Macaca thibetana thibetana,XP_050614982.1,7,N,N,match
WT1,NP_077744.4,341,G,Macaca thibetana thibetana,XP_050614982.1,8,H,H,match
WT1,NP_077744.4,341,G,Macaca thibetana thibetana,XP_050614982.1,9,T,T,match
WT1,NP_077744.4,341,G,Macaca thibetana thibetana,XP_050614982.1,10,T,T,match
WT1,NP_077744.4,341,G,Piliocolobus tephrosceles,XP_031789677.1,-10,V,-,gap
WT1,NP_077744.4,341,G,Piliocolobus tephrosceles,XP_031789677.1,-9,K,-,gap
WT1,NP_077744.4,341,G,Piliocolobus tephrosceles,XP_031789677.1,-8,W,-,gap
WT1,NP_077744.4,341,G,Piliocolobus tephrosceles,XP_031789677.1,-7,T,-,gap
WT1,NP_077744.4,341,G,Piliocolobus tephrosceles,XP_031789677.1,-6,E,-,gap
WT1,NP_077744.4,341,G,Piliocolobus tephrosceles,XP_031789677.1,-5,G,-,gap
WT1,NP_077744.4,341,G,Piliocolobus tephrosceles,XP_031789677.1,-4,Q,-,gap
WT1,NP_077744.4,341,G,Piliocolobus tephrosceles,XP_031789677.1,-3,S,-,gap
WT1,NP_077744.4,341,G,Piliocolobus tephrosceles,XP_031789677.1,-2,N,-,gap
WT1,NP_077744.4,341,G,Piliocolobus tephrosceles,XP_031789677.1,-1,H,H,match
WT1,NP_077744.4,341,G,Piliocolobus tephrosceles,XP_031789677.1,0,S,G,CPD
WT1,NP_077744.4,341,G,Piliocolobus tephrosceles,XP_031789677.1,1,T,T,match
WT1,NP_077744.4,341,G,Piliocolobus tephrosceles,XP_031789677.1,2,G,G,match
WT1,NP_077744.4,341,G,Piliocolobus tephrosceles,XP_031789677.1,3,Y,Y,match
WT1,NP_077744.4,341,G,Piliocolobus tephrosceles,XP_031789677.1,4,E,E,match
WT1,NP_077744.4,341,G,Piliocolobus tephrosceles,XP_031789677.1,5,S,S,match
WT1,NP_077744.4,341,G,Piliocolobus tephrosceles,XP_031789677.1,6,D,D,match
WT1,NP_077744.4,341,G,Piliocolobus tephrosceles,XP_031789677.1,7,N,N,match
WT1,NP_077744.4,341,G,Piliocolobus tephrosceles,XP_031789677.1,8,H,H,match
WT1,NP_077744.4,341,G,Piliocolobus tephrosceles,XP_031789677.1,9,T,T,match
WT1,NP_077744.4,341,G,Piliocolobus tephrosceles,XP_031789677.1,10,T,T,match
WT1,NP_077744.4,341,G,Macaca nemestrina,XP_070931006.1,-10,V,V,match
WT1,NP_077744.4,341,G,Macaca nemestrina,XP_070931006.1,-9,K,K,match
WT1,NP_077744.4,341,G,Macaca nemestrina,XP_070931006.1,-8,W,W,match
WT1,NP_077744.4,341,G,Macaca nemestrina,XP_070931006.1,-7,T,T,match
WT1,NP_077744.4,341,G,Macaca nemestrina,XP_070931006.1,-6,E,E,match
WT1,NP_077744.4,341,G,Macaca nemestrina,XP_070931006.1,-5,G,G,match
WT1,NP_077744.4,341,G,Macaca nemestrina,XP_070931006.1,-4,Q,Q,match
WT1,NP_077744.4,341,G,Macaca nemestrina,XP_070931006.1,-3,S,S,match
WT1,NP_077744.4,341,G,Macaca nemestrina,XP_070931006.1,-2,N,N,match
WT1,NP_077744.4,341,G,Macaca nemestrina,XP_070931006.1,-1,H,H,match
WT1,NP_077744.4,341,G,Macaca nemestrina,XP_070931006.1,0,S,G,CPD
WT1,NP_077744.4,341,G,Macaca nemestrina,XP_070931006.1,1,T,T,match
WT1,NP_077744.4,341,G,Macaca nemestrina,XP_070931006.1,2,G,G,match
WT1,NP_077744.4,341,G,Macaca nemestrina,XP_070931006.1,3,Y,Y,match
WT1,NP_077744.4,341,G,Macaca nemestrina,XP_070931006.1,4,E,E,match
WT1,NP_077744.4,341,G,Macaca nemestrina,XP_070931006.1,5,S,S,match
WT1,NP_077744.4,341,G,Macaca nemestrina,XP_070931006.1,6,D,D,match
WT1,NP_077744.4,341,G,Macaca nemestrina,XP_070931006.1,7,N,N,match
WT1,NP_077744.4,341,G,Macaca nemestrina,XP_070931006.1,8,H,H,match
WT1,NP_077744.4,341,G,Macaca nemestrina,XP_070931006.1,9,T,T,match
WT1,NP_077744.4,341,G,Macaca nemestrina,XP_070931006.1,10,T,T,match
WT1,NP_077744.4,341,G,Pongo abelii,XP_024111035.1,-10,V,V,match
WT1,NP_077744.4,341,G,Pongo abelii,XP_024111035.1,-9,K,K,match
WT1,NP_077744.4,341,G,Pongo abelii,XP_024111035.1,-8,W,W,match
WT1,NP_077744.4,341,G,Pongo abelii,XP_024111035.1,-7,T,T,match
WT1,NP_077744.4,341,G,Pongo abelii,XP_024111035.1,-6,E,E,match
WT1,NP_077744.4,341,G,Pongo abelii,XP_024111035.1,-5,G,G,match
WT1,NP_077744.4,341,G,Pongo abelii,XP_024111035.1,-4,Q,Q,match
WT1,NP_077744.4,341,G,Pongo abelii,XP_024111035.1,-3,S,S,match
WT1,NP_077744.4,341,G,Pongo abelii,XP_024111035.1,-2,N,N,match
WT1,NP_077744.4,341,G,Pongo abelii,XP_024111035.1,-1,H,H,match
WT1,NP_077744.4,341,G,Pongo abelii,XP_024111035.1,0,S,G,CPD
WT1,NP_077744.4,341,G,Pongo abelii,XP_024111035.1,1,T,T,match
WT1,NP_077744.4,341,G,Pongo abelii,XP_024111035.1,2,G,G,match
WT1,NP_077744.4,341,G,Pongo abelii,XP_024111035.1,3,Y,Y,match
WT1,NP_077744.4,341,G,Pongo abelii,XP_024111035.1,4,E,E,match
WT1,NP_077744.4,341,G,Pongo abelii,XP_024111035.1,5,S,S,match
WT1,NP_077744.4,341,G,Pongo abelii,XP_024111035.1,6,D,D,match
WT1,NP_077744.4,341,G,Pongo abelii,XP_024111035.1,7,N,N,match
WT1,NP_077744.4,341,G,Pongo abelii,XP_024111035.1,8,H,H,match
WT1,NP_077744.4,341,G,Pongo abelii,XP_024111035.1,9,T,T,match
WT1,NP_077744.4,341,G,Pongo abelii,XP_024111035.1,10,T,T,match
WT1,NP_077744.4,341,G,Nomascus leucogenys,XP_030684745.1,-10,V,-,gap
WT1,NP_077744.4,341,G,Nomascus leucogenys,XP_030684745.1,-9,K,-,gap
WT1,NP_077744.4,341,G,Nomascus leucogenys,XP_030684745.1,-8,W,-,gap
WT1,NP_077744.4,341,G,Nomascus leucogenys,XP_030684745.1,-7,T,-,gap
WT1,NP_077744.4,341,G,Nomascus leucogenys,XP_030684745.1,-6,E,-,gap
WT1,NP_077744.4,341,G,Nomascus leucogenys,XP_030684745.1,-5,G,-,gap
WT1,NP_077744.4,341,G,Nomascus leucogenys,XP_030684745.1,-4,Q,-,gap
WT1,NP_077744.4,341,G,Nomascus leucogenys,XP_030684745.1,-3,S,-,gap
WT1,NP_077744.4,341,G,Nomascus leucogenys,XP_030684745.1,-2,N,-,gap
WT1,NP_077744.4,341,G,Nomascus leucogenys,XP_030684745.1,-1,H,H,match
WT1,NP_077744.4,341,G,Nomascus leucogenys,XP_030684745.1,0,S,G,CPD
WT1,NP_077744.4,341,G,Nomascus leucogenys,XP_030684745.1,1,T,T,match
WT1,NP_077744.4,341,G,Nomascus leucogenys,XP_030684745.1,2,G,G,match
WT1,NP_077744.4,341,G,Nomascus leucogenys,XP_030684745.1,3,Y,Y,match
WT1,NP_077744.4,341,G,Nomascus leucogenys,XP_030684745.1,4,E,E,match
WT1,NP_077744.4,341,G,Nomascus leucogenys,XP_030684745.1,5,S,S,match
WT1,NP_077744.4,341,G,Nomascus leucogenys,XP_030684745.1,6,D,D,match
WT1,NP_077744.4,341,G,Nomascus leucogenys,XP_030684745.1,7,N,N,match
WT1,NP_077744.4,341,G,Nomascus leucogenys,XP_030684745.1,8,H,H,match
WT1,NP_077744.4,341,G,Nomascus leucogenys,XP_030684745.1,9,T,T,match
WT1,NP_077744.4,341,G,Nomascus leucogenys,XP_030684745.1,10,T,T,match
WT1,NP_077744.4,341,G,Gorilla gorilla gorilla,XP_055212506.1,-10,V,-,gap
WT1,NP_077744.4,341,G,Gorilla gorilla gorilla,XP_055212506.1,-9,K,-,gap
WT1,NP_077744.4,341,G,Gorilla gorilla gorilla,XP_055212506.1,-8,W,-,gap
WT1,NP_077744.4,341,G,Gorilla gorilla gorilla,XP_055212506.1,-7,T,-,gap
WT1,NP_077744.4,341,G,Gorilla gorilla gorilla,XP_055212506.1,-6,E,-,gap
WT1,NP_077744.4,341,G,Gorilla gorilla gorilla,XP_055212506.1,-5,G,-,gap
WT1,NP_077744.4,341,G,Gorilla gorilla gorilla,XP_055212506.1,-4,Q,-,gap
WT1,NP_077744.4,341,G,Gorilla gorilla gorilla,XP_055212506.1,-3,S,-,gap
WT1,NP_077744.4,341,G,Gorilla gorilla gorilla,XP_055212506.1,-2,N,-,gap
WT1,NP_077744.4,341,G,Gorilla gorilla gorilla,XP_055212506.1,-1,H,H,match
WT1,NP_077744.4,341,G,Gorilla gorilla gorilla,XP_055212506.1,0,S,G,CPD
WT1,NP_077744.4,341,G,Gorilla gorilla gorilla,XP_055212506.1,1,T,T,match
WT1,NP_077744.4,341,G,Gorilla gorilla gorilla,XP_055212506.1,2,G,G,match
WT1,NP_077744.4,341,G,Gorilla gorilla gorilla,XP_055212506.1,3,Y,Y,match
WT1,NP_077744.4,341,G,Gorilla gorilla gorilla,XP_055212506.1,4,E,E,match
WT1,NP_077744.4,341,G,Gorilla gorilla gorilla,XP_055212506.1,5,S,S,match
WT1,NP_077744.4,341,G,Gorilla gorilla gorilla,XP_055212506.1,6,D,D,match
WT1,NP_077744.4,341,G,Gorilla gorilla gorilla,XP_055212506.1,7,N,N,match
WT1,NP_077744.4,341,G,Gorilla gorilla gorilla,XP_055212506.1,8,H,H,match
WT1,NP_077744.4,341,G,Gorilla gorilla gorilla,XP_055212506.1,9,T,T,match
WT1,NP_077744.4,341,G,Gorilla gorilla gorilla,XP_055212506.1,10,T,T,match
WT1,NP_077744.4,341,G,Symphalangus syndactylus,XP_055137999.1,-10,V,V,match
WT1,NP_077744.4,341,G,Symphalangus syndactylus,XP_055137999.1,-9,K,K,match
WT1,NP_077744.4,341,G,Symphalangus syndactylus,XP_055137999.1,-8,W,W,match
WT1,NP_077744.4,341,G,Symphalangus syndactylus,XP_055137999.1,-7,T,T,match
WT1,NP_077744.4,341,G,Symphalangus syndactylus,XP_055137999.1,-6,E,E,match
WT1,NP_077744.4,341,G,Symphalangus syndactylus,XP_055137999.1,-5,G,G,match
WT1,NP_077744.4,341,G,Symphalangus syndactylus,XP_055137999.1,-4,Q,Q,match
WT1,NP_077744.4,341,G,Symphalangus syndactylus,XP_055137999.1,-3,S,S,match
WT1,NP_077744.4,341,G,Symphalangus syndactylus,XP_055137999.1,-2,N,N,match
WT1,NP_077744.4,341,G,Symphalangus syndactylus,XP_055137999.1,-1,H,H,match
WT1,NP_077744.4,341,G,Symphalangus syndactylus,XP_055137999.1,0,S,G,CPD
WT1,NP_077744.4,341,G,Symphalangus syndactylus,XP_055137999.1,1,T,T,match
WT1,NP_077744.4,341,G,Symphalangus syndactylus,XP_055137999.1,2,G,G,match
WT1,NP_077744.4,341,G,Symphalangus syndactylus,XP_055137999.1,3,Y,Y,match
WT1,NP_077744.4,341,G,Symphalangus syndactylus,XP_055137999.1,4,E,E,match
WT1,NP_077744.4,341,G,Symphalangus syndactylus,XP_055137999.1,5,S,S,match
WT1,NP_077744.4,341,G,Symphalangus syndactylus,XP_055137999.1,6,D,D,match
WT1,NP_077744.4,341,G,Symphalangus syndactylus,XP_055137999.1,7,N,N,match
WT1,NP_077744.4,341,G,Symphalangus syndactylus,XP_055137999.1,8,H,H,match
WT1,NP_077744.4,341,G,Symphalangus syndactylus,XP_055137999.1,9,T,T,match
WT1,NP_077744.4,341,G,Symphalangus syndactylus,XP_055137999.1,10,T,T,match
WT1,NP_077744.4,341,G,Eulemur rufifrons,XP_069325873.1,-10,V,V,match
WT1,NP_077744.4,341,G,Eulemur rufifrons,XP_069325873.1,-9,K,K,match
WT1,NP_077744.4,341,G,Eulemur rufifrons,XP_069325873.1,-8,W,W,match
WT1,NP_077744.4,341,G,Eulemur rufifrons,XP_069325873.1,-7,T,T,match
WT1,NP_077744.4,341,G,Eulemur rufifrons,XP_069325873.1,-6,E,E,match
WT1,NP_077744.4,341,G,Eulemur rufifrons,XP_069325873.1,-5,G,G,match
WT1,NP_077744.4,341,G,Eulemur rufifrons,XP_069325873.1,-4,Q,Q,match
WT1,NP_077744.4,341,G,Eulemur rufifrons,XP_069325873.1,-3,S,S,match
WT1,NP_077744.4,341,G,Eulemur rufifrons,XP_069325873.1,-2,N,N,match
WT1,NP_077744.4,341,G,Eulemur rufifrons,XP_069325873.1,-1,H,H,match
WT1,NP_077744.4,341,G,Eulemur rufifrons,XP_069325873.1,0,S,G,CPD
WT1,NP_077744.4,341,G,Eulemur rufifrons,XP_069325873.1,1,T,T,match
WT1,NP_077744.4,341,G,Eulemur rufifrons,XP_069325873.1,2,G,G,match
WT1,NP_077744.4,341,G,Eulemur rufifrons,XP_069325873.1,3,Y,Y,match
WT1,NP_077744.4,341,G,Eulemur rufifrons,XP_069325873.1,4,E,E,match
WT1,NP_077744.4,341,G,Eulemur rufifrons,XP_069325873.1,5,S,S,match
WT1,NP_077744.4,341,G,Eulemur rufifrons,XP_069325873.1,6,D,D,match
WT1,NP_077744.4,341,G,Eulemur rufifrons,XP_069325873.1,7,N,N,match
WT1,NP_077744.4,341,G,Eulemur rufifrons,XP_069325873.1,8,H,H,match
WT1,NP_077744.4,341,G,Eulemur rufifrons,XP_069325873.1,9,T,T,match
WT1,NP_077744.4,341,G,Eulemur rufifrons,XP_069325873.1,10,T,T,match
WT1,NP_077744.4,341,G,Hylobates moloch,XP_032023887.1,-10,V,V,match
WT1,NP_077744.4,341,G,Hylobates moloch,XP_032023887.1,-9,K,K,match
WT1,NP_077744.4,341,G,Hylobates moloch,XP_032023887.1,-8,W,W,match
WT1,NP_077744.4,341,G,Hylobates moloch,XP_032023887.1,-7,T,T,match
WT1,NP_077744.4,341,G,Hylobates moloch,XP_032023887.1,-6,E,E,match
WT1,NP_077744.4,341,G,Hylobates moloch,XP_032023887.1,-5,G,G,match
WT1,NP_077744.4,341,G,Hylobates moloch,XP_032023887.1,-4,Q,Q,match
WT1,NP_077744.4,341,G,Hylobates moloch,XP_032023887.1,-3,S,S,match
WT1,NP_077744.4,341,G,Hylobates moloch,XP_032023887.1,-2,N,N,match
WT1,NP_077744.4,341,G,Hylobates moloch,XP_032023887.1,-1,H,H,match
WT1,NP_077744.4,341,G,Hylobates moloch,XP_032023887.1,0,S,G,CPD
WT1,NP_077744.4,341,G,Hylobates moloch,XP_032023887.1,1,T,T,match
WT1,NP_077744.4,341,G,Hylobates moloch,XP_032023887.1,2,G,G,match
WT1,NP_077744.4,341,G,Hylobates moloch,XP_032023887.1,3,Y,Y,match
WT1,NP_077744.4,341,G,Hylobates moloch,XP_032023887.1,4,E,E,match
WT1,NP_077744.4,341,G,Hylobates moloch,XP_032023887.1,5,S,S,match
WT1,NP_077744.4,341,G,Hylobates moloch,XP_032023887.1,6,D,D,match
WT1,NP_077744.4,341,G,Hylobates moloch,XP_032023887.1,7,N,N,match
WT1,NP_077744.4,341,G,Hylobates moloch,XP_032023887.1,8,H,H,match
WT1,NP_077744.4,341,G,Hylobates moloch,XP_032023887.1,9,T,T,match
WT1,NP_077744.4,341,G,Hylobates moloch,XP_032023887.1,10,T,T,match
ZEB2,NP_055610.1,1049,R,Pongo abelii,NP_001125020.1,-10,K,K,match
ZEB2,NP_055610.1,1049,R,Pongo abelii,NP_001125020.1,-9,H,H,match
ZEB2,NP_055610.1,1049,R,Pongo abelii,NP_001125020.1,-8,H,H,match
ZEB2,NP_055610.1,1049,R,Pongo abelii,NP_001125020.1,-7,L,L,match
ZEB2,NP_055610.1,1049,R,Pongo abelii,NP_001125020.1,-6,I,I,match
ZEB2,NP_055610.1,1049,R,Pongo abelii,NP_001125020.1,-5,E,E,match
ZEB2,NP_055610.1,1049,R,Pongo abelii,NP_001125020.1,-4,H,H,match
ZEB2,NP_055610.1,1049,R,Pongo abelii,NP_001125020.1,-3,S,S,match
ZEB2,NP_055610.1,1049,R,Pongo abelii,NP_001125020.1,-2,R,R,match
ZEB2,NP_055610.1,1049,R,Pongo abelii,NP_001125020.1,-1,L,L,match
ZEB2,NP_055610.1,1049,R,Pongo abelii,NP_001125020.1,0,H,R,CPD
ZEB2,NP_055610.1,1049,R,Pongo abelii,NP_001125020.1,1,S,S,match
ZEB2,NP_055610.1,1049,R,Pongo abelii,NP_001125020.1,2,G,G,match
ZEB2,NP_055610.1,1049,R,Pongo abelii,NP_001125020.1,3,E,E,match
ZEB2,NP_055610.1,1049,R,Pongo abelii,NP_001125020.1,4,K,K,match
ZEB2,NP_055610.1,1049,R,Pongo abelii,NP_001125020.1,5,P,P,match
ZEB2,NP_055610.1,1049,R,Pongo abelii,NP_001125020.1,6,Y,Y,match
ZEB2,NP_055610.1,1049,R,Pongo abelii,NP_001125020.1,7,Q,Q,match
ZEB2,NP_055610.1,1049,R,Pongo abelii,NP_001125020.1,8,C,C,match
ZEB2,NP_055610.1,1049,R,Pongo abelii,NP_001125020.1,9,D,D,match
ZEB2,NP_055610.1,1049,R,Pongo abelii,NP_001125020.1,10,K,K,match
