gene,human_protein,site,mut,species,species_protein,relative_position,human_aa,species_aa,status,score,CPD,validity
ACADM,NP_000007.1,29,L,Aotus nancymaae,XP_064228588.1,-10,H,H,match,5,ACADM:29,valid
ACADM,NP_000007.1,29,L,Aotus nancymaae,XP_064228588.1,-9,W,W,match,5,ACADM:29,valid
ACADM,NP_000007.1,29,L,Aotus nancymaae,XP_064228588.1,-8,R,R,match,5,ACADM:29,valid
ACADM,NP_000007.1,29,L,Aotus nancymaae,XP_064228588.1,-7,S,S,match,5,ACADM:29,valid
ACADM,NP_000007.1,29,L,Aotus nancymaae,XP_064228588.1,-6,Q,Q,match,5,ACADM:29,valid
ACADM,NP_000007.1,29,L,Aotus nancymaae,XP_064228588.1,-5,H,H,match,5,ACADM:29,valid
ACADM,NP_000007.1,29,L,Aotus nancymaae,XP_064228588.1,-4,T,T,match,5,ACADM:29,valid
ACADM,NP_000007.1,29,L,Aotus nancymaae,XP_064228588.1,-3,K,K,match,5,ACADM:29,valid
ACADM,NP_000007.1,29,L,Aotus nancymaae,XP_064228588.1,-2,A,S,different,0,ACADM:29,valid
ACADM,NP_000007.1,29,L,Aotus nancymaae,XP_064228588.1,-1,N,A,different,0,ACADM:29,valid
ACADM,NP_000007.1,29,L,Aotus nancymaae,XP_064228588.1,1,Q,Q,match,5,ACADM:29,valid
ACADM,NP_000007.1,29,L,Aotus nancymaae,XP_064228588.1,2,R,R,match,5,ACADM:29,valid
ACADM,NP_000007.1,29,L,Aotus nancymaae,XP_064228588.1,3,E,E,match,5,ACADM:29,valid
ACADM,NP_000007.1,29,L,Aotus nancymaae,XP_064228588.1,4,P,P,match,5,ACADM:29,valid
ACADM,NP_000007.1,29,L,Aotus nancymaae,XP_064228588.1,5,G,G,match,5,ACADM:29,valid
ACADM,NP_000007.1,29,L,Aotus nancymaae,XP_064228588.1,6,L,L,match,5,ACADM:29,valid
ACADM,NP_000007.1,29,L,Aotus nancymaae,XP_064228588.1,7,G,G,match,5,ACADM:29,valid
ACADM,NP_000007.1,29,L,Aotus nancymaae,XP_064228588.1,8,F,F,match,5,ACADM:29,valid
ACADM,NP_000007.1,29,L,Aotus nancymaae,XP_064228588.1,9,S,S,match,5,ACADM:29,valid
ACADM,NP_000007.1,29,L,Aotus nancymaae,XP_064228588.1,10,F,F,match,5,ACADM:29,valid
ACADM,NP_000007.1,29,L,Saimiri boliviensis,XP_039329541.1,-10,H,H,match,5,ACADM:29,valid
ACADM,NP_000007.1,29,L,Saimiri boliviensis,XP_039329541.1,-9,W,W,match,5,ACADM:29,valid
ACADM,NP_000007.1,29,L,Saimiri boliviensis,XP_039329541.1,-8,R,R,match,5,ACADM:29,valid
ACADM,NP_000007.1,29,L,Saimiri boliviensis,XP_039329541.1,-7,S,S,match,5,ACADM:29,valid
ACADM,NP_000007.1,29,L,Saimiri boliviensis,XP_039329541.1,-6,Q,Q,match,5,ACADM:29,valid
ACADM,NP_000007.1,29,L,Saimiri boliviensis,XP_039329541.1,-5,H,H,match,5,ACADM:29,valid
ACADM,NP_000007.1,29,L,Saimiri boliviensis,XP_039329541.1,-4,T,T,match,5,ACADM:29,valid
ACADM,NP_000007.1,29,L,Saimiri boliviensis,XP_039329541.1,-3,K,K,match,5,ACADM:29,valid
ACADM,NP_000007.1,29,L,Saimiri boliviensis,XP_039329541.1,-2,A,S,different,0,ACADM:29,valid
ACADM,NP_000007.1,29,L,Saimiri boliviensis,XP_039329541.1,-1,N,A,different,0,ACADM:29,valid
ACADM,NP_000007.1,29,L,Saimiri boliviensis,XP_039329541.1,1,Q,Q,match,5,ACADM:29,valid
ACADM,NP_000007.1,29,L,Saimiri boliviensis,XP_039329541.1,2,R,R,match,5,ACADM:29,valid
ACADM,NP_000007.1,29,L,Saimiri boliviensis,XP_039329541.1,3,E,E,match,5,ACADM:29,valid
ACADM,NP_000007.1,29,L,Saimiri boliviensis,XP_039329541.1,4,P,P,match,5,ACADM:29,valid
ACADM,NP_000007.1,29,L,Saimiri boliviensis,XP_039329541.1,5,G,G,match,5,ACADM:29,valid
ACADM,NP_000007.1,29,L,Saimiri boliviensis,XP_039329541.1,6,L,L,match,5,ACADM:29,valid
ACADM,NP_000007.1,29,L,Saimiri boliviensis,XP_039329541.1,7,G,G,match,5,ACADM:29,valid
ACADM,NP_000007.1,29,L,Saimiri boliviensis,XP_039329541.1,8,F,F,match,5,ACADM:29,valid
ACADM,NP_000007.1,29,L,Saimiri boliviensis,XP_039329541.1,9,S,S,match,5,ACADM:29,valid
ACADM,NP_000007.1,29,L,Saimiri boliviensis,XP_039329541.1,10,F,F,match,5,ACADM:29,valid
ACADM,NP_000007.1,29,L,Callithrix jacchus,XP_035107801.2,-10,H,H,match,5,ACADM:29,valid
ACADM,NP_000007.1,29,L,Callithrix jacchus,XP_035107801.2,-9,W,W,match,5,ACADM:29,valid
ACADM,NP_000007.1,29,L,Callithrix jacchus,XP_035107801.2,-8,R,R,match,5,ACADM:29,valid
ACADM,NP_000007.1,29,L,Callithrix jacchus,XP_035107801.2,-7,S,S,match,5,ACADM:29,valid
ACADM,NP_000007.1,29,L,Callithrix jacchus,XP_035107801.2,-6,Q,Q,match,5,ACADM:29,valid
ACADM,NP_000007.1,29,L,Callithrix jacchus,XP_035107801.2,-5,H,H,match,5,ACADM:29,valid
ACADM,NP_000007.1,29,L,Callithrix jacchus,XP_035107801.2,-4,T,T,match,5,ACADM:29,valid
ACADM,NP_000007.1,29,L,Callithrix jacchus,XP_035107801.2,-3,K,K,match,5,ACADM:29,valid
ACADM,NP_000007.1,29,L,Callithrix jacchus,XP_035107801.2,-2,A,S,different,0,ACADM:29,valid
ACADM,NP_000007.1,29,L,Callithrix jacchus,XP_035107801.2,-1,N,A,different,0,ACADM:29,valid
ACADM,NP_000007.1,29,L,Callithrix jacchus,XP_035107801.2,1,Q,Q,match,5,ACADM:29,valid
ACADM,NP_000007.1,29,L,Callithrix jacchus,XP_035107801.2,2,R,R,match,5,ACADM:29,valid
ACADM,NP_000007.1,29,L,Callithrix jacchus,XP_035107801.2,3,E,E,match,5,ACADM:29,valid
ACADM,NP_000007.1,29,L,Callithrix jacchus,XP_035107801.2,4,P,P,match,5,ACADM:29,valid
ACADM,NP_000007.1,29,L,Callithrix jacchus,XP_035107801.2,5,G,G,match,5,ACADM:29,valid
ACADM,NP_000007.1,29,L,Callithrix jacchus,XP_035107801.2,6,L,L,match,5,ACADM:29,valid
ACADM,NP_000007.1,29,L,Callithrix jacchus,XP_035107801.2,7,G,G,match,5,ACADM:29,valid
ACADM,NP_000007.1,29,L,Callithrix jacchus,XP_035107801.2,8,F,F,match,5,ACADM:29,valid
ACADM,NP_000007.1,29,L,Callithrix jacchus,XP_035107801.2,9,S,S,match,5,ACADM:29,valid
ACADM,NP_000007.1,29,L,Callithrix jacchus,XP_035107801.2,10,F,F,match,5,ACADM:29,valid
ACADM,NP_000007.1,29,L,Sapajus apella,XP_032152462.1,-10,H,H,match,5,ACADM:29,valid
ACADM,NP_000007.1,29,L,Sapajus apella,XP_032152462.1,-9,W,W,match,5,ACADM:29,valid
ACADM,NP_000007.1,29,L,Sapajus apella,XP_032152462.1,-8,R,R,match,5,ACADM:29,valid
ACADM,NP_000007.1,29,L,Sapajus apella,XP_032152462.1,-7,S,S,match,5,ACADM:29,valid
ACADM,NP_000007.1,29,L,Sapajus apella,XP_032152462.1,-6,Q,Q,match,5,ACADM:29,valid
ACADM,NP_000007.1,29,L,Sapajus apella,XP_032152462.1,-5,H,H,match,5,ACADM:29,valid
ACADM,NP_000007.1,29,L,Sapajus apella,XP_032152462.1,-4,T,T,match,5,ACADM:29,valid
ACADM,NP_000007.1,29,L,Sapajus apella,XP_032152462.1,-3,K,K,match,5,ACADM:29,valid
ACADM,NP_000007.1,29,L,Sapajus apella,XP_032152462.1,-2,A,S,different,0,ACADM:29,valid
ACADM,NP_000007.1,29,L,Sapajus apella,XP_032152462.1,-1,N,A,different,0,ACADM:29,valid
ACADM,NP_000007.1,29,L,Sapajus apella,XP_032152462.1,1,Q,Q,match,5,ACADM:29,valid
ACADM,NP_000007.1,29,L,Sapajus apella,XP_032152462.1,2,R,R,match,5,ACADM:29,valid
ACADM,NP_000007.1,29,L,Sapajus apella,XP_032152462.1,3,E,E,match,5,ACADM:29,valid
ACADM,NP_000007.1,29,L,Sapajus apella,XP_032152462.1,4,P,P,match,5,ACADM:29,valid
ACADM,NP_000007.1,29,L,Sapajus apella,XP_032152462.1,5,G,G,match,5,ACADM:29,valid
ACADM,NP_000007.1,29,L,Sapajus apella,XP_032152462.1,6,L,L,match,5,ACADM:29,valid
ACADM,NP_000007.1,29,L,Sapajus apella,XP_032152462.1,7,G,G,match,5,ACADM:29,valid
ACADM,NP_000007.1,29,L,Sapajus apella,XP_032152462.1,8,F,F,match,5,ACADM:29,valid
ACADM,NP_000007.1,29,L,Sapajus apella,XP_032152462.1,9,S,S,match,5,ACADM:29,valid
ACADM,NP_000007.1,29,L,Sapajus apella,XP_032152462.1,10,F,F,match,5,ACADM:29,valid
ACADM,NP_000007.1,31,H,Otolemur garnettii,XP_012657175.1,-10,R,R,match,5,ACADM:31,valid
ACADM,NP_000007.1,31,H,Otolemur garnettii,XP_012657175.1,-9,S,S,match,5,ACADM:31,valid
ACADM,NP_000007.1,31,H,Otolemur garnettii,XP_012657175.1,-8,Q,Q,match,5,ACADM:31,valid
ACADM,NP_000007.1,31,H,Otolemur garnettii,XP_012657175.1,-7,H,H,match,5,ACADM:31,valid
ACADM,NP_000007.1,31,H,Otolemur garnettii,XP_012657175.1,-6,T,T,match,5,ACADM:31,valid
ACADM,NP_000007.1,31,H,Otolemur garnettii,XP_012657175.1,-5,K,K,match,5,ACADM:31,valid
ACADM,NP_000007.1,31,H,Otolemur garnettii,XP_012657175.1,-4,A,A,match,5,ACADM:31,valid
ACADM,NP_000007.1,31,H,Otolemur garnettii,XP_012657175.1,-3,N,V,different,0,ACADM:31,valid
ACADM,NP_000007.1,31,H,Otolemur garnettii,XP_012657175.1,-2,R,P,different,0,ACADM:31,valid
ACADM,NP_000007.1,31,H,Otolemur garnettii,XP_012657175.1,-1,Q,K,different,0,ACADM:31,valid
ACADM,NP_000007.1,31,H,Otolemur garnettii,XP_012657175.1,1,E,E,match,5,ACADM:31,valid
ACADM,NP_000007.1,31,H,Otolemur garnettii,XP_012657175.1,2,P,P,match,5,ACADM:31,valid
ACADM,NP_000007.1,31,H,Otolemur garnettii,XP_012657175.1,3,G,G,match,5,ACADM:31,valid
ACADM,NP_000007.1,31,H,Otolemur garnettii,XP_012657175.1,4,L,L,match,5,ACADM:31,valid
ACADM,NP_000007.1,31,H,Otolemur garnettii,XP_012657175.1,5,G,G,match,5,ACADM:31,valid
ACADM,NP_000007.1,31,H,Otolemur garnettii,XP_012657175.1,6,F,Y,different,0,ACADM:31,valid
ACADM,NP_000007.1,31,H,Otolemur garnettii,XP_012657175.1,7,S,S,match,5,ACADM:31,valid
ACADM,NP_000007.1,31,H,Otolemur garnettii,XP_012657175.1,8,F,F,match,5,ACADM:31,valid
ACADM,NP_000007.1,31,H,Otolemur garnettii,XP_012657175.1,9,E,D,different,0,ACADM:31,valid
ACADM,NP_000007.1,31,H,Otolemur garnettii,XP_012657175.1,10,F,F,match,5,ACADM:31,valid
ACADM,NP_000007.1,31,H,Nycticebus coucang,XP_053447073.1,-10,R,R,match,5,ACADM:31,valid
ACADM,NP_000007.1,31,H,Nycticebus coucang,XP_053447073.1,-9,S,S,match,5,ACADM:31,valid
ACADM,NP_000007.1,31,H,Nycticebus coucang,XP_053447073.1,-8,Q,Q,match,5,ACADM:31,valid
ACADM,NP_000007.1,31,H,Nycticebus coucang,XP_053447073.1,-7,H,H,match,5,ACADM:31,valid
ACADM,NP_000007.1,31,H,Nycticebus coucang,XP_053447073.1,-6,T,T,match,5,ACADM:31,valid
ACADM,NP_000007.1,31,H,Nycticebus coucang,XP_053447073.1,-5,K,K,match,5,ACADM:31,valid
ACADM,NP_000007.1,31,H,Nycticebus coucang,XP_053447073.1,-4,A,A,match,5,ACADM:31,valid
ACADM,NP_000007.1,31,H,Nycticebus coucang,XP_053447073.1,-3,N,T,different,0,ACADM:31,valid
ACADM,NP_000007.1,31,H,Nycticebus coucang,XP_053447073.1,-2,R,P,different,0,ACADM:31,valid
ACADM,NP_000007.1,31,H,Nycticebus coucang,XP_053447073.1,-1,Q,K,different,0,ACADM:31,valid
ACADM,NP_000007.1,31,H,Nycticebus coucang,XP_053447073.1,1,E,E,match,5,ACADM:31,valid
ACADM,NP_000007.1,31,H,Nycticebus coucang,XP_053447073.1,2,P,P,match,5,ACADM:31,valid
ACADM,NP_000007.1,31,H,Nycticebus coucang,XP_053447073.1,3,G,G,match,5,ACADM:31,valid
ACADM,NP_000007.1,31,H,Nycticebus coucang,XP_053447073.1,4,L,L,match,5,ACADM:31,valid
ACADM,NP_000007.1,31,H,Nycticebus coucang,XP_053447073.1,5,G,G,match,5,ACADM:31,valid
ACADM,NP_000007.1,31,H,Nycticebus coucang,XP_053447073.1,6,F,Y,different,0,ACADM:31,valid
ACADM,NP_000007.1,31,H,Nycticebus coucang,XP_053447073.1,7,S,S,match,5,ACADM:31,valid
ACADM,NP_000007.1,31,H,Nycticebus coucang,XP_053447073.1,8,F,F,match,5,ACADM:31,valid
ACADM,NP_000007.1,31,H,Nycticebus coucang,XP_053447073.1,9,E,D,different,0,ACADM:31,valid
ACADM,NP_000007.1,31,H,Nycticebus coucang,XP_053447073.1,10,F,L,different,0,ACADM:31,valid
ACADM,NP_000007.1,103,L,Lemur catta,XP_045403682.1,-10,E,E,match,5,ACADM:103,valid
ACADM,NP_000007.1,103,L,Lemur catta,XP_045403682.1,-9,N,S,different,0,ACADM:103,valid
ACADM,NP_000007.1,103,L,Lemur catta,XP_045403682.1,-8,C,C,match,5,ACADM:103,valid
ACADM,NP_000007.1,103,L,Lemur catta,XP_045403682.1,-7,G,G,match,5,ACADM:103,valid
ACADM,NP_000007.1,103,L,Lemur catta,XP_045403682.1,-6,G,G,match,5,ACADM:103,valid
ACADM,NP_000007.1,103,L,Lemur catta,XP_045403682.1,-5,L,L,match,5,ACADM:103,valid
ACADM,NP_000007.1,103,L,Lemur catta,XP_045403682.1,-4,G,G,match,5,ACADM:103,valid
ACADM,NP_000007.1,103,L,Lemur catta,XP_045403682.1,-3,L,L,match,5,ACADM:103,valid
ACADM,NP_000007.1,103,L,Lemur catta,XP_045403682.1,-2,G,G,match,5,ACADM:103,valid
ACADM,NP_000007.1,103,L,Lemur catta,XP_045403682.1,-1,T,T,match,5,ACADM:103,valid
ACADM,NP_000007.1,103,L,Lemur catta,XP_045403682.1,1,D,D,match,5,ACADM:103,valid
ACADM,NP_000007.1,103,L,Lemur catta,XP_045403682.1,2,A,G,different,0,ACADM:103,valid
ACADM,NP_000007.1,103,L,Lemur catta,XP_045403682.1,3,C,C,match,5,ACADM:103,valid
ACADM,NP_000007.1,103,L,Lemur catta,XP_045403682.1,4,L,L,match,5,ACADM:103,valid
ACADM,NP_000007.1,103,L,Lemur catta,XP_045403682.1,5,I,I,match,5,ACADM:103,valid
ACADM,NP_000007.1,103,L,Lemur catta,XP_045403682.1,6,S,A,different,0,ACADM:103,valid
ACADM,NP_000007.1,103,L,Lemur catta,XP_045403682.1,7,E,E,match,5,ACADM:103,valid
ACADM,NP_000007.1,103,L,Lemur catta,XP_045403682.1,8,E,E,match,5,ACADM:103,valid
ACADM,NP_000007.1,103,L,Lemur catta,XP_045403682.1,9,L,L,match,5,ACADM:103,valid
ACADM,NP_000007.1,103,L,Lemur catta,XP_045403682.1,10,A,A,match,5,ACADM:103,valid
ACADM,NP_000007.1,29,Q,Hylobates moloch,XP_032011454.1,-10,H,H,match,5,ACADM:29,valid
ACADM,NP_000007.1,29,Q,Hylobates moloch,XP_032011454.1,-9,W,W,match,5,ACADM:29,valid
ACADM,NP_000007.1,29,Q,Hylobates moloch,XP_032011454.1,-8,R,R,match,5,ACADM:29,valid
ACADM,NP_000007.1,29,Q,Hylobates moloch,XP_032011454.1,-7,S,S,match,5,ACADM:29,valid
ACADM,NP_000007.1,29,Q,Hylobates moloch,XP_032011454.1,-6,Q,Q,match,5,ACADM:29,valid
ACADM,NP_000007.1,29,Q,Hylobates moloch,XP_032011454.1,-5,H,H,match,5,ACADM:29,valid
ACADM,NP_000007.1,29,Q,Hylobates moloch,XP_032011454.1,-4,T,T,match,5,ACADM:29,valid
ACADM,NP_000007.1,29,Q,Hylobates moloch,XP_032011454.1,-3,K,K,match,5,ACADM:29,valid
ACADM,NP_000007.1,29,Q,Hylobates moloch,XP_032011454.1,-2,A,A,match,5,ACADM:29,valid
ACADM,NP_000007.1,29,Q,Hylobates moloch,XP_032011454.1,-1,N,N,match,5,ACADM:29,valid
ACADM,NP_000007.1,29,Q,Hylobates moloch,XP_032011454.1,1,Q,Q,match,5,ACADM:29,valid
ACADM,NP_000007.1,29,Q,Hylobates moloch,XP_032011454.1,2,R,R,match,5,ACADM:29,valid
ACADM,NP_000007.1,29,Q,Hylobates moloch,XP_032011454.1,3,E,E,match,5,ACADM:29,valid
ACADM,NP_000007.1,29,Q,Hylobates moloch,XP_032011454.1,4,P,P,match,5,ACADM:29,valid
ACADM,NP_000007.1,29,Q,Hylobates moloch,XP_032011454.1,5,G,G,match,5,ACADM:29,valid
ACADM,NP_000007.1,29,Q,Hylobates moloch,XP_032011454.1,6,L,L,match,5,ACADM:29,valid
ACADM,NP_000007.1,29,Q,Hylobates moloch,XP_032011454.1,7,G,G,match,5,ACADM:29,valid
ACADM,NP_000007.1,29,Q,Hylobates moloch,XP_032011454.1,8,F,F,match,5,ACADM:29,valid
ACADM,NP_000007.1,29,Q,Hylobates moloch,XP_032011454.1,9,S,S,match,5,ACADM:29,valid
ACADM,NP_000007.1,29,Q,Hylobates moloch,XP_032011454.1,10,F,F,match,5,ACADM:29,valid
ACADVL,NP_000009.1,174,M,Propithecus coquereli,XP_012511118.1,-10,V,A,different,0,ACADVL:174,valid
ACADVL,NP_000009.1,174,M,Propithecus coquereli,XP_012511118.1,-9,E,E,match,5,ACADVL:174,valid
ACADVL,NP_000009.1,174,M,Propithecus coquereli,XP_012511118.1,-8,I,I,match,5,ACADVL:174,valid
ACADVL,NP_000009.1,174,M,Propithecus coquereli,XP_012511118.1,-7,V,V,match,5,ACADVL:174,valid
ACADVL,NP_000009.1,174,M,Propithecus coquereli,XP_012511118.1,-6,G,G,match,5,ACADVL:174,valid
ACADVL,NP_000009.1,174,M,Propithecus coquereli,XP_012511118.1,-5,M,M,match,5,ACADVL:174,valid
ACADVL,NP_000009.1,174,M,Propithecus coquereli,XP_012511118.1,-4,H,H,match,5,ACADVL:174,valid
ACADVL,NP_000009.1,174,M,Propithecus coquereli,XP_012511118.1,-3,D,D,match,5,ACADVL:174,valid
ACADVL,NP_000009.1,174,M,Propithecus coquereli,XP_012511118.1,-2,L,L,match,5,ACADVL:174,valid
ACADVL,NP_000009.1,174,M,Propithecus coquereli,XP_012511118.1,-1,G,G,match,5,ACADVL:174,valid
ACADVL,NP_000009.1,174,M,Propithecus coquereli,XP_012511118.1,1,G,S,different,0,ACADVL:174,valid
ACADVL,NP_000009.1,174,M,Propithecus coquereli,XP_012511118.1,2,I,V,different,0,ACADVL:174,valid
ACADVL,NP_000009.1,174,M,Propithecus coquereli,XP_012511118.1,3,T,T,match,5,ACADVL:174,valid
ACADVL,NP_000009.1,174,M,Propithecus coquereli,XP_012511118.1,4,L,L,match,5,ACADVL:174,valid
ACADVL,NP_000009.1,174,M,Propithecus coquereli,XP_012511118.1,5,G,G,match,5,ACADVL:174,valid
ACADVL,NP_000009.1,174,M,Propithecus coquereli,XP_012511118.1,6,A,A,match,5,ACADVL:174,valid
ACADVL,NP_000009.1,174,M,Propithecus coquereli,XP_012511118.1,7,H,H,match,5,ACADVL:174,valid
ACADVL,NP_000009.1,174,M,Propithecus coquereli,XP_012511118.1,8,Q,Q,match,5,ACADVL:174,valid
ACADVL,NP_000009.1,174,M,Propithecus coquereli,XP_012511118.1,9,S,S,match,5,ACADVL:174,valid
ACADVL,NP_000009.1,174,M,Propithecus coquereli,XP_012511118.1,10,I,I,match,5,ACADVL:174,valid
ACADVL,NP_000009.1,219,S,Symphalangus syndactylus,XP_055114570.1,-10,E,E,match,5,ACADVL:219,valid
ACADVL,NP_000009.1,219,S,Symphalangus syndactylus,XP_055114570.1,-9,T,T,match,5,ACADVL:219,valid
ACADVL,NP_000009.1,219,S,Symphalangus syndactylus,XP_055114570.1,-8,V,V,match,5,ACADVL:219,valid
ACADVL,NP_000009.1,219,S,Symphalangus syndactylus,XP_055114570.1,-7,A,A,match,5,ACADVL:219,valid
ACADVL,NP_000009.1,219,S,Symphalangus syndactylus,XP_055114570.1,-6,A,A,match,5,ACADVL:219,valid
ACADVL,NP_000009.1,219,S,Symphalangus syndactylus,XP_055114570.1,-5,F,F,match,5,ACADVL:219,valid
ACADVL,NP_000009.1,219,S,Symphalangus syndactylus,XP_055114570.1,-4,C,C,match,5,ACADVL:219,valid
ACADVL,NP_000009.1,219,S,Symphalangus syndactylus,XP_055114570.1,-3,L,L,match,5,ACADVL:219,valid
ACADVL,NP_000009.1,219,S,Symphalangus syndactylus,XP_055114570.1,-2,T,T,match,5,ACADVL:219,valid
ACADVL,NP_000009.1,219,S,Symphalangus syndactylus,XP_055114570.1,-1,E,E,match,5,ACADVL:219,valid
ACADVL,NP_000009.1,219,S,Symphalangus syndactylus,XP_055114570.1,1,S,S,match,5,ACADVL:219,valid
ACADVL,NP_000009.1,219,S,Symphalangus syndactylus,XP_055114570.1,2,S,S,match,5,ACADVL:219,valid
ACADVL,NP_000009.1,219,S,Symphalangus syndactylus,XP_055114570.1,3,G,G,match,5,ACADVL:219,valid
ACADVL,NP_000009.1,219,S,Symphalangus syndactylus,XP_055114570.1,4,S,S,match,5,ACADVL:219,valid
ACADVL,NP_000009.1,219,S,Symphalangus syndactylus,XP_055114570.1,5,D,D,match,5,ACADVL:219,valid
ACADVL,NP_000009.1,219,S,Symphalangus syndactylus,XP_055114570.1,6,A,A,match,5,ACADVL:219,valid
ACADVL,NP_000009.1,219,S,Symphalangus syndactylus,XP_055114570.1,7,A,A,match,5,ACADVL:219,valid
ACADVL,NP_000009.1,219,S,Symphalangus syndactylus,XP_055114570.1,8,S,S,match,5,ACADVL:219,valid
ACADVL,NP_000009.1,219,S,Symphalangus syndactylus,XP_055114570.1,9,I,I,match,5,ACADVL:219,valid
ACADVL,NP_000009.1,219,S,Symphalangus syndactylus,XP_055114570.1,10,R,R,match,5,ACADVL:219,valid
ACADVL,NP_000009.1,219,S,Nomascus leucogenys,XP_003282188.3,-10,E,E,match,5,ACADVL:219,valid
ACADVL,NP_000009.1,219,S,Nomascus leucogenys,XP_003282188.3,-9,T,T,match,5,ACADVL:219,valid
ACADVL,NP_000009.1,219,S,Nomascus leucogenys,XP_003282188.3,-8,V,V,match,5,ACADVL:219,valid
ACADVL,NP_000009.1,219,S,Nomascus leucogenys,XP_003282188.3,-7,A,A,match,5,ACADVL:219,valid
ACADVL,NP_000009.1,219,S,Nomascus leucogenys,XP_003282188.3,-6,A,A,match,5,ACADVL:219,valid
ACADVL,NP_000009.1,219,S,Nomascus leucogenys,XP_003282188.3,-5,F,F,match,5,ACADVL:219,valid
ACADVL,NP_000009.1,219,S,Nomascus leucogenys,XP_003282188.3,-4,C,C,match,5,ACADVL:219,valid
ACADVL,NP_000009.1,219,S,Nomascus leucogenys,XP_003282188.3,-3,L,L,match,5,ACADVL:219,valid
ACADVL,NP_000009.1,219,S,Nomascus leucogenys,XP_003282188.3,-2,T,T,match,5,ACADVL:219,valid
ACADVL,NP_000009.1,219,S,Nomascus leucogenys,XP_003282188.3,-1,E,E,match,5,ACADVL:219,valid
ACADVL,NP_000009.1,219,S,Nomascus leucogenys,XP_003282188.3,1,S,S,match,5,ACADVL:219,valid
ACADVL,NP_000009.1,219,S,Nomascus leucogenys,XP_003282188.3,2,S,S,match,5,ACADVL:219,valid
ACADVL,NP_000009.1,219,S,Nomascus leucogenys,XP_003282188.3,3,G,G,match,5,ACADVL:219,valid
ACADVL,NP_000009.1,219,S,Nomascus leucogenys,XP_003282188.3,4,S,S,match,5,ACADVL:219,valid
ACADVL,NP_000009.1,219,S,Nomascus leucogenys,XP_003282188.3,5,D,D,match,5,ACADVL:219,valid
ACADVL,NP_000009.1,219,S,Nomascus leucogenys,XP_003282188.3,6,A,A,match,5,ACADVL:219,valid
ACADVL,NP_000009.1,219,S,Nomascus leucogenys,XP_003282188.3,7,A,A,match,5,ACADVL:219,valid
ACADVL,NP_000009.1,219,S,Nomascus leucogenys,XP_003282188.3,8,S,S,match,5,ACADVL:219,valid
ACADVL,NP_000009.1,219,S,Nomascus leucogenys,XP_003282188.3,9,I,I,match,5,ACADVL:219,valid
ACADVL,NP_000009.1,219,S,Nomascus leucogenys,XP_003282188.3,10,R,R,match,5,ACADVL:219,valid
ACADVL,NP_000009.1,219,S,Hylobates moloch,XP_031995619.2,-10,E,E,match,5,ACADVL:219,valid
ACADVL,NP_000009.1,219,S,Hylobates moloch,XP_031995619.2,-9,T,T,match,5,ACADVL:219,valid
ACADVL,NP_000009.1,219,S,Hylobates moloch,XP_031995619.2,-8,V,V,match,5,ACADVL:219,valid
ACADVL,NP_000009.1,219,S,Hylobates moloch,XP_031995619.2,-7,A,A,match,5,ACADVL:219,valid
ACADVL,NP_000009.1,219,S,Hylobates moloch,XP_031995619.2,-6,A,A,match,5,ACADVL:219,valid
ACADVL,NP_000009.1,219,S,Hylobates moloch,XP_031995619.2,-5,F,F,match,5,ACADVL:219,valid
ACADVL,NP_000009.1,219,S,Hylobates moloch,XP_031995619.2,-4,C,C,match,5,ACADVL:219,valid
ACADVL,NP_000009.1,219,S,Hylobates moloch,XP_031995619.2,-3,L,L,match,5,ACADVL:219,valid
ACADVL,NP_000009.1,219,S,Hylobates moloch,XP_031995619.2,-2,T,T,match,5,ACADVL:219,valid
ACADVL,NP_000009.1,219,S,Hylobates moloch,XP_031995619.2,-1,E,E,match,5,ACADVL:219,valid
ACADVL,NP_000009.1,219,S,Hylobates moloch,XP_031995619.2,1,S,S,match,5,ACADVL:219,valid
ACADVL,NP_000009.1,219,S,Hylobates moloch,XP_031995619.2,2,S,S,match,5,ACADVL:219,valid
ACADVL,NP_000009.1,219,S,Hylobates moloch,XP_031995619.2,3,G,G,match,5,ACADVL:219,valid
ACADVL,NP_000009.1,219,S,Hylobates moloch,XP_031995619.2,4,S,S,match,5,ACADVL:219,valid
ACADVL,NP_000009.1,219,S,Hylobates moloch,XP_031995619.2,5,D,D,match,5,ACADVL:219,valid
ACADVL,NP_000009.1,219,S,Hylobates moloch,XP_031995619.2,6,A,A,match,5,ACADVL:219,valid
ACADVL,NP_000009.1,219,S,Hylobates moloch,XP_031995619.2,7,A,A,match,5,ACADVL:219,valid
ACADVL,NP_000009.1,219,S,Hylobates moloch,XP_031995619.2,8,S,S,match,5,ACADVL:219,valid
ACADVL,NP_000009.1,219,S,Hylobates moloch,XP_031995619.2,9,I,I,match,5,ACADVL:219,valid
ACADVL,NP_000009.1,219,S,Hylobates moloch,XP_031995619.2,10,R,R,match,5,ACADVL:219,valid
ACADVL,NP_000009.1,219,S,Pan troglodytes,XP_016786900.1,-10,E,E,match,5,ACADVL:219,valid
ACADVL,NP_000009.1,219,S,Pan troglodytes,XP_016786900.1,-9,T,A,different,0,ACADVL:219,valid
ACADVL,NP_000009.1,219,S,Pan troglodytes,XP_016786900.1,-8,V,V,match,5,ACADVL:219,valid
ACADVL,NP_000009.1,219,S,Pan troglodytes,XP_016786900.1,-7,A,A,match,5,ACADVL:219,valid
ACADVL,NP_000009.1,219,S,Pan troglodytes,XP_016786900.1,-6,A,A,match,5,ACADVL:219,valid
ACADVL,NP_000009.1,219,S,Pan troglodytes,XP_016786900.1,-5,F,F,match,5,ACADVL:219,valid
ACADVL,NP_000009.1,219,S,Pan troglodytes,XP_016786900.1,-4,C,C,match,5,ACADVL:219,valid
ACADVL,NP_000009.1,219,S,Pan troglodytes,XP_016786900.1,-3,L,L,match,5,ACADVL:219,valid
ACADVL,NP_000009.1,219,S,Pan troglodytes,XP_016786900.1,-2,T,T,match,5,ACADVL:219,valid
ACADVL,NP_000009.1,219,S,Pan troglodytes,XP_016786900.1,-1,E,E,match,5,ACADVL:219,valid
ACADVL,NP_000009.1,219,S,Pan troglodytes,XP_016786900.1,1,S,S,match,5,ACADVL:219,valid
ACADVL,NP_000009.1,219,S,Pan troglodytes,XP_016786900.1,2,S,S,match,5,ACADVL:219,valid
ACADVL,NP_000009.1,219,S,Pan troglodytes,XP_016786900.1,3,G,G,match,5,ACADVL:219,valid
ACADVL,NP_000009.1,219,S,Pan troglodytes,XP_016786900.1,4,S,S,match,5,ACADVL:219,valid
ACADVL,NP_000009.1,219,S,Pan troglodytes,XP_016786900.1,5,D,D,match,5,ACADVL:219,valid
ACADVL,NP_000009.1,219,S,Pan troglodytes,XP_016786900.1,6,A,A,match,5,ACADVL:219,valid
ACADVL,NP_000009.1,219,S,Pan troglodytes,XP_016786900.1,7,A,A,match,5,ACADVL:219,valid
ACADVL,NP_000009.1,219,S,Pan troglodytes,XP_016786900.1,8,S,S,match,5,ACADVL:219,valid
ACADVL,NP_000009.1,219,S,Pan troglodytes,XP_016786900.1,9,I,I,match,5,ACADVL:219,valid
ACADVL,NP_000009.1,219,S,Pan troglodytes,XP_016786900.1,10,R,R,match,5,ACADVL:219,valid
ACADVL,NP_000009.1,219,S,Pan paniscus,XP_003810154.1,-10,E,E,match,5,ACADVL:219,valid
ACADVL,NP_000009.1,219,S,Pan paniscus,XP_003810154.1,-9,T,T,match,5,ACADVL:219,valid
ACADVL,NP_000009.1,219,S,Pan paniscus,XP_003810154.1,-8,V,V,match,5,ACADVL:219,valid
ACADVL,NP_000009.1,219,S,Pan paniscus,XP_003810154.1,-7,A,A,match,5,ACADVL:219,valid
ACADVL,NP_000009.1,219,S,Pan paniscus,XP_003810154.1,-6,A,A,match,5,ACADVL:219,valid
ACADVL,NP_000009.1,219,S,Pan paniscus,XP_003810154.1,-5,F,F,match,5,ACADVL:219,valid
ACADVL,NP_000009.1,219,S,Pan paniscus,XP_003810154.1,-4,C,C,match,5,ACADVL:219,valid
ACADVL,NP_000009.1,219,S,Pan paniscus,XP_003810154.1,-3,L,L,match,5,ACADVL:219,valid
ACADVL,NP_000009.1,219,S,Pan paniscus,XP_003810154.1,-2,T,T,match,5,ACADVL:219,valid
ACADVL,NP_000009.1,219,S,Pan paniscus,XP_003810154.1,-1,E,E,match,5,ACADVL:219,valid
ACADVL,NP_000009.1,219,S,Pan paniscus,XP_003810154.1,1,S,S,match,5,ACADVL:219,valid
ACADVL,NP_000009.1,219,S,Pan paniscus,XP_003810154.1,2,S,S,match,5,ACADVL:219,valid
ACADVL,NP_000009.1,219,S,Pan paniscus,XP_003810154.1,3,G,G,match,5,ACADVL:219,valid
ACADVL,NP_000009.1,219,S,Pan paniscus,XP_003810154.1,4,S,S,match,5,ACADVL:219,valid
ACADVL,NP_000009.1,219,S,Pan paniscus,XP_003810154.1,5,D,D,match,5,ACADVL:219,valid
ACADVL,NP_000009.1,219,S,Pan paniscus,XP_003810154.1,6,A,A,match,5,ACADVL:219,valid
ACADVL,NP_000009.1,219,S,Pan paniscus,XP_003810154.1,7,A,A,match,5,ACADVL:219,valid
ACADVL,NP_000009.1,219,S,Pan paniscus,XP_003810154.1,8,S,S,match,5,ACADVL:219,valid
ACADVL,NP_000009.1,219,S,Pan paniscus,XP_003810154.1,9,I,I,match,5,ACADVL:219,valid
ACADVL,NP_000009.1,219,S,Pan paniscus,XP_003810154.1,10,R,R,match,5,ACADVL:219,valid
ACADVL,NP_000009.1,286,K,Nycticebus coucang,XP_053423543.1,-10,K,K,match,5,ACADVL:286,valid
ACADVL,NP_000009.1,286,K,Nycticebus coucang,XP_053423543.1,-9,E,E,match,5,ACADVL:286,valid
ACADVL,NP_000009.1,286,K,Nycticebus coucang,XP_053423543.1,-8,K,K,match,5,ACADVL:286,valid
ACADVL,NP_000009.1,286,K,Nycticebus coucang,XP_053423543.1,-7,I,I,match,5,ACADVL:286,valid
ACADVL,NP_000009.1,286,K,Nycticebus coucang,XP_053423543.1,-6,T,T,match,5,ACADVL:286,valid
ACADVL,NP_000009.1,286,K,Nycticebus coucang,XP_053423543.1,-5,A,A,match,5,ACADVL:286,valid
ACADVL,NP_000009.1,286,K,Nycticebus coucang,XP_053423543.1,-4,F,F,match,5,ACADVL:286,valid
ACADVL,NP_000009.1,286,K,Nycticebus coucang,XP_053423543.1,-3,V,V,match,5,ACADVL:286,valid
ACADVL,NP_000009.1,286,K,Nycticebus coucang,XP_053423543.1,-2,V,V,match,5,ACADVL:286,valid
ACADVL,NP_000009.1,286,K,Nycticebus coucang,XP_053423543.1,-1,E,E,match,5,ACADVL:286,valid
ACADVL,NP_000009.1,286,K,Nycticebus coucang,XP_053423543.1,1,G,S,different,0,ACADVL:286,valid
ACADVL,NP_000009.1,286,K,Nycticebus coucang,XP_053423543.1,2,F,F,match,5,ACADVL:286,valid
ACADVL,NP_000009.1,286,K,Nycticebus coucang,XP_053423543.1,3,G,G,match,5,ACADVL:286,valid
ACADVL,NP_000009.1,286,K,Nycticebus coucang,XP_053423543.1,4,G,G,match,5,ACADVL:286,valid
ACADVL,NP_000009.1,286,K,Nycticebus coucang,XP_053423543.1,5,I,V,different,0,ACADVL:286,valid
ACADVL,NP_000009.1,286,K,Nycticebus coucang,XP_053423543.1,6,T,T,match,5,ACADVL:286,valid
ACADVL,NP_000009.1,286,K,Nycticebus coucang,XP_053423543.1,7,H,H,match,5,ACADVL:286,valid
ACADVL,NP_000009.1,286,K,Nycticebus coucang,XP_053423543.1,8,G,G,match,5,ACADVL:286,valid
ACADVL,NP_000009.1,286,K,Nycticebus coucang,XP_053423543.1,9,P,P,match,5,ACADVL:286,valid
ACADVL,NP_000009.1,286,K,Nycticebus coucang,XP_053423543.1,10,P,P,match,5,ACADVL:286,valid
ACADVL,NP_000009.1,286,K,Otolemur garnettii,XP_003791220.1,-10,K,K,match,5,ACADVL:286,valid
ACADVL,NP_000009.1,286,K,Otolemur garnettii,XP_003791220.1,-9,E,E,match,5,ACADVL:286,valid
ACADVL,NP_000009.1,286,K,Otolemur garnettii,XP_003791220.1,-8,K,K,match,5,ACADVL:286,valid
ACADVL,NP_000009.1,286,K,Otolemur garnettii,XP_003791220.1,-7,I,I,match,5,ACADVL:286,valid
ACADVL,NP_000009.1,286,K,Otolemur garnettii,XP_003791220.1,-6,T,T,match,5,ACADVL:286,valid
ACADVL,NP_000009.1,286,K,Otolemur garnettii,XP_003791220.1,-5,A,A,match,5,ACADVL:286,valid
ACADVL,NP_000009.1,286,K,Otolemur garnettii,XP_003791220.1,-4,F,F,match,5,ACADVL:286,valid
ACADVL,NP_000009.1,286,K,Otolemur garnettii,XP_003791220.1,-3,V,V,match,5,ACADVL:286,valid
ACADVL,NP_000009.1,286,K,Otolemur garnettii,XP_003791220.1,-2,V,V,match,5,ACADVL:286,valid
ACADVL,NP_000009.1,286,K,Otolemur garnettii,XP_003791220.1,-1,E,E,match,5,ACADVL:286,valid
ACADVL,NP_000009.1,286,K,Otolemur garnettii,XP_003791220.1,1,G,S,different,0,ACADVL:286,valid
ACADVL,NP_000009.1,286,K,Otolemur garnettii,XP_003791220.1,2,F,F,match,5,ACADVL:286,valid
ACADVL,NP_000009.1,286,K,Otolemur garnettii,XP_003791220.1,3,G,G,match,5,ACADVL:286,valid
ACADVL,NP_000009.1,286,K,Otolemur garnettii,XP_003791220.1,4,G,G,match,5,ACADVL:286,valid
ACADVL,NP_000009.1,286,K,Otolemur garnettii,XP_003791220.1,5,I,V,different,0,ACADVL:286,valid
ACADVL,NP_000009.1,286,K,Otolemur garnettii,XP_003791220.1,6,T,T,match,5,ACADVL:286,valid
ACADVL,NP_000009.1,286,K,Otolemur garnettii,XP_003791220.1,7,H,H,match,5,ACADVL:286,valid
ACADVL,NP_000009.1,286,K,Otolemur garnettii,XP_003791220.1,8,G,G,match,5,ACADVL:286,valid
ACADVL,NP_000009.1,286,K,Otolemur garnettii,XP_003791220.1,9,P,P,match,5,ACADVL:286,valid
ACADVL,NP_000009.1,286,K,Otolemur garnettii,XP_003791220.1,10,P,P,match,5,ACADVL:286,valid
ACADVL,NP_000009.1,286,K,Propithecus coquereli,XP_012511118.1,-10,K,K,match,5,ACADVL:286,valid
ACADVL,NP_000009.1,286,K,Propithecus coquereli,XP_012511118.1,-9,E,E,match,5,ACADVL:286,valid
ACADVL,NP_000009.1,286,K,Propithecus coquereli,XP_012511118.1,-8,K,K,match,5,ACADVL:286,valid
ACADVL,NP_000009.1,286,K,Propithecus coquereli,XP_012511118.1,-7,I,I,match,5,ACADVL:286,valid
ACADVL,NP_000009.1,286,K,Propithecus coquereli,XP_012511118.1,-6,T,T,match,5,ACADVL:286,valid
ACADVL,NP_000009.1,286,K,Propithecus coquereli,XP_012511118.1,-5,A,A,match,5,ACADVL:286,valid
ACADVL,NP_000009.1,286,K,Propithecus coquereli,XP_012511118.1,-4,F,F,match,5,ACADVL:286,valid
ACADVL,NP_000009.1,286,K,Propithecus coquereli,XP_012511118.1,-3,V,V,match,5,ACADVL:286,valid
ACADVL,NP_000009.1,286,K,Propithecus coquereli,XP_012511118.1,-2,V,V,match,5,ACADVL:286,valid
ACADVL,NP_000009.1,286,K,Propithecus coquereli,XP_012511118.1,-1,E,E,match,5,ACADVL:286,valid
ACADVL,NP_000009.1,286,K,Propithecus coquereli,XP_012511118.1,1,G,S,different,0,ACADVL:286,valid
ACADVL,NP_000009.1,286,K,Propithecus coquereli,XP_012511118.1,2,F,F,match,5,ACADVL:286,valid
ACADVL,NP_000009.1,286,K,Propithecus coquereli,XP_012511118.1,3,G,G,match,5,ACADVL:286,valid
ACADVL,NP_000009.1,286,K,Propithecus coquereli,XP_012511118.1,4,G,G,match,5,ACADVL:286,valid
ACADVL,NP_000009.1,286,K,Propithecus coquereli,XP_012511118.1,5,I,V,different,0,ACADVL:286,valid
ACADVL,NP_000009.1,286,K,Propithecus coquereli,XP_012511118.1,6,T,T,match,5,ACADVL:286,valid
ACADVL,NP_000009.1,286,K,Propithecus coquereli,XP_012511118.1,7,H,H,match,5,ACADVL:286,valid
ACADVL,NP_000009.1,286,K,Propithecus coquereli,XP_012511118.1,8,G,G,match,5,ACADVL:286,valid
ACADVL,NP_000009.1,286,K,Propithecus coquereli,XP_012511118.1,9,P,P,match,5,ACADVL:286,valid
ACADVL,NP_000009.1,286,K,Propithecus coquereli,XP_012511118.1,10,P,P,match,5,ACADVL:286,valid
ACADVL,NP_000009.1,286,K,Microcebus murinus,XP_012632557.1,-10,K,K,match,5,ACADVL:286,valid
ACADVL,NP_000009.1,286,K,Microcebus murinus,XP_012632557.1,-9,E,E,match,5,ACADVL:286,valid
ACADVL,NP_000009.1,286,K,Microcebus murinus,XP_012632557.1,-8,K,K,match,5,ACADVL:286,valid
ACADVL,NP_000009.1,286,K,Microcebus murinus,XP_012632557.1,-7,I,I,match,5,ACADVL:286,valid
ACADVL,NP_000009.1,286,K,Microcebus murinus,XP_012632557.1,-6,T,T,match,5,ACADVL:286,valid
ACADVL,NP_000009.1,286,K,Microcebus murinus,XP_012632557.1,-5,A,A,match,5,ACADVL:286,valid
ACADVL,NP_000009.1,286,K,Microcebus murinus,XP_012632557.1,-4,F,F,match,5,ACADVL:286,valid
ACADVL,NP_000009.1,286,K,Microcebus murinus,XP_012632557.1,-3,V,V,match,5,ACADVL:286,valid
ACADVL,NP_000009.1,286,K,Microcebus murinus,XP_012632557.1,-2,V,V,match,5,ACADVL:286,valid
ACADVL,NP_000009.1,286,K,Microcebus murinus,XP_012632557.1,-1,E,E,match,5,ACADVL:286,valid
ACADVL,NP_000009.1,286,K,Microcebus murinus,XP_012632557.1,1,G,S,different,0,ACADVL:286,valid
ACADVL,NP_000009.1,286,K,Microcebus murinus,XP_012632557.1,2,F,F,match,5,ACADVL:286,valid
ACADVL,NP_000009.1,286,K,Microcebus murinus,XP_012632557.1,3,G,G,match,5,ACADVL:286,valid
ACADVL,NP_000009.1,286,K,Microcebus murinus,XP_012632557.1,4,G,G,match,5,ACADVL:286,valid
ACADVL,NP_000009.1,286,K,Microcebus murinus,XP_012632557.1,5,I,V,different,0,ACADVL:286,valid
ACADVL,NP_000009.1,286,K,Microcebus murinus,XP_012632557.1,6,T,T,match,5,ACADVL:286,valid
ACADVL,NP_000009.1,286,K,Microcebus murinus,XP_012632557.1,7,H,H,match,5,ACADVL:286,valid
ACADVL,NP_000009.1,286,K,Microcebus murinus,XP_012632557.1,8,G,G,match,5,ACADVL:286,valid
ACADVL,NP_000009.1,286,K,Microcebus murinus,XP_012632557.1,9,P,P,match,5,ACADVL:286,valid
ACADVL,NP_000009.1,286,K,Microcebus murinus,XP_012632557.1,10,P,P,match,5,ACADVL:286,valid
ACADVL,NP_000009.1,286,K,Lemur catta,XP_045426011.1,-10,K,K,match,5,ACADVL:286,valid
ACADVL,NP_000009.1,286,K,Lemur catta,XP_045426011.1,-9,E,E,match,5,ACADVL:286,valid
ACADVL,NP_000009.1,286,K,Lemur catta,XP_045426011.1,-8,K,K,match,5,ACADVL:286,valid
ACADVL,NP_000009.1,286,K,Lemur catta,XP_045426011.1,-7,I,I,match,5,ACADVL:286,valid
ACADVL,NP_000009.1,286,K,Lemur catta,XP_045426011.1,-6,T,T,match,5,ACADVL:286,valid
ACADVL,NP_000009.1,286,K,Lemur catta,XP_045426011.1,-5,A,A,match,5,ACADVL:286,valid
ACADVL,NP_000009.1,286,K,Lemur catta,XP_045426011.1,-4,F,F,match,5,ACADVL:286,valid
ACADVL,NP_000009.1,286,K,Lemur catta,XP_045426011.1,-3,V,V,match,5,ACADVL:286,valid
ACADVL,NP_000009.1,286,K,Lemur catta,XP_045426011.1,-2,V,V,match,5,ACADVL:286,valid
ACADVL,NP_000009.1,286,K,Lemur catta,XP_045426011.1,-1,E,E,match,5,ACADVL:286,valid
ACADVL,NP_000009.1,286,K,Lemur catta,XP_045426011.1,1,G,S,different,0,ACADVL:286,valid
ACADVL,NP_000009.1,286,K,Lemur catta,XP_045426011.1,2,F,F,match,5,ACADVL:286,valid
ACADVL,NP_000009.1,286,K,Lemur catta,XP_045426011.1,3,G,G,match,5,ACADVL:286,valid
ACADVL,NP_000009.1,286,K,Lemur catta,XP_045426011.1,4,G,G,match,5,ACADVL:286,valid
ACADVL,NP_000009.1,286,K,Lemur catta,XP_045426011.1,5,I,V,different,0,ACADVL:286,valid
ACADVL,NP_000009.1,286,K,Lemur catta,XP_045426011.1,6,T,T,match,5,ACADVL:286,valid
ACADVL,NP_000009.1,286,K,Lemur catta,XP_045426011.1,7,H,H,match,5,ACADVL:286,valid
ACADVL,NP_000009.1,286,K,Lemur catta,XP_045426011.1,8,G,G,match,5,ACADVL:286,valid
ACADVL,NP_000009.1,286,K,Lemur catta,XP_045426011.1,9,P,P,match,5,ACADVL:286,valid
ACADVL,NP_000009.1,286,K,Lemur catta,XP_045426011.1,10,P,P,match,5,ACADVL:286,valid
ACADVL,NP_000009.1,286,K,Eulemur rufifrons,XP_069338073.1,-10,K,K,match,5,ACADVL:286,valid
ACADVL,NP_000009.1,286,K,Eulemur rufifrons,XP_069338073.1,-9,E,E,match,5,ACADVL:286,valid
ACADVL,NP_000009.1,286,K,Eulemur rufifrons,XP_069338073.1,-8,K,K,match,5,ACADVL:286,valid
ACADVL,NP_000009.1,286,K,Eulemur rufifrons,XP_069338073.1,-7,I,I,match,5,ACADVL:286,valid
ACADVL,NP_000009.1,286,K,Eulemur rufifrons,XP_069338073.1,-6,T,T,match,5,ACADVL:286,valid
ACADVL,NP_000009.1,286,K,Eulemur rufifrons,XP_069338073.1,-5,A,A,match,5,ACADVL:286,valid
ACADVL,NP_000009.1,286,K,Eulemur rufifrons,XP_069338073.1,-4,F,F,match,5,ACADVL:286,valid
ACADVL,NP_000009.1,286,K,Eulemur rufifrons,XP_069338073.1,-3,V,V,match,5,ACADVL:286,valid
ACADVL,NP_000009.1,286,K,Eulemur rufifrons,XP_069338073.1,-2,V,V,match,5,ACADVL:286,valid
ACADVL,NP_000009.1,286,K,Eulemur rufifrons,XP_069338073.1,-1,E,E,match,5,ACADVL:286,valid
ACADVL,NP_000009.1,286,K,Eulemur rufifrons,XP_069338073.1,1,G,S,different,0,ACADVL:286,valid
ACADVL,NP_000009.1,286,K,Eulemur rufifrons,XP_069338073.1,2,F,F,match,5,ACADVL:286,valid
ACADVL,NP_000009.1,286,K,Eulemur rufifrons,XP_069338073.1,3,G,G,match,5,ACADVL:286,valid
ACADVL,NP_000009.1,286,K,Eulemur rufifrons,XP_069338073.1,4,G,G,match,5,ACADVL:286,valid
ACADVL,NP_000009.1,286,K,Eulemur rufifrons,XP_069338073.1,5,I,V,different,0,ACADVL:286,valid
ACADVL,NP_000009.1,286,K,Eulemur rufifrons,XP_069338073.1,6,T,T,match,5,ACADVL:286,valid
ACADVL,NP_000009.1,286,K,Eulemur rufifrons,XP_069338073.1,7,H,H,match,5,ACADVL:286,valid
ACADVL,NP_000009.1,286,K,Eulemur rufifrons,XP_069338073.1,8,G,G,match,5,ACADVL:286,valid
ACADVL,NP_000009.1,286,K,Eulemur rufifrons,XP_069338073.1,9,P,P,match,5,ACADVL:286,valid
ACADVL,NP_000009.1,286,K,Eulemur rufifrons,XP_069338073.1,10,P,P,match,5,ACADVL:286,valid
ACAT1,NP_000010.1,1,L,Mandrillus leucophaeus,XP_011840136.1,-10,-,M,gap,-5,ACAT1:1,valid
ACAT1,NP_000010.1,1,L,Mandrillus leucophaeus,XP_011840136.1,-9,-,P,gap,-5,ACAT1:1,invalid
ACAT1,NP_000010.1,1,L,Mandrillus leucophaeus,XP_011840136.1,-8,-,L,gap,-5,ACAT1:1,invalid
ACAT1,NP_000010.1,1,L,Mandrillus leucophaeus,XP_011840136.1,-7,-,Q,gap,-5,ACAT1:1,invalid
ACAT1,NP_000010.1,1,L,Mandrillus leucophaeus,XP_011840136.1,-6,-,S,gap,-5,ACAT1:1,invalid
ACAT1,NP_000010.1,1,L,Mandrillus leucophaeus,XP_011840136.1,-5,-,Q,gap,-5,ACAT1:1,invalid
ACAT1,NP_000010.1,1,L,Mandrillus leucophaeus,XP_011840136.1,-4,-,E,gap,-5,ACAT1:1,invalid
ACAT1,NP_000010.1,1,L,Mandrillus leucophaeus,XP_011840136.1,-3,-,H,gap,-5,ACAT1:1,invalid
ACAT1,NP_000010.1,1,L,Mandrillus leucophaeus,XP_011840136.1,-2,-,Q,gap,-5,ACAT1:1,invalid
ACAT1,NP_000010.1,1,L,Mandrillus leucophaeus,XP_011840136.1,-1,-,G,gap,-5,ACAT1:1,invalid
ACAT1,NP_000010.1,1,L,Mandrillus leucophaeus,XP_011840136.1,1,A,P,different,0,ACAT1:1,invalid
ACAT1,NP_000010.1,1,L,Mandrillus leucophaeus,XP_011840136.1,2,V,T,different,0,ACAT1:1,invalid
ACAT1,NP_000010.1,1,L,Mandrillus leucophaeus,XP_011840136.1,3,L,T,different,0,ACAT1:1,invalid
ACAT1,NP_000010.1,1,L,Mandrillus leucophaeus,XP_011840136.1,4,A,T,different,0,ACAT1:1,invalid
ACAT1,NP_000010.1,1,L,Mandrillus leucophaeus,XP_011840136.1,5,A,T,different,0,ACAT1:1,invalid
ACAT1,NP_000010.1,1,L,Mandrillus leucophaeus,XP_011840136.1,6,L,I,different,0,ACAT1:1,invalid
ACAT1,NP_000010.1,1,L,Mandrillus leucophaeus,XP_011840136.1,7,L,S,different,0,ACAT1:1,invalid
ACAT1,NP_000010.1,1,L,Mandrillus leucophaeus,XP_011840136.1,8,R,E,different,0,ACAT1:1,invalid
ACAT1,NP_000010.1,1,L,Mandrillus leucophaeus,XP_011840136.1,9,S,G,different,0,ACAT1:1,invalid
ACAT1,NP_000010.1,1,L,Mandrillus leucophaeus,XP_011840136.1,10,G,G,match,5,ACAT1:1,invalid
ACAT1,NP_000010.1,1,L,Mandrillus leucophaeus,XP_011840136.1,-10,-,M,gap,-5,ACAT1:1,invalid
ACAT1,NP_000010.1,1,L,Mandrillus leucophaeus,XP_011840136.1,-9,-,P,gap,-5,ACAT1:1,invalid
ACAT1,NP_000010.1,1,L,Mandrillus leucophaeus,XP_011840136.1,-8,-,L,gap,-5,ACAT1:1,invalid
ACAT1,NP_000010.1,1,L,Mandrillus leucophaeus,XP_011840136.1,-7,-,Q,gap,-5,ACAT1:1,invalid
ACAT1,NP_000010.1,1,L,Mandrillus leucophaeus,XP_011840136.1,-6,-,S,gap,-5,ACAT1:1,invalid
ACAT1,NP_000010.1,1,L,Mandrillus leucophaeus,XP_011840136.1,-5,-,Q,gap,-5,ACAT1:1,invalid
ACAT1,NP_000010.1,1,L,Mandrillus leucophaeus,XP_011840136.1,-4,-,E,gap,-5,ACAT1:1,invalid
ACAT1,NP_000010.1,1,L,Mandrillus leucophaeus,XP_011840136.1,-3,-,H,gap,-5,ACAT1:1,invalid
ACAT1,NP_000010.1,1,L,Mandrillus leucophaeus,XP_011840136.1,-2,-,Q,gap,-5,ACAT1:1,invalid
ACAT1,NP_000010.1,1,L,Mandrillus leucophaeus,XP_011840136.1,-1,-,G,gap,-5,ACAT1:1,invalid
ACAT1,NP_000010.1,1,L,Mandrillus leucophaeus,XP_011840136.1,1,A,P,different,0,ACAT1:1,invalid
ACAT1,NP_000010.1,1,L,Mandrillus leucophaeus,XP_011840136.1,2,V,T,different,0,ACAT1:1,invalid
ACAT1,NP_000010.1,1,L,Mandrillus leucophaeus,XP_011840136.1,3,L,T,different,0,ACAT1:1,invalid
ACAT1,NP_000010.1,1,L,Mandrillus leucophaeus,XP_011840136.1,4,A,T,different,0,ACAT1:1,invalid
ACAT1,NP_000010.1,1,L,Mandrillus leucophaeus,XP_011840136.1,5,A,T,different,0,ACAT1:1,invalid
ACAT1,NP_000010.1,1,L,Mandrillus leucophaeus,XP_011840136.1,6,L,I,different,0,ACAT1:1,invalid
ACAT1,NP_000010.1,1,L,Mandrillus leucophaeus,XP_011840136.1,7,L,S,different,0,ACAT1:1,invalid
ACAT1,NP_000010.1,1,L,Mandrillus leucophaeus,XP_011840136.1,8,R,E,different,0,ACAT1:1,invalid
ACAT1,NP_000010.1,1,L,Mandrillus leucophaeus,XP_011840136.1,9,S,G,different,0,ACAT1:1,invalid
ACAT1,NP_000010.1,1,L,Mandrillus leucophaeus,XP_011840136.1,10,G,G,match,5,ACAT1:1,invalid
ADA,NP_000013.2,15,P,Rhinopithecus bieti,XP_017733490.1,-10,-,S,gap,-5,ADA:15,invalid
ADA,NP_000013.2,15,P,Rhinopithecus bieti,XP_017733490.1,-9,-,I,gap,-5,ADA:15,invalid
ADA,NP_000013.2,15,P,Rhinopithecus bieti,XP_017733490.1,-8,-,S,gap,-5,ADA:15,invalid
ADA,NP_000013.2,15,P,Rhinopithecus bieti,XP_017733490.1,-7,-,Q,gap,-5,ADA:15,invalid
ADA,NP_000013.2,15,P,Rhinopithecus bieti,XP_017733490.1,-6,-,N,gap,-5,ADA:15,invalid
ADA,NP_000013.2,15,P,Rhinopithecus bieti,XP_017733490.1,-5,P,P,match,5,ADA:15,invalid
ADA,NP_000013.2,15,P,Rhinopithecus bieti,XP_017733490.1,-4,K,V,different,0,ADA:15,invalid
ADA,NP_000013.2,15,P,Rhinopithecus bieti,XP_017733490.1,-3,V,I,different,0,ADA:15,invalid
ADA,NP_000013.2,15,P,Rhinopithecus bieti,XP_017733490.1,-2,E,Q,different,0,ADA:15,invalid
ADA,NP_000013.2,15,P,Rhinopithecus bieti,XP_017733490.1,-1,L,R,different,0,ADA:15,invalid
ADA,NP_000013.2,15,P,Rhinopithecus bieti,XP_017733490.1,1,V,A,different,0,ADA:15,invalid
ADA,NP_000013.2,15,P,Rhinopithecus bieti,XP_017733490.1,2,H,P,different,0,ADA:15,invalid
ADA,NP_000013.2,15,P,Rhinopithecus bieti,XP_017733490.1,3,L,V,different,0,ADA:15,invalid
ADA,NP_000013.2,15,P,Rhinopithecus bieti,XP_017733490.1,4,D,G,different,0,ADA:15,invalid
ADA,NP_000013.2,15,P,Rhinopithecus bieti,XP_017733490.1,5,-,R,gap,-5,ADA:15,invalid
ADA,NP_000013.2,15,P,Rhinopithecus bieti,XP_017733490.1,6,-,T,gap,-5,ADA:15,invalid
ADA,NP_000013.2,15,P,Rhinopithecus bieti,XP_017733490.1,7,-,R,gap,-5,ADA:15,invalid
ADA,NP_000013.2,15,P,Rhinopithecus bieti,XP_017733490.1,8,-,D,gap,-5,ADA:15,invalid
ADA,NP_000013.2,15,P,Rhinopithecus bieti,XP_017733490.1,9,-,L,gap,-5,ADA:15,invalid
ADA,NP_000013.2,15,P,Rhinopithecus bieti,XP_017733490.1,10,-,W,gap,-5,ADA:15,invalid
ADA,NP_000013.2,17,P,Rhinopithecus bieti,XP_017733490.1,-10,-,S,gap,-5,ADA:17,invalid
ADA,NP_000013.2,17,P,Rhinopithecus bieti,XP_017733490.1,-9,-,Q,gap,-5,ADA:17,invalid
ADA,NP_000013.2,17,P,Rhinopithecus bieti,XP_017733490.1,-8,-,N,gap,-5,ADA:17,invalid
ADA,NP_000013.2,17,P,Rhinopithecus bieti,XP_017733490.1,-7,P,P,match,5,ADA:17,invalid
ADA,NP_000013.2,17,P,Rhinopithecus bieti,XP_017733490.1,-6,K,V,different,0,ADA:17,invalid
ADA,NP_000013.2,17,P,Rhinopithecus bieti,XP_017733490.1,-5,V,I,different,0,ADA:17,invalid
ADA,NP_000013.2,17,P,Rhinopithecus bieti,XP_017733490.1,-4,E,Q,different,0,ADA:17,invalid
ADA,NP_000013.2,17,P,Rhinopithecus bieti,XP_017733490.1,-3,L,R,different,0,ADA:17,invalid
ADA,NP_000013.2,17,P,Rhinopithecus bieti,XP_017733490.1,-2,H,P,different,0,ADA:17,invalid
ADA,NP_000013.2,17,P,Rhinopithecus bieti,XP_017733490.1,-1,V,A,different,0,ADA:17,invalid
ADA,NP_000013.2,17,P,Rhinopithecus bieti,XP_017733490.1,1,L,V,different,0,ADA:17,invalid
ADA,NP_000013.2,17,P,Rhinopithecus bieti,XP_017733490.1,2,D,G,different,0,ADA:17,invalid
ADA,NP_000013.2,17,P,Rhinopithecus bieti,XP_017733490.1,3,-,R,gap,-5,ADA:17,invalid
ADA,NP_000013.2,17,P,Rhinopithecus bieti,XP_017733490.1,4,-,T,gap,-5,ADA:17,invalid
ADA,NP_000013.2,17,P,Rhinopithecus bieti,XP_017733490.1,5,-,R,gap,-5,ADA:17,invalid
ADA,NP_000013.2,17,P,Rhinopithecus bieti,XP_017733490.1,6,-,D,gap,-5,ADA:17,invalid
ADA,NP_000013.2,17,P,Rhinopithecus bieti,XP_017733490.1,7,-,L,gap,-5,ADA:17,invalid
ADA,NP_000013.2,17,P,Rhinopithecus bieti,XP_017733490.1,8,-,W,gap,-5,ADA:17,invalid
ADA,NP_000013.2,17,P,Rhinopithecus bieti,XP_017733490.1,9,-,G,gap,-5,ADA:17,invalid
ADA,NP_000013.2,17,P,Rhinopithecus bieti,XP_017733490.1,10,-,L,gap,-5,ADA:17,invalid
AGXT,NP_000021.1,156,A,Otolemur garnettii,XP_003798296.1,-10,H,H,match,5,AGXT:156,vaild
AGXT,NP_000021.1,156,A,Otolemur garnettii,XP_003798296.1,-9,K,K,match,5,AGXT:156,vaild
AGXT,NP_000021.1,156,A,Otolemur garnettii,XP_003798296.1,-8,P,P,match,5,AGXT:156,vaild
AGXT,NP_000021.1,156,A,Otolemur garnettii,XP_003798296.1,-7,V,V,match,5,AGXT:156,vaild
AGXT,NP_000021.1,156,A,Otolemur garnettii,XP_003798296.1,-6,L,L,match,5,AGXT:156,vaild
AGXT,NP_000021.1,156,A,Otolemur garnettii,XP_003798296.1,-5,L,L,match,5,AGXT:156,vaild
AGXT,NP_000021.1,156,A,Otolemur garnettii,XP_003798296.1,-4,F,F,match,5,AGXT:156,vaild
AGXT,NP_000021.1,156,A,Otolemur garnettii,XP_003798296.1,-3,L,L,match,5,AGXT:156,vaild
AGXT,NP_000021.1,156,A,Otolemur garnettii,XP_003798296.1,-2,T,A,different,0,AGXT:156,vaild
AGXT,NP_000021.1,156,A,Otolemur garnettii,XP_003798296.1,-1,H,H,match,5,AGXT:156,vaild
AGXT,NP_000021.1,156,A,Otolemur garnettii,XP_003798296.1,1,E,E,match,5,AGXT:156,vaild
AGXT,NP_000021.1,156,A,Otolemur garnettii,XP_003798296.1,2,S,S,match,5,AGXT:156,vaild
AGXT,NP_000021.1,156,A,Otolemur garnettii,XP_003798296.1,3,S,S,match,5,AGXT:156,vaild
AGXT,NP_000021.1,156,A,Otolemur garnettii,XP_003798296.1,4,T,T,match,5,AGXT:156,vaild
AGXT,NP_000021.1,156,A,Otolemur garnettii,XP_003798296.1,5,G,G,match,5,AGXT:156,vaild
AGXT,NP_000021.1,156,A,Otolemur garnettii,XP_003798296.1,6,V,V,match,5,AGXT:156,vaild
AGXT,NP_000021.1,156,A,Otolemur garnettii,XP_003798296.1,7,L,L,match,5,AGXT:156,vaild
AGXT,NP_000021.1,156,A,Otolemur garnettii,XP_003798296.1,8,Q,Q,match,5,AGXT:156,vaild
AGXT,NP_000021.1,156,A,Otolemur garnettii,XP_003798296.1,9,P,P,match,5,AGXT:156,vaild
AGXT,NP_000021.1,156,A,Otolemur garnettii,XP_003798296.1,10,L,L,match,5,AGXT:156,vaild
AGXT,NP_000021.1,260,C,Rhinopithecus bieti,XP_017716141.1,-10,F,F,match,5,AGXT:260,invalid
AGXT,NP_000021.1,260,C,Rhinopithecus bieti,XP_017716141.1,-9,W,W,match,5,AGXT:260,invalid
AGXT,NP_000021.1,260,C,Rhinopithecus bieti,XP_017716141.1,-8,G,G,match,5,AGXT:260,invalid
AGXT,NP_000021.1,260,C,Rhinopithecus bieti,XP_017716141.1,-7,C,C,match,5,AGXT:260,invalid
AGXT,NP_000021.1,260,C,Rhinopithecus bieti,XP_017716141.1,-6,D,D,match,5,AGXT:260,invalid
AGXT,NP_000021.1,260,C,Rhinopithecus bieti,XP_017716141.1,-5,D,D,match,5,AGXT:260,invalid
AGXT,NP_000021.1,260,C,Rhinopithecus bieti,XP_017716141.1,-4,Q,Q,match,5,AGXT:260,invalid
AGXT,NP_000021.1,260,C,Rhinopithecus bieti,XP_017716141.1,-3,P,P,match,5,AGXT:260,invalid
AGXT,NP_000021.1,260,C,Rhinopithecus bieti,XP_017716141.1,-2,R,R,match,5,AGXT:260,invalid
AGXT,NP_000021.1,260,C,Rhinopithecus bieti,XP_017716141.1,-1,M,M,match,5,AGXT:260,invalid
AGXT,NP_000021.1,260,C,Rhinopithecus bieti,XP_017716141.1,1,H,N,different,0,AGXT:260,invalid
AGXT,NP_000021.1,260,C,Rhinopithecus bieti,XP_017716141.1,2,-,H,gap,-5,AGXT:260,invalid
AGXT,NP_000021.1,260,C,Rhinopithecus bieti,XP_017716141.1,3,-,Q,gap,-5,AGXT:260,invalid
AGXT,NP_000021.1,260,C,Rhinopithecus bieti,XP_017716141.1,4,-,P,gap,-5,AGXT:260,invalid
AGXT,NP_000021.1,260,C,Rhinopithecus bieti,XP_017716141.1,5,-,R,gap,-5,AGXT:260,invalid
AGXT,NP_000021.1,260,C,Rhinopithecus bieti,XP_017716141.1,6,H,H,match,5,AGXT:260,invalid
AGXT,NP_000021.1,260,C,Rhinopithecus bieti,XP_017716141.1,7,T,T,match,5,AGXT:260,invalid
AGXT,NP_000021.1,260,C,Rhinopithecus bieti,XP_017716141.1,8,I,D,different,0,AGXT:260,invalid
AGXT,NP_000021.1,260,C,Rhinopithecus bieti,XP_017716141.1,9,P,P,match,5,AGXT:260,invalid
AGXT,NP_000021.1,260,C,Rhinopithecus bieti,XP_017716141.1,10,V,R,different,0,AGXT:260,invalid
AGXT,NP_000021.1,82,A,Pongo pygmaeus,XP_054334986.2,-10,N,N,match,5,AGXT:82,valid
AGXT,NP_000021.1,82,A,Pongo pygmaeus,XP_054334986.2,-9,P,P,match,5,AGXT:82,valid
AGXT,NP_000021.1,82,A,Pongo pygmaeus,XP_054334986.2,-8,L,L,match,5,AGXT:82,valid
AGXT,NP_000021.1,82,A,Pongo pygmaeus,XP_054334986.2,-7,T,T,match,5,AGXT:82,valid
AGXT,NP_000021.1,82,A,Pongo pygmaeus,XP_054334986.2,-6,L,L,match,5,AGXT:82,valid
AGXT,NP_000021.1,82,A,Pongo pygmaeus,XP_054334986.2,-5,V,V,match,5,AGXT:82,valid
AGXT,NP_000021.1,82,A,Pongo pygmaeus,XP_054334986.2,-4,I,I,match,5,AGXT:82,valid
AGXT,NP_000021.1,82,A,Pongo pygmaeus,XP_054334986.2,-3,S,S,match,5,AGXT:82,valid
AGXT,NP_000021.1,82,A,Pongo pygmaeus,XP_054334986.2,-2,G,G,match,5,AGXT:82,valid
AGXT,NP_000021.1,82,A,Pongo pygmaeus,XP_054334986.2,-1,S,S,match,5,AGXT:82,valid
AGXT,NP_000021.1,82,A,Pongo pygmaeus,XP_054334986.2,1,H,H,match,5,AGXT:82,valid
AGXT,NP_000021.1,82,A,Pongo pygmaeus,XP_054334986.2,2,C,C,match,5,AGXT:82,valid
AGXT,NP_000021.1,82,A,Pongo pygmaeus,XP_054334986.2,3,A,A,match,5,AGXT:82,valid
AGXT,NP_000021.1,82,A,Pongo pygmaeus,XP_054334986.2,4,L,L,match,5,AGXT:82,valid
AGXT,NP_000021.1,82,A,Pongo pygmaeus,XP_054334986.2,5,E,E,match,5,AGXT:82,valid
AGXT,NP_000021.1,82,A,Pongo pygmaeus,XP_054334986.2,6,A,A,match,5,AGXT:82,valid
AGXT,NP_000021.1,82,A,Pongo pygmaeus,XP_054334986.2,7,A,A,match,5,AGXT:82,valid
AGXT,NP_000021.1,82,A,Pongo pygmaeus,XP_054334986.2,8,L,L,match,5,AGXT:82,valid
AGXT,NP_000021.1,82,A,Pongo pygmaeus,XP_054334986.2,9,V,V,match,5,AGXT:82,valid
AGXT,NP_000021.1,82,A,Pongo pygmaeus,XP_054334986.2,10,N,N,match,5,AGXT:82,valid
AGXT,NP_000021.1,82,A,Pongo abelii,NP_001125018.1,-10,N,N,match,5,AGXT:82,valid
AGXT,NP_000021.1,82,A,Pongo abelii,NP_001125018.1,-9,P,P,match,5,AGXT:82,valid
AGXT,NP_000021.1,82,A,Pongo abelii,NP_001125018.1,-8,L,L,match,5,AGXT:82,valid
AGXT,NP_000021.1,82,A,Pongo abelii,NP_001125018.1,-7,T,T,match,5,AGXT:82,valid
AGXT,NP_000021.1,82,A,Pongo abelii,NP_001125018.1,-6,L,L,match,5,AGXT:82,valid
AGXT,NP_000021.1,82,A,Pongo abelii,NP_001125018.1,-5,V,V,match,5,AGXT:82,valid
AGXT,NP_000021.1,82,A,Pongo abelii,NP_001125018.1,-4,I,I,match,5,AGXT:82,valid
AGXT,NP_000021.1,82,A,Pongo abelii,NP_001125018.1,-3,S,S,match,5,AGXT:82,valid
AGXT,NP_000021.1,82,A,Pongo abelii,NP_001125018.1,-2,G,G,match,5,AGXT:82,valid
AGXT,NP_000021.1,82,A,Pongo abelii,NP_001125018.1,-1,S,S,match,5,AGXT:82,valid
AGXT,NP_000021.1,82,A,Pongo abelii,NP_001125018.1,1,H,H,match,5,AGXT:82,valid
AGXT,NP_000021.1,82,A,Pongo abelii,NP_001125018.1,2,C,C,match,5,AGXT:82,valid
AGXT,NP_000021.1,82,A,Pongo abelii,NP_001125018.1,3,A,A,match,5,AGXT:82,valid
AGXT,NP_000021.1,82,A,Pongo abelii,NP_001125018.1,4,L,L,match,5,AGXT:82,valid
AGXT,NP_000021.1,82,A,Pongo abelii,NP_001125018.1,5,E,E,match,5,AGXT:82,valid
AGXT,NP_000021.1,82,A,Pongo abelii,NP_001125018.1,6,A,A,match,5,AGXT:82,valid
AGXT,NP_000021.1,82,A,Pongo abelii,NP_001125018.1,7,A,A,match,5,AGXT:82,valid
AGXT,NP_000021.1,82,A,Pongo abelii,NP_001125018.1,8,L,L,match,5,AGXT:82,valid
AGXT,NP_000021.1,82,A,Pongo abelii,NP_001125018.1,9,V,V,match,5,AGXT:82,valid
AGXT,NP_000021.1,82,A,Pongo abelii,NP_001125018.1,10,N,N,match,5,AGXT:82,valid
AHI1,NP_001128302.1,383,G,Propithecus coquereli,XP_012520629.1,-10,E,-,gap,-5,AHI1:383,invalid
AHI1,NP_001128302.1,383,G,Propithecus coquereli,XP_012520629.1,-9,H,-,gap,-5,AHI1:383,invalid
AHI1,NP_001128302.1,383,G,Propithecus coquereli,XP_012520629.1,-8,T,-,gap,-5,AHI1:383,invalid
AHI1,NP_001128302.1,383,G,Propithecus coquereli,XP_012520629.1,-7,G,-,gap,-5,AHI1:383,invalid
AHI1,NP_001128302.1,383,G,Propithecus coquereli,XP_012520629.1,-6,Q,-,gap,-5,AHI1:383,invalid
AHI1,NP_001128302.1,383,G,Propithecus coquereli,XP_012520629.1,-5,Y,-,gap,-5,AHI1:383,invalid
AHI1,NP_001128302.1,383,G,Propithecus coquereli,XP_012520629.1,-4,V,-,gap,-5,AHI1:383,invalid
AHI1,NP_001128302.1,383,G,Propithecus coquereli,XP_012520629.1,-3,K,-,gap,-5,AHI1:383,invalid
AHI1,NP_001128302.1,383,G,Propithecus coquereli,XP_012520629.1,-2,K,-,gap,-5,AHI1:383,invalid
AHI1,NP_001128302.1,383,G,Propithecus coquereli,XP_012520629.1,-1,D,-,gap,-5,AHI1:383,invalid
AHI1,NP_001128302.1,383,G,Propithecus coquereli,XP_012520629.1,1,S,F,different,0,AHI1:383,invalid
AHI1,NP_001128302.1,383,G,Propithecus coquereli,XP_012520629.1,2,G,E,different,0,AHI1:383,invalid
AHI1,NP_001128302.1,383,G,Propithecus coquereli,XP_012520629.1,3,R,R,match,5,AHI1:383,invalid
AHI1,NP_001128302.1,383,G,Propithecus coquereli,XP_012520629.1,4,P,P,match,5,AHI1:383,invalid
AHI1,NP_001128302.1,383,G,Propithecus coquereli,XP_012520629.1,5,V,V,match,5,AHI1:383,invalid
AHI1,NP_001128302.1,383,G,Propithecus coquereli,XP_012520629.1,6,S,S,match,5,AHI1:383,invalid
AHI1,NP_001128302.1,383,G,Propithecus coquereli,XP_012520629.1,7,S,S,match,5,AHI1:383,invalid
AHI1,NP_001128302.1,383,G,Propithecus coquereli,XP_012520629.1,8,Y,Y,match,5,AHI1:383,invalid
AHI1,NP_001128302.1,383,G,Propithecus coquereli,XP_012520629.1,9,Y,Y,match,5,AHI1:383,invalid
AHI1,NP_001128302.1,383,G,Propithecus coquereli,XP_012520629.1,10,E,E,match,5,AHI1:383,invalid
AIRE,NP_000374.1,21,V,Colobus angolensis palliatus,XP_011809621.1,-10,L,V,different,0,AIRE:21,invalid
AIRE,NP_000374.1,21,V,Colobus angolensis palliatus,XP_011809621.1,-9,R,H,different,0,AIRE:21,invalid
AIRE,NP_000374.1,21,V,Colobus angolensis palliatus,XP_011809621.1,-8,L,Q,different,0,AIRE:21,invalid
AIRE,NP_000374.1,21,V,Colobus angolensis palliatus,XP_011809621.1,-7,H,D,different,0,AIRE:21,invalid
AIRE,NP_000374.1,21,V,Colobus angolensis palliatus,XP_011809621.1,-6,R,R,match,5,AIRE:21,invalid
AIRE,NP_000374.1,21,V,Colobus angolensis palliatus,XP_011809621.1,-5,T,C,different,0,AIRE:21,invalid
AIRE,NP_000374.1,21,V,Colobus angolensis palliatus,XP_011809621.1,-4,E,G,different,0,AIRE:21,invalid
AIRE,NP_000374.1,21,V,Colobus angolensis palliatus,XP_011809621.1,-3,I,A,different,0,AIRE:21,invalid
AIRE,NP_000374.1,21,V,Colobus angolensis palliatus,XP_011809621.1,-2,A,A,match,5,AIRE:21,invalid
AIRE,NP_000374.1,21,V,Colobus angolensis palliatus,XP_011809621.1,-1,V,Q,different,0,AIRE:21,invalid
AIRE,NP_000374.1,21,V,Colobus angolensis palliatus,XP_011809621.1,1,V,T,different,0,AIRE:21,invalid
AIRE,NP_000374.1,21,V,Colobus angolensis palliatus,XP_011809621.1,2,D,S,different,0,AIRE:21,invalid
AIRE,NP_000374.1,21,V,Colobus angolensis palliatus,XP_011809621.1,3,S,T,different,0,AIRE:21,invalid
AIRE,NP_000374.1,21,V,Colobus angolensis palliatus,XP_011809621.1,4,A,S,different,0,AIRE:21,invalid
AIRE,NP_000374.1,21,V,Colobus angolensis palliatus,XP_011809621.1,5,F,A,different,0,AIRE:21,invalid
AIRE,NP_000374.1,21,V,Colobus angolensis palliatus,XP_011809621.1,6,P,W,different,0,AIRE:21,invalid
AIRE,NP_000374.1,21,V,Colobus angolensis palliatus,XP_011809621.1,7,L,E,different,0,AIRE:21,invalid
AIRE,NP_000374.1,21,V,Colobus angolensis palliatus,XP_011809621.1,8,L,L,match,5,AIRE:21,invalid
AIRE,NP_000374.1,21,V,Colobus angolensis palliatus,XP_011809621.1,9,H,H,match,5,AIRE:21,invalid
AIRE,NP_000374.1,21,V,Colobus angolensis palliatus,XP_011809621.1,10,A,P,different,0,AIRE:21,invalid
AIRE,NP_000374.1,1,T,Eulemur rufifrons,XP_069332773.1,-10,-,T,gap,-5,AIRE:1,invalid
AIRE,NP_000374.1,1,T,Eulemur rufifrons,XP_069332773.1,-9,-,A,gap,-5,AIRE:1,invalid
AIRE,NP_000374.1,1,T,Eulemur rufifrons,XP_069332773.1,-8,-,P,gap,-5,AIRE:1,invalid
AIRE,NP_000374.1,1,T,Eulemur rufifrons,XP_069332773.1,-7,-,P,gap,-5,AIRE:1,invalid
AIRE,NP_000374.1,1,T,Eulemur rufifrons,XP_069332773.1,-6,-,D,gap,-5,AIRE:1,invalid
AIRE,NP_000374.1,1,T,Eulemur rufifrons,XP_069332773.1,-5,-,R,gap,-5,AIRE:1,invalid
AIRE,NP_000374.1,1,T,Eulemur rufifrons,XP_069332773.1,-4,-,D,gap,-5,AIRE:1,invalid
AIRE,NP_000374.1,1,T,Eulemur rufifrons,XP_069332773.1,-3,-,P,gap,-5,AIRE:1,invalid
AIRE,NP_000374.1,1,T,Eulemur rufifrons,XP_069332773.1,-2,-,E,gap,-5,AIRE:1,invalid
AIRE,NP_000374.1,1,T,Eulemur rufifrons,XP_069332773.1,-1,-,P,gap,-5,AIRE:1,invalid
AIRE,NP_000374.1,1,T,Eulemur rufifrons,XP_069332773.1,1,A,A,match,5,AIRE:1,invalid
AIRE,NP_000374.1,1,T,Eulemur rufifrons,XP_069332773.1,2,T,M,different,0,AIRE:1,invalid
AIRE,NP_000374.1,1,T,Eulemur rufifrons,XP_069332773.1,3,D,A,different,0,AIRE:1,invalid
AIRE,NP_000374.1,1,T,Eulemur rufifrons,XP_069332773.1,4,A,G,different,0,AIRE:1,invalid
AIRE,NP_000374.1,1,T,Eulemur rufifrons,XP_069332773.1,5,A,E,different,0,AIRE:1,invalid
AIRE,NP_000374.1,1,T,Eulemur rufifrons,XP_069332773.1,6,L,L,match,5,AIRE:1,invalid
AIRE,NP_000374.1,1,T,Eulemur rufifrons,XP_069332773.1,7,R,R,match,5,AIRE:1,invalid
AIRE,NP_000374.1,1,T,Eulemur rufifrons,XP_069332773.1,8,R,R,match,5,AIRE:1,invalid
AIRE,NP_000374.1,1,T,Eulemur rufifrons,XP_069332773.1,9,L,L,match,5,AIRE:1,invalid
AIRE,NP_000374.1,1,T,Eulemur rufifrons,XP_069332773.1,10,L,L,match,5,AIRE:1,invalid
ALMS1,NP_001365383.1,2378,F,Nycticebus coucang,XP_053444271.1,-10,S,R,different,0,ALMS1:2378,valid
ALMS1,NP_001365383.1,2378,F,Nycticebus coucang,XP_053444271.1,-9,K,K,match,5,ALMS1:2378,valid
ALMS1,NP_001365383.1,2378,F,Nycticebus coucang,XP_053444271.1,-8,V,A,different,0,ALMS1:2378,valid
ALMS1,NP_001365383.1,2378,F,Nycticebus coucang,XP_053444271.1,-7,S,S,match,5,ALMS1:2378,valid
ALMS1,NP_001365383.1,2378,F,Nycticebus coucang,XP_053444271.1,-6,M,V,different,0,ALMS1:2378,valid
ALMS1,NP_001365383.1,2378,F,Nycticebus coucang,XP_053444271.1,-5,A,A,match,5,ALMS1:2378,valid
ALMS1,NP_001365383.1,2378,F,Nycticebus coucang,XP_053444271.1,-4,L,L,match,5,ALMS1:2378,valid
ALMS1,NP_001365383.1,2378,F,Nycticebus coucang,XP_053444271.1,-3,E,E,match,5,ALMS1:2378,valid
ALMS1,NP_001365383.1,2378,F,Nycticebus coucang,XP_053444271.1,-2,E,E,match,5,ALMS1:2378,valid
ALMS1,NP_001365383.1,2378,F,Nycticebus coucang,XP_053444271.1,-1,T,T,match,5,ALMS1:2378,valid
ALMS1,NP_001365383.1,2378,F,Nycticebus coucang,XP_053444271.1,1,R,R,match,5,ALMS1:2378,valid
ALMS1,NP_001365383.1,2378,F,Nycticebus coucang,XP_053444271.1,2,Q,Q,match,5,ALMS1:2378,valid
ALMS1,NP_001365383.1,2378,F,Nycticebus coucang,XP_053444271.1,3,Y,Y,match,5,ALMS1:2378,valid
ALMS1,NP_001365383.1,2378,F,Nycticebus coucang,XP_053444271.1,4,Q,E,different,0,ALMS1:2378,valid
ALMS1,NP_001365383.1,2378,F,Nycticebus coucang,XP_053444271.1,5,A,A,match,5,ALMS1:2378,valid
ALMS1,NP_001365383.1,2378,F,Nycticebus coucang,XP_053444271.1,6,A,A,match,5,ALMS1:2378,valid
ALMS1,NP_001365383.1,2378,F,Nycticebus coucang,XP_053444271.1,7,K,K,match,5,ALMS1:2378,valid
ALMS1,NP_001365383.1,2378,F,Nycticebus coucang,XP_053444271.1,8,S,C,different,0,ALMS1:2378,valid
ALMS1,NP_001365383.1,2378,F,Nycticebus coucang,XP_053444271.1,9,V,V,match,5,ALMS1:2378,valid
ALMS1,NP_001365383.1,2378,F,Nycticebus coucang,XP_053444271.1,10,M,M,match,5,ALMS1:2378,valid
ALMS1,NP_001365383.1,2378,F,Otolemur garnettii,XP_023371049.1,-10,S,H,different,0,ALMS1:2378,valid
ALMS1,NP_001365383.1,2378,F,Otolemur garnettii,XP_023371049.1,-9,K,K,match,5,ALMS1:2378,valid
ALMS1,NP_001365383.1,2378,F,Otolemur garnettii,XP_023371049.1,-8,V,A,different,0,ALMS1:2378,valid
ALMS1,NP_001365383.1,2378,F,Otolemur garnettii,XP_023371049.1,-7,S,H,different,0,ALMS1:2378,valid
ALMS1,NP_001365383.1,2378,F,Otolemur garnettii,XP_023371049.1,-6,M,V,different,0,ALMS1:2378,valid
ALMS1,NP_001365383.1,2378,F,Otolemur garnettii,XP_023371049.1,-5,A,A,match,5,ALMS1:2378,valid
ALMS1,NP_001365383.1,2378,F,Otolemur garnettii,XP_023371049.1,-4,L,L,match,5,ALMS1:2378,valid
ALMS1,NP_001365383.1,2378,F,Otolemur garnettii,XP_023371049.1,-3,E,E,match,5,ALMS1:2378,valid
ALMS1,NP_001365383.1,2378,F,Otolemur garnettii,XP_023371049.1,-2,E,E,match,5,ALMS1:2378,valid
ALMS1,NP_001365383.1,2378,F,Otolemur garnettii,XP_023371049.1,-1,T,T,match,5,ALMS1:2378,valid
ALMS1,NP_001365383.1,2378,F,Otolemur garnettii,XP_023371049.1,1,R,R,match,5,ALMS1:2378,valid
ALMS1,NP_001365383.1,2378,F,Otolemur garnettii,XP_023371049.1,2,Q,Q,match,5,ALMS1:2378,valid
ALMS1,NP_001365383.1,2378,F,Otolemur garnettii,XP_023371049.1,3,Y,Y,match,5,ALMS1:2378,valid
ALMS1,NP_001365383.1,2378,F,Otolemur garnettii,XP_023371049.1,4,Q,E,different,0,ALMS1:2378,valid
ALMS1,NP_001365383.1,2378,F,Otolemur garnettii,XP_023371049.1,5,A,A,match,5,ALMS1:2378,valid
ALMS1,NP_001365383.1,2378,F,Otolemur garnettii,XP_023371049.1,6,A,A,match,5,ALMS1:2378,valid
ALMS1,NP_001365383.1,2378,F,Otolemur garnettii,XP_023371049.1,7,K,K,match,5,ALMS1:2378,valid
ALMS1,NP_001365383.1,2378,F,Otolemur garnettii,XP_023371049.1,8,S,C,different,0,ALMS1:2378,valid
ALMS1,NP_001365383.1,2378,F,Otolemur garnettii,XP_023371049.1,9,V,V,match,5,ALMS1:2378,valid
ALMS1,NP_001365383.1,2378,F,Otolemur garnettii,XP_023371049.1,10,M,M,match,5,ALMS1:2378,valid
ALMS1,NP_001365383.1,1155,Y,Carlito syrichta,XP_008054818.1,-10,S,W,different,0,ALMS1:1155,invalid
ALMS1,NP_001365383.1,1155,Y,Carlito syrichta,XP_008054818.1,-9,Q,-,gap,-5,ALMS1:1155,invalid
ALMS1,NP_001365383.1,1155,Y,Carlito syrichta,XP_008054818.1,-8,H,H,match,5,ALMS1:1155,invalid
ALMS1,NP_001365383.1,1155,Y,Carlito syrichta,XP_008054818.1,-7,R,G,different,0,ALMS1:1155,invalid
ALMS1,NP_001365383.1,1155,Y,Carlito syrichta,XP_008054818.1,-6,E,K,different,0,ALMS1:1155,invalid
ALMS1,NP_001365383.1,1155,Y,Carlito syrichta,XP_008054818.1,-5,K,K,match,5,ALMS1:1155,invalid
ALMS1,NP_001365383.1,1155,Y,Carlito syrichta,XP_008054818.1,-4,P,P,match,5,ALMS1:1155,invalid
ALMS1,NP_001365383.1,1155,Y,Carlito syrichta,XP_008054818.1,-3,S,D,different,0,ALMS1:1155,invalid
ALMS1,NP_001365383.1,1155,Y,Carlito syrichta,XP_008054818.1,-2,I,I,match,5,ALMS1:1155,invalid
ALMS1,NP_001365383.1,1155,Y,Carlito syrichta,XP_008054818.1,-1,F,F,match,5,ALMS1:1155,invalid
ALMS1,NP_001365383.1,1155,Y,Carlito syrichta,XP_008054818.1,1,Q,Q,match,5,ALMS1:1155,invalid
ALMS1,NP_001365383.1,1155,Y,Carlito syrichta,XP_008054818.1,2,Q,Q,match,5,ALMS1:1155,invalid
ALMS1,NP_001365383.1,1155,Y,Carlito syrichta,XP_008054818.1,3,A,V,different,0,ALMS1:1155,invalid
ALMS1,NP_001365383.1,1155,Y,Carlito syrichta,XP_008054818.1,4,L,L,match,5,ALMS1:1155,invalid
ALMS1,NP_001365383.1,1155,Y,Carlito syrichta,XP_008054818.1,5,P,P,match,5,ALMS1:1155,invalid
ALMS1,NP_001365383.1,1155,Y,Carlito syrichta,XP_008054818.1,6,G,D,different,0,ALMS1:1155,invalid
ALMS1,NP_001365383.1,1155,Y,Carlito syrichta,XP_008054818.1,7,T,S,different,0,ALMS1:1155,invalid
ALMS1,NP_001365383.1,1155,Y,Carlito syrichta,XP_008054818.1,8,H,H,match,5,ALMS1:1155,invalid
ALMS1,NP_001365383.1,1155,Y,Carlito syrichta,XP_008054818.1,9,I,L,different,0,ALMS1:1155,invalid
ALMS1,NP_001365383.1,1155,Y,Carlito syrichta,XP_008054818.1,10,P,S,different,0,ALMS1:1155,invalid
ALMS1,NP_001365383.1,1155,Y,Nycticebus coucang,XP_053444271.1,-10,S,S,match,5,ALMS1:1155,invalid
ALMS1,NP_001365383.1,1155,Y,Nycticebus coucang,XP_053444271.1,-9,Q,Q,match,5,ALMS1:1155,invalid
ALMS1,NP_001365383.1,1155,Y,Nycticebus coucang,XP_053444271.1,-8,H,-,gap,-5,ALMS1:1155,invalid
ALMS1,NP_001365383.1,1155,Y,Nycticebus coucang,XP_053444271.1,-7,R,A,different,0,ALMS1:1155,invalid
ALMS1,NP_001365383.1,1155,Y,Nycticebus coucang,XP_053444271.1,-6,E,E,match,5,ALMS1:1155,invalid
ALMS1,NP_001365383.1,1155,Y,Nycticebus coucang,XP_053444271.1,-5,K,N,different,0,ALMS1:1155,invalid
ALMS1,NP_001365383.1,1155,Y,Nycticebus coucang,XP_053444271.1,-4,P,P,match,5,ALMS1:1155,invalid
ALMS1,NP_001365383.1,1155,Y,Nycticebus coucang,XP_053444271.1,-3,S,I,different,0,ALMS1:1155,invalid
ALMS1,NP_001365383.1,1155,Y,Nycticebus coucang,XP_053444271.1,-2,I,V,different,0,ALMS1:1155,invalid
ALMS1,NP_001365383.1,1155,Y,Nycticebus coucang,XP_053444271.1,-1,F,F,match,5,ALMS1:1155,invalid
ALMS1,NP_001365383.1,1155,Y,Nycticebus coucang,XP_053444271.1,1,Q,Q,match,5,ALMS1:1155,invalid
ALMS1,NP_001365383.1,1155,Y,Nycticebus coucang,XP_053444271.1,2,Q,Q,match,5,ALMS1:1155,invalid
ALMS1,NP_001365383.1,1155,Y,Nycticebus coucang,XP_053444271.1,3,A,S,different,0,ALMS1:1155,invalid
ALMS1,NP_001365383.1,1155,Y,Nycticebus coucang,XP_053444271.1,4,L,L,match,5,ALMS1:1155,invalid
ALMS1,NP_001365383.1,1155,Y,Nycticebus coucang,XP_053444271.1,5,P,P,match,5,ALMS1:1155,invalid
ALMS1,NP_001365383.1,1155,Y,Nycticebus coucang,XP_053444271.1,6,G,D,different,0,ALMS1:1155,invalid
ALMS1,NP_001365383.1,1155,Y,Nycticebus coucang,XP_053444271.1,7,T,S,different,0,ALMS1:1155,invalid
ALMS1,NP_001365383.1,1155,Y,Nycticebus coucang,XP_053444271.1,8,H,H,match,5,ALMS1:1155,invalid
ALMS1,NP_001365383.1,1155,Y,Nycticebus coucang,XP_053444271.1,9,I,L,different,0,ALMS1:1155,invalid
ALMS1,NP_001365383.1,1155,Y,Nycticebus coucang,XP_053444271.1,10,P,T,different,0,ALMS1:1155,invalid
ALMS1,NP_001365383.1,1155,Y,Otolemur garnettii,XP_023371049.1,-10,S,S,match,5,ALMS1:1155,invalid
ALMS1,NP_001365383.1,1155,Y,Otolemur garnettii,XP_023371049.1,-9,Q,Q,match,5,ALMS1:1155,invalid
ALMS1,NP_001365383.1,1155,Y,Otolemur garnettii,XP_023371049.1,-8,H,-,gap,-5,ALMS1:1155,invalid
ALMS1,NP_001365383.1,1155,Y,Otolemur garnettii,XP_023371049.1,-7,R,A,different,0,ALMS1:1155,invalid
ALMS1,NP_001365383.1,1155,Y,Otolemur garnettii,XP_023371049.1,-6,E,E,match,5,ALMS1:1155,invalid
ALMS1,NP_001365383.1,1155,Y,Otolemur garnettii,XP_023371049.1,-5,K,N,different,0,ALMS1:1155,invalid
ALMS1,NP_001365383.1,1155,Y,Otolemur garnettii,XP_023371049.1,-4,P,P,match,5,ALMS1:1155,invalid
ALMS1,NP_001365383.1,1155,Y,Otolemur garnettii,XP_023371049.1,-3,S,I,different,0,ALMS1:1155,invalid
ALMS1,NP_001365383.1,1155,Y,Otolemur garnettii,XP_023371049.1,-2,I,V,different,0,ALMS1:1155,invalid
ALMS1,NP_001365383.1,1155,Y,Otolemur garnettii,XP_023371049.1,-1,F,F,match,5,ALMS1:1155,invalid
ALMS1,NP_001365383.1,1155,Y,Otolemur garnettii,XP_023371049.1,1,Q,P,different,0,ALMS1:1155,invalid
ALMS1,NP_001365383.1,1155,Y,Otolemur garnettii,XP_023371049.1,2,Q,Q,match,5,ALMS1:1155,invalid
ALMS1,NP_001365383.1,1155,Y,Otolemur garnettii,XP_023371049.1,3,A,S,different,0,ALMS1:1155,invalid
ALMS1,NP_001365383.1,1155,Y,Otolemur garnettii,XP_023371049.1,4,L,L,match,5,ALMS1:1155,invalid
ALMS1,NP_001365383.1,1155,Y,Otolemur garnettii,XP_023371049.1,5,P,P,match,5,ALMS1:1155,invalid
ALMS1,NP_001365383.1,1155,Y,Otolemur garnettii,XP_023371049.1,6,G,D,different,0,ALMS1:1155,invalid
ALMS1,NP_001365383.1,1155,Y,Otolemur garnettii,XP_023371049.1,7,T,G,different,0,ALMS1:1155,invalid
ALMS1,NP_001365383.1,1155,Y,Otolemur garnettii,XP_023371049.1,8,H,H,match,5,ALMS1:1155,invalid
ALMS1,NP_001365383.1,1155,Y,Otolemur garnettii,XP_023371049.1,9,I,L,different,0,ALMS1:1155,invalid
ALMS1,NP_001365383.1,1155,Y,Otolemur garnettii,XP_023371049.1,10,P,T,different,0,ALMS1:1155,invalid
ALMS1,NP_001365383.1,1155,Y,Microcebus murinus,XP_075857006.1,-10,S,S,match,5,ALMS1:1155,invalid
ALMS1,NP_001365383.1,1155,Y,Microcebus murinus,XP_075857006.1,-9,Q,D,different,0,ALMS1:1155,invalid
ALMS1,NP_001365383.1,1155,Y,Microcebus murinus,XP_075857006.1,-8,H,-,gap,-5,ALMS1:1155,invalid
ALMS1,NP_001365383.1,1155,Y,Microcebus murinus,XP_075857006.1,-7,R,R,match,5,ALMS1:1155,invalid
ALMS1,NP_001365383.1,1155,Y,Microcebus murinus,XP_075857006.1,-6,E,E,match,5,ALMS1:1155,invalid
ALMS1,NP_001365383.1,1155,Y,Microcebus murinus,XP_075857006.1,-5,K,K,match,5,ALMS1:1155,invalid
ALMS1,NP_001365383.1,1155,Y,Microcebus murinus,XP_075857006.1,-4,P,P,match,5,ALMS1:1155,invalid
ALMS1,NP_001365383.1,1155,Y,Microcebus murinus,XP_075857006.1,-3,S,G,different,0,ALMS1:1155,invalid
ALMS1,NP_001365383.1,1155,Y,Microcebus murinus,XP_075857006.1,-2,I,I,match,5,ALMS1:1155,invalid
ALMS1,NP_001365383.1,1155,Y,Microcebus murinus,XP_075857006.1,-1,F,F,match,5,ALMS1:1155,invalid
ALMS1,NP_001365383.1,1155,Y,Microcebus murinus,XP_075857006.1,1,Q,H,different,0,ALMS1:1155,invalid
ALMS1,NP_001365383.1,1155,Y,Microcebus murinus,XP_075857006.1,2,Q,Q,match,5,ALMS1:1155,invalid
ALMS1,NP_001365383.1,1155,Y,Microcebus murinus,XP_075857006.1,3,A,I,different,0,ALMS1:1155,invalid
ALMS1,NP_001365383.1,1155,Y,Microcebus murinus,XP_075857006.1,4,L,L,match,5,ALMS1:1155,invalid
ALMS1,NP_001365383.1,1155,Y,Microcebus murinus,XP_075857006.1,5,P,V,different,0,ALMS1:1155,invalid
ALMS1,NP_001365383.1,1155,Y,Microcebus murinus,XP_075857006.1,6,G,D,different,0,ALMS1:1155,invalid
ALMS1,NP_001365383.1,1155,Y,Microcebus murinus,XP_075857006.1,7,T,S,different,0,ALMS1:1155,invalid
ALMS1,NP_001365383.1,1155,Y,Microcebus murinus,XP_075857006.1,8,H,H,match,5,ALMS1:1155,invalid
ALMS1,NP_001365383.1,1155,Y,Microcebus murinus,XP_075857006.1,9,I,L,different,0,ALMS1:1155,invalid
ALMS1,NP_001365383.1,1155,Y,Microcebus murinus,XP_075857006.1,10,P,P,match,5,ALMS1:1155,invalid
ALMS1,NP_001365383.1,1155,Y,Eulemur rufifrons,XP_069350271.1,-10,S,L,different,0,ALMS1:1155,invalid
ALMS1,NP_001365383.1,1155,Y,Eulemur rufifrons,XP_069350271.1,-9,Q,D,different,0,ALMS1:1155,invalid
ALMS1,NP_001365383.1,1155,Y,Eulemur rufifrons,XP_069350271.1,-8,H,-,gap,-5,ALMS1:1155,invalid
ALMS1,NP_001365383.1,1155,Y,Eulemur rufifrons,XP_069350271.1,-7,R,R,match,5,ALMS1:1155,invalid
ALMS1,NP_001365383.1,1155,Y,Eulemur rufifrons,XP_069350271.1,-6,E,D,different,0,ALMS1:1155,invalid
ALMS1,NP_001365383.1,1155,Y,Eulemur rufifrons,XP_069350271.1,-5,K,R,different,0,ALMS1:1155,invalid
ALMS1,NP_001365383.1,1155,Y,Eulemur rufifrons,XP_069350271.1,-4,P,S,different,0,ALMS1:1155,invalid
ALMS1,NP_001365383.1,1155,Y,Eulemur rufifrons,XP_069350271.1,-3,S,G,different,0,ALMS1:1155,invalid
ALMS1,NP_001365383.1,1155,Y,Eulemur rufifrons,XP_069350271.1,-2,I,I,match,5,ALMS1:1155,invalid
ALMS1,NP_001365383.1,1155,Y,Eulemur rufifrons,XP_069350271.1,-1,F,F,match,5,ALMS1:1155,invalid
ALMS1,NP_001365383.1,1155,Y,Eulemur rufifrons,XP_069350271.1,1,Q,Q,match,5,ALMS1:1155,invalid
ALMS1,NP_001365383.1,1155,Y,Eulemur rufifrons,XP_069350271.1,2,Q,Q,match,5,ALMS1:1155,invalid
ALMS1,NP_001365383.1,1155,Y,Eulemur rufifrons,XP_069350271.1,3,A,T,different,0,ALMS1:1155,invalid
ALMS1,NP_001365383.1,1155,Y,Eulemur rufifrons,XP_069350271.1,4,L,L,match,5,ALMS1:1155,invalid
ALMS1,NP_001365383.1,1155,Y,Eulemur rufifrons,XP_069350271.1,5,P,A,different,0,ALMS1:1155,invalid
ALMS1,NP_001365383.1,1155,Y,Eulemur rufifrons,XP_069350271.1,6,G,S,different,0,ALMS1:1155,invalid
ALMS1,NP_001365383.1,1155,Y,Eulemur rufifrons,XP_069350271.1,7,T,G,different,0,ALMS1:1155,invalid
ALMS1,NP_001365383.1,1155,Y,Eulemur rufifrons,XP_069350271.1,8,H,H,match,5,ALMS1:1155,invalid
ALMS1,NP_001365383.1,1155,Y,Eulemur rufifrons,XP_069350271.1,9,I,I,match,5,ALMS1:1155,invalid
ALMS1,NP_001365383.1,1155,Y,Eulemur rufifrons,XP_069350271.1,10,P,P,match,5,ALMS1:1155,invalid
ALMS1,NP_001365383.1,1155,Y,Lemur catta,XP_045405824.1,-10,S,L,different,0,ALMS1:1155,invalid
ALMS1,NP_001365383.1,1155,Y,Lemur catta,XP_045405824.1,-9,Q,D,different,0,ALMS1:1155,invalid
ALMS1,NP_001365383.1,1155,Y,Lemur catta,XP_045405824.1,-8,H,-,gap,-5,ALMS1:1155,invalid
ALMS1,NP_001365383.1,1155,Y,Lemur catta,XP_045405824.1,-7,R,R,match,5,ALMS1:1155,invalid
ALMS1,NP_001365383.1,1155,Y,Lemur catta,XP_045405824.1,-6,E,E,match,5,ALMS1:1155,invalid
ALMS1,NP_001365383.1,1155,Y,Lemur catta,XP_045405824.1,-5,K,R,different,0,ALMS1:1155,invalid
ALMS1,NP_001365383.1,1155,Y,Lemur catta,XP_045405824.1,-4,P,S,different,0,ALMS1:1155,invalid
ALMS1,NP_001365383.1,1155,Y,Lemur catta,XP_045405824.1,-3,S,G,different,0,ALMS1:1155,invalid
ALMS1,NP_001365383.1,1155,Y,Lemur catta,XP_045405824.1,-2,I,I,match,5,ALMS1:1155,invalid
ALMS1,NP_001365383.1,1155,Y,Lemur catta,XP_045405824.1,-1,F,F,match,5,ALMS1:1155,invalid
ALMS1,NP_001365383.1,1155,Y,Lemur catta,XP_045405824.1,1,Q,Q,match,5,ALMS1:1155,invalid
ALMS1,NP_001365383.1,1155,Y,Lemur catta,XP_045405824.1,2,Q,Q,match,5,ALMS1:1155,invalid
ALMS1,NP_001365383.1,1155,Y,Lemur catta,XP_045405824.1,3,A,T,different,0,ALMS1:1155,invalid
ALMS1,NP_001365383.1,1155,Y,Lemur catta,XP_045405824.1,4,L,L,match,5,ALMS1:1155,invalid
ALMS1,NP_001365383.1,1155,Y,Lemur catta,XP_045405824.1,5,P,A,different,0,ALMS1:1155,invalid
ALMS1,NP_001365383.1,1155,Y,Lemur catta,XP_045405824.1,6,G,S,different,0,ALMS1:1155,invalid
ALMS1,NP_001365383.1,1155,Y,Lemur catta,XP_045405824.1,7,T,S,different,0,ALMS1:1155,invalid
ALMS1,NP_001365383.1,1155,Y,Lemur catta,XP_045405824.1,8,H,H,match,5,ALMS1:1155,invalid
ALMS1,NP_001365383.1,1155,Y,Lemur catta,XP_045405824.1,9,I,I,match,5,ALMS1:1155,invalid
ALMS1,NP_001365383.1,1155,Y,Lemur catta,XP_045405824.1,10,P,P,match,5,ALMS1:1155,invalid
ALMS1,NP_001365383.1,1459,S,Carlito syrichta,XP_008054818.1,-10,P,T,different,0,ALMS1:1459,valid
ALMS1,NP_001365383.1,1459,S,Carlito syrichta,XP_008054818.1,-9,E,K,different,0,ALMS1:1459,valid
ALMS1,NP_001365383.1,1459,S,Carlito syrichta,XP_008054818.1,-8,E,E,match,5,ALMS1:1459,valid
ALMS1,NP_001365383.1,1459,S,Carlito syrichta,XP_008054818.1,-7,A,A,match,5,ALMS1:1459,valid
ALMS1,NP_001365383.1,1459,S,Carlito syrichta,XP_008054818.1,-6,L,V,different,0,ALMS1:1459,valid
ALMS1,NP_001365383.1,1459,S,Carlito syrichta,XP_008054818.1,-5,E,K,different,0,ALMS1:1459,valid
ALMS1,NP_001365383.1,1459,S,Carlito syrichta,XP_008054818.1,-4,V,V,match,5,ALMS1:1459,valid
ALMS1,NP_001365383.1,1459,S,Carlito syrichta,XP_008054818.1,-3,S,S,match,5,ALMS1:1459,valid
ALMS1,NP_001365383.1,1459,S,Carlito syrichta,XP_008054818.1,-2,V,A,different,0,ALMS1:1459,valid
ALMS1,NP_001365383.1,1459,S,Carlito syrichta,XP_008054818.1,-1,A,P,different,0,ALMS1:1459,valid
ALMS1,NP_001365383.1,1459,S,Carlito syrichta,XP_008054818.1,1,G,A,different,0,ALMS1:1459,valid
ALMS1,NP_001365383.1,1459,S,Carlito syrichta,XP_008054818.1,2,P,P,match,5,ALMS1:1459,valid
ALMS1,NP_001365383.1,1459,S,Carlito syrichta,XP_008054818.1,3,V,A,different,0,ALMS1:1459,valid
ALMS1,NP_001365383.1,1459,S,Carlito syrichta,XP_008054818.1,4,D,D,match,5,ALMS1:1459,valid
ALMS1,NP_001365383.1,1459,S,Carlito syrichta,XP_008054818.1,5,Q,Q,match,5,ALMS1:1459,valid
ALMS1,NP_001365383.1,1459,S,Carlito syrichta,XP_008054818.1,6,T,K,different,0,ALMS1:1459,valid
ALMS1,NP_001365383.1,1459,S,Carlito syrichta,XP_008054818.1,7,I,H,different,0,ALMS1:1459,valid
ALMS1,NP_001365383.1,1459,S,Carlito syrichta,XP_008054818.1,8,G,G,match,5,ALMS1:1459,valid
ALMS1,NP_001365383.1,1459,S,Carlito syrichta,XP_008054818.1,9,T,T,match,5,ALMS1:1459,valid
ALMS1,NP_001365383.1,1459,S,Carlito syrichta,XP_008054818.1,10,P,P,match,5,ALMS1:1459,valid
ALMS1,NP_001365383.1,2465,L,Carlito syrichta,XP_008054818.1,-10,S,S,match,5,ALMS1:2465,valid
ALMS1,NP_001365383.1,2465,L,Carlito syrichta,XP_008054818.1,-9,I,I,match,5,ALMS1:2465,valid
ALMS1,NP_001365383.1,2465,L,Carlito syrichta,XP_008054818.1,-8,T,T,match,5,ALMS1:2465,valid
ALMS1,NP_001365383.1,2465,L,Carlito syrichta,XP_008054818.1,-7,D,D,match,5,ALMS1:2465,valid
ALMS1,NP_001365383.1,2465,L,Carlito syrichta,XP_008054818.1,-6,S,S,match,5,ALMS1:2465,valid
ALMS1,NP_001365383.1,2465,L,Carlito syrichta,XP_008054818.1,-5,R,R,match,5,ALMS1:2465,valid
ALMS1,NP_001365383.1,2465,L,Carlito syrichta,XP_008054818.1,-4,E,E,match,5,ALMS1:2465,valid
ALMS1,NP_001365383.1,2465,L,Carlito syrichta,XP_008054818.1,-3,E,E,match,5,ALMS1:2465,valid
ALMS1,NP_001365383.1,2465,L,Carlito syrichta,XP_008054818.1,-2,E,E,match,5,ALMS1:2465,valid
ALMS1,NP_001365383.1,2465,L,Carlito syrichta,XP_008054818.1,-1,G,G,match,5,ALMS1:2465,valid
ALMS1,NP_001365383.1,2465,L,Carlito syrichta,XP_008054818.1,1,S,S,match,5,ALMS1:2465,valid
ALMS1,NP_001365383.1,2465,L,Carlito syrichta,XP_008054818.1,2,E,E,match,5,ALMS1:2465,valid
ALMS1,NP_001365383.1,2465,L,Carlito syrichta,XP_008054818.1,3,S,S,match,5,ALMS1:2465,valid
ALMS1,NP_001365383.1,2465,L,Carlito syrichta,XP_008054818.1,4,E,E,match,5,ALMS1:2465,valid
ALMS1,NP_001365383.1,2465,L,Carlito syrichta,XP_008054818.1,5,D,D,match,5,ALMS1:2465,valid
ALMS1,NP_001365383.1,2465,L,Carlito syrichta,XP_008054818.1,6,G,G,match,5,ALMS1:2465,valid
ALMS1,NP_001365383.1,2465,L,Carlito syrichta,XP_008054818.1,7,G,G,match,5,ALMS1:2465,valid
ALMS1,NP_001365383.1,2465,L,Carlito syrichta,XP_008054818.1,8,G,G,match,5,ALMS1:2465,valid
ALMS1,NP_001365383.1,2465,L,Carlito syrichta,XP_008054818.1,9,S,S,match,5,ALMS1:2465,valid
ALMS1,NP_001365383.1,2465,L,Carlito syrichta,XP_008054818.1,10,S,S,match,5,ALMS1:2465,valid
ALPL,NP_000469.3,51,V,Mandrillus leucophaeus,XP_011845537.1,-10,-,F,gap,-5,ALPL:51,invalid
ALPL,NP_000469.3,51,V,Mandrillus leucophaeus,XP_011845537.1,-9,-,Q,gap,-5,ALPL:51,invalid
ALPL,NP_000469.3,51,V,Mandrillus leucophaeus,XP_011845537.1,-8,-,K,gap,-5,ALPL:51,invalid
ALPL,NP_000469.3,51,V,Mandrillus leucophaeus,XP_011845537.1,-7,-,R,gap,-5,ALPL:51,invalid
ALPL,NP_000469.3,51,V,Mandrillus leucophaeus,XP_011845537.1,-6,-,E,gap,-5,ALPL:51,invalid
ALPL,NP_000469.3,51,V,Mandrillus leucophaeus,XP_011845537.1,-5,-,G,gap,-5,ALPL:51,invalid
ALPL,NP_000469.3,51,V,Mandrillus leucophaeus,XP_011845537.1,-4,-,G,gap,-5,ALPL:51,invalid
ALPL,NP_000469.3,51,V,Mandrillus leucophaeus,XP_011845537.1,-3,-,P,gap,-5,ALPL:51,invalid
ALPL,NP_000469.3,51,V,Mandrillus leucophaeus,XP_011845537.1,-2,N,G,different,0,ALPL:51,invalid
ALPL,NP_000469.3,51,V,Mandrillus leucophaeus,XP_011845537.1,-1,V,A,different,0,ALPL:51,invalid
ALPL,NP_000469.3,51,V,Mandrillus leucophaeus,XP_011845537.1,1,K,R,different,0,ALPL:51,invalid
ALPL,NP_000469.3,51,V,Mandrillus leucophaeus,XP_011845537.1,2,N,D,different,0,ALPL:51,invalid
ALPL,NP_000469.3,51,V,Mandrillus leucophaeus,XP_011845537.1,3,V,P,different,0,ALPL:51,invalid
ALPL,NP_000469.3,51,V,Mandrillus leucophaeus,XP_011845537.1,4,I,H,different,0,ALPL:51,invalid
ALPL,NP_000469.3,51,V,Mandrillus leucophaeus,XP_011845537.1,5,M,S,different,0,ALPL:51,invalid
ALPL,NP_000469.3,51,V,Mandrillus leucophaeus,XP_011845537.1,6,F,F,match,5,ALPL:51,invalid
ALPL,NP_000469.3,51,V,Mandrillus leucophaeus,XP_011845537.1,7,L,K,different,0,ALPL:51,invalid
ALPL,NP_000469.3,51,V,Mandrillus leucophaeus,XP_011845537.1,8,G,K,different,0,ALPL:51,invalid
ALPL,NP_000469.3,51,V,Mandrillus leucophaeus,XP_011845537.1,9,-,A,gap,-5,ALPL:51,invalid
ALPL,NP_000469.3,51,V,Mandrillus leucophaeus,XP_011845537.1,10,-,P,gap,-5,ALPL:51,invalid
ALPL,NP_000469.3,82,R,Mandrillus leucophaeus,XP_011845537.1,-10,I,A,different,0,ALPL:82,invalid
ALPL,NP_000469.3,82,R,Mandrillus leucophaeus,XP_011845537.1,-9,L,L,match,5,ALPL:82,invalid
ALPL,NP_000469.3,82,R,Mandrillus leucophaeus,XP_011845537.1,-8,K,T,different,0,ALPL:82,invalid
ALPL,NP_000469.3,82,R,Mandrillus leucophaeus,XP_011845537.1,-7,G,G,match,5,ALPL:82,invalid
ALPL,NP_000469.3,82,R,Mandrillus leucophaeus,XP_011845537.1,-6,Q,S,different,0,ALPL:82,invalid
ALPL,NP_000469.3,82,R,Mandrillus leucophaeus,XP_011845537.1,-5,L,C,different,0,ALPL:82,invalid
ALPL,NP_000469.3,82,R,Mandrillus leucophaeus,XP_011845537.1,-4,H,S,different,0,ALPL:82,invalid
ALPL,NP_000469.3,82,R,Mandrillus leucophaeus,XP_011845537.1,-3,H,P,different,0,ALPL:82,invalid
ALPL,NP_000469.3,82,R,Mandrillus leucophaeus,XP_011845537.1,-2,N,R,different,0,ALPL:82,invalid
ALPL,NP_000469.3,82,R,Mandrillus leucophaeus,XP_011845537.1,-1,P,P,match,5,ALPL:82,invalid
ALPL,NP_000469.3,82,R,Mandrillus leucophaeus,XP_011845537.1,1,E,E,match,5,ALPL:82,invalid
ALPL,NP_000469.3,82,R,Mandrillus leucophaeus,XP_011845537.1,2,-,R,gap,-5,ALPL:82,invalid
ALPL,NP_000469.3,82,R,Mandrillus leucophaeus,XP_011845537.1,3,-,P,gap,-5,ALPL:82,invalid
ALPL,NP_000469.3,82,R,Mandrillus leucophaeus,XP_011845537.1,4,-,L,gap,-5,ALPL:82,invalid
ALPL,NP_000469.3,82,R,Mandrillus leucophaeus,XP_011845537.1,5,-,L,gap,-5,ALPL:82,invalid
ALPL,NP_000469.3,82,R,Mandrillus leucophaeus,XP_011845537.1,6,-,T,gap,-5,ALPL:82,invalid
ALPL,NP_000469.3,82,R,Mandrillus leucophaeus,XP_011845537.1,7,-,P,gap,-5,ALPL:82,invalid
ALPL,NP_000469.3,82,R,Mandrillus leucophaeus,XP_011845537.1,8,-,P,gap,-5,ALPL:82,invalid
ALPL,NP_000469.3,82,R,Mandrillus leucophaeus,XP_011845537.1,9,E,E,match,5,ALPL:82,invalid
ALPL,NP_000469.3,82,R,Mandrillus leucophaeus,XP_011845537.1,10,T,P,different,0,ALPL:82,invalid
ALPL,NP_000469.3,82,R,Mandrillus leucophaeus,XP_011845537.1,-10,I,A,different,0,ALPL:82,invalid
ALPL,NP_000469.3,82,R,Mandrillus leucophaeus,XP_011845537.1,-9,L,L,match,5,ALPL:82,invalid
ALPL,NP_000469.3,82,R,Mandrillus leucophaeus,XP_011845537.1,-8,K,T,different,0,ALPL:82,invalid
ALPL,NP_000469.3,82,R,Mandrillus leucophaeus,XP_011845537.1,-7,G,G,match,5,ALPL:82,invalid
ALPL,NP_000469.3,82,R,Mandrillus leucophaeus,XP_011845537.1,-6,Q,S,different,0,ALPL:82,invalid
ALPL,NP_000469.3,82,R,Mandrillus leucophaeus,XP_011845537.1,-5,L,C,different,0,ALPL:82,invalid
ALPL,NP_000469.3,82,R,Mandrillus leucophaeus,XP_011845537.1,-4,H,S,different,0,ALPL:82,invalid
ALPL,NP_000469.3,82,R,Mandrillus leucophaeus,XP_011845537.1,-3,H,P,different,0,ALPL:82,invalid
ALPL,NP_000469.3,82,R,Mandrillus leucophaeus,XP_011845537.1,-2,N,R,different,0,ALPL:82,invalid
ALPL,NP_000469.3,82,R,Mandrillus leucophaeus,XP_011845537.1,-1,P,P,match,5,ALPL:82,invalid
ALPL,NP_000469.3,82,R,Mandrillus leucophaeus,XP_011845537.1,1,E,E,match,5,ALPL:82,invalid
ALPL,NP_000469.3,82,R,Mandrillus leucophaeus,XP_011845537.1,2,-,R,gap,-5,ALPL:82,invalid
ALPL,NP_000469.3,82,R,Mandrillus leucophaeus,XP_011845537.1,3,-,P,gap,-5,ALPL:82,invalid
ALPL,NP_000469.3,82,R,Mandrillus leucophaeus,XP_011845537.1,4,-,L,gap,-5,ALPL:82,invalid
ALPL,NP_000469.3,82,R,Mandrillus leucophaeus,XP_011845537.1,5,-,L,gap,-5,ALPL:82,invalid
ALPL,NP_000469.3,82,R,Mandrillus leucophaeus,XP_011845537.1,6,-,T,gap,-5,ALPL:82,invalid
ALPL,NP_000469.3,82,R,Mandrillus leucophaeus,XP_011845537.1,7,-,P,gap,-5,ALPL:82,invalid
ALPL,NP_000469.3,82,R,Mandrillus leucophaeus,XP_011845537.1,8,-,P,gap,-5,ALPL:82,invalid
ALPL,NP_000469.3,82,R,Mandrillus leucophaeus,XP_011845537.1,9,E,E,match,5,ALPL:82,invalid
ALPL,NP_000469.3,82,R,Mandrillus leucophaeus,XP_011845537.1,10,T,P,different,0,ALPL:82,invalid
ALPL,NP_000469.3,85,P,Mandrillus leucophaeus,XP_011845537.1,-10,G,R,different,0,ALPL:85,invalid
ALPL,NP_000469.3,85,P,Mandrillus leucophaeus,XP_011845537.1,-9,E,E,match,5,ALPL:85,invalid
ALPL,NP_000469.3,85,P,Mandrillus leucophaeus,XP_011845537.1,-8,-,R,gap,-5,ALPL:85,invalid
ALPL,NP_000469.3,85,P,Mandrillus leucophaeus,XP_011845537.1,-7,-,P,gap,-5,ALPL:85,invalid
ALPL,NP_000469.3,85,P,Mandrillus leucophaeus,XP_011845537.1,-6,-,L,gap,-5,ALPL:85,invalid
ALPL,NP_000469.3,85,P,Mandrillus leucophaeus,XP_011845537.1,-5,-,L,gap,-5,ALPL:85,invalid
ALPL,NP_000469.3,85,P,Mandrillus leucophaeus,XP_011845537.1,-4,-,T,gap,-5,ALPL:85,invalid
ALPL,NP_000469.3,85,P,Mandrillus leucophaeus,XP_011845537.1,-3,-,P,gap,-5,ALPL:85,invalid
ALPL,NP_000469.3,85,P,Mandrillus leucophaeus,XP_011845537.1,-2,-,P,gap,-5,ALPL:85,invalid
ALPL,NP_000469.3,85,P,Mandrillus leucophaeus,XP_011845537.1,-1,E,E,match,5,ALPL:85,invalid
ALPL,NP_000469.3,85,P,Mandrillus leucophaeus,XP_011845537.1,1,R,H,different,0,ALPL:85,invalid
ALPL,NP_000469.3,85,P,Mandrillus leucophaeus,XP_011845537.1,2,L,S,different,0,ALPL:85,invalid
ALPL,NP_000469.3,85,P,Mandrillus leucophaeus,XP_011845537.1,3,E,S,different,0,ALPL:85,invalid
ALPL,NP_000469.3,85,P,Mandrillus leucophaeus,XP_011845537.1,4,M,A,different,0,ALPL:85,invalid
ALPL,NP_000469.3,85,P,Mandrillus leucophaeus,XP_011845537.1,5,D,G,different,0,ALPL:85,invalid
ALPL,NP_000469.3,85,P,Mandrillus leucophaeus,XP_011845537.1,6,K,H,different,0,ALPL:85,invalid
ALPL,NP_000469.3,85,P,Mandrillus leucophaeus,XP_011845537.1,7,F,F,match,5,ALPL:85,invalid
ALPL,NP_000469.3,85,P,Mandrillus leucophaeus,XP_011845537.1,8,-,S,gap,-5,ALPL:85,invalid
ALPL,NP_000469.3,85,P,Mandrillus leucophaeus,XP_011845537.1,9,-,G,gap,-5,ALPL:85,invalid
ALPL,NP_000469.3,85,P,Mandrillus leucophaeus,XP_011845537.1,10,-,R,gap,-5,ALPL:85,invalid
ALPL,NP_000469.3,93,S,Cebus imitator,XP_037586579.1,-10,F,M,different,0,ALPL:93,valid
ALPL,NP_000469.3,93,S,Cebus imitator,XP_037586579.1,-9,-,-,gap,-5,ALPL:93,valid
ALPL,NP_000469.3,93,S,Cebus imitator,XP_037586579.1,-8,-,-,gap,-5,ALPL:93,valid
ALPL,NP_000469.3,93,S,Cebus imitator,XP_037586579.1,-7,-,-,gap,-5,ALPL:93,valid
ALPL,NP_000469.3,93,S,Cebus imitator,XP_037586579.1,-6,-,-,gap,-5,ALPL:93,valid
ALPL,NP_000469.3,93,S,Cebus imitator,XP_037586579.1,-5,-,-,gap,-5,ALPL:93,valid
ALPL,NP_000469.3,93,S,Cebus imitator,XP_037586579.1,-4,-,-,gap,-5,ALPL:93,valid
ALPL,NP_000469.3,93,S,Cebus imitator,XP_037586579.1,-3,-,-,gap,-5,ALPL:93,valid
ALPL,NP_000469.3,93,S,Cebus imitator,XP_037586579.1,-2,-,-,gap,-5,ALPL:93,valid
ALPL,NP_000469.3,93,S,Cebus imitator,XP_037586579.1,-1,-,-,gap,-5,ALPL:93,valid
ALPL,NP_000469.3,93,S,Cebus imitator,XP_037586579.1,1,F,S,different,0,ALPL:93,valid
ALPL,NP_000469.3,93,S,Cebus imitator,XP_037586579.1,2,V,C,different,0,ALPL:93,valid
ALPL,NP_000469.3,93,S,Cebus imitator,XP_037586579.1,3,A,S,different,0,ALPL:93,valid
ALPL,NP_000469.3,93,S,Cebus imitator,XP_037586579.1,4,L,W,different,0,ALPL:93,valid
ALPL,NP_000469.3,93,S,Cebus imitator,XP_037586579.1,5,S,E,different,0,ALPL:93,valid
ALPL,NP_000469.3,93,S,Cebus imitator,XP_037586579.1,6,K,M,different,0,ALPL:93,valid
ALPL,NP_000469.3,93,S,Cebus imitator,XP_037586579.1,7,T,T,match,5,ALPL:93,valid
ALPL,NP_000469.3,93,S,Cebus imitator,XP_037586579.1,8,Y,Y,match,5,ALPL:93,valid
ALPL,NP_000469.3,93,S,Cebus imitator,XP_037586579.1,9,N,N,match,5,ALPL:93,valid
ALPL,NP_000469.3,93,S,Cebus imitator,XP_037586579.1,10,T,T,match,5,ALPL:93,valid
ALPL,NP_000469.3,295,L,Otolemur garnettii,XP_012657049.2,-10,Y,Y,match,5,ALPL:295,valid
ALPL,NP_000469.3,295,L,Otolemur garnettii,XP_012657049.2,-9,L,L,match,5,ALPL:295,valid
ALPL,NP_000469.3,295,L,Otolemur garnettii,XP_012657049.2,-8,L,L,match,5,ALPL:295,valid
ALPL,NP_000469.3,295,L,Otolemur garnettii,XP_012657049.2,-7,G,G,match,5,ALPL:295,valid
ALPL,NP_000469.3,295,L,Otolemur garnettii,XP_012657049.2,-6,L,L,match,5,ALPL:295,valid
ALPL,NP_000469.3,295,L,Otolemur garnettii,XP_012657049.2,-5,F,F,match,5,ALPL:295,valid
ALPL,NP_000469.3,295,L,Otolemur garnettii,XP_012657049.2,-4,E,E,match,5,ALPL:295,valid
ALPL,NP_000469.3,295,L,Otolemur garnettii,XP_012657049.2,-3,P,P,match,5,ALPL:295,valid
ALPL,NP_000469.3,295,L,Otolemur garnettii,XP_012657049.2,-2,G,G,match,5,ALPL:295,valid
ALPL,NP_000469.3,295,L,Otolemur garnettii,XP_012657049.2,-1,D,D,match,5,ALPL:295,valid
ALPL,NP_000469.3,295,L,Otolemur garnettii,XP_012657049.2,1,Q,Q,match,5,ALPL:295,valid
ALPL,NP_000469.3,295,L,Otolemur garnettii,XP_012657049.2,2,Y,Y,match,5,ALPL:295,valid
ALPL,NP_000469.3,295,L,Otolemur garnettii,XP_012657049.2,3,E,E,match,5,ALPL:295,valid
ALPL,NP_000469.3,295,L,Otolemur garnettii,XP_012657049.2,4,L,L,match,5,ALPL:295,valid
ALPL,NP_000469.3,295,L,Otolemur garnettii,XP_012657049.2,5,N,N,match,5,ALPL:295,valid
ALPL,NP_000469.3,295,L,Otolemur garnettii,XP_012657049.2,6,R,R,match,5,ALPL:295,valid
ALPL,NP_000469.3,295,L,Otolemur garnettii,XP_012657049.2,7,N,N,match,5,ALPL:295,valid
ALPL,NP_000469.3,295,L,Otolemur garnettii,XP_012657049.2,8,N,N,match,5,ALPL:295,valid
ALPL,NP_000469.3,295,L,Otolemur garnettii,XP_012657049.2,9,V,L,different,0,ALPL:295,valid
ALPL,NP_000469.3,295,L,Otolemur garnettii,XP_012657049.2,10,T,T,match,5,ALPL:295,valid
ARSB,NP_000037.2,97,R,Carlito syrichta,XP_021566074.1,-10,T,L,different,0,ARSB:97,invalid
ARSB,NP_000037.2,97,R,Carlito syrichta,XP_021566074.1,-9,Q,K,different,0,ARSB:97,invalid
ARSB,NP_000037.2,97,R,Carlito syrichta,XP_021566074.1,-8,P,A,different,0,ARSB:97,invalid
ARSB,NP_000037.2,97,R,Carlito syrichta,XP_021566074.1,-7,L,H,different,0,ARSB:97,invalid
ARSB,NP_000037.2,97,R,Carlito syrichta,XP_021566074.1,-6,C,L,different,0,ARSB:97,invalid
ARSB,NP_000037.2,97,R,Carlito syrichta,XP_021566074.1,-5,T,S,different,0,ARSB:97,invalid
ARSB,NP_000037.2,97,R,Carlito syrichta,XP_021566074.1,-4,P,W,different,0,ARSB:97,invalid
ARSB,NP_000037.2,97,R,Carlito syrichta,XP_021566074.1,-3,S,C,different,0,ARSB:97,invalid
ARSB,NP_000037.2,97,R,Carlito syrichta,XP_021566074.1,-2,R,W,different,0,ARSB:97,invalid
ARSB,NP_000037.2,97,R,Carlito syrichta,XP_021566074.1,-1,S,R,different,0,ARSB:97,invalid
ARSB,NP_000037.2,97,R,Carlito syrichta,XP_021566074.1,1,L,L,match,5,ARSB:97,invalid
ARSB,NP_000037.2,97,R,Carlito syrichta,XP_021566074.1,2,L,V,different,0,ARSB:97,invalid
ARSB,NP_000037.2,97,R,Carlito syrichta,XP_021566074.1,3,T,S,different,0,ARSB:97,invalid
ARSB,NP_000037.2,97,R,Carlito syrichta,XP_021566074.1,4,G,A,different,0,ARSB:97,invalid
ARSB,NP_000037.2,97,R,Carlito syrichta,XP_021566074.1,5,R,Q,different,0,ARSB:97,invalid
ARSB,NP_000037.2,97,R,Carlito syrichta,XP_021566074.1,6,Y,R,different,0,ARSB:97,invalid
ARSB,NP_000037.2,97,R,Carlito syrichta,XP_021566074.1,7,Q,N,different,0,ARSB:97,invalid
ARSB,NP_000037.2,97,R,Carlito syrichta,XP_021566074.1,8,I,I,match,5,ARSB:97,invalid
ARSB,NP_000037.2,97,R,Carlito syrichta,XP_021566074.1,9,R,H,different,0,ARSB:97,invalid
ARSB,NP_000037.2,97,R,Carlito syrichta,XP_021566074.1,10,T,T,match,5,ARSB:97,invalid
ARSB,NP_000037.2,85,H,Carlito syrichta,XP_021566074.1,-10,G,A,different,0,ARSB:85,invalid
ARSB,NP_000037.2,85,H,Carlito syrichta,XP_021566074.1,-9,G,G,match,5,ARSB:85,invalid
ARSB,NP_000037.2,85,H,Carlito syrichta,XP_021566074.1,-8,V,L,different,0,ARSB:85,invalid
ARSB,NP_000037.2,85,H,Carlito syrichta,XP_021566074.1,-7,-,R,gap,-5,ARSB:85,invalid
ARSB,NP_000037.2,85,H,Carlito syrichta,XP_021566074.1,-6,-,P,gap,-5,ARSB:85,invalid
ARSB,NP_000037.2,85,H,Carlito syrichta,XP_021566074.1,-5,-,S,gap,-5,ARSB:85,invalid
ARSB,NP_000037.2,85,H,Carlito syrichta,XP_021566074.1,-4,L,I,different,0,ARSB:85,invalid
ARSB,NP_000037.2,85,H,Carlito syrichta,XP_021566074.1,-3,L,L,match,5,ARSB:85,invalid
ARSB,NP_000037.2,85,H,Carlito syrichta,XP_021566074.1,-2,D,T,different,0,ARSB:85,invalid
ARSB,NP_000037.2,85,H,Carlito syrichta,XP_021566074.1,-1,N,F,different,0,ARSB:85,invalid
ARSB,NP_000037.2,85,H,Carlito syrichta,XP_021566074.1,1,Y,V,different,0,ARSB:85,invalid
ARSB,NP_000037.2,85,H,Carlito syrichta,XP_021566074.1,2,T,L,different,0,ARSB:85,invalid
ARSB,NP_000037.2,85,H,Carlito syrichta,XP_021566074.1,3,Q,K,different,0,ARSB:85,invalid
ARSB,NP_000037.2,85,H,Carlito syrichta,XP_021566074.1,4,P,A,different,0,ARSB:85,invalid
ARSB,NP_000037.2,85,H,Carlito syrichta,XP_021566074.1,5,L,H,different,0,ARSB:85,invalid
ARSB,NP_000037.2,85,H,Carlito syrichta,XP_021566074.1,6,C,L,different,0,ARSB:85,invalid
ARSB,NP_000037.2,85,H,Carlito syrichta,XP_021566074.1,7,T,S,different,0,ARSB:85,invalid
ARSB,NP_000037.2,85,H,Carlito syrichta,XP_021566074.1,8,P,W,different,0,ARSB:85,invalid
ARSB,NP_000037.2,85,H,Carlito syrichta,XP_021566074.1,9,S,C,different,0,ARSB:85,invalid
ARSB,NP_000037.2,85,H,Carlito syrichta,XP_021566074.1,10,R,W,different,0,ARSB:85,invalid
ARSB,NP_000037.2,152,Q,Carlito syrichta,XP_021566074.1,-10,M,M,match,5,ARSB:152,valid
ARSB,NP_000037.2,152,Q,Carlito syrichta,XP_021566074.1,-9,V,V,match,5,ARSB:152,valid
ARSB,NP_000037.2,152,Q,Carlito syrichta,XP_021566074.1,-8,G,G,match,5,ARSB:152,valid
ARSB,NP_000037.2,152,Q,Carlito syrichta,XP_021566074.1,-7,K,K,match,5,ARSB:152,valid
ARSB,NP_000037.2,152,Q,Carlito syrichta,XP_021566074.1,-6,W,W,match,5,ARSB:152,valid
ARSB,NP_000037.2,152,Q,Carlito syrichta,XP_021566074.1,-5,H,H,match,5,ARSB:152,valid
ARSB,NP_000037.2,152,Q,Carlito syrichta,XP_021566074.1,-4,L,L,match,5,ARSB:152,valid
ARSB,NP_000037.2,152,Q,Carlito syrichta,XP_021566074.1,-3,G,G,match,5,ARSB:152,valid
ARSB,NP_000037.2,152,Q,Carlito syrichta,XP_021566074.1,-2,M,M,match,5,ARSB:152,valid
ARSB,NP_000037.2,152,Q,Carlito syrichta,XP_021566074.1,-1,Y,Y,match,5,ARSB:152,valid
ARSB,NP_000037.2,152,Q,Carlito syrichta,XP_021566074.1,1,K,K,match,5,ARSB:152,valid
ARSB,NP_000037.2,152,Q,Carlito syrichta,XP_021566074.1,2,E,E,match,5,ARSB:152,valid
ARSB,NP_000037.2,152,Q,Carlito syrichta,XP_021566074.1,3,C,C,match,5,ARSB:152,valid
ARSB,NP_000037.2,152,Q,Carlito syrichta,XP_021566074.1,4,L,L,match,5,ARSB:152,valid
ARSB,NP_000037.2,152,Q,Carlito syrichta,XP_021566074.1,5,P,P,match,5,ARSB:152,valid
ARSB,NP_000037.2,152,Q,Carlito syrichta,XP_021566074.1,6,T,T,match,5,ARSB:152,valid
ARSB,NP_000037.2,152,Q,Carlito syrichta,XP_021566074.1,7,R,R,match,5,ARSB:152,valid
ARSB,NP_000037.2,152,Q,Carlito syrichta,XP_021566074.1,8,R,R,match,5,ARSB:152,valid
ARSB,NP_000037.2,152,Q,Carlito syrichta,XP_021566074.1,9,G,G,match,5,ARSB:152,valid
ARSB,NP_000037.2,152,Q,Carlito syrichta,XP_021566074.1,10,F,F,match,5,ARSB:152,valid
ARSB,NP_000037.2,95,W,Carlito syrichta,XP_021566074.1,-10,Y,H,different,0,ARSB:95,invalid
ARSB,NP_000037.2,95,W,Carlito syrichta,XP_021566074.1,-9,Y,V,different,0,ARSB:95,invalid
ARSB,NP_000037.2,95,W,Carlito syrichta,XP_021566074.1,-8,T,L,different,0,ARSB:95,invalid
ARSB,NP_000037.2,95,W,Carlito syrichta,XP_021566074.1,-7,Q,K,different,0,ARSB:95,invalid
ARSB,NP_000037.2,95,W,Carlito syrichta,XP_021566074.1,-6,P,A,different,0,ARSB:95,invalid
ARSB,NP_000037.2,95,W,Carlito syrichta,XP_021566074.1,-5,L,H,different,0,ARSB:95,invalid
ARSB,NP_000037.2,95,W,Carlito syrichta,XP_021566074.1,-4,C,L,different,0,ARSB:95,invalid
ARSB,NP_000037.2,95,W,Carlito syrichta,XP_021566074.1,-3,T,S,different,0,ARSB:95,invalid
ARSB,NP_000037.2,95,W,Carlito syrichta,XP_021566074.1,-2,P,W,different,0,ARSB:95,invalid
ARSB,NP_000037.2,95,W,Carlito syrichta,XP_021566074.1,-1,S,C,different,0,ARSB:95,invalid
ARSB,NP_000037.2,95,W,Carlito syrichta,XP_021566074.1,1,S,R,different,0,ARSB:95,invalid
ARSB,NP_000037.2,95,W,Carlito syrichta,XP_021566074.1,2,Q,R,different,0,ARSB:95,invalid
ARSB,NP_000037.2,95,W,Carlito syrichta,XP_021566074.1,3,L,L,match,5,ARSB:95,invalid
ARSB,NP_000037.2,95,W,Carlito syrichta,XP_021566074.1,4,L,V,different,0,ARSB:95,invalid
ARSB,NP_000037.2,95,W,Carlito syrichta,XP_021566074.1,5,T,S,different,0,ARSB:95,invalid
ARSB,NP_000037.2,95,W,Carlito syrichta,XP_021566074.1,6,G,A,different,0,ARSB:95,invalid
ARSB,NP_000037.2,95,W,Carlito syrichta,XP_021566074.1,7,R,Q,different,0,ARSB:95,invalid
ARSB,NP_000037.2,95,W,Carlito syrichta,XP_021566074.1,8,Y,R,different,0,ARSB:95,invalid
ARSB,NP_000037.2,95,W,Carlito syrichta,XP_021566074.1,9,Q,N,different,0,ARSB:95,invalid
ARSB,NP_000037.2,95,W,Carlito syrichta,XP_021566074.1,10,I,I,match,5,ARSB:95,invalid
ASL,NP_000039.2,113,W,Colobus angolensis palliatus,XP_011807504.1,-10,T,T,match,5,ASL:113,valid
ASL,NP_000039.2,113,W,Colobus angolensis palliatus,XP_011807504.1,-9,A,A,match,5,ASL:113,valid
ASL,NP_000039.2,113,W,Colobus angolensis palliatus,XP_011807504.1,-8,G,G,match,5,ASL:113,valid
ASL,NP_000039.2,113,W,Colobus angolensis palliatus,XP_011807504.1,-7,K,K,match,5,ASL:113,valid
ASL,NP_000039.2,113,W,Colobus angolensis palliatus,XP_011807504.1,-6,L,L,match,5,ASL:113,valid
ASL,NP_000039.2,113,W,Colobus angolensis palliatus,XP_011807504.1,-5,H,H,match,5,ASL:113,valid
ASL,NP_000039.2,113,W,Colobus angolensis palliatus,XP_011807504.1,-4,T,T,match,5,ASL:113,valid
ASL,NP_000039.2,113,W,Colobus angolensis palliatus,XP_011807504.1,-3,G,G,match,5,ASL:113,valid
ASL,NP_000039.2,113,W,Colobus angolensis palliatus,XP_011807504.1,-2,R,R,match,5,ASL:113,valid
ASL,NP_000039.2,113,W,Colobus angolensis palliatus,XP_011807504.1,-1,S,S,match,5,ASL:113,valid
ASL,NP_000039.2,113,W,Colobus angolensis palliatus,XP_011807504.1,1,N,N,match,5,ASL:113,valid
ASL,NP_000039.2,113,W,Colobus angolensis palliatus,XP_011807504.1,2,D,N,different,0,ASL:113,valid
ASL,NP_000039.2,113,W,Colobus angolensis palliatus,XP_011807504.1,3,Q,Q,match,5,ASL:113,valid
ASL,NP_000039.2,113,W,Colobus angolensis palliatus,XP_011807504.1,4,V,V,match,5,ASL:113,valid
ASL,NP_000039.2,113,W,Colobus angolensis palliatus,XP_011807504.1,5,V,V,match,5,ASL:113,valid
ASL,NP_000039.2,113,W,Colobus angolensis palliatus,XP_011807504.1,6,T,T,match,5,ASL:113,valid
ASL,NP_000039.2,113,W,Colobus angolensis palliatus,XP_011807504.1,7,D,D,match,5,ASL:113,valid
ASL,NP_000039.2,113,W,Colobus angolensis palliatus,XP_011807504.1,8,L,L,match,5,ASL:113,valid
ASL,NP_000039.2,113,W,Colobus angolensis palliatus,XP_011807504.1,9,R,R,match,5,ASL:113,valid
ASL,NP_000039.2,113,W,Colobus angolensis palliatus,XP_011807504.1,10,L,L,match,5,ASL:113,valid
ASL,NP_000039.2,146,P,Cebus imitator,XP_037587702.1,-10,L,P,different,0,ASL:146,invalid
ASL,NP_000039.2,146,P,Cebus imitator,XP_037587702.1,-9,W,W,match,5,ASL:146,invalid
ASL,NP_000039.2,146,P,Cebus imitator,XP_037587702.1,-8,E,E,match,5,ASL:146,invalid
ASL,NP_000039.2,146,P,Cebus imitator,XP_037587702.1,-7,L,I,different,0,ASL:146,invalid
ASL,NP_000039.2,146,P,Cebus imitator,XP_037587702.1,-6,I,L,different,0,ASL:146,invalid
ASL,NP_000039.2,146,P,Cebus imitator,XP_037587702.1,-5,R,-,gap,-5,ASL:146,invalid
ASL,NP_000039.2,146,P,Cebus imitator,XP_037587702.1,-4,T,-,gap,-5,ASL:146,invalid
ASL,NP_000039.2,146,P,Cebus imitator,XP_037587702.1,-3,M,-,gap,-5,ASL:146,invalid
ASL,NP_000039.2,146,P,Cebus imitator,XP_037587702.1,-2,V,-,gap,-5,ASL:146,invalid
ASL,NP_000039.2,146,P,Cebus imitator,XP_037587702.1,-1,D,D,match,5,ASL:146,invalid
ASL,NP_000039.2,146,P,Cebus imitator,XP_037587702.1,1,A,S,different,0,ASL:146,invalid
ASL,NP_000039.2,146,P,Cebus imitator,XP_037587702.1,2,E,F,different,0,ASL:146,invalid
ASL,NP_000039.2,146,P,Cebus imitator,XP_037587702.1,3,A,R,different,0,ASL:146,invalid
ASL,NP_000039.2,146,P,Cebus imitator,XP_037587702.1,4,E,E,match,5,ASL:146,invalid
ASL,NP_000039.2,146,P,Cebus imitator,XP_037587702.1,5,R,C,different,0,ASL:146,invalid
ASL,NP_000039.2,146,P,Cebus imitator,XP_037587702.1,6,D,D,match,5,ASL:146,invalid
ASL,NP_000039.2,146,P,Cebus imitator,XP_037587702.1,7,V,V,match,5,ASL:146,invalid
ASL,NP_000039.2,146,P,Cebus imitator,XP_037587702.1,8,L,L,match,5,ASL:146,invalid
ASL,NP_000039.2,146,P,Cebus imitator,XP_037587702.1,9,F,F,match,5,ASL:146,invalid
ASL,NP_000039.2,146,P,Cebus imitator,XP_037587702.1,10,P,P,match,5,ASL:146,invalid
ASL,NP_000039.2,241,K,Mandrillus leucophaeus,XP_011848271.1,-10,D,D,match,5,ASL:241,invalid
ASL,NP_000039.2,241,K,Mandrillus leucophaeus,XP_011848271.1,-9,A,A,match,5,ASL:241,invalid
ASL,NP_000039.2,241,K,Mandrillus leucophaeus,XP_011848271.1,-8,T,T,match,5,ASL:241,invalid
ASL,NP_000039.2,241,K,Mandrillus leucophaeus,XP_011848271.1,-7,S,S,match,5,ASL:241,invalid
ASL,NP_000039.2,241,K,Mandrillus leucophaeus,XP_011848271.1,-6,E,E,match,5,ASL:241,invalid
ASL,NP_000039.2,241,K,Mandrillus leucophaeus,XP_011848271.1,-5,R,R,match,5,ASL:241,invalid
ASL,NP_000039.2,241,K,Mandrillus leucophaeus,XP_011848271.1,-4,D,D,match,5,ASL:241,invalid
ASL,NP_000039.2,241,K,Mandrillus leucophaeus,XP_011848271.1,-3,F,F,match,5,ASL:241,invalid
ASL,NP_000039.2,241,K,Mandrillus leucophaeus,XP_011848271.1,-2,V,V,match,5,ASL:241,invalid
ASL,NP_000039.2,241,K,Mandrillus leucophaeus,XP_011848271.1,-1,A,G,different,0,ASL:241,invalid
ASL,NP_000039.2,241,K,Mandrillus leucophaeus,XP_011848271.1,1,F,-,gap,-5,ASL:241,invalid
ASL,NP_000039.2,241,K,Mandrillus leucophaeus,XP_011848271.1,2,L,-,gap,-5,ASL:241,invalid
ASL,NP_000039.2,241,K,Mandrillus leucophaeus,XP_011848271.1,3,F,S,different,0,ASL:241,invalid
ASL,NP_000039.2,241,K,Mandrillus leucophaeus,XP_011848271.1,4,W,W,match,5,ASL:241,invalid
ASL,NP_000039.2,241,K,Mandrillus leucophaeus,XP_011848271.1,5,A,-,gap,-5,ASL:241,invalid
ASL,NP_000039.2,241,K,Mandrillus leucophaeus,XP_011848271.1,6,S,-,gap,-5,ASL:241,invalid
ASL,NP_000039.2,241,K,Mandrillus leucophaeus,XP_011848271.1,7,L,-,gap,-5,ASL:241,invalid
ASL,NP_000039.2,241,K,Mandrillus leucophaeus,XP_011848271.1,8,C,-,gap,-5,ASL:241,invalid
ASL,NP_000039.2,241,K,Mandrillus leucophaeus,XP_011848271.1,9,M,-,gap,-5,ASL:241,invalid
ASL,NP_000039.2,241,K,Mandrillus leucophaeus,XP_011848271.1,10,T,-,gap,-5,ASL:241,invalid
ATP7B,NP_000044.2,969,Q,Nomascus leucogenys,XP_030669295.1,-10,K,K,match,5,ATP7B:969,valid
ATP7B,NP_000044.2,969,Q,Nomascus leucogenys,XP_030669295.1,-9,H,H,match,5,ATP7B:969,valid
ATP7B,NP_000044.2,969,Q,Nomascus leucogenys,XP_030669295.1,-8,I,I,match,5,ATP7B:969,valid
ATP7B,NP_000044.2,969,Q,Nomascus leucogenys,XP_030669295.1,-7,S,S,match,5,ATP7B:969,valid
ATP7B,NP_000044.2,969,Q,Nomascus leucogenys,XP_030669295.1,-6,Q,Q,match,5,ATP7B:969,valid
ATP7B,NP_000044.2,969,Q,Nomascus leucogenys,XP_030669295.1,-5,T,T,match,5,ATP7B:969,valid
ATP7B,NP_000044.2,969,Q,Nomascus leucogenys,XP_030669295.1,-4,E,E,match,5,ATP7B:969,valid
ATP7B,NP_000044.2,969,Q,Nomascus leucogenys,XP_030669295.1,-3,V,V,match,5,ATP7B:969,valid
ATP7B,NP_000044.2,969,Q,Nomascus leucogenys,XP_030669295.1,-2,I,I,match,5,ATP7B:969,valid
ATP7B,NP_000044.2,969,Q,Nomascus leucogenys,XP_030669295.1,-1,I,I,match,5,ATP7B:969,valid
ATP7B,NP_000044.2,969,Q,Nomascus leucogenys,XP_030669295.1,1,F,F,match,5,ATP7B:969,valid
ATP7B,NP_000044.2,969,Q,Nomascus leucogenys,XP_030669295.1,2,A,A,match,5,ATP7B:969,valid
ATP7B,NP_000044.2,969,Q,Nomascus leucogenys,XP_030669295.1,3,F,F,match,5,ATP7B:969,valid
ATP7B,NP_000044.2,969,Q,Nomascus leucogenys,XP_030669295.1,4,Q,Q,match,5,ATP7B:969,valid
ATP7B,NP_000044.2,969,Q,Nomascus leucogenys,XP_030669295.1,5,T,T,match,5,ATP7B:969,valid
ATP7B,NP_000044.2,969,Q,Nomascus leucogenys,XP_030669295.1,6,S,S,match,5,ATP7B:969,valid
ATP7B,NP_000044.2,969,Q,Nomascus leucogenys,XP_030669295.1,7,I,I,match,5,ATP7B:969,valid
ATP7B,NP_000044.2,969,Q,Nomascus leucogenys,XP_030669295.1,8,T,T,match,5,ATP7B:969,valid
ATP7B,NP_000044.2,969,Q,Nomascus leucogenys,XP_030669295.1,9,V,V,match,5,ATP7B:969,valid
ATP7B,NP_000044.2,969,Q,Nomascus leucogenys,XP_030669295.1,10,L,L,match,5,ATP7B:969,valid
ATP7B,NP_000044.2,335,E,Microcebus murinus,XP_012638109.2,-10,V,V,match,5,ATP7B:335,valid
ATP7B,NP_000044.2,335,E,Microcebus murinus,XP_012638109.2,-9,S,S,match,5,ATP7B:335,valid
ATP7B,NP_000044.2,335,E,Microcebus murinus,XP_012638109.2,-8,L,L,match,5,ATP7B:335,valid
ATP7B,NP_000044.2,335,E,Microcebus murinus,XP_012638109.2,-7,P,P,match,5,ATP7B:335,valid
ATP7B,NP_000044.2,335,E,Microcebus murinus,XP_012638109.2,-6,D,D,match,5,ATP7B:335,valid
ATP7B,NP_000044.2,335,E,Microcebus murinus,XP_012638109.2,-5,G,G,match,5,ATP7B:335,valid
ATP7B,NP_000044.2,335,E,Microcebus murinus,XP_012638109.2,-4,A,A,match,5,ATP7B:335,valid
ATP7B,NP_000044.2,335,E,Microcebus murinus,XP_012638109.2,-3,E,E,match,5,ATP7B:335,valid
ATP7B,NP_000044.2,335,E,Microcebus murinus,XP_012638109.2,-2,G,G,match,5,ATP7B:335,valid
ATP7B,NP_000044.2,335,E,Microcebus murinus,XP_012638109.2,-1,S,S,match,5,ATP7B:335,valid
ATP7B,NP_000044.2,335,E,Microcebus murinus,XP_012638109.2,1,T,T,match,5,ATP7B:335,valid
ATP7B,NP_000044.2,335,E,Microcebus murinus,XP_012638109.2,2,D,D,match,5,ATP7B:335,valid
ATP7B,NP_000044.2,335,E,Microcebus murinus,XP_012638109.2,3,H,P,different,0,ATP7B:335,valid
ATP7B,NP_000044.2,335,E,Microcebus murinus,XP_012638109.2,4,R,G,different,0,ATP7B:335,valid
ATP7B,NP_000044.2,335,E,Microcebus murinus,XP_012638109.2,5,S,P,different,0,ATP7B:335,valid
ATP7B,NP_000044.2,335,E,Microcebus murinus,XP_012638109.2,6,S,S,match,5,ATP7B:335,valid
ATP7B,NP_000044.2,335,E,Microcebus murinus,XP_012638109.2,7,S,G,different,0,ATP7B:335,valid
ATP7B,NP_000044.2,335,E,Microcebus murinus,XP_012638109.2,8,S,C,different,0,ATP7B:335,valid
ATP7B,NP_000044.2,335,E,Microcebus murinus,XP_012638109.2,9,H,H,match,5,ATP7B:335,valid
ATP7B,NP_000044.2,335,E,Microcebus murinus,XP_012638109.2,10,S,S,match,5,ATP7B:335,valid
ATP7B,NP_000044.2,335,E,Propithecus coquereli,XP_012504526.1,-10,V,V,match,5,ATP7B:335,valid
ATP7B,NP_000044.2,335,E,Propithecus coquereli,XP_012504526.1,-9,S,S,match,5,ATP7B:335,valid
ATP7B,NP_000044.2,335,E,Propithecus coquereli,XP_012504526.1,-8,L,L,match,5,ATP7B:335,valid
ATP7B,NP_000044.2,335,E,Propithecus coquereli,XP_012504526.1,-7,P,P,match,5,ATP7B:335,valid
ATP7B,NP_000044.2,335,E,Propithecus coquereli,XP_012504526.1,-6,D,D,match,5,ATP7B:335,valid
ATP7B,NP_000044.2,335,E,Propithecus coquereli,XP_012504526.1,-5,G,G,match,5,ATP7B:335,valid
ATP7B,NP_000044.2,335,E,Propithecus coquereli,XP_012504526.1,-4,A,A,match,5,ATP7B:335,valid
ATP7B,NP_000044.2,335,E,Propithecus coquereli,XP_012504526.1,-3,E,E,match,5,ATP7B:335,valid
ATP7B,NP_000044.2,335,E,Propithecus coquereli,XP_012504526.1,-2,G,G,match,5,ATP7B:335,valid
ATP7B,NP_000044.2,335,E,Propithecus coquereli,XP_012504526.1,-1,S,S,match,5,ATP7B:335,valid
ATP7B,NP_000044.2,335,E,Propithecus coquereli,XP_012504526.1,1,T,T,match,5,ATP7B:335,valid
ATP7B,NP_000044.2,335,E,Propithecus coquereli,XP_012504526.1,2,D,D,match,5,ATP7B:335,valid
ATP7B,NP_000044.2,335,E,Propithecus coquereli,XP_012504526.1,3,H,P,different,0,ATP7B:335,valid
ATP7B,NP_000044.2,335,E,Propithecus coquereli,XP_012504526.1,4,R,G,different,0,ATP7B:335,valid
ATP7B,NP_000044.2,335,E,Propithecus coquereli,XP_012504526.1,5,S,S,match,5,ATP7B:335,valid
ATP7B,NP_000044.2,335,E,Propithecus coquereli,XP_012504526.1,6,S,S,match,5,ATP7B:335,valid
ATP7B,NP_000044.2,335,E,Propithecus coquereli,XP_012504526.1,7,S,N,different,0,ATP7B:335,valid
ATP7B,NP_000044.2,335,E,Propithecus coquereli,XP_012504526.1,8,S,C,different,0,ATP7B:335,valid
ATP7B,NP_000044.2,335,E,Propithecus coquereli,XP_012504526.1,9,H,H,match,5,ATP7B:335,valid
ATP7B,NP_000044.2,335,E,Propithecus coquereli,XP_012504526.1,10,S,S,match,5,ATP7B:335,valid
ATP7B,NP_000044.2,335,E,Eulemur rufifrons,XP_069323793.1,-10,V,V,match,5,ATP7B:335,valid
ATP7B,NP_000044.2,335,E,Eulemur rufifrons,XP_069323793.1,-9,S,S,match,5,ATP7B:335,valid
ATP7B,NP_000044.2,335,E,Eulemur rufifrons,XP_069323793.1,-8,L,L,match,5,ATP7B:335,valid
ATP7B,NP_000044.2,335,E,Eulemur rufifrons,XP_069323793.1,-7,P,P,match,5,ATP7B:335,valid
ATP7B,NP_000044.2,335,E,Eulemur rufifrons,XP_069323793.1,-6,D,D,match,5,ATP7B:335,valid
ATP7B,NP_000044.2,335,E,Eulemur rufifrons,XP_069323793.1,-5,G,G,match,5,ATP7B:335,valid
ATP7B,NP_000044.2,335,E,Eulemur rufifrons,XP_069323793.1,-4,A,A,match,5,ATP7B:335,valid
ATP7B,NP_000044.2,335,E,Eulemur rufifrons,XP_069323793.1,-3,E,E,match,5,ATP7B:335,valid
ATP7B,NP_000044.2,335,E,Eulemur rufifrons,XP_069323793.1,-2,G,G,match,5,ATP7B:335,valid
ATP7B,NP_000044.2,335,E,Eulemur rufifrons,XP_069323793.1,-1,S,S,match,5,ATP7B:335,valid
ATP7B,NP_000044.2,335,E,Eulemur rufifrons,XP_069323793.1,1,T,T,match,5,ATP7B:335,valid
ATP7B,NP_000044.2,335,E,Eulemur rufifrons,XP_069323793.1,2,D,D,match,5,ATP7B:335,valid
ATP7B,NP_000044.2,335,E,Eulemur rufifrons,XP_069323793.1,3,H,P,different,0,ATP7B:335,valid
ATP7B,NP_000044.2,335,E,Eulemur rufifrons,XP_069323793.1,4,R,G,different,0,ATP7B:335,valid
ATP7B,NP_000044.2,335,E,Eulemur rufifrons,XP_069323793.1,5,S,S,match,5,ATP7B:335,valid
ATP7B,NP_000044.2,335,E,Eulemur rufifrons,XP_069323793.1,6,S,S,match,5,ATP7B:335,valid
ATP7B,NP_000044.2,335,E,Eulemur rufifrons,XP_069323793.1,7,S,N,different,0,ATP7B:335,valid
ATP7B,NP_000044.2,335,E,Eulemur rufifrons,XP_069323793.1,8,S,C,different,0,ATP7B:335,valid
ATP7B,NP_000044.2,335,E,Eulemur rufifrons,XP_069323793.1,9,H,H,match,5,ATP7B:335,valid
ATP7B,NP_000044.2,335,E,Eulemur rufifrons,XP_069323793.1,10,S,S,match,5,ATP7B:335,valid
ATP7B,NP_000044.2,335,E,Lemur catta,XP_045423253.1,-10,V,V,match,5,ATP7B:335,valid
ATP7B,NP_000044.2,335,E,Lemur catta,XP_045423253.1,-9,S,S,match,5,ATP7B:335,valid
ATP7B,NP_000044.2,335,E,Lemur catta,XP_045423253.1,-8,L,L,match,5,ATP7B:335,valid
ATP7B,NP_000044.2,335,E,Lemur catta,XP_045423253.1,-7,P,P,match,5,ATP7B:335,valid
ATP7B,NP_000044.2,335,E,Lemur catta,XP_045423253.1,-6,D,D,match,5,ATP7B:335,valid
ATP7B,NP_000044.2,335,E,Lemur catta,XP_045423253.1,-5,G,G,match,5,ATP7B:335,valid
ATP7B,NP_000044.2,335,E,Lemur catta,XP_045423253.1,-4,A,A,match,5,ATP7B:335,valid
ATP7B,NP_000044.2,335,E,Lemur catta,XP_045423253.1,-3,E,E,match,5,ATP7B:335,valid
ATP7B,NP_000044.2,335,E,Lemur catta,XP_045423253.1,-2,G,G,match,5,ATP7B:335,valid
ATP7B,NP_000044.2,335,E,Lemur catta,XP_045423253.1,-1,S,S,match,5,ATP7B:335,valid
ATP7B,NP_000044.2,335,E,Lemur catta,XP_045423253.1,1,T,T,match,5,ATP7B:335,valid
ATP7B,NP_000044.2,335,E,Lemur catta,XP_045423253.1,2,D,D,match,5,ATP7B:335,valid
ATP7B,NP_000044.2,335,E,Lemur catta,XP_045423253.1,3,H,P,different,0,ATP7B:335,valid
ATP7B,NP_000044.2,335,E,Lemur catta,XP_045423253.1,4,R,G,different,0,ATP7B:335,valid
ATP7B,NP_000044.2,335,E,Lemur catta,XP_045423253.1,5,S,S,match,5,ATP7B:335,valid
ATP7B,NP_000044.2,335,E,Lemur catta,XP_045423253.1,6,S,S,match,5,ATP7B:335,valid
ATP7B,NP_000044.2,335,E,Lemur catta,XP_045423253.1,7,S,N,different,0,ATP7B:335,valid
ATP7B,NP_000044.2,335,E,Lemur catta,XP_045423253.1,8,S,C,different,0,ATP7B:335,valid
ATP7B,NP_000044.2,335,E,Lemur catta,XP_045423253.1,9,H,L,different,0,ATP7B:335,valid
ATP7B,NP_000044.2,335,E,Lemur catta,XP_045423253.1,10,S,S,match,5,ATP7B:335,valid
BCKDHA,NP_000700.1,438,H,Macaca thibetana thibetana,XP_050624431.1,-10,A,A,match,5,BCKDHA:438,invalid
BCKDHA,NP_000700.1,438,H,Macaca thibetana thibetana,XP_050624431.1,-9,R,G,different,0,BCKDHA:438,invalid
BCKDHA,NP_000700.1,438,H,Macaca thibetana thibetana,XP_050624431.1,-8,H,Q,different,0,BCKDHA:438,invalid
BCKDHA,NP_000700.1,438,H,Macaca thibetana thibetana,XP_050624431.1,-7,L,V,different,0,BCKDHA:438,invalid
BCKDHA,NP_000700.1,438,H,Macaca thibetana thibetana,XP_050624431.1,-6,Q,A,different,0,BCKDHA:438,invalid
BCKDHA,NP_000700.1,438,H,Macaca thibetana thibetana,XP_050624431.1,-5,T,A,different,0,BCKDHA:438,invalid
BCKDHA,NP_000700.1,438,H,Macaca thibetana thibetana,XP_050624431.1,-4,Y,A,different,0,BCKDHA:438,invalid
BCKDHA,NP_000700.1,438,H,Macaca thibetana thibetana,XP_050624431.1,-3,G,N,different,0,BCKDHA:438,invalid
BCKDHA,NP_000700.1,438,H,Macaca thibetana thibetana,XP_050624431.1,-2,E,K,different,0,BCKDHA:438,invalid
BCKDHA,NP_000700.1,438,H,Macaca thibetana thibetana,XP_050624431.1,-1,H,K,different,0,BCKDHA:438,invalid
BCKDHA,NP_000700.1,438,H,Macaca thibetana thibetana,XP_050624431.1,1,P,-,gap,-5,BCKDHA:438,invalid
BCKDHA,NP_000700.1,438,H,Macaca thibetana thibetana,XP_050624431.1,2,L,-,gap,-5,BCKDHA:438,invalid
BCKDHA,NP_000700.1,438,H,Macaca thibetana thibetana,XP_050624431.1,3,D,-,gap,-5,BCKDHA:438,invalid
BCKDHA,NP_000700.1,438,H,Macaca thibetana thibetana,XP_050624431.1,4,H,-,gap,-5,BCKDHA:438,invalid
BCKDHA,NP_000700.1,438,H,Macaca thibetana thibetana,XP_050624431.1,5,F,-,gap,-5,BCKDHA:438,invalid
BCKDHA,NP_000700.1,438,H,Macaca thibetana thibetana,XP_050624431.1,6,D,-,gap,-5,BCKDHA:438,invalid
BCKDHA,NP_000700.1,438,H,Macaca thibetana thibetana,XP_050624431.1,7,K,-,gap,-5,BCKDHA:438,invalid
BEST1,NP_004174.1,15,D,Pan troglodytes,XP_054518318.1,-10,Y,S,different,0,BEST1:15,invalid
BEST1,NP_004174.1,15,D,Pan troglodytes,XP_054518318.1,-9,T,F,different,0,BEST1:15,invalid
BEST1,NP_004174.1,15,D,Pan troglodytes,XP_054518318.1,-8,S,G,different,0,BEST1:15,invalid
BEST1,NP_004174.1,15,D,Pan troglodytes,XP_054518318.1,-7,Q,P,different,0,BEST1:15,invalid
BEST1,NP_004174.1,15,D,Pan troglodytes,XP_054518318.1,-6,V,P,different,0,BEST1:15,invalid
BEST1,NP_004174.1,15,D,Pan troglodytes,XP_054518318.1,-5,A,F,different,0,BEST1:15,invalid
BEST1,NP_004174.1,15,D,Pan troglodytes,XP_054518318.1,-4,N,N,match,5,BEST1:15,invalid
BEST1,NP_004174.1,15,D,Pan troglodytes,XP_054518318.1,-3,A,P,different,0,BEST1:15,invalid
BEST1,NP_004174.1,15,D,Pan troglodytes,XP_054518318.1,-2,R,K,different,0,BEST1:15,invalid
BEST1,NP_004174.1,15,D,Pan troglodytes,XP_054518318.1,-1,L,R,different,0,BEST1:15,invalid
BEST1,NP_004174.1,15,D,Pan troglodytes,XP_054518318.1,1,S,H,different,0,BEST1:15,invalid
BEST1,NP_004174.1,15,D,Pan troglodytes,XP_054518318.1,2,F,Y,different,0,BEST1:15,invalid
BEST1,NP_004174.1,15,D,Pan troglodytes,XP_054518318.1,3,S,P,different,0,BEST1:15,invalid
BEST1,NP_004174.1,15,D,Pan troglodytes,XP_054518318.1,4,R,S,different,0,BEST1:15,invalid
BEST1,NP_004174.1,15,D,Pan troglodytes,XP_054518318.1,5,L,-,gap,-5,BEST1:15,invalid
BEST1,NP_004174.1,15,D,Pan troglodytes,XP_054518318.1,6,L,-,gap,-5,BEST1:15,invalid
BEST1,NP_004174.1,15,D,Pan troglodytes,XP_054518318.1,7,L,-,gap,-5,BEST1:15,invalid
BEST1,NP_004174.1,15,D,Pan troglodytes,XP_054518318.1,8,C,-,gap,-5,BEST1:15,invalid
BEST1,NP_004174.1,15,D,Pan troglodytes,XP_054518318.1,9,W,-,gap,-5,BEST1:15,invalid
BEST1,NP_004174.1,15,D,Pan troglodytes,XP_054518318.1,10,R,-,gap,-5,BEST1:15,invalid
BEST1,NP_004174.1,17,Y,Pan troglodytes,XP_054518318.1,-10,S,G,different,0,BEST1:17,invalid
BEST1,NP_004174.1,17,Y,Pan troglodytes,XP_054518318.1,-9,Q,P,different,0,BEST1:17,invalid
BEST1,NP_004174.1,17,Y,Pan troglodytes,XP_054518318.1,-8,V,P,different,0,BEST1:17,invalid
BEST1,NP_004174.1,17,Y,Pan troglodytes,XP_054518318.1,-7,A,F,different,0,BEST1:17,invalid
BEST1,NP_004174.1,17,Y,Pan troglodytes,XP_054518318.1,-6,N,N,match,5,BEST1:17,invalid
BEST1,NP_004174.1,17,Y,Pan troglodytes,XP_054518318.1,-5,A,P,different,0,BEST1:17,invalid
BEST1,NP_004174.1,17,Y,Pan troglodytes,XP_054518318.1,-4,R,K,different,0,BEST1:17,invalid
BEST1,NP_004174.1,17,Y,Pan troglodytes,XP_054518318.1,-3,L,R,different,0,BEST1:17,invalid
BEST1,NP_004174.1,17,Y,Pan troglodytes,XP_054518318.1,-2,G,D,different,0,BEST1:17,invalid
BEST1,NP_004174.1,17,Y,Pan troglodytes,XP_054518318.1,-1,S,H,different,0,BEST1:17,invalid
BEST1,NP_004174.1,17,Y,Pan troglodytes,XP_054518318.1,1,S,P,different,0,BEST1:17,invalid
BEST1,NP_004174.1,17,Y,Pan troglodytes,XP_054518318.1,2,R,S,different,0,BEST1:17,invalid
BEST1,NP_004174.1,17,Y,Pan troglodytes,XP_054518318.1,3,L,-,gap,-5,BEST1:17,invalid
BEST1,NP_004174.1,17,Y,Pan troglodytes,XP_054518318.1,4,L,-,gap,-5,BEST1:17,invalid
BEST1,NP_004174.1,17,Y,Pan troglodytes,XP_054518318.1,5,L,-,gap,-5,BEST1:17,invalid
BEST1,NP_004174.1,17,Y,Pan troglodytes,XP_054518318.1,6,C,-,gap,-5,BEST1:17,invalid
BEST1,NP_004174.1,17,Y,Pan troglodytes,XP_054518318.1,7,W,-,gap,-5,BEST1:17,invalid
BEST1,NP_004174.1,17,Y,Pan troglodytes,XP_054518318.1,8,R,-,gap,-5,BEST1:17,invalid
BEST1,NP_004174.1,17,Y,Pan troglodytes,XP_054518318.1,9,G,-,gap,-5,BEST1:17,invalid
BEST1,NP_004174.1,17,Y,Pan troglodytes,XP_054518318.1,10,S,-,gap,-5,BEST1:17,invalid
BTD,NP_001268652.2,489,S,Carlito syrichta,XP_021563154.1,-10,F,F,match,5,BTD:489,valid
BTD,NP_001268652.2,489,S,Carlito syrichta,XP_021563154.1,-9,L,T,different,0,BTD:489,valid
BTD,NP_001268652.2,489,S,Carlito syrichta,XP_021563154.1,-8,T,V,different,0,BTD:489,valid
BTD,NP_001268652.2,489,S,Carlito syrichta,XP_021563154.1,-7,S,T,different,0,BTD:489,valid
BTD,NP_001268652.2,489,S,Carlito syrichta,XP_021563154.1,-6,G,Q,different,0,BTD:489,valid
BTD,NP_001268652.2,489,S,Carlito syrichta,XP_021563154.1,-5,M,R,different,0,BTD:489,valid
BTD,NP_001268652.2,489,S,Carlito syrichta,XP_021563154.1,-4,T,P,different,0,BTD:489,valid
BTD,NP_001268652.2,489,S,Carlito syrichta,XP_021563154.1,-3,L,G,different,0,BTD:489,valid
BTD,NP_001268652.2,489,S,Carlito syrichta,XP_021563154.1,-2,E,Q,different,0,BTD:489,valid
BTD,NP_001268652.2,489,S,Carlito syrichta,XP_021563154.1,-1,V,A,different,0,BTD:489,valid
BTD,NP_001268652.2,489,S,Carlito syrichta,XP_021563154.1,1,D,A,different,0,BTD:489,valid
BTD,NP_001268652.2,489,S,Carlito syrichta,XP_021563154.1,2,Q,V,different,0,BTD:489,valid
BTD,NP_001268652.2,489,S,Carlito syrichta,XP_021563154.1,3,L,V,different,0,BTD:489,valid
BTD,NP_001268652.2,489,S,Carlito syrichta,XP_021563154.1,4,G,G,match,5,BTD:489,valid
BTD,NP_001268652.2,489,S,Carlito syrichta,XP_021563154.1,5,W,F,different,0,BTD:489,valid
BTD,NP_001268652.2,489,S,Carlito syrichta,XP_021563154.1,6,E,E,match,5,BTD:489,valid
BTD,NP_001268652.2,489,S,Carlito syrichta,XP_021563154.1,7,N,P,different,0,BTD:489,valid
BTD,NP_001268652.2,489,S,Carlito syrichta,XP_021563154.1,8,D,G,different,0,BTD:489,valid
BTD,NP_001268652.2,489,S,Carlito syrichta,XP_021563154.1,9,H,H,match,5,BTD:489,valid
BTD,NP_001268652.2,489,S,Carlito syrichta,XP_021563154.1,10,Y,V,different,0,BTD:489,valid
BTD,NP_001268652.2,282,R,Carlito syrichta,XP_021563154.1,-10,F,L,different,0,BTD:282,valid
BTD,NP_001268652.2,282,R,Carlito syrichta,XP_021563154.1,-9,G,G,match,5,BTD:282,valid
BTD,NP_001268652.2,282,R,Carlito syrichta,XP_021563154.1,-8,I,V,different,0,BTD:282,valid
BTD,NP_001268652.2,282,R,Carlito syrichta,XP_021563154.1,-7,N,N,match,5,BTD:282,valid
BTD,NP_001268652.2,282,R,Carlito syrichta,XP_021563154.1,-6,V,V,match,5,BTD:282,valid
BTD,NP_001268652.2,282,R,Carlito syrichta,XP_021563154.1,-5,L,L,match,5,BTD:282,valid
BTD,NP_001268652.2,282,R,Carlito syrichta,XP_021563154.1,-4,A,A,match,5,BTD:282,valid
BTD,NP_001268652.2,282,R,Carlito syrichta,XP_021563154.1,-3,A,A,match,5,BTD:282,valid
BTD,NP_001268652.2,282,R,Carlito syrichta,XP_021563154.1,-2,N,N,match,5,BTD:282,valid
BTD,NP_001268652.2,282,R,Carlito syrichta,XP_021563154.1,-1,V,I,different,0,BTD:282,valid
BTD,NP_001268652.2,282,R,Carlito syrichta,XP_021563154.1,1,H,H,match,5,BTD:282,valid
BTD,NP_001268652.2,282,R,Carlito syrichta,XP_021563154.1,2,P,P,match,5,BTD:282,valid
BTD,NP_001268652.2,282,R,Carlito syrichta,XP_021563154.1,3,V,A,different,0,BTD:282,valid
BTD,NP_001268652.2,282,R,Carlito syrichta,XP_021563154.1,4,L,L,match,5,BTD:282,valid
BTD,NP_001268652.2,282,R,Carlito syrichta,XP_021563154.1,5,G,G,match,5,BTD:282,valid
BTD,NP_001268652.2,282,R,Carlito syrichta,XP_021563154.1,6,M,M,match,5,BTD:282,valid
BTD,NP_001268652.2,282,R,Carlito syrichta,XP_021563154.1,7,T,T,match,5,BTD:282,valid
BTD,NP_001268652.2,282,R,Carlito syrichta,XP_021563154.1,8,G,G,match,5,BTD:282,valid
BTD,NP_001268652.2,282,R,Carlito syrichta,XP_021563154.1,9,S,S,match,5,BTD:282,valid
BTD,NP_001268652.2,282,R,Carlito syrichta,XP_021563154.1,10,G,G,match,5,BTD:282,valid
CBS,NP_000062.1,65,L,Cercocebus atys,XP_011892990.1,-10,Q,P,different,0,CBS:65,invalid
CBS,NP_000062.1,65,L,Cercocebus atys,XP_011892990.1,-9,L,L,match,5,CBS:65,invalid
CBS,NP_000062.1,65,L,Cercocebus atys,XP_011892990.1,-8,G,H,different,0,CBS:65,invalid
CBS,NP_000062.1,65,L,Cercocebus atys,XP_011892990.1,-7,R,R,match,5,CBS:65,invalid
CBS,NP_000062.1,65,L,Cercocebus atys,XP_011892990.1,-6,P,G,different,0,CBS:65,invalid
CBS,NP_000062.1,65,L,Cercocebus atys,XP_011892990.1,-5,A,L,different,0,CBS:65,invalid
CBS,NP_000062.1,65,L,Cercocebus atys,XP_011892990.1,-4,S,S,match,5,CBS:65,invalid
CBS,NP_000062.1,65,L,Cercocebus atys,XP_011892990.1,-3,E,Q,different,0,CBS:65,invalid
CBS,NP_000062.1,65,L,Cercocebus atys,XP_011892990.1,-2,S,G,different,0,CBS:65,invalid
CBS,NP_000062.1,65,L,Cercocebus atys,XP_011892990.1,-1,P,I,different,0,CBS:65,invalid
CBS,NP_000062.1,65,L,Cercocebus atys,XP_011892990.1,1,H,H,match,5,CBS:65,invalid
CBS,NP_000062.1,65,L,Cercocebus atys,XP_011892990.1,2,H,R,different,0,CBS:65,invalid
CBS,NP_000062.1,65,L,Cercocebus atys,XP_011892990.1,3,T,H,different,0,CBS:65,invalid
CBS,NP_000062.1,65,L,Cercocebus atys,XP_011892990.1,4,A,L,different,0,CBS:65,invalid
CBS,NP_000062.1,65,L,Cercocebus atys,XP_011892990.1,5,P,A,different,0,CBS:65,invalid
CBS,NP_000062.1,65,L,Cercocebus atys,XP_011892990.1,6,A,A,match,5,CBS:65,invalid
CBS,NP_000062.1,65,L,Cercocebus atys,XP_011892990.1,7,K,A,different,0,CBS:65,invalid
CBS,NP_000062.1,65,L,Cercocebus atys,XP_011892990.1,8,S,A,different,0,CBS:65,invalid
CBS,NP_000062.1,65,L,Cercocebus atys,XP_011892990.1,9,P,P,match,5,CBS:65,invalid
CBS,NP_000062.1,65,L,Cercocebus atys,XP_011892990.1,10,K,N,different,0,CBS:65,invalid
CFTR,NP_000483.3,13,F,Otolemur garnettii,XP_003789873.1,-10,-,-,gap,-5,CFTR:13,valid
CFTR,NP_000483.3,13,F,Otolemur garnettii,XP_003789873.1,-9,-,-,gap,-5,CFTR:13,valid
CFTR,NP_000483.3,13,F,Otolemur garnettii,XP_003789873.1,-8,-,-,gap,-5,CFTR:13,valid
CFTR,NP_000483.3,13,F,Otolemur garnettii,XP_003789873.1,-7,-,-,gap,-5,CFTR:13,valid
CFTR,NP_000483.3,13,F,Otolemur garnettii,XP_003789873.1,-6,-,-,gap,-5,CFTR:13,valid
CFTR,NP_000483.3,13,F,Otolemur garnettii,XP_003789873.1,-5,-,-,gap,-5,CFTR:13,valid
CFTR,NP_000483.3,13,F,Otolemur garnettii,XP_003789873.1,-4,-,-,gap,-5,CFTR:13,valid
CFTR,NP_000483.3,13,F,Otolemur garnettii,XP_003789873.1,-3,S,N,different,0,CFTR:13,valid
CFTR,NP_000483.3,13,F,Otolemur garnettii,XP_003789873.1,-2,V,L,different,0,CFTR:13,valid
CFTR,NP_000483.3,13,F,Otolemur garnettii,XP_003789873.1,-1,V,L,different,0,CFTR:13,valid
CFTR,NP_000483.3,13,F,Otolemur garnettii,XP_003789873.1,1,K,F,different,0,CFTR:13,valid
CFTR,NP_000483.3,13,F,Otolemur garnettii,XP_003789873.1,2,L,L,match,5,CFTR:13,valid
CFTR,NP_000483.3,13,F,Otolemur garnettii,XP_003789873.1,3,-,-,gap,-5,CFTR:13,valid
CFTR,NP_000483.3,13,F,Otolemur garnettii,XP_003789873.1,4,-,-,gap,-5,CFTR:13,valid
CFTR,NP_000483.3,13,F,Otolemur garnettii,XP_003789873.1,5,-,-,gap,-5,CFTR:13,valid
CFTR,NP_000483.3,13,F,Otolemur garnettii,XP_003789873.1,6,-,-,gap,-5,CFTR:13,valid
CFTR,NP_000483.3,13,F,Otolemur garnettii,XP_003789873.1,7,-,-,gap,-5,CFTR:13,valid
CFTR,NP_000483.3,13,F,Otolemur garnettii,XP_003789873.1,8,-,-,gap,-5,CFTR:13,valid
CFTR,NP_000483.3,13,F,Otolemur garnettii,XP_003789873.1,9,-,-,gap,-5,CFTR:13,valid
CFTR,NP_000483.3,13,F,Otolemur garnettii,XP_003789873.1,10,-,-,gap,-5,CFTR:13,valid
CFTR,NP_000483.3,1,R,Theropithecus gelada,XP_086586259.1,-10,-,P,gap,-5,CFTR:1,invalid
CFTR,NP_000483.3,1,R,Theropithecus gelada,XP_086586259.1,-9,-,A,gap,-5,CFTR:1,invalid
CFTR,NP_000483.3,1,R,Theropithecus gelada,XP_086586259.1,-8,-,G,gap,-5,CFTR:1,invalid
CFTR,NP_000483.3,1,R,Theropithecus gelada,XP_086586259.1,-7,-,W,gap,-5,CFTR:1,invalid
CFTR,NP_000483.3,1,R,Theropithecus gelada,XP_086586259.1,-6,-,A,gap,-5,CFTR:1,invalid
CFTR,NP_000483.3,1,R,Theropithecus gelada,XP_086586259.1,-5,-,W,gap,-5,CFTR:1,invalid
CFTR,NP_000483.3,1,R,Theropithecus gelada,XP_086586259.1,-4,-,C,gap,-5,CFTR:1,invalid
CFTR,NP_000483.3,1,R,Theropithecus gelada,XP_086586259.1,-3,-,W,gap,-5,CFTR:1,invalid
CFTR,NP_000483.3,1,R,Theropithecus gelada,XP_086586259.1,-2,-,A,gap,-5,CFTR:1,invalid
CFTR,NP_000483.3,1,R,Theropithecus gelada,XP_086586259.1,-1,-,V,gap,-5,CFTR:1,invalid
CFTR,NP_000483.3,1,R,Theropithecus gelada,XP_086586259.1,1,Q,T,different,0,CFTR:1,invalid
CFTR,NP_000483.3,1,R,Theropithecus gelada,XP_086586259.1,2,R,R,match,5,CFTR:1,invalid
CFTR,NP_000483.3,1,R,Theropithecus gelada,XP_086586259.1,3,S,T,different,0,CFTR:1,invalid
CFTR,NP_000483.3,1,R,Theropithecus gelada,XP_086586259.1,4,P,W,different,0,CFTR:1,invalid
CFTR,NP_000483.3,1,R,Theropithecus gelada,XP_086586259.1,5,L,K,different,0,CFTR:1,invalid
CFTR,NP_000483.3,1,R,Theropithecus gelada,XP_086586259.1,6,E,E,match,5,CFTR:1,invalid
CFTR,NP_000483.3,1,R,Theropithecus gelada,XP_086586259.1,7,K,R,different,0,CFTR:1,invalid
CFTR,NP_000483.3,1,R,Theropithecus gelada,XP_086586259.1,8,A,A,match,5,CFTR:1,invalid
CFTR,NP_000483.3,1,R,Theropithecus gelada,XP_086586259.1,9,-,R,gap,-5,CFTR:1,invalid
CFTR,NP_000483.3,1,R,Theropithecus gelada,XP_086586259.1,10,-,G,gap,-5,CFTR:1,invalid
CLN3,NP_000077.1,295,K,Pan paniscus,XP_063453494.1,-10,I,I,match,5,CLN3:295,valid
CLN3,NP_000077.1,295,K,Pan paniscus,XP_063453494.1,-9,V,V,match,5,CLN3:295,valid
CLN3,NP_000077.1,295,K,Pan paniscus,XP_063453494.1,-8,P,P,match,5,CLN3:295,valid
CLN3,NP_000077.1,295,K,Pan paniscus,XP_063453494.1,-7,L,L,match,5,CLN3:295,valid
CLN3,NP_000077.1,295,K,Pan paniscus,XP_063453494.1,-6,V,V,match,5,CLN3:295,valid
CLN3,NP_000077.1,295,K,Pan paniscus,XP_063453494.1,-5,V,V,match,5,CLN3:295,valid
CLN3,NP_000077.1,295,K,Pan paniscus,XP_063453494.1,-4,V,V,match,5,CLN3:295,valid
CLN3,NP_000077.1,295,K,Pan paniscus,XP_063453494.1,-3,Y,Y,match,5,CLN3:295,valid
CLN3,NP_000077.1,295,K,Pan paniscus,XP_063453494.1,-2,F,F,match,5,CLN3:295,valid
CLN3,NP_000077.1,295,K,Pan paniscus,XP_063453494.1,-1,A,T,different,0,CLN3:295,valid
CLN3,NP_000077.1,295,K,Pan paniscus,XP_063453494.1,1,Y,Y,match,5,CLN3:295,valid
CLN3,NP_000077.1,295,K,Pan paniscus,XP_063453494.1,2,F,F,match,5,CLN3:295,valid
CLN3,NP_000077.1,295,K,Pan paniscus,XP_063453494.1,3,I,I,match,5,CLN3:295,valid
CLN3,NP_000077.1,295,K,Pan paniscus,XP_063453494.1,4,N,N,match,5,CLN3:295,valid
CLN3,NP_000077.1,295,K,Pan paniscus,XP_063453494.1,5,Q,Q,match,5,CLN3:295,valid
CLN3,NP_000077.1,295,K,Pan paniscus,XP_063453494.1,6,G,G,match,5,CLN3:295,valid
CLN3,NP_000077.1,295,K,Pan paniscus,XP_063453494.1,7,L,L,match,5,CLN3:295,valid
CLN3,NP_000077.1,295,K,Pan paniscus,XP_063453494.1,8,F,F,match,5,CLN3:295,valid
CLN3,NP_000077.1,295,K,Pan paniscus,XP_063453494.1,9,E,E,match,5,CLN3:295,valid
CLN3,NP_000077.1,295,K,Pan paniscus,XP_063453494.1,10,L,L,match,5,CLN3:295,valid
CNGB3,NP_061971.3,309,L,Propithecus coquereli,XP_012499049.1,-10,F,F,match,5,CNGB3:309,invalid
CNGB3,NP_061971.3,309,L,Propithecus coquereli,XP_012499049.1,-9,Q,Q,match,5,CNGB3:309,invalid
CNGB3,NP_061971.3,309,L,Propithecus coquereli,XP_012499049.1,-8,L,V,different,0,CNGB3:309,invalid
CNGB3,NP_061971.3,309,L,Propithecus coquereli,XP_012499049.1,-7,D,D,match,5,CNGB3:309,invalid
CNGB3,NP_061971.3,309,L,Propithecus coquereli,XP_012499049.1,-6,V,V,match,5,CNGB3:309,invalid
CNGB3,NP_061971.3,309,L,Propithecus coquereli,XP_012499049.1,-5,A,S,different,0,CNGB3:309,invalid
CNGB3,NP_061971.3,309,L,Propithecus coquereli,XP_012499049.1,-4,S,K,different,0,CNGB3:309,invalid
CNGB3,NP_061971.3,309,L,Propithecus coquereli,XP_012499049.1,-3,I,T,different,0,CNGB3:309,invalid
CNGB3,NP_061971.3,309,L,Propithecus coquereli,XP_012499049.1,-2,-,N,gap,-5,CNGB3:309,invalid
CNGB3,NP_061971.3,309,L,Propithecus coquereli,XP_012499049.1,-1,I,I,match,5,CNGB3:309,invalid
CNGB3,NP_061971.3,309,L,Propithecus coquereli,XP_012499049.1,1,F,L,different,0,CNGB3:309,invalid
CNGB3,NP_061971.3,309,L,Propithecus coquereli,XP_012499049.1,2,D,D,match,5,CNGB3:309,invalid
CNGB3,NP_061971.3,309,L,Propithecus coquereli,XP_012499049.1,3,I,F,different,0,CNGB3:309,invalid
CNGB3,NP_061971.3,309,L,Propithecus coquereli,XP_012499049.1,4,C,F,different,0,CNGB3:309,invalid
CNGB3,NP_061971.3,309,L,Propithecus coquereli,XP_012499049.1,5,Y,C,different,0,CNGB3:309,invalid
CNGB3,NP_061971.3,309,L,Propithecus coquereli,XP_012499049.1,6,L,L,match,5,CNGB3:309,invalid
CNGB3,NP_061971.3,309,L,Propithecus coquereli,XP_012499049.1,7,F,F,match,5,CNGB3:309,invalid
CNGB3,NP_061971.3,309,L,Propithecus coquereli,XP_012499049.1,8,F,S,different,0,CNGB3:309,invalid
CNGB3,NP_061971.3,309,L,Propithecus coquereli,XP_012499049.1,9,G,T,different,0,CNGB3:309,invalid
CNGB3,NP_061971.3,309,L,Propithecus coquereli,XP_012499049.1,10,F,X,different,0,CNGB3:309,invalid
CNGB3,NP_061971.3,296,S,Carlito syrichta,XP_008053089.1,-10,D,D,match,5,CNGB3:296,valid
CNGB3,NP_061971.3,296,S,Carlito syrichta,XP_008053089.1,-9,S,S,match,5,CNGB3:296,valid
CNGB3,NP_061971.3,296,S,Carlito syrichta,XP_008053089.1,-8,N,N,match,5,CNGB3:296,valid
CNGB3,NP_061971.3,296,S,Carlito syrichta,XP_008053089.1,-7,E,E,match,5,CNGB3:296,valid
CNGB3,NP_061971.3,296,S,Carlito syrichta,XP_008053089.1,-6,L,L,match,5,CNGB3:296,valid
CNGB3,NP_061971.3,296,S,Carlito syrichta,XP_008053089.1,-5,R,K,different,0,CNGB3:296,valid
CNGB3,NP_061971.3,296,S,Carlito syrichta,XP_008053089.1,-4,K,K,match,5,CNGB3:296,valid
CNGB3,NP_061971.3,296,S,Carlito syrichta,XP_008053089.1,-3,H,H,match,5,CNGB3:296,valid
CNGB3,NP_061971.3,296,S,Carlito syrichta,XP_008053089.1,-2,Y,Y,match,5,CNGB3:296,valid
CNGB3,NP_061971.3,296,S,Carlito syrichta,XP_008053089.1,-1,R,K,different,0,CNGB3:296,valid
CNGB3,NP_061971.3,296,S,Carlito syrichta,XP_008053089.1,1,S,S,match,5,CNGB3:296,valid
CNGB3,NP_061971.3,296,S,Carlito syrichta,XP_008053089.1,2,T,T,match,5,CNGB3:296,valid
CNGB3,NP_061971.3,296,S,Carlito syrichta,XP_008053089.1,3,K,K,match,5,CNGB3:296,valid
CNGB3,NP_061971.3,296,S,Carlito syrichta,XP_008053089.1,4,F,F,match,5,CNGB3:296,valid
CNGB3,NP_061971.3,296,S,Carlito syrichta,XP_008053089.1,5,Q,Q,match,5,CNGB3:296,valid
CNGB3,NP_061971.3,296,S,Carlito syrichta,XP_008053089.1,6,L,L,match,5,CNGB3:296,valid
CNGB3,NP_061971.3,296,S,Carlito syrichta,XP_008053089.1,7,D,D,match,5,CNGB3:296,valid
CNGB3,NP_061971.3,296,S,Carlito syrichta,XP_008053089.1,8,V,V,match,5,CNGB3:296,valid
CNGB3,NP_061971.3,296,S,Carlito syrichta,XP_008053089.1,9,A,A,match,5,CNGB3:296,valid
CNGB3,NP_061971.3,296,S,Carlito syrichta,XP_008053089.1,10,S,S,match,5,CNGB3:296,valid
CNGB3,NP_061971.3,296,S,Aotus nancymaae,XP_012326453.2,-10,D,D,match,5,CNGB3:296,valid
CNGB3,NP_061971.3,296,S,Aotus nancymaae,XP_012326453.2,-9,S,S,match,5,CNGB3:296,valid
CNGB3,NP_061971.3,296,S,Aotus nancymaae,XP_012326453.2,-8,N,N,match,5,CNGB3:296,valid
CNGB3,NP_061971.3,296,S,Aotus nancymaae,XP_012326453.2,-7,E,E,match,5,CNGB3:296,valid
CNGB3,NP_061971.3,296,S,Aotus nancymaae,XP_012326453.2,-6,L,L,match,5,CNGB3:296,valid
CNGB3,NP_061971.3,296,S,Aotus nancymaae,XP_012326453.2,-5,R,R,match,5,CNGB3:296,valid
CNGB3,NP_061971.3,296,S,Aotus nancymaae,XP_012326453.2,-4,K,K,match,5,CNGB3:296,valid
CNGB3,NP_061971.3,296,S,Aotus nancymaae,XP_012326453.2,-3,H,H,match,5,CNGB3:296,valid
CNGB3,NP_061971.3,296,S,Aotus nancymaae,XP_012326453.2,-2,Y,Y,match,5,CNGB3:296,valid
CNGB3,NP_061971.3,296,S,Aotus nancymaae,XP_012326453.2,-1,R,R,match,5,CNGB3:296,valid
CNGB3,NP_061971.3,296,S,Aotus nancymaae,XP_012326453.2,1,S,S,match,5,CNGB3:296,valid
CNGB3,NP_061971.3,296,S,Aotus nancymaae,XP_012326453.2,2,T,T,match,5,CNGB3:296,valid
CNGB3,NP_061971.3,296,S,Aotus nancymaae,XP_012326453.2,3,K,K,match,5,CNGB3:296,valid
CNGB3,NP_061971.3,296,S,Aotus nancymaae,XP_012326453.2,4,F,F,match,5,CNGB3:296,valid
CNGB3,NP_061971.3,296,S,Aotus nancymaae,XP_012326453.2,5,Q,Q,match,5,CNGB3:296,valid
CNGB3,NP_061971.3,296,S,Aotus nancymaae,XP_012326453.2,6,L,L,match,5,CNGB3:296,valid
CNGB3,NP_061971.3,296,S,Aotus nancymaae,XP_012326453.2,7,D,D,match,5,CNGB3:296,valid
CNGB3,NP_061971.3,296,S,Aotus nancymaae,XP_012326453.2,8,V,V,match,5,CNGB3:296,valid
CNGB3,NP_061971.3,296,S,Aotus nancymaae,XP_012326453.2,9,A,A,match,5,CNGB3:296,valid
CNGB3,NP_061971.3,296,S,Aotus nancymaae,XP_012326453.2,10,S,S,match,5,CNGB3:296,valid
CNGB3,NP_061971.3,296,S,Saimiri boliviensis,XP_003940551.1,-10,D,D,match,5,CNGB3:296,valid
CNGB3,NP_061971.3,296,S,Saimiri boliviensis,XP_003940551.1,-9,S,S,match,5,CNGB3:296,valid
CNGB3,NP_061971.3,296,S,Saimiri boliviensis,XP_003940551.1,-8,N,N,match,5,CNGB3:296,valid
CNGB3,NP_061971.3,296,S,Saimiri boliviensis,XP_003940551.1,-7,E,E,match,5,CNGB3:296,valid
CNGB3,NP_061971.3,296,S,Saimiri boliviensis,XP_003940551.1,-6,L,L,match,5,CNGB3:296,valid
CNGB3,NP_061971.3,296,S,Saimiri boliviensis,XP_003940551.1,-5,R,R,match,5,CNGB3:296,valid
CNGB3,NP_061971.3,296,S,Saimiri boliviensis,XP_003940551.1,-4,K,K,match,5,CNGB3:296,valid
CNGB3,NP_061971.3,296,S,Saimiri boliviensis,XP_003940551.1,-3,H,H,match,5,CNGB3:296,valid
CNGB3,NP_061971.3,296,S,Saimiri boliviensis,XP_003940551.1,-2,Y,Y,match,5,CNGB3:296,valid
CNGB3,NP_061971.3,296,S,Saimiri boliviensis,XP_003940551.1,-1,R,R,match,5,CNGB3:296,valid
CNGB3,NP_061971.3,296,S,Saimiri boliviensis,XP_003940551.1,1,S,S,match,5,CNGB3:296,valid
CNGB3,NP_061971.3,296,S,Saimiri boliviensis,XP_003940551.1,2,T,T,match,5,CNGB3:296,valid
CNGB3,NP_061971.3,296,S,Saimiri boliviensis,XP_003940551.1,3,K,K,match,5,CNGB3:296,valid
CNGB3,NP_061971.3,296,S,Saimiri boliviensis,XP_003940551.1,4,F,F,match,5,CNGB3:296,valid
CNGB3,NP_061971.3,296,S,Saimiri boliviensis,XP_003940551.1,5,Q,Q,match,5,CNGB3:296,valid
CNGB3,NP_061971.3,296,S,Saimiri boliviensis,XP_003940551.1,6,L,L,match,5,CNGB3:296,valid
CNGB3,NP_061971.3,296,S,Saimiri boliviensis,XP_003940551.1,7,D,D,match,5,CNGB3:296,valid
CNGB3,NP_061971.3,296,S,Saimiri boliviensis,XP_003940551.1,8,V,V,match,5,CNGB3:296,valid
CNGB3,NP_061971.3,296,S,Saimiri boliviensis,XP_003940551.1,9,A,A,match,5,CNGB3:296,valid
CNGB3,NP_061971.3,296,S,Saimiri boliviensis,XP_003940551.1,10,S,S,match,5,CNGB3:296,valid
CNGB3,NP_061971.3,296,S,Callithrix jacchus,XP_002759095.4,-10,D,D,match,5,CNGB3:296,valid
CNGB3,NP_061971.3,296,S,Callithrix jacchus,XP_002759095.4,-9,S,S,match,5,CNGB3:296,valid
CNGB3,NP_061971.3,296,S,Callithrix jacchus,XP_002759095.4,-8,N,N,match,5,CNGB3:296,valid
CNGB3,NP_061971.3,296,S,Callithrix jacchus,XP_002759095.4,-7,E,E,match,5,CNGB3:296,valid
CNGB3,NP_061971.3,296,S,Callithrix jacchus,XP_002759095.4,-6,L,L,match,5,CNGB3:296,valid
CNGB3,NP_061971.3,296,S,Callithrix jacchus,XP_002759095.4,-5,R,R,match,5,CNGB3:296,valid
CNGB3,NP_061971.3,296,S,Callithrix jacchus,XP_002759095.4,-4,K,K,match,5,CNGB3:296,valid
CNGB3,NP_061971.3,296,S,Callithrix jacchus,XP_002759095.4,-3,H,H,match,5,CNGB3:296,valid
CNGB3,NP_061971.3,296,S,Callithrix jacchus,XP_002759095.4,-2,Y,Y,match,5,CNGB3:296,valid
CNGB3,NP_061971.3,296,S,Callithrix jacchus,XP_002759095.4,-1,R,R,match,5,CNGB3:296,valid
CNGB3,NP_061971.3,296,S,Callithrix jacchus,XP_002759095.4,1,S,S,match,5,CNGB3:296,valid
CNGB3,NP_061971.3,296,S,Callithrix jacchus,XP_002759095.4,2,T,T,match,5,CNGB3:296,valid
CNGB3,NP_061971.3,296,S,Callithrix jacchus,XP_002759095.4,3,K,K,match,5,CNGB3:296,valid
CNGB3,NP_061971.3,296,S,Callithrix jacchus,XP_002759095.4,4,F,F,match,5,CNGB3:296,valid
CNGB3,NP_061971.3,296,S,Callithrix jacchus,XP_002759095.4,5,Q,Q,match,5,CNGB3:296,valid
CNGB3,NP_061971.3,296,S,Callithrix jacchus,XP_002759095.4,6,L,L,match,5,CNGB3:296,valid
CNGB3,NP_061971.3,296,S,Callithrix jacchus,XP_002759095.4,7,D,D,match,5,CNGB3:296,valid
CNGB3,NP_061971.3,296,S,Callithrix jacchus,XP_002759095.4,8,V,V,match,5,CNGB3:296,valid
CNGB3,NP_061971.3,296,S,Callithrix jacchus,XP_002759095.4,9,A,A,match,5,CNGB3:296,valid
CNGB3,NP_061971.3,296,S,Callithrix jacchus,XP_002759095.4,10,S,S,match,5,CNGB3:296,valid
CNGB3,NP_061971.3,296,S,Sapajus apella,XP_032105821.1,-10,D,D,match,5,CNGB3:296,valid
CNGB3,NP_061971.3,296,S,Sapajus apella,XP_032105821.1,-9,S,S,match,5,CNGB3:296,valid
CNGB3,NP_061971.3,296,S,Sapajus apella,XP_032105821.1,-8,N,N,match,5,CNGB3:296,valid
CNGB3,NP_061971.3,296,S,Sapajus apella,XP_032105821.1,-7,E,E,match,5,CNGB3:296,valid
CNGB3,NP_061971.3,296,S,Sapajus apella,XP_032105821.1,-6,L,L,match,5,CNGB3:296,valid
CNGB3,NP_061971.3,296,S,Sapajus apella,XP_032105821.1,-5,R,R,match,5,CNGB3:296,valid
CNGB3,NP_061971.3,296,S,Sapajus apella,XP_032105821.1,-4,K,K,match,5,CNGB3:296,valid
CNGB3,NP_061971.3,296,S,Sapajus apella,XP_032105821.1,-3,H,H,match,5,CNGB3:296,valid
CNGB3,NP_061971.3,296,S,Sapajus apella,XP_032105821.1,-2,Y,Y,match,5,CNGB3:296,valid
CNGB3,NP_061971.3,296,S,Sapajus apella,XP_032105821.1,-1,R,R,match,5,CNGB3:296,valid
CNGB3,NP_061971.3,296,S,Sapajus apella,XP_032105821.1,1,S,S,match,5,CNGB3:296,valid
CNGB3,NP_061971.3,296,S,Sapajus apella,XP_032105821.1,2,T,T,match,5,CNGB3:296,valid
CNGB3,NP_061971.3,296,S,Sapajus apella,XP_032105821.1,3,K,K,match,5,CNGB3:296,valid
CNGB3,NP_061971.3,296,S,Sapajus apella,XP_032105821.1,4,F,F,match,5,CNGB3:296,valid
CNGB3,NP_061971.3,296,S,Sapajus apella,XP_032105821.1,5,Q,Q,match,5,CNGB3:296,valid
CNGB3,NP_061971.3,296,S,Sapajus apella,XP_032105821.1,6,L,L,match,5,CNGB3:296,valid
CNGB3,NP_061971.3,296,S,Sapajus apella,XP_032105821.1,7,D,D,match,5,CNGB3:296,valid
CNGB3,NP_061971.3,296,S,Sapajus apella,XP_032105821.1,8,V,V,match,5,CNGB3:296,valid
CNGB3,NP_061971.3,296,S,Sapajus apella,XP_032105821.1,9,A,A,match,5,CNGB3:296,valid
CNGB3,NP_061971.3,296,S,Sapajus apella,XP_032105821.1,10,S,S,match,5,CNGB3:296,valid
CNGB3,NP_061971.3,296,S,Cebus imitator,XP_017377292.1,-10,D,D,match,5,CNGB3:296,valid
CNGB3,NP_061971.3,296,S,Cebus imitator,XP_017377292.1,-9,S,S,match,5,CNGB3:296,valid
CNGB3,NP_061971.3,296,S,Cebus imitator,XP_017377292.1,-8,N,N,match,5,CNGB3:296,valid
CNGB3,NP_061971.3,296,S,Cebus imitator,XP_017377292.1,-7,E,E,match,5,CNGB3:296,valid
CNGB3,NP_061971.3,296,S,Cebus imitator,XP_017377292.1,-6,L,L,match,5,CNGB3:296,valid
CNGB3,NP_061971.3,296,S,Cebus imitator,XP_017377292.1,-5,R,R,match,5,CNGB3:296,valid
CNGB3,NP_061971.3,296,S,Cebus imitator,XP_017377292.1,-4,K,K,match,5,CNGB3:296,valid
CNGB3,NP_061971.3,296,S,Cebus imitator,XP_017377292.1,-3,H,H,match,5,CNGB3:296,valid
CNGB3,NP_061971.3,296,S,Cebus imitator,XP_017377292.1,-2,Y,Y,match,5,CNGB3:296,valid
CNGB3,NP_061971.3,296,S,Cebus imitator,XP_017377292.1,-1,R,R,match,5,CNGB3:296,valid
CNGB3,NP_061971.3,296,S,Cebus imitator,XP_017377292.1,1,S,S,match,5,CNGB3:296,valid
CNGB3,NP_061971.3,296,S,Cebus imitator,XP_017377292.1,2,T,T,match,5,CNGB3:296,valid
CNGB3,NP_061971.3,296,S,Cebus imitator,XP_017377292.1,3,K,K,match,5,CNGB3:296,valid
CNGB3,NP_061971.3,296,S,Cebus imitator,XP_017377292.1,4,F,F,match,5,CNGB3:296,valid
CNGB3,NP_061971.3,296,S,Cebus imitator,XP_017377292.1,5,Q,Q,match,5,CNGB3:296,valid
CNGB3,NP_061971.3,296,S,Cebus imitator,XP_017377292.1,6,L,L,match,5,CNGB3:296,valid
CNGB3,NP_061971.3,296,S,Cebus imitator,XP_017377292.1,7,D,D,match,5,CNGB3:296,valid
CNGB3,NP_061971.3,296,S,Cebus imitator,XP_017377292.1,8,V,V,match,5,CNGB3:296,valid
CNGB3,NP_061971.3,296,S,Cebus imitator,XP_017377292.1,9,A,A,match,5,CNGB3:296,valid
CNGB3,NP_061971.3,296,S,Cebus imitator,XP_017377292.1,10,S,S,match,5,CNGB3:296,valid
CNGB3,NP_061971.3,296,S,Microcebus murinus,XP_075860790.1,-10,D,D,match,5,CNGB3:296,valid
CNGB3,NP_061971.3,296,S,Microcebus murinus,XP_075860790.1,-9,S,S,match,5,CNGB3:296,valid
CNGB3,NP_061971.3,296,S,Microcebus murinus,XP_075860790.1,-8,N,N,match,5,CNGB3:296,valid
CNGB3,NP_061971.3,296,S,Microcebus murinus,XP_075860790.1,-7,E,E,match,5,CNGB3:296,valid
CNGB3,NP_061971.3,296,S,Microcebus murinus,XP_075860790.1,-6,L,L,match,5,CNGB3:296,valid
CNGB3,NP_061971.3,296,S,Microcebus murinus,XP_075860790.1,-5,R,K,different,0,CNGB3:296,valid
CNGB3,NP_061971.3,296,S,Microcebus murinus,XP_075860790.1,-4,K,R,different,0,CNGB3:296,valid
CNGB3,NP_061971.3,296,S,Microcebus murinus,XP_075860790.1,-3,H,H,match,5,CNGB3:296,valid
CNGB3,NP_061971.3,296,S,Microcebus murinus,XP_075860790.1,-2,Y,Y,match,5,CNGB3:296,valid
CNGB3,NP_061971.3,296,S,Microcebus murinus,XP_075860790.1,-1,R,R,match,5,CNGB3:296,valid
CNGB3,NP_061971.3,296,S,Microcebus murinus,XP_075860790.1,1,S,S,match,5,CNGB3:296,valid
CNGB3,NP_061971.3,296,S,Microcebus murinus,XP_075860790.1,2,T,T,match,5,CNGB3:296,valid
CNGB3,NP_061971.3,296,S,Microcebus murinus,XP_075860790.1,3,K,K,match,5,CNGB3:296,valid
CNGB3,NP_061971.3,296,S,Microcebus murinus,XP_075860790.1,4,F,F,match,5,CNGB3:296,valid
CNGB3,NP_061971.3,296,S,Microcebus murinus,XP_075860790.1,5,Q,Q,match,5,CNGB3:296,valid
CNGB3,NP_061971.3,296,S,Microcebus murinus,XP_075860790.1,6,L,L,match,5,CNGB3:296,valid
CNGB3,NP_061971.3,296,S,Microcebus murinus,XP_075860790.1,7,D,D,match,5,CNGB3:296,valid
CNGB3,NP_061971.3,296,S,Microcebus murinus,XP_075860790.1,8,V,V,match,5,CNGB3:296,valid
CNGB3,NP_061971.3,296,S,Microcebus murinus,XP_075860790.1,9,A,A,match,5,CNGB3:296,valid
CNGB3,NP_061971.3,296,S,Microcebus murinus,XP_075860790.1,10,S,S,match,5,CNGB3:296,valid
CNGB3,NP_061971.3,296,S,Propithecus coquereli,XP_012499049.1,-10,D,D,match,5,CNGB3:296,valid
CNGB3,NP_061971.3,296,S,Propithecus coquereli,XP_012499049.1,-9,S,S,match,5,CNGB3:296,valid
CNGB3,NP_061971.3,296,S,Propithecus coquereli,XP_012499049.1,-8,N,N,match,5,CNGB3:296,valid
CNGB3,NP_061971.3,296,S,Propithecus coquereli,XP_012499049.1,-7,E,E,match,5,CNGB3:296,valid
CNGB3,NP_061971.3,296,S,Propithecus coquereli,XP_012499049.1,-6,L,L,match,5,CNGB3:296,valid
CNGB3,NP_061971.3,296,S,Propithecus coquereli,XP_012499049.1,-5,R,K,different,0,CNGB3:296,valid
CNGB3,NP_061971.3,296,S,Propithecus coquereli,XP_012499049.1,-4,K,R,different,0,CNGB3:296,valid
CNGB3,NP_061971.3,296,S,Propithecus coquereli,XP_012499049.1,-3,H,H,match,5,CNGB3:296,valid
CNGB3,NP_061971.3,296,S,Propithecus coquereli,XP_012499049.1,-2,Y,Y,match,5,CNGB3:296,valid
CNGB3,NP_061971.3,296,S,Propithecus coquereli,XP_012499049.1,-1,R,R,match,5,CNGB3:296,valid
CNGB3,NP_061971.3,296,S,Propithecus coquereli,XP_012499049.1,1,S,S,match,5,CNGB3:296,valid
CNGB3,NP_061971.3,296,S,Propithecus coquereli,XP_012499049.1,2,T,T,match,5,CNGB3:296,valid
CNGB3,NP_061971.3,296,S,Propithecus coquereli,XP_012499049.1,3,K,K,match,5,CNGB3:296,valid
CNGB3,NP_061971.3,296,S,Propithecus coquereli,XP_012499049.1,4,F,F,match,5,CNGB3:296,valid
CNGB3,NP_061971.3,296,S,Propithecus coquereli,XP_012499049.1,5,Q,Q,match,5,CNGB3:296,valid
CNGB3,NP_061971.3,296,S,Propithecus coquereli,XP_012499049.1,6,L,V,different,0,CNGB3:296,valid
CNGB3,NP_061971.3,296,S,Propithecus coquereli,XP_012499049.1,7,D,D,match,5,CNGB3:296,valid
CNGB3,NP_061971.3,296,S,Propithecus coquereli,XP_012499049.1,8,V,V,match,5,CNGB3:296,valid
CNGB3,NP_061971.3,296,S,Propithecus coquereli,XP_012499049.1,9,A,S,different,0,CNGB3:296,valid
CNGB3,NP_061971.3,296,S,Propithecus coquereli,XP_012499049.1,10,S,K,different,0,CNGB3:296,valid
CNGB3,NP_061971.3,296,S,Eulemur rufifrons,XP_069322362.1,-10,D,D,match,5,CNGB3:296,valid
CNGB3,NP_061971.3,296,S,Eulemur rufifrons,XP_069322362.1,-9,S,A,different,0,CNGB3:296,valid
CNGB3,NP_061971.3,296,S,Eulemur rufifrons,XP_069322362.1,-8,N,N,match,5,CNGB3:296,valid
CNGB3,NP_061971.3,296,S,Eulemur rufifrons,XP_069322362.1,-7,E,E,match,5,CNGB3:296,valid
CNGB3,NP_061971.3,296,S,Eulemur rufifrons,XP_069322362.1,-6,L,L,match,5,CNGB3:296,valid
CNGB3,NP_061971.3,296,S,Eulemur rufifrons,XP_069322362.1,-5,R,K,different,0,CNGB3:296,valid
CNGB3,NP_061971.3,296,S,Eulemur rufifrons,XP_069322362.1,-4,K,R,different,0,CNGB3:296,valid
CNGB3,NP_061971.3,296,S,Eulemur rufifrons,XP_069322362.1,-3,H,H,match,5,CNGB3:296,valid
CNGB3,NP_061971.3,296,S,Eulemur rufifrons,XP_069322362.1,-2,Y,Y,match,5,CNGB3:296,valid
CNGB3,NP_061971.3,296,S,Eulemur rufifrons,XP_069322362.1,-1,R,R,match,5,CNGB3:296,valid
CNGB3,NP_061971.3,296,S,Eulemur rufifrons,XP_069322362.1,1,S,S,match,5,CNGB3:296,valid
CNGB3,NP_061971.3,296,S,Eulemur rufifrons,XP_069322362.1,2,T,T,match,5,CNGB3:296,valid
CNGB3,NP_061971.3,296,S,Eulemur rufifrons,XP_069322362.1,3,K,K,match,5,CNGB3:296,valid
CNGB3,NP_061971.3,296,S,Eulemur rufifrons,XP_069322362.1,4,F,F,match,5,CNGB3:296,valid
CNGB3,NP_061971.3,296,S,Eulemur rufifrons,XP_069322362.1,5,Q,Q,match,5,CNGB3:296,valid
CNGB3,NP_061971.3,296,S,Eulemur rufifrons,XP_069322362.1,6,L,L,match,5,CNGB3:296,valid
CNGB3,NP_061971.3,296,S,Eulemur rufifrons,XP_069322362.1,7,D,D,match,5,CNGB3:296,valid
CNGB3,NP_061971.3,296,S,Eulemur rufifrons,XP_069322362.1,8,V,V,match,5,CNGB3:296,valid
CNGB3,NP_061971.3,296,S,Eulemur rufifrons,XP_069322362.1,9,A,A,match,5,CNGB3:296,valid
CNGB3,NP_061971.3,296,S,Eulemur rufifrons,XP_069322362.1,10,S,S,match,5,CNGB3:296,valid
CNGB3,NP_061971.3,296,S,Lemur catta,XP_045416454.1,-10,D,D,match,5,CNGB3:296,valid
CNGB3,NP_061971.3,296,S,Lemur catta,XP_045416454.1,-9,S,A,different,0,CNGB3:296,valid
CNGB3,NP_061971.3,296,S,Lemur catta,XP_045416454.1,-8,N,N,match,5,CNGB3:296,valid
CNGB3,NP_061971.3,296,S,Lemur catta,XP_045416454.1,-7,E,E,match,5,CNGB3:296,valid
CNGB3,NP_061971.3,296,S,Lemur catta,XP_045416454.1,-6,L,L,match,5,CNGB3:296,valid
CNGB3,NP_061971.3,296,S,Lemur catta,XP_045416454.1,-5,R,K,different,0,CNGB3:296,valid
CNGB3,NP_061971.3,296,S,Lemur catta,XP_045416454.1,-4,K,R,different,0,CNGB3:296,valid
CNGB3,NP_061971.3,296,S,Lemur catta,XP_045416454.1,-3,H,H,match,5,CNGB3:296,valid
CNGB3,NP_061971.3,296,S,Lemur catta,XP_045416454.1,-2,Y,Y,match,5,CNGB3:296,valid
CNGB3,NP_061971.3,296,S,Lemur catta,XP_045416454.1,-1,R,R,match,5,CNGB3:296,valid
CNGB3,NP_061971.3,296,S,Lemur catta,XP_045416454.1,1,S,S,match,5,CNGB3:296,valid
CNGB3,NP_061971.3,296,S,Lemur catta,XP_045416454.1,2,T,P,different,0,CNGB3:296,valid
CNGB3,NP_061971.3,296,S,Lemur catta,XP_045416454.1,3,K,K,match,5,CNGB3:296,valid
CNGB3,NP_061971.3,296,S,Lemur catta,XP_045416454.1,4,F,F,match,5,CNGB3:296,valid
CNGB3,NP_061971.3,296,S,Lemur catta,XP_045416454.1,5,Q,Q,match,5,CNGB3:296,valid
CNGB3,NP_061971.3,296,S,Lemur catta,XP_045416454.1,6,L,L,match,5,CNGB3:296,valid
CNGB3,NP_061971.3,296,S,Lemur catta,XP_045416454.1,7,D,D,match,5,CNGB3:296,valid
CNGB3,NP_061971.3,296,S,Lemur catta,XP_045416454.1,8,V,V,match,5,CNGB3:296,valid
CNGB3,NP_061971.3,296,S,Lemur catta,XP_045416454.1,9,A,A,match,5,CNGB3:296,valid
CNGB3,NP_061971.3,296,S,Lemur catta,XP_045416454.1,10,S,S,match,5,CNGB3:296,valid
CNGB3,NP_061971.3,296,S,Nycticebus coucang,XP_053414642.1,-10,D,D,match,5,CNGB3:296,valid
CNGB3,NP_061971.3,296,S,Nycticebus coucang,XP_053414642.1,-9,S,S,match,5,CNGB3:296,valid
CNGB3,NP_061971.3,296,S,Nycticebus coucang,XP_053414642.1,-8,N,N,match,5,CNGB3:296,valid
CNGB3,NP_061971.3,296,S,Nycticebus coucang,XP_053414642.1,-7,E,E,match,5,CNGB3:296,valid
CNGB3,NP_061971.3,296,S,Nycticebus coucang,XP_053414642.1,-6,L,L,match,5,CNGB3:296,valid
CNGB3,NP_061971.3,296,S,Nycticebus coucang,XP_053414642.1,-5,R,K,different,0,CNGB3:296,valid
CNGB3,NP_061971.3,296,S,Nycticebus coucang,XP_053414642.1,-4,K,R,different,0,CNGB3:296,valid
CNGB3,NP_061971.3,296,S,Nycticebus coucang,XP_053414642.1,-3,H,H,match,5,CNGB3:296,valid
CNGB3,NP_061971.3,296,S,Nycticebus coucang,XP_053414642.1,-2,Y,Y,match,5,CNGB3:296,valid
CNGB3,NP_061971.3,296,S,Nycticebus coucang,XP_053414642.1,-1,R,R,match,5,CNGB3:296,valid
CNGB3,NP_061971.3,296,S,Nycticebus coucang,XP_053414642.1,1,S,S,match,5,CNGB3:296,valid
CNGB3,NP_061971.3,296,S,Nycticebus coucang,XP_053414642.1,2,T,A,different,0,CNGB3:296,valid
CNGB3,NP_061971.3,296,S,Nycticebus coucang,XP_053414642.1,3,K,K,match,5,CNGB3:296,valid
CNGB3,NP_061971.3,296,S,Nycticebus coucang,XP_053414642.1,4,F,F,match,5,CNGB3:296,valid
CNGB3,NP_061971.3,296,S,Nycticebus coucang,XP_053414642.1,5,Q,Q,match,5,CNGB3:296,valid
CNGB3,NP_061971.3,296,S,Nycticebus coucang,XP_053414642.1,6,L,L,match,5,CNGB3:296,valid
CNGB3,NP_061971.3,296,S,Nycticebus coucang,XP_053414642.1,7,D,D,match,5,CNGB3:296,valid
CNGB3,NP_061971.3,296,S,Nycticebus coucang,XP_053414642.1,8,V,V,match,5,CNGB3:296,valid
CNGB3,NP_061971.3,296,S,Nycticebus coucang,XP_053414642.1,9,A,A,match,5,CNGB3:296,valid
CNGB3,NP_061971.3,296,S,Nycticebus coucang,XP_053414642.1,10,S,S,match,5,CNGB3:296,valid
CNGB3,NP_061971.3,296,S,Otolemur garnettii,XP_012665089.1,-10,D,D,match,5,CNGB3:296,valid
CNGB3,NP_061971.3,296,S,Otolemur garnettii,XP_012665089.1,-9,S,S,match,5,CNGB3:296,valid
CNGB3,NP_061971.3,296,S,Otolemur garnettii,XP_012665089.1,-8,N,N,match,5,CNGB3:296,valid
CNGB3,NP_061971.3,296,S,Otolemur garnettii,XP_012665089.1,-7,E,E,match,5,CNGB3:296,valid
CNGB3,NP_061971.3,296,S,Otolemur garnettii,XP_012665089.1,-6,L,L,match,5,CNGB3:296,valid
CNGB3,NP_061971.3,296,S,Otolemur garnettii,XP_012665089.1,-5,R,K,different,0,CNGB3:296,valid
CNGB3,NP_061971.3,296,S,Otolemur garnettii,XP_012665089.1,-4,K,R,different,0,CNGB3:296,valid
CNGB3,NP_061971.3,296,S,Otolemur garnettii,XP_012665089.1,-3,H,H,match,5,CNGB3:296,valid
CNGB3,NP_061971.3,296,S,Otolemur garnettii,XP_012665089.1,-2,Y,Y,match,5,CNGB3:296,valid
CNGB3,NP_061971.3,296,S,Otolemur garnettii,XP_012665089.1,-1,R,R,match,5,CNGB3:296,valid
CNGB3,NP_061971.3,296,S,Otolemur garnettii,XP_012665089.1,1,S,S,match,5,CNGB3:296,valid
CNGB3,NP_061971.3,296,S,Otolemur garnettii,XP_012665089.1,2,T,T,match,5,CNGB3:296,valid
CNGB3,NP_061971.3,296,S,Otolemur garnettii,XP_012665089.1,3,K,K,match,5,CNGB3:296,valid
CNGB3,NP_061971.3,296,S,Otolemur garnettii,XP_012665089.1,4,F,F,match,5,CNGB3:296,valid
CNGB3,NP_061971.3,296,S,Otolemur garnettii,XP_012665089.1,5,Q,H,different,0,CNGB3:296,valid
CNGB3,NP_061971.3,296,S,Otolemur garnettii,XP_012665089.1,6,L,L,match,5,CNGB3:296,valid
CNGB3,NP_061971.3,296,S,Otolemur garnettii,XP_012665089.1,7,D,D,match,5,CNGB3:296,valid
CNGB3,NP_061971.3,296,S,Otolemur garnettii,XP_012665089.1,8,V,V,match,5,CNGB3:296,valid
CNGB3,NP_061971.3,296,S,Otolemur garnettii,XP_012665089.1,9,A,A,match,5,CNGB3:296,valid
CNGB3,NP_061971.3,296,S,Otolemur garnettii,XP_012665089.1,10,S,S,match,5,CNGB3:296,valid
CPS1,NP_001116105.2,1173,P,"ammonia], mitochondrial, partia",XP_012516669.1,-10,P,K,different,0,CPS1:1173,invalid
CPS1,NP_001116105.2,1173,P,"ammonia], mitochondrial, partia",XP_012516669.1,-9,V,I,different,0,CPS1:1173,invalid
CPS1,NP_001116105.2,1173,P,"ammonia], mitochondrial, partia",XP_012516669.1,-8,V,A,different,0,CPS1:1173,invalid
CPS1,NP_001116105.2,1173,P,"ammonia], mitochondrial, partia",XP_012516669.1,-7,L,K,different,0,CPS1:1173,invalid
CPS1,NP_001116105.2,1173,P,"ammonia], mitochondrial, partia",XP_012516669.1,-6,T,A,different,0,CPS1:1173,invalid
CPS1,NP_001116105.2,1173,P,"ammonia], mitochondrial, partia",XP_012516669.1,-5,K,F,different,0,CPS1:1173,invalid
CPS1,NP_001116105.2,1173,P,"ammonia], mitochondrial, partia",XP_012516669.1,-4,F,A,different,0,CPS1:1173,invalid
CPS1,NP_001116105.2,1173,P,"ammonia], mitochondrial, partia",XP_012516669.1,-3,V,I,different,0,CPS1:1173,invalid
CPS1,NP_001116105.2,1173,P,"ammonia], mitochondrial, partia",XP_012516669.1,-2,E,S,different,0,CPS1:1173,invalid
CPS1,NP_001116105.2,1173,P,"ammonia], mitochondrial, partia",XP_012516669.1,-1,G,G,match,5,CPS1:1173,invalid
CPS1,NP_001116105.2,1173,P,"ammonia], mitochondrial, partia",XP_012516669.1,1,R,F,different,0,CPS1:1173,invalid
CPS1,NP_001116105.2,1173,P,"ammonia], mitochondrial, partia",XP_012516669.1,2,E,N,different,0,CPS1:1173,invalid
CPS1,NP_001116105.2,1173,P,"ammonia], mitochondrial, partia",XP_012516669.1,3,V,V,match,5,CPS1:1173,invalid
CPS1,NP_001116105.2,1173,P,"ammonia], mitochondrial, partia",XP_012516669.1,4,E,Q,different,0,CPS1:1173,invalid
CPS1,NP_001116105.2,1173,P,"ammonia], mitochondrial, partia",XP_012516669.1,5,M,F,different,0,CPS1:1173,invalid
CPS1,NP_001116105.2,1173,P,"ammonia], mitochondrial, partia",XP_012516669.1,6,D,L,different,0,CPS1:1173,invalid
CPS1,NP_001116105.2,1173,P,"ammonia], mitochondrial, partia",XP_012516669.1,7,A,V,different,0,CPS1:1173,invalid
CPS1,NP_001116105.2,1173,P,"ammonia], mitochondrial, partia",XP_012516669.1,8,V,K,different,0,CPS1:1173,invalid
CPS1,NP_001116105.2,1173,P,"ammonia], mitochondrial, partia",XP_012516669.1,9,G,G,match,5,CPS1:1173,invalid
CPS1,NP_001116105.2,1173,P,"ammonia], mitochondrial, partia",XP_012516669.1,10,K,N,different,0,CPS1:1173,invalid
CRB1,NP_957705.1,564,N,Nycticebus coucang,XP_053462326.1,-10,V,V,match,5,CRB1:564,valid
CRB1,NP_957705.1,564,N,Nycticebus coucang,XP_053462326.1,-9,L,L,match,5,CRB1:564,valid
CRB1,NP_957705.1,564,N,Nycticebus coucang,XP_053462326.1,-8,L,L,match,5,CRB1:564,valid
CRB1,NP_957705.1,564,N,Nycticebus coucang,XP_053462326.1,-7,F,Y,different,0,CRB1:564,valid
CRB1,NP_957705.1,564,N,Nycticebus coucang,XP_053462326.1,-6,I,I,match,5,CRB1:564,valid
CRB1,NP_957705.1,564,N,Nycticebus coucang,XP_053462326.1,-5,S,S,match,5,CRB1:564,valid
CRB1,NP_957705.1,564,N,Nycticebus coucang,XP_053462326.1,-4,H,H,match,5,CRB1:564,valid
CRB1,NP_957705.1,564,N,Nycticebus coucang,XP_053462326.1,-3,N,N,match,5,CRB1:564,valid
CRB1,NP_957705.1,564,N,Nycticebus coucang,XP_053462326.1,-2,T,T,match,5,CRB1:564,valid
CRB1,NP_957705.1,564,N,Nycticebus coucang,XP_053462326.1,-1,S,S,match,5,CRB1:564,valid
CRB1,NP_957705.1,564,N,Nycticebus coucang,XP_053462326.1,1,G,G,match,5,CRB1:564,valid
CRB1,NP_957705.1,564,N,Nycticebus coucang,XP_053462326.1,2,E,E,match,5,CRB1:564,valid
CRB1,NP_957705.1,564,N,Nycticebus coucang,XP_053462326.1,3,W,W,match,5,CRB1:564,valid
CRB1,NP_957705.1,564,N,Nycticebus coucang,XP_053462326.1,4,H,H,match,5,CRB1:564,valid
CRB1,NP_957705.1,564,N,Nycticebus coucang,XP_053462326.1,5,F,S,different,0,CRB1:564,valid
CRB1,NP_957705.1,564,N,Nycticebus coucang,XP_053462326.1,6,V,V,match,5,CRB1:564,valid
CRB1,NP_957705.1,564,N,Nycticebus coucang,XP_053462326.1,7,E,E,match,5,CRB1:564,valid
CRB1,NP_957705.1,564,N,Nycticebus coucang,XP_053462326.1,8,V,V,match,5,CRB1:564,valid
CRB1,NP_957705.1,564,N,Nycticebus coucang,XP_053462326.1,9,I,T,different,0,CRB1:564,valid
CRB1,NP_957705.1,564,N,Nycticebus coucang,XP_053462326.1,10,F,F,match,5,CRB1:564,valid
CRB1,NP_957705.1,611,P,Rhinopithecus bieti,XP_017720122.1,-10,S,S,match,5,CRB1:611,valid
CRB1,NP_957705.1,611,P,Rhinopithecus bieti,XP_017720122.1,-9,D,D,match,5,CRB1:611,valid
CRB1,NP_957705.1,611,P,Rhinopithecus bieti,XP_017720122.1,-8,Q,Q,match,5,CRB1:611,valid
CRB1,NP_957705.1,611,P,Rhinopithecus bieti,XP_017720122.1,-7,S,S,match,5,CRB1:611,valid
CRB1,NP_957705.1,611,P,Rhinopithecus bieti,XP_017720122.1,-6,I,I,match,5,CRB1:611,valid
CRB1,NP_957705.1,611,P,Rhinopithecus bieti,XP_017720122.1,-5,C,C,match,5,CRB1:611,valid
CRB1,NP_957705.1,611,P,Rhinopithecus bieti,XP_017720122.1,-4,A,V,different,0,CRB1:611,valid
CRB1,NP_957705.1,611,P,Rhinopithecus bieti,XP_017720122.1,-3,F,F,match,5,CRB1:611,valid
CRB1,NP_957705.1,611,P,Rhinopithecus bieti,XP_017720122.1,-2,Q,R,different,0,CRB1:611,valid
CRB1,NP_957705.1,611,P,Rhinopithecus bieti,XP_017720122.1,-1,N,T,different,0,CRB1:611,valid
CRB1,NP_957705.1,611,P,Rhinopithecus bieti,XP_017720122.1,1,F,F,match,5,CRB1:611,valid
CRB1,NP_957705.1,611,P,Rhinopithecus bieti,XP_017720122.1,2,L,X,different,0,CRB1:611,valid
CRB1,NP_957705.1,611,P,Rhinopithecus bieti,XP_017720122.1,3,G,G,match,5,CRB1:611,valid
CRB1,NP_957705.1,611,P,Rhinopithecus bieti,XP_017720122.1,4,G,G,match,5,CRB1:611,valid
CRB1,NP_957705.1,611,P,Rhinopithecus bieti,XP_017720122.1,5,L,L,match,5,CRB1:611,valid
CRB1,NP_957705.1,611,P,Rhinopithecus bieti,XP_017720122.1,6,P,P,match,5,CRB1:611,valid
CRB1,NP_957705.1,611,P,Rhinopithecus bieti,XP_017720122.1,7,V,V,match,5,CRB1:611,valid
CRB1,NP_957705.1,611,P,Rhinopithecus bieti,XP_017720122.1,8,G,G,match,5,CRB1:611,valid
CRB1,NP_957705.1,611,P,Rhinopithecus bieti,XP_017720122.1,9,M,T,different,0,CRB1:611,valid
CRB1,NP_957705.1,611,P,Rhinopithecus bieti,XP_017720122.1,10,T,T,match,5,CRB1:611,valid
CRB1,NP_957705.1,539,R,Lemur catta,XP_045392469.1,-10,R,G,different,0,CRB1:539,valid
CRB1,NP_957705.1,539,R,Lemur catta,XP_045392469.1,-9,D,D,match,5,CRB1:539,valid
CRB1,NP_957705.1,539,R,Lemur catta,XP_045392469.1,-8,V,A,different,0,CRB1:539,valid
CRB1,NP_957705.1,539,R,Lemur catta,XP_045392469.1,-7,F,A,different,0,CRB1:539,valid
CRB1,NP_957705.1,539,R,Lemur catta,XP_045392469.1,-6,V,V,match,5,CRB1:539,valid
CRB1,NP_957705.1,539,R,Lemur catta,XP_045392469.1,-5,K,R,different,0,CRB1:539,valid
CRB1,NP_957705.1,539,R,Lemur catta,XP_045392469.1,-4,L,L,match,5,CRB1:539,valid
CRB1,NP_957705.1,539,R,Lemur catta,XP_045392469.1,-3,E,E,match,5,CRB1:539,valid
CRB1,NP_957705.1,539,R,Lemur catta,XP_045392469.1,-2,L,L,match,5,CRB1:539,valid
CRB1,NP_957705.1,539,R,Lemur catta,XP_045392469.1,-1,L,L,match,5,CRB1:539,valid
CRB1,NP_957705.1,539,R,Lemur catta,XP_045392469.1,1,G,G,match,5,CRB1:539,valid
CRB1,NP_957705.1,539,R,Lemur catta,XP_045392469.1,2,Y,H,different,0,CRB1:539,valid
CRB1,NP_957705.1,539,R,Lemur catta,XP_045392469.1,3,I,V,different,0,CRB1:539,valid
CRB1,NP_957705.1,539,R,Lemur catta,XP_045392469.1,4,H,H,match,5,CRB1:539,valid
CRB1,NP_957705.1,539,R,Lemur catta,XP_045392469.1,5,L,L,match,5,CRB1:539,valid
CRB1,NP_957705.1,539,R,Lemur catta,XP_045392469.1,6,S,S,match,5,CRB1:539,valid
CRB1,NP_957705.1,539,R,Lemur catta,XP_045392469.1,7,I,V,different,0,CRB1:539,valid
CRB1,NP_957705.1,539,R,Lemur catta,XP_045392469.1,8,Q,G,different,0,CRB1:539,valid
CRB1,NP_957705.1,539,R,Lemur catta,XP_045392469.1,9,V,A,different,0,CRB1:539,valid
CRB1,NP_957705.1,539,R,Lemur catta,XP_045392469.1,10,N,G,different,0,CRB1:539,valid
CRB1,NP_957705.1,539,R,Propithecus coquereli,XP_012505915.1,-10,R,G,different,0,CRB1:539,valid
CRB1,NP_957705.1,539,R,Propithecus coquereli,XP_012505915.1,-9,D,D,match,5,CRB1:539,valid
CRB1,NP_957705.1,539,R,Propithecus coquereli,XP_012505915.1,-8,V,V,match,5,CRB1:539,valid
CRB1,NP_957705.1,539,R,Propithecus coquereli,XP_012505915.1,-7,F,F,match,5,CRB1:539,valid
CRB1,NP_957705.1,539,R,Propithecus coquereli,XP_012505915.1,-6,V,A,different,0,CRB1:539,valid
CRB1,NP_957705.1,539,R,Propithecus coquereli,XP_012505915.1,-5,K,K,match,5,CRB1:539,valid
CRB1,NP_957705.1,539,R,Propithecus coquereli,XP_012505915.1,-4,L,L,match,5,CRB1:539,valid
CRB1,NP_957705.1,539,R,Propithecus coquereli,XP_012505915.1,-3,E,E,match,5,CRB1:539,valid
CRB1,NP_957705.1,539,R,Propithecus coquereli,XP_012505915.1,-2,L,L,match,5,CRB1:539,valid
CRB1,NP_957705.1,539,R,Propithecus coquereli,XP_012505915.1,-1,L,L,match,5,CRB1:539,valid
CRB1,NP_957705.1,539,R,Propithecus coquereli,XP_012505915.1,1,G,G,match,5,CRB1:539,valid
CRB1,NP_957705.1,539,R,Propithecus coquereli,XP_012505915.1,2,Y,R,different,0,CRB1:539,valid
CRB1,NP_957705.1,539,R,Propithecus coquereli,XP_012505915.1,3,I,V,different,0,CRB1:539,valid
CRB1,NP_957705.1,539,R,Propithecus coquereli,XP_012505915.1,4,H,H,match,5,CRB1:539,valid
CRB1,NP_957705.1,539,R,Propithecus coquereli,XP_012505915.1,5,L,L,match,5,CRB1:539,valid
CRB1,NP_957705.1,539,R,Propithecus coquereli,XP_012505915.1,6,S,S,match,5,CRB1:539,valid
CRB1,NP_957705.1,539,R,Propithecus coquereli,XP_012505915.1,7,I,V,different,0,CRB1:539,valid
CRB1,NP_957705.1,539,R,Propithecus coquereli,XP_012505915.1,8,Q,Q,match,5,CRB1:539,valid
CRB1,NP_957705.1,539,R,Propithecus coquereli,XP_012505915.1,9,V,V,match,5,CRB1:539,valid
CRB1,NP_957705.1,539,R,Propithecus coquereli,XP_012505915.1,10,N,M,different,0,CRB1:539,valid
CYP11B1,NP_000488.3,88,I,Propithecus coquereli,XP_012503461.1,-10,L,P,different,0,CYP11B1:88,invalid
CYP11B1,NP_000488.3,88,I,Propithecus coquereli,XP_012503461.1,-9,G,P,different,0,CYP11B1:88,invalid
CYP11B1,NP_000488.3,88,I,Propithecus coquereli,XP_012503461.1,-8,-,C,gap,-5,CYP11B1:88,invalid
CYP11B1,NP_000488.3,88,I,Propithecus coquereli,XP_012503461.1,-7,-,P,gap,-5,CYP11B1:88,invalid
CYP11B1,NP_000488.3,88,I,Propithecus coquereli,XP_012503461.1,-6,-,S,gap,-5,CYP11B1:88,invalid
CYP11B1,NP_000488.3,88,I,Propithecus coquereli,XP_012503461.1,-5,-,L,gap,-5,CYP11B1:88,invalid
CYP11B1,NP_000488.3,88,I,Propithecus coquereli,XP_012503461.1,-4,-,R,gap,-5,CYP11B1:88,invalid
CYP11B1,NP_000488.3,88,I,Propithecus coquereli,XP_012503461.1,-3,G,T,different,0,CYP11B1:88,invalid
CYP11B1,NP_000488.3,88,I,Propithecus coquereli,XP_012503461.1,-2,A,P,different,0,CYP11B1:88,invalid
CYP11B1,NP_000488.3,88,I,Propithecus coquereli,XP_012503461.1,-1,G,R,different,0,CYP11B1:88,invalid
CYP11B1,NP_000488.3,88,I,Propithecus coquereli,XP_012503461.1,1,V,F,different,0,CYP11B1:88,invalid
CYP11B1,NP_000488.3,88,I,Propithecus coquereli,XP_012503461.1,2,C,C,match,5,CYP11B1:88,invalid
CYP11B1,NP_000488.3,88,I,Propithecus coquereli,XP_012503461.1,3,-,P,gap,-5,CYP11B1:88,invalid
CYP11B1,NP_000488.3,88,I,Propithecus coquereli,XP_012503461.1,4,V,C,different,0,CYP11B1:88,invalid
CYP11B1,NP_000488.3,88,I,Propithecus coquereli,XP_012503461.1,5,M,W,different,0,CYP11B1:88,invalid
CYP11B1,NP_000488.3,88,I,Propithecus coquereli,XP_012503461.1,6,L,L,match,5,CYP11B1:88,invalid
CYP11B1,NP_000488.3,88,I,Propithecus coquereli,XP_012503461.1,7,P,P,match,5,CYP11B1:88,invalid
CYP11B1,NP_000488.3,88,I,Propithecus coquereli,XP_012503461.1,8,E,R,different,0,CYP11B1:88,invalid
CYP11B1,NP_000488.3,88,I,Propithecus coquereli,XP_012503461.1,9,D,P,different,0,CYP11B1:88,invalid
CYP11B1,NP_000488.3,88,I,Propithecus coquereli,XP_012503461.1,10,V,L,different,0,CYP11B1:88,invalid
CYP17A1,NP_000093.1,82,D,Carlito syrichta,XP_021564209.1,-10,T,E,different,0,CYP17A1:82,invalid
CYP17A1,NP_000093.1,82,D,Carlito syrichta,XP_021564209.1,-9,T,P,different,0,CYP17A1:82,invalid
CYP17A1,NP_000093.1,82,D,Carlito syrichta,XP_021564209.1,-8,V,-,gap,-5,CYP17A1:82,invalid
CYP17A1,NP_000093.1,82,D,Carlito syrichta,XP_021564209.1,-7,I,-,gap,-5,CYP17A1:82,invalid
CYP17A1,NP_000093.1,82,D,Carlito syrichta,XP_021564209.1,-6,V,P,different,0,CYP17A1:82,invalid
CYP17A1,NP_000093.1,82,D,Carlito syrichta,XP_021564209.1,-5,G,G,match,5,CYP17A1:82,invalid
CYP17A1,NP_000093.1,82,D,Carlito syrichta,XP_021564209.1,-4,H,C,different,0,CYP17A1:82,invalid
CYP17A1,NP_000093.1,82,D,Carlito syrichta,XP_021564209.1,-3,H,C,different,0,CYP17A1:82,invalid
CYP17A1,NP_000093.1,82,D,Carlito syrichta,XP_021564209.1,-2,Q,S,different,0,CYP17A1:82,invalid
CYP17A1,NP_000093.1,82,D,Carlito syrichta,XP_021564209.1,-1,L,L,match,5,CYP17A1:82,invalid
CYP17A1,NP_000093.1,82,D,Carlito syrichta,XP_021564209.1,1,K,E,different,0,CYP17A1:82,invalid
CYP17A1,NP_000093.1,82,D,Carlito syrichta,XP_021564209.1,2,E,K,different,0,CYP17A1:82,invalid
CYP17A1,NP_000093.1,82,D,Carlito syrichta,XP_021564209.1,3,V,-,gap,-5,CYP17A1:82,invalid
CYP17A1,NP_000093.1,82,D,Carlito syrichta,XP_021564209.1,4,L,-,gap,-5,CYP17A1:82,invalid
CYP17A1,NP_000093.1,82,D,Carlito syrichta,XP_021564209.1,5,I,-,gap,-5,CYP17A1:82,invalid
CYP17A1,NP_000093.1,82,D,Carlito syrichta,XP_021564209.1,6,K,-,gap,-5,CYP17A1:82,invalid
CYP17A1,NP_000093.1,82,D,Carlito syrichta,XP_021564209.1,7,K,-,gap,-5,CYP17A1:82,invalid
CYP17A1,NP_000093.1,82,D,Carlito syrichta,XP_021564209.1,8,G,-,gap,-5,CYP17A1:82,invalid
CYP17A1,NP_000093.1,82,D,Carlito syrichta,XP_021564209.1,9,K,-,gap,-5,CYP17A1:82,invalid
CYP17A1,NP_000093.1,82,D,Carlito syrichta,XP_021564209.1,10,D,-,gap,-5,CYP17A1:82,invalid
ERCC6,NP_000115.1,1042,L,Nycticebus coucang,XP_053440248.1,-10,P,P,match,5,ERCC6:1042,valid
ERCC6,NP_000115.1,1042,L,Nycticebus coucang,XP_053440248.1,-9,K,K,match,5,ERCC6:1042,valid
ERCC6,NP_000115.1,1042,L,Nycticebus coucang,XP_053440248.1,-8,C,R,different,0,ERCC6:1042,valid
ERCC6,NP_000115.1,1042,L,Nycticebus coucang,XP_053440248.1,-7,H,H,match,5,ERCC6:1042,valid
ERCC6,NP_000115.1,1042,L,Nycticebus coucang,XP_053440248.1,-6,L,L,match,5,ERCC6:1042,valid
ERCC6,NP_000115.1,1042,L,Nycticebus coucang,XP_053440248.1,-5,K,K,match,5,ERCC6:1042,valid
ERCC6,NP_000115.1,1042,L,Nycticebus coucang,XP_053440248.1,-4,R,R,match,5,ERCC6:1042,valid
ERCC6,NP_000115.1,1042,L,Nycticebus coucang,XP_053440248.1,-3,R,K,different,0,ERCC6:1042,valid
ERCC6,NP_000115.1,1042,L,Nycticebus coucang,XP_053440248.1,-2,I,I,match,5,ERCC6:1042,valid
ERCC6,NP_000115.1,1042,L,Nycticebus coucang,XP_053440248.1,-1,Q,Q,match,5,ERCC6:1042,valid
ERCC6,NP_000115.1,1042,L,Nycticebus coucang,XP_053440248.1,1,A,T,different,0,ERCC6:1042,valid
ERCC6,NP_000115.1,1042,L,Nycticebus coucang,XP_053440248.1,2,F,F,match,5,ERCC6:1042,valid
ERCC6,NP_000115.1,1042,L,Nycticebus coucang,XP_053440248.1,3,G,G,match,5,ERCC6:1042,valid
ERCC6,NP_000115.1,1042,L,Nycticebus coucang,XP_053440248.1,4,A,I,different,0,ERCC6:1042,valid
ERCC6,NP_000115.1,1042,L,Nycticebus coucang,XP_053440248.1,5,D,D,match,5,ERCC6:1042,valid
ERCC6,NP_000115.1,1042,L,Nycticebus coucang,XP_053440248.1,6,H,H,match,5,ERCC6:1042,valid
ERCC6,NP_000115.1,1042,L,Nycticebus coucang,XP_053440248.1,7,D,D,match,5,ERCC6:1042,valid
ERCC6,NP_000115.1,1042,L,Nycticebus coucang,XP_053440248.1,8,V,V,match,5,ERCC6:1042,valid
ERCC6,NP_000115.1,1042,L,Nycticebus coucang,XP_053440248.1,9,P,P,match,5,ERCC6:1042,valid
ERCC6,NP_000115.1,1042,L,Nycticebus coucang,XP_053440248.1,10,K,K,match,5,ERCC6:1042,valid
EYS,NP_001136272.1,2502,R,Cercocebus atys,XP_011923757.1,-10,N,N,match,5,EYS:2502,valid
EYS,NP_001136272.1,2502,R,Cercocebus atys,XP_011923757.1,-9,L,L,match,5,EYS:2502,valid
EYS,NP_001136272.1,2502,R,Cercocebus atys,XP_011923757.1,-8,G,G,match,5,EYS:2502,valid
EYS,NP_001136272.1,2502,R,Cercocebus atys,XP_011923757.1,-7,S,S,match,5,EYS:2502,valid
EYS,NP_001136272.1,2502,R,Cercocebus atys,XP_011923757.1,-6,G,G,match,5,EYS:2502,valid
EYS,NP_001136272.1,2502,R,Cercocebus atys,XP_011923757.1,-5,I,I,match,5,EYS:2502,valid
EYS,NP_001136272.1,2502,R,Cercocebus atys,XP_011923757.1,-4,A,A,match,5,EYS:2502,valid
EYS,NP_001136272.1,2502,R,Cercocebus atys,XP_011923757.1,-3,S,S,match,5,EYS:2502,valid
EYS,NP_001136272.1,2502,R,Cercocebus atys,XP_011923757.1,-2,I,I,match,5,EYS:2502,valid
EYS,NP_001136272.1,2502,R,Cercocebus atys,XP_011923757.1,-1,R,R,match,5,EYS:2502,valid
EYS,NP_001136272.1,2502,R,Cercocebus atys,XP_011923757.1,1,E,I,different,0,EYS:2502,valid
EYS,NP_001136272.1,2502,R,Cercocebus atys,XP_011923757.1,2,P,P,match,5,EYS:2502,valid
EYS,NP_001136272.1,2502,R,Cercocebus atys,XP_011923757.1,3,L,X,different,0,EYS:2502,valid
EYS,NP_001136272.1,2502,R,Cercocebus atys,XP_011923757.1,4,N,H,different,0,EYS:2502,valid
EYS,NP_001136272.1,2502,R,Cercocebus atys,XP_011923757.1,5,L,L,match,5,EYS:2502,valid
EYS,NP_001136272.1,2502,R,Cercocebus atys,XP_011923757.1,6,S,S,match,5,EYS:2502,valid
EYS,NP_001136272.1,2502,R,Cercocebus atys,XP_011923757.1,7,L,L,match,5,EYS:2502,valid
EYS,NP_001136272.1,2502,R,Cercocebus atys,XP_011923757.1,8,G,G,match,5,EYS:2502,valid
EYS,NP_001136272.1,2502,R,Cercocebus atys,XP_011923757.1,9,V,V,match,5,EYS:2502,valid
EYS,NP_001136272.1,2502,R,Cercocebus atys,XP_011923757.1,10,H,H,match,5,EYS:2502,valid
F8,NP_000123.1,2038,S,Callithrix jacchus,XP_078219844.1,-10,G,G,match,5,F8:2038,valid
F8,NP_000123.1,2038,S,Callithrix jacchus,XP_078219844.1,-9,M,M,match,5,F8:2038,valid
F8,NP_000123.1,2038,S,Callithrix jacchus,XP_078219844.1,-8,S,S,match,5,F8:2038,valid
F8,NP_000123.1,2038,S,Callithrix jacchus,XP_078219844.1,-7,T,T,match,5,F8:2038,valid
F8,NP_000123.1,2038,S,Callithrix jacchus,XP_078219844.1,-6,L,L,match,5,F8:2038,valid
F8,NP_000123.1,2038,S,Callithrix jacchus,XP_078219844.1,-5,F,F,match,5,F8:2038,valid
F8,NP_000123.1,2038,S,Callithrix jacchus,XP_078219844.1,-4,L,L,match,5,F8:2038,valid
F8,NP_000123.1,2038,S,Callithrix jacchus,XP_078219844.1,-3,V,V,match,5,F8:2038,valid
F8,NP_000123.1,2038,S,Callithrix jacchus,XP_078219844.1,-2,Y,Y,match,5,F8:2038,valid
F8,NP_000123.1,2038,S,Callithrix jacchus,XP_078219844.1,-1,S,S,match,5,F8:2038,valid
F8,NP_000123.1,2038,S,Callithrix jacchus,XP_078219844.1,1,K,K,match,5,F8:2038,valid
F8,NP_000123.1,2038,S,Callithrix jacchus,XP_078219844.1,2,C,C,match,5,F8:2038,valid
F8,NP_000123.1,2038,S,Callithrix jacchus,XP_078219844.1,3,Q,Q,match,5,F8:2038,valid
F8,NP_000123.1,2038,S,Callithrix jacchus,XP_078219844.1,4,T,T,match,5,F8:2038,valid
F8,NP_000123.1,2038,S,Callithrix jacchus,XP_078219844.1,5,P,P,match,5,F8:2038,valid
F8,NP_000123.1,2038,S,Callithrix jacchus,XP_078219844.1,6,L,L,match,5,F8:2038,valid
F8,NP_000123.1,2038,S,Callithrix jacchus,XP_078219844.1,7,G,G,match,5,F8:2038,valid
F8,NP_000123.1,2038,S,Callithrix jacchus,XP_078219844.1,8,M,M,match,5,F8:2038,valid
F8,NP_000123.1,2038,S,Callithrix jacchus,XP_078219844.1,9,A,A,match,5,F8:2038,valid
F8,NP_000123.1,2038,S,Callithrix jacchus,XP_078219844.1,10,S,S,match,5,F8:2038,valid
F8,NP_000123.1,2157,S,Aotus nancymaae,XP_064227599.1,-10,G,G,match,5,F8:2157,valid
F8,NP_000123.1,2157,S,Aotus nancymaae,XP_064227599.1,-9,N,N,match,5,F8:2157,valid
F8,NP_000123.1,2157,S,Aotus nancymaae,XP_064227599.1,-8,V,V,match,5,F8:2157,valid
F8,NP_000123.1,2157,S,Aotus nancymaae,XP_064227599.1,-7,D,D,match,5,F8:2157,valid
F8,NP_000123.1,2157,S,Aotus nancymaae,XP_064227599.1,-6,S,S,match,5,F8:2157,valid
F8,NP_000123.1,2157,S,Aotus nancymaae,XP_064227599.1,-5,S,S,match,5,F8:2157,valid
F8,NP_000123.1,2157,S,Aotus nancymaae,XP_064227599.1,-4,G,G,match,5,F8:2157,valid
F8,NP_000123.1,2157,S,Aotus nancymaae,XP_064227599.1,-3,I,I,match,5,F8:2157,valid
F8,NP_000123.1,2157,S,Aotus nancymaae,XP_064227599.1,-2,K,K,match,5,F8:2157,valid
F8,NP_000123.1,2157,S,Aotus nancymaae,XP_064227599.1,-1,H,H,match,5,F8:2157,valid
F8,NP_000123.1,2157,S,Aotus nancymaae,XP_064227599.1,1,I,I,match,5,F8:2157,valid
F8,NP_000123.1,2157,S,Aotus nancymaae,XP_064227599.1,2,F,F,match,5,F8:2157,valid
F8,NP_000123.1,2157,S,Aotus nancymaae,XP_064227599.1,3,N,N,match,5,F8:2157,valid
F8,NP_000123.1,2157,S,Aotus nancymaae,XP_064227599.1,4,P,P,match,5,F8:2157,valid
F8,NP_000123.1,2157,S,Aotus nancymaae,XP_064227599.1,5,P,P,match,5,F8:2157,valid
F8,NP_000123.1,2157,S,Aotus nancymaae,XP_064227599.1,6,I,I,match,5,F8:2157,valid
F8,NP_000123.1,2157,S,Aotus nancymaae,XP_064227599.1,7,I,I,match,5,F8:2157,valid
F8,NP_000123.1,2157,S,Aotus nancymaae,XP_064227599.1,8,A,A,match,5,F8:2157,valid
F8,NP_000123.1,2157,S,Aotus nancymaae,XP_064227599.1,9,R,R,match,5,F8:2157,valid
F8,NP_000123.1,2157,S,Aotus nancymaae,XP_064227599.1,10,Y,Y,match,5,F8:2157,valid
F9,NP_000124.1,75,Q,Otolemur garnettii,XP_023373463.1,-10,M,I,different,0,F9:75,valid
F9,NP_000124.1,75,Q,Otolemur garnettii,XP_023373463.1,-9,E,E,match,5,F9:75,valid
F9,NP_000124.1,75,Q,Otolemur garnettii,XP_023373463.1,-8,E,E,match,5,F9:75,valid
F9,NP_000124.1,75,Q,Otolemur garnettii,XP_023373463.1,-7,K,K,match,5,F9:75,valid
F9,NP_000124.1,75,Q,Otolemur garnettii,XP_023373463.1,-6,C,C,match,5,F9:75,valid
F9,NP_000124.1,75,Q,Otolemur garnettii,XP_023373463.1,-5,S,S,match,5,F9:75,valid
F9,NP_000124.1,75,Q,Otolemur garnettii,XP_023373463.1,-4,F,F,match,5,F9:75,valid
F9,NP_000124.1,75,Q,Otolemur garnettii,XP_023373463.1,-3,E,E,match,5,F9:75,valid
F9,NP_000124.1,75,Q,Otolemur garnettii,XP_023373463.1,-2,E,E,match,5,F9:75,valid
F9,NP_000124.1,75,Q,Otolemur garnettii,XP_023373463.1,-1,A,A,match,5,F9:75,valid
F9,NP_000124.1,75,Q,Otolemur garnettii,XP_023373463.1,1,E,E,match,5,F9:75,valid
F9,NP_000124.1,75,Q,Otolemur garnettii,XP_023373463.1,2,V,V,match,5,F9:75,valid
F9,NP_000124.1,75,Q,Otolemur garnettii,XP_023373463.1,3,F,F,match,5,F9:75,valid
F9,NP_000124.1,75,Q,Otolemur garnettii,XP_023373463.1,4,E,E,match,5,F9:75,valid
F9,NP_000124.1,75,Q,Otolemur garnettii,XP_023373463.1,5,N,N,match,5,F9:75,valid
F9,NP_000124.1,75,Q,Otolemur garnettii,XP_023373463.1,6,T,K,different,0,F9:75,valid
F9,NP_000124.1,75,Q,Otolemur garnettii,XP_023373463.1,7,E,E,match,5,F9:75,valid
F9,NP_000124.1,75,Q,Otolemur garnettii,XP_023373463.1,8,R,R,match,5,F9:75,valid
F9,NP_000124.1,75,Q,Otolemur garnettii,XP_023373463.1,9,T,T,match,5,F9:75,valid
F9,NP_000124.1,75,Q,Otolemur garnettii,XP_023373463.1,10,T,T,match,5,F9:75,valid
FANCA,NP_000126.2,936,K,Propithecus coquereli,XP_012512613.1,-10,H,H,match,5,FANCA:936,invalid
FANCA,NP_000126.2,936,K,Propithecus coquereli,XP_012512613.1,-9,L,R,different,0,FANCA:936,invalid
FANCA,NP_000126.2,936,K,Propithecus coquereli,XP_012512613.1,-8,T,P,different,0,FANCA:936,invalid
FANCA,NP_000126.2,936,K,Propithecus coquereli,XP_012512613.1,-7,Y,-,gap,-5,FANCA:936,invalid
FANCA,NP_000126.2,936,K,Propithecus coquereli,XP_012512613.1,-6,Q,-,gap,-5,FANCA:936,invalid
FANCA,NP_000126.2,936,K,Propithecus coquereli,XP_012512613.1,-5,D,-,gap,-5,FANCA:936,invalid
FANCA,NP_000126.2,936,K,Propithecus coquereli,XP_012512613.1,-4,W,-,gap,-5,FANCA:936,invalid
FANCA,NP_000126.2,936,K,Propithecus coquereli,XP_012512613.1,-3,L,L,match,5,FANCA:936,invalid
FANCA,NP_000126.2,936,K,Propithecus coquereli,XP_012512613.1,-2,H,F,different,0,FANCA:936,invalid
FANCA,NP_000126.2,936,K,Propithecus coquereli,XP_012512613.1,-1,L,T,different,0,FANCA:936,invalid
FANCA,NP_000126.2,936,K,Propithecus coquereli,XP_012512613.1,1,L,L,match,5,FANCA:936,invalid
FANCA,NP_000126.2,936,K,Propithecus coquereli,XP_012512613.1,2,E,-,gap,-5,FANCA:936,invalid
FANCA,NP_000126.2,936,K,Propithecus coquereli,XP_012512613.1,3,I,-,gap,-5,FANCA:936,invalid
FANCA,NP_000126.2,936,K,Propithecus coquereli,XP_012512613.1,4,Q,-,gap,-5,FANCA:936,invalid
FANCA,NP_000126.2,936,K,Propithecus coquereli,XP_012512613.1,5,P,I,different,0,FANCA:936,invalid
FANCA,NP_000126.2,936,K,Propithecus coquereli,XP_012512613.1,6,E,S,different,0,FANCA:936,invalid
FANCA,NP_000126.2,936,K,Propithecus coquereli,XP_012512613.1,7,A,C,different,0,FANCA:936,invalid
FANCA,NP_000126.2,936,K,Propithecus coquereli,XP_012512613.1,8,D,A,different,0,FANCA:936,invalid
FANCA,NP_000126.2,936,K,Propithecus coquereli,XP_012512613.1,9,A,A,match,5,FANCA:936,invalid
FANCA,NP_000126.2,936,K,Propithecus coquereli,XP_012512613.1,10,L,S,different,0,FANCA:936,invalid
FANCA,NP_000126.2,358,R,Macaca nemestrina,XP_070939801.1,-10,-,G,gap,-5,FANCA:358,invalid
FANCA,NP_000126.2,358,R,Macaca nemestrina,XP_070939801.1,-9,A,G,different,0,FANCA:358,invalid
FANCA,NP_000126.2,358,R,Macaca nemestrina,XP_070939801.1,-8,R,R,match,5,FANCA:358,invalid
FANCA,NP_000126.2,358,R,Macaca nemestrina,XP_070939801.1,-7,T,D,different,0,FANCA:358,invalid
FANCA,NP_000126.2,358,R,Macaca nemestrina,XP_070939801.1,-6,H,A,different,0,FANCA:358,invalid
FANCA,NP_000126.2,358,R,Macaca nemestrina,XP_070939801.1,-5,P,A,different,0,FANCA:358,invalid
FANCA,NP_000126.2,358,R,Macaca nemestrina,XP_070939801.1,-4,L,V,different,0,FANCA:358,invalid
FANCA,NP_000126.2,358,R,Macaca nemestrina,XP_070939801.1,-3,L,R,different,0,FANCA:358,invalid
FANCA,NP_000126.2,358,R,Macaca nemestrina,XP_070939801.1,-2,T,G,different,0,FANCA:358,invalid
FANCA,NP_000126.2,358,R,Macaca nemestrina,XP_070939801.1,-1,S,G,different,0,FANCA:358,invalid
FANCA,NP_000126.2,358,R,Macaca nemestrina,XP_070939801.1,1,Y,D,different,0,FANCA:358,invalid
FANCA,NP_000126.2,358,R,Macaca nemestrina,XP_070939801.1,2,R,A,different,0,FANCA:358,invalid
FANCA,NP_000126.2,358,R,Macaca nemestrina,XP_070939801.1,3,R,A,different,0,FANCA:358,invalid
FANCA,NP_000126.2,358,R,Macaca nemestrina,XP_070939801.1,4,L,L,match,5,FANCA:358,invalid
FANCA,NP_000126.2,358,R,Macaca nemestrina,XP_070939801.1,5,F,F,match,5,FANCA:358,invalid
FANCA,NP_000126.2,358,R,Macaca nemestrina,XP_070939801.1,6,V,V,match,5,FANCA:358,invalid
FANCA,NP_000126.2,358,R,Macaca nemestrina,XP_070939801.1,7,M,M,match,5,FANCA:358,invalid
FANCA,NP_000126.2,358,R,Macaca nemestrina,XP_070939801.1,8,L,L,match,5,FANCA:358,invalid
FANCA,NP_000126.2,358,R,Macaca nemestrina,XP_070939801.1,9,S,S,match,5,FANCA:358,invalid
FANCA,NP_000126.2,358,R,Macaca nemestrina,XP_070939801.1,10,A,P,different,0,FANCA:358,invalid
G6PD,NP_000393.4,3,W,Nomascus leucogenys,XP_030663505.1,-10,-,L,gap,-5,G6PD:3,invalid
G6PD,NP_000393.4,3,W,Nomascus leucogenys,XP_030663505.1,-9,-,Q,gap,-5,G6PD:3,invalid
G6PD,NP_000393.4,3,W,Nomascus leucogenys,XP_030663505.1,-8,-,R,gap,-5,G6PD:3,invalid
G6PD,NP_000393.4,3,W,Nomascus leucogenys,XP_030663505.1,-7,-,R,gap,-5,G6PD:3,invalid
G6PD,NP_000393.4,3,W,Nomascus leucogenys,XP_030663505.1,-6,-,C,gap,-5,G6PD:3,invalid
G6PD,NP_000393.4,3,W,Nomascus leucogenys,XP_030663505.1,-5,-,P,gap,-5,G6PD:3,invalid
G6PD,NP_000393.4,3,W,Nomascus leucogenys,XP_030663505.1,-4,-,R,gap,-5,G6PD:3,invalid
G6PD,NP_000393.4,3,W,Nomascus leucogenys,XP_030663505.1,-3,-,G,gap,-5,G6PD:3,invalid
G6PD,NP_000393.4,3,W,Nomascus leucogenys,XP_030663505.1,-2,M,G,different,0,G6PD:3,invalid
G6PD,NP_000393.4,3,W,Nomascus leucogenys,XP_030663505.1,-1,G,G,match,5,G6PD:3,invalid
G6PD,NP_000393.4,3,W,Nomascus leucogenys,XP_030663505.1,1,R,P,different,0,G6PD:3,invalid
G6PD,NP_000393.4,3,W,Nomascus leucogenys,XP_030663505.1,2,G,G,match,5,G6PD:3,invalid
G6PD,NP_000393.4,3,W,Nomascus leucogenys,XP_030663505.1,3,S,M,different,0,G6PD:3,invalid
G6PD,NP_000393.4,3,W,Nomascus leucogenys,XP_030663505.1,4,A,R,different,0,G6PD:3,invalid
G6PD,NP_000393.4,3,W,Nomascus leucogenys,XP_030663505.1,5,P,A,different,0,G6PD:3,invalid
G6PD,NP_000393.4,3,W,Nomascus leucogenys,XP_030663505.1,6,G,H,different,0,G6PD:3,invalid
G6PD,NP_000393.4,3,W,Nomascus leucogenys,XP_030663505.1,7,N,L,different,0,G6PD:3,invalid
G6PD,NP_000393.4,3,W,Nomascus leucogenys,XP_030663505.1,8,G,H,different,0,G6PD:3,invalid
G6PD,NP_000393.4,3,W,Nomascus leucogenys,XP_030663505.1,9,R,S,different,0,G6PD:3,invalid
G6PD,NP_000393.4,3,W,Nomascus leucogenys,XP_030663505.1,10,T,P,different,0,G6PD:3,invalid
G6PD,NP_000393.4,3,W,Pongo pygmaeus,XP_054326588.1,-10,-,-,gap,-5,G6PD:3,invalid
G6PD,NP_000393.4,3,W,Pongo pygmaeus,XP_054326588.1,-9,-,-,gap,-5,G6PD:3,invalid
G6PD,NP_000393.4,3,W,Pongo pygmaeus,XP_054326588.1,-8,-,-,gap,-5,G6PD:3,invalid
G6PD,NP_000393.4,3,W,Pongo pygmaeus,XP_054326588.1,-7,-,-,gap,-5,G6PD:3,invalid
G6PD,NP_000393.4,3,W,Pongo pygmaeus,XP_054326588.1,-6,-,-,gap,-5,G6PD:3,invalid
G6PD,NP_000393.4,3,W,Pongo pygmaeus,XP_054326588.1,-5,-,-,gap,-5,G6PD:3,invalid
G6PD,NP_000393.4,3,W,Pongo pygmaeus,XP_054326588.1,-4,-,-,gap,-5,G6PD:3,invalid
G6PD,NP_000393.4,3,W,Pongo pygmaeus,XP_054326588.1,-3,-,-,gap,-5,G6PD:3,invalid
G6PD,NP_000393.4,3,W,Pongo pygmaeus,XP_054326588.1,-2,M,M,match,5,G6PD:3,invalid
G6PD,NP_000393.4,3,W,Pongo pygmaeus,XP_054326588.1,-1,G,G,match,5,G6PD:3,invalid
G6PD,NP_000393.4,3,W,Pongo pygmaeus,XP_054326588.1,1,R,R,match,5,G6PD:3,invalid
G6PD,NP_000393.4,3,W,Pongo pygmaeus,XP_054326588.1,2,G,G,match,5,G6PD:3,invalid
G6PD,NP_000393.4,3,W,Pongo pygmaeus,XP_054326588.1,3,S,S,match,5,G6PD:3,invalid
G6PD,NP_000393.4,3,W,Pongo pygmaeus,XP_054326588.1,4,A,V,different,0,G6PD:3,invalid
G6PD,NP_000393.4,3,W,Pongo pygmaeus,XP_054326588.1,5,P,P,match,5,G6PD:3,invalid
G6PD,NP_000393.4,3,W,Pongo pygmaeus,XP_054326588.1,6,G,G,match,5,G6PD:3,invalid
G6PD,NP_000393.4,3,W,Pongo pygmaeus,XP_054326588.1,7,N,N,match,5,G6PD:3,invalid
G6PD,NP_000393.4,3,W,Pongo pygmaeus,XP_054326588.1,8,G,G,match,5,G6PD:3,invalid
G6PD,NP_000393.4,3,W,Pongo pygmaeus,XP_054326588.1,9,R,R,match,5,G6PD:3,invalid
G6PD,NP_000393.4,3,W,Pongo pygmaeus,XP_054326588.1,10,T,T,match,5,G6PD:3,invalid
G6PD,NP_000393.4,3,W,Microcebus murinus,XP_012613637.1,-10,-,-,gap,-5,G6PD:3,invalid
G6PD,NP_000393.4,3,W,Microcebus murinus,XP_012613637.1,-9,-,-,gap,-5,G6PD:3,invalid
G6PD,NP_000393.4,3,W,Microcebus murinus,XP_012613637.1,-8,-,-,gap,-5,G6PD:3,invalid
G6PD,NP_000393.4,3,W,Microcebus murinus,XP_012613637.1,-7,-,-,gap,-5,G6PD:3,invalid
G6PD,NP_000393.4,3,W,Microcebus murinus,XP_012613637.1,-6,-,-,gap,-5,G6PD:3,invalid
G6PD,NP_000393.4,3,W,Microcebus murinus,XP_012613637.1,-5,-,-,gap,-5,G6PD:3,invalid
G6PD,NP_000393.4,3,W,Microcebus murinus,XP_012613637.1,-4,-,-,gap,-5,G6PD:3,invalid
G6PD,NP_000393.4,3,W,Microcebus murinus,XP_012613637.1,-3,-,-,gap,-5,G6PD:3,invalid
G6PD,NP_000393.4,3,W,Microcebus murinus,XP_012613637.1,-2,M,M,match,5,G6PD:3,invalid
G6PD,NP_000393.4,3,W,Microcebus murinus,XP_012613637.1,-1,G,G,match,5,G6PD:3,invalid
G6PD,NP_000393.4,3,W,Microcebus murinus,XP_012613637.1,1,R,R,match,5,G6PD:3,invalid
G6PD,NP_000393.4,3,W,Microcebus murinus,XP_012613637.1,2,G,G,match,5,G6PD:3,invalid
G6PD,NP_000393.4,3,W,Microcebus murinus,XP_012613637.1,3,S,T,different,0,G6PD:3,invalid
G6PD,NP_000393.4,3,W,Microcebus murinus,XP_012613637.1,4,A,A,match,5,G6PD:3,invalid
G6PD,NP_000393.4,3,W,Microcebus murinus,XP_012613637.1,5,P,P,match,5,G6PD:3,invalid
G6PD,NP_000393.4,3,W,Microcebus murinus,XP_012613637.1,6,G,G,match,5,G6PD:3,invalid
G6PD,NP_000393.4,3,W,Microcebus murinus,XP_012613637.1,7,N,N,match,5,G6PD:3,invalid
G6PD,NP_000393.4,3,W,Microcebus murinus,XP_012613637.1,8,G,G,match,5,G6PD:3,invalid
G6PD,NP_000393.4,3,W,Microcebus murinus,XP_012613637.1,9,R,R,match,5,G6PD:3,invalid
G6PD,NP_000393.4,3,W,Microcebus murinus,XP_012613637.1,10,T,A,different,0,G6PD:3,invalid
G6PD,NP_000393.4,3,W,Eulemur rufifrons,XP_069320023.1,-10,-,-,gap,-5,G6PD:3,invalid
G6PD,NP_000393.4,3,W,Eulemur rufifrons,XP_069320023.1,-9,-,-,gap,-5,G6PD:3,invalid
G6PD,NP_000393.4,3,W,Eulemur rufifrons,XP_069320023.1,-8,-,-,gap,-5,G6PD:3,invalid
G6PD,NP_000393.4,3,W,Eulemur rufifrons,XP_069320023.1,-7,-,-,gap,-5,G6PD:3,invalid
G6PD,NP_000393.4,3,W,Eulemur rufifrons,XP_069320023.1,-6,-,-,gap,-5,G6PD:3,invalid
G6PD,NP_000393.4,3,W,Eulemur rufifrons,XP_069320023.1,-5,-,-,gap,-5,G6PD:3,invalid
G6PD,NP_000393.4,3,W,Eulemur rufifrons,XP_069320023.1,-4,-,-,gap,-5,G6PD:3,invalid
G6PD,NP_000393.4,3,W,Eulemur rufifrons,XP_069320023.1,-3,-,-,gap,-5,G6PD:3,invalid
G6PD,NP_000393.4,3,W,Eulemur rufifrons,XP_069320023.1,-2,M,M,match,5,G6PD:3,invalid
G6PD,NP_000393.4,3,W,Eulemur rufifrons,XP_069320023.1,-1,G,G,match,5,G6PD:3,invalid
G6PD,NP_000393.4,3,W,Eulemur rufifrons,XP_069320023.1,1,R,R,match,5,G6PD:3,invalid
G6PD,NP_000393.4,3,W,Eulemur rufifrons,XP_069320023.1,2,G,G,match,5,G6PD:3,invalid
G6PD,NP_000393.4,3,W,Eulemur rufifrons,XP_069320023.1,3,S,T,different,0,G6PD:3,invalid
G6PD,NP_000393.4,3,W,Eulemur rufifrons,XP_069320023.1,4,A,A,match,5,G6PD:3,invalid
G6PD,NP_000393.4,3,W,Eulemur rufifrons,XP_069320023.1,5,P,P,match,5,G6PD:3,invalid
G6PD,NP_000393.4,3,W,Eulemur rufifrons,XP_069320023.1,6,G,G,match,5,G6PD:3,invalid
G6PD,NP_000393.4,3,W,Eulemur rufifrons,XP_069320023.1,7,N,N,match,5,G6PD:3,invalid
G6PD,NP_000393.4,3,W,Eulemur rufifrons,XP_069320023.1,8,G,G,match,5,G6PD:3,invalid
G6PD,NP_000393.4,3,W,Eulemur rufifrons,XP_069320023.1,9,R,R,match,5,G6PD:3,invalid
G6PD,NP_000393.4,3,W,Eulemur rufifrons,XP_069320023.1,10,T,A,different,0,G6PD:3,invalid
G6PD,NP_000393.4,3,W,Lemur catta,XP_045394214.1,-10,-,-,gap,-5,G6PD:3,invalid
G6PD,NP_000393.4,3,W,Lemur catta,XP_045394214.1,-9,-,-,gap,-5,G6PD:3,invalid
G6PD,NP_000393.4,3,W,Lemur catta,XP_045394214.1,-8,-,-,gap,-5,G6PD:3,invalid
G6PD,NP_000393.4,3,W,Lemur catta,XP_045394214.1,-7,-,-,gap,-5,G6PD:3,invalid
G6PD,NP_000393.4,3,W,Lemur catta,XP_045394214.1,-6,-,-,gap,-5,G6PD:3,invalid
G6PD,NP_000393.4,3,W,Lemur catta,XP_045394214.1,-5,-,-,gap,-5,G6PD:3,invalid
G6PD,NP_000393.4,3,W,Lemur catta,XP_045394214.1,-4,-,-,gap,-5,G6PD:3,invalid
G6PD,NP_000393.4,3,W,Lemur catta,XP_045394214.1,-3,-,-,gap,-5,G6PD:3,invalid
G6PD,NP_000393.4,3,W,Lemur catta,XP_045394214.1,-2,M,M,match,5,G6PD:3,invalid
G6PD,NP_000393.4,3,W,Lemur catta,XP_045394214.1,-1,G,G,match,5,G6PD:3,invalid
G6PD,NP_000393.4,3,W,Lemur catta,XP_045394214.1,1,R,R,match,5,G6PD:3,invalid
G6PD,NP_000393.4,3,W,Lemur catta,XP_045394214.1,2,G,G,match,5,G6PD:3,invalid
G6PD,NP_000393.4,3,W,Lemur catta,XP_045394214.1,3,S,T,different,0,G6PD:3,invalid
G6PD,NP_000393.4,3,W,Lemur catta,XP_045394214.1,4,A,A,match,5,G6PD:3,invalid
G6PD,NP_000393.4,3,W,Lemur catta,XP_045394214.1,5,P,P,match,5,G6PD:3,invalid
G6PD,NP_000393.4,3,W,Lemur catta,XP_045394214.1,6,G,G,match,5,G6PD:3,invalid
G6PD,NP_000393.4,3,W,Lemur catta,XP_045394214.1,7,N,N,match,5,G6PD:3,invalid
G6PD,NP_000393.4,3,W,Lemur catta,XP_045394214.1,8,G,G,match,5,G6PD:3,invalid
G6PD,NP_000393.4,3,W,Lemur catta,XP_045394214.1,9,R,R,match,5,G6PD:3,invalid
G6PD,NP_000393.4,3,W,Lemur catta,XP_045394214.1,10,T,A,different,0,G6PD:3,invalid
G6PD,NP_000393.4,3,W,Propithecus coquereli,XP_012517460.1,-10,-,-,gap,-5,G6PD:3,invalid
G6PD,NP_000393.4,3,W,Propithecus coquereli,XP_012517460.1,-9,-,-,gap,-5,G6PD:3,invalid
G6PD,NP_000393.4,3,W,Propithecus coquereli,XP_012517460.1,-8,-,-,gap,-5,G6PD:3,invalid
G6PD,NP_000393.4,3,W,Propithecus coquereli,XP_012517460.1,-7,-,-,gap,-5,G6PD:3,invalid
G6PD,NP_000393.4,3,W,Propithecus coquereli,XP_012517460.1,-6,-,-,gap,-5,G6PD:3,invalid
G6PD,NP_000393.4,3,W,Propithecus coquereli,XP_012517460.1,-5,-,-,gap,-5,G6PD:3,invalid
G6PD,NP_000393.4,3,W,Propithecus coquereli,XP_012517460.1,-4,-,-,gap,-5,G6PD:3,invalid
G6PD,NP_000393.4,3,W,Propithecus coquereli,XP_012517460.1,-3,-,-,gap,-5,G6PD:3,invalid
G6PD,NP_000393.4,3,W,Propithecus coquereli,XP_012517460.1,-2,M,M,match,5,G6PD:3,invalid
G6PD,NP_000393.4,3,W,Propithecus coquereli,XP_012517460.1,-1,G,G,match,5,G6PD:3,invalid
G6PD,NP_000393.4,3,W,Propithecus coquereli,XP_012517460.1,1,R,R,match,5,G6PD:3,invalid
G6PD,NP_000393.4,3,W,Propithecus coquereli,XP_012517460.1,2,G,G,match,5,G6PD:3,invalid
G6PD,NP_000393.4,3,W,Propithecus coquereli,XP_012517460.1,3,S,T,different,0,G6PD:3,invalid
G6PD,NP_000393.4,3,W,Propithecus coquereli,XP_012517460.1,4,A,A,match,5,G6PD:3,invalid
G6PD,NP_000393.4,3,W,Propithecus coquereli,XP_012517460.1,5,P,P,match,5,G6PD:3,invalid
G6PD,NP_000393.4,3,W,Propithecus coquereli,XP_012517460.1,6,G,G,match,5,G6PD:3,invalid
G6PD,NP_000393.4,3,W,Propithecus coquereli,XP_012517460.1,7,N,N,match,5,G6PD:3,invalid
G6PD,NP_000393.4,3,W,Propithecus coquereli,XP_012517460.1,8,G,G,match,5,G6PD:3,invalid
G6PD,NP_000393.4,3,W,Propithecus coquereli,XP_012517460.1,9,R,S,different,0,G6PD:3,invalid
G6PD,NP_000393.4,3,W,Propithecus coquereli,XP_012517460.1,10,T,A,different,0,G6PD:3,invalid
GALC,NP_000144.2,1,V,Cercocebus atys,XP_011939001.1,-10,-,-,gap,-5,GALC:1,invalid
GALC,NP_000144.2,1,V,Cercocebus atys,XP_011939001.1,-9,-,-,gap,-5,GALC:1,invalid
GALC,NP_000144.2,1,V,Cercocebus atys,XP_011939001.1,-8,-,-,gap,-5,GALC:1,invalid
GALC,NP_000144.2,1,V,Cercocebus atys,XP_011939001.1,-7,-,-,gap,-5,GALC:1,invalid
GALC,NP_000144.2,1,V,Cercocebus atys,XP_011939001.1,-6,-,-,gap,-5,GALC:1,invalid
GALC,NP_000144.2,1,V,Cercocebus atys,XP_011939001.1,-5,-,-,gap,-5,GALC:1,invalid
GALC,NP_000144.2,1,V,Cercocebus atys,XP_011939001.1,-4,-,-,gap,-5,GALC:1,invalid
GALC,NP_000144.2,1,V,Cercocebus atys,XP_011939001.1,-3,-,-,gap,-5,GALC:1,invalid
GALC,NP_000144.2,1,V,Cercocebus atys,XP_011939001.1,-2,-,-,gap,-5,GALC:1,invalid
GALC,NP_000144.2,1,V,Cercocebus atys,XP_011939001.1,-1,-,M,gap,-5,GALC:1,invalid
GALC,NP_000144.2,1,V,Cercocebus atys,XP_011939001.1,1,A,A,match,5,GALC:1,invalid
GALC,NP_000144.2,1,V,Cercocebus atys,XP_011939001.1,2,E,D,different,0,GALC:1,invalid
GALC,NP_000144.2,1,V,Cercocebus atys,XP_011939001.1,3,-,L,gap,-5,GALC:1,invalid
GALC,NP_000144.2,1,V,Cercocebus atys,XP_011939001.1,4,W,W,match,5,GALC:1,invalid
GALC,NP_000144.2,1,V,Cercocebus atys,XP_011939001.1,5,L,-,gap,-5,GALC:1,invalid
GALC,NP_000144.2,1,V,Cercocebus atys,XP_011939001.1,6,L,-,gap,-5,GALC:1,invalid
GALC,NP_000144.2,1,V,Cercocebus atys,XP_011939001.1,7,S,-,gap,-5,GALC:1,invalid
GALC,NP_000144.2,1,V,Cercocebus atys,XP_011939001.1,8,A,-,gap,-5,GALC:1,invalid
GALC,NP_000144.2,1,V,Cercocebus atys,XP_011939001.1,9,S,-,gap,-5,GALC:1,invalid
GALC,NP_000144.2,1,V,Cercocebus atys,XP_011939001.1,10,W,-,gap,-5,GALC:1,invalid
GALNS,NP_000503.1,318,V,Carlito syrichta,XP_021563077.1,-10,C,C,match,5,GALNS:318,valid
GALNS,NP_000503.1,318,V,Carlito syrichta,XP_021563077.1,-9,G,G,match,5,GALNS:318,valid
GALNS,NP_000503.1,318,V,Carlito syrichta,XP_021563077.1,-8,K,K,match,5,GALNS:318,valid
GALNS,NP_000503.1,318,V,Carlito syrichta,XP_021563077.1,-7,Q,Q,match,5,GALNS:318,valid
GALNS,NP_000503.1,318,V,Carlito syrichta,XP_021563077.1,-6,T,T,match,5,GALNS:318,valid
GALNS,NP_000503.1,318,V,Carlito syrichta,XP_021563077.1,-5,T,T,match,5,GALNS:318,valid
GALNS,NP_000503.1,318,V,Carlito syrichta,XP_021563077.1,-4,F,F,match,5,GALNS:318,valid
GALNS,NP_000503.1,318,V,Carlito syrichta,XP_021563077.1,-3,E,E,match,5,GALNS:318,valid
GALNS,NP_000503.1,318,V,Carlito syrichta,XP_021563077.1,-2,G,G,match,5,GALNS:318,valid
GALNS,NP_000503.1,318,V,Carlito syrichta,XP_021563077.1,-1,G,G,match,5,GALNS:318,valid
GALNS,NP_000503.1,318,V,Carlito syrichta,XP_021563077.1,1,R,R,match,5,GALNS:318,valid
GALNS,NP_000503.1,318,V,Carlito syrichta,XP_021563077.1,2,E,E,match,5,GALNS:318,valid
GALNS,NP_000503.1,318,V,Carlito syrichta,XP_021563077.1,3,P,P,match,5,GALNS:318,valid
GALNS,NP_000503.1,318,V,Carlito syrichta,XP_021563077.1,4,A,A,match,5,GALNS:318,valid
GALNS,NP_000503.1,318,V,Carlito syrichta,XP_021563077.1,5,L,L,match,5,GALNS:318,valid
GALNS,NP_000503.1,318,V,Carlito syrichta,XP_021563077.1,6,A,A,match,5,GALNS:318,valid
GALNS,NP_000503.1,318,V,Carlito syrichta,XP_021563077.1,7,W,W,match,5,GALNS:318,valid
GALNS,NP_000503.1,318,V,Carlito syrichta,XP_021563077.1,8,W,W,match,5,GALNS:318,valid
GALNS,NP_000503.1,318,V,Carlito syrichta,XP_021563077.1,9,P,P,match,5,GALNS:318,valid
GALNS,NP_000503.1,318,V,Carlito syrichta,XP_021563077.1,10,G,G,match,5,GALNS:318,valid
GALNS,NP_000503.1,388,N,Nycticebus coucang,XP_053410980.1,-10,M,V,different,0,GALNS:388,valid
GALNS,NP_000503.1,388,N,Nycticebus coucang,XP_053410980.1,-9,D,D,match,5,GALNS:388,valid
GALNS,NP_000503.1,388,N,Nycticebus coucang,XP_053410980.1,-8,R,R,match,5,GALNS:388,valid
GALNS,NP_000503.1,388,N,Nycticebus coucang,XP_053410980.1,-7,P,P,match,5,GALNS:388,valid
GALNS,NP_000503.1,388,N,Nycticebus coucang,XP_053410980.1,-6,I,I,match,5,GALNS:388,valid
GALNS,NP_000503.1,388,N,Nycticebus coucang,XP_053410980.1,-5,F,F,match,5,GALNS:388,valid
GALNS,NP_000503.1,388,N,Nycticebus coucang,XP_053410980.1,-4,Y,Y,match,5,GALNS:388,valid
GALNS,NP_000503.1,388,N,Nycticebus coucang,XP_053410980.1,-3,Y,Y,match,5,GALNS:388,valid
GALNS,NP_000503.1,388,N,Nycticebus coucang,XP_053410980.1,-2,R,R,match,5,GALNS:388,valid
GALNS,NP_000503.1,388,N,Nycticebus coucang,XP_053410980.1,-1,G,G,match,5,GALNS:388,valid
GALNS,NP_000503.1,388,N,Nycticebus coucang,XP_053410980.1,1,T,T,match,5,GALNS:388,valid
GALNS,NP_000503.1,388,N,Nycticebus coucang,XP_053410980.1,2,L,L,match,5,GALNS:388,valid
GALNS,NP_000503.1,388,N,Nycticebus coucang,XP_053410980.1,3,M,M,match,5,GALNS:388,valid
GALNS,NP_000503.1,388,N,Nycticebus coucang,XP_053410980.1,4,A,A,match,5,GALNS:388,valid
GALNS,NP_000503.1,388,N,Nycticebus coucang,XP_053410980.1,5,A,V,different,0,GALNS:388,valid
GALNS,NP_000503.1,388,N,Nycticebus coucang,XP_053410980.1,6,T,T,match,5,GALNS:388,valid
GALNS,NP_000503.1,388,N,Nycticebus coucang,XP_053410980.1,7,L,L,match,5,GALNS:388,valid
GALNS,NP_000503.1,388,N,Nycticebus coucang,XP_053410980.1,8,G,G,match,5,GALNS:388,valid
GALNS,NP_000503.1,388,N,Nycticebus coucang,XP_053410980.1,9,Q,Q,match,5,GALNS:388,valid
GALNS,NP_000503.1,388,N,Nycticebus coucang,XP_053410980.1,10,H,Y,different,0,GALNS:388,valid
GALNS,NP_000503.1,388,N,Otolemur garnettii,XP_003800850.1,-10,M,V,different,0,GALNS:388,valid
GALNS,NP_000503.1,388,N,Otolemur garnettii,XP_003800850.1,-9,D,D,match,5,GALNS:388,valid
GALNS,NP_000503.1,388,N,Otolemur garnettii,XP_003800850.1,-8,R,R,match,5,GALNS:388,valid
GALNS,NP_000503.1,388,N,Otolemur garnettii,XP_003800850.1,-7,P,P,match,5,GALNS:388,valid
GALNS,NP_000503.1,388,N,Otolemur garnettii,XP_003800850.1,-6,I,I,match,5,GALNS:388,valid
GALNS,NP_000503.1,388,N,Otolemur garnettii,XP_003800850.1,-5,F,F,match,5,GALNS:388,valid
GALNS,NP_000503.1,388,N,Otolemur garnettii,XP_003800850.1,-4,Y,Y,match,5,GALNS:388,valid
GALNS,NP_000503.1,388,N,Otolemur garnettii,XP_003800850.1,-3,Y,Y,match,5,GALNS:388,valid
GALNS,NP_000503.1,388,N,Otolemur garnettii,XP_003800850.1,-2,R,R,match,5,GALNS:388,valid
GALNS,NP_000503.1,388,N,Otolemur garnettii,XP_003800850.1,-1,G,G,match,5,GALNS:388,valid
GALNS,NP_000503.1,388,N,Otolemur garnettii,XP_003800850.1,1,T,T,match,5,GALNS:388,valid
GALNS,NP_000503.1,388,N,Otolemur garnettii,XP_003800850.1,2,L,L,match,5,GALNS:388,valid
GALNS,NP_000503.1,388,N,Otolemur garnettii,XP_003800850.1,3,M,M,match,5,GALNS:388,valid
GALNS,NP_000503.1,388,N,Otolemur garnettii,XP_003800850.1,4,A,A,match,5,GALNS:388,valid
GALNS,NP_000503.1,388,N,Otolemur garnettii,XP_003800850.1,5,A,V,different,0,GALNS:388,valid
GALNS,NP_000503.1,388,N,Otolemur garnettii,XP_003800850.1,6,T,T,match,5,GALNS:388,valid
GALNS,NP_000503.1,388,N,Otolemur garnettii,XP_003800850.1,7,L,L,match,5,GALNS:388,valid
GALNS,NP_000503.1,388,N,Otolemur garnettii,XP_003800850.1,8,G,G,match,5,GALNS:388,valid
GALNS,NP_000503.1,388,N,Otolemur garnettii,XP_003800850.1,9,Q,Q,match,5,GALNS:388,valid
GALNS,NP_000503.1,388,N,Otolemur garnettii,XP_003800850.1,10,H,Y,different,0,GALNS:388,valid
GALNS,NP_000503.1,388,N,Microcebus murinus,XP_020138298.2,-10,M,T,different,0,GALNS:388,valid
GALNS,NP_000503.1,388,N,Microcebus murinus,XP_020138298.2,-9,D,D,match,5,GALNS:388,valid
GALNS,NP_000503.1,388,N,Microcebus murinus,XP_020138298.2,-8,R,R,match,5,GALNS:388,valid
GALNS,NP_000503.1,388,N,Microcebus murinus,XP_020138298.2,-7,P,P,match,5,GALNS:388,valid
GALNS,NP_000503.1,388,N,Microcebus murinus,XP_020138298.2,-6,I,I,match,5,GALNS:388,valid
GALNS,NP_000503.1,388,N,Microcebus murinus,XP_020138298.2,-5,F,F,match,5,GALNS:388,valid
GALNS,NP_000503.1,388,N,Microcebus murinus,XP_020138298.2,-4,Y,Y,match,5,GALNS:388,valid
GALNS,NP_000503.1,388,N,Microcebus murinus,XP_020138298.2,-3,Y,Y,match,5,GALNS:388,valid
GALNS,NP_000503.1,388,N,Microcebus murinus,XP_020138298.2,-2,R,R,match,5,GALNS:388,valid
GALNS,NP_000503.1,388,N,Microcebus murinus,XP_020138298.2,-1,G,G,match,5,GALNS:388,valid
GALNS,NP_000503.1,388,N,Microcebus murinus,XP_020138298.2,1,T,T,match,5,GALNS:388,valid
GALNS,NP_000503.1,388,N,Microcebus murinus,XP_020138298.2,2,L,L,match,5,GALNS:388,valid
GALNS,NP_000503.1,388,N,Microcebus murinus,XP_020138298.2,3,M,M,match,5,GALNS:388,valid
GALNS,NP_000503.1,388,N,Microcebus murinus,XP_020138298.2,4,A,A,match,5,GALNS:388,valid
GALNS,NP_000503.1,388,N,Microcebus murinus,XP_020138298.2,5,A,V,different,0,GALNS:388,valid
GALNS,NP_000503.1,388,N,Microcebus murinus,XP_020138298.2,6,T,T,match,5,GALNS:388,valid
GALNS,NP_000503.1,388,N,Microcebus murinus,XP_020138298.2,7,L,L,match,5,GALNS:388,valid
GALNS,NP_000503.1,388,N,Microcebus murinus,XP_020138298.2,8,G,G,match,5,GALNS:388,valid
GALNS,NP_000503.1,388,N,Microcebus murinus,XP_020138298.2,9,Q,Q,match,5,GALNS:388,valid
GALNS,NP_000503.1,388,N,Microcebus murinus,XP_020138298.2,10,H,Y,different,0,GALNS:388,valid
GALNS,NP_000503.1,388,N,Propithecus coquereli,XP_012513141.1,-10,M,T,different,0,GALNS:388,valid
GALNS,NP_000503.1,388,N,Propithecus coquereli,XP_012513141.1,-9,D,D,match,5,GALNS:388,valid
GALNS,NP_000503.1,388,N,Propithecus coquereli,XP_012513141.1,-8,R,R,match,5,GALNS:388,valid
GALNS,NP_000503.1,388,N,Propithecus coquereli,XP_012513141.1,-7,P,P,match,5,GALNS:388,valid
GALNS,NP_000503.1,388,N,Propithecus coquereli,XP_012513141.1,-6,I,I,match,5,GALNS:388,valid
GALNS,NP_000503.1,388,N,Propithecus coquereli,XP_012513141.1,-5,F,F,match,5,GALNS:388,valid
GALNS,NP_000503.1,388,N,Propithecus coquereli,XP_012513141.1,-4,Y,Y,match,5,GALNS:388,valid
GALNS,NP_000503.1,388,N,Propithecus coquereli,XP_012513141.1,-3,Y,Y,match,5,GALNS:388,valid
GALNS,NP_000503.1,388,N,Propithecus coquereli,XP_012513141.1,-2,R,R,match,5,GALNS:388,valid
GALNS,NP_000503.1,388,N,Propithecus coquereli,XP_012513141.1,-1,G,G,match,5,GALNS:388,valid
GALNS,NP_000503.1,388,N,Propithecus coquereli,XP_012513141.1,1,T,T,match,5,GALNS:388,valid
GALNS,NP_000503.1,388,N,Propithecus coquereli,XP_012513141.1,2,L,L,match,5,GALNS:388,valid
GALNS,NP_000503.1,388,N,Propithecus coquereli,XP_012513141.1,3,M,M,match,5,GALNS:388,valid
GALNS,NP_000503.1,388,N,Propithecus coquereli,XP_012513141.1,4,A,A,match,5,GALNS:388,valid
GALNS,NP_000503.1,388,N,Propithecus coquereli,XP_012513141.1,5,A,V,different,0,GALNS:388,valid
GALNS,NP_000503.1,388,N,Propithecus coquereli,XP_012513141.1,6,T,T,match,5,GALNS:388,valid
GALNS,NP_000503.1,388,N,Propithecus coquereli,XP_012513141.1,7,L,L,match,5,GALNS:388,valid
GALNS,NP_000503.1,388,N,Propithecus coquereli,XP_012513141.1,8,G,G,match,5,GALNS:388,valid
GALNS,NP_000503.1,388,N,Propithecus coquereli,XP_012513141.1,9,Q,Q,match,5,GALNS:388,valid
GALNS,NP_000503.1,388,N,Propithecus coquereli,XP_012513141.1,10,H,Y,different,0,GALNS:388,valid
GALNS,NP_000503.1,388,N,Eulemur rufifrons,XP_069312442.1,-10,M,T,different,0,GALNS:388,valid
GALNS,NP_000503.1,388,N,Eulemur rufifrons,XP_069312442.1,-9,D,D,match,5,GALNS:388,valid
GALNS,NP_000503.1,388,N,Eulemur rufifrons,XP_069312442.1,-8,R,R,match,5,GALNS:388,valid
GALNS,NP_000503.1,388,N,Eulemur rufifrons,XP_069312442.1,-7,P,P,match,5,GALNS:388,valid
GALNS,NP_000503.1,388,N,Eulemur rufifrons,XP_069312442.1,-6,I,I,match,5,GALNS:388,valid
GALNS,NP_000503.1,388,N,Eulemur rufifrons,XP_069312442.1,-5,F,F,match,5,GALNS:388,valid
GALNS,NP_000503.1,388,N,Eulemur rufifrons,XP_069312442.1,-4,Y,Y,match,5,GALNS:388,valid
GALNS,NP_000503.1,388,N,Eulemur rufifrons,XP_069312442.1,-3,Y,Y,match,5,GALNS:388,valid
GALNS,NP_000503.1,388,N,Eulemur rufifrons,XP_069312442.1,-2,R,R,match,5,GALNS:388,valid
GALNS,NP_000503.1,388,N,Eulemur rufifrons,XP_069312442.1,-1,G,G,match,5,GALNS:388,valid
GALNS,NP_000503.1,388,N,Eulemur rufifrons,XP_069312442.1,1,T,T,match,5,GALNS:388,valid
GALNS,NP_000503.1,388,N,Eulemur rufifrons,XP_069312442.1,2,L,L,match,5,GALNS:388,valid
GALNS,NP_000503.1,388,N,Eulemur rufifrons,XP_069312442.1,3,M,M,match,5,GALNS:388,valid
GALNS,NP_000503.1,388,N,Eulemur rufifrons,XP_069312442.1,4,A,A,match,5,GALNS:388,valid
GALNS,NP_000503.1,388,N,Eulemur rufifrons,XP_069312442.1,5,A,V,different,0,GALNS:388,valid
GALNS,NP_000503.1,388,N,Eulemur rufifrons,XP_069312442.1,6,T,T,match,5,GALNS:388,valid
GALNS,NP_000503.1,388,N,Eulemur rufifrons,XP_069312442.1,7,L,L,match,5,GALNS:388,valid
GALNS,NP_000503.1,388,N,Eulemur rufifrons,XP_069312442.1,8,G,G,match,5,GALNS:388,valid
GALNS,NP_000503.1,388,N,Eulemur rufifrons,XP_069312442.1,9,Q,Q,match,5,GALNS:388,valid
GALNS,NP_000503.1,388,N,Eulemur rufifrons,XP_069312442.1,10,H,Y,different,0,GALNS:388,valid
GALNS,NP_000503.1,388,N,Lemur catta,XP_045389780.1,-10,M,T,different,0,GALNS:388,valid
GALNS,NP_000503.1,388,N,Lemur catta,XP_045389780.1,-9,D,D,match,5,GALNS:388,valid
GALNS,NP_000503.1,388,N,Lemur catta,XP_045389780.1,-8,R,R,match,5,GALNS:388,valid
GALNS,NP_000503.1,388,N,Lemur catta,XP_045389780.1,-7,P,P,match,5,GALNS:388,valid
GALNS,NP_000503.1,388,N,Lemur catta,XP_045389780.1,-6,I,I,match,5,GALNS:388,valid
GALNS,NP_000503.1,388,N,Lemur catta,XP_045389780.1,-5,F,F,match,5,GALNS:388,valid
GALNS,NP_000503.1,388,N,Lemur catta,XP_045389780.1,-4,Y,Y,match,5,GALNS:388,valid
GALNS,NP_000503.1,388,N,Lemur catta,XP_045389780.1,-3,Y,Y,match,5,GALNS:388,valid
GALNS,NP_000503.1,388,N,Lemur catta,XP_045389780.1,-2,R,R,match,5,GALNS:388,valid
GALNS,NP_000503.1,388,N,Lemur catta,XP_045389780.1,-1,G,G,match,5,GALNS:388,valid
GALNS,NP_000503.1,388,N,Lemur catta,XP_045389780.1,1,T,T,match,5,GALNS:388,valid
GALNS,NP_000503.1,388,N,Lemur catta,XP_045389780.1,2,L,L,match,5,GALNS:388,valid
GALNS,NP_000503.1,388,N,Lemur catta,XP_045389780.1,3,M,M,match,5,GALNS:388,valid
GALNS,NP_000503.1,388,N,Lemur catta,XP_045389780.1,4,A,A,match,5,GALNS:388,valid
GALNS,NP_000503.1,388,N,Lemur catta,XP_045389780.1,5,A,V,different,0,GALNS:388,valid
GALNS,NP_000503.1,388,N,Lemur catta,XP_045389780.1,6,T,T,match,5,GALNS:388,valid
GALNS,NP_000503.1,388,N,Lemur catta,XP_045389780.1,7,L,L,match,5,GALNS:388,valid
GALNS,NP_000503.1,388,N,Lemur catta,XP_045389780.1,8,G,G,match,5,GALNS:388,valid
GALNS,NP_000503.1,388,N,Lemur catta,XP_045389780.1,9,Q,Q,match,5,GALNS:388,valid
GALNS,NP_000503.1,388,N,Lemur catta,XP_045389780.1,10,H,Y,different,0,GALNS:388,valid
GALNS,NP_000503.1,94,L,Piliocolobus tephrosceles,XP_026303165.1,-10,A,A,match,5,GALNS:94,invalid
GALNS,NP_000503.1,94,L,Piliocolobus tephrosceles,XP_026303165.1,-9,A,R,different,0,GALNS:94,invalid
GALNS,NP_000503.1,94,L,Piliocolobus tephrosceles,XP_026303165.1,-8,L,I,different,0,GALNS:94,invalid
GALNS,NP_000503.1,94,L,Piliocolobus tephrosceles,XP_026303165.1,-7,L,L,match,5,GALNS:94,invalid
GALNS,NP_000503.1,94,L,Piliocolobus tephrosceles,XP_026303165.1,-6,T,H,different,0,GALNS:94,invalid
GALNS,NP_000503.1,94,L,Piliocolobus tephrosceles,XP_026303165.1,-5,G,S,different,0,GALNS:94,invalid
GALNS,NP_000503.1,94,L,Piliocolobus tephrosceles,XP_026303165.1,-4,R,S,different,0,GALNS:94,invalid
GALNS,NP_000503.1,94,L,Piliocolobus tephrosceles,XP_026303165.1,-3,L,Q,different,0,GALNS:94,invalid
GALNS,NP_000503.1,94,L,Piliocolobus tephrosceles,XP_026303165.1,-2,P,S,different,0,GALNS:94,invalid
GALNS,NP_000503.1,94,L,Piliocolobus tephrosceles,XP_026303165.1,-1,I,A,different,0,GALNS:94,invalid
GALNS,NP_000503.1,94,L,Piliocolobus tephrosceles,XP_026303165.1,1,N,A,different,0,GALNS:94,invalid
GALNS,NP_000503.1,94,L,Piliocolobus tephrosceles,XP_026303165.1,2,G,G,match,5,GALNS:94,invalid
GALNS,NP_000503.1,94,L,Piliocolobus tephrosceles,XP_026303165.1,3,F,P,different,0,GALNS:94,invalid
GALNS,NP_000503.1,94,L,Piliocolobus tephrosceles,XP_026303165.1,4,Y,F,different,0,GALNS:94,invalid
GALNS,NP_000503.1,94,L,Piliocolobus tephrosceles,XP_026303165.1,5,T,V,different,0,GALNS:94,invalid
GALNS,NP_000503.1,94,L,Piliocolobus tephrosceles,XP_026303165.1,6,T,P,different,0,GALNS:94,invalid
GALNS,NP_000503.1,94,L,Piliocolobus tephrosceles,XP_026303165.1,7,N,M,different,0,GALNS:94,invalid
GALNS,NP_000503.1,94,L,Piliocolobus tephrosceles,XP_026303165.1,8,A,T,different,0,GALNS:94,invalid
GALNS,NP_000503.1,94,L,Piliocolobus tephrosceles,XP_026303165.1,9,H,G,different,0,GALNS:94,invalid
GALNS,NP_000503.1,94,L,Piliocolobus tephrosceles,XP_026303165.1,10,A,L,different,0,GALNS:94,invalid
GALNS,NP_000503.1,496,S,Pan paniscus,XP_054956462.1,-10,L,L,match,5,GALNS:496,invalid
GALNS,NP_000503.1,496,S,Pan paniscus,XP_054956462.1,-9,N,N,match,5,GALNS:496,invalid
GALNS,NP_000503.1,496,S,Pan paniscus,XP_054956462.1,-8,V,V,match,5,GALNS:496,invalid
GALNS,NP_000503.1,496,S,Pan paniscus,XP_054956462.1,-7,C,C,match,5,GALNS:496,invalid
GALNS,NP_000503.1,496,S,Pan paniscus,XP_054956462.1,-6,N,N,match,5,GALNS:496,invalid
GALNS,NP_000503.1,496,S,Pan paniscus,XP_054956462.1,-5,W,W,match,5,GALNS:496,invalid
GALNS,NP_000503.1,496,S,Pan paniscus,XP_054956462.1,-4,A,A,match,5,GALNS:496,invalid
GALNS,NP_000503.1,496,S,Pan paniscus,XP_054956462.1,-3,V,V,match,5,GALNS:496,invalid
GALNS,NP_000503.1,496,S,Pan paniscus,XP_054956462.1,-2,M,M,match,5,GALNS:496,invalid
GALNS,NP_000503.1,496,S,Pan paniscus,XP_054956462.1,-1,N,A,different,0,GALNS:496,invalid
GALNS,NP_000503.1,496,S,Pan paniscus,XP_054956462.1,1,A,T,different,0,GALNS:496,invalid
GALNS,NP_000503.1,496,S,Pan paniscus,XP_054956462.1,2,P,Q,different,0,GALNS:496,invalid
GALNS,NP_000503.1,496,S,Pan paniscus,XP_054956462.1,3,P,S,different,0,GALNS:496,invalid
GALNS,NP_000503.1,496,S,Pan paniscus,XP_054956462.1,4,G,S,different,0,GALNS:496,invalid
GALNS,NP_000503.1,496,S,Pan paniscus,XP_054956462.1,5,C,T,different,0,GALNS:496,invalid
GALNS,NP_000503.1,496,S,Pan paniscus,XP_054956462.1,6,-,S,gap,-5,GALNS:496,invalid
GALNS,NP_000503.1,496,S,Pan paniscus,XP_054956462.1,7,-,V,gap,-5,GALNS:496,invalid
GALNS,NP_000503.1,496,S,Pan paniscus,XP_054956462.1,8,-,R,gap,-5,GALNS:496,invalid
GALNS,NP_000503.1,496,S,Pan paniscus,XP_054956462.1,9,-,P,gap,-5,GALNS:496,invalid
GALNS,NP_000503.1,496,S,Pan paniscus,XP_054956462.1,10,-,D,gap,-5,GALNS:496,invalid
GALNS,NP_000503.1,113,V,Colobus angolensis palliatus,XP_011783466.1,-10,H,H,match,5,GALNS:113,invalid
GALNS,NP_000503.1,113,V,Colobus angolensis palliatus,XP_011783466.1,-9,A,A,match,5,GALNS:113,invalid
GALNS,NP_000503.1,113,V,Colobus angolensis palliatus,XP_011783466.1,-8,R,R,match,5,GALNS:113,invalid
GALNS,NP_000503.1,113,V,Colobus angolensis palliatus,XP_011783466.1,-7,N,N,match,5,GALNS:113,invalid
GALNS,NP_000503.1,113,V,Colobus angolensis palliatus,XP_011783466.1,-6,A,G,different,0,GALNS:113,invalid
GALNS,NP_000503.1,113,V,Colobus angolensis palliatus,XP_011783466.1,-5,Y,-,gap,-5,GALNS:113,invalid
GALNS,NP_000503.1,113,V,Colobus angolensis palliatus,XP_011783466.1,-4,T,T,match,5,GALNS:113,invalid
GALNS,NP_000503.1,113,V,Colobus angolensis palliatus,XP_011783466.1,-3,P,E,different,0,GALNS:113,invalid
GALNS,NP_000503.1,113,V,Colobus angolensis palliatus,XP_011783466.1,-2,Q,R,different,0,GALNS:113,invalid
GALNS,NP_000503.1,113,V,Colobus angolensis palliatus,XP_011783466.1,-1,E,R,different,0,GALNS:113,invalid
GALNS,NP_000503.1,113,V,Colobus angolensis palliatus,XP_011783466.1,1,V,P,different,0,GALNS:113,invalid
GALNS,NP_000503.1,113,V,Colobus angolensis palliatus,XP_011783466.1,2,G,S,different,0,GALNS:113,invalid
GALNS,NP_000503.1,113,V,Colobus angolensis palliatus,XP_011783466.1,3,-,-,gap,-5,GALNS:113,invalid
GALNS,NP_000503.1,113,V,Colobus angolensis palliatus,XP_011783466.1,4,G,P,different,0,GALNS:113,invalid
GALNS,NP_000503.1,113,V,Colobus angolensis palliatus,XP_011783466.1,5,I,A,different,0,GALNS:113,invalid
GALNS,NP_000503.1,113,V,Colobus angolensis palliatus,XP_011783466.1,6,P,P,match,5,GALNS:113,invalid
GALNS,NP_000503.1,113,V,Colobus angolensis palliatus,XP_011783466.1,7,D,R,different,0,GALNS:113,invalid
GALNS,NP_000503.1,113,V,Colobus angolensis palliatus,XP_011783466.1,8,S,P,different,0,GALNS:113,invalid
GALNS,NP_000503.1,113,V,Colobus angolensis palliatus,XP_011783466.1,9,E,Q,different,0,GALNS:113,invalid
GALNS,NP_000503.1,113,V,Colobus angolensis palliatus,XP_011783466.1,10,Q,K,different,0,GALNS:113,invalid
GALT,NP_000146.2,223,H,Trachypithecus francoisi,XP_033094120.1,-10,H,H,match,5,GALT:223,valid
GALT,NP_000146.2,223,H,Trachypithecus francoisi,XP_033094120.1,-9,G,G,match,5,GALT:223,valid
GALT,NP_000146.2,223,H,Trachypithecus francoisi,XP_033094120.1,-8,E,E,match,5,GALT:223,valid
GALT,NP_000146.2,223,H,Trachypithecus francoisi,XP_033094120.1,-7,P,P,match,5,GALT:223,valid
GALT,NP_000146.2,223,H,Trachypithecus francoisi,XP_033094120.1,-6,L,L,match,5,GALT:223,valid
GALT,NP_000146.2,223,H,Trachypithecus francoisi,XP_033094120.1,-5,L,L,match,5,GALT:223,valid
GALT,NP_000146.2,223,H,Trachypithecus francoisi,XP_033094120.1,-4,M,M,match,5,GALT:223,valid
GALT,NP_000146.2,223,H,Trachypithecus francoisi,XP_033094120.1,-3,E,E,match,5,GALT:223,valid
GALT,NP_000146.2,223,H,Trachypithecus francoisi,XP_033094120.1,-2,Y,Y,match,5,GALT:223,valid
GALT,NP_000146.2,223,H,Trachypithecus francoisi,XP_033094120.1,-1,S,S,match,5,GALT:223,valid
GALT,NP_000146.2,223,H,Trachypithecus francoisi,XP_033094120.1,1,Q,Q,match,5,GALT:223,valid
GALT,NP_000146.2,223,H,Trachypithecus francoisi,XP_033094120.1,2,E,E,match,5,GALT:223,valid
GALT,NP_000146.2,223,H,Trachypithecus francoisi,XP_033094120.1,3,L,L,match,5,GALT:223,valid
GALT,NP_000146.2,223,H,Trachypithecus francoisi,XP_033094120.1,4,L,L,match,5,GALT:223,valid
GALT,NP_000146.2,223,H,Trachypithecus francoisi,XP_033094120.1,5,R,R,match,5,GALT:223,valid
GALT,NP_000146.2,223,H,Trachypithecus francoisi,XP_033094120.1,6,K,K,match,5,GALT:223,valid
GALT,NP_000146.2,223,H,Trachypithecus francoisi,XP_033094120.1,7,E,E,match,5,GALT:223,valid
GALT,NP_000146.2,223,H,Trachypithecus francoisi,XP_033094120.1,8,R,R,match,5,GALT:223,valid
GALT,NP_000146.2,223,H,Trachypithecus francoisi,XP_033094120.1,9,L,L,match,5,GALT:223,valid
GALT,NP_000146.2,223,H,Trachypithecus francoisi,XP_033094120.1,10,V,V,match,5,GALT:223,valid
GALT,NP_000146.2,223,H,Cercocebus atys,XP_011924618.1,-10,H,H,match,5,GALT:223,valid
GALT,NP_000146.2,223,H,Cercocebus atys,XP_011924618.1,-9,G,G,match,5,GALT:223,valid
GALT,NP_000146.2,223,H,Cercocebus atys,XP_011924618.1,-8,E,E,match,5,GALT:223,valid
GALT,NP_000146.2,223,H,Cercocebus atys,XP_011924618.1,-7,P,P,match,5,GALT:223,valid
GALT,NP_000146.2,223,H,Cercocebus atys,XP_011924618.1,-6,L,L,match,5,GALT:223,valid
GALT,NP_000146.2,223,H,Cercocebus atys,XP_011924618.1,-5,L,L,match,5,GALT:223,valid
GALT,NP_000146.2,223,H,Cercocebus atys,XP_011924618.1,-4,M,M,match,5,GALT:223,valid
GALT,NP_000146.2,223,H,Cercocebus atys,XP_011924618.1,-3,E,E,match,5,GALT:223,valid
GALT,NP_000146.2,223,H,Cercocebus atys,XP_011924618.1,-2,Y,Y,match,5,GALT:223,valid
GALT,NP_000146.2,223,H,Cercocebus atys,XP_011924618.1,-1,S,S,match,5,GALT:223,valid
GALT,NP_000146.2,223,H,Cercocebus atys,XP_011924618.1,1,Q,Q,match,5,GALT:223,valid
GALT,NP_000146.2,223,H,Cercocebus atys,XP_011924618.1,2,E,E,match,5,GALT:223,valid
GALT,NP_000146.2,223,H,Cercocebus atys,XP_011924618.1,3,L,L,match,5,GALT:223,valid
GALT,NP_000146.2,223,H,Cercocebus atys,XP_011924618.1,4,L,L,match,5,GALT:223,valid
GALT,NP_000146.2,223,H,Cercocebus atys,XP_011924618.1,5,R,R,match,5,GALT:223,valid
GALT,NP_000146.2,223,H,Cercocebus atys,XP_011924618.1,6,K,K,match,5,GALT:223,valid
GALT,NP_000146.2,223,H,Cercocebus atys,XP_011924618.1,7,E,E,match,5,GALT:223,valid
GALT,NP_000146.2,223,H,Cercocebus atys,XP_011924618.1,8,R,R,match,5,GALT:223,valid
GALT,NP_000146.2,223,H,Cercocebus atys,XP_011924618.1,9,L,L,match,5,GALT:223,valid
GALT,NP_000146.2,223,H,Cercocebus atys,XP_011924618.1,10,V,V,match,5,GALT:223,valid
GALT,NP_000146.2,223,H,Gorilla gorilla gorilla,XP_004048011.1,-10,H,H,match,5,GALT:223,valid
GALT,NP_000146.2,223,H,Gorilla gorilla gorilla,XP_004048011.1,-9,G,G,match,5,GALT:223,valid
GALT,NP_000146.2,223,H,Gorilla gorilla gorilla,XP_004048011.1,-8,E,E,match,5,GALT:223,valid
GALT,NP_000146.2,223,H,Gorilla gorilla gorilla,XP_004048011.1,-7,P,P,match,5,GALT:223,valid
GALT,NP_000146.2,223,H,Gorilla gorilla gorilla,XP_004048011.1,-6,L,L,match,5,GALT:223,valid
GALT,NP_000146.2,223,H,Gorilla gorilla gorilla,XP_004048011.1,-5,L,L,match,5,GALT:223,valid
GALT,NP_000146.2,223,H,Gorilla gorilla gorilla,XP_004048011.1,-4,M,M,match,5,GALT:223,valid
GALT,NP_000146.2,223,H,Gorilla gorilla gorilla,XP_004048011.1,-3,E,E,match,5,GALT:223,valid
GALT,NP_000146.2,223,H,Gorilla gorilla gorilla,XP_004048011.1,-2,Y,Y,match,5,GALT:223,valid
GALT,NP_000146.2,223,H,Gorilla gorilla gorilla,XP_004048011.1,-1,S,S,match,5,GALT:223,valid
GALT,NP_000146.2,223,H,Gorilla gorilla gorilla,XP_004048011.1,1,Q,Q,match,5,GALT:223,valid
GALT,NP_000146.2,223,H,Gorilla gorilla gorilla,XP_004048011.1,2,E,E,match,5,GALT:223,valid
GALT,NP_000146.2,223,H,Gorilla gorilla gorilla,XP_004048011.1,3,L,L,match,5,GALT:223,valid
GALT,NP_000146.2,223,H,Gorilla gorilla gorilla,XP_004048011.1,4,L,L,match,5,GALT:223,valid
GALT,NP_000146.2,223,H,Gorilla gorilla gorilla,XP_004048011.1,5,R,R,match,5,GALT:223,valid
GALT,NP_000146.2,223,H,Gorilla gorilla gorilla,XP_004048011.1,6,K,K,match,5,GALT:223,valid
GALT,NP_000146.2,223,H,Gorilla gorilla gorilla,XP_004048011.1,7,E,E,match,5,GALT:223,valid
GALT,NP_000146.2,223,H,Gorilla gorilla gorilla,XP_004048011.1,8,R,R,match,5,GALT:223,valid
GALT,NP_000146.2,223,H,Gorilla gorilla gorilla,XP_004048011.1,9,L,L,match,5,GALT:223,valid
GALT,NP_000146.2,223,H,Gorilla gorilla gorilla,XP_004048011.1,10,V,V,match,5,GALT:223,valid
GALT,NP_000146.2,223,H,Nomascus leucogenys,XP_003263433.1,-10,H,H,match,5,GALT:223,valid
GALT,NP_000146.2,223,H,Nomascus leucogenys,XP_003263433.1,-9,G,G,match,5,GALT:223,valid
GALT,NP_000146.2,223,H,Nomascus leucogenys,XP_003263433.1,-8,E,E,match,5,GALT:223,valid
GALT,NP_000146.2,223,H,Nomascus leucogenys,XP_003263433.1,-7,P,P,match,5,GALT:223,valid
GALT,NP_000146.2,223,H,Nomascus leucogenys,XP_003263433.1,-6,L,L,match,5,GALT:223,valid
GALT,NP_000146.2,223,H,Nomascus leucogenys,XP_003263433.1,-5,L,L,match,5,GALT:223,valid
GALT,NP_000146.2,223,H,Nomascus leucogenys,XP_003263433.1,-4,M,M,match,5,GALT:223,valid
GALT,NP_000146.2,223,H,Nomascus leucogenys,XP_003263433.1,-3,E,E,match,5,GALT:223,valid
GALT,NP_000146.2,223,H,Nomascus leucogenys,XP_003263433.1,-2,Y,Y,match,5,GALT:223,valid
GALT,NP_000146.2,223,H,Nomascus leucogenys,XP_003263433.1,-1,S,S,match,5,GALT:223,valid
GALT,NP_000146.2,223,H,Nomascus leucogenys,XP_003263433.1,1,Q,Q,match,5,GALT:223,valid
GALT,NP_000146.2,223,H,Nomascus leucogenys,XP_003263433.1,2,E,E,match,5,GALT:223,valid
GALT,NP_000146.2,223,H,Nomascus leucogenys,XP_003263433.1,3,L,L,match,5,GALT:223,valid
GALT,NP_000146.2,223,H,Nomascus leucogenys,XP_003263433.1,4,L,L,match,5,GALT:223,valid
GALT,NP_000146.2,223,H,Nomascus leucogenys,XP_003263433.1,5,R,R,match,5,GALT:223,valid
GALT,NP_000146.2,223,H,Nomascus leucogenys,XP_003263433.1,6,K,K,match,5,GALT:223,valid
GALT,NP_000146.2,223,H,Nomascus leucogenys,XP_003263433.1,7,E,E,match,5,GALT:223,valid
GALT,NP_000146.2,223,H,Nomascus leucogenys,XP_003263433.1,8,R,R,match,5,GALT:223,valid
GALT,NP_000146.2,223,H,Nomascus leucogenys,XP_003263433.1,9,L,L,match,5,GALT:223,valid
GALT,NP_000146.2,223,H,Nomascus leucogenys,XP_003263433.1,10,V,V,match,5,GALT:223,valid
GBA1,NP_000148.2,502,C,Papio anubis,XP_031509384.1,-10,G,G,match,5,GBA1:502,valid
GBA1,NP_000148.2,502,C,Papio anubis,XP_031509384.1,-9,S,S,match,5,GBA1:502,valid
GBA1,NP_000148.2,502,C,Papio anubis,XP_031509384.1,-8,-,-,gap,-5,GBA1:502,valid
GBA1,NP_000148.2,502,C,Papio anubis,XP_031509384.1,-7,A,A,match,5,GBA1:502,valid
GBA1,NP_000148.2,502,C,Papio anubis,XP_031509384.1,-6,V,V,match,5,GBA1:502,valid
GBA1,NP_000148.2,502,C,Papio anubis,XP_031509384.1,-5,V,V,match,5,GBA1:502,valid
GBA1,NP_000148.2,502,C,Papio anubis,XP_031509384.1,-4,V,V,match,5,GBA1:502,valid
GBA1,NP_000148.2,502,C,Papio anubis,XP_031509384.1,-3,V,V,match,5,GBA1:502,valid
GBA1,NP_000148.2,502,C,Papio anubis,XP_031509384.1,-2,L,L,match,5,GBA1:502,valid
GBA1,NP_000148.2,502,C,Papio anubis,XP_031509384.1,-1,N,N,match,5,GBA1:502,valid
GBA1,NP_000148.2,502,C,Papio anubis,XP_031509384.1,1,S,S,match,5,GBA1:502,valid
GBA1,NP_000148.2,502,C,Papio anubis,XP_031509384.1,2,S,S,match,5,GBA1:502,valid
GBA1,NP_000148.2,502,C,Papio anubis,XP_031509384.1,3,K,K,match,5,GBA1:502,valid
GBA1,NP_000148.2,502,C,Papio anubis,XP_031509384.1,4,D,D,match,5,GBA1:502,valid
GBA1,NP_000148.2,502,C,Papio anubis,XP_031509384.1,5,V,V,match,5,GBA1:502,valid
GBA1,NP_000148.2,502,C,Papio anubis,XP_031509384.1,6,P,P,match,5,GBA1:502,valid
GBA1,NP_000148.2,502,C,Papio anubis,XP_031509384.1,7,L,L,match,5,GBA1:502,valid
GBA1,NP_000148.2,502,C,Papio anubis,XP_031509384.1,8,T,T,match,5,GBA1:502,valid
GBA1,NP_000148.2,502,C,Papio anubis,XP_031509384.1,9,I,I,match,5,GBA1:502,valid
GBA1,NP_000148.2,502,C,Papio anubis,XP_031509384.1,10,K,K,match,5,GBA1:502,valid
GBA1,NP_000148.2,535,H,Hylobates moloch,XP_058295195.1,-10,G,G,match,5,GBA1:535,valid
GBA1,NP_000148.2,535,H,Hylobates moloch,XP_058295195.1,-9,Y,Y,match,5,GBA1:535,valid
GBA1,NP_000148.2,535,H,Hylobates moloch,XP_058295195.1,-8,S,S,match,5,GBA1:535,valid
GBA1,NP_000148.2,535,H,Hylobates moloch,XP_058295195.1,-7,I,I,match,5,GBA1:535,valid
GBA1,NP_000148.2,535,H,Hylobates moloch,XP_058295195.1,-6,H,H,match,5,GBA1:535,valid
GBA1,NP_000148.2,535,H,Hylobates moloch,XP_058295195.1,-5,T,T,match,5,GBA1:535,valid
GBA1,NP_000148.2,535,H,Hylobates moloch,XP_058295195.1,-4,Y,Y,match,5,GBA1:535,valid
GBA1,NP_000148.2,535,H,Hylobates moloch,XP_058295195.1,-3,L,L,match,5,GBA1:535,valid
GBA1,NP_000148.2,535,H,Hylobates moloch,XP_058295195.1,-2,W,W,match,5,GBA1:535,valid
GBA1,NP_000148.2,535,H,Hylobates moloch,XP_058295195.1,-1,R,R,match,5,GBA1:535,valid
GBA1,NP_000148.2,535,H,Hylobates moloch,XP_058295195.1,1,Q,Q,match,5,GBA1:535,valid
GBA1,NP_000148.2,227,S,Cercocebus atys,XP_011932225.1,-10,P,P,match,5,GBA1:227,valid
GBA1,NP_000148.2,227,S,Cercocebus atys,XP_011932225.1,-9,W,W,match,5,GBA1:227,valid
GBA1,NP_000148.2,227,S,Cercocebus atys,XP_011932225.1,-8,T,T,match,5,GBA1:227,valid
GBA1,NP_000148.2,227,S,Cercocebus atys,XP_011932225.1,-7,S,S,match,5,GBA1:227,valid
GBA1,NP_000148.2,227,S,Cercocebus atys,XP_011932225.1,-6,P,P,match,5,GBA1:227,valid
GBA1,NP_000148.2,227,S,Cercocebus atys,XP_011932225.1,-5,T,T,match,5,GBA1:227,valid
GBA1,NP_000148.2,227,S,Cercocebus atys,XP_011932225.1,-4,W,R,different,0,GBA1:227,valid
GBA1,NP_000148.2,227,S,Cercocebus atys,XP_011932225.1,-3,L,L,match,5,GBA1:227,valid
GBA1,NP_000148.2,227,S,Cercocebus atys,XP_011932225.1,-2,K,K,match,5,GBA1:227,valid
GBA1,NP_000148.2,227,S,Cercocebus atys,XP_011932225.1,-1,T,I,different,0,GBA1:227,valid
GBA1,NP_000148.2,227,S,Cercocebus atys,XP_011932225.1,1,G,G,match,5,GBA1:227,valid
GBA1,NP_000148.2,227,S,Cercocebus atys,XP_011932225.1,2,A,A,match,5,GBA1:227,valid
GBA1,NP_000148.2,227,S,Cercocebus atys,XP_011932225.1,3,V,G,different,0,GBA1:227,valid
GBA1,NP_000148.2,227,S,Cercocebus atys,XP_011932225.1,4,N,N,match,5,GBA1:227,valid
GBA1,NP_000148.2,227,S,Cercocebus atys,XP_011932225.1,5,G,G,match,5,GBA1:227,valid
GBA1,NP_000148.2,227,S,Cercocebus atys,XP_011932225.1,6,K,K,match,5,GBA1:227,valid
GBA1,NP_000148.2,227,S,Cercocebus atys,XP_011932225.1,7,G,V,different,0,GBA1:227,valid
GBA1,NP_000148.2,227,S,Cercocebus atys,XP_011932225.1,8,S,S,match,5,GBA1:227,valid
GBA1,NP_000148.2,227,S,Cercocebus atys,XP_011932225.1,9,L,L,match,5,GBA1:227,valid
GBA1,NP_000148.2,227,S,Cercocebus atys,XP_011932225.1,10,K,K,match,5,GBA1:227,valid
GBA1,NP_000148.2,227,S,Papio anubis,XP_031509384.1,-10,P,P,match,5,GBA1:227,valid
GBA1,NP_000148.2,227,S,Papio anubis,XP_031509384.1,-9,W,W,match,5,GBA1:227,valid
GBA1,NP_000148.2,227,S,Papio anubis,XP_031509384.1,-8,T,T,match,5,GBA1:227,valid
GBA1,NP_000148.2,227,S,Papio anubis,XP_031509384.1,-7,S,S,match,5,GBA1:227,valid
GBA1,NP_000148.2,227,S,Papio anubis,XP_031509384.1,-6,P,P,match,5,GBA1:227,valid
GBA1,NP_000148.2,227,S,Papio anubis,XP_031509384.1,-5,T,T,match,5,GBA1:227,valid
GBA1,NP_000148.2,227,S,Papio anubis,XP_031509384.1,-4,W,R,different,0,GBA1:227,valid
GBA1,NP_000148.2,227,S,Papio anubis,XP_031509384.1,-3,L,L,match,5,GBA1:227,valid
GBA1,NP_000148.2,227,S,Papio anubis,XP_031509384.1,-2,K,K,match,5,GBA1:227,valid
GBA1,NP_000148.2,227,S,Papio anubis,XP_031509384.1,-1,T,I,different,0,GBA1:227,valid
GBA1,NP_000148.2,227,S,Papio anubis,XP_031509384.1,1,G,G,match,5,GBA1:227,valid
GBA1,NP_000148.2,227,S,Papio anubis,XP_031509384.1,2,A,A,match,5,GBA1:227,valid
GBA1,NP_000148.2,227,S,Papio anubis,XP_031509384.1,3,V,G,different,0,GBA1:227,valid
GBA1,NP_000148.2,227,S,Papio anubis,XP_031509384.1,4,N,N,match,5,GBA1:227,valid
GBA1,NP_000148.2,227,S,Papio anubis,XP_031509384.1,5,G,G,match,5,GBA1:227,valid
GBA1,NP_000148.2,227,S,Papio anubis,XP_031509384.1,6,K,K,match,5,GBA1:227,valid
GBA1,NP_000148.2,227,S,Papio anubis,XP_031509384.1,7,G,V,different,0,GBA1:227,valid
GBA1,NP_000148.2,227,S,Papio anubis,XP_031509384.1,8,S,S,match,5,GBA1:227,valid
GBA1,NP_000148.2,227,S,Papio anubis,XP_031509384.1,9,L,L,match,5,GBA1:227,valid
GBA1,NP_000148.2,227,S,Papio anubis,XP_031509384.1,10,K,K,match,5,GBA1:227,valid
GBA1,NP_000148.2,351,C,Cercocebus atys,XP_011932225.1,-10,A,A,match,5,GBA1:351,valid
GBA1,NP_000148.2,351,C,Cercocebus atys,XP_011932225.1,-9,K,K,match,5,GBA1:351,valid
GBA1,NP_000148.2,351,C,Cercocebus atys,XP_011932225.1,-8,Y,Y,match,5,GBA1:351,valid
GBA1,NP_000148.2,351,C,Cercocebus atys,XP_011932225.1,-7,V,V,match,5,GBA1:351,valid
GBA1,NP_000148.2,351,C,Cercocebus atys,XP_011932225.1,-6,H,H,match,5,GBA1:351,valid
GBA1,NP_000148.2,351,C,Cercocebus atys,XP_011932225.1,-5,G,G,match,5,GBA1:351,valid
GBA1,NP_000148.2,351,C,Cercocebus atys,XP_011932225.1,-4,I,I,match,5,GBA1:351,valid
GBA1,NP_000148.2,351,C,Cercocebus atys,XP_011932225.1,-3,A,A,match,5,GBA1:351,valid
GBA1,NP_000148.2,351,C,Cercocebus atys,XP_011932225.1,-2,V,V,match,5,GBA1:351,valid
GBA1,NP_000148.2,351,C,Cercocebus atys,XP_011932225.1,-1,H,H,match,5,GBA1:351,valid
GBA1,NP_000148.2,351,C,Cercocebus atys,XP_011932225.1,1,Y,Y,match,5,GBA1:351,valid
GBA1,NP_000148.2,351,C,Cercocebus atys,XP_011932225.1,2,L,L,match,5,GBA1:351,valid
GBA1,NP_000148.2,351,C,Cercocebus atys,XP_011932225.1,3,D,D,match,5,GBA1:351,valid
GBA1,NP_000148.2,351,C,Cercocebus atys,XP_011932225.1,4,F,F,match,5,GBA1:351,valid
GBA1,NP_000148.2,351,C,Cercocebus atys,XP_011932225.1,5,L,L,match,5,GBA1:351,valid
GBA1,NP_000148.2,351,C,Cercocebus atys,XP_011932225.1,6,A,A,match,5,GBA1:351,valid
GBA1,NP_000148.2,351,C,Cercocebus atys,XP_011932225.1,7,P,P,match,5,GBA1:351,valid
GBA1,NP_000148.2,351,C,Cercocebus atys,XP_011932225.1,8,A,A,match,5,GBA1:351,valid
GBA1,NP_000148.2,351,C,Cercocebus atys,XP_011932225.1,9,K,K,match,5,GBA1:351,valid
GBA1,NP_000148.2,351,C,Cercocebus atys,XP_011932225.1,10,A,A,match,5,GBA1:351,valid
GBA1,NP_000148.2,350,R,Sapajus apella,XP_032129097.1,-10,A,A,match,5,GBA1:350,valid
GBA1,NP_000148.2,350,R,Sapajus apella,XP_032129097.1,-9,A,A,match,5,GBA1:350,valid
GBA1,NP_000148.2,350,R,Sapajus apella,XP_032129097.1,-8,K,Q,different,0,GBA1:350,valid
GBA1,NP_000148.2,350,R,Sapajus apella,XP_032129097.1,-7,Y,H,different,0,GBA1:350,valid
GBA1,NP_000148.2,350,R,Sapajus apella,XP_032129097.1,-6,V,V,match,5,GBA1:350,valid
GBA1,NP_000148.2,350,R,Sapajus apella,XP_032129097.1,-5,H,D,different,0,GBA1:350,valid
GBA1,NP_000148.2,350,R,Sapajus apella,XP_032129097.1,-4,G,G,match,5,GBA1:350,valid
GBA1,NP_000148.2,350,R,Sapajus apella,XP_032129097.1,-3,I,I,match,5,GBA1:350,valid
GBA1,NP_000148.2,350,R,Sapajus apella,XP_032129097.1,-2,A,A,match,5,GBA1:350,valid
GBA1,NP_000148.2,350,R,Sapajus apella,XP_032129097.1,-1,V,V,match,5,GBA1:350,valid
GBA1,NP_000148.2,350,R,Sapajus apella,XP_032129097.1,1,W,W,match,5,GBA1:350,valid
GBA1,NP_000148.2,350,R,Sapajus apella,XP_032129097.1,2,Y,Y,match,5,GBA1:350,valid
GBA1,NP_000148.2,350,R,Sapajus apella,XP_032129097.1,3,L,L,match,5,GBA1:350,valid
GBA1,NP_000148.2,350,R,Sapajus apella,XP_032129097.1,4,D,D,match,5,GBA1:350,valid
GBA1,NP_000148.2,350,R,Sapajus apella,XP_032129097.1,5,F,F,match,5,GBA1:350,valid
GBA1,NP_000148.2,350,R,Sapajus apella,XP_032129097.1,6,L,L,match,5,GBA1:350,valid
GBA1,NP_000148.2,350,R,Sapajus apella,XP_032129097.1,7,A,A,match,5,GBA1:350,valid
GBA1,NP_000148.2,350,R,Sapajus apella,XP_032129097.1,8,P,P,match,5,GBA1:350,valid
GBA1,NP_000148.2,350,R,Sapajus apella,XP_032129097.1,9,A,A,match,5,GBA1:350,valid
GBA1,NP_000148.2,350,R,Sapajus apella,XP_032129097.1,10,K,K,match,5,GBA1:350,valid
GBA1,NP_000148.2,416,S,Cercocebus atys,XP_011932225.1,-10,I,I,match,5,GBA1:416,valid
GBA1,NP_000148.2,416,S,Cercocebus atys,XP_011932225.1,-9,I,T,different,0,GBA1:416,valid
GBA1,NP_000148.2,416,S,Cercocebus atys,XP_011932225.1,-8,T,T,match,5,GBA1:416,valid
GBA1,NP_000148.2,416,S,Cercocebus atys,XP_011932225.1,-7,N,N,match,5,GBA1:416,valid
GBA1,NP_000148.2,416,S,Cercocebus atys,XP_011932225.1,-6,L,L,match,5,GBA1:416,valid
GBA1,NP_000148.2,416,S,Cercocebus atys,XP_011932225.1,-5,L,L,match,5,GBA1:416,valid
GBA1,NP_000148.2,416,S,Cercocebus atys,XP_011932225.1,-4,Y,Y,match,5,GBA1:416,valid
GBA1,NP_000148.2,416,S,Cercocebus atys,XP_011932225.1,-3,H,H,match,5,GBA1:416,valid
GBA1,NP_000148.2,416,S,Cercocebus atys,XP_011932225.1,-2,V,V,match,5,GBA1:416,valid
GBA1,NP_000148.2,416,S,Cercocebus atys,XP_011932225.1,-1,V,V,match,5,GBA1:416,valid
GBA1,NP_000148.2,416,S,Cercocebus atys,XP_011932225.1,1,W,W,match,5,GBA1:416,valid
GBA1,NP_000148.2,416,S,Cercocebus atys,XP_011932225.1,2,T,T,match,5,GBA1:416,valid
GBA1,NP_000148.2,416,S,Cercocebus atys,XP_011932225.1,3,D,D,match,5,GBA1:416,valid
GBA1,NP_000148.2,416,S,Cercocebus atys,XP_011932225.1,4,W,W,match,5,GBA1:416,valid
GBA1,NP_000148.2,416,S,Cercocebus atys,XP_011932225.1,5,N,N,match,5,GBA1:416,valid
GBA1,NP_000148.2,416,S,Cercocebus atys,XP_011932225.1,6,L,L,match,5,GBA1:416,valid
GBA1,NP_000148.2,416,S,Cercocebus atys,XP_011932225.1,7,A,A,match,5,GBA1:416,valid
GBA1,NP_000148.2,416,S,Cercocebus atys,XP_011932225.1,8,L,L,match,5,GBA1:416,valid
GBA1,NP_000148.2,416,S,Cercocebus atys,XP_011932225.1,9,N,N,match,5,GBA1:416,valid
GBA1,NP_000148.2,416,S,Cercocebus atys,XP_011932225.1,10,P,P,match,5,GBA1:416,valid
GBA1,NP_000148.2,416,S,Papio anubis,XP_031509384.1,-10,I,I,match,5,GBA1:416,valid
GBA1,NP_000148.2,416,S,Papio anubis,XP_031509384.1,-9,I,I,match,5,GBA1:416,valid
GBA1,NP_000148.2,416,S,Papio anubis,XP_031509384.1,-8,T,T,match,5,GBA1:416,valid
GBA1,NP_000148.2,416,S,Papio anubis,XP_031509384.1,-7,N,N,match,5,GBA1:416,valid
GBA1,NP_000148.2,416,S,Papio anubis,XP_031509384.1,-6,L,L,match,5,GBA1:416,valid
GBA1,NP_000148.2,416,S,Papio anubis,XP_031509384.1,-5,L,L,match,5,GBA1:416,valid
GBA1,NP_000148.2,416,S,Papio anubis,XP_031509384.1,-4,Y,Y,match,5,GBA1:416,valid
GBA1,NP_000148.2,416,S,Papio anubis,XP_031509384.1,-3,H,H,match,5,GBA1:416,valid
GBA1,NP_000148.2,416,S,Papio anubis,XP_031509384.1,-2,V,V,match,5,GBA1:416,valid
GBA1,NP_000148.2,416,S,Papio anubis,XP_031509384.1,-1,V,V,match,5,GBA1:416,valid
GBA1,NP_000148.2,416,S,Papio anubis,XP_031509384.1,1,W,W,match,5,GBA1:416,valid
GBA1,NP_000148.2,416,S,Papio anubis,XP_031509384.1,2,T,T,match,5,GBA1:416,valid
GBA1,NP_000148.2,416,S,Papio anubis,XP_031509384.1,3,D,D,match,5,GBA1:416,valid
GBA1,NP_000148.2,416,S,Papio anubis,XP_031509384.1,4,W,W,match,5,GBA1:416,valid
GBA1,NP_000148.2,416,S,Papio anubis,XP_031509384.1,5,N,N,match,5,GBA1:416,valid
GBA1,NP_000148.2,416,S,Papio anubis,XP_031509384.1,6,L,L,match,5,GBA1:416,valid
GBA1,NP_000148.2,416,S,Papio anubis,XP_031509384.1,7,A,A,match,5,GBA1:416,valid
GBA1,NP_000148.2,416,S,Papio anubis,XP_031509384.1,8,L,L,match,5,GBA1:416,valid
GBA1,NP_000148.2,416,S,Papio anubis,XP_031509384.1,9,N,N,match,5,GBA1:416,valid
GBA1,NP_000148.2,416,S,Papio anubis,XP_031509384.1,10,P,P,match,5,GBA1:416,valid
GBA1,NP_000148.2,426,L,Rhinopithecus roxellana,XP_030791629.1,-10,G,G,match,5,GBA1:426,valid
GBA1,NP_000148.2,426,L,Rhinopithecus roxellana,XP_030791629.1,-9,W,W,match,5,GBA1:426,valid
GBA1,NP_000148.2,426,L,Rhinopithecus roxellana,XP_030791629.1,-8,T,T,match,5,GBA1:426,valid
GBA1,NP_000148.2,426,L,Rhinopithecus roxellana,XP_030791629.1,-7,D,D,match,5,GBA1:426,valid
GBA1,NP_000148.2,426,L,Rhinopithecus roxellana,XP_030791629.1,-6,W,W,match,5,GBA1:426,valid
GBA1,NP_000148.2,426,L,Rhinopithecus roxellana,XP_030791629.1,-5,N,N,match,5,GBA1:426,valid
GBA1,NP_000148.2,426,L,Rhinopithecus roxellana,XP_030791629.1,-4,L,L,match,5,GBA1:426,valid
GBA1,NP_000148.2,426,L,Rhinopithecus roxellana,XP_030791629.1,-3,A,A,match,5,GBA1:426,valid
GBA1,NP_000148.2,426,L,Rhinopithecus roxellana,XP_030791629.1,-2,L,L,match,5,GBA1:426,valid
GBA1,NP_000148.2,426,L,Rhinopithecus roxellana,XP_030791629.1,-1,N,N,match,5,GBA1:426,valid
GBA1,NP_000148.2,426,L,Rhinopithecus roxellana,XP_030791629.1,1,E,E,match,5,GBA1:426,valid
GBA1,NP_000148.2,426,L,Rhinopithecus roxellana,XP_030791629.1,2,G,G,match,5,GBA1:426,valid
GBA1,NP_000148.2,426,L,Rhinopithecus roxellana,XP_030791629.1,3,G,G,match,5,GBA1:426,valid
GBA1,NP_000148.2,426,L,Rhinopithecus roxellana,XP_030791629.1,4,P,P,match,5,GBA1:426,valid
GBA1,NP_000148.2,426,L,Rhinopithecus roxellana,XP_030791629.1,5,N,N,match,5,GBA1:426,valid
GBA1,NP_000148.2,426,L,Rhinopithecus roxellana,XP_030791629.1,6,W,W,match,5,GBA1:426,valid
GBA1,NP_000148.2,426,L,Rhinopithecus roxellana,XP_030791629.1,7,V,V,match,5,GBA1:426,valid
GBA1,NP_000148.2,426,L,Rhinopithecus roxellana,XP_030791629.1,8,R,R,match,5,GBA1:426,valid
GBA1,NP_000148.2,426,L,Rhinopithecus roxellana,XP_030791629.1,9,N,N,match,5,GBA1:426,valid
GBA1,NP_000148.2,426,L,Rhinopithecus roxellana,XP_030791629.1,10,F,F,match,5,GBA1:426,valid
GBA1,NP_000148.2,230,G,Cercocebus atys,XP_011932225.1,-10,S,S,match,5,GBA1:230,valid
GBA1,NP_000148.2,230,G,Cercocebus atys,XP_011932225.1,-9,P,P,match,5,GBA1:230,valid
GBA1,NP_000148.2,230,G,Cercocebus atys,XP_011932225.1,-8,T,T,match,5,GBA1:230,valid
GBA1,NP_000148.2,230,G,Cercocebus atys,XP_011932225.1,-7,W,R,different,0,GBA1:230,valid
GBA1,NP_000148.2,230,G,Cercocebus atys,XP_011932225.1,-6,L,L,match,5,GBA1:230,valid
GBA1,NP_000148.2,230,G,Cercocebus atys,XP_011932225.1,-5,K,K,match,5,GBA1:230,valid
GBA1,NP_000148.2,230,G,Cercocebus atys,XP_011932225.1,-4,T,I,different,0,GBA1:230,valid
GBA1,NP_000148.2,230,G,Cercocebus atys,XP_011932225.1,-3,N,S,different,0,GBA1:230,valid
GBA1,NP_000148.2,230,G,Cercocebus atys,XP_011932225.1,-2,G,G,match,5,GBA1:230,valid
GBA1,NP_000148.2,230,G,Cercocebus atys,XP_011932225.1,-1,A,A,match,5,GBA1:230,valid
GBA1,NP_000148.2,230,G,Cercocebus atys,XP_011932225.1,1,N,N,match,5,GBA1:230,valid
GBA1,NP_000148.2,230,G,Cercocebus atys,XP_011932225.1,2,G,G,match,5,GBA1:230,valid
GBA1,NP_000148.2,230,G,Cercocebus atys,XP_011932225.1,3,K,K,match,5,GBA1:230,valid
GBA1,NP_000148.2,230,G,Cercocebus atys,XP_011932225.1,4,G,V,different,0,GBA1:230,valid
GBA1,NP_000148.2,230,G,Cercocebus atys,XP_011932225.1,5,S,S,match,5,GBA1:230,valid
GBA1,NP_000148.2,230,G,Cercocebus atys,XP_011932225.1,6,L,L,match,5,GBA1:230,valid
GBA1,NP_000148.2,230,G,Cercocebus atys,XP_011932225.1,7,K,K,match,5,GBA1:230,valid
GBA1,NP_000148.2,230,G,Cercocebus atys,XP_011932225.1,8,G,G,match,5,GBA1:230,valid
GBA1,NP_000148.2,230,G,Cercocebus atys,XP_011932225.1,9,Q,Q,match,5,GBA1:230,valid
GBA1,NP_000148.2,230,G,Cercocebus atys,XP_011932225.1,10,P,P,match,5,GBA1:230,valid
GBA1,NP_000148.2,230,G,Papio anubis,XP_031509384.1,-10,S,S,match,5,GBA1:230,valid
GBA1,NP_000148.2,230,G,Papio anubis,XP_031509384.1,-9,P,P,match,5,GBA1:230,valid
GBA1,NP_000148.2,230,G,Papio anubis,XP_031509384.1,-8,T,T,match,5,GBA1:230,valid
GBA1,NP_000148.2,230,G,Papio anubis,XP_031509384.1,-7,W,R,different,0,GBA1:230,valid
GBA1,NP_000148.2,230,G,Papio anubis,XP_031509384.1,-6,L,L,match,5,GBA1:230,valid
GBA1,NP_000148.2,230,G,Papio anubis,XP_031509384.1,-5,K,K,match,5,GBA1:230,valid
GBA1,NP_000148.2,230,G,Papio anubis,XP_031509384.1,-4,T,I,different,0,GBA1:230,valid
GBA1,NP_000148.2,230,G,Papio anubis,XP_031509384.1,-3,N,S,different,0,GBA1:230,valid
GBA1,NP_000148.2,230,G,Papio anubis,XP_031509384.1,-2,G,G,match,5,GBA1:230,valid
GBA1,NP_000148.2,230,G,Papio anubis,XP_031509384.1,-1,A,A,match,5,GBA1:230,valid
GBA1,NP_000148.2,230,G,Papio anubis,XP_031509384.1,1,N,N,match,5,GBA1:230,valid
GBA1,NP_000148.2,230,G,Papio anubis,XP_031509384.1,2,G,G,match,5,GBA1:230,valid
GBA1,NP_000148.2,230,G,Papio anubis,XP_031509384.1,3,K,K,match,5,GBA1:230,valid
GBA1,NP_000148.2,230,G,Papio anubis,XP_031509384.1,4,G,V,different,0,GBA1:230,valid
GBA1,NP_000148.2,230,G,Papio anubis,XP_031509384.1,5,S,S,match,5,GBA1:230,valid
GBA1,NP_000148.2,230,G,Papio anubis,XP_031509384.1,6,L,L,match,5,GBA1:230,valid
GBA1,NP_000148.2,230,G,Papio anubis,XP_031509384.1,7,K,K,match,5,GBA1:230,valid
GBA1,NP_000148.2,230,G,Papio anubis,XP_031509384.1,8,G,G,match,5,GBA1:230,valid
GBA1,NP_000148.2,230,G,Papio anubis,XP_031509384.1,9,Q,Q,match,5,GBA1:230,valid
GBA1,NP_000148.2,230,G,Papio anubis,XP_031509384.1,10,P,P,match,5,GBA1:230,valid
GBA1,NP_000148.2,351,C,Cercocebus atys,XP_011932225.1,-10,A,A,match,5,GBA1:351,valid
GBA1,NP_000148.2,351,C,Cercocebus atys,XP_011932225.1,-9,K,K,match,5,GBA1:351,valid
GBA1,NP_000148.2,351,C,Cercocebus atys,XP_011932225.1,-8,Y,Y,match,5,GBA1:351,valid
GBA1,NP_000148.2,351,C,Cercocebus atys,XP_011932225.1,-7,V,V,match,5,GBA1:351,valid
GBA1,NP_000148.2,351,C,Cercocebus atys,XP_011932225.1,-6,H,H,match,5,GBA1:351,valid
GBA1,NP_000148.2,351,C,Cercocebus atys,XP_011932225.1,-5,G,G,match,5,GBA1:351,valid
GBA1,NP_000148.2,351,C,Cercocebus atys,XP_011932225.1,-4,I,I,match,5,GBA1:351,valid
GBA1,NP_000148.2,351,C,Cercocebus atys,XP_011932225.1,-3,A,A,match,5,GBA1:351,valid
GBA1,NP_000148.2,351,C,Cercocebus atys,XP_011932225.1,-2,V,V,match,5,GBA1:351,valid
GBA1,NP_000148.2,351,C,Cercocebus atys,XP_011932225.1,-1,H,H,match,5,GBA1:351,valid
GBA1,NP_000148.2,351,C,Cercocebus atys,XP_011932225.1,1,Y,Y,match,5,GBA1:351,valid
GBA1,NP_000148.2,351,C,Cercocebus atys,XP_011932225.1,2,L,L,match,5,GBA1:351,valid
GBA1,NP_000148.2,351,C,Cercocebus atys,XP_011932225.1,3,D,D,match,5,GBA1:351,valid
GBA1,NP_000148.2,351,C,Cercocebus atys,XP_011932225.1,4,F,F,match,5,GBA1:351,valid
GBA1,NP_000148.2,351,C,Cercocebus atys,XP_011932225.1,5,L,L,match,5,GBA1:351,valid
GBA1,NP_000148.2,351,C,Cercocebus atys,XP_011932225.1,6,A,A,match,5,GBA1:351,valid
GBA1,NP_000148.2,351,C,Cercocebus atys,XP_011932225.1,7,P,P,match,5,GBA1:351,valid
GBA1,NP_000148.2,351,C,Cercocebus atys,XP_011932225.1,8,A,A,match,5,GBA1:351,valid
GBA1,NP_000148.2,351,C,Cercocebus atys,XP_011932225.1,9,K,K,match,5,GBA1:351,valid
GBA1,NP_000148.2,351,C,Cercocebus atys,XP_011932225.1,10,A,A,match,5,GBA1:351,valid
GBA1,NP_000148.2,391,A,Cercocebus atys,XP_011932225.1,-10,V,V,match,5,GBA1:391,invalid
GBA1,NP_000148.2,391,A,Cercocebus atys,XP_011932225.1,-9,G,G,match,5,GBA1:391,invalid
GBA1,NP_000148.2,391,A,Cercocebus atys,XP_011932225.1,-8,S,S,match,5,GBA1:391,invalid
GBA1,NP_000148.2,391,A,Cercocebus atys,XP_011932225.1,-7,K,K,match,5,GBA1:391,invalid
GBA1,NP_000148.2,391,A,Cercocebus atys,XP_011932225.1,-6,F,F,match,5,GBA1:391,invalid
GBA1,NP_000148.2,391,A,Cercocebus atys,XP_011932225.1,-5,W,W,match,5,GBA1:391,invalid
GBA1,NP_000148.2,391,A,Cercocebus atys,XP_011932225.1,-4,E,E,match,5,GBA1:391,invalid
GBA1,NP_000148.2,391,A,Cercocebus atys,XP_011932225.1,-3,Q,Q,match,5,GBA1:391,invalid
GBA1,NP_000148.2,391,A,Cercocebus atys,XP_011932225.1,-2,-,C,gap,-5,GBA1:391,invalid
GBA1,NP_000148.2,391,A,Cercocebus atys,XP_011932225.1,-1,S,A,different,0,GBA1:391,invalid
GBA1,NP_000148.2,391,A,Cercocebus atys,XP_011932225.1,1,R,R,match,5,GBA1:391,invalid
GBA1,NP_000148.2,391,A,Cercocebus atys,XP_011932225.1,2,L,L,match,5,GBA1:391,invalid
GBA1,NP_000148.2,391,A,Cercocebus atys,XP_011932225.1,3,G,-,gap,-5,GBA1:391,invalid
GBA1,NP_000148.2,391,A,Cercocebus atys,XP_011932225.1,4,S,-,gap,-5,GBA1:391,invalid
GBA1,NP_000148.2,391,A,Cercocebus atys,XP_011932225.1,5,W,L,different,0,GBA1:391,invalid
GBA1,NP_000148.2,391,A,Cercocebus atys,XP_011932225.1,6,D,D,match,5,GBA1:391,invalid
GBA1,NP_000148.2,391,A,Cercocebus atys,XP_011932225.1,7,R,R,match,5,GBA1:391,invalid
GBA1,NP_000148.2,391,A,Cercocebus atys,XP_011932225.1,8,G,G,match,5,GBA1:391,invalid
GBA1,NP_000148.2,391,A,Cercocebus atys,XP_011932225.1,9,M,I,different,0,GBA1:391,invalid
GBA1,NP_000148.2,391,A,Cercocebus atys,XP_011932225.1,10,Q,Q,match,5,GBA1:391,invalid
GCDH,NP_000150.1,298,T,Carlito syrichta,XP_008046221.1,-10,G,G,match,5,GCDH:298,valid
GCDH,NP_000150.1,298,T,Carlito syrichta,XP_008046221.1,-9,C,C,match,5,GCDH:298,valid
GCDH,NP_000150.1,298,T,Carlito syrichta,XP_008046221.1,-8,L,L,match,5,GCDH:298,valid
GCDH,NP_000150.1,298,T,Carlito syrichta,XP_008046221.1,-7,N,N,match,5,GCDH:298,valid
GCDH,NP_000150.1,298,T,Carlito syrichta,XP_008046221.1,-6,N,N,match,5,GCDH:298,valid
GCDH,NP_000150.1,298,T,Carlito syrichta,XP_008046221.1,-5,A,A,match,5,GCDH:298,valid
GCDH,NP_000150.1,298,T,Carlito syrichta,XP_008046221.1,-4,R,R,match,5,GCDH:298,valid
GCDH,NP_000150.1,298,T,Carlito syrichta,XP_008046221.1,-3,Y,Y,match,5,GCDH:298,valid
GCDH,NP_000150.1,298,T,Carlito syrichta,XP_008046221.1,-2,G,G,match,5,GCDH:298,valid
GCDH,NP_000150.1,298,T,Carlito syrichta,XP_008046221.1,-1,I,I,match,5,GCDH:298,valid
GCDH,NP_000150.1,298,T,Carlito syrichta,XP_008046221.1,1,W,W,match,5,GCDH:298,valid
GCDH,NP_000150.1,298,T,Carlito syrichta,XP_008046221.1,2,G,G,match,5,GCDH:298,valid
GCDH,NP_000150.1,298,T,Carlito syrichta,XP_008046221.1,3,V,A,different,0,GCDH:298,valid
GCDH,NP_000150.1,298,T,Carlito syrichta,XP_008046221.1,4,L,L,match,5,GCDH:298,valid
GCDH,NP_000150.1,298,T,Carlito syrichta,XP_008046221.1,5,G,G,match,5,GCDH:298,valid
GCDH,NP_000150.1,298,T,Carlito syrichta,XP_008046221.1,6,A,A,match,5,GCDH:298,valid
GCDH,NP_000150.1,298,T,Carlito syrichta,XP_008046221.1,7,S,A,different,0,GCDH:298,valid
GCDH,NP_000150.1,298,T,Carlito syrichta,XP_008046221.1,8,E,E,match,5,GCDH:298,valid
GCDH,NP_000150.1,298,T,Carlito syrichta,XP_008046221.1,9,F,F,match,5,GCDH:298,valid
GCDH,NP_000150.1,298,T,Carlito syrichta,XP_008046221.1,10,C,C,match,5,GCDH:298,valid
GCDH,NP_000150.1,298,T,Callithrix jacchus,XP_008985624.1,-10,G,G,match,5,GCDH:298,valid
GCDH,NP_000150.1,298,T,Callithrix jacchus,XP_008985624.1,-9,C,C,match,5,GCDH:298,valid
GCDH,NP_000150.1,298,T,Callithrix jacchus,XP_008985624.1,-8,L,L,match,5,GCDH:298,valid
GCDH,NP_000150.1,298,T,Callithrix jacchus,XP_008985624.1,-7,N,N,match,5,GCDH:298,valid
GCDH,NP_000150.1,298,T,Callithrix jacchus,XP_008985624.1,-6,N,N,match,5,GCDH:298,valid
GCDH,NP_000150.1,298,T,Callithrix jacchus,XP_008985624.1,-5,A,A,match,5,GCDH:298,valid
GCDH,NP_000150.1,298,T,Callithrix jacchus,XP_008985624.1,-4,R,R,match,5,GCDH:298,valid
GCDH,NP_000150.1,298,T,Callithrix jacchus,XP_008985624.1,-3,Y,Y,match,5,GCDH:298,valid
GCDH,NP_000150.1,298,T,Callithrix jacchus,XP_008985624.1,-2,G,G,match,5,GCDH:298,valid
GCDH,NP_000150.1,298,T,Callithrix jacchus,XP_008985624.1,-1,I,I,match,5,GCDH:298,valid
GCDH,NP_000150.1,298,T,Callithrix jacchus,XP_008985624.1,1,W,W,match,5,GCDH:298,valid
GCDH,NP_000150.1,298,T,Callithrix jacchus,XP_008985624.1,2,G,G,match,5,GCDH:298,valid
GCDH,NP_000150.1,298,T,Callithrix jacchus,XP_008985624.1,3,V,V,match,5,GCDH:298,valid
GCDH,NP_000150.1,298,T,Callithrix jacchus,XP_008985624.1,4,L,L,match,5,GCDH:298,valid
GCDH,NP_000150.1,298,T,Callithrix jacchus,XP_008985624.1,5,G,G,match,5,GCDH:298,valid
GCDH,NP_000150.1,298,T,Callithrix jacchus,XP_008985624.1,6,A,A,match,5,GCDH:298,valid
GCDH,NP_000150.1,298,T,Callithrix jacchus,XP_008985624.1,7,S,S,match,5,GCDH:298,valid
GCDH,NP_000150.1,298,T,Callithrix jacchus,XP_008985624.1,8,E,E,match,5,GCDH:298,valid
GCDH,NP_000150.1,298,T,Callithrix jacchus,XP_008985624.1,9,F,F,match,5,GCDH:298,valid
GCDH,NP_000150.1,298,T,Callithrix jacchus,XP_008985624.1,10,C,C,match,5,GCDH:298,valid
GCDH,NP_000150.1,298,T,Saimiri boliviensis,XP_010327765.1,-10,G,G,match,5,GCDH:298,valid
GCDH,NP_000150.1,298,T,Saimiri boliviensis,XP_010327765.1,-9,C,C,match,5,GCDH:298,valid
GCDH,NP_000150.1,298,T,Saimiri boliviensis,XP_010327765.1,-8,L,L,match,5,GCDH:298,valid
GCDH,NP_000150.1,298,T,Saimiri boliviensis,XP_010327765.1,-7,N,N,match,5,GCDH:298,valid
GCDH,NP_000150.1,298,T,Saimiri boliviensis,XP_010327765.1,-6,N,N,match,5,GCDH:298,valid
GCDH,NP_000150.1,298,T,Saimiri boliviensis,XP_010327765.1,-5,A,A,match,5,GCDH:298,valid
GCDH,NP_000150.1,298,T,Saimiri boliviensis,XP_010327765.1,-4,R,R,match,5,GCDH:298,valid
GCDH,NP_000150.1,298,T,Saimiri boliviensis,XP_010327765.1,-3,Y,Y,match,5,GCDH:298,valid
GCDH,NP_000150.1,298,T,Saimiri boliviensis,XP_010327765.1,-2,G,G,match,5,GCDH:298,valid
GCDH,NP_000150.1,298,T,Saimiri boliviensis,XP_010327765.1,-1,I,I,match,5,GCDH:298,valid
GCDH,NP_000150.1,298,T,Saimiri boliviensis,XP_010327765.1,1,W,W,match,5,GCDH:298,valid
GCDH,NP_000150.1,298,T,Saimiri boliviensis,XP_010327765.1,2,G,G,match,5,GCDH:298,valid
GCDH,NP_000150.1,298,T,Saimiri boliviensis,XP_010327765.1,3,V,V,match,5,GCDH:298,valid
GCDH,NP_000150.1,298,T,Saimiri boliviensis,XP_010327765.1,4,L,L,match,5,GCDH:298,valid
GCDH,NP_000150.1,298,T,Saimiri boliviensis,XP_010327765.1,5,G,G,match,5,GCDH:298,valid
GCDH,NP_000150.1,298,T,Saimiri boliviensis,XP_010327765.1,6,A,A,match,5,GCDH:298,valid
GCDH,NP_000150.1,298,T,Saimiri boliviensis,XP_010327765.1,7,S,S,match,5,GCDH:298,valid
GCDH,NP_000150.1,298,T,Saimiri boliviensis,XP_010327765.1,8,E,E,match,5,GCDH:298,valid
GCDH,NP_000150.1,298,T,Saimiri boliviensis,XP_010327765.1,9,F,F,match,5,GCDH:298,valid
GCDH,NP_000150.1,298,T,Saimiri boliviensis,XP_010327765.1,10,C,C,match,5,GCDH:298,valid
GCDH,NP_000150.1,298,T,Aotus nancymaae,XP_012291293.1,-10,G,G,match,5,GCDH:298,valid
GCDH,NP_000150.1,298,T,Aotus nancymaae,XP_012291293.1,-9,C,C,match,5,GCDH:298,valid
GCDH,NP_000150.1,298,T,Aotus nancymaae,XP_012291293.1,-8,L,L,match,5,GCDH:298,valid
GCDH,NP_000150.1,298,T,Aotus nancymaae,XP_012291293.1,-7,N,N,match,5,GCDH:298,valid
GCDH,NP_000150.1,298,T,Aotus nancymaae,XP_012291293.1,-6,N,N,match,5,GCDH:298,valid
GCDH,NP_000150.1,298,T,Aotus nancymaae,XP_012291293.1,-5,A,A,match,5,GCDH:298,valid
GCDH,NP_000150.1,298,T,Aotus nancymaae,XP_012291293.1,-4,R,R,match,5,GCDH:298,valid
GCDH,NP_000150.1,298,T,Aotus nancymaae,XP_012291293.1,-3,Y,Y,match,5,GCDH:298,valid
GCDH,NP_000150.1,298,T,Aotus nancymaae,XP_012291293.1,-2,G,G,match,5,GCDH:298,valid
GCDH,NP_000150.1,298,T,Aotus nancymaae,XP_012291293.1,-1,I,I,match,5,GCDH:298,valid
GCDH,NP_000150.1,298,T,Aotus nancymaae,XP_012291293.1,1,W,W,match,5,GCDH:298,valid
GCDH,NP_000150.1,298,T,Aotus nancymaae,XP_012291293.1,2,G,G,match,5,GCDH:298,valid
GCDH,NP_000150.1,298,T,Aotus nancymaae,XP_012291293.1,3,V,V,match,5,GCDH:298,valid
GCDH,NP_000150.1,298,T,Aotus nancymaae,XP_012291293.1,4,L,L,match,5,GCDH:298,valid
GCDH,NP_000150.1,298,T,Aotus nancymaae,XP_012291293.1,5,G,G,match,5,GCDH:298,valid
GCDH,NP_000150.1,298,T,Aotus nancymaae,XP_012291293.1,6,A,A,match,5,GCDH:298,valid
GCDH,NP_000150.1,298,T,Aotus nancymaae,XP_012291293.1,7,S,S,match,5,GCDH:298,valid
GCDH,NP_000150.1,298,T,Aotus nancymaae,XP_012291293.1,8,E,E,match,5,GCDH:298,valid
GCDH,NP_000150.1,298,T,Aotus nancymaae,XP_012291293.1,9,F,F,match,5,GCDH:298,valid
GCDH,NP_000150.1,298,T,Aotus nancymaae,XP_012291293.1,10,C,C,match,5,GCDH:298,valid
GCDH,NP_000150.1,298,T,Sapajus apella,XP_032121802.1,-10,G,S,different,0,GCDH:298,valid
GCDH,NP_000150.1,298,T,Sapajus apella,XP_032121802.1,-9,C,C,match,5,GCDH:298,valid
GCDH,NP_000150.1,298,T,Sapajus apella,XP_032121802.1,-8,L,L,match,5,GCDH:298,valid
GCDH,NP_000150.1,298,T,Sapajus apella,XP_032121802.1,-7,N,N,match,5,GCDH:298,valid
GCDH,NP_000150.1,298,T,Sapajus apella,XP_032121802.1,-6,N,N,match,5,GCDH:298,valid
GCDH,NP_000150.1,298,T,Sapajus apella,XP_032121802.1,-5,A,A,match,5,GCDH:298,valid
GCDH,NP_000150.1,298,T,Sapajus apella,XP_032121802.1,-4,R,R,match,5,GCDH:298,valid
GCDH,NP_000150.1,298,T,Sapajus apella,XP_032121802.1,-3,Y,Y,match,5,GCDH:298,valid
GCDH,NP_000150.1,298,T,Sapajus apella,XP_032121802.1,-2,G,G,match,5,GCDH:298,valid
GCDH,NP_000150.1,298,T,Sapajus apella,XP_032121802.1,-1,I,I,match,5,GCDH:298,valid
GCDH,NP_000150.1,298,T,Sapajus apella,XP_032121802.1,1,W,W,match,5,GCDH:298,valid
GCDH,NP_000150.1,298,T,Sapajus apella,XP_032121802.1,2,G,G,match,5,GCDH:298,valid
GCDH,NP_000150.1,298,T,Sapajus apella,XP_032121802.1,3,V,V,match,5,GCDH:298,valid
GCDH,NP_000150.1,298,T,Sapajus apella,XP_032121802.1,4,L,L,match,5,GCDH:298,valid
GCDH,NP_000150.1,298,T,Sapajus apella,XP_032121802.1,5,G,G,match,5,GCDH:298,valid
GCDH,NP_000150.1,298,T,Sapajus apella,XP_032121802.1,6,A,A,match,5,GCDH:298,valid
GCDH,NP_000150.1,298,T,Sapajus apella,XP_032121802.1,7,S,S,match,5,GCDH:298,valid
GCDH,NP_000150.1,298,T,Sapajus apella,XP_032121802.1,8,E,E,match,5,GCDH:298,valid
GCDH,NP_000150.1,298,T,Sapajus apella,XP_032121802.1,9,F,F,match,5,GCDH:298,valid
GCDH,NP_000150.1,298,T,Sapajus apella,XP_032121802.1,10,C,C,match,5,GCDH:298,valid
GCDH,NP_000150.1,298,T,Cebus imitator,XP_017353272.1,-10,G,S,different,0,GCDH:298,valid
GCDH,NP_000150.1,298,T,Cebus imitator,XP_017353272.1,-9,C,C,match,5,GCDH:298,valid
GCDH,NP_000150.1,298,T,Cebus imitator,XP_017353272.1,-8,L,L,match,5,GCDH:298,valid
GCDH,NP_000150.1,298,T,Cebus imitator,XP_017353272.1,-7,N,N,match,5,GCDH:298,valid
GCDH,NP_000150.1,298,T,Cebus imitator,XP_017353272.1,-6,N,N,match,5,GCDH:298,valid
GCDH,NP_000150.1,298,T,Cebus imitator,XP_017353272.1,-5,A,A,match,5,GCDH:298,valid
GCDH,NP_000150.1,298,T,Cebus imitator,XP_017353272.1,-4,R,R,match,5,GCDH:298,valid
GCDH,NP_000150.1,298,T,Cebus imitator,XP_017353272.1,-3,Y,Y,match,5,GCDH:298,valid
GCDH,NP_000150.1,298,T,Cebus imitator,XP_017353272.1,-2,G,G,match,5,GCDH:298,valid
GCDH,NP_000150.1,298,T,Cebus imitator,XP_017353272.1,-1,I,I,match,5,GCDH:298,valid
GCDH,NP_000150.1,298,T,Cebus imitator,XP_017353272.1,1,W,W,match,5,GCDH:298,valid
GCDH,NP_000150.1,298,T,Cebus imitator,XP_017353272.1,2,G,G,match,5,GCDH:298,valid
GCDH,NP_000150.1,298,T,Cebus imitator,XP_017353272.1,3,V,V,match,5,GCDH:298,valid
GCDH,NP_000150.1,298,T,Cebus imitator,XP_017353272.1,4,L,L,match,5,GCDH:298,valid
GCDH,NP_000150.1,298,T,Cebus imitator,XP_017353272.1,5,G,G,match,5,GCDH:298,valid
GCDH,NP_000150.1,298,T,Cebus imitator,XP_017353272.1,6,A,A,match,5,GCDH:298,valid
GCDH,NP_000150.1,298,T,Cebus imitator,XP_017353272.1,7,S,S,match,5,GCDH:298,valid
GCDH,NP_000150.1,298,T,Cebus imitator,XP_017353272.1,8,E,E,match,5,GCDH:298,valid
GCDH,NP_000150.1,298,T,Cebus imitator,XP_017353272.1,9,F,F,match,5,GCDH:298,valid
GCDH,NP_000150.1,298,T,Cebus imitator,XP_017353272.1,10,C,C,match,5,GCDH:298,valid
GCDH,NP_000150.1,298,T,Propithecus coquereli,XP_012496843.1,-10,G,G,match,5,GCDH:298,valid
GCDH,NP_000150.1,298,T,Propithecus coquereli,XP_012496843.1,-9,C,C,match,5,GCDH:298,valid
GCDH,NP_000150.1,298,T,Propithecus coquereli,XP_012496843.1,-8,L,L,match,5,GCDH:298,valid
GCDH,NP_000150.1,298,T,Propithecus coquereli,XP_012496843.1,-7,N,N,match,5,GCDH:298,valid
GCDH,NP_000150.1,298,T,Propithecus coquereli,XP_012496843.1,-6,N,N,match,5,GCDH:298,valid
GCDH,NP_000150.1,298,T,Propithecus coquereli,XP_012496843.1,-5,A,A,match,5,GCDH:298,valid
GCDH,NP_000150.1,298,T,Propithecus coquereli,XP_012496843.1,-4,R,R,match,5,GCDH:298,valid
GCDH,NP_000150.1,298,T,Propithecus coquereli,XP_012496843.1,-3,Y,Y,match,5,GCDH:298,valid
GCDH,NP_000150.1,298,T,Propithecus coquereli,XP_012496843.1,-2,G,G,match,5,GCDH:298,valid
GCDH,NP_000150.1,298,T,Propithecus coquereli,XP_012496843.1,-1,I,I,match,5,GCDH:298,valid
GCDH,NP_000150.1,298,T,Propithecus coquereli,XP_012496843.1,1,W,W,match,5,GCDH:298,valid
GCDH,NP_000150.1,298,T,Propithecus coquereli,XP_012496843.1,2,G,G,match,5,GCDH:298,valid
GCDH,NP_000150.1,298,T,Propithecus coquereli,XP_012496843.1,3,V,V,match,5,GCDH:298,valid
GCDH,NP_000150.1,298,T,Propithecus coquereli,XP_012496843.1,4,L,L,match,5,GCDH:298,valid
GCDH,NP_000150.1,298,T,Propithecus coquereli,XP_012496843.1,5,G,G,match,5,GCDH:298,valid
GCDH,NP_000150.1,298,T,Propithecus coquereli,XP_012496843.1,6,A,A,match,5,GCDH:298,valid
GCDH,NP_000150.1,298,T,Propithecus coquereli,XP_012496843.1,7,S,A,different,0,GCDH:298,valid
GCDH,NP_000150.1,298,T,Propithecus coquereli,XP_012496843.1,8,E,E,match,5,GCDH:298,valid
GCDH,NP_000150.1,298,T,Propithecus coquereli,XP_012496843.1,9,F,F,match,5,GCDH:298,valid
GCDH,NP_000150.1,298,T,Propithecus coquereli,XP_012496843.1,10,C,C,match,5,GCDH:298,valid
GCDH,NP_000150.1,298,T,Microcebus murinus,XP_012645886.1,-10,G,G,match,5,GCDH:298,valid
GCDH,NP_000150.1,298,T,Microcebus murinus,XP_012645886.1,-9,C,C,match,5,GCDH:298,valid
GCDH,NP_000150.1,298,T,Microcebus murinus,XP_012645886.1,-8,L,L,match,5,GCDH:298,valid
GCDH,NP_000150.1,298,T,Microcebus murinus,XP_012645886.1,-7,N,N,match,5,GCDH:298,valid
GCDH,NP_000150.1,298,T,Microcebus murinus,XP_012645886.1,-6,N,N,match,5,GCDH:298,valid
GCDH,NP_000150.1,298,T,Microcebus murinus,XP_012645886.1,-5,A,A,match,5,GCDH:298,valid
GCDH,NP_000150.1,298,T,Microcebus murinus,XP_012645886.1,-4,R,R,match,5,GCDH:298,valid
GCDH,NP_000150.1,298,T,Microcebus murinus,XP_012645886.1,-3,Y,Y,match,5,GCDH:298,valid
GCDH,NP_000150.1,298,T,Microcebus murinus,XP_012645886.1,-2,G,G,match,5,GCDH:298,valid
GCDH,NP_000150.1,298,T,Microcebus murinus,XP_012645886.1,-1,I,I,match,5,GCDH:298,valid
GCDH,NP_000150.1,298,T,Microcebus murinus,XP_012645886.1,1,W,W,match,5,GCDH:298,valid
GCDH,NP_000150.1,298,T,Microcebus murinus,XP_012645886.1,2,G,G,match,5,GCDH:298,valid
GCDH,NP_000150.1,298,T,Microcebus murinus,XP_012645886.1,3,V,V,match,5,GCDH:298,valid
GCDH,NP_000150.1,298,T,Microcebus murinus,XP_012645886.1,4,L,L,match,5,GCDH:298,valid
GCDH,NP_000150.1,298,T,Microcebus murinus,XP_012645886.1,5,G,G,match,5,GCDH:298,valid
GCDH,NP_000150.1,298,T,Microcebus murinus,XP_012645886.1,6,A,A,match,5,GCDH:298,valid
GCDH,NP_000150.1,298,T,Microcebus murinus,XP_012645886.1,7,S,A,different,0,GCDH:298,valid
GCDH,NP_000150.1,298,T,Microcebus murinus,XP_012645886.1,8,E,E,match,5,GCDH:298,valid
GCDH,NP_000150.1,298,T,Microcebus murinus,XP_012645886.1,9,F,F,match,5,GCDH:298,valid
GCDH,NP_000150.1,298,T,Microcebus murinus,XP_012645886.1,10,C,C,match,5,GCDH:298,valid
GCDH,NP_000150.1,298,T,Eulemur rufifrons,XP_069333769.1,-10,G,G,match,5,GCDH:298,valid
GCDH,NP_000150.1,298,T,Eulemur rufifrons,XP_069333769.1,-9,C,C,match,5,GCDH:298,valid
GCDH,NP_000150.1,298,T,Eulemur rufifrons,XP_069333769.1,-8,L,L,match,5,GCDH:298,valid
GCDH,NP_000150.1,298,T,Eulemur rufifrons,XP_069333769.1,-7,N,N,match,5,GCDH:298,valid
GCDH,NP_000150.1,298,T,Eulemur rufifrons,XP_069333769.1,-6,N,N,match,5,GCDH:298,valid
GCDH,NP_000150.1,298,T,Eulemur rufifrons,XP_069333769.1,-5,A,A,match,5,GCDH:298,valid
GCDH,NP_000150.1,298,T,Eulemur rufifrons,XP_069333769.1,-4,R,R,match,5,GCDH:298,valid
GCDH,NP_000150.1,298,T,Eulemur rufifrons,XP_069333769.1,-3,Y,Y,match,5,GCDH:298,valid
GCDH,NP_000150.1,298,T,Eulemur rufifrons,XP_069333769.1,-2,G,G,match,5,GCDH:298,valid
GCDH,NP_000150.1,298,T,Eulemur rufifrons,XP_069333769.1,-1,I,I,match,5,GCDH:298,valid
GCDH,NP_000150.1,298,T,Eulemur rufifrons,XP_069333769.1,1,W,W,match,5,GCDH:298,valid
GCDH,NP_000150.1,298,T,Eulemur rufifrons,XP_069333769.1,2,G,G,match,5,GCDH:298,valid
GCDH,NP_000150.1,298,T,Eulemur rufifrons,XP_069333769.1,3,V,V,match,5,GCDH:298,valid
GCDH,NP_000150.1,298,T,Eulemur rufifrons,XP_069333769.1,4,L,L,match,5,GCDH:298,valid
GCDH,NP_000150.1,298,T,Eulemur rufifrons,XP_069333769.1,5,G,G,match,5,GCDH:298,valid
GCDH,NP_000150.1,298,T,Eulemur rufifrons,XP_069333769.1,6,A,A,match,5,GCDH:298,valid
GCDH,NP_000150.1,298,T,Eulemur rufifrons,XP_069333769.1,7,S,A,different,0,GCDH:298,valid
GCDH,NP_000150.1,298,T,Eulemur rufifrons,XP_069333769.1,8,E,E,match,5,GCDH:298,valid
GCDH,NP_000150.1,298,T,Eulemur rufifrons,XP_069333769.1,9,F,F,match,5,GCDH:298,valid
GCDH,NP_000150.1,298,T,Eulemur rufifrons,XP_069333769.1,10,C,C,match,5,GCDH:298,valid
GCDH,NP_000150.1,298,T,Lemur catta,XP_045406285.1,-10,G,G,match,5,GCDH:298,valid
GCDH,NP_000150.1,298,T,Lemur catta,XP_045406285.1,-9,C,C,match,5,GCDH:298,valid
GCDH,NP_000150.1,298,T,Lemur catta,XP_045406285.1,-8,L,L,match,5,GCDH:298,valid
GCDH,NP_000150.1,298,T,Lemur catta,XP_045406285.1,-7,N,N,match,5,GCDH:298,valid
GCDH,NP_000150.1,298,T,Lemur catta,XP_045406285.1,-6,N,N,match,5,GCDH:298,valid
GCDH,NP_000150.1,298,T,Lemur catta,XP_045406285.1,-5,A,A,match,5,GCDH:298,valid
GCDH,NP_000150.1,298,T,Lemur catta,XP_045406285.1,-4,R,R,match,5,GCDH:298,valid
GCDH,NP_000150.1,298,T,Lemur catta,XP_045406285.1,-3,Y,Y,match,5,GCDH:298,valid
GCDH,NP_000150.1,298,T,Lemur catta,XP_045406285.1,-2,G,G,match,5,GCDH:298,valid
GCDH,NP_000150.1,298,T,Lemur catta,XP_045406285.1,-1,I,I,match,5,GCDH:298,valid
GCDH,NP_000150.1,298,T,Lemur catta,XP_045406285.1,1,W,W,match,5,GCDH:298,valid
GCDH,NP_000150.1,298,T,Lemur catta,XP_045406285.1,2,G,G,match,5,GCDH:298,valid
GCDH,NP_000150.1,298,T,Lemur catta,XP_045406285.1,3,V,V,match,5,GCDH:298,valid
GCDH,NP_000150.1,298,T,Lemur catta,XP_045406285.1,4,L,L,match,5,GCDH:298,valid
GCDH,NP_000150.1,298,T,Lemur catta,XP_045406285.1,5,G,G,match,5,GCDH:298,valid
GCDH,NP_000150.1,298,T,Lemur catta,XP_045406285.1,6,A,A,match,5,GCDH:298,valid
GCDH,NP_000150.1,298,T,Lemur catta,XP_045406285.1,7,S,A,different,0,GCDH:298,valid
GCDH,NP_000150.1,298,T,Lemur catta,XP_045406285.1,8,E,E,match,5,GCDH:298,valid
GCDH,NP_000150.1,298,T,Lemur catta,XP_045406285.1,9,F,F,match,5,GCDH:298,valid
GCDH,NP_000150.1,298,T,Lemur catta,XP_045406285.1,10,C,C,match,5,GCDH:298,valid
GCDH,NP_000150.1,191,R,Papio anubis,XP_031515710.1,-10,N,K,different,0,GCDH:191,invalid
GCDH,NP_000150.1,191,R,Papio anubis,XP_031515710.1,-9,S,C,different,0,GCDH:191,invalid
GCDH,NP_000150.1,191,R,Papio anubis,XP_031515710.1,-8,-,F,gap,-5,GCDH:191,invalid
GCDH,NP_000150.1,191,R,Papio anubis,XP_031515710.1,-7,-,R,gap,-5,GCDH:191,invalid
GCDH,NP_000150.1,191,R,Papio anubis,XP_031515710.1,-6,G,K,different,0,GCDH:191,invalid
GCDH,NP_000150.1,191,R,Papio anubis,XP_031515710.1,-5,S,C,different,0,GCDH:191,invalid
GCDH,NP_000150.1,191,R,Papio anubis,XP_031515710.1,-4,D,D,match,5,GCDH:191,invalid
GCDH,NP_000150.1,191,R,Papio anubis,XP_031515710.1,-3,P,P,match,5,GCDH:191,invalid
GCDH,NP_000150.1,191,R,Papio anubis,XP_031515710.1,-2,S,A,different,0,GCDH:191,invalid
GCDH,NP_000150.1,191,R,Papio anubis,XP_031515710.1,-1,S,A,different,0,GCDH:191,invalid
GCDH,NP_000150.1,191,R,Papio anubis,XP_031515710.1,1,E,X,different,0,GCDH:191,invalid
GCDH,NP_000150.1,191,R,Papio anubis,XP_031515710.1,2,T,N,different,0,GCDH:191,invalid
GCDH,NP_000150.1,191,R,Papio anubis,XP_031515710.1,3,R,G,different,0,GCDH:191,invalid
GCDH,NP_000150.1,191,R,Papio anubis,XP_031515710.1,4,A,I,different,0,GCDH:191,invalid
GCDH,NP_000150.1,191,R,Papio anubis,XP_031515710.1,5,H,R,different,0,GCDH:191,invalid
GCDH,NP_000150.1,191,R,Papio anubis,XP_031515710.1,6,Y,H,different,0,GCDH:191,invalid
GCDH,NP_000150.1,191,R,Papio anubis,XP_031515710.1,7,N,N,match,5,GCDH:191,invalid
GCDH,NP_000150.1,191,R,Papio anubis,XP_031515710.1,8,S,S,match,5,GCDH:191,invalid
GCDH,NP_000150.1,191,R,Papio anubis,XP_031515710.1,9,S,S,match,5,GCDH:191,invalid
GCDH,NP_000150.1,191,R,Papio anubis,XP_031515710.1,10,N,N,match,5,GCDH:191,invalid
HBB,NP_000509.1,102,Q,Microcebus murinus,XP_012642085.1,-10,L,L,match,5,HBB:102,valid
HBB,NP_000509.1,102,Q,Microcebus murinus,XP_012642085.1,-9,H,H,match,5,HBB:102,valid
HBB,NP_000509.1,102,Q,Microcebus murinus,XP_012642085.1,-8,C,C,match,5,HBB:102,valid
HBB,NP_000509.1,102,Q,Microcebus murinus,XP_012642085.1,-7,D,D,match,5,HBB:102,valid
HBB,NP_000509.1,102,Q,Microcebus murinus,XP_012642085.1,-6,K,K,match,5,HBB:102,valid
HBB,NP_000509.1,102,Q,Microcebus murinus,XP_012642085.1,-5,L,L,match,5,HBB:102,valid
HBB,NP_000509.1,102,Q,Microcebus murinus,XP_012642085.1,-4,H,H,match,5,HBB:102,valid
HBB,NP_000509.1,102,Q,Microcebus murinus,XP_012642085.1,-3,V,V,match,5,HBB:102,valid
HBB,NP_000509.1,102,Q,Microcebus murinus,XP_012642085.1,-2,D,D,match,5,HBB:102,valid
HBB,NP_000509.1,102,Q,Microcebus murinus,XP_012642085.1,-1,P,P,match,5,HBB:102,valid
HBB,NP_000509.1,102,Q,Microcebus murinus,XP_012642085.1,1,N,N,match,5,HBB:102,valid
HBB,NP_000509.1,102,Q,Microcebus murinus,XP_012642085.1,2,F,F,match,5,HBB:102,valid
HBB,NP_000509.1,102,Q,Microcebus murinus,XP_012642085.1,3,R,T,different,0,HBB:102,valid
HBB,NP_000509.1,102,Q,Microcebus murinus,XP_012642085.1,4,L,L,match,5,HBB:102,valid
HBB,NP_000509.1,102,Q,Microcebus murinus,XP_012642085.1,5,L,L,match,5,HBB:102,valid
HBB,NP_000509.1,102,Q,Microcebus murinus,XP_012642085.1,6,G,G,match,5,HBB:102,valid
HBB,NP_000509.1,102,Q,Microcebus murinus,XP_012642085.1,7,N,N,match,5,HBB:102,valid
HBB,NP_000509.1,102,Q,Microcebus murinus,XP_012642085.1,8,V,V,match,5,HBB:102,valid
HBB,NP_000509.1,102,Q,Microcebus murinus,XP_012642085.1,9,L,L,match,5,HBB:102,valid
HBB,NP_000509.1,102,Q,Microcebus murinus,XP_012642085.1,10,V,V,match,5,HBB:102,valid
HGD,NP_000178.2,53,Q,Cercocebus atys,XP_011923849.1,-10,Q,Q,match,5,HGD:53,valid
HGD,NP_000178.2,53,Q,Cercocebus atys,XP_011923849.1,-9,L,L,match,5,HGD:53,valid
HGD,NP_000178.2,53,Q,Cercocebus atys,XP_011923849.1,-8,S,S,match,5,HGD:53,valid
HGD,NP_000178.2,53,Q,Cercocebus atys,XP_011923849.1,-7,G,G,match,5,HGD:53,valid
HGD,NP_000178.2,53,Q,Cercocebus atys,XP_011923849.1,-6,S,S,match,5,HGD:53,valid
HGD,NP_000178.2,53,Q,Cercocebus atys,XP_011923849.1,-5,A,A,match,5,HGD:53,valid
HGD,NP_000178.2,53,Q,Cercocebus atys,XP_011923849.1,-4,F,F,match,5,HGD:53,valid
HGD,NP_000178.2,53,Q,Cercocebus atys,XP_011923849.1,-3,T,T,match,5,HGD:53,valid
HGD,NP_000178.2,53,Q,Cercocebus atys,XP_011923849.1,-2,C,C,match,5,HGD:53,valid
HGD,NP_000178.2,53,Q,Cercocebus atys,XP_011923849.1,-1,P,P,match,5,HGD:53,valid
HGD,NP_000178.2,53,Q,Cercocebus atys,XP_011923849.1,1,S,S,match,5,HGD:53,valid
HGD,NP_000178.2,53,Q,Cercocebus atys,XP_011923849.1,2,T,T,match,5,HGD:53,valid
HGD,NP_000178.2,53,Q,Cercocebus atys,XP_011923849.1,3,N,N,match,5,HGD:53,valid
HGD,NP_000178.2,53,Q,Cercocebus atys,XP_011923849.1,4,K,K,match,5,HGD:53,valid
HGD,NP_000178.2,53,Q,Cercocebus atys,XP_011923849.1,5,R,R,match,5,HGD:53,valid
HGD,NP_000178.2,53,Q,Cercocebus atys,XP_011923849.1,6,S,S,match,5,HGD:53,valid
HGD,NP_000178.2,53,Q,Cercocebus atys,XP_011923849.1,7,W,W,match,5,HGD:53,valid
HGD,NP_000178.2,53,Q,Cercocebus atys,XP_011923849.1,8,L,L,match,5,HGD:53,valid
HGD,NP_000178.2,53,Q,Cercocebus atys,XP_011923849.1,9,Y,Y,match,5,HGD:53,valid
HGD,NP_000178.2,53,Q,Cercocebus atys,XP_011923849.1,10,R,R,match,5,HGD:53,valid
KCNQ1,NP_000209.2,114,P,Propithecus coquereli,XP_012520406.1,-10,T,A,different,0,KCNQ1:114,valid
KCNQ1,NP_000209.2,114,P,Propithecus coquereli,XP_012520406.1,-9,H,N,different,0,KCNQ1:114,valid
KCNQ1,NP_000209.2,114,P,Propithecus coquereli,XP_012520406.1,-8,V,S,different,0,KCNQ1:114,valid
KCNQ1,NP_000209.2,114,P,Propithecus coquereli,XP_012520406.1,-7,Q,D,different,0,KCNQ1:114,valid
KCNQ1,NP_000209.2,114,P,Propithecus coquereli,XP_012520406.1,-6,G,G,match,5,KCNQ1:114,valid
KCNQ1,NP_000209.2,114,P,Propithecus coquereli,XP_012520406.1,-5,R,K,different,0,KCNQ1:114,valid
KCNQ1,NP_000209.2,114,P,Propithecus coquereli,XP_012520406.1,-4,V,R,different,0,KCNQ1:114,valid
KCNQ1,NP_000209.2,114,P,Propithecus coquereli,XP_012520406.1,-3,Y,K,different,0,KCNQ1:114,valid
KCNQ1,NP_000209.2,114,P,Propithecus coquereli,XP_012520406.1,-2,N,A,different,0,KCNQ1:114,valid
KCNQ1,NP_000209.2,114,P,Propithecus coquereli,XP_012520406.1,-1,F,V,different,0,KCNQ1:114,valid
KCNQ1,NP_000209.2,114,P,Propithecus coquereli,XP_012520406.1,1,E,Q,different,0,KCNQ1:114,valid
KCNQ1,NP_000209.2,114,P,Propithecus coquereli,XP_012520406.1,2,R,Q,different,0,KCNQ1:114,valid
KCNQ1,NP_000209.2,114,P,Propithecus coquereli,XP_012520406.1,3,P,R,different,0,KCNQ1:114,valid
KCNQ1,NP_000209.2,114,P,Propithecus coquereli,XP_012520406.1,4,T,K,different,0,KCNQ1:114,valid
KCNQ1,NP_000209.2,114,P,Propithecus coquereli,XP_012520406.1,5,G,N,different,0,KCNQ1:114,valid
KCNQ1,NP_000209.2,114,P,Propithecus coquereli,XP_012520406.1,6,W,H,different,0,KCNQ1:114,valid
KCNQ1,NP_000209.2,114,P,Propithecus coquereli,XP_012520406.1,7,K,T,different,0,KCNQ1:114,valid
KCNQ1,NP_000209.2,114,P,Propithecus coquereli,XP_012520406.1,8,C,A,different,0,KCNQ1:114,valid
KCNQ1,NP_000209.2,114,P,Propithecus coquereli,XP_012520406.1,9,F,A,different,0,KCNQ1:114,valid
KCNQ1,NP_000209.2,114,P,Propithecus coquereli,XP_012520406.1,10,V,V,match,5,KCNQ1:114,valid
KCNQ1,NP_000209.2,115,G,Carlito syrichta,XP_008056392.1,-10,H,G,different,0,KCNQ1:115,invalid
KCNQ1,NP_000209.2,115,G,Carlito syrichta,XP_008056392.1,-9,V,S,different,0,KCNQ1:115,invalid
KCNQ1,NP_000209.2,115,G,Carlito syrichta,XP_008056392.1,-8,Q,Q,match,5,KCNQ1:115,invalid
KCNQ1,NP_000209.2,115,G,Carlito syrichta,XP_008056392.1,-7,G,D,different,0,KCNQ1:115,invalid
KCNQ1,NP_000209.2,115,G,Carlito syrichta,XP_008056392.1,-6,R,-,gap,-5,KCNQ1:115,invalid
KCNQ1,NP_000209.2,115,G,Carlito syrichta,XP_008056392.1,-5,V,-,gap,-5,KCNQ1:115,invalid
KCNQ1,NP_000209.2,115,G,Carlito syrichta,XP_008056392.1,-4,Y,L,different,0,KCNQ1:115,invalid
KCNQ1,NP_000209.2,115,G,Carlito syrichta,XP_008056392.1,-3,N,A,different,0,KCNQ1:115,invalid
KCNQ1,NP_000209.2,115,G,Carlito syrichta,XP_008056392.1,-2,F,A,different,0,KCNQ1:115,invalid
KCNQ1,NP_000209.2,115,G,Carlito syrichta,XP_008056392.1,-1,L,L,match,5,KCNQ1:115,invalid
KCNQ1,NP_000209.2,115,G,Carlito syrichta,XP_008056392.1,1,R,R,match,5,KCNQ1:115,invalid
KCNQ1,NP_000209.2,115,G,Carlito syrichta,XP_008056392.1,2,P,E,different,0,KCNQ1:115,invalid
KCNQ1,NP_000209.2,115,G,Carlito syrichta,XP_008056392.1,3,T,S,different,0,KCNQ1:115,invalid
KCNQ1,NP_000209.2,115,G,Carlito syrichta,XP_008056392.1,4,G,S,different,0,KCNQ1:115,invalid
KCNQ1,NP_000209.2,115,G,Carlito syrichta,XP_008056392.1,5,W,L,different,0,KCNQ1:115,invalid
KCNQ1,NP_000209.2,115,G,Carlito syrichta,XP_008056392.1,6,K,S,different,0,KCNQ1:115,invalid
KCNQ1,NP_000209.2,115,G,Carlito syrichta,XP_008056392.1,7,C,L,different,0,KCNQ1:115,invalid
KCNQ1,NP_000209.2,115,G,Carlito syrichta,XP_008056392.1,8,F,F,match,5,KCNQ1:115,invalid
KCNQ1,NP_000209.2,115,G,Carlito syrichta,XP_008056392.1,9,V,R,different,0,KCNQ1:115,invalid
KCNQ1,NP_000209.2,115,G,Carlito syrichta,XP_008056392.1,10,Y,D,different,0,KCNQ1:115,invalid
KCNQ1,NP_000209.2,125,D,Carlito syrichta,XP_008056392.1,-10,E,G,different,0,KCNQ1:125,invalid
KCNQ1,NP_000209.2,125,D,Carlito syrichta,XP_008056392.1,-9,R,R,match,5,KCNQ1:125,invalid
KCNQ1,NP_000209.2,125,D,Carlito syrichta,XP_008056392.1,-8,P,E,different,0,KCNQ1:125,invalid
KCNQ1,NP_000209.2,125,D,Carlito syrichta,XP_008056392.1,-7,T,S,different,0,KCNQ1:125,invalid
KCNQ1,NP_000209.2,125,D,Carlito syrichta,XP_008056392.1,-6,G,S,different,0,KCNQ1:125,invalid
KCNQ1,NP_000209.2,125,D,Carlito syrichta,XP_008056392.1,-5,W,L,different,0,KCNQ1:125,invalid
KCNQ1,NP_000209.2,125,D,Carlito syrichta,XP_008056392.1,-4,K,S,different,0,KCNQ1:125,invalid
KCNQ1,NP_000209.2,125,D,Carlito syrichta,XP_008056392.1,-3,C,L,different,0,KCNQ1:125,invalid
KCNQ1,NP_000209.2,125,D,Carlito syrichta,XP_008056392.1,-2,F,F,match,5,KCNQ1:125,invalid
KCNQ1,NP_000209.2,125,D,Carlito syrichta,XP_008056392.1,-1,V,R,different,0,KCNQ1:125,invalid
KCNQ1,NP_000209.2,125,D,Carlito syrichta,XP_008056392.1,1,H,T,different,0,KCNQ1:125,invalid
KCNQ1,NP_000209.2,125,D,Carlito syrichta,XP_008056392.1,2,F,L,different,0,KCNQ1:125,invalid
KCNQ1,NP_000209.2,125,D,Carlito syrichta,XP_008056392.1,3,A,R,different,0,KCNQ1:125,invalid
KCNQ1,NP_000209.2,125,D,Carlito syrichta,XP_008056392.1,4,V,-,gap,-5,KCNQ1:125,invalid
KCNQ1,NP_000209.2,125,D,Carlito syrichta,XP_008056392.1,5,-,-,gap,-5,KCNQ1:125,invalid
KCNQ1,NP_000209.2,125,D,Carlito syrichta,XP_008056392.1,6,F,F,match,5,KCNQ1:125,invalid
KCNQ1,NP_000209.2,125,D,Carlito syrichta,XP_008056392.1,7,L,L,match,5,KCNQ1:125,invalid
KCNQ1,NP_000209.2,125,D,Carlito syrichta,XP_008056392.1,8,I,I,match,5,KCNQ1:125,invalid
KCNQ1,NP_000209.2,125,D,Carlito syrichta,XP_008056392.1,9,V,V,match,5,KCNQ1:125,invalid
KCNQ1,NP_000209.2,125,D,Carlito syrichta,XP_008056392.1,10,L,L,match,5,KCNQ1:125,invalid
KCNQ1,NP_000209.2,117,S,Colobus angolensis palliatus,XP_011785491.1,-10,Q,D,different,0,KCNQ1:117,invalid
KCNQ1,NP_000209.2,117,S,Colobus angolensis palliatus,XP_011785491.1,-9,G,T,different,0,KCNQ1:117,invalid
KCNQ1,NP_000209.2,117,S,Colobus angolensis palliatus,XP_011785491.1,-8,R,G,different,0,KCNQ1:117,invalid
KCNQ1,NP_000209.2,117,S,Colobus angolensis palliatus,XP_011785491.1,-7,V,V,match,5,KCNQ1:117,invalid
KCNQ1,NP_000209.2,117,S,Colobus angolensis palliatus,XP_011785491.1,-6,Y,Q,different,0,KCNQ1:117,invalid
KCNQ1,NP_000209.2,117,S,Colobus angolensis palliatus,XP_011785491.1,-5,N,S,different,0,KCNQ1:117,invalid
KCNQ1,NP_000209.2,117,S,Colobus angolensis palliatus,XP_011785491.1,-4,F,S,different,0,KCNQ1:117,invalid
KCNQ1,NP_000209.2,117,S,Colobus angolensis palliatus,XP_011785491.1,-3,L,M,different,0,KCNQ1:117,invalid
KCNQ1,NP_000209.2,117,S,Colobus angolensis palliatus,XP_011785491.1,-2,E,K,different,0,KCNQ1:117,invalid
KCNQ1,NP_000209.2,117,S,Colobus angolensis palliatus,XP_011785491.1,-1,R,R,match,5,KCNQ1:117,invalid
KCNQ1,NP_000209.2,117,S,Colobus angolensis palliatus,XP_011785491.1,1,T,R,different,0,KCNQ1:117,invalid
KCNQ1,NP_000209.2,117,S,Colobus angolensis palliatus,XP_011785491.1,2,G,G,match,5,KCNQ1:117,invalid
KCNQ1,NP_000209.2,117,S,Colobus angolensis palliatus,XP_011785491.1,3,W,Y,different,0,KCNQ1:117,invalid
KCNQ1,NP_000209.2,117,S,Colobus angolensis palliatus,XP_011785491.1,4,K,A,different,0,KCNQ1:117,invalid
KCNQ1,NP_000209.2,117,S,Colobus angolensis palliatus,XP_011785491.1,5,C,P,different,0,KCNQ1:117,invalid
KCNQ1,NP_000209.2,117,S,Colobus angolensis palliatus,XP_011785491.1,6,F,R,different,0,KCNQ1:117,invalid
KCNQ1,NP_000209.2,117,S,Colobus angolensis palliatus,XP_011785491.1,7,V,S,different,0,KCNQ1:117,invalid
KCNQ1,NP_000209.2,117,S,Colobus angolensis palliatus,XP_011785491.1,8,Y,F,different,0,KCNQ1:117,invalid
KCNQ1,NP_000209.2,117,S,Colobus angolensis palliatus,XP_011785491.1,9,H,S,different,0,KCNQ1:117,invalid
KCNQ1,NP_000209.2,117,S,Colobus angolensis palliatus,XP_011785491.1,10,F,V,different,0,KCNQ1:117,invalid
KCNQ1,NP_000209.2,117,S,Mandrillus leucophaeus,XP_011843587.1,-10,Q,D,different,0,KCNQ1:117,invalid
KCNQ1,NP_000209.2,117,S,Mandrillus leucophaeus,XP_011843587.1,-9,G,T,different,0,KCNQ1:117,invalid
KCNQ1,NP_000209.2,117,S,Mandrillus leucophaeus,XP_011843587.1,-8,R,R,match,5,KCNQ1:117,invalid
KCNQ1,NP_000209.2,117,S,Mandrillus leucophaeus,XP_011843587.1,-7,V,V,match,5,KCNQ1:117,invalid
KCNQ1,NP_000209.2,117,S,Mandrillus leucophaeus,XP_011843587.1,-6,Y,P,different,0,KCNQ1:117,invalid
KCNQ1,NP_000209.2,117,S,Mandrillus leucophaeus,XP_011843587.1,-5,N,S,different,0,KCNQ1:117,invalid
KCNQ1,NP_000209.2,117,S,Mandrillus leucophaeus,XP_011843587.1,-4,F,S,different,0,KCNQ1:117,invalid
KCNQ1,NP_000209.2,117,S,Mandrillus leucophaeus,XP_011843587.1,-3,L,M,different,0,KCNQ1:117,invalid
KCNQ1,NP_000209.2,117,S,Mandrillus leucophaeus,XP_011843587.1,-2,E,K,different,0,KCNQ1:117,invalid
KCNQ1,NP_000209.2,117,S,Mandrillus leucophaeus,XP_011843587.1,-1,R,R,match,5,KCNQ1:117,invalid
KCNQ1,NP_000209.2,117,S,Mandrillus leucophaeus,XP_011843587.1,1,T,R,different,0,KCNQ1:117,invalid
KCNQ1,NP_000209.2,117,S,Mandrillus leucophaeus,XP_011843587.1,2,G,G,match,5,KCNQ1:117,invalid
KCNQ1,NP_000209.2,117,S,Mandrillus leucophaeus,XP_011843587.1,3,W,Y,different,0,KCNQ1:117,invalid
KCNQ1,NP_000209.2,117,S,Mandrillus leucophaeus,XP_011843587.1,4,K,A,different,0,KCNQ1:117,invalid
KCNQ1,NP_000209.2,117,S,Mandrillus leucophaeus,XP_011843587.1,5,C,P,different,0,KCNQ1:117,invalid
KCNQ1,NP_000209.2,117,S,Mandrillus leucophaeus,XP_011843587.1,6,F,R,different,0,KCNQ1:117,invalid
KCNQ1,NP_000209.2,117,S,Mandrillus leucophaeus,XP_011843587.1,7,V,G,different,0,KCNQ1:117,invalid
KCNQ1,NP_000209.2,117,S,Mandrillus leucophaeus,XP_011843587.1,8,Y,F,different,0,KCNQ1:117,invalid
KCNQ1,NP_000209.2,117,S,Mandrillus leucophaeus,XP_011843587.1,9,H,S,different,0,KCNQ1:117,invalid
KCNQ1,NP_000209.2,117,S,Mandrillus leucophaeus,XP_011843587.1,10,F,F,match,5,KCNQ1:117,invalid
KCNQ1,NP_000209.2,119,S,Carlito syrichta,XP_008056392.1,-10,R,-,gap,-5,KCNQ1:119,invalid
KCNQ1,NP_000209.2,119,S,Carlito syrichta,XP_008056392.1,-9,V,-,gap,-5,KCNQ1:119,invalid
KCNQ1,NP_000209.2,119,S,Carlito syrichta,XP_008056392.1,-8,Y,L,different,0,KCNQ1:119,invalid
KCNQ1,NP_000209.2,119,S,Carlito syrichta,XP_008056392.1,-7,N,A,different,0,KCNQ1:119,invalid
KCNQ1,NP_000209.2,119,S,Carlito syrichta,XP_008056392.1,-6,F,A,different,0,KCNQ1:119,invalid
KCNQ1,NP_000209.2,119,S,Carlito syrichta,XP_008056392.1,-5,L,L,match,5,KCNQ1:119,invalid
KCNQ1,NP_000209.2,119,S,Carlito syrichta,XP_008056392.1,-4,E,G,different,0,KCNQ1:119,invalid
KCNQ1,NP_000209.2,119,S,Carlito syrichta,XP_008056392.1,-3,R,R,match,5,KCNQ1:119,invalid
KCNQ1,NP_000209.2,119,S,Carlito syrichta,XP_008056392.1,-2,P,E,different,0,KCNQ1:119,invalid
KCNQ1,NP_000209.2,119,S,Carlito syrichta,XP_008056392.1,-1,T,S,different,0,KCNQ1:119,invalid
KCNQ1,NP_000209.2,119,S,Carlito syrichta,XP_008056392.1,1,W,L,different,0,KCNQ1:119,invalid
KCNQ1,NP_000209.2,119,S,Carlito syrichta,XP_008056392.1,2,K,S,different,0,KCNQ1:119,invalid
KCNQ1,NP_000209.2,119,S,Carlito syrichta,XP_008056392.1,3,C,L,different,0,KCNQ1:119,invalid
KCNQ1,NP_000209.2,119,S,Carlito syrichta,XP_008056392.1,4,F,F,match,5,KCNQ1:119,invalid
KCNQ1,NP_000209.2,119,S,Carlito syrichta,XP_008056392.1,5,V,R,different,0,KCNQ1:119,invalid
KCNQ1,NP_000209.2,119,S,Carlito syrichta,XP_008056392.1,6,Y,D,different,0,KCNQ1:119,invalid
KCNQ1,NP_000209.2,119,S,Carlito syrichta,XP_008056392.1,7,H,T,different,0,KCNQ1:119,invalid
KCNQ1,NP_000209.2,119,S,Carlito syrichta,XP_008056392.1,8,F,L,different,0,KCNQ1:119,invalid
KCNQ1,NP_000209.2,119,S,Carlito syrichta,XP_008056392.1,9,A,R,different,0,KCNQ1:119,invalid
KCNQ1,NP_000209.2,119,S,Carlito syrichta,XP_008056392.1,10,V,-,gap,-5,KCNQ1:119,invalid
LDLR,NP_000518.1,46,S,Colobus angolensis palliatus,XP_011810343.1,-10,D,-,gap,-5,LDLR:46,invalid
LDLR,NP_000518.1,46,S,Colobus angolensis palliatus,XP_011810343.1,-9,G,-,gap,-5,LDLR:46,invalid
LDLR,NP_000518.1,46,S,Colobus angolensis palliatus,XP_011810343.1,-8,K,-,gap,-5,LDLR:46,invalid
LDLR,NP_000518.1,46,S,Colobus angolensis palliatus,XP_011810343.1,-7,C,-,gap,-5,LDLR:46,invalid
LDLR,NP_000518.1,46,S,Colobus angolensis palliatus,XP_011810343.1,-6,I,-,gap,-5,LDLR:46,invalid
LDLR,NP_000518.1,46,S,Colobus angolensis palliatus,XP_011810343.1,-5,S,-,gap,-5,LDLR:46,invalid
LDLR,NP_000518.1,46,S,Colobus angolensis palliatus,XP_011810343.1,-4,Y,-,gap,-5,LDLR:46,invalid
LDLR,NP_000518.1,46,S,Colobus angolensis palliatus,XP_011810343.1,-3,K,-,gap,-5,LDLR:46,invalid
LDLR,NP_000518.1,46,S,Colobus angolensis palliatus,XP_011810343.1,-2,W,W,match,5,LDLR:46,invalid
LDLR,NP_000518.1,46,S,Colobus angolensis palliatus,XP_011810343.1,-1,V,A,different,0,LDLR:46,invalid
LDLR,NP_000518.1,46,S,Colobus angolensis palliatus,XP_011810343.1,1,D,V,different,0,LDLR:46,invalid
LDLR,NP_000518.1,46,S,Colobus angolensis palliatus,XP_011810343.1,2,G,G,match,5,LDLR:46,invalid
LDLR,NP_000518.1,46,S,Colobus angolensis palliatus,XP_011810343.1,3,S,R,different,0,LDLR:46,invalid
LDLR,NP_000518.1,46,S,Colobus angolensis palliatus,XP_011810343.1,4,A,L,different,0,LDLR:46,invalid
LDLR,NP_000518.1,46,S,Colobus angolensis palliatus,XP_011810343.1,5,E,H,different,0,LDLR:46,invalid
LDLR,NP_000518.1,46,S,Colobus angolensis palliatus,XP_011810343.1,6,C,G,different,0,LDLR:46,invalid
LDLR,NP_000518.1,46,S,Colobus angolensis palliatus,XP_011810343.1,7,Q,D,different,0,LDLR:46,invalid
LDLR,NP_000518.1,46,S,Colobus angolensis palliatus,XP_011810343.1,8,D,R,different,0,LDLR:46,invalid
LDLR,NP_000518.1,46,S,Colobus angolensis palliatus,XP_011810343.1,9,G,G,match,5,LDLR:46,invalid
LDLR,NP_000518.1,46,S,Colobus angolensis palliatus,XP_011810343.1,10,S,H,different,0,LDLR:46,invalid
LDLR,NP_000518.1,583,D,Microcebus murinus,XP_020139390.1,-10,G,G,match,5,LDLR:583,invalid
LDLR,NP_000518.1,583,D,Microcebus murinus,XP_020139390.1,-9,R,R,match,5,LDLR:583,invalid
LDLR,NP_000518.1,583,D,Microcebus murinus,XP_020139390.1,-8,L,L,match,5,LDLR:583,invalid
LDLR,NP_000518.1,583,D,Microcebus murinus,XP_020139390.1,-7,Y,Y,match,5,LDLR:583,invalid
LDLR,NP_000518.1,583,D,Microcebus murinus,XP_020139390.1,-6,W,W,match,5,LDLR:583,invalid
LDLR,NP_000518.1,583,D,Microcebus murinus,XP_020139390.1,-5,V,-,gap,-5,LDLR:583,invalid
LDLR,NP_000518.1,583,D,Microcebus murinus,XP_020139390.1,-4,D,G,different,0,LDLR:583,invalid
LDLR,NP_000518.1,583,D,Microcebus murinus,XP_020139390.1,-3,S,T,different,0,LDLR:583,invalid
LDLR,NP_000518.1,583,D,Microcebus murinus,XP_020139390.1,-2,K,C,different,0,LDLR:583,invalid
LDLR,NP_000518.1,583,D,Microcebus murinus,XP_020139390.1,-1,L,I,different,0,LDLR:583,invalid
LDLR,NP_000518.1,583,D,Microcebus murinus,XP_020139390.1,1,S,S,match,5,LDLR:583,invalid
LDLR,NP_000518.1,583,D,Microcebus murinus,XP_020139390.1,2,I,S,different,0,LDLR:583,invalid
LDLR,NP_000518.1,583,D,Microcebus murinus,XP_020139390.1,3,S,S,match,5,LDLR:583,invalid
LDLR,NP_000518.1,583,D,Microcebus murinus,XP_020139390.1,4,S,T,different,0,LDLR:583,invalid
LDLR,NP_000518.1,583,D,Microcebus murinus,XP_020139390.1,5,I,C,different,0,LDLR:583,invalid
LDLR,NP_000518.1,583,D,Microcebus murinus,XP_020139390.1,6,D,E,different,0,LDLR:583,invalid
LDLR,NP_000518.1,583,D,Microcebus murinus,XP_020139390.1,7,V,G,different,0,LDLR:583,invalid
LDLR,NP_000518.1,583,D,Microcebus murinus,XP_020139390.1,8,N,A,different,0,LDLR:583,invalid
LDLR,NP_000518.1,583,D,Microcebus murinus,XP_020139390.1,9,G,G,match,5,LDLR:583,invalid
LDLR,NP_000518.1,583,D,Microcebus murinus,XP_020139390.1,10,G,X,different,0,LDLR:583,invalid
LDLR,NP_000518.1,579,G,Microcebus murinus,XP_020139390.1,-10,D,G,different,0,LDLR:579,invalid
LDLR,NP_000518.1,579,G,Microcebus murinus,XP_020139390.1,-9,L,I,different,0,LDLR:579,invalid
LDLR,NP_000518.1,579,G,Microcebus murinus,XP_020139390.1,-8,L,-,gap,-5,LDLR:579,invalid
LDLR,NP_000518.1,579,G,Microcebus murinus,XP_020139390.1,-7,S,-,gap,-5,LDLR:579,invalid
LDLR,NP_000518.1,579,G,Microcebus murinus,XP_020139390.1,-6,G,G,match,5,LDLR:579,invalid
LDLR,NP_000518.1,579,G,Microcebus murinus,XP_020139390.1,-5,R,R,match,5,LDLR:579,invalid
LDLR,NP_000518.1,579,G,Microcebus murinus,XP_020139390.1,-4,L,L,match,5,LDLR:579,invalid
LDLR,NP_000518.1,579,G,Microcebus murinus,XP_020139390.1,-3,Y,Y,match,5,LDLR:579,invalid
LDLR,NP_000518.1,579,G,Microcebus murinus,XP_020139390.1,-2,W,W,match,5,LDLR:579,invalid
LDLR,NP_000518.1,579,G,Microcebus murinus,XP_020139390.1,-1,V,-,gap,-5,LDLR:579,invalid
LDLR,NP_000518.1,579,G,Microcebus murinus,XP_020139390.1,1,S,T,different,0,LDLR:579,invalid
LDLR,NP_000518.1,579,G,Microcebus murinus,XP_020139390.1,2,K,C,different,0,LDLR:579,invalid
LDLR,NP_000518.1,579,G,Microcebus murinus,XP_020139390.1,3,L,I,different,0,LDLR:579,invalid
LDLR,NP_000518.1,579,G,Microcebus murinus,XP_020139390.1,4,H,D,different,0,LDLR:579,invalid
LDLR,NP_000518.1,579,G,Microcebus murinus,XP_020139390.1,5,S,S,match,5,LDLR:579,invalid
LDLR,NP_000518.1,579,G,Microcebus murinus,XP_020139390.1,6,I,S,different,0,LDLR:579,invalid
LDLR,NP_000518.1,579,G,Microcebus murinus,XP_020139390.1,7,S,S,match,5,LDLR:579,invalid
LDLR,NP_000518.1,579,G,Microcebus murinus,XP_020139390.1,8,S,T,different,0,LDLR:579,invalid
LDLR,NP_000518.1,579,G,Microcebus murinus,XP_020139390.1,9,I,C,different,0,LDLR:579,invalid
LDLR,NP_000518.1,579,G,Microcebus murinus,XP_020139390.1,10,D,E,different,0,LDLR:579,invalid
LDLR,NP_000518.1,88,K,Carlito syrichta,XP_021573646.1,-10,R,R,match,5,LDLR:88,valid
LDLR,NP_000518.1,88,K,Carlito syrichta,XP_021573646.1,-9,V,I,different,0,LDLR:88,valid
LDLR,NP_000518.1,88,K,Carlito syrichta,XP_021573646.1,-8,N,N,match,5,LDLR:88,valid
LDLR,NP_000518.1,88,K,Carlito syrichta,XP_021573646.1,-7,R,R,match,5,LDLR:88,valid
LDLR,NP_000518.1,88,K,Carlito syrichta,XP_021573646.1,-6,C,C,match,5,LDLR:88,valid
LDLR,NP_000518.1,88,K,Carlito syrichta,XP_021573646.1,-5,I,I,match,5,LDLR:88,valid
LDLR,NP_000518.1,88,K,Carlito syrichta,XP_021573646.1,-4,P,P,match,5,LDLR:88,valid
LDLR,NP_000518.1,88,K,Carlito syrichta,XP_021573646.1,-3,Q,Q,match,5,LDLR:88,valid
LDLR,NP_000518.1,88,K,Carlito syrichta,XP_021573646.1,-2,F,F,match,5,LDLR:88,valid
LDLR,NP_000518.1,88,K,Carlito syrichta,XP_021573646.1,-1,W,W,match,5,LDLR:88,valid
LDLR,NP_000518.1,88,K,Carlito syrichta,XP_021573646.1,1,C,C,match,5,LDLR:88,valid
LDLR,NP_000518.1,88,K,Carlito syrichta,XP_021573646.1,2,D,D,match,5,LDLR:88,valid
LDLR,NP_000518.1,88,K,Carlito syrichta,XP_021573646.1,3,G,G,match,5,LDLR:88,valid
LDLR,NP_000518.1,88,K,Carlito syrichta,XP_021573646.1,4,Q,Q,match,5,LDLR:88,valid
LDLR,NP_000518.1,88,K,Carlito syrichta,XP_021573646.1,5,V,V,match,5,LDLR:88,valid
LDLR,NP_000518.1,88,K,Carlito syrichta,XP_021573646.1,6,D,D,match,5,LDLR:88,valid
LDLR,NP_000518.1,88,K,Carlito syrichta,XP_021573646.1,7,C,C,match,5,LDLR:88,valid
LDLR,NP_000518.1,88,K,Carlito syrichta,XP_021573646.1,8,D,E,different,0,LDLR:88,valid
LDLR,NP_000518.1,88,K,Carlito syrichta,XP_021573646.1,9,N,N,match,5,LDLR:88,valid
LDLR,NP_000518.1,88,K,Carlito syrichta,XP_021573646.1,10,G,G,match,5,LDLR:88,valid
LDLR,NP_000518.1,301,V,Propithecus coquereli,XP_012496802.1,-10,T,L,different,0,LDLR:301,invalid
LDLR,NP_000518.1,301,V,Propithecus coquereli,XP_012496802.1,-9,L,F,different,0,LDLR:301,invalid
LDLR,NP_000518.1,301,V,Propithecus coquereli,XP_012496802.1,-8,D,A,different,0,LDLR:301,invalid
LDLR,NP_000518.1,301,V,Propithecus coquereli,XP_012496802.1,-7,K,N,different,0,LDLR:301,invalid
LDLR,NP_000518.1,301,V,Propithecus coquereli,XP_012496802.1,-6,V,A,different,0,LDLR:301,invalid
LDLR,NP_000518.1,301,V,Propithecus coquereli,XP_012496802.1,-5,C,P,different,0,LDLR:301,invalid
LDLR,NP_000518.1,301,V,Propithecus coquereli,XP_012496802.1,-4,N,R,different,0,LDLR:301,invalid
LDLR,NP_000518.1,301,V,Propithecus coquereli,XP_012496802.1,-3,M,S,different,0,LDLR:301,invalid
LDLR,NP_000518.1,301,V,Propithecus coquereli,XP_012496802.1,-2,A,Q,different,0,LDLR:301,invalid
LDLR,NP_000518.1,301,V,Propithecus coquereli,XP_012496802.1,-1,R,R,match,5,LDLR:301,invalid
LDLR,NP_000518.1,301,V,Propithecus coquereli,XP_012496802.1,1,-,L,gap,-5,LDLR:301,invalid
LDLR,NP_000518.1,301,V,Propithecus coquereli,XP_012496802.1,2,-,P,gap,-5,LDLR:301,invalid
LDLR,NP_000518.1,301,V,Propithecus coquereli,XP_012496802.1,3,-,R,gap,-5,LDLR:301,invalid
LDLR,NP_000518.1,301,V,Propithecus coquereli,XP_012496802.1,4,-,A,gap,-5,LDLR:301,invalid
LDLR,NP_000518.1,301,V,Propithecus coquereli,XP_012496802.1,5,-,A,gap,-5,LDLR:301,invalid
LDLR,NP_000518.1,301,V,Propithecus coquereli,XP_012496802.1,6,-,P,gap,-5,LDLR:301,invalid
LDLR,NP_000518.1,301,V,Propithecus coquereli,XP_012496802.1,7,C,L,different,0,LDLR:301,invalid
LDLR,NP_000518.1,301,V,Propithecus coquereli,XP_012496802.1,8,R,Q,different,0,LDLR:301,invalid
LDLR,NP_000518.1,301,V,Propithecus coquereli,XP_012496802.1,9,D,L,different,0,LDLR:301,invalid
LDLR,NP_000518.1,301,V,Propithecus coquereli,XP_012496802.1,10,W,W,match,5,LDLR:301,invalid
NAGLU,NP_000254.2,35,P,Mandrillus leucophaeus,XP_011854414.1,-10,E,R,different,0,NAGLU:35,invalid
NAGLU,NP_000254.2,35,P,Mandrillus leucophaeus,XP_011854414.1,-9,A,L,different,0,NAGLU:35,invalid
NAGLU,NP_000254.2,35,P,Mandrillus leucophaeus,XP_011854414.1,-8,R,L,different,0,NAGLU:35,invalid
NAGLU,NP_000254.2,35,P,Mandrillus leucophaeus,XP_011854414.1,-7,E,P,different,0,NAGLU:35,invalid
NAGLU,NP_000254.2,35,P,Mandrillus leucophaeus,XP_011854414.1,-6,A,S,different,0,NAGLU:35,invalid
NAGLU,NP_000254.2,35,P,Mandrillus leucophaeus,XP_011854414.1,-5,A,S,different,0,NAGLU:35,invalid
NAGLU,NP_000254.2,35,P,Mandrillus leucophaeus,XP_011854414.1,-4,A,A,match,5,NAGLU:35,invalid
NAGLU,NP_000254.2,35,P,Mandrillus leucophaeus,XP_011854414.1,-3,V,P,different,0,NAGLU:35,invalid
NAGLU,NP_000254.2,35,P,Mandrillus leucophaeus,XP_011854414.1,-2,R,Q,different,0,NAGLU:35,invalid
NAGLU,NP_000254.2,35,P,Mandrillus leucophaeus,XP_011854414.1,-1,A,C,different,0,NAGLU:35,invalid
NAGLU,NP_000254.2,35,P,Mandrillus leucophaeus,XP_011854414.1,1,V,L,different,0,NAGLU:35,invalid
NAGLU,NP_000254.2,35,P,Mandrillus leucophaeus,XP_011854414.1,2,A,L,different,0,NAGLU:35,invalid
NAGLU,NP_000254.2,35,P,Mandrillus leucophaeus,XP_011854414.1,3,-,-,gap,-5,NAGLU:35,invalid
NAGLU,NP_000254.2,35,P,Mandrillus leucophaeus,XP_011854414.1,4,-,-,gap,-5,NAGLU:35,invalid
NAGLU,NP_000254.2,35,P,Mandrillus leucophaeus,XP_011854414.1,5,-,-,gap,-5,NAGLU:35,invalid
NAGLU,NP_000254.2,35,P,Mandrillus leucophaeus,XP_011854414.1,6,-,-,gap,-5,NAGLU:35,invalid
NAGLU,NP_000254.2,35,P,Mandrillus leucophaeus,XP_011854414.1,7,R,T,different,0,NAGLU:35,invalid
NAGLU,NP_000254.2,35,P,Mandrillus leucophaeus,XP_011854414.1,8,L,T,different,0,NAGLU:35,invalid
NAGLU,NP_000254.2,35,P,Mandrillus leucophaeus,XP_011854414.1,9,L,L,match,5,NAGLU:35,invalid
NAGLU,NP_000254.2,35,P,Mandrillus leucophaeus,XP_011854414.1,10,G,A,different,0,NAGLU:35,invalid
NAGLU,NP_000254.2,309,F,Pongo pygmaeus,XP_054313588.1,-10,L,L,match,5,NAGLU:309,valid
NAGLU,NP_000254.2,309,F,Pongo pygmaeus,XP_054313588.1,-9,I,I,match,5,NAGLU:309,valid
NAGLU,NP_000254.2,309,F,Pongo pygmaeus,XP_054313588.1,-8,K,K,match,5,NAGLU:309,valid
NAGLU,NP_000254.2,309,F,Pongo pygmaeus,XP_054313588.1,-7,E,E,match,5,NAGLU:309,valid
NAGLU,NP_000254.2,309,F,Pongo pygmaeus,XP_054313588.1,-6,F,F,match,5,NAGLU:309,valid
NAGLU,NP_000254.2,309,F,Pongo pygmaeus,XP_054313588.1,-5,G,G,match,5,NAGLU:309,valid
NAGLU,NP_000254.2,309,F,Pongo pygmaeus,XP_054313588.1,-4,T,T,match,5,NAGLU:309,valid
NAGLU,NP_000254.2,309,F,Pongo pygmaeus,XP_054313588.1,-3,D,D,match,5,NAGLU:309,valid
NAGLU,NP_000254.2,309,F,Pongo pygmaeus,XP_054313588.1,-2,H,H,match,5,NAGLU:309,valid
NAGLU,NP_000254.2,309,F,Pongo pygmaeus,XP_054313588.1,-1,I,I,match,5,NAGLU:309,valid
NAGLU,NP_000254.2,309,F,Pongo pygmaeus,XP_054313588.1,1,G,G,match,5,NAGLU:309,valid
NAGLU,NP_000254.2,309,F,Pongo pygmaeus,XP_054313588.1,2,A,A,match,5,NAGLU:309,valid
NAGLU,NP_000254.2,309,F,Pongo pygmaeus,XP_054313588.1,3,D,D,match,5,NAGLU:309,valid
NAGLU,NP_000254.2,309,F,Pongo pygmaeus,XP_054313588.1,4,T,T,match,5,NAGLU:309,valid
NAGLU,NP_000254.2,309,F,Pongo pygmaeus,XP_054313588.1,5,F,F,match,5,NAGLU:309,valid
NAGLU,NP_000254.2,309,F,Pongo pygmaeus,XP_054313588.1,6,N,N,match,5,NAGLU:309,valid
NAGLU,NP_000254.2,309,F,Pongo pygmaeus,XP_054313588.1,7,E,E,match,5,NAGLU:309,valid
NAGLU,NP_000254.2,309,F,Pongo pygmaeus,XP_054313588.1,8,M,M,match,5,NAGLU:309,valid
NAGLU,NP_000254.2,309,F,Pongo pygmaeus,XP_054313588.1,9,Q,Q,match,5,NAGLU:309,valid
NAGLU,NP_000254.2,309,F,Pongo pygmaeus,XP_054313588.1,10,P,P,match,5,NAGLU:309,valid
NAGLU,NP_000254.2,309,F,Pongo abelii,XP_002827555.2,-10,L,L,match,5,NAGLU:309,valid
NAGLU,NP_000254.2,309,F,Pongo abelii,XP_002827555.2,-9,I,I,match,5,NAGLU:309,valid
NAGLU,NP_000254.2,309,F,Pongo abelii,XP_002827555.2,-8,K,K,match,5,NAGLU:309,valid
NAGLU,NP_000254.2,309,F,Pongo abelii,XP_002827555.2,-7,E,E,match,5,NAGLU:309,valid
NAGLU,NP_000254.2,309,F,Pongo abelii,XP_002827555.2,-6,F,F,match,5,NAGLU:309,valid
NAGLU,NP_000254.2,309,F,Pongo abelii,XP_002827555.2,-5,G,G,match,5,NAGLU:309,valid
NAGLU,NP_000254.2,309,F,Pongo abelii,XP_002827555.2,-4,T,T,match,5,NAGLU:309,valid
NAGLU,NP_000254.2,309,F,Pongo abelii,XP_002827555.2,-3,D,D,match,5,NAGLU:309,valid
NAGLU,NP_000254.2,309,F,Pongo abelii,XP_002827555.2,-2,H,H,match,5,NAGLU:309,valid
NAGLU,NP_000254.2,309,F,Pongo abelii,XP_002827555.2,-1,I,I,match,5,NAGLU:309,valid
NAGLU,NP_000254.2,309,F,Pongo abelii,XP_002827555.2,1,G,G,match,5,NAGLU:309,valid
NAGLU,NP_000254.2,309,F,Pongo abelii,XP_002827555.2,2,A,A,match,5,NAGLU:309,valid
NAGLU,NP_000254.2,309,F,Pongo abelii,XP_002827555.2,3,D,D,match,5,NAGLU:309,valid
NAGLU,NP_000254.2,309,F,Pongo abelii,XP_002827555.2,4,T,T,match,5,NAGLU:309,valid
NAGLU,NP_000254.2,309,F,Pongo abelii,XP_002827555.2,5,F,F,match,5,NAGLU:309,valid
NAGLU,NP_000254.2,309,F,Pongo abelii,XP_002827555.2,6,N,N,match,5,NAGLU:309,valid
NAGLU,NP_000254.2,309,F,Pongo abelii,XP_002827555.2,7,E,E,match,5,NAGLU:309,valid
NAGLU,NP_000254.2,309,F,Pongo abelii,XP_002827555.2,8,M,M,match,5,NAGLU:309,valid
NAGLU,NP_000254.2,309,F,Pongo abelii,XP_002827555.2,9,Q,Q,match,5,NAGLU:309,valid
NAGLU,NP_000254.2,309,F,Pongo abelii,XP_002827555.2,10,P,P,match,5,NAGLU:309,valid
NAGLU,NP_000254.2,1,L,Mandrillus leucophaeus,XP_011854414.1,-9,-,M,gap,-5,NAGLU:1,invalid
NAGLU,NP_000254.2,1,L,Mandrillus leucophaeus,XP_011854414.1,-8,-,C,gap,-5,NAGLU:1,invalid
NAGLU,NP_000254.2,1,L,Mandrillus leucophaeus,XP_011854414.1,-7,-,P,gap,-5,NAGLU:1,invalid
NAGLU,NP_000254.2,1,L,Mandrillus leucophaeus,XP_011854414.1,-6,-,M,gap,-5,NAGLU:1,invalid
NAGLU,NP_000254.2,1,L,Mandrillus leucophaeus,XP_011854414.1,-5,-,L,gap,-5,NAGLU:1,invalid
NAGLU,NP_000254.2,1,L,Mandrillus leucophaeus,XP_011854414.1,-4,-,P,gap,-5,NAGLU:1,invalid
NAGLU,NP_000254.2,1,L,Mandrillus leucophaeus,XP_011854414.1,-3,-,S,gap,-5,NAGLU:1,invalid
NAGLU,NP_000254.2,1,L,Mandrillus leucophaeus,XP_011854414.1,-2,-,P,gap,-5,NAGLU:1,invalid
NAGLU,NP_000254.2,1,L,Mandrillus leucophaeus,XP_011854414.1,-1,-,P,gap,-5,NAGLU:1,invalid
NAGLU,NP_000254.2,1,L,Mandrillus leucophaeus,XP_011854414.1,1,E,S,different,0,NAGLU:1,invalid
NAGLU,NP_000254.2,1,L,Mandrillus leucophaeus,XP_011854414.1,2,A,T,different,0,NAGLU:1,invalid
NAGLU,NP_000254.2,1,L,Mandrillus leucophaeus,XP_011854414.1,3,V,V,match,5,NAGLU:1,invalid
NAGLU,NP_000254.2,1,L,Mandrillus leucophaeus,XP_011854414.1,4,A,I,different,0,NAGLU:1,invalid
NAGLU,NP_000254.2,1,L,Mandrillus leucophaeus,XP_011854414.1,5,V,S,different,0,NAGLU:1,invalid
NAGLU,NP_000254.2,1,L,Mandrillus leucophaeus,XP_011854414.1,6,A,C,different,0,NAGLU:1,invalid
NAGLU,NP_000254.2,1,L,Mandrillus leucophaeus,XP_011854414.1,7,A,A,match,5,NAGLU:1,invalid
NAGLU,NP_000254.2,1,L,Mandrillus leucophaeus,XP_011854414.1,8,A,S,different,0,NAGLU:1,invalid
NAGLU,NP_000254.2,1,L,Mandrillus leucophaeus,XP_011854414.1,9,V,L,different,0,NAGLU:1,invalid
NAGLU,NP_000254.2,1,L,Mandrillus leucophaeus,XP_011854414.1,10,G,P,different,0,NAGLU:1,invalid
NPC1,NP_000262.2,372,W,Pan troglodytes,XP_024206757.2,-10,T,T,match,5,NPC1:372,valid
NPC1,NP_000262.2,372,W,Pan troglodytes,XP_024206757.2,-9,A,A,match,5,NPC1:372,valid
NPC1,NP_000262.2,372,W,Pan troglodytes,XP_024206757.2,-8,C,C,match,5,NPC1:372,valid
NPC1,NP_000262.2,372,W,Pan troglodytes,XP_024206757.2,-7,S,S,match,5,NPC1:372,valid
NPC1,NP_000262.2,372,W,Pan troglodytes,XP_024206757.2,-6,S,S,match,5,NPC1:372,valid
NPC1,NP_000262.2,372,W,Pan troglodytes,XP_024206757.2,-5,G,G,match,5,NPC1:372,valid
NPC1,NP_000262.2,372,W,Pan troglodytes,XP_024206757.2,-4,L,L,match,5,NPC1:372,valid
NPC1,NP_000262.2,372,W,Pan troglodytes,XP_024206757.2,-3,V,V,match,5,NPC1:372,valid
NPC1,NP_000262.2,372,W,Pan troglodytes,XP_024206757.2,-2,F,F,match,5,NPC1:372,valid
NPC1,NP_000262.2,372,W,Pan troglodytes,XP_024206757.2,-1,V,V,match,5,NPC1:372,valid
NPC1,NP_000262.2,372,W,Pan troglodytes,XP_024206757.2,1,V,V,match,5,NPC1:372,valid
NPC1,NP_000262.2,372,W,Pan troglodytes,XP_024206757.2,2,T,T,match,5,NPC1:372,valid
NPC1,NP_000262.2,372,W,Pan troglodytes,XP_024206757.2,3,T,T,match,5,NPC1:372,valid
NPC1,NP_000262.2,372,W,Pan troglodytes,XP_024206757.2,4,N,N,match,5,NPC1:372,valid
NPC1,NP_000262.2,372,W,Pan troglodytes,XP_024206757.2,5,P,P,match,5,NPC1:372,valid
NPC1,NP_000262.2,372,W,Pan troglodytes,XP_024206757.2,6,V,V,match,5,NPC1:372,valid
NPC1,NP_000262.2,372,W,Pan troglodytes,XP_024206757.2,7,D,D,match,5,NPC1:372,valid
NPC1,NP_000262.2,372,W,Pan troglodytes,XP_024206757.2,8,L,L,match,5,NPC1:372,valid
NPC1,NP_000262.2,372,W,Pan troglodytes,XP_024206757.2,9,W,W,match,5,NPC1:372,valid
NPC1,NP_000262.2,372,W,Pan troglodytes,XP_024206757.2,10,S,S,match,5,NPC1:372,valid
NPC1,NP_000262.2,167,L,Propithecus coquereli,XP_012518129.1,-10,Y,Y,match,5,NPC1:167,valid
NPC1,NP_000262.2,167,L,Propithecus coquereli,XP_012518129.1,-9,N,N,match,5,NPC1:167,valid
NPC1,NP_000262.2,167,L,Propithecus coquereli,XP_012518129.1,-8,A,A,match,5,NPC1:167,valid
NPC1,NP_000262.2,167,L,Propithecus coquereli,XP_012518129.1,-7,C,C,match,5,NPC1:167,valid
NPC1,NP_000262.2,167,L,Propithecus coquereli,XP_012518129.1,-6,R,R,match,5,NPC1:167,valid
NPC1,NP_000262.2,167,L,Propithecus coquereli,XP_012518129.1,-5,D,D,match,5,NPC1:167,valid
NPC1,NP_000262.2,167,L,Propithecus coquereli,XP_012518129.1,-4,V,V,match,5,NPC1:167,valid
NPC1,NP_000262.2,167,L,Propithecus coquereli,XP_012518129.1,-3,E,E,match,5,NPC1:167,valid
NPC1,NP_000262.2,167,L,Propithecus coquereli,XP_012518129.1,-2,A,A,match,5,NPC1:167,valid
NPC1,NP_000262.2,167,L,Propithecus coquereli,XP_012518129.1,-1,P,P,match,5,NPC1:167,valid
NPC1,NP_000262.2,167,L,Propithecus coquereli,XP_012518129.1,1,S,S,match,5,NPC1:167,valid
NPC1,NP_000262.2,167,L,Propithecus coquereli,XP_012518129.1,2,N,N,match,5,NPC1:167,valid
NPC1,NP_000262.2,167,L,Propithecus coquereli,XP_012518129.1,3,D,D,match,5,NPC1:167,valid
NPC1,NP_000262.2,167,L,Propithecus coquereli,XP_012518129.1,4,K,K,match,5,NPC1:167,valid
NPC1,NP_000262.2,167,L,Propithecus coquereli,XP_012518129.1,5,A,A,match,5,NPC1:167,valid
NPC1,NP_000262.2,167,L,Propithecus coquereli,XP_012518129.1,6,L,L,match,5,NPC1:167,valid
NPC1,NP_000262.2,167,L,Propithecus coquereli,XP_012518129.1,7,G,G,match,5,NPC1:167,valid
NPC1,NP_000262.2,167,L,Propithecus coquereli,XP_012518129.1,8,L,L,match,5,NPC1:167,valid
NPC1,NP_000262.2,167,L,Propithecus coquereli,XP_012518129.1,9,L,L,match,5,NPC1:167,valid
NPC1,NP_000262.2,167,L,Propithecus coquereli,XP_012518129.1,10,C,C,match,5,NPC1:167,valid
OCA2,NP_000266.2,780,S,Propithecus coquereli,XP_012503455.1,-10,Y,L,different,0,OCA2:780,valid
OCA2,NP_000266.2,780,S,Propithecus coquereli,XP_012503455.1,-9,A,S,different,0,OCA2:780,valid
OCA2,NP_000266.2,780,S,Propithecus coquereli,XP_012503455.1,-8,L,L,match,5,OCA2:780,valid
OCA2,NP_000266.2,780,S,Propithecus coquereli,XP_012503455.1,-7,A,A,match,5,OCA2:780,valid
OCA2,NP_000266.2,780,S,Propithecus coquereli,XP_012503455.1,-6,F,L,different,0,OCA2:780,valid
OCA2,NP_000266.2,780,S,Propithecus coquereli,XP_012503455.1,-5,G,G,match,5,OCA2:780,valid
OCA2,NP_000266.2,780,S,Propithecus coquereli,XP_012503455.1,-4,A,A,match,5,OCA2:780,valid
OCA2,NP_000266.2,780,S,Propithecus coquereli,XP_012503455.1,-3,C,C,match,5,OCA2:780,valid
OCA2,NP_000266.2,780,S,Propithecus coquereli,XP_012503455.1,-2,L,L,match,5,OCA2:780,valid
OCA2,NP_000266.2,780,S,Propithecus coquereli,XP_012503455.1,-1,G,Q,different,0,OCA2:780,valid
OCA2,NP_000266.2,780,S,Propithecus coquereli,XP_012503455.1,1,N,N,match,5,OCA2:780,valid
OCA2,NP_000266.2,780,S,Propithecus coquereli,XP_012503455.1,2,G,G,match,5,OCA2:780,valid
OCA2,NP_000266.2,780,S,Propithecus coquereli,XP_012503455.1,3,T,T,match,5,OCA2:780,valid
OCA2,NP_000266.2,780,S,Propithecus coquereli,XP_012503455.1,4,L,L,match,5,OCA2:780,valid
OCA2,NP_000266.2,780,S,Propithecus coquereli,XP_012503455.1,5,I,I,match,5,OCA2:780,valid
OCA2,NP_000266.2,780,S,Propithecus coquereli,XP_012503455.1,6,G,G,match,5,OCA2:780,valid
OCA2,NP_000266.2,780,S,Propithecus coquereli,XP_012503455.1,7,A,A,match,5,OCA2:780,valid
OCA2,NP_000266.2,780,S,Propithecus coquereli,XP_012503455.1,8,S,S,match,5,OCA2:780,valid
OCA2,NP_000266.2,780,S,Propithecus coquereli,XP_012503455.1,9,A,A,match,5,OCA2:780,valid
OCA2,NP_000266.2,780,S,Propithecus coquereli,XP_012503455.1,10,N,N,match,5,OCA2:780,valid
PAH,NP_000268.1,164,T,Papio anubis,XP_021778512.2,-10,Y,Y,match,5,PAH:164,valid
PAH,NP_000268.1,164,T,Papio anubis,XP_021778512.2,-9,R,R,match,5,PAH:164,valid
PAH,NP_000268.1,164,T,Papio anubis,XP_021778512.2,-8,A,A,match,5,PAH:164,valid
PAH,NP_000268.1,164,T,Papio anubis,XP_021778512.2,-7,R,R,match,5,PAH:164,valid
PAH,NP_000268.1,164,T,Papio anubis,XP_021778512.2,-6,R,R,match,5,PAH:164,valid
PAH,NP_000268.1,164,T,Papio anubis,XP_021778512.2,-5,K,K,match,5,PAH:164,valid
PAH,NP_000268.1,164,T,Papio anubis,XP_021778512.2,-4,Q,Q,match,5,PAH:164,valid
PAH,NP_000268.1,164,T,Papio anubis,XP_021778512.2,-3,F,F,match,5,PAH:164,valid
PAH,NP_000268.1,164,T,Papio anubis,XP_021778512.2,-2,A,A,match,5,PAH:164,valid
PAH,NP_000268.1,164,T,Papio anubis,XP_021778512.2,-1,D,D,match,5,PAH:164,valid
PAH,NP_000268.1,164,T,Papio anubis,XP_021778512.2,1,A,A,match,5,PAH:164,valid
PAH,NP_000268.1,164,T,Papio anubis,XP_021778512.2,2,Y,Y,match,5,PAH:164,valid
PAH,NP_000268.1,164,T,Papio anubis,XP_021778512.2,3,N,N,match,5,PAH:164,valid
PAH,NP_000268.1,164,T,Papio anubis,XP_021778512.2,4,Y,Y,match,5,PAH:164,valid
PAH,NP_000268.1,164,T,Papio anubis,XP_021778512.2,5,R,R,match,5,PAH:164,valid
PAH,NP_000268.1,164,T,Papio anubis,XP_021778512.2,6,H,H,match,5,PAH:164,valid
PAH,NP_000268.1,164,T,Papio anubis,XP_021778512.2,7,G,G,match,5,PAH:164,valid
PAH,NP_000268.1,164,T,Papio anubis,XP_021778512.2,8,Q,Q,match,5,PAH:164,valid
PAH,NP_000268.1,164,T,Papio anubis,XP_021778512.2,9,P,P,match,5,PAH:164,valid
PAH,NP_000268.1,164,T,Papio anubis,XP_021778512.2,10,I,I,match,5,PAH:164,valid
PAH,NP_000268.1,164,T,Macaca thibetana thibetana,XP_050606181.1,-10,Y,Y,match,5,PAH:164,valid
PAH,NP_000268.1,164,T,Macaca thibetana thibetana,XP_050606181.1,-9,R,R,match,5,PAH:164,valid
PAH,NP_000268.1,164,T,Macaca thibetana thibetana,XP_050606181.1,-8,A,A,match,5,PAH:164,valid
PAH,NP_000268.1,164,T,Macaca thibetana thibetana,XP_050606181.1,-7,R,R,match,5,PAH:164,valid
PAH,NP_000268.1,164,T,Macaca thibetana thibetana,XP_050606181.1,-6,R,R,match,5,PAH:164,valid
PAH,NP_000268.1,164,T,Macaca thibetana thibetana,XP_050606181.1,-5,K,K,match,5,PAH:164,valid
PAH,NP_000268.1,164,T,Macaca thibetana thibetana,XP_050606181.1,-4,Q,Q,match,5,PAH:164,valid
PAH,NP_000268.1,164,T,Macaca thibetana thibetana,XP_050606181.1,-3,F,F,match,5,PAH:164,valid
PAH,NP_000268.1,164,T,Macaca thibetana thibetana,XP_050606181.1,-2,A,A,match,5,PAH:164,valid
PAH,NP_000268.1,164,T,Macaca thibetana thibetana,XP_050606181.1,-1,D,D,match,5,PAH:164,valid
PAH,NP_000268.1,164,T,Macaca thibetana thibetana,XP_050606181.1,1,A,A,match,5,PAH:164,valid
PAH,NP_000268.1,164,T,Macaca thibetana thibetana,XP_050606181.1,2,Y,Y,match,5,PAH:164,valid
PAH,NP_000268.1,164,T,Macaca thibetana thibetana,XP_050606181.1,3,N,N,match,5,PAH:164,valid
PAH,NP_000268.1,164,T,Macaca thibetana thibetana,XP_050606181.1,4,Y,Y,match,5,PAH:164,valid
PAH,NP_000268.1,164,T,Macaca thibetana thibetana,XP_050606181.1,5,R,R,match,5,PAH:164,valid
PAH,NP_000268.1,164,T,Macaca thibetana thibetana,XP_050606181.1,6,H,H,match,5,PAH:164,valid
PAH,NP_000268.1,164,T,Macaca thibetana thibetana,XP_050606181.1,7,G,G,match,5,PAH:164,valid
PAH,NP_000268.1,164,T,Macaca thibetana thibetana,XP_050606181.1,8,Q,Q,match,5,PAH:164,valid
PAH,NP_000268.1,164,T,Macaca thibetana thibetana,XP_050606181.1,9,P,P,match,5,PAH:164,valid
PAH,NP_000268.1,164,T,Macaca thibetana thibetana,XP_050606181.1,10,I,I,match,5,PAH:164,valid
PAH,NP_000268.1,164,T,Theropithecus gelada,XP_025258879.1,-10,Y,Y,match,5,PAH:164,valid
PAH,NP_000268.1,164,T,Theropithecus gelada,XP_025258879.1,-9,R,R,match,5,PAH:164,valid
PAH,NP_000268.1,164,T,Theropithecus gelada,XP_025258879.1,-8,A,A,match,5,PAH:164,valid
PAH,NP_000268.1,164,T,Theropithecus gelada,XP_025258879.1,-7,R,R,match,5,PAH:164,valid
PAH,NP_000268.1,164,T,Theropithecus gelada,XP_025258879.1,-6,R,R,match,5,PAH:164,valid
PAH,NP_000268.1,164,T,Theropithecus gelada,XP_025258879.1,-5,K,K,match,5,PAH:164,valid
PAH,NP_000268.1,164,T,Theropithecus gelada,XP_025258879.1,-4,Q,Q,match,5,PAH:164,valid
PAH,NP_000268.1,164,T,Theropithecus gelada,XP_025258879.1,-3,F,F,match,5,PAH:164,valid
PAH,NP_000268.1,164,T,Theropithecus gelada,XP_025258879.1,-2,A,A,match,5,PAH:164,valid
PAH,NP_000268.1,164,T,Theropithecus gelada,XP_025258879.1,-1,D,D,match,5,PAH:164,valid
PAH,NP_000268.1,164,T,Theropithecus gelada,XP_025258879.1,1,A,A,match,5,PAH:164,valid
PAH,NP_000268.1,164,T,Theropithecus gelada,XP_025258879.1,2,Y,Y,match,5,PAH:164,valid
PAH,NP_000268.1,164,T,Theropithecus gelada,XP_025258879.1,3,N,N,match,5,PAH:164,valid
PAH,NP_000268.1,164,T,Theropithecus gelada,XP_025258879.1,4,Y,Y,match,5,PAH:164,valid
PAH,NP_000268.1,164,T,Theropithecus gelada,XP_025258879.1,5,R,R,match,5,PAH:164,valid
PAH,NP_000268.1,164,T,Theropithecus gelada,XP_025258879.1,6,H,H,match,5,PAH:164,valid
PAH,NP_000268.1,164,T,Theropithecus gelada,XP_025258879.1,7,G,G,match,5,PAH:164,valid
PAH,NP_000268.1,164,T,Theropithecus gelada,XP_025258879.1,8,Q,Q,match,5,PAH:164,valid
PAH,NP_000268.1,164,T,Theropithecus gelada,XP_025258879.1,9,P,P,match,5,PAH:164,valid
PAH,NP_000268.1,164,T,Theropithecus gelada,XP_025258879.1,10,I,I,match,5,PAH:164,valid
PAH,NP_000268.1,164,T,Macaca mulatta,XP_001094859.1,-10,Y,Y,match,5,PAH:164,valid
PAH,NP_000268.1,164,T,Macaca mulatta,XP_001094859.1,-9,R,R,match,5,PAH:164,valid
PAH,NP_000268.1,164,T,Macaca mulatta,XP_001094859.1,-8,A,A,match,5,PAH:164,valid
PAH,NP_000268.1,164,T,Macaca mulatta,XP_001094859.1,-7,R,R,match,5,PAH:164,valid
PAH,NP_000268.1,164,T,Macaca mulatta,XP_001094859.1,-6,R,R,match,5,PAH:164,valid
PAH,NP_000268.1,164,T,Macaca mulatta,XP_001094859.1,-5,K,K,match,5,PAH:164,valid
PAH,NP_000268.1,164,T,Macaca mulatta,XP_001094859.1,-4,Q,Q,match,5,PAH:164,valid
PAH,NP_000268.1,164,T,Macaca mulatta,XP_001094859.1,-3,F,F,match,5,PAH:164,valid
PAH,NP_000268.1,164,T,Macaca mulatta,XP_001094859.1,-2,A,A,match,5,PAH:164,valid
PAH,NP_000268.1,164,T,Macaca mulatta,XP_001094859.1,-1,D,D,match,5,PAH:164,valid
PAH,NP_000268.1,164,T,Macaca mulatta,XP_001094859.1,1,A,A,match,5,PAH:164,valid
PAH,NP_000268.1,164,T,Macaca mulatta,XP_001094859.1,2,Y,Y,match,5,PAH:164,valid
PAH,NP_000268.1,164,T,Macaca mulatta,XP_001094859.1,3,N,N,match,5,PAH:164,valid
PAH,NP_000268.1,164,T,Macaca mulatta,XP_001094859.1,4,Y,Y,match,5,PAH:164,valid
PAH,NP_000268.1,164,T,Macaca mulatta,XP_001094859.1,5,R,R,match,5,PAH:164,valid
PAH,NP_000268.1,164,T,Macaca mulatta,XP_001094859.1,6,H,H,match,5,PAH:164,valid
PAH,NP_000268.1,164,T,Macaca mulatta,XP_001094859.1,7,G,G,match,5,PAH:164,valid
PAH,NP_000268.1,164,T,Macaca mulatta,XP_001094859.1,8,Q,Q,match,5,PAH:164,valid
PAH,NP_000268.1,164,T,Macaca mulatta,XP_001094859.1,9,P,P,match,5,PAH:164,valid
PAH,NP_000268.1,164,T,Macaca mulatta,XP_001094859.1,10,I,I,match,5,PAH:164,valid
PAH,NP_000268.1,164,T,Macaca fascicularis,XP_005572100.1,-10,Y,Y,match,5,PAH:164,valid
PAH,NP_000268.1,164,T,Macaca fascicularis,XP_005572100.1,-9,R,R,match,5,PAH:164,valid
PAH,NP_000268.1,164,T,Macaca fascicularis,XP_005572100.1,-8,A,A,match,5,PAH:164,valid
PAH,NP_000268.1,164,T,Macaca fascicularis,XP_005572100.1,-7,R,R,match,5,PAH:164,valid
PAH,NP_000268.1,164,T,Macaca fascicularis,XP_005572100.1,-6,R,R,match,5,PAH:164,valid
PAH,NP_000268.1,164,T,Macaca fascicularis,XP_005572100.1,-5,K,K,match,5,PAH:164,valid
PAH,NP_000268.1,164,T,Macaca fascicularis,XP_005572100.1,-4,Q,Q,match,5,PAH:164,valid
PAH,NP_000268.1,164,T,Macaca fascicularis,XP_005572100.1,-3,F,F,match,5,PAH:164,valid
PAH,NP_000268.1,164,T,Macaca fascicularis,XP_005572100.1,-2,A,A,match,5,PAH:164,valid
PAH,NP_000268.1,164,T,Macaca fascicularis,XP_005572100.1,-1,D,D,match,5,PAH:164,valid
PAH,NP_000268.1,164,T,Macaca fascicularis,XP_005572100.1,1,A,A,match,5,PAH:164,valid
PAH,NP_000268.1,164,T,Macaca fascicularis,XP_005572100.1,2,Y,Y,match,5,PAH:164,valid
PAH,NP_000268.1,164,T,Macaca fascicularis,XP_005572100.1,3,N,N,match,5,PAH:164,valid
PAH,NP_000268.1,164,T,Macaca fascicularis,XP_005572100.1,4,Y,Y,match,5,PAH:164,valid
PAH,NP_000268.1,164,T,Macaca fascicularis,XP_005572100.1,5,R,R,match,5,PAH:164,valid
PAH,NP_000268.1,164,T,Macaca fascicularis,XP_005572100.1,6,H,H,match,5,PAH:164,valid
PAH,NP_000268.1,164,T,Macaca fascicularis,XP_005572100.1,7,G,G,match,5,PAH:164,valid
PAH,NP_000268.1,164,T,Macaca fascicularis,XP_005572100.1,8,Q,Q,match,5,PAH:164,valid
PAH,NP_000268.1,164,T,Macaca fascicularis,XP_005572100.1,9,P,P,match,5,PAH:164,valid
PAH,NP_000268.1,164,T,Macaca fascicularis,XP_005572100.1,10,I,I,match,5,PAH:164,valid
PAH,NP_000268.1,176,Q,Aotus nancymaae,XP_012324641.2,-10,Y,Y,match,5,PAH:176,valid
PAH,NP_000268.1,176,Q,Aotus nancymaae,XP_012324641.2,-9,N,N,match,5,PAH:176,valid
PAH,NP_000268.1,176,Q,Aotus nancymaae,XP_012324641.2,-8,Y,Y,match,5,PAH:176,valid
PAH,NP_000268.1,176,Q,Aotus nancymaae,XP_012324641.2,-7,R,R,match,5,PAH:176,valid
PAH,NP_000268.1,176,Q,Aotus nancymaae,XP_012324641.2,-6,H,H,match,5,PAH:176,valid
PAH,NP_000268.1,176,Q,Aotus nancymaae,XP_012324641.2,-5,G,G,match,5,PAH:176,valid
PAH,NP_000268.1,176,Q,Aotus nancymaae,XP_012324641.2,-4,Q,Q,match,5,PAH:176,valid
PAH,NP_000268.1,176,Q,Aotus nancymaae,XP_012324641.2,-3,P,P,match,5,PAH:176,valid
PAH,NP_000268.1,176,Q,Aotus nancymaae,XP_012324641.2,-2,I,I,match,5,PAH:176,valid
PAH,NP_000268.1,176,Q,Aotus nancymaae,XP_012324641.2,-1,P,P,match,5,PAH:176,valid
PAH,NP_000268.1,176,Q,Aotus nancymaae,XP_012324641.2,1,V,V,match,5,PAH:176,valid
PAH,NP_000268.1,176,Q,Aotus nancymaae,XP_012324641.2,2,E,E,match,5,PAH:176,valid
PAH,NP_000268.1,176,Q,Aotus nancymaae,XP_012324641.2,3,Y,Y,match,5,PAH:176,valid
PAH,NP_000268.1,176,Q,Aotus nancymaae,XP_012324641.2,4,M,T,different,0,PAH:176,valid
PAH,NP_000268.1,176,Q,Aotus nancymaae,XP_012324641.2,5,E,E,match,5,PAH:176,valid
PAH,NP_000268.1,176,Q,Aotus nancymaae,XP_012324641.2,6,E,E,match,5,PAH:176,valid
PAH,NP_000268.1,176,Q,Aotus nancymaae,XP_012324641.2,7,E,E,match,5,PAH:176,valid
PAH,NP_000268.1,176,Q,Aotus nancymaae,XP_012324641.2,8,K,K,match,5,PAH:176,valid
PAH,NP_000268.1,176,Q,Aotus nancymaae,XP_012324641.2,9,K,K,match,5,PAH:176,valid
PAH,NP_000268.1,176,Q,Aotus nancymaae,XP_012324641.2,10,T,T,match,5,PAH:176,valid
PAH,NP_000268.1,176,Q,Saimiri boliviensis,XP_003929669.1,-10,Y,Y,match,5,PAH:176,valid
PAH,NP_000268.1,176,Q,Saimiri boliviensis,XP_003929669.1,-9,N,N,match,5,PAH:176,valid
PAH,NP_000268.1,176,Q,Saimiri boliviensis,XP_003929669.1,-8,Y,Y,match,5,PAH:176,valid
PAH,NP_000268.1,176,Q,Saimiri boliviensis,XP_003929669.1,-7,R,R,match,5,PAH:176,valid
PAH,NP_000268.1,176,Q,Saimiri boliviensis,XP_003929669.1,-6,H,H,match,5,PAH:176,valid
PAH,NP_000268.1,176,Q,Saimiri boliviensis,XP_003929669.1,-5,G,G,match,5,PAH:176,valid
PAH,NP_000268.1,176,Q,Saimiri boliviensis,XP_003929669.1,-4,Q,Q,match,5,PAH:176,valid
PAH,NP_000268.1,176,Q,Saimiri boliviensis,XP_003929669.1,-3,P,P,match,5,PAH:176,valid
PAH,NP_000268.1,176,Q,Saimiri boliviensis,XP_003929669.1,-2,I,I,match,5,PAH:176,valid
PAH,NP_000268.1,176,Q,Saimiri boliviensis,XP_003929669.1,-1,P,P,match,5,PAH:176,valid
PAH,NP_000268.1,176,Q,Saimiri boliviensis,XP_003929669.1,1,V,V,match,5,PAH:176,valid
PAH,NP_000268.1,176,Q,Saimiri boliviensis,XP_003929669.1,2,E,E,match,5,PAH:176,valid
PAH,NP_000268.1,176,Q,Saimiri boliviensis,XP_003929669.1,3,Y,Y,match,5,PAH:176,valid
PAH,NP_000268.1,176,Q,Saimiri boliviensis,XP_003929669.1,4,M,T,different,0,PAH:176,valid
PAH,NP_000268.1,176,Q,Saimiri boliviensis,XP_003929669.1,5,E,E,match,5,PAH:176,valid
PAH,NP_000268.1,176,Q,Saimiri boliviensis,XP_003929669.1,6,E,E,match,5,PAH:176,valid
PAH,NP_000268.1,176,Q,Saimiri boliviensis,XP_003929669.1,7,E,E,match,5,PAH:176,valid
PAH,NP_000268.1,176,Q,Saimiri boliviensis,XP_003929669.1,8,K,K,match,5,PAH:176,valid
PAH,NP_000268.1,176,Q,Saimiri boliviensis,XP_003929669.1,9,K,K,match,5,PAH:176,valid
PAH,NP_000268.1,176,Q,Saimiri boliviensis,XP_003929669.1,10,T,T,match,5,PAH:176,valid
PAH,NP_000268.1,176,Q,Callithrix jacchus,XP_002752958.1,-10,Y,Y,match,5,PAH:176,valid
PAH,NP_000268.1,176,Q,Callithrix jacchus,XP_002752958.1,-9,N,N,match,5,PAH:176,valid
PAH,NP_000268.1,176,Q,Callithrix jacchus,XP_002752958.1,-8,Y,Y,match,5,PAH:176,valid
PAH,NP_000268.1,176,Q,Callithrix jacchus,XP_002752958.1,-7,R,R,match,5,PAH:176,valid
PAH,NP_000268.1,176,Q,Callithrix jacchus,XP_002752958.1,-6,H,H,match,5,PAH:176,valid
PAH,NP_000268.1,176,Q,Callithrix jacchus,XP_002752958.1,-5,G,G,match,5,PAH:176,valid
PAH,NP_000268.1,176,Q,Callithrix jacchus,XP_002752958.1,-4,Q,Q,match,5,PAH:176,valid
PAH,NP_000268.1,176,Q,Callithrix jacchus,XP_002752958.1,-3,P,P,match,5,PAH:176,valid
PAH,NP_000268.1,176,Q,Callithrix jacchus,XP_002752958.1,-2,I,I,match,5,PAH:176,valid
PAH,NP_000268.1,176,Q,Callithrix jacchus,XP_002752958.1,-1,P,P,match,5,PAH:176,valid
PAH,NP_000268.1,176,Q,Callithrix jacchus,XP_002752958.1,1,V,V,match,5,PAH:176,valid
PAH,NP_000268.1,176,Q,Callithrix jacchus,XP_002752958.1,2,E,E,match,5,PAH:176,valid
PAH,NP_000268.1,176,Q,Callithrix jacchus,XP_002752958.1,3,Y,Y,match,5,PAH:176,valid
PAH,NP_000268.1,176,Q,Callithrix jacchus,XP_002752958.1,4,M,T,different,0,PAH:176,valid
PAH,NP_000268.1,176,Q,Callithrix jacchus,XP_002752958.1,5,E,E,match,5,PAH:176,valid
PAH,NP_000268.1,176,Q,Callithrix jacchus,XP_002752958.1,6,E,E,match,5,PAH:176,valid
PAH,NP_000268.1,176,Q,Callithrix jacchus,XP_002752958.1,7,E,E,match,5,PAH:176,valid
PAH,NP_000268.1,176,Q,Callithrix jacchus,XP_002752958.1,8,K,K,match,5,PAH:176,valid
PAH,NP_000268.1,176,Q,Callithrix jacchus,XP_002752958.1,9,K,K,match,5,PAH:176,valid
PAH,NP_000268.1,176,Q,Callithrix jacchus,XP_002752958.1,10,T,T,match,5,PAH:176,valid
PAH,NP_000268.1,413,H,Pongo pygmaeus,XP_054301667.1,-10,A,A,match,5,PAH:413,valid
PAH,NP_000268.1,413,H,Pongo pygmaeus,XP_054301667.1,-9,A,A,match,5,PAH:413,valid
PAH,NP_000268.1,413,H,Pongo pygmaeus,XP_054301667.1,-8,T,T,match,5,PAH:413,valid
PAH,NP_000268.1,413,H,Pongo pygmaeus,XP_054301667.1,-7,I,I,match,5,PAH:413,valid
PAH,NP_000268.1,413,H,Pongo pygmaeus,XP_054301667.1,-6,P,P,match,5,PAH:413,valid
PAH,NP_000268.1,413,H,Pongo pygmaeus,XP_054301667.1,-5,R,R,match,5,PAH:413,valid
PAH,NP_000268.1,413,H,Pongo pygmaeus,XP_054301667.1,-4,P,P,match,5,PAH:413,valid
PAH,NP_000268.1,413,H,Pongo pygmaeus,XP_054301667.1,-3,F,F,match,5,PAH:413,valid
PAH,NP_000268.1,413,H,Pongo pygmaeus,XP_054301667.1,-2,S,S,match,5,PAH:413,valid
PAH,NP_000268.1,413,H,Pongo pygmaeus,XP_054301667.1,-1,V,V,match,5,PAH:413,valid
PAH,NP_000268.1,413,H,Pongo pygmaeus,XP_054301667.1,1,Y,Y,match,5,PAH:413,valid
PAH,NP_000268.1,413,H,Pongo pygmaeus,XP_054301667.1,2,D,D,match,5,PAH:413,valid
PAH,NP_000268.1,413,H,Pongo pygmaeus,XP_054301667.1,3,P,P,match,5,PAH:413,valid
PAH,NP_000268.1,413,H,Pongo pygmaeus,XP_054301667.1,4,Y,Y,match,5,PAH:413,valid
PAH,NP_000268.1,413,H,Pongo pygmaeus,XP_054301667.1,5,T,T,match,5,PAH:413,valid
PAH,NP_000268.1,413,H,Pongo pygmaeus,XP_054301667.1,6,Q,Q,match,5,PAH:413,valid
PAH,NP_000268.1,413,H,Pongo pygmaeus,XP_054301667.1,7,R,R,match,5,PAH:413,valid
PAH,NP_000268.1,413,H,Pongo pygmaeus,XP_054301667.1,8,I,I,match,5,PAH:413,valid
PAH,NP_000268.1,413,H,Pongo pygmaeus,XP_054301667.1,9,E,E,match,5,PAH:413,valid
PAH,NP_000268.1,413,H,Pongo pygmaeus,XP_054301667.1,10,V,V,match,5,PAH:413,valid
PAH,NP_000268.1,413,H,Aotus nancymaae,XP_012324641.2,-10,A,A,match,5,PAH:413,valid
PAH,NP_000268.1,413,H,Aotus nancymaae,XP_012324641.2,-9,A,A,match,5,PAH:413,valid
PAH,NP_000268.1,413,H,Aotus nancymaae,XP_012324641.2,-8,T,T,match,5,PAH:413,valid
PAH,NP_000268.1,413,H,Aotus nancymaae,XP_012324641.2,-7,I,I,match,5,PAH:413,valid
PAH,NP_000268.1,413,H,Aotus nancymaae,XP_012324641.2,-6,P,P,match,5,PAH:413,valid
PAH,NP_000268.1,413,H,Aotus nancymaae,XP_012324641.2,-5,R,R,match,5,PAH:413,valid
PAH,NP_000268.1,413,H,Aotus nancymaae,XP_012324641.2,-4,P,P,match,5,PAH:413,valid
PAH,NP_000268.1,413,H,Aotus nancymaae,XP_012324641.2,-3,F,F,match,5,PAH:413,valid
PAH,NP_000268.1,413,H,Aotus nancymaae,XP_012324641.2,-2,S,S,match,5,PAH:413,valid
PAH,NP_000268.1,413,H,Aotus nancymaae,XP_012324641.2,-1,V,V,match,5,PAH:413,valid
PAH,NP_000268.1,413,H,Aotus nancymaae,XP_012324641.2,1,Y,Y,match,5,PAH:413,valid
PAH,NP_000268.1,413,H,Aotus nancymaae,XP_012324641.2,2,D,D,match,5,PAH:413,valid
PAH,NP_000268.1,413,H,Aotus nancymaae,XP_012324641.2,3,P,P,match,5,PAH:413,valid
PAH,NP_000268.1,413,H,Aotus nancymaae,XP_012324641.2,4,Y,Y,match,5,PAH:413,valid
PAH,NP_000268.1,413,H,Aotus nancymaae,XP_012324641.2,5,T,T,match,5,PAH:413,valid
PAH,NP_000268.1,413,H,Aotus nancymaae,XP_012324641.2,6,Q,Q,match,5,PAH:413,valid
PAH,NP_000268.1,413,H,Aotus nancymaae,XP_012324641.2,7,R,R,match,5,PAH:413,valid
PAH,NP_000268.1,413,H,Aotus nancymaae,XP_012324641.2,8,I,I,match,5,PAH:413,valid
PAH,NP_000268.1,413,H,Aotus nancymaae,XP_012324641.2,9,E,E,match,5,PAH:413,valid
PAH,NP_000268.1,413,H,Aotus nancymaae,XP_012324641.2,10,V,V,match,5,PAH:413,valid
PAH,NP_000268.1,413,H,Sapajus apella,XP_032155339.1,-10,A,A,match,5,PAH:413,valid
PAH,NP_000268.1,413,H,Sapajus apella,XP_032155339.1,-9,A,A,match,5,PAH:413,valid
PAH,NP_000268.1,413,H,Sapajus apella,XP_032155339.1,-8,T,T,match,5,PAH:413,valid
PAH,NP_000268.1,413,H,Sapajus apella,XP_032155339.1,-7,I,I,match,5,PAH:413,valid
PAH,NP_000268.1,413,H,Sapajus apella,XP_032155339.1,-6,P,P,match,5,PAH:413,valid
PAH,NP_000268.1,413,H,Sapajus apella,XP_032155339.1,-5,R,R,match,5,PAH:413,valid
PAH,NP_000268.1,413,H,Sapajus apella,XP_032155339.1,-4,P,P,match,5,PAH:413,valid
PAH,NP_000268.1,413,H,Sapajus apella,XP_032155339.1,-3,F,F,match,5,PAH:413,valid
PAH,NP_000268.1,413,H,Sapajus apella,XP_032155339.1,-2,S,S,match,5,PAH:413,valid
PAH,NP_000268.1,413,H,Sapajus apella,XP_032155339.1,-1,V,V,match,5,PAH:413,valid
PAH,NP_000268.1,413,H,Sapajus apella,XP_032155339.1,1,Y,Y,match,5,PAH:413,valid
PAH,NP_000268.1,413,H,Sapajus apella,XP_032155339.1,2,D,D,match,5,PAH:413,valid
PAH,NP_000268.1,413,H,Sapajus apella,XP_032155339.1,3,P,P,match,5,PAH:413,valid
PAH,NP_000268.1,413,H,Sapajus apella,XP_032155339.1,4,Y,Y,match,5,PAH:413,valid
PAH,NP_000268.1,413,H,Sapajus apella,XP_032155339.1,5,T,T,match,5,PAH:413,valid
PAH,NP_000268.1,413,H,Sapajus apella,XP_032155339.1,6,Q,Q,match,5,PAH:413,valid
PAH,NP_000268.1,413,H,Sapajus apella,XP_032155339.1,7,R,R,match,5,PAH:413,valid
PAH,NP_000268.1,413,H,Sapajus apella,XP_032155339.1,8,I,I,match,5,PAH:413,valid
PAH,NP_000268.1,413,H,Sapajus apella,XP_032155339.1,9,E,E,match,5,PAH:413,valid
PAH,NP_000268.1,413,H,Sapajus apella,XP_032155339.1,10,V,V,match,5,PAH:413,valid
PAH,NP_000268.1,413,H,Saimiri boliviensis,XP_003929669.1,-10,A,A,match,5,PAH:413,valid
PAH,NP_000268.1,413,H,Saimiri boliviensis,XP_003929669.1,-9,A,A,match,5,PAH:413,valid
PAH,NP_000268.1,413,H,Saimiri boliviensis,XP_003929669.1,-8,T,T,match,5,PAH:413,valid
PAH,NP_000268.1,413,H,Saimiri boliviensis,XP_003929669.1,-7,I,I,match,5,PAH:413,valid
PAH,NP_000268.1,413,H,Saimiri boliviensis,XP_003929669.1,-6,P,P,match,5,PAH:413,valid
PAH,NP_000268.1,413,H,Saimiri boliviensis,XP_003929669.1,-5,R,R,match,5,PAH:413,valid
PAH,NP_000268.1,413,H,Saimiri boliviensis,XP_003929669.1,-4,P,P,match,5,PAH:413,valid
PAH,NP_000268.1,413,H,Saimiri boliviensis,XP_003929669.1,-3,F,F,match,5,PAH:413,valid
PAH,NP_000268.1,413,H,Saimiri boliviensis,XP_003929669.1,-2,S,S,match,5,PAH:413,valid
PAH,NP_000268.1,413,H,Saimiri boliviensis,XP_003929669.1,-1,V,V,match,5,PAH:413,valid
PAH,NP_000268.1,413,H,Saimiri boliviensis,XP_003929669.1,1,Y,Y,match,5,PAH:413,valid
PAH,NP_000268.1,413,H,Saimiri boliviensis,XP_003929669.1,2,D,D,match,5,PAH:413,valid
PAH,NP_000268.1,413,H,Saimiri boliviensis,XP_003929669.1,3,P,P,match,5,PAH:413,valid
PAH,NP_000268.1,413,H,Saimiri boliviensis,XP_003929669.1,4,Y,Y,match,5,PAH:413,valid
PAH,NP_000268.1,413,H,Saimiri boliviensis,XP_003929669.1,5,T,T,match,5,PAH:413,valid
PAH,NP_000268.1,413,H,Saimiri boliviensis,XP_003929669.1,6,Q,Q,match,5,PAH:413,valid
PAH,NP_000268.1,413,H,Saimiri boliviensis,XP_003929669.1,7,R,R,match,5,PAH:413,valid
PAH,NP_000268.1,413,H,Saimiri boliviensis,XP_003929669.1,8,I,I,match,5,PAH:413,valid
PAH,NP_000268.1,413,H,Saimiri boliviensis,XP_003929669.1,9,E,E,match,5,PAH:413,valid
PAH,NP_000268.1,413,H,Saimiri boliviensis,XP_003929669.1,10,V,V,match,5,PAH:413,valid
PAH,NP_000268.1,413,H,Callithrix jacchus,XP_002752958.1,-10,A,A,match,5,PAH:413,valid
PAH,NP_000268.1,413,H,Callithrix jacchus,XP_002752958.1,-9,A,A,match,5,PAH:413,valid
PAH,NP_000268.1,413,H,Callithrix jacchus,XP_002752958.1,-8,T,T,match,5,PAH:413,valid
PAH,NP_000268.1,413,H,Callithrix jacchus,XP_002752958.1,-7,I,I,match,5,PAH:413,valid
PAH,NP_000268.1,413,H,Callithrix jacchus,XP_002752958.1,-6,P,P,match,5,PAH:413,valid
PAH,NP_000268.1,413,H,Callithrix jacchus,XP_002752958.1,-5,R,R,match,5,PAH:413,valid
PAH,NP_000268.1,413,H,Callithrix jacchus,XP_002752958.1,-4,P,P,match,5,PAH:413,valid
PAH,NP_000268.1,413,H,Callithrix jacchus,XP_002752958.1,-3,F,F,match,5,PAH:413,valid
PAH,NP_000268.1,413,H,Callithrix jacchus,XP_002752958.1,-2,S,S,match,5,PAH:413,valid
PAH,NP_000268.1,413,H,Callithrix jacchus,XP_002752958.1,-1,V,V,match,5,PAH:413,valid
PAH,NP_000268.1,413,H,Callithrix jacchus,XP_002752958.1,1,Y,Y,match,5,PAH:413,valid
PAH,NP_000268.1,413,H,Callithrix jacchus,XP_002752958.1,2,D,D,match,5,PAH:413,valid
PAH,NP_000268.1,413,H,Callithrix jacchus,XP_002752958.1,3,P,P,match,5,PAH:413,valid
PAH,NP_000268.1,413,H,Callithrix jacchus,XP_002752958.1,4,Y,Y,match,5,PAH:413,valid
PAH,NP_000268.1,413,H,Callithrix jacchus,XP_002752958.1,5,T,T,match,5,PAH:413,valid
PAH,NP_000268.1,413,H,Callithrix jacchus,XP_002752958.1,6,Q,Q,match,5,PAH:413,valid
PAH,NP_000268.1,413,H,Callithrix jacchus,XP_002752958.1,7,R,R,match,5,PAH:413,valid
PAH,NP_000268.1,413,H,Callithrix jacchus,XP_002752958.1,8,I,I,match,5,PAH:413,valid
PAH,NP_000268.1,413,H,Callithrix jacchus,XP_002752958.1,9,E,E,match,5,PAH:413,valid
PAH,NP_000268.1,413,H,Callithrix jacchus,XP_002752958.1,10,V,V,match,5,PAH:413,valid
PAH,NP_000268.1,156,G,Lemur catta,XP_045409048.1,-10,H,H,match,5,PAH:156,valid
PAH,NP_000268.1,156,G,Lemur catta,XP_045409048.1,-9,P,P,match,5,PAH:156,valid
PAH,NP_000268.1,156,G,Lemur catta,XP_045409048.1,-8,G,G,match,5,PAH:156,valid
PAH,NP_000268.1,156,G,Lemur catta,XP_045409048.1,-7,F,F,match,5,PAH:156,valid
PAH,NP_000268.1,156,G,Lemur catta,XP_045409048.1,-6,K,T,different,0,PAH:156,valid
PAH,NP_000268.1,156,G,Lemur catta,XP_045409048.1,-5,D,D,match,5,PAH:156,valid
PAH,NP_000268.1,156,G,Lemur catta,XP_045409048.1,-4,P,P,match,5,PAH:156,valid
PAH,NP_000268.1,156,G,Lemur catta,XP_045409048.1,-3,V,V,match,5,PAH:156,valid
PAH,NP_000268.1,156,G,Lemur catta,XP_045409048.1,-2,Y,Y,match,5,PAH:156,valid
PAH,NP_000268.1,156,G,Lemur catta,XP_045409048.1,-1,R,R,match,5,PAH:156,valid
PAH,NP_000268.1,156,G,Lemur catta,XP_045409048.1,1,R,R,match,5,PAH:156,valid
PAH,NP_000268.1,156,G,Lemur catta,XP_045409048.1,2,R,R,match,5,PAH:156,valid
PAH,NP_000268.1,156,G,Lemur catta,XP_045409048.1,3,K,K,match,5,PAH:156,valid
PAH,NP_000268.1,156,G,Lemur catta,XP_045409048.1,4,Q,Q,match,5,PAH:156,valid
PAH,NP_000268.1,156,G,Lemur catta,XP_045409048.1,5,F,F,match,5,PAH:156,valid
PAH,NP_000268.1,156,G,Lemur catta,XP_045409048.1,6,A,A,match,5,PAH:156,valid
PAH,NP_000268.1,156,G,Lemur catta,XP_045409048.1,7,D,D,match,5,PAH:156,valid
PAH,NP_000268.1,156,G,Lemur catta,XP_045409048.1,8,I,I,match,5,PAH:156,valid
PAH,NP_000268.1,156,G,Lemur catta,XP_045409048.1,9,A,A,match,5,PAH:156,valid
PAH,NP_000268.1,156,G,Lemur catta,XP_045409048.1,10,Y,Y,match,5,PAH:156,valid
PAX3,NP_852123.1,271,P,Gorilla gorilla gorilla,XP_004033320.2,-10,A,-,gap,-5,PAX3:271,invalid
PAX3,NP_852123.1,271,P,Gorilla gorilla gorilla,XP_004033320.2,-9,R,-,gap,-5,PAX3:271,invalid
PAX3,NP_852123.1,271,P,Gorilla gorilla gorilla,XP_004033320.2,-8,V,-,gap,-5,PAX3:271,invalid
PAX3,NP_852123.1,271,P,Gorilla gorilla gorilla,XP_004033320.2,-7,Q,K,different,0,PAX3:271,invalid
PAX3,NP_852123.1,271,P,Gorilla gorilla gorilla,XP_004033320.2,-6,V,R,different,0,PAX3:271,invalid
PAX3,NP_852123.1,271,P,Gorilla gorilla gorilla,XP_004033320.2,-5,W,W,match,5,PAX3:271,invalid
PAX3,NP_852123.1,271,P,Gorilla gorilla gorilla,XP_004033320.2,-4,F,R,different,0,PAX3:271,invalid
PAX3,NP_852123.1,271,P,Gorilla gorilla gorilla,XP_004033320.2,-3,S,L,different,0,PAX3:271,invalid
PAX3,NP_852123.1,271,P,Gorilla gorilla gorilla,XP_004033320.2,-2,N,G,different,0,PAX3:271,invalid
PAX3,NP_852123.1,271,P,Gorilla gorilla gorilla,XP_004033320.2,-1,R,R,match,5,PAX3:271,invalid
PAX3,NP_852123.1,271,P,Gorilla gorilla gorilla,XP_004033320.2,1,A,T,different,0,PAX3:271,invalid
PAX3,NP_852123.1,271,P,Gorilla gorilla gorilla,XP_004033320.2,2,R,C,different,0,PAX3:271,invalid
PAX3,NP_852123.1,271,P,Gorilla gorilla gorilla,XP_004033320.2,3,W,W,match,5,PAX3:271,invalid
PAX3,NP_852123.1,271,P,Gorilla gorilla gorilla,XP_004033320.2,4,R,G,different,0,PAX3:271,invalid
PAX3,NP_852123.1,271,P,Gorilla gorilla gorilla,XP_004033320.2,5,K,-,gap,-5,PAX3:271,invalid
PAX3,NP_852123.1,271,P,Gorilla gorilla gorilla,XP_004033320.2,6,Q,-,gap,-5,PAX3:271,invalid
PAX3,NP_852123.1,271,P,Gorilla gorilla gorilla,XP_004033320.2,7,A,-,gap,-5,PAX3:271,invalid
PAX3,NP_852123.1,271,P,Gorilla gorilla gorilla,XP_004033320.2,8,G,-,gap,-5,PAX3:271,invalid
PAX3,NP_852123.1,271,P,Gorilla gorilla gorilla,XP_004033320.2,9,A,-,gap,-5,PAX3:271,invalid
PAX3,NP_852123.1,271,P,Gorilla gorilla gorilla,XP_004033320.2,10,N,-,gap,-5,PAX3:271,invalid
PAX6,NP_001245391.1,1,L,Mandrillus leucophaeus,XP_011820972.1,-10,-,-,gap,-5,PAX6:1,valid
PAX6,NP_001245391.1,1,L,Mandrillus leucophaeus,XP_011820972.1,-9,-,-,gap,-5,PAX6:1,valid
PAX6,NP_001245391.1,1,L,Mandrillus leucophaeus,XP_011820972.1,-8,-,-,gap,-5,PAX6:1,valid
PAX6,NP_001245391.1,1,L,Mandrillus leucophaeus,XP_011820972.1,-7,-,-,gap,-5,PAX6:1,valid
PAX6,NP_001245391.1,1,L,Mandrillus leucophaeus,XP_011820972.1,-6,-,-,gap,-5,PAX6:1,valid
PAX6,NP_001245391.1,1,L,Mandrillus leucophaeus,XP_011820972.1,-5,-,-,gap,-5,PAX6:1,valid
PAX6,NP_001245391.1,1,L,Mandrillus leucophaeus,XP_011820972.1,-4,-,-,gap,-5,PAX6:1,valid
PAX6,NP_001245391.1,1,L,Mandrillus leucophaeus,XP_011820972.1,-3,-,-,gap,-5,PAX6:1,valid
PAX6,NP_001245391.1,1,L,Mandrillus leucophaeus,XP_011820972.1,-2,-,-,gap,-5,PAX6:1,valid
PAX6,NP_001245391.1,1,L,Mandrillus leucophaeus,XP_011820972.1,-1,-,-,gap,-5,PAX6:1,valid
PAX6,NP_001245391.1,1,L,Mandrillus leucophaeus,XP_011820972.1,1,Q,S,different,0,PAX6:1,valid
PAX6,NP_001245391.1,1,L,Mandrillus leucophaeus,XP_011820972.1,2,N,S,different,0,PAX6:1,valid
PAX6,NP_001245391.1,1,L,Mandrillus leucophaeus,XP_011820972.1,3,S,G,different,0,PAX6:1,valid
PAX6,NP_001245391.1,1,L,Mandrillus leucophaeus,XP_011820972.1,4,H,H,match,5,PAX6:1,valid
PAX6,NP_001245391.1,1,L,Mandrillus leucophaeus,XP_011820972.1,5,S,S,match,5,PAX6:1,valid
PAX6,NP_001245391.1,1,L,Mandrillus leucophaeus,XP_011820972.1,6,G,G,match,5,PAX6:1,valid
PAX6,NP_001245391.1,1,L,Mandrillus leucophaeus,XP_011820972.1,7,V,V,match,5,PAX6:1,valid
PAX6,NP_001245391.1,1,L,Mandrillus leucophaeus,XP_011820972.1,8,N,N,match,5,PAX6:1,valid
PAX6,NP_001245391.1,1,L,Mandrillus leucophaeus,XP_011820972.1,9,Q,Q,match,5,PAX6:1,valid
PAX6,NP_001245391.1,1,L,Mandrillus leucophaeus,XP_011820972.1,10,L,L,match,5,PAX6:1,valid
PKHD1,NP_619639.3,760,H,Piliocolobus tephrosceles,XP_023068761.1,-10,C,C,match,5,PKHD1:760,valid
PKHD1,NP_619639.3,760,H,Piliocolobus tephrosceles,XP_023068761.1,-9,G,G,match,5,PKHD1:760,valid
PKHD1,NP_619639.3,760,H,Piliocolobus tephrosceles,XP_023068761.1,-8,T,T,match,5,PKHD1:760,valid
PKHD1,NP_619639.3,760,H,Piliocolobus tephrosceles,XP_023068761.1,-7,E,E,match,5,PKHD1:760,valid
PKHD1,NP_619639.3,760,H,Piliocolobus tephrosceles,XP_023068761.1,-6,L,L,match,5,PKHD1:760,valid
PKHD1,NP_619639.3,760,H,Piliocolobus tephrosceles,XP_023068761.1,-5,P,P,match,5,PKHD1:760,valid
PKHD1,NP_619639.3,760,H,Piliocolobus tephrosceles,XP_023068761.1,-4,L,L,match,5,PKHD1:760,valid
PKHD1,NP_619639.3,760,H,Piliocolobus tephrosceles,XP_023068761.1,-3,I,I,match,5,PKHD1:760,valid
PKHD1,NP_619639.3,760,H,Piliocolobus tephrosceles,XP_023068761.1,-2,T,T,match,5,PKHD1:760,valid
PKHD1,NP_619639.3,760,H,Piliocolobus tephrosceles,XP_023068761.1,-1,A,A,match,5,PKHD1:760,valid
PKHD1,NP_619639.3,760,H,Piliocolobus tephrosceles,XP_023068761.1,1,S,S,match,5,PKHD1:760,valid
PKHD1,NP_619639.3,760,H,Piliocolobus tephrosceles,XP_023068761.1,2,V,V,match,5,PKHD1:760,valid
PKHD1,NP_619639.3,760,H,Piliocolobus tephrosceles,XP_023068761.1,3,P,S,different,0,PKHD1:760,valid
PKHD1,NP_619639.3,760,H,Piliocolobus tephrosceles,XP_023068761.1,4,T,T,match,5,PKHD1:760,valid
PKHD1,NP_619639.3,760,H,Piliocolobus tephrosceles,XP_023068761.1,5,E,E,match,5,PKHD1:760,valid
PKHD1,NP_619639.3,760,H,Piliocolobus tephrosceles,XP_023068761.1,6,G,G,match,5,PKHD1:760,valid
PKHD1,NP_619639.3,760,H,Piliocolobus tephrosceles,XP_023068761.1,7,T,T,match,5,PKHD1:760,valid
PKHD1,NP_619639.3,760,H,Piliocolobus tephrosceles,XP_023068761.1,8,E,E,match,5,PKHD1:760,valid
PKHD1,NP_619639.3,760,H,Piliocolobus tephrosceles,XP_023068761.1,9,E,E,match,5,PKHD1:760,valid
PKHD1,NP_619639.3,760,H,Piliocolobus tephrosceles,XP_023068761.1,10,G,G,match,5,PKHD1:760,valid
PKHD1,NP_619639.3,760,H,Colobus angolensis palliatus,XP_011815634.1,-10,C,C,match,5,PKHD1:760,valid
PKHD1,NP_619639.3,760,H,Colobus angolensis palliatus,XP_011815634.1,-9,G,G,match,5,PKHD1:760,valid
PKHD1,NP_619639.3,760,H,Colobus angolensis palliatus,XP_011815634.1,-8,T,T,match,5,PKHD1:760,valid
PKHD1,NP_619639.3,760,H,Colobus angolensis palliatus,XP_011815634.1,-7,E,E,match,5,PKHD1:760,valid
PKHD1,NP_619639.3,760,H,Colobus angolensis palliatus,XP_011815634.1,-6,L,L,match,5,PKHD1:760,valid
PKHD1,NP_619639.3,760,H,Colobus angolensis palliatus,XP_011815634.1,-5,P,P,match,5,PKHD1:760,valid
PKHD1,NP_619639.3,760,H,Colobus angolensis palliatus,XP_011815634.1,-4,L,L,match,5,PKHD1:760,valid
PKHD1,NP_619639.3,760,H,Colobus angolensis palliatus,XP_011815634.1,-3,I,I,match,5,PKHD1:760,valid
PKHD1,NP_619639.3,760,H,Colobus angolensis palliatus,XP_011815634.1,-2,T,T,match,5,PKHD1:760,valid
PKHD1,NP_619639.3,760,H,Colobus angolensis palliatus,XP_011815634.1,-1,A,A,match,5,PKHD1:760,valid
PKHD1,NP_619639.3,760,H,Colobus angolensis palliatus,XP_011815634.1,1,S,S,match,5,PKHD1:760,valid
PKHD1,NP_619639.3,760,H,Colobus angolensis palliatus,XP_011815634.1,2,V,V,match,5,PKHD1:760,valid
PKHD1,NP_619639.3,760,H,Colobus angolensis palliatus,XP_011815634.1,3,P,P,match,5,PKHD1:760,valid
PKHD1,NP_619639.3,760,H,Colobus angolensis palliatus,XP_011815634.1,4,T,T,match,5,PKHD1:760,valid
PKHD1,NP_619639.3,760,H,Colobus angolensis palliatus,XP_011815634.1,5,E,E,match,5,PKHD1:760,valid
PKHD1,NP_619639.3,760,H,Colobus angolensis palliatus,XP_011815634.1,6,G,G,match,5,PKHD1:760,valid
PKHD1,NP_619639.3,760,H,Colobus angolensis palliatus,XP_011815634.1,7,T,T,match,5,PKHD1:760,valid
PKHD1,NP_619639.3,760,H,Colobus angolensis palliatus,XP_011815634.1,8,E,E,match,5,PKHD1:760,valid
PKHD1,NP_619639.3,760,H,Colobus angolensis palliatus,XP_011815634.1,9,E,E,match,5,PKHD1:760,valid
PKHD1,NP_619639.3,760,H,Colobus angolensis palliatus,XP_011815634.1,10,G,G,match,5,PKHD1:760,valid
PKHD1,NP_619639.3,760,H,Trachypithecus francoisi,XP_033073315.1,-10,C,C,match,5,PKHD1:760,valid
PKHD1,NP_619639.3,760,H,Trachypithecus francoisi,XP_033073315.1,-9,G,G,match,5,PKHD1:760,valid
PKHD1,NP_619639.3,760,H,Trachypithecus francoisi,XP_033073315.1,-8,T,T,match,5,PKHD1:760,valid
PKHD1,NP_619639.3,760,H,Trachypithecus francoisi,XP_033073315.1,-7,E,E,match,5,PKHD1:760,valid
PKHD1,NP_619639.3,760,H,Trachypithecus francoisi,XP_033073315.1,-6,L,L,match,5,PKHD1:760,valid
PKHD1,NP_619639.3,760,H,Trachypithecus francoisi,XP_033073315.1,-5,P,P,match,5,PKHD1:760,valid
PKHD1,NP_619639.3,760,H,Trachypithecus francoisi,XP_033073315.1,-4,L,L,match,5,PKHD1:760,valid
PKHD1,NP_619639.3,760,H,Trachypithecus francoisi,XP_033073315.1,-3,I,I,match,5,PKHD1:760,valid
PKHD1,NP_619639.3,760,H,Trachypithecus francoisi,XP_033073315.1,-2,T,T,match,5,PKHD1:760,valid
PKHD1,NP_619639.3,760,H,Trachypithecus francoisi,XP_033073315.1,-1,A,A,match,5,PKHD1:760,valid
PKHD1,NP_619639.3,760,H,Trachypithecus francoisi,XP_033073315.1,1,S,S,match,5,PKHD1:760,valid
PKHD1,NP_619639.3,760,H,Trachypithecus francoisi,XP_033073315.1,2,V,V,match,5,PKHD1:760,valid
PKHD1,NP_619639.3,760,H,Trachypithecus francoisi,XP_033073315.1,3,P,P,match,5,PKHD1:760,valid
PKHD1,NP_619639.3,760,H,Trachypithecus francoisi,XP_033073315.1,4,T,T,match,5,PKHD1:760,valid
PKHD1,NP_619639.3,760,H,Trachypithecus francoisi,XP_033073315.1,5,E,E,match,5,PKHD1:760,valid
PKHD1,NP_619639.3,760,H,Trachypithecus francoisi,XP_033073315.1,6,G,G,match,5,PKHD1:760,valid
PKHD1,NP_619639.3,760,H,Trachypithecus francoisi,XP_033073315.1,7,T,T,match,5,PKHD1:760,valid
PKHD1,NP_619639.3,760,H,Trachypithecus francoisi,XP_033073315.1,8,E,E,match,5,PKHD1:760,valid
PKHD1,NP_619639.3,760,H,Trachypithecus francoisi,XP_033073315.1,9,E,E,match,5,PKHD1:760,valid
PKHD1,NP_619639.3,760,H,Trachypithecus francoisi,XP_033073315.1,10,G,G,match,5,PKHD1:760,valid
PKHD1,NP_619639.3,760,H,Rhinopithecus bieti,XP_017705097.1,-10,C,C,match,5,PKHD1:760,valid
PKHD1,NP_619639.3,760,H,Rhinopithecus bieti,XP_017705097.1,-9,G,G,match,5,PKHD1:760,valid
PKHD1,NP_619639.3,760,H,Rhinopithecus bieti,XP_017705097.1,-8,T,T,match,5,PKHD1:760,valid
PKHD1,NP_619639.3,760,H,Rhinopithecus bieti,XP_017705097.1,-7,E,E,match,5,PKHD1:760,valid
PKHD1,NP_619639.3,760,H,Rhinopithecus bieti,XP_017705097.1,-6,L,L,match,5,PKHD1:760,valid
PKHD1,NP_619639.3,760,H,Rhinopithecus bieti,XP_017705097.1,-5,P,P,match,5,PKHD1:760,valid
PKHD1,NP_619639.3,760,H,Rhinopithecus bieti,XP_017705097.1,-4,L,L,match,5,PKHD1:760,valid
PKHD1,NP_619639.3,760,H,Rhinopithecus bieti,XP_017705097.1,-3,I,I,match,5,PKHD1:760,valid
PKHD1,NP_619639.3,760,H,Rhinopithecus bieti,XP_017705097.1,-2,T,T,match,5,PKHD1:760,valid
PKHD1,NP_619639.3,760,H,Rhinopithecus bieti,XP_017705097.1,-1,A,A,match,5,PKHD1:760,valid
PKHD1,NP_619639.3,760,H,Rhinopithecus bieti,XP_017705097.1,1,S,S,match,5,PKHD1:760,valid
PKHD1,NP_619639.3,760,H,Rhinopithecus bieti,XP_017705097.1,2,V,V,match,5,PKHD1:760,valid
PKHD1,NP_619639.3,760,H,Rhinopithecus bieti,XP_017705097.1,3,P,P,match,5,PKHD1:760,valid
PKHD1,NP_619639.3,760,H,Rhinopithecus bieti,XP_017705097.1,4,T,T,match,5,PKHD1:760,valid
PKHD1,NP_619639.3,760,H,Rhinopithecus bieti,XP_017705097.1,5,E,E,match,5,PKHD1:760,valid
PKHD1,NP_619639.3,760,H,Rhinopithecus bieti,XP_017705097.1,6,G,G,match,5,PKHD1:760,valid
PKHD1,NP_619639.3,760,H,Rhinopithecus bieti,XP_017705097.1,7,T,T,match,5,PKHD1:760,valid
PKHD1,NP_619639.3,760,H,Rhinopithecus bieti,XP_017705097.1,8,E,E,match,5,PKHD1:760,valid
PKHD1,NP_619639.3,760,H,Rhinopithecus bieti,XP_017705097.1,9,E,E,match,5,PKHD1:760,valid
PKHD1,NP_619639.3,760,H,Rhinopithecus bieti,XP_017705097.1,10,G,G,match,5,PKHD1:760,valid
PKHD1,NP_619639.3,760,H,Rhinopithecus roxellana,XP_010362548.2,-10,C,C,match,5,PKHD1:760,valid
PKHD1,NP_619639.3,760,H,Rhinopithecus roxellana,XP_010362548.2,-9,G,G,match,5,PKHD1:760,valid
PKHD1,NP_619639.3,760,H,Rhinopithecus roxellana,XP_010362548.2,-8,T,T,match,5,PKHD1:760,valid
PKHD1,NP_619639.3,760,H,Rhinopithecus roxellana,XP_010362548.2,-7,E,E,match,5,PKHD1:760,valid
PKHD1,NP_619639.3,760,H,Rhinopithecus roxellana,XP_010362548.2,-6,L,L,match,5,PKHD1:760,valid
PKHD1,NP_619639.3,760,H,Rhinopithecus roxellana,XP_010362548.2,-5,P,P,match,5,PKHD1:760,valid
PKHD1,NP_619639.3,760,H,Rhinopithecus roxellana,XP_010362548.2,-4,L,L,match,5,PKHD1:760,valid
PKHD1,NP_619639.3,760,H,Rhinopithecus roxellana,XP_010362548.2,-3,I,I,match,5,PKHD1:760,valid
PKHD1,NP_619639.3,760,H,Rhinopithecus roxellana,XP_010362548.2,-2,T,T,match,5,PKHD1:760,valid
PKHD1,NP_619639.3,760,H,Rhinopithecus roxellana,XP_010362548.2,-1,A,A,match,5,PKHD1:760,valid
PKHD1,NP_619639.3,760,H,Rhinopithecus roxellana,XP_010362548.2,1,S,S,match,5,PKHD1:760,valid
PKHD1,NP_619639.3,760,H,Rhinopithecus roxellana,XP_010362548.2,2,V,V,match,5,PKHD1:760,valid
PKHD1,NP_619639.3,760,H,Rhinopithecus roxellana,XP_010362548.2,3,P,P,match,5,PKHD1:760,valid
PKHD1,NP_619639.3,760,H,Rhinopithecus roxellana,XP_010362548.2,4,T,T,match,5,PKHD1:760,valid
PKHD1,NP_619639.3,760,H,Rhinopithecus roxellana,XP_010362548.2,5,E,E,match,5,PKHD1:760,valid
PKHD1,NP_619639.3,760,H,Rhinopithecus roxellana,XP_010362548.2,6,G,G,match,5,PKHD1:760,valid
PKHD1,NP_619639.3,760,H,Rhinopithecus roxellana,XP_010362548.2,7,T,T,match,5,PKHD1:760,valid
PKHD1,NP_619639.3,760,H,Rhinopithecus roxellana,XP_010362548.2,8,E,E,match,5,PKHD1:760,valid
PKHD1,NP_619639.3,760,H,Rhinopithecus roxellana,XP_010362548.2,9,E,E,match,5,PKHD1:760,valid
PKHD1,NP_619639.3,760,H,Rhinopithecus roxellana,XP_010362548.2,10,G,G,match,5,PKHD1:760,valid
PMM2,NP_000294.1,237,R,Hylobates moloch,XP_032001228.1,-10,-,-,gap,-5,PMM2:237,invalid
PMM2,NP_000294.1,237,R,Hylobates moloch,XP_032001228.1,-9,-,-,gap,-5,PMM2:237,invalid
PMM2,NP_000294.1,237,R,Hylobates moloch,XP_032001228.1,-8,-,-,gap,-5,PMM2:237,invalid
PMM2,NP_000294.1,237,R,Hylobates moloch,XP_032001228.1,-7,S,G,different,0,PMM2:237,invalid
PMM2,NP_000294.1,237,R,Hylobates moloch,XP_032001228.1,-6,V,V,match,5,PMM2:237,invalid
PMM2,NP_000294.1,237,R,Hylobates moloch,XP_032001228.1,-5,T,L,different,0,PMM2:237,invalid
PMM2,NP_000294.1,237,R,Hylobates moloch,XP_032001228.1,-4,A,P,different,0,PMM2:237,invalid
PMM2,NP_000294.1,237,R,Hylobates moloch,XP_032001228.1,-3,P,A,different,0,PMM2:237,invalid
PMM2,NP_000294.1,237,R,Hylobates moloch,XP_032001228.1,-2,E,S,different,0,PMM2:237,invalid
PMM2,NP_000294.1,237,R,Hylobates moloch,XP_032001228.1,-1,D,P,different,0,PMM2:237,invalid
PMM2,NP_000294.1,237,R,Hylobates moloch,XP_032001228.1,1,R,S,different,0,PMM2:237,invalid
PMM2,NP_000294.1,237,R,Hylobates moloch,XP_032001228.1,2,R,-,gap,-5,PMM2:237,invalid
PMM2,NP_000294.1,237,R,Hylobates moloch,XP_032001228.1,3,I,-,gap,-5,PMM2:237,invalid
PMM2,NP_000294.1,237,R,Hylobates moloch,XP_032001228.1,4,C,-,gap,-5,PMM2:237,invalid
PMM2,NP_000294.1,237,R,Hylobates moloch,XP_032001228.1,5,E,-,gap,-5,PMM2:237,invalid
PMM2,NP_000294.1,237,R,Hylobates moloch,XP_032001228.1,6,L,-,gap,-5,PMM2:237,invalid
PMM2,NP_000294.1,237,R,Hylobates moloch,XP_032001228.1,7,L,-,gap,-5,PMM2:237,invalid
PMM2,NP_000294.1,237,R,Hylobates moloch,XP_032001228.1,8,F,-,gap,-5,PMM2:237,invalid
PMM2,NP_000294.1,237,R,Hylobates moloch,XP_032001228.1,9,S,-,gap,-5,PMM2:237,invalid
PMM2,NP_000294.1,237,R,Hylobates moloch,XP_032001228.1,10,-,-,gap,-5,PMM2:237,invalid
PMM2,NP_000294.1,237,R,Pongo abelii,XP_054389417.1,-10,-,P,gap,-5,PMM2:237,invalid
PMM2,NP_000294.1,237,R,Pongo abelii,XP_054389417.1,-9,-,Q,gap,-5,PMM2:237,invalid
PMM2,NP_000294.1,237,R,Pongo abelii,XP_054389417.1,-8,-,A,gap,-5,PMM2:237,invalid
PMM2,NP_000294.1,237,R,Pongo abelii,XP_054389417.1,-7,S,S,match,5,PMM2:237,invalid
PMM2,NP_000294.1,237,R,Pongo abelii,XP_054389417.1,-6,V,F,different,0,PMM2:237,invalid
PMM2,NP_000294.1,237,R,Pongo abelii,XP_054389417.1,-5,T,L,different,0,PMM2:237,invalid
PMM2,NP_000294.1,237,R,Pongo abelii,XP_054389417.1,-4,A,G,different,0,PMM2:237,invalid
PMM2,NP_000294.1,237,R,Pongo abelii,XP_054389417.1,-3,P,L,different,0,PMM2:237,invalid
PMM2,NP_000294.1,237,R,Pongo abelii,XP_054389417.1,-2,E,T,different,0,PMM2:237,invalid
PMM2,NP_000294.1,237,R,Pongo abelii,XP_054389417.1,-1,D,P,different,0,PMM2:237,invalid
PMM2,NP_000294.1,237,R,Pongo abelii,XP_054389417.1,1,R,A,different,0,PMM2:237,invalid
PMM2,NP_000294.1,237,R,Pongo abelii,XP_054389417.1,2,R,S,different,0,PMM2:237,invalid
PMM2,NP_000294.1,237,R,Pongo abelii,XP_054389417.1,3,I,A,different,0,PMM2:237,invalid
PMM2,NP_000294.1,237,R,Pongo abelii,XP_054389417.1,4,C,C,match,5,PMM2:237,invalid
PMM2,NP_000294.1,237,R,Pongo abelii,XP_054389417.1,5,E,P,different,0,PMM2:237,invalid
PMM2,NP_000294.1,237,R,Pongo abelii,XP_054389417.1,6,L,T,different,0,PMM2:237,invalid
PMM2,NP_000294.1,237,R,Pongo abelii,XP_054389417.1,7,L,L,match,5,PMM2:237,invalid
PMM2,NP_000294.1,237,R,Pongo abelii,XP_054389417.1,8,F,W,different,0,PMM2:237,invalid
PMM2,NP_000294.1,237,R,Pongo abelii,XP_054389417.1,9,S,W,different,0,PMM2:237,invalid
PMM2,NP_000294.1,237,R,Pongo abelii,XP_054389417.1,10,-,D,gap,-5,PMM2:237,invalid
PMM2,NP_000294.1,239,S,Pongo abelii,XP_054389417.1,-10,-,A,gap,-5,PMM2:239,invalid
PMM2,NP_000294.1,239,S,Pongo abelii,XP_054389417.1,-9,S,S,match,5,PMM2:239,invalid
PMM2,NP_000294.1,239,S,Pongo abelii,XP_054389417.1,-8,V,F,different,0,PMM2:239,invalid
PMM2,NP_000294.1,239,S,Pongo abelii,XP_054389417.1,-7,T,L,different,0,PMM2:239,invalid
PMM2,NP_000294.1,239,S,Pongo abelii,XP_054389417.1,-6,A,G,different,0,PMM2:239,invalid
PMM2,NP_000294.1,239,S,Pongo abelii,XP_054389417.1,-5,P,L,different,0,PMM2:239,invalid
PMM2,NP_000294.1,239,S,Pongo abelii,XP_054389417.1,-4,E,T,different,0,PMM2:239,invalid
PMM2,NP_000294.1,239,S,Pongo abelii,XP_054389417.1,-3,D,P,different,0,PMM2:239,invalid
PMM2,NP_000294.1,239,S,Pongo abelii,XP_054389417.1,-2,T,R,different,0,PMM2:239,invalid
PMM2,NP_000294.1,239,S,Pongo abelii,XP_054389417.1,-1,R,A,different,0,PMM2:239,invalid
PMM2,NP_000294.1,239,S,Pongo abelii,XP_054389417.1,1,I,A,different,0,PMM2:239,invalid
PMM2,NP_000294.1,239,S,Pongo abelii,XP_054389417.1,2,C,C,match,5,PMM2:239,invalid
PMM2,NP_000294.1,239,S,Pongo abelii,XP_054389417.1,3,E,P,different,0,PMM2:239,invalid
PMM2,NP_000294.1,239,S,Pongo abelii,XP_054389417.1,4,L,T,different,0,PMM2:239,invalid
PMM2,NP_000294.1,239,S,Pongo abelii,XP_054389417.1,5,L,L,match,5,PMM2:239,invalid
PMM2,NP_000294.1,239,S,Pongo abelii,XP_054389417.1,6,F,W,different,0,PMM2:239,invalid
PMM2,NP_000294.1,239,S,Pongo abelii,XP_054389417.1,7,S,W,different,0,PMM2:239,invalid
PMM2,NP_000294.1,239,S,Pongo abelii,XP_054389417.1,8,-,D,gap,-5,PMM2:239,invalid
PMM2,NP_000294.1,239,S,Pongo abelii,XP_054389417.1,9,-,V,gap,-5,PMM2:239,invalid
PMM2,NP_000294.1,239,S,Pongo abelii,XP_054389417.1,10,-,K,gap,-5,PMM2:239,invalid
RECQL4,NP_004251.4,1021,W,Aotus nancymaae,XP_064240796.1,-10,Q,Q,match,5,RECQL4:1021,valid
RECQL4,NP_004251.4,1021,W,Aotus nancymaae,XP_064240796.1,-9,W,W,match,5,RECQL4:1021,valid
RECQL4,NP_004251.4,1021,W,Aotus nancymaae,XP_064240796.1,-8,D,D,match,5,RECQL4:1021,valid
RECQL4,NP_004251.4,1021,W,Aotus nancymaae,XP_064240796.1,-7,H,H,match,5,RECQL4:1021,valid
RECQL4,NP_004251.4,1021,W,Aotus nancymaae,XP_064240796.1,-6,E,E,match,5,RECQL4:1021,valid
RECQL4,NP_004251.4,1021,W,Aotus nancymaae,XP_064240796.1,-5,P,P,match,5,RECQL4:1021,valid
RECQL4,NP_004251.4,1021,W,Aotus nancymaae,XP_064240796.1,-4,R,R,match,5,RECQL4:1021,valid
RECQL4,NP_004251.4,1021,W,Aotus nancymaae,XP_064240796.1,-3,T,T,match,5,RECQL4:1021,valid
RECQL4,NP_004251.4,1021,W,Aotus nancymaae,XP_064240796.1,-2,G,G,match,5,RECQL4:1021,valid
RECQL4,NP_004251.4,1021,W,Aotus nancymaae,XP_064240796.1,-1,V,M,different,0,RECQL4:1021,valid
RECQL4,NP_004251.4,1021,W,Aotus nancymaae,XP_064240796.1,1,R,Q,different,0,RECQL4:1021,valid
RECQL4,NP_004251.4,1021,W,Aotus nancymaae,XP_064240796.1,2,G,S,different,0,RECQL4:1021,valid
RECQL4,NP_004251.4,1021,W,Aotus nancymaae,XP_064240796.1,3,T,T,match,5,RECQL4:1021,valid
RECQL4,NP_004251.4,1021,W,Aotus nancymaae,XP_064240796.1,4,G,G,match,5,RECQL4:1021,valid
RECQL4,NP_004251.4,1021,W,Aotus nancymaae,XP_064240796.1,5,V,V,match,5,RECQL4:1021,valid
RECQL4,NP_004251.4,1021,W,Aotus nancymaae,XP_064240796.1,6,L,L,match,5,RECQL4:1021,valid
RECQL4,NP_004251.4,1021,W,Aotus nancymaae,XP_064240796.1,7,V,V,match,5,RECQL4:1021,valid
RECQL4,NP_004251.4,1021,W,Aotus nancymaae,XP_064240796.1,8,E,E,match,5,RECQL4:1021,valid
RECQL4,NP_004251.4,1021,W,Aotus nancymaae,XP_064240796.1,9,F,F,match,5,RECQL4:1021,valid
RECQL4,NP_004251.4,1021,W,Aotus nancymaae,XP_064240796.1,10,S,R,different,0,RECQL4:1021,valid
RECQL4,NP_004251.4,1021,W,Callithrix jacchus,XP_002759208.1,-10,Q,Q,match,5,RECQL4:1021,valid
RECQL4,NP_004251.4,1021,W,Callithrix jacchus,XP_002759208.1,-9,W,W,match,5,RECQL4:1021,valid
RECQL4,NP_004251.4,1021,W,Callithrix jacchus,XP_002759208.1,-8,D,D,match,5,RECQL4:1021,valid
RECQL4,NP_004251.4,1021,W,Callithrix jacchus,XP_002759208.1,-7,H,H,match,5,RECQL4:1021,valid
RECQL4,NP_004251.4,1021,W,Callithrix jacchus,XP_002759208.1,-6,E,E,match,5,RECQL4:1021,valid
RECQL4,NP_004251.4,1021,W,Callithrix jacchus,XP_002759208.1,-5,P,P,match,5,RECQL4:1021,valid
RECQL4,NP_004251.4,1021,W,Callithrix jacchus,XP_002759208.1,-4,R,Q,different,0,RECQL4:1021,valid
RECQL4,NP_004251.4,1021,W,Callithrix jacchus,XP_002759208.1,-3,T,T,match,5,RECQL4:1021,valid
RECQL4,NP_004251.4,1021,W,Callithrix jacchus,XP_002759208.1,-2,G,G,match,5,RECQL4:1021,valid
RECQL4,NP_004251.4,1021,W,Callithrix jacchus,XP_002759208.1,-1,V,M,different,0,RECQL4:1021,valid
RECQL4,NP_004251.4,1021,W,Callithrix jacchus,XP_002759208.1,1,R,Q,different,0,RECQL4:1021,valid
RECQL4,NP_004251.4,1021,W,Callithrix jacchus,XP_002759208.1,2,G,S,different,0,RECQL4:1021,valid
RECQL4,NP_004251.4,1021,W,Callithrix jacchus,XP_002759208.1,3,T,T,match,5,RECQL4:1021,valid
RECQL4,NP_004251.4,1021,W,Callithrix jacchus,XP_002759208.1,4,G,G,match,5,RECQL4:1021,valid
RECQL4,NP_004251.4,1021,W,Callithrix jacchus,XP_002759208.1,5,V,V,match,5,RECQL4:1021,valid
RECQL4,NP_004251.4,1021,W,Callithrix jacchus,XP_002759208.1,6,L,L,match,5,RECQL4:1021,valid
RECQL4,NP_004251.4,1021,W,Callithrix jacchus,XP_002759208.1,7,V,V,match,5,RECQL4:1021,valid
RECQL4,NP_004251.4,1021,W,Callithrix jacchus,XP_002759208.1,8,E,E,match,5,RECQL4:1021,valid
RECQL4,NP_004251.4,1021,W,Callithrix jacchus,XP_002759208.1,9,F,F,match,5,RECQL4:1021,valid
RECQL4,NP_004251.4,1021,W,Callithrix jacchus,XP_002759208.1,10,S,R,different,0,RECQL4:1021,valid
RECQL4,NP_004251.4,1021,W,Saimiri boliviensis,XP_039320673.1,-10,Q,Q,match,5,RECQL4:1021,valid
RECQL4,NP_004251.4,1021,W,Saimiri boliviensis,XP_039320673.1,-9,W,W,match,5,RECQL4:1021,valid
RECQL4,NP_004251.4,1021,W,Saimiri boliviensis,XP_039320673.1,-8,D,D,match,5,RECQL4:1021,valid
RECQL4,NP_004251.4,1021,W,Saimiri boliviensis,XP_039320673.1,-7,H,H,match,5,RECQL4:1021,valid
RECQL4,NP_004251.4,1021,W,Saimiri boliviensis,XP_039320673.1,-6,E,E,match,5,RECQL4:1021,valid
RECQL4,NP_004251.4,1021,W,Saimiri boliviensis,XP_039320673.1,-5,P,P,match,5,RECQL4:1021,valid
RECQL4,NP_004251.4,1021,W,Saimiri boliviensis,XP_039320673.1,-4,R,Q,different,0,RECQL4:1021,valid
RECQL4,NP_004251.4,1021,W,Saimiri boliviensis,XP_039320673.1,-3,T,T,match,5,RECQL4:1021,valid
RECQL4,NP_004251.4,1021,W,Saimiri boliviensis,XP_039320673.1,-2,G,G,match,5,RECQL4:1021,valid
RECQL4,NP_004251.4,1021,W,Saimiri boliviensis,XP_039320673.1,-1,V,M,different,0,RECQL4:1021,valid
RECQL4,NP_004251.4,1021,W,Saimiri boliviensis,XP_039320673.1,1,R,Q,different,0,RECQL4:1021,valid
RECQL4,NP_004251.4,1021,W,Saimiri boliviensis,XP_039320673.1,2,G,S,different,0,RECQL4:1021,valid
RECQL4,NP_004251.4,1021,W,Saimiri boliviensis,XP_039320673.1,3,T,T,match,5,RECQL4:1021,valid
RECQL4,NP_004251.4,1021,W,Saimiri boliviensis,XP_039320673.1,4,G,G,match,5,RECQL4:1021,valid
RECQL4,NP_004251.4,1021,W,Saimiri boliviensis,XP_039320673.1,5,V,V,match,5,RECQL4:1021,valid
RECQL4,NP_004251.4,1021,W,Saimiri boliviensis,XP_039320673.1,6,L,R,different,0,RECQL4:1021,valid
RECQL4,NP_004251.4,1021,W,Saimiri boliviensis,XP_039320673.1,7,V,V,match,5,RECQL4:1021,valid
RECQL4,NP_004251.4,1021,W,Saimiri boliviensis,XP_039320673.1,8,E,E,match,5,RECQL4:1021,valid
RECQL4,NP_004251.4,1021,W,Saimiri boliviensis,XP_039320673.1,9,F,F,match,5,RECQL4:1021,valid
RECQL4,NP_004251.4,1021,W,Saimiri boliviensis,XP_039320673.1,10,S,R,different,0,RECQL4:1021,valid
RECQL4,NP_004251.4,1021,W,Sapajus apella,XP_032112419.1,-10,Q,Q,match,5,RECQL4:1021,valid
RECQL4,NP_004251.4,1021,W,Sapajus apella,XP_032112419.1,-9,W,W,match,5,RECQL4:1021,valid
RECQL4,NP_004251.4,1021,W,Sapajus apella,XP_032112419.1,-8,D,D,match,5,RECQL4:1021,valid
RECQL4,NP_004251.4,1021,W,Sapajus apella,XP_032112419.1,-7,H,H,match,5,RECQL4:1021,valid
RECQL4,NP_004251.4,1021,W,Sapajus apella,XP_032112419.1,-6,E,E,match,5,RECQL4:1021,valid
RECQL4,NP_004251.4,1021,W,Sapajus apella,XP_032112419.1,-5,P,P,match,5,RECQL4:1021,valid
RECQL4,NP_004251.4,1021,W,Sapajus apella,XP_032112419.1,-4,R,R,match,5,RECQL4:1021,valid
RECQL4,NP_004251.4,1021,W,Sapajus apella,XP_032112419.1,-3,T,T,match,5,RECQL4:1021,valid
RECQL4,NP_004251.4,1021,W,Sapajus apella,XP_032112419.1,-2,G,G,match,5,RECQL4:1021,valid
RECQL4,NP_004251.4,1021,W,Sapajus apella,XP_032112419.1,-1,V,L,different,0,RECQL4:1021,valid
RECQL4,NP_004251.4,1021,W,Sapajus apella,XP_032112419.1,1,R,R,match,5,RECQL4:1021,valid
RECQL4,NP_004251.4,1021,W,Sapajus apella,XP_032112419.1,2,G,S,different,0,RECQL4:1021,valid
RECQL4,NP_004251.4,1021,W,Sapajus apella,XP_032112419.1,3,T,T,match,5,RECQL4:1021,valid
RECQL4,NP_004251.4,1021,W,Sapajus apella,XP_032112419.1,4,G,G,match,5,RECQL4:1021,valid
RECQL4,NP_004251.4,1021,W,Sapajus apella,XP_032112419.1,5,V,V,match,5,RECQL4:1021,valid
RECQL4,NP_004251.4,1021,W,Sapajus apella,XP_032112419.1,6,L,L,match,5,RECQL4:1021,valid
RECQL4,NP_004251.4,1021,W,Sapajus apella,XP_032112419.1,7,V,V,match,5,RECQL4:1021,valid
RECQL4,NP_004251.4,1021,W,Sapajus apella,XP_032112419.1,8,E,E,match,5,RECQL4:1021,valid
RECQL4,NP_004251.4,1021,W,Sapajus apella,XP_032112419.1,9,F,F,match,5,RECQL4:1021,valid
RECQL4,NP_004251.4,1021,W,Sapajus apella,XP_032112419.1,10,S,R,different,0,RECQL4:1021,valid
RECQL4,NP_004251.4,1021,W,Cebus imitator,XP_017367191.1,-10,Q,Q,match,5,RECQL4:1021,valid
RECQL4,NP_004251.4,1021,W,Cebus imitator,XP_017367191.1,-9,W,W,match,5,RECQL4:1021,valid
RECQL4,NP_004251.4,1021,W,Cebus imitator,XP_017367191.1,-8,D,D,match,5,RECQL4:1021,valid
RECQL4,NP_004251.4,1021,W,Cebus imitator,XP_017367191.1,-7,H,H,match,5,RECQL4:1021,valid
RECQL4,NP_004251.4,1021,W,Cebus imitator,XP_017367191.1,-6,E,E,match,5,RECQL4:1021,valid
RECQL4,NP_004251.4,1021,W,Cebus imitator,XP_017367191.1,-5,P,P,match,5,RECQL4:1021,valid
RECQL4,NP_004251.4,1021,W,Cebus imitator,XP_017367191.1,-4,R,R,match,5,RECQL4:1021,valid
RECQL4,NP_004251.4,1021,W,Cebus imitator,XP_017367191.1,-3,T,T,match,5,RECQL4:1021,valid
RECQL4,NP_004251.4,1021,W,Cebus imitator,XP_017367191.1,-2,G,G,match,5,RECQL4:1021,valid
RECQL4,NP_004251.4,1021,W,Cebus imitator,XP_017367191.1,-1,V,L,different,0,RECQL4:1021,valid
RECQL4,NP_004251.4,1021,W,Cebus imitator,XP_017367191.1,1,R,R,match,5,RECQL4:1021,valid
RECQL4,NP_004251.4,1021,W,Cebus imitator,XP_017367191.1,2,G,S,different,0,RECQL4:1021,valid
RECQL4,NP_004251.4,1021,W,Cebus imitator,XP_017367191.1,3,T,T,match,5,RECQL4:1021,valid
RECQL4,NP_004251.4,1021,W,Cebus imitator,XP_017367191.1,4,G,G,match,5,RECQL4:1021,valid
RECQL4,NP_004251.4,1021,W,Cebus imitator,XP_017367191.1,5,V,V,match,5,RECQL4:1021,valid
RECQL4,NP_004251.4,1021,W,Cebus imitator,XP_017367191.1,6,L,L,match,5,RECQL4:1021,valid
RECQL4,NP_004251.4,1021,W,Cebus imitator,XP_017367191.1,7,V,V,match,5,RECQL4:1021,valid
RECQL4,NP_004251.4,1021,W,Cebus imitator,XP_017367191.1,8,E,E,match,5,RECQL4:1021,valid
RECQL4,NP_004251.4,1021,W,Cebus imitator,XP_017367191.1,9,F,F,match,5,RECQL4:1021,valid
RECQL4,NP_004251.4,1021,W,Cebus imitator,XP_017367191.1,10,S,R,different,0,RECQL4:1021,valid
RP1,NP_006260.1,793,G,Hylobates moloch,XP_032615653.1,-10,N,N,match,5,RP1:793,valid
RP1,NP_006260.1,793,G,Hylobates moloch,XP_032615653.1,-9,K,K,match,5,RP1:793,valid
RP1,NP_006260.1,793,G,Hylobates moloch,XP_032615653.1,-8,I,I,match,5,RP1:793,valid
RP1,NP_006260.1,793,G,Hylobates moloch,XP_032615653.1,-7,S,S,match,5,RP1:793,valid
RP1,NP_006260.1,793,G,Hylobates moloch,XP_032615653.1,-6,L,L,match,5,RP1:793,valid
RP1,NP_006260.1,793,G,Hylobates moloch,XP_032615653.1,-5,G,G,match,5,RP1:793,valid
RP1,NP_006260.1,793,G,Hylobates moloch,XP_032615653.1,-4,A,A,match,5,RP1:793,valid
RP1,NP_006260.1,793,G,Hylobates moloch,XP_032615653.1,-3,P,P,match,5,RP1:793,valid
RP1,NP_006260.1,793,G,Hylobates moloch,XP_032615653.1,-2,K,K,match,5,RP1:793,valid
RP1,NP_006260.1,793,G,Hylobates moloch,XP_032615653.1,-1,K,K,match,5,RP1:793,valid
RP1,NP_006260.1,793,G,Hylobates moloch,XP_032615653.1,1,E,E,match,5,RP1:793,valid
RP1,NP_006260.1,793,G,Hylobates moloch,XP_032615653.1,2,I,I,match,5,RP1:793,valid
RP1,NP_006260.1,793,G,Hylobates moloch,XP_032615653.1,3,G,G,match,5,RP1:793,valid
RP1,NP_006260.1,793,G,Hylobates moloch,XP_032615653.1,4,Q,Q,match,5,RP1:793,valid
RP1,NP_006260.1,793,G,Hylobates moloch,XP_032615653.1,5,R,R,match,5,RP1:793,valid
RP1,NP_006260.1,793,G,Hylobates moloch,XP_032615653.1,6,D,D,match,5,RP1:793,valid
RP1,NP_006260.1,793,G,Hylobates moloch,XP_032615653.1,7,K,K,match,5,RP1:793,valid
RP1,NP_006260.1,793,G,Hylobates moloch,XP_032615653.1,8,V,V,match,5,RP1:793,valid
RP1,NP_006260.1,793,G,Hylobates moloch,XP_032615653.1,9,F,F,match,5,RP1:793,valid
RP1,NP_006260.1,793,G,Hylobates moloch,XP_032615653.1,10,P,P,match,5,RP1:793,valid
SACS,NP_055178.3,1,T,Saimiri boliviensis,XP_074244032.1,-10,-,-,gap,-5,SACS:1,invalid
SACS,NP_055178.3,1,T,Saimiri boliviensis,XP_074244032.1,-9,-,-,gap,-5,SACS:1,invalid
SACS,NP_055178.3,1,T,Saimiri boliviensis,XP_074244032.1,-8,-,-,gap,-5,SACS:1,invalid
SACS,NP_055178.3,1,T,Saimiri boliviensis,XP_074244032.1,-7,-,-,gap,-5,SACS:1,invalid
SACS,NP_055178.3,1,T,Saimiri boliviensis,XP_074244032.1,-6,-,-,gap,-5,SACS:1,invalid
SACS,NP_055178.3,1,T,Saimiri boliviensis,XP_074244032.1,-5,-,-,gap,-5,SACS:1,invalid
SACS,NP_055178.3,1,T,Saimiri boliviensis,XP_074244032.1,-4,-,-,gap,-5,SACS:1,invalid
SACS,NP_055178.3,1,T,Saimiri boliviensis,XP_074244032.1,-3,-,-,gap,-5,SACS:1,invalid
SACS,NP_055178.3,1,T,Saimiri boliviensis,XP_074244032.1,-2,-,M,gap,-5,SACS:1,invalid
SACS,NP_055178.3,1,T,Saimiri boliviensis,XP_074244032.1,-1,-,E,gap,-5,SACS:1,invalid
SACS,NP_055178.3,1,T,Saimiri boliviensis,XP_074244032.1,1,E,K,different,0,SACS:1,invalid
SACS,NP_055178.3,1,T,Saimiri boliviensis,XP_074244032.1,2,T,T,match,5,SACS:1,invalid
SACS,NP_055178.3,1,T,Saimiri boliviensis,XP_074244032.1,3,K,K,match,5,SACS:1,invalid
SACS,NP_055178.3,1,T,Saimiri boliviensis,XP_074244032.1,4,E,E,match,5,SACS:1,invalid
SACS,NP_055178.3,1,T,Saimiri boliviensis,XP_074244032.1,5,N,N,match,5,SACS:1,invalid
SACS,NP_055178.3,1,T,Saimiri boliviensis,XP_074244032.1,6,R,R,match,5,SACS:1,invalid
SACS,NP_055178.3,1,T,Saimiri boliviensis,XP_074244032.1,7,W,W,match,5,SACS:1,invalid
SACS,NP_055178.3,1,T,Saimiri boliviensis,XP_074244032.1,8,V,V,match,5,SACS:1,invalid
SACS,NP_055178.3,1,T,Saimiri boliviensis,XP_074244032.1,9,P,R,different,0,SACS:1,invalid
SACS,NP_055178.3,1,T,Saimiri boliviensis,XP_074244032.1,10,V,V,match,5,SACS:1,invalid
SLC26A4,NP_000432.1,422,I,Carlito syrichta,XP_021565405.1,-10,V,V,match,5,SLC26A4:422,valid
SLC26A4,NP_000432.1,422,I,Carlito syrichta,XP_021565405.1,-9,Q,Q,match,5,SLC26A4:422,valid
SLC26A4,NP_000432.1,422,I,Carlito syrichta,XP_021565405.1,-8,E,E,match,5,SLC26A4:422,valid
SLC26A4,NP_000432.1,422,I,Carlito syrichta,XP_021565405.1,-7,S,S,match,5,SLC26A4:422,valid
SLC26A4,NP_000432.1,422,I,Carlito syrichta,XP_021565405.1,-6,T,T,match,5,SLC26A4:422,valid
SLC26A4,NP_000432.1,422,I,Carlito syrichta,XP_021565405.1,-5,G,G,match,5,SLC26A4:422,valid
SLC26A4,NP_000432.1,422,I,Carlito syrichta,XP_021565405.1,-4,G,G,match,5,SLC26A4:422,valid
SLC26A4,NP_000432.1,422,I,Carlito syrichta,XP_021565405.1,-3,K,K,match,5,SLC26A4:422,valid
SLC26A4,NP_000432.1,422,I,Carlito syrichta,XP_021565405.1,-2,T,T,match,5,SLC26A4:422,valid
SLC26A4,NP_000432.1,422,I,Carlito syrichta,XP_021565405.1,-1,Q,Q,match,5,SLC26A4:422,valid
SLC26A4,NP_000432.1,422,I,Carlito syrichta,XP_021565405.1,1,A,A,match,5,SLC26A4:422,valid
SLC26A4,NP_000432.1,422,I,Carlito syrichta,XP_021565405.1,2,G,G,match,5,SLC26A4:422,valid
SLC26A4,NP_000432.1,422,I,Carlito syrichta,XP_021565405.1,3,I,I,match,5,SLC26A4:422,valid
SLC26A4,NP_000432.1,422,I,Carlito syrichta,XP_021565405.1,4,I,I,match,5,SLC26A4:422,valid
SLC26A4,NP_000432.1,422,I,Carlito syrichta,XP_021565405.1,5,S,S,match,5,SLC26A4:422,valid
SLC26A4,NP_000432.1,422,I,Carlito syrichta,XP_021565405.1,6,A,A,match,5,SLC26A4:422,valid
SLC26A4,NP_000432.1,422,I,Carlito syrichta,XP_021565405.1,7,A,V,different,0,SLC26A4:422,valid
SLC26A4,NP_000432.1,422,I,Carlito syrichta,XP_021565405.1,8,I,I,match,5,SLC26A4:422,valid
SLC26A4,NP_000432.1,422,I,Carlito syrichta,XP_021565405.1,9,V,V,match,5,SLC26A4:422,valid
SLC26A4,NP_000432.1,422,I,Carlito syrichta,XP_021565405.1,10,M,M,match,5,SLC26A4:422,valid
SLC26A4,NP_000432.1,422,I,Nycticebus coucang,XP_053465235.1,-10,V,V,match,5,SLC26A4:422,valid
SLC26A4,NP_000432.1,422,I,Nycticebus coucang,XP_053465235.1,-9,Q,Q,match,5,SLC26A4:422,valid
SLC26A4,NP_000432.1,422,I,Nycticebus coucang,XP_053465235.1,-8,E,E,match,5,SLC26A4:422,valid
SLC26A4,NP_000432.1,422,I,Nycticebus coucang,XP_053465235.1,-7,S,S,match,5,SLC26A4:422,valid
SLC26A4,NP_000432.1,422,I,Nycticebus coucang,XP_053465235.1,-6,T,T,match,5,SLC26A4:422,valid
SLC26A4,NP_000432.1,422,I,Nycticebus coucang,XP_053465235.1,-5,G,G,match,5,SLC26A4:422,valid
SLC26A4,NP_000432.1,422,I,Nycticebus coucang,XP_053465235.1,-4,G,G,match,5,SLC26A4:422,valid
SLC26A4,NP_000432.1,422,I,Nycticebus coucang,XP_053465235.1,-3,K,K,match,5,SLC26A4:422,valid
SLC26A4,NP_000432.1,422,I,Nycticebus coucang,XP_053465235.1,-2,T,T,match,5,SLC26A4:422,valid
SLC26A4,NP_000432.1,422,I,Nycticebus coucang,XP_053465235.1,-1,Q,Q,match,5,SLC26A4:422,valid
SLC26A4,NP_000432.1,422,I,Nycticebus coucang,XP_053465235.1,1,A,A,match,5,SLC26A4:422,valid
SLC26A4,NP_000432.1,422,I,Nycticebus coucang,XP_053465235.1,2,G,G,match,5,SLC26A4:422,valid
SLC26A4,NP_000432.1,422,I,Nycticebus coucang,XP_053465235.1,3,I,I,match,5,SLC26A4:422,valid
SLC26A4,NP_000432.1,422,I,Nycticebus coucang,XP_053465235.1,4,I,I,match,5,SLC26A4:422,valid
SLC26A4,NP_000432.1,422,I,Nycticebus coucang,XP_053465235.1,5,S,S,match,5,SLC26A4:422,valid
SLC26A4,NP_000432.1,422,I,Nycticebus coucang,XP_053465235.1,6,A,A,match,5,SLC26A4:422,valid
SLC26A4,NP_000432.1,422,I,Nycticebus coucang,XP_053465235.1,7,A,V,different,0,SLC26A4:422,valid
SLC26A4,NP_000432.1,422,I,Nycticebus coucang,XP_053465235.1,8,I,I,match,5,SLC26A4:422,valid
SLC26A4,NP_000432.1,422,I,Nycticebus coucang,XP_053465235.1,9,V,V,match,5,SLC26A4:422,valid
SLC26A4,NP_000432.1,422,I,Nycticebus coucang,XP_053465235.1,10,M,M,match,5,SLC26A4:422,valid
SLC26A4,NP_000432.1,422,I,Otolemur garnettii,XP_003782839.2,-10,V,V,match,5,SLC26A4:422,valid
SLC26A4,NP_000432.1,422,I,Otolemur garnettii,XP_003782839.2,-9,Q,Q,match,5,SLC26A4:422,valid
SLC26A4,NP_000432.1,422,I,Otolemur garnettii,XP_003782839.2,-8,E,E,match,5,SLC26A4:422,valid
SLC26A4,NP_000432.1,422,I,Otolemur garnettii,XP_003782839.2,-7,S,S,match,5,SLC26A4:422,valid
SLC26A4,NP_000432.1,422,I,Otolemur garnettii,XP_003782839.2,-6,T,T,match,5,SLC26A4:422,valid
SLC26A4,NP_000432.1,422,I,Otolemur garnettii,XP_003782839.2,-5,G,G,match,5,SLC26A4:422,valid
SLC26A4,NP_000432.1,422,I,Otolemur garnettii,XP_003782839.2,-4,G,G,match,5,SLC26A4:422,valid
SLC26A4,NP_000432.1,422,I,Otolemur garnettii,XP_003782839.2,-3,K,K,match,5,SLC26A4:422,valid
SLC26A4,NP_000432.1,422,I,Otolemur garnettii,XP_003782839.2,-2,T,T,match,5,SLC26A4:422,valid
SLC26A4,NP_000432.1,422,I,Otolemur garnettii,XP_003782839.2,-1,Q,Q,match,5,SLC26A4:422,valid
SLC26A4,NP_000432.1,422,I,Otolemur garnettii,XP_003782839.2,1,A,A,match,5,SLC26A4:422,valid
SLC26A4,NP_000432.1,422,I,Otolemur garnettii,XP_003782839.2,2,G,G,match,5,SLC26A4:422,valid
SLC26A4,NP_000432.1,422,I,Otolemur garnettii,XP_003782839.2,3,I,I,match,5,SLC26A4:422,valid
SLC26A4,NP_000432.1,422,I,Otolemur garnettii,XP_003782839.2,4,I,I,match,5,SLC26A4:422,valid
SLC26A4,NP_000432.1,422,I,Otolemur garnettii,XP_003782839.2,5,S,S,match,5,SLC26A4:422,valid
SLC26A4,NP_000432.1,422,I,Otolemur garnettii,XP_003782839.2,6,A,A,match,5,SLC26A4:422,valid
SLC26A4,NP_000432.1,422,I,Otolemur garnettii,XP_003782839.2,7,A,V,different,0,SLC26A4:422,valid
SLC26A4,NP_000432.1,422,I,Otolemur garnettii,XP_003782839.2,8,I,I,match,5,SLC26A4:422,valid
SLC26A4,NP_000432.1,422,I,Otolemur garnettii,XP_003782839.2,9,V,V,match,5,SLC26A4:422,valid
SLC26A4,NP_000432.1,422,I,Otolemur garnettii,XP_003782839.2,10,M,M,match,5,SLC26A4:422,valid
SLC26A4,NP_000432.1,422,I,Propithecus coquereli,XP_012505772.1,-10,V,V,match,5,SLC26A4:422,valid
SLC26A4,NP_000432.1,422,I,Propithecus coquereli,XP_012505772.1,-9,Q,Q,match,5,SLC26A4:422,valid
SLC26A4,NP_000432.1,422,I,Propithecus coquereli,XP_012505772.1,-8,E,E,match,5,SLC26A4:422,valid
SLC26A4,NP_000432.1,422,I,Propithecus coquereli,XP_012505772.1,-7,S,S,match,5,SLC26A4:422,valid
SLC26A4,NP_000432.1,422,I,Propithecus coquereli,XP_012505772.1,-6,T,T,match,5,SLC26A4:422,valid
SLC26A4,NP_000432.1,422,I,Propithecus coquereli,XP_012505772.1,-5,G,G,match,5,SLC26A4:422,valid
SLC26A4,NP_000432.1,422,I,Propithecus coquereli,XP_012505772.1,-4,G,G,match,5,SLC26A4:422,valid
SLC26A4,NP_000432.1,422,I,Propithecus coquereli,XP_012505772.1,-3,K,K,match,5,SLC26A4:422,valid
SLC26A4,NP_000432.1,422,I,Propithecus coquereli,XP_012505772.1,-2,T,T,match,5,SLC26A4:422,valid
SLC26A4,NP_000432.1,422,I,Propithecus coquereli,XP_012505772.1,-1,Q,Q,match,5,SLC26A4:422,valid
SLC26A4,NP_000432.1,422,I,Propithecus coquereli,XP_012505772.1,1,A,A,match,5,SLC26A4:422,valid
SLC26A4,NP_000432.1,422,I,Propithecus coquereli,XP_012505772.1,2,G,G,match,5,SLC26A4:422,valid
SLC26A4,NP_000432.1,422,I,Propithecus coquereli,XP_012505772.1,3,I,I,match,5,SLC26A4:422,valid
SLC26A4,NP_000432.1,422,I,Propithecus coquereli,XP_012505772.1,4,I,V,different,0,SLC26A4:422,valid
SLC26A4,NP_000432.1,422,I,Propithecus coquereli,XP_012505772.1,5,S,S,match,5,SLC26A4:422,valid
SLC26A4,NP_000432.1,422,I,Propithecus coquereli,XP_012505772.1,6,A,A,match,5,SLC26A4:422,valid
SLC26A4,NP_000432.1,422,I,Propithecus coquereli,XP_012505772.1,7,A,G,different,0,SLC26A4:422,valid
SLC26A4,NP_000432.1,422,I,Propithecus coquereli,XP_012505772.1,8,I,I,match,5,SLC26A4:422,valid
SLC26A4,NP_000432.1,422,I,Propithecus coquereli,XP_012505772.1,9,V,V,match,5,SLC26A4:422,valid
SLC26A4,NP_000432.1,422,I,Propithecus coquereli,XP_012505772.1,10,M,M,match,5,SLC26A4:422,valid
SLC26A4,NP_000432.1,422,I,Eulemur rufifrons,XP_069318278.1,-10,V,V,match,5,SLC26A4:422,valid
SLC26A4,NP_000432.1,422,I,Eulemur rufifrons,XP_069318278.1,-9,Q,Q,match,5,SLC26A4:422,valid
SLC26A4,NP_000432.1,422,I,Eulemur rufifrons,XP_069318278.1,-8,E,E,match,5,SLC26A4:422,valid
SLC26A4,NP_000432.1,422,I,Eulemur rufifrons,XP_069318278.1,-7,S,S,match,5,SLC26A4:422,valid
SLC26A4,NP_000432.1,422,I,Eulemur rufifrons,XP_069318278.1,-6,T,T,match,5,SLC26A4:422,valid
SLC26A4,NP_000432.1,422,I,Eulemur rufifrons,XP_069318278.1,-5,G,G,match,5,SLC26A4:422,valid
SLC26A4,NP_000432.1,422,I,Eulemur rufifrons,XP_069318278.1,-4,G,G,match,5,SLC26A4:422,valid
SLC26A4,NP_000432.1,422,I,Eulemur rufifrons,XP_069318278.1,-3,K,K,match,5,SLC26A4:422,valid
SLC26A4,NP_000432.1,422,I,Eulemur rufifrons,XP_069318278.1,-2,T,T,match,5,SLC26A4:422,valid
SLC26A4,NP_000432.1,422,I,Eulemur rufifrons,XP_069318278.1,-1,Q,Q,match,5,SLC26A4:422,valid
SLC26A4,NP_000432.1,422,I,Eulemur rufifrons,XP_069318278.1,1,A,A,match,5,SLC26A4:422,valid
SLC26A4,NP_000432.1,422,I,Eulemur rufifrons,XP_069318278.1,2,G,G,match,5,SLC26A4:422,valid
SLC26A4,NP_000432.1,422,I,Eulemur rufifrons,XP_069318278.1,3,I,I,match,5,SLC26A4:422,valid
SLC26A4,NP_000432.1,422,I,Eulemur rufifrons,XP_069318278.1,4,I,I,match,5,SLC26A4:422,valid
SLC26A4,NP_000432.1,422,I,Eulemur rufifrons,XP_069318278.1,5,S,S,match,5,SLC26A4:422,valid
SLC26A4,NP_000432.1,422,I,Eulemur rufifrons,XP_069318278.1,6,A,A,match,5,SLC26A4:422,valid
SLC26A4,NP_000432.1,422,I,Eulemur rufifrons,XP_069318278.1,7,A,G,different,0,SLC26A4:422,valid
SLC26A4,NP_000432.1,422,I,Eulemur rufifrons,XP_069318278.1,8,I,I,match,5,SLC26A4:422,valid
SLC26A4,NP_000432.1,422,I,Eulemur rufifrons,XP_069318278.1,9,V,V,match,5,SLC26A4:422,valid
SLC26A4,NP_000432.1,422,I,Eulemur rufifrons,XP_069318278.1,10,M,M,match,5,SLC26A4:422,valid
SLC26A4,NP_000432.1,422,I,Lemur catta,XP_045421398.1,-10,V,V,match,5,SLC26A4:422,valid
SLC26A4,NP_000432.1,422,I,Lemur catta,XP_045421398.1,-9,Q,Q,match,5,SLC26A4:422,valid
SLC26A4,NP_000432.1,422,I,Lemur catta,XP_045421398.1,-8,E,E,match,5,SLC26A4:422,valid
SLC26A4,NP_000432.1,422,I,Lemur catta,XP_045421398.1,-7,S,S,match,5,SLC26A4:422,valid
SLC26A4,NP_000432.1,422,I,Lemur catta,XP_045421398.1,-6,T,T,match,5,SLC26A4:422,valid
SLC26A4,NP_000432.1,422,I,Lemur catta,XP_045421398.1,-5,G,G,match,5,SLC26A4:422,valid
SLC26A4,NP_000432.1,422,I,Lemur catta,XP_045421398.1,-4,G,G,match,5,SLC26A4:422,valid
SLC26A4,NP_000432.1,422,I,Lemur catta,XP_045421398.1,-3,K,K,match,5,SLC26A4:422,valid
SLC26A4,NP_000432.1,422,I,Lemur catta,XP_045421398.1,-2,T,T,match,5,SLC26A4:422,valid
SLC26A4,NP_000432.1,422,I,Lemur catta,XP_045421398.1,-1,Q,Q,match,5,SLC26A4:422,valid
SLC26A4,NP_000432.1,422,I,Lemur catta,XP_045421398.1,1,A,A,match,5,SLC26A4:422,valid
SLC26A4,NP_000432.1,422,I,Lemur catta,XP_045421398.1,2,G,G,match,5,SLC26A4:422,valid
SLC26A4,NP_000432.1,422,I,Lemur catta,XP_045421398.1,3,I,I,match,5,SLC26A4:422,valid
SLC26A4,NP_000432.1,422,I,Lemur catta,XP_045421398.1,4,I,I,match,5,SLC26A4:422,valid
SLC26A4,NP_000432.1,422,I,Lemur catta,XP_045421398.1,5,S,S,match,5,SLC26A4:422,valid
SLC26A4,NP_000432.1,422,I,Lemur catta,XP_045421398.1,6,A,A,match,5,SLC26A4:422,valid
SLC26A4,NP_000432.1,422,I,Lemur catta,XP_045421398.1,7,A,G,different,0,SLC26A4:422,valid
SLC26A4,NP_000432.1,422,I,Lemur catta,XP_045421398.1,8,I,I,match,5,SLC26A4:422,valid
SLC26A4,NP_000432.1,422,I,Lemur catta,XP_045421398.1,9,V,V,match,5,SLC26A4:422,valid
SLC26A4,NP_000432.1,422,I,Lemur catta,XP_045421398.1,10,M,M,match,5,SLC26A4:422,valid
SYNE1,NP_892006.3,815,T,Nycticebus coucang,XP_053446481.1,-10,P,P,match,5,SYNE1:815,valid
SYNE1,NP_892006.3,815,T,Nycticebus coucang,XP_053446481.1,-9,L,L,match,5,SYNE1:815,valid
SYNE1,NP_892006.3,815,T,Nycticebus coucang,XP_053446481.1,-8,L,L,match,5,SYNE1:815,valid
SYNE1,NP_892006.3,815,T,Nycticebus coucang,XP_053446481.1,-7,Y,Y,match,5,SYNE1:815,valid
SYNE1,NP_892006.3,815,T,Nycticebus coucang,XP_053446481.1,-6,E,E,match,5,SYNE1:815,valid
SYNE1,NP_892006.3,815,T,Nycticebus coucang,XP_053446481.1,-5,S,S,match,5,SYNE1:815,valid
SYNE1,NP_892006.3,815,T,Nycticebus coucang,XP_053446481.1,-4,Q,R,different,0,SYNE1:815,valid
SYNE1,NP_892006.3,815,T,Nycticebus coucang,XP_053446481.1,-3,Q,Q,match,5,SYNE1:815,valid
SYNE1,NP_892006.3,815,T,Nycticebus coucang,XP_053446481.1,-2,L,L,match,5,SYNE1:815,valid
SYNE1,NP_892006.3,815,T,Nycticebus coucang,XP_053446481.1,-1,L,L,match,5,SYNE1:815,valid
SYNE1,NP_892006.3,815,T,Nycticebus coucang,XP_053446481.1,1,P,P,match,5,SYNE1:815,valid
SYNE1,NP_892006.3,815,T,Nycticebus coucang,XP_053446481.1,2,L,L,match,5,SYNE1:815,valid
SYNE1,NP_892006.3,815,T,Nycticebus coucang,XP_053446481.1,3,E,E,match,5,SYNE1:815,valid
SYNE1,NP_892006.3,815,T,Nycticebus coucang,XP_053446481.1,4,E,E,match,5,SYNE1:815,valid
SYNE1,NP_892006.3,815,T,Nycticebus coucang,XP_053446481.1,5,L,L,match,5,SYNE1:815,valid
SYNE1,NP_892006.3,815,T,Nycticebus coucang,XP_053446481.1,6,E,E,match,5,SYNE1:815,valid
SYNE1,NP_892006.3,815,T,Nycticebus coucang,XP_053446481.1,7,K,K,match,5,SYNE1:815,valid
SYNE1,NP_892006.3,815,T,Nycticebus coucang,XP_053446481.1,8,Q,Q,match,5,SYNE1:815,valid
SYNE1,NP_892006.3,815,T,Nycticebus coucang,XP_053446481.1,9,M,M,match,5,SYNE1:815,valid
SYNE1,NP_892006.3,815,T,Nycticebus coucang,XP_053446481.1,10,T,T,match,5,SYNE1:815,valid
SYNE1,NP_892006.3,815,T,Otolemur garnettii,XP_003797918.1,-10,P,P,match,5,SYNE1:815,valid
SYNE1,NP_892006.3,815,T,Otolemur garnettii,XP_003797918.1,-9,L,L,match,5,SYNE1:815,valid
SYNE1,NP_892006.3,815,T,Otolemur garnettii,XP_003797918.1,-8,L,L,match,5,SYNE1:815,valid
SYNE1,NP_892006.3,815,T,Otolemur garnettii,XP_003797918.1,-7,Y,Y,match,5,SYNE1:815,valid
SYNE1,NP_892006.3,815,T,Otolemur garnettii,XP_003797918.1,-6,E,E,match,5,SYNE1:815,valid
SYNE1,NP_892006.3,815,T,Otolemur garnettii,XP_003797918.1,-5,S,S,match,5,SYNE1:815,valid
SYNE1,NP_892006.3,815,T,Otolemur garnettii,XP_003797918.1,-4,Q,R,different,0,SYNE1:815,valid
SYNE1,NP_892006.3,815,T,Otolemur garnettii,XP_003797918.1,-3,Q,Q,match,5,SYNE1:815,valid
SYNE1,NP_892006.3,815,T,Otolemur garnettii,XP_003797918.1,-2,L,L,match,5,SYNE1:815,valid
SYNE1,NP_892006.3,815,T,Otolemur garnettii,XP_003797918.1,-1,L,L,match,5,SYNE1:815,valid
SYNE1,NP_892006.3,815,T,Otolemur garnettii,XP_003797918.1,1,P,P,match,5,SYNE1:815,valid
SYNE1,NP_892006.3,815,T,Otolemur garnettii,XP_003797918.1,2,L,L,match,5,SYNE1:815,valid
SYNE1,NP_892006.3,815,T,Otolemur garnettii,XP_003797918.1,3,E,E,match,5,SYNE1:815,valid
SYNE1,NP_892006.3,815,T,Otolemur garnettii,XP_003797918.1,4,E,E,match,5,SYNE1:815,valid
SYNE1,NP_892006.3,815,T,Otolemur garnettii,XP_003797918.1,5,L,L,match,5,SYNE1:815,valid
SYNE1,NP_892006.3,815,T,Otolemur garnettii,XP_003797918.1,6,E,E,match,5,SYNE1:815,valid
SYNE1,NP_892006.3,815,T,Otolemur garnettii,XP_003797918.1,7,K,K,match,5,SYNE1:815,valid
SYNE1,NP_892006.3,815,T,Otolemur garnettii,XP_003797918.1,8,Q,Q,match,5,SYNE1:815,valid
SYNE1,NP_892006.3,815,T,Otolemur garnettii,XP_003797918.1,9,M,M,match,5,SYNE1:815,valid
SYNE1,NP_892006.3,815,T,Otolemur garnettii,XP_003797918.1,10,T,T,match,5,SYNE1:815,valid
TMEM67,NP_714915.3,92,R,Microcebus murinus,XP_012628320.1,-10,P,P,match,5,TMEM67:92,valid
TMEM67,NP_714915.3,92,R,Microcebus murinus,XP_012628320.1,-9,G,G,match,5,TMEM67:92,valid
TMEM67,NP_714915.3,92,R,Microcebus murinus,XP_012628320.1,-8,F,F,match,5,TMEM67:92,valid
TMEM67,NP_714915.3,92,R,Microcebus murinus,XP_012628320.1,-7,Q,Q,match,5,TMEM67:92,valid
TMEM67,NP_714915.3,92,R,Microcebus murinus,XP_012628320.1,-6,M,K,different,0,TMEM67:92,valid
TMEM67,NP_714915.3,92,R,Microcebus murinus,XP_012628320.1,-5,I,L,different,0,TMEM67:92,valid
TMEM67,NP_714915.3,92,R,Microcebus murinus,XP_012628320.1,-4,S,S,match,5,TMEM67:92,valid
TMEM67,NP_714915.3,92,R,Microcebus murinus,XP_012628320.1,-3,N,S,different,0,TMEM67:92,valid
TMEM67,NP_714915.3,92,R,Microcebus murinus,XP_012628320.1,-2,N,N,match,5,TMEM67:92,valid
TMEM67,NP_714915.3,92,R,Microcebus murinus,XP_012628320.1,-1,G,G,match,5,TMEM67:92,valid
TMEM67,NP_714915.3,92,R,Microcebus murinus,XP_012628320.1,1,P,P,match,5,TMEM67:92,valid
TMEM67,NP_714915.3,92,R,Microcebus murinus,XP_012628320.1,2,A,A,match,5,TMEM67:92,valid
TMEM67,NP_714915.3,92,R,Microcebus murinus,XP_012628320.1,3,I,I,match,5,TMEM67:92,valid
TMEM67,NP_714915.3,92,R,Microcebus murinus,XP_012628320.1,4,I,I,match,5,TMEM67:92,valid
TMEM67,NP_714915.3,92,R,Microcebus murinus,XP_012628320.1,5,C,C,match,5,TMEM67:92,valid
TMEM67,NP_714915.3,92,R,Microcebus murinus,XP_012628320.1,6,K,K,match,5,TMEM67:92,valid
TMEM67,NP_714915.3,92,R,Microcebus murinus,XP_012628320.1,7,K,K,match,5,TMEM67:92,valid
TMEM67,NP_714915.3,92,R,Microcebus murinus,XP_012628320.1,8,C,C,match,5,TMEM67:92,valid
TMEM67,NP_714915.3,92,R,Microcebus murinus,XP_012628320.1,9,P,P,match,5,TMEM67:92,valid
TMEM67,NP_714915.3,92,R,Microcebus murinus,XP_012628320.1,10,E,E,match,5,TMEM67:92,valid
TTR,NP_000362.1,142,I,Chlorocebus sabaeus,XP_007972558.2,-10,S,S,match,5,TTR:142,valid
TTR,NP_000362.1,142,I,Chlorocebus sabaeus,XP_007972558.2,-9,P,P,match,5,TTR:142,valid
TTR,NP_000362.1,142,I,Chlorocebus sabaeus,XP_007972558.2,-8,Y,Y,match,5,TTR:142,valid
TTR,NP_000362.1,142,I,Chlorocebus sabaeus,XP_007972558.2,-7,S,S,match,5,TTR:142,valid
TTR,NP_000362.1,142,I,Chlorocebus sabaeus,XP_007972558.2,-6,Y,Y,match,5,TTR:142,valid
TTR,NP_000362.1,142,I,Chlorocebus sabaeus,XP_007972558.2,-5,S,S,match,5,TTR:142,valid
TTR,NP_000362.1,142,I,Chlorocebus sabaeus,XP_007972558.2,-4,T,T,match,5,TTR:142,valid
TTR,NP_000362.1,142,I,Chlorocebus sabaeus,XP_007972558.2,-3,T,T,match,5,TTR:142,valid
TTR,NP_000362.1,142,I,Chlorocebus sabaeus,XP_007972558.2,-2,A,A,match,5,TTR:142,valid
TTR,NP_000362.1,142,I,Chlorocebus sabaeus,XP_007972558.2,-1,V,V,match,5,TTR:142,valid
TTR,NP_000362.1,142,I,Chlorocebus sabaeus,XP_007972558.2,1,T,T,match,5,TTR:142,valid
TTR,NP_000362.1,142,I,Chlorocebus sabaeus,XP_007972558.2,2,N,N,match,5,TTR:142,valid
TTR,NP_000362.1,142,I,Chlorocebus sabaeus,XP_007972558.2,3,P,P,match,5,TTR:142,valid
TTR,NP_000362.1,142,I,Chlorocebus sabaeus,XP_007972558.2,4,K,K,match,5,TTR:142,valid
TTR,NP_000362.1,142,I,Chlorocebus sabaeus,XP_007972558.2,5,E,E,match,5,TTR:142,valid
TTR,NP_000362.1,127,V,Saimiri boliviensis,XP_010333768.1,-10,A,A,match,5,TTR:127,valid
TTR,NP_000362.1,127,V,Saimiri boliviensis,XP_010333768.1,-9,N,N,match,5,TTR:127,valid
TTR,NP_000362.1,127,V,Saimiri boliviensis,XP_010333768.1,-8,D,E,different,0,TTR:127,valid
TTR,NP_000362.1,127,V,Saimiri boliviensis,XP_010333768.1,-7,S,S,match,5,TTR:127,valid
TTR,NP_000362.1,127,V,Saimiri boliviensis,XP_010333768.1,-6,G,G,match,5,TTR:127,valid
TTR,NP_000362.1,127,V,Saimiri boliviensis,XP_010333768.1,-5,P,P,match,5,TTR:127,valid
TTR,NP_000362.1,127,V,Saimiri boliviensis,XP_010333768.1,-4,R,R,match,5,TTR:127,valid
TTR,NP_000362.1,127,V,Saimiri boliviensis,XP_010333768.1,-3,R,H,different,0,TTR:127,valid
TTR,NP_000362.1,127,V,Saimiri boliviensis,XP_010333768.1,-2,Y,Y,match,5,TTR:127,valid
TTR,NP_000362.1,127,V,Saimiri boliviensis,XP_010333768.1,-1,T,I,different,0,TTR:127,valid
TTR,NP_000362.1,127,V,Saimiri boliviensis,XP_010333768.1,1,A,A,match,5,TTR:127,valid
TTR,NP_000362.1,127,V,Saimiri boliviensis,XP_010333768.1,2,A,A,match,5,TTR:127,valid
TTR,NP_000362.1,127,V,Saimiri boliviensis,XP_010333768.1,3,L,L,match,5,TTR:127,valid
TTR,NP_000362.1,127,V,Saimiri boliviensis,XP_010333768.1,4,L,L,match,5,TTR:127,valid
TTR,NP_000362.1,127,V,Saimiri boliviensis,XP_010333768.1,5,S,S,match,5,TTR:127,valid
TTR,NP_000362.1,127,V,Saimiri boliviensis,XP_010333768.1,6,P,P,match,5,TTR:127,valid
TTR,NP_000362.1,127,V,Saimiri boliviensis,XP_010333768.1,7,Y,Y,match,5,TTR:127,valid
TTR,NP_000362.1,127,V,Saimiri boliviensis,XP_010333768.1,8,S,S,match,5,TTR:127,valid
TTR,NP_000362.1,127,V,Saimiri boliviensis,XP_010333768.1,9,Y,Y,match,5,TTR:127,valid
TTR,NP_000362.1,127,V,Saimiri boliviensis,XP_010333768.1,10,S,S,match,5,TTR:127,valid
TTR,NP_000362.1,127,V,Sapajus apella,XP_032149005.1,-10,A,A,match,5,TTR:127,valid
TTR,NP_000362.1,127,V,Sapajus apella,XP_032149005.1,-9,N,N,match,5,TTR:127,valid
TTR,NP_000362.1,127,V,Sapajus apella,XP_032149005.1,-8,D,E,different,0,TTR:127,valid
TTR,NP_000362.1,127,V,Sapajus apella,XP_032149005.1,-7,S,S,match,5,TTR:127,valid
TTR,NP_000362.1,127,V,Sapajus apella,XP_032149005.1,-6,G,G,match,5,TTR:127,valid
TTR,NP_000362.1,127,V,Sapajus apella,XP_032149005.1,-5,P,P,match,5,TTR:127,valid
TTR,NP_000362.1,127,V,Sapajus apella,XP_032149005.1,-4,R,R,match,5,TTR:127,valid
TTR,NP_000362.1,127,V,Sapajus apella,XP_032149005.1,-3,R,H,different,0,TTR:127,valid
TTR,NP_000362.1,127,V,Sapajus apella,XP_032149005.1,-2,Y,Y,match,5,TTR:127,valid
TTR,NP_000362.1,127,V,Sapajus apella,XP_032149005.1,-1,T,I,different,0,TTR:127,valid
TTR,NP_000362.1,127,V,Sapajus apella,XP_032149005.1,1,A,A,match,5,TTR:127,valid
TTR,NP_000362.1,127,V,Sapajus apella,XP_032149005.1,2,A,A,match,5,TTR:127,valid
TTR,NP_000362.1,127,V,Sapajus apella,XP_032149005.1,3,L,L,match,5,TTR:127,valid
TTR,NP_000362.1,127,V,Sapajus apella,XP_032149005.1,4,L,L,match,5,TTR:127,valid
TTR,NP_000362.1,127,V,Sapajus apella,XP_032149005.1,5,S,S,match,5,TTR:127,valid
TTR,NP_000362.1,127,V,Sapajus apella,XP_032149005.1,6,P,P,match,5,TTR:127,valid
TTR,NP_000362.1,127,V,Sapajus apella,XP_032149005.1,7,Y,Y,match,5,TTR:127,valid
TTR,NP_000362.1,127,V,Sapajus apella,XP_032149005.1,8,S,S,match,5,TTR:127,valid
TTR,NP_000362.1,127,V,Sapajus apella,XP_032149005.1,9,Y,Y,match,5,TTR:127,valid
TTR,NP_000362.1,127,V,Sapajus apella,XP_032149005.1,10,S,S,match,5,TTR:127,valid
TTR,NP_000362.1,127,V,Callithrix jacchus,NP_001254679.1,-10,A,A,match,5,TTR:127,valid
TTR,NP_000362.1,127,V,Callithrix jacchus,NP_001254679.1,-9,N,N,match,5,TTR:127,valid
TTR,NP_000362.1,127,V,Callithrix jacchus,NP_001254679.1,-8,D,D,match,5,TTR:127,valid
TTR,NP_000362.1,127,V,Callithrix jacchus,NP_001254679.1,-7,S,S,match,5,TTR:127,valid
TTR,NP_000362.1,127,V,Callithrix jacchus,NP_001254679.1,-6,G,G,match,5,TTR:127,valid
TTR,NP_000362.1,127,V,Callithrix jacchus,NP_001254679.1,-5,P,P,match,5,TTR:127,valid
TTR,NP_000362.1,127,V,Callithrix jacchus,NP_001254679.1,-4,R,R,match,5,TTR:127,valid
TTR,NP_000362.1,127,V,Callithrix jacchus,NP_001254679.1,-3,R,H,different,0,TTR:127,valid
TTR,NP_000362.1,127,V,Callithrix jacchus,NP_001254679.1,-2,Y,Y,match,5,TTR:127,valid
TTR,NP_000362.1,127,V,Callithrix jacchus,NP_001254679.1,-1,T,I,different,0,TTR:127,valid
TTR,NP_000362.1,127,V,Callithrix jacchus,NP_001254679.1,1,A,A,match,5,TTR:127,valid
TTR,NP_000362.1,127,V,Callithrix jacchus,NP_001254679.1,2,A,A,match,5,TTR:127,valid
TTR,NP_000362.1,127,V,Callithrix jacchus,NP_001254679.1,3,L,L,match,5,TTR:127,valid
TTR,NP_000362.1,127,V,Callithrix jacchus,NP_001254679.1,4,L,L,match,5,TTR:127,valid
TTR,NP_000362.1,127,V,Callithrix jacchus,NP_001254679.1,5,S,S,match,5,TTR:127,valid
TTR,NP_000362.1,127,V,Callithrix jacchus,NP_001254679.1,6,P,P,match,5,TTR:127,valid
TTR,NP_000362.1,127,V,Callithrix jacchus,NP_001254679.1,7,Y,Y,match,5,TTR:127,valid
TTR,NP_000362.1,127,V,Callithrix jacchus,NP_001254679.1,8,S,S,match,5,TTR:127,valid
TTR,NP_000362.1,127,V,Callithrix jacchus,NP_001254679.1,9,Y,Y,match,5,TTR:127,valid
TTR,NP_000362.1,127,V,Callithrix jacchus,NP_001254679.1,10,S,S,match,5,TTR:127,valid
TTR,NP_000362.1,127,V,Aotus nancymaae,XP_012302669.1,-10,A,A,match,5,TTR:127,valid
TTR,NP_000362.1,127,V,Aotus nancymaae,XP_012302669.1,-9,N,N,match,5,TTR:127,valid
TTR,NP_000362.1,127,V,Aotus nancymaae,XP_012302669.1,-8,D,D,match,5,TTR:127,valid
TTR,NP_000362.1,127,V,Aotus nancymaae,XP_012302669.1,-7,S,S,match,5,TTR:127,valid
TTR,NP_000362.1,127,V,Aotus nancymaae,XP_012302669.1,-6,G,G,match,5,TTR:127,valid
TTR,NP_000362.1,127,V,Aotus nancymaae,XP_012302669.1,-5,P,P,match,5,TTR:127,valid
TTR,NP_000362.1,127,V,Aotus nancymaae,XP_012302669.1,-4,R,R,match,5,TTR:127,valid
TTR,NP_000362.1,127,V,Aotus nancymaae,XP_012302669.1,-3,R,H,different,0,TTR:127,valid
TTR,NP_000362.1,127,V,Aotus nancymaae,XP_012302669.1,-2,Y,Y,match,5,TTR:127,valid
TTR,NP_000362.1,127,V,Aotus nancymaae,XP_012302669.1,-1,T,I,different,0,TTR:127,valid
TTR,NP_000362.1,127,V,Aotus nancymaae,XP_012302669.1,1,A,A,match,5,TTR:127,valid
TTR,NP_000362.1,127,V,Aotus nancymaae,XP_012302669.1,2,A,A,match,5,TTR:127,valid
TTR,NP_000362.1,127,V,Aotus nancymaae,XP_012302669.1,3,L,L,match,5,TTR:127,valid
TTR,NP_000362.1,127,V,Aotus nancymaae,XP_012302669.1,4,L,L,match,5,TTR:127,valid
TTR,NP_000362.1,127,V,Aotus nancymaae,XP_012302669.1,5,S,S,match,5,TTR:127,valid
TTR,NP_000362.1,127,V,Aotus nancymaae,XP_012302669.1,6,P,P,match,5,TTR:127,valid
TTR,NP_000362.1,127,V,Aotus nancymaae,XP_012302669.1,7,Y,Y,match,5,TTR:127,valid
TTR,NP_000362.1,127,V,Aotus nancymaae,XP_012302669.1,8,S,S,match,5,TTR:127,valid
TTR,NP_000362.1,127,V,Aotus nancymaae,XP_012302669.1,9,Y,Y,match,5,TTR:127,valid
TTR,NP_000362.1,127,V,Aotus nancymaae,XP_012302669.1,10,S,S,match,5,TTR:127,valid
TTR,NP_000362.1,82,K,Mandrillus leucophaeus,XP_011829762.1,-10,S,S,match,5,TTR:82,valid
TTR,NP_000362.1,82,K,Mandrillus leucophaeus,XP_011829762.1,-9,G,G,match,5,TTR:82,valid
TTR,NP_000362.1,82,K,Mandrillus leucophaeus,XP_011829762.1,-8,E,E,match,5,TTR:82,valid
TTR,NP_000362.1,82,K,Mandrillus leucophaeus,XP_011829762.1,-7,L,L,match,5,TTR:82,valid
TTR,NP_000362.1,82,K,Mandrillus leucophaeus,XP_011829762.1,-6,H,H,match,5,TTR:82,valid
TTR,NP_000362.1,82,K,Mandrillus leucophaeus,XP_011829762.1,-5,G,G,match,5,TTR:82,valid
TTR,NP_000362.1,82,K,Mandrillus leucophaeus,XP_011829762.1,-4,L,L,match,5,TTR:82,valid
TTR,NP_000362.1,82,K,Mandrillus leucophaeus,XP_011829762.1,-3,T,T,match,5,TTR:82,valid
TTR,NP_000362.1,82,K,Mandrillus leucophaeus,XP_011829762.1,-2,T,T,match,5,TTR:82,valid
TTR,NP_000362.1,82,K,Mandrillus leucophaeus,XP_011829762.1,-1,E,E,match,5,TTR:82,valid
TTR,NP_000362.1,82,K,Mandrillus leucophaeus,XP_011829762.1,1,E,E,match,5,TTR:82,valid
TTR,NP_000362.1,82,K,Mandrillus leucophaeus,XP_011829762.1,2,F,F,match,5,TTR:82,valid
TTR,NP_000362.1,82,K,Mandrillus leucophaeus,XP_011829762.1,3,V,V,match,5,TTR:82,valid
TTR,NP_000362.1,82,K,Mandrillus leucophaeus,XP_011829762.1,4,E,E,match,5,TTR:82,valid
TTR,NP_000362.1,82,K,Mandrillus leucophaeus,XP_011829762.1,5,G,G,match,5,TTR:82,valid
TTR,NP_000362.1,82,K,Mandrillus leucophaeus,XP_011829762.1,6,I,I,match,5,TTR:82,valid
TTR,NP_000362.1,82,K,Mandrillus leucophaeus,XP_011829762.1,7,Y,Y,match,5,TTR:82,valid
TTR,NP_000362.1,82,K,Mandrillus leucophaeus,XP_011829762.1,8,K,K,match,5,TTR:82,valid
TTR,NP_000362.1,82,K,Mandrillus leucophaeus,XP_011829762.1,9,V,V,match,5,TTR:82,valid
TTR,NP_000362.1,82,K,Mandrillus leucophaeus,XP_011829762.1,10,E,E,match,5,TTR:82,valid
TTR,NP_000362.1,77,R,Carlito syrichta,XP_008071577.1,-10,G,G,match,5,TTR:77,valid
TTR,NP_000362.1,77,R,Carlito syrichta,XP_008071577.1,-9,K,K,match,5,TTR:77,valid
TTR,NP_000362.1,77,R,Carlito syrichta,XP_008071577.1,-8,T,T,match,5,TTR:77,valid
TTR,NP_000362.1,77,R,Carlito syrichta,XP_008071577.1,-7,S,S,match,5,TTR:77,valid
TTR,NP_000362.1,77,R,Carlito syrichta,XP_008071577.1,-6,E,E,match,5,TTR:77,valid
TTR,NP_000362.1,77,R,Carlito syrichta,XP_008071577.1,-5,S,S,match,5,TTR:77,valid
TTR,NP_000362.1,77,R,Carlito syrichta,XP_008071577.1,-4,G,G,match,5,TTR:77,valid
TTR,NP_000362.1,77,R,Carlito syrichta,XP_008071577.1,-3,E,E,match,5,TTR:77,valid
TTR,NP_000362.1,77,R,Carlito syrichta,XP_008071577.1,-2,L,L,match,5,TTR:77,valid
TTR,NP_000362.1,77,R,Carlito syrichta,XP_008071577.1,-1,H,H,match,5,TTR:77,valid
TTR,NP_000362.1,77,R,Carlito syrichta,XP_008071577.1,1,L,L,match,5,TTR:77,valid
TTR,NP_000362.1,77,R,Carlito syrichta,XP_008071577.1,2,T,T,match,5,TTR:77,valid
TTR,NP_000362.1,77,R,Carlito syrichta,XP_008071577.1,3,T,T,match,5,TTR:77,valid
TTR,NP_000362.1,77,R,Carlito syrichta,XP_008071577.1,4,E,D,different,0,TTR:77,valid
TTR,NP_000362.1,77,R,Carlito syrichta,XP_008071577.1,5,E,E,match,5,TTR:77,valid
TTR,NP_000362.1,77,R,Carlito syrichta,XP_008071577.1,6,E,A,different,0,TTR:77,valid
TTR,NP_000362.1,77,R,Carlito syrichta,XP_008071577.1,7,F,F,match,5,TTR:77,valid
TTR,NP_000362.1,77,R,Carlito syrichta,XP_008071577.1,8,V,V,match,5,TTR:77,valid
TTR,NP_000362.1,77,R,Carlito syrichta,XP_008071577.1,9,E,E,match,5,TTR:77,valid
TTR,NP_000362.1,77,R,Carlito syrichta,XP_008071577.1,10,G,A,different,0,TTR:77,valid
TTR,NP_000362.1,126,I,Saimiri boliviensis,XP_010333768.1,-10,T,A,different,0,TTR:126,valid
TTR,NP_000362.1,126,I,Saimiri boliviensis,XP_010333768.1,-9,A,A,match,5,TTR:126,valid
TTR,NP_000362.1,126,I,Saimiri boliviensis,XP_010333768.1,-8,N,N,match,5,TTR:126,valid
TTR,NP_000362.1,126,I,Saimiri boliviensis,XP_010333768.1,-7,D,E,different,0,TTR:126,valid
TTR,NP_000362.1,126,I,Saimiri boliviensis,XP_010333768.1,-6,S,S,match,5,TTR:126,valid
TTR,NP_000362.1,126,I,Saimiri boliviensis,XP_010333768.1,-5,G,G,match,5,TTR:126,valid
TTR,NP_000362.1,126,I,Saimiri boliviensis,XP_010333768.1,-4,P,P,match,5,TTR:126,valid
TTR,NP_000362.1,126,I,Saimiri boliviensis,XP_010333768.1,-3,R,R,match,5,TTR:126,valid
TTR,NP_000362.1,126,I,Saimiri boliviensis,XP_010333768.1,-2,R,H,different,0,TTR:126,valid
TTR,NP_000362.1,126,I,Saimiri boliviensis,XP_010333768.1,-1,Y,Y,match,5,TTR:126,valid
TTR,NP_000362.1,126,I,Saimiri boliviensis,XP_010333768.1,1,I,V,different,0,TTR:126,valid
TTR,NP_000362.1,126,I,Saimiri boliviensis,XP_010333768.1,2,A,A,match,5,TTR:126,valid
TTR,NP_000362.1,126,I,Saimiri boliviensis,XP_010333768.1,3,A,A,match,5,TTR:126,valid
TTR,NP_000362.1,126,I,Saimiri boliviensis,XP_010333768.1,4,L,L,match,5,TTR:126,valid
TTR,NP_000362.1,126,I,Saimiri boliviensis,XP_010333768.1,5,L,L,match,5,TTR:126,valid
TTR,NP_000362.1,126,I,Saimiri boliviensis,XP_010333768.1,6,S,S,match,5,TTR:126,valid
TTR,NP_000362.1,126,I,Saimiri boliviensis,XP_010333768.1,7,P,P,match,5,TTR:126,valid
TTR,NP_000362.1,126,I,Saimiri boliviensis,XP_010333768.1,8,Y,Y,match,5,TTR:126,valid
TTR,NP_000362.1,126,I,Saimiri boliviensis,XP_010333768.1,9,S,S,match,5,TTR:126,valid
TTR,NP_000362.1,126,I,Saimiri boliviensis,XP_010333768.1,10,Y,Y,match,5,TTR:126,valid
TTR,NP_000362.1,126,I,Sapajus apella,XP_032149005.1,-10,T,A,different,0,TTR:126,valid
TTR,NP_000362.1,126,I,Sapajus apella,XP_032149005.1,-9,A,A,match,5,TTR:126,valid
TTR,NP_000362.1,126,I,Sapajus apella,XP_032149005.1,-8,N,N,match,5,TTR:126,valid
TTR,NP_000362.1,126,I,Sapajus apella,XP_032149005.1,-7,D,E,different,0,TTR:126,valid
TTR,NP_000362.1,126,I,Sapajus apella,XP_032149005.1,-6,S,S,match,5,TTR:126,valid
TTR,NP_000362.1,126,I,Sapajus apella,XP_032149005.1,-5,G,G,match,5,TTR:126,valid
TTR,NP_000362.1,126,I,Sapajus apella,XP_032149005.1,-4,P,P,match,5,TTR:126,valid
TTR,NP_000362.1,126,I,Sapajus apella,XP_032149005.1,-3,R,R,match,5,TTR:126,valid
TTR,NP_000362.1,126,I,Sapajus apella,XP_032149005.1,-2,R,H,different,0,TTR:126,valid
TTR,NP_000362.1,126,I,Sapajus apella,XP_032149005.1,-1,Y,Y,match,5,TTR:126,valid
TTR,NP_000362.1,126,I,Sapajus apella,XP_032149005.1,1,I,V,different,0,TTR:126,valid
TTR,NP_000362.1,126,I,Sapajus apella,XP_032149005.1,2,A,A,match,5,TTR:126,valid
TTR,NP_000362.1,126,I,Sapajus apella,XP_032149005.1,3,A,A,match,5,TTR:126,valid
TTR,NP_000362.1,126,I,Sapajus apella,XP_032149005.1,4,L,L,match,5,TTR:126,valid
TTR,NP_000362.1,126,I,Sapajus apella,XP_032149005.1,5,L,L,match,5,TTR:126,valid
TTR,NP_000362.1,126,I,Sapajus apella,XP_032149005.1,6,S,S,match,5,TTR:126,valid
TTR,NP_000362.1,126,I,Sapajus apella,XP_032149005.1,7,P,P,match,5,TTR:126,valid
TTR,NP_000362.1,126,I,Sapajus apella,XP_032149005.1,8,Y,Y,match,5,TTR:126,valid
TTR,NP_000362.1,126,I,Sapajus apella,XP_032149005.1,9,S,S,match,5,TTR:126,valid
TTR,NP_000362.1,126,I,Sapajus apella,XP_032149005.1,10,Y,Y,match,5,TTR:126,valid
TTR,NP_000362.1,126,I,Callithrix jacchus,NP_001254679.1,-10,T,S,different,0,TTR:126,valid
TTR,NP_000362.1,126,I,Callithrix jacchus,NP_001254679.1,-9,A,A,match,5,TTR:126,valid
TTR,NP_000362.1,126,I,Callithrix jacchus,NP_001254679.1,-8,N,N,match,5,TTR:126,valid
TTR,NP_000362.1,126,I,Callithrix jacchus,NP_001254679.1,-7,D,D,match,5,TTR:126,valid
TTR,NP_000362.1,126,I,Callithrix jacchus,NP_001254679.1,-6,S,S,match,5,TTR:126,valid
TTR,NP_000362.1,126,I,Callithrix jacchus,NP_001254679.1,-5,G,G,match,5,TTR:126,valid
TTR,NP_000362.1,126,I,Callithrix jacchus,NP_001254679.1,-4,P,P,match,5,TTR:126,valid
TTR,NP_000362.1,126,I,Callithrix jacchus,NP_001254679.1,-3,R,R,match,5,TTR:126,valid
TTR,NP_000362.1,126,I,Callithrix jacchus,NP_001254679.1,-2,R,H,different,0,TTR:126,valid
TTR,NP_000362.1,126,I,Callithrix jacchus,NP_001254679.1,-1,Y,Y,match,5,TTR:126,valid
TTR,NP_000362.1,126,I,Callithrix jacchus,NP_001254679.1,1,I,V,different,0,TTR:126,valid
TTR,NP_000362.1,126,I,Callithrix jacchus,NP_001254679.1,2,A,A,match,5,TTR:126,valid
TTR,NP_000362.1,126,I,Callithrix jacchus,NP_001254679.1,3,A,A,match,5,TTR:126,valid
TTR,NP_000362.1,126,I,Callithrix jacchus,NP_001254679.1,4,L,L,match,5,TTR:126,valid
TTR,NP_000362.1,126,I,Callithrix jacchus,NP_001254679.1,5,L,L,match,5,TTR:126,valid
TTR,NP_000362.1,126,I,Callithrix jacchus,NP_001254679.1,6,S,S,match,5,TTR:126,valid
TTR,NP_000362.1,126,I,Callithrix jacchus,NP_001254679.1,7,P,P,match,5,TTR:126,valid
TTR,NP_000362.1,126,I,Callithrix jacchus,NP_001254679.1,8,Y,Y,match,5,TTR:126,valid
TTR,NP_000362.1,126,I,Callithrix jacchus,NP_001254679.1,9,S,S,match,5,TTR:126,valid
TTR,NP_000362.1,126,I,Callithrix jacchus,NP_001254679.1,10,Y,Y,match,5,TTR:126,valid
TTR,NP_000362.1,126,I,Aotus nancymaae,XP_012302669.1,-10,T,T,match,5,TTR:126,valid
TTR,NP_000362.1,126,I,Aotus nancymaae,XP_012302669.1,-9,A,A,match,5,TTR:126,valid
TTR,NP_000362.1,126,I,Aotus nancymaae,XP_012302669.1,-8,N,N,match,5,TTR:126,valid
TTR,NP_000362.1,126,I,Aotus nancymaae,XP_012302669.1,-7,D,D,match,5,TTR:126,valid
TTR,NP_000362.1,126,I,Aotus nancymaae,XP_012302669.1,-6,S,S,match,5,TTR:126,valid
TTR,NP_000362.1,126,I,Aotus nancymaae,XP_012302669.1,-5,G,G,match,5,TTR:126,valid
TTR,NP_000362.1,126,I,Aotus nancymaae,XP_012302669.1,-4,P,P,match,5,TTR:126,valid
TTR,NP_000362.1,126,I,Aotus nancymaae,XP_012302669.1,-3,R,R,match,5,TTR:126,valid
TTR,NP_000362.1,126,I,Aotus nancymaae,XP_012302669.1,-2,R,H,different,0,TTR:126,valid
TTR,NP_000362.1,126,I,Aotus nancymaae,XP_012302669.1,-1,Y,Y,match,5,TTR:126,valid
TTR,NP_000362.1,126,I,Aotus nancymaae,XP_012302669.1,1,I,V,different,0,TTR:126,valid
TTR,NP_000362.1,126,I,Aotus nancymaae,XP_012302669.1,2,A,A,match,5,TTR:126,valid
TTR,NP_000362.1,126,I,Aotus nancymaae,XP_012302669.1,3,A,A,match,5,TTR:126,valid
TTR,NP_000362.1,126,I,Aotus nancymaae,XP_012302669.1,4,L,L,match,5,TTR:126,valid
TTR,NP_000362.1,126,I,Aotus nancymaae,XP_012302669.1,5,L,L,match,5,TTR:126,valid
TTR,NP_000362.1,126,I,Aotus nancymaae,XP_012302669.1,6,S,S,match,5,TTR:126,valid
TTR,NP_000362.1,126,I,Aotus nancymaae,XP_012302669.1,7,P,P,match,5,TTR:126,valid
TTR,NP_000362.1,126,I,Aotus nancymaae,XP_012302669.1,8,Y,Y,match,5,TTR:126,valid
TTR,NP_000362.1,126,I,Aotus nancymaae,XP_012302669.1,9,S,S,match,5,TTR:126,valid
TTR,NP_000362.1,126,I,Aotus nancymaae,XP_012302669.1,10,Y,Y,match,5,TTR:126,valid
USH2A,NP_996816.3,3719,C,Cercocebus atys,XP_011896095.1,-10,N,N,match,5,USH2A:3719,valid
USH2A,NP_996816.3,3719,C,Cercocebus atys,XP_011896095.1,-9,G,G,match,5,USH2A:3719,valid
USH2A,NP_996816.3,3719,C,Cercocebus atys,XP_011896095.1,-8,L,L,match,5,USH2A:3719,valid
USH2A,NP_996816.3,3719,C,Cercocebus atys,XP_011896095.1,-7,V,I,different,0,USH2A:3719,valid
USH2A,NP_996816.3,3719,C,Cercocebus atys,XP_011896095.1,-6,S,S,match,5,USH2A:3719,valid
USH2A,NP_996816.3,3719,C,Cercocebus atys,XP_011896095.1,-5,Q,Q,match,5,USH2A:3719,valid
USH2A,NP_996816.3,3719,C,Cercocebus atys,XP_011896095.1,-4,Y,Y,match,5,USH2A:3719,valid
USH2A,NP_996816.3,3719,C,Cercocebus atys,XP_011896095.1,-3,Q,Q,match,5,USH2A:3719,valid
USH2A,NP_996816.3,3719,C,Cercocebus atys,XP_011896095.1,-2,L,L,match,5,USH2A:3719,valid
USH2A,NP_996816.3,3719,C,Cercocebus atys,XP_011896095.1,-1,S,S,match,5,USH2A:3719,valid
USH2A,NP_996816.3,3719,C,Cercocebus atys,XP_011896095.1,1,N,N,match,5,USH2A:3719,valid
USH2A,NP_996816.3,3719,C,Cercocebus atys,XP_011896095.1,2,G,G,match,5,USH2A:3719,valid
USH2A,NP_996816.3,3719,C,Cercocebus atys,XP_011896095.1,3,N,N,match,5,USH2A:3719,valid
USH2A,NP_996816.3,3719,C,Cercocebus atys,XP_011896095.1,4,L,L,match,5,USH2A:3719,valid
USH2A,NP_996816.3,3719,C,Cercocebus atys,XP_011896095.1,5,L,L,match,5,USH2A:3719,valid
USH2A,NP_996816.3,3719,C,Cercocebus atys,XP_011896095.1,6,F,F,match,5,USH2A:3719,valid
USH2A,NP_996816.3,3719,C,Cercocebus atys,XP_011896095.1,7,L,L,match,5,USH2A:3719,valid
USH2A,NP_996816.3,3719,C,Cercocebus atys,XP_011896095.1,8,G,G,match,5,USH2A:3719,valid
USH2A,NP_996816.3,3719,C,Cercocebus atys,XP_011896095.1,9,G,G,match,5,USH2A:3719,valid
USH2A,NP_996816.3,3719,C,Cercocebus atys,XP_011896095.1,10,S,S,match,5,USH2A:3719,valid
VHL,NP_000542.1,151,L,Pan paniscus,XP_024783971.1,-10,N,-,gap,-5,VHL:151,invalid
VHL,NP_000542.1,151,L,Pan paniscus,XP_024783971.1,-9,V,M,different,0,VHL:151,invalid
VHL,NP_000542.1,151,L,Pan paniscus,XP_024783971.1,-8,D,E,different,0,VHL:151,invalid
VHL,NP_000542.1,151,L,Pan paniscus,XP_024783971.1,-7,G,N,different,0,VHL:151,invalid
VHL,NP_000542.1,151,L,Pan paniscus,XP_024783971.1,-6,Q,T,different,0,VHL:151,invalid
VHL,NP_000542.1,151,L,Pan paniscus,XP_024783971.1,-5,P,F,different,0,VHL:151,invalid
VHL,NP_000542.1,151,L,Pan paniscus,XP_024783971.1,-4,I,L,different,0,VHL:151,invalid
VHL,NP_000542.1,151,L,Pan paniscus,XP_024783971.1,-3,F,L,different,0,VHL:151,invalid
VHL,NP_000542.1,151,L,Pan paniscus,XP_024783971.1,-2,A,G,different,0,VHL:151,invalid
VHL,NP_000542.1,151,L,Pan paniscus,XP_024783971.1,-1,N,R,different,0,VHL:151,invalid
VHL,NP_000542.1,151,L,Pan paniscus,XP_024783971.1,1,T,T,match,5,VHL:151,invalid
VHL,NP_000542.1,151,L,Pan paniscus,XP_024783971.1,2,L,D,different,0,VHL:151,invalid
VHL,NP_000542.1,151,L,Pan paniscus,XP_024783971.1,3,P,A,different,0,VHL:151,invalid
VHL,NP_000542.1,151,L,Pan paniscus,XP_024783971.1,4,V,K,different,0,VHL:151,invalid
VHL,NP_000542.1,151,L,Pan paniscus,XP_024783971.1,5,Y,T,different,0,VHL:151,invalid
VHL,NP_000542.1,151,L,Pan paniscus,XP_024783971.1,6,T,G,different,0,VHL:151,invalid
VHL,NP_000542.1,151,L,Pan paniscus,XP_024783971.1,7,L,T,different,0,VHL:151,invalid
VHL,NP_000542.1,151,L,Pan paniscus,XP_024783971.1,8,K,S,different,0,VHL:151,invalid
VHL,NP_000542.1,151,L,Pan paniscus,XP_024783971.1,9,E,Q,different,0,VHL:151,invalid
VHL,NP_000542.1,151,L,Pan paniscus,XP_024783971.1,10,R,G,different,0,VHL:151,invalid
VHL,NP_000542.1,132,P,Pan paniscus,XP_024783971.1,-10,A,-,gap,-5,VHL:132,invalid
VHL,NP_000542.1,132,P,Pan paniscus,XP_024783971.1,-9,G,-,gap,-5,VHL:132,invalid
VHL,NP_000542.1,132,P,Pan paniscus,XP_024783971.1,-8,T,-,gap,-5,VHL:132,invalid
VHL,NP_000542.1,132,P,Pan paniscus,XP_024783971.1,-7,H,-,gap,-5,VHL:132,invalid
VHL,NP_000542.1,132,P,Pan paniscus,XP_024783971.1,-6,D,-,gap,-5,VHL:132,invalid
VHL,NP_000542.1,132,P,Pan paniscus,XP_024783971.1,-5,G,-,gap,-5,VHL:132,invalid
VHL,NP_000542.1,132,P,Pan paniscus,XP_024783971.1,-4,L,V,different,0,VHL:132,invalid
VHL,NP_000542.1,132,P,Pan paniscus,XP_024783971.1,-3,L,L,match,5,VHL:132,invalid
VHL,NP_000542.1,132,P,Pan paniscus,XP_024783971.1,-2,V,M,different,0,VHL:132,invalid
VHL,NP_000542.1,132,P,Pan paniscus,XP_024783971.1,-1,N,T,different,0,VHL:132,invalid
VHL,NP_000542.1,132,P,Pan paniscus,XP_024783971.1,1,T,V,different,0,VHL:132,invalid
VHL,NP_000542.1,132,P,Pan paniscus,XP_024783971.1,2,E,G,different,0,VHL:132,invalid
VHL,NP_000542.1,132,P,Pan paniscus,XP_024783971.1,3,L,Q,different,0,VHL:132,invalid
VHL,NP_000542.1,132,P,Pan paniscus,XP_024783971.1,4,F,F,match,5,VHL:132,invalid
VHL,NP_000542.1,132,P,Pan paniscus,XP_024783971.1,5,-,C,gap,-5,VHL:132,invalid
VHL,NP_000542.1,132,P,Pan paniscus,XP_024783971.1,6,-,V,gap,-5,VHL:132,invalid
VHL,NP_000542.1,132,P,Pan paniscus,XP_024783971.1,7,V,V,match,5,VHL:132,invalid
VHL,NP_000542.1,132,P,Pan paniscus,XP_024783971.1,8,P,P,match,5,VHL:132,invalid
VHL,NP_000542.1,132,P,Pan paniscus,XP_024783971.1,9,S,A,different,0,VHL:132,invalid
VHL,NP_000542.1,132,P,Pan paniscus,XP_024783971.1,10,L,L,match,5,VHL:132,invalid
VHL,NP_000542.1,154,A,Pan paniscus,XP_024783971.1,-10,G,N,different,0,VHL:154,invalid
VHL,NP_000542.1,154,A,Pan paniscus,XP_024783971.1,-9,Q,T,different,0,VHL:154,invalid
VHL,NP_000542.1,154,A,Pan paniscus,XP_024783971.1,-8,P,F,different,0,VHL:154,invalid
VHL,NP_000542.1,154,A,Pan paniscus,XP_024783971.1,-7,I,L,different,0,VHL:154,invalid
VHL,NP_000542.1,154,A,Pan paniscus,XP_024783971.1,-6,F,L,different,0,VHL:154,invalid
VHL,NP_000542.1,154,A,Pan paniscus,XP_024783971.1,-5,A,G,different,0,VHL:154,invalid
VHL,NP_000542.1,154,A,Pan paniscus,XP_024783971.1,-4,N,R,different,0,VHL:154,invalid
VHL,NP_000542.1,154,A,Pan paniscus,XP_024783971.1,-3,I,L,different,0,VHL:154,invalid
VHL,NP_000542.1,154,A,Pan paniscus,XP_024783971.1,-2,T,T,match,5,VHL:154,invalid
VHL,NP_000542.1,154,A,Pan paniscus,XP_024783971.1,-1,L,D,different,0,VHL:154,invalid
VHL,NP_000542.1,154,A,Pan paniscus,XP_024783971.1,1,V,K,different,0,VHL:154,invalid
VHL,NP_000542.1,154,A,Pan paniscus,XP_024783971.1,2,Y,T,different,0,VHL:154,invalid
VHL,NP_000542.1,154,A,Pan paniscus,XP_024783971.1,3,T,G,different,0,VHL:154,invalid
VHL,NP_000542.1,154,A,Pan paniscus,XP_024783971.1,4,L,T,different,0,VHL:154,invalid
VHL,NP_000542.1,154,A,Pan paniscus,XP_024783971.1,5,K,S,different,0,VHL:154,invalid
VHL,NP_000542.1,154,A,Pan paniscus,XP_024783971.1,6,E,Q,different,0,VHL:154,invalid
VHL,NP_000542.1,154,A,Pan paniscus,XP_024783971.1,7,R,G,different,0,VHL:154,invalid
VHL,NP_000542.1,154,A,Pan paniscus,XP_024783971.1,8,C,H,different,0,VHL:154,invalid
VHL,NP_000542.1,154,A,Pan paniscus,XP_024783971.1,9,L,V,different,0,VHL:154,invalid
VHL,NP_000542.1,154,A,Pan paniscus,XP_024783971.1,10,Q,G,different,0,VHL:154,invalid
VHL,NP_000542.1,114,S,Carlito syrichta,XP_008057847.1,-10,G,-,gap,-5,VHL:114,invalid
VHL,NP_000542.1,114,S,Carlito syrichta,XP_008057847.1,-9,T,-,gap,-5,VHL:114,invalid
VHL,NP_000542.1,114,S,Carlito syrichta,XP_008057847.1,-8,G,-,gap,-5,VHL:114,invalid
VHL,NP_000542.1,114,S,Carlito syrichta,XP_008057847.1,-7,R,-,gap,-5,VHL:114,invalid
VHL,NP_000542.1,114,S,Carlito syrichta,XP_008057847.1,-6,R,-,gap,-5,VHL:114,invalid
VHL,NP_000542.1,114,S,Carlito syrichta,XP_008057847.1,-5,I,-,gap,-5,VHL:114,invalid
VHL,NP_000542.1,114,S,Carlito syrichta,XP_008057847.1,-4,H,M,different,0,VHL:114,invalid
VHL,NP_000542.1,114,S,Carlito syrichta,XP_008057847.1,-3,S,D,different,0,VHL:114,invalid
VHL,NP_000542.1,114,S,Carlito syrichta,XP_008057847.1,-2,Y,L,different,0,VHL:114,invalid
VHL,NP_000542.1,114,S,Carlito syrichta,XP_008057847.1,-1,R,R,match,5,VHL:114,invalid
VHL,NP_000542.1,114,S,Carlito syrichta,XP_008057847.1,1,H,H,match,5,VHL:114,invalid
VHL,NP_000542.1,114,S,Carlito syrichta,XP_008057847.1,2,L,L,match,5,VHL:114,invalid
VHL,NP_000542.1,114,S,Carlito syrichta,XP_008057847.1,3,W,W,match,5,VHL:114,invalid
VHL,NP_000542.1,114,S,Carlito syrichta,XP_008057847.1,4,L,L,match,5,VHL:114,invalid
VHL,NP_000542.1,114,S,Carlito syrichta,XP_008057847.1,5,F,F,match,5,VHL:114,invalid
VHL,NP_000542.1,114,S,Carlito syrichta,XP_008057847.1,6,R,R,match,5,VHL:114,invalid
VHL,NP_000542.1,114,S,Carlito syrichta,XP_008057847.1,7,D,D,match,5,VHL:114,invalid
VHL,NP_000542.1,114,S,Carlito syrichta,XP_008057847.1,8,A,A,match,5,VHL:114,invalid
VHL,NP_000542.1,114,S,Carlito syrichta,XP_008057847.1,9,G,G,match,5,VHL:114,invalid
VHL,NP_000542.1,114,S,Carlito syrichta,XP_008057847.1,10,T,T,match,5,VHL:114,invalid
VHL,NP_000542.1,161,G,Pan paniscus,XP_024783971.1,-10,I,L,different,0,VHL:161,invalid
VHL,NP_000542.1,161,G,Pan paniscus,XP_024783971.1,-9,T,T,match,5,VHL:161,invalid
VHL,NP_000542.1,161,G,Pan paniscus,XP_024783971.1,-8,L,D,different,0,VHL:161,invalid
VHL,NP_000542.1,161,G,Pan paniscus,XP_024783971.1,-7,P,A,different,0,VHL:161,invalid
VHL,NP_000542.1,161,G,Pan paniscus,XP_024783971.1,-6,V,K,different,0,VHL:161,invalid
VHL,NP_000542.1,161,G,Pan paniscus,XP_024783971.1,-5,Y,T,different,0,VHL:161,invalid
VHL,NP_000542.1,161,G,Pan paniscus,XP_024783971.1,-4,T,G,different,0,VHL:161,invalid
VHL,NP_000542.1,161,G,Pan paniscus,XP_024783971.1,-3,L,T,different,0,VHL:161,invalid
VHL,NP_000542.1,161,G,Pan paniscus,XP_024783971.1,-2,K,S,different,0,VHL:161,invalid
VHL,NP_000542.1,161,G,Pan paniscus,XP_024783971.1,-1,E,Q,different,0,VHL:161,invalid
VHL,NP_000542.1,161,G,Pan paniscus,XP_024783971.1,1,C,H,different,0,VHL:161,invalid
VHL,NP_000542.1,161,G,Pan paniscus,XP_024783971.1,2,L,V,different,0,VHL:161,invalid
VHL,NP_000542.1,161,G,Pan paniscus,XP_024783971.1,3,Q,G,different,0,VHL:161,invalid
VHL,NP_000542.1,161,G,Pan paniscus,XP_024783971.1,4,V,A,different,0,VHL:161,invalid
VHL,NP_000542.1,161,G,Pan paniscus,XP_024783971.1,5,V,G,different,0,VHL:161,invalid
VHL,NP_000542.1,161,G,Pan paniscus,XP_024783971.1,6,R,R,match,5,VHL:161,invalid
VHL,NP_000542.1,161,G,Pan paniscus,XP_024783971.1,7,-,A,gap,-5,VHL:161,invalid
VHL,NP_000542.1,161,G,Pan paniscus,XP_024783971.1,8,-,D,gap,-5,VHL:161,invalid
VHL,NP_000542.1,161,G,Pan paniscus,XP_024783971.1,9,-,H,gap,-5,VHL:161,invalid
VHL,NP_000542.1,161,G,Pan paniscus,XP_024783971.1,10,-,V,gap,-5,VHL:161,invalid
VHL,NP_000542.1,170,L,Pan paniscus,XP_024783971.1,-10,-,D,gap,-5,VHL:170,invalid
VHL,NP_000542.1,170,L,Pan paniscus,XP_024783971.1,-9,-,H,gap,-5,VHL:170,invalid
VHL,NP_000542.1,170,L,Pan paniscus,XP_024783971.1,-8,-,V,gap,-5,VHL:170,invalid
VHL,NP_000542.1,170,L,Pan paniscus,XP_024783971.1,-7,-,W,gap,-5,VHL:170,invalid
VHL,NP_000542.1,170,L,Pan paniscus,XP_024783971.1,-6,-,H,gap,-5,VHL:170,invalid
VHL,NP_000542.1,170,L,Pan paniscus,XP_024783971.1,-5,-,G,gap,-5,VHL:170,invalid
VHL,NP_000542.1,170,L,Pan paniscus,XP_024783971.1,-4,-,K,gap,-5,VHL:170,invalid
VHL,NP_000542.1,170,L,Pan paniscus,XP_024783971.1,-3,-,L,gap,-5,VHL:170,invalid
VHL,NP_000542.1,170,L,Pan paniscus,XP_024783971.1,-2,S,T,different,0,VHL:170,invalid
VHL,NP_000542.1,170,L,Pan paniscus,XP_024783971.1,-1,L,Y,different,0,VHL:170,invalid
VHL,NP_000542.1,170,L,Pan paniscus,XP_024783971.1,1,K,P,different,0,VHL:170,invalid
VHL,NP_000542.1,170,L,Pan paniscus,XP_024783971.1,2,P,A,different,0,VHL:170,invalid
VHL,NP_000542.1,170,L,Pan paniscus,XP_024783971.1,3,E,G,different,0,VHL:170,invalid
VHL,NP_000542.1,170,L,Pan paniscus,XP_024783971.1,4,N,R,different,0,VHL:170,invalid
VHL,NP_000542.1,170,L,Pan paniscus,XP_024783971.1,5,Y,W,different,0,VHL:170,invalid
VHL,NP_000542.1,170,L,Pan paniscus,XP_024783971.1,6,R,R,match,5,VHL:170,invalid
VHL,NP_000542.1,170,L,Pan paniscus,XP_024783971.1,7,R,G,different,0,VHL:170,invalid
VHL,NP_000542.1,170,L,Pan paniscus,XP_024783971.1,8,L,C,different,0,VHL:170,invalid
VHL,NP_000542.1,170,L,Pan paniscus,XP_024783971.1,9,D,G,different,0,VHL:170,invalid
VHL,NP_000542.1,170,L,Pan paniscus,XP_024783971.1,10,I,C,different,0,VHL:170,invalid
VWF,NP_000543.3,528,S,Carlito syrichta,XP_021573487.1,-10,C,S,different,0,VWF:528,invalid
VWF,NP_000543.3,528,S,Carlito syrichta,XP_021573487.1,-9,G,G,match,5,VWF:528,invalid
VWF,NP_000543.3,528,S,Carlito syrichta,XP_021573487.1,-8,N,S,different,0,VWF:528,invalid
VWF,NP_000543.3,528,S,Carlito syrichta,XP_021573487.1,-7,-,P,gap,-5,VWF:528,invalid
VWF,NP_000543.3,528,S,Carlito syrichta,XP_021573487.1,-6,-,H,gap,-5,VWF:528,invalid
VWF,NP_000543.3,528,S,Carlito syrichta,XP_021573487.1,-5,-,S,gap,-5,VWF:528,invalid
VWF,NP_000543.3,528,S,Carlito syrichta,XP_021573487.1,-4,-,L,gap,-5,VWF:528,invalid
VWF,NP_000543.3,528,S,Carlito syrichta,XP_021573487.1,-3,-,K,gap,-5,VWF:528,invalid
VWF,NP_000543.3,528,S,Carlito syrichta,XP_021573487.1,-2,-,A,gap,-5,VWF:528,invalid
VWF,NP_000543.3,528,S,Carlito syrichta,XP_021573487.1,-1,Y,Y,match,5,VWF:528,invalid
VWF,NP_000543.3,528,S,Carlito syrichta,XP_021573487.1,1,G,G,match,5,VWF:528,invalid
VWF,NP_000543.3,528,S,Carlito syrichta,XP_021573487.1,2,N,P,different,0,VWF:528,invalid
VWF,NP_000543.3,528,S,Carlito syrichta,XP_021573487.1,3,Q,Q,match,5,VWF:528,invalid
VWF,NP_000543.3,528,S,Carlito syrichta,XP_021573487.1,4,-,D,gap,-5,VWF:528,invalid
VWF,NP_000543.3,528,S,Carlito syrichta,XP_021573487.1,5,-,V,gap,-5,VWF:528,invalid
VWF,NP_000543.3,528,S,Carlito syrichta,XP_021573487.1,6,-,G,gap,-5,VWF:528,invalid
VWF,NP_000543.3,528,S,Carlito syrichta,XP_021573487.1,7,-,T,gap,-5,VWF:528,invalid
VWF,NP_000543.3,528,S,Carlito syrichta,XP_021573487.1,8,G,G,match,5,VWF:528,invalid
VWF,NP_000543.3,528,S,Carlito syrichta,XP_021573487.1,9,D,T,different,0,VWF:528,invalid
VWF,NP_000543.3,528,S,Carlito syrichta,XP_021573487.1,10,D,R,different,0,VWF:528,invalid
WT1,NP_077744.4,341,G,Carlito syrichta,XP_021562474.1,-10,V,V,match,5,WT1:341,valid
WT1,NP_077744.4,341,G,Carlito syrichta,XP_021562474.1,-9,K,K,match,5,WT1:341,valid
WT1,NP_077744.4,341,G,Carlito syrichta,XP_021562474.1,-8,W,W,match,5,WT1:341,valid
WT1,NP_077744.4,341,G,Carlito syrichta,XP_021562474.1,-7,T,T,match,5,WT1:341,valid
WT1,NP_077744.4,341,G,Carlito syrichta,XP_021562474.1,-6,E,E,match,5,WT1:341,valid
WT1,NP_077744.4,341,G,Carlito syrichta,XP_021562474.1,-5,G,G,match,5,WT1:341,valid
WT1,NP_077744.4,341,G,Carlito syrichta,XP_021562474.1,-4,Q,Q,match,5,WT1:341,valid
WT1,NP_077744.4,341,G,Carlito syrichta,XP_021562474.1,-3,S,S,match,5,WT1:341,valid
WT1,NP_077744.4,341,G,Carlito syrichta,XP_021562474.1,-2,N,N,match,5,WT1:341,valid
WT1,NP_077744.4,341,G,Carlito syrichta,XP_021562474.1,-1,H,H,match,5,WT1:341,valid
WT1,NP_077744.4,341,G,Carlito syrichta,XP_021562474.1,1,T,A,different,0,WT1:341,valid
WT1,NP_077744.4,341,G,Carlito syrichta,XP_021562474.1,2,G,G,match,5,WT1:341,valid
WT1,NP_077744.4,341,G,Carlito syrichta,XP_021562474.1,3,Y,Y,match,5,WT1:341,valid
WT1,NP_077744.4,341,G,Carlito syrichta,XP_021562474.1,4,E,E,match,5,WT1:341,valid
WT1,NP_077744.4,341,G,Carlito syrichta,XP_021562474.1,5,S,S,match,5,WT1:341,valid
WT1,NP_077744.4,341,G,Carlito syrichta,XP_021562474.1,6,D,D,match,5,WT1:341,valid
WT1,NP_077744.4,341,G,Carlito syrichta,XP_021562474.1,7,N,N,match,5,WT1:341,valid
WT1,NP_077744.4,341,G,Carlito syrichta,XP_021562474.1,8,H,H,match,5,WT1:341,valid
WT1,NP_077744.4,341,G,Carlito syrichta,XP_021562474.1,9,T,T,match,5,WT1:341,valid
WT1,NP_077744.4,341,G,Carlito syrichta,XP_021562474.1,10,T,T,match,5,WT1:341,valid
WT1,NP_077744.4,341,G,Callithrix jacchus,XP_009006128.2,-10,V,V,match,5,WT1:341,valid
WT1,NP_077744.4,341,G,Callithrix jacchus,XP_009006128.2,-9,K,K,match,5,WT1:341,valid
WT1,NP_077744.4,341,G,Callithrix jacchus,XP_009006128.2,-8,W,W,match,5,WT1:341,valid
WT1,NP_077744.4,341,G,Callithrix jacchus,XP_009006128.2,-7,T,T,match,5,WT1:341,valid
WT1,NP_077744.4,341,G,Callithrix jacchus,XP_009006128.2,-6,E,E,match,5,WT1:341,valid
WT1,NP_077744.4,341,G,Callithrix jacchus,XP_009006128.2,-5,G,G,match,5,WT1:341,valid
WT1,NP_077744.4,341,G,Callithrix jacchus,XP_009006128.2,-4,Q,Q,match,5,WT1:341,valid
WT1,NP_077744.4,341,G,Callithrix jacchus,XP_009006128.2,-3,S,S,match,5,WT1:341,valid
WT1,NP_077744.4,341,G,Callithrix jacchus,XP_009006128.2,-2,N,N,match,5,WT1:341,valid
WT1,NP_077744.4,341,G,Callithrix jacchus,XP_009006128.2,-1,H,H,match,5,WT1:341,valid
WT1,NP_077744.4,341,G,Callithrix jacchus,XP_009006128.2,1,T,T,match,5,WT1:341,valid
WT1,NP_077744.4,341,G,Callithrix jacchus,XP_009006128.2,2,G,G,match,5,WT1:341,valid
WT1,NP_077744.4,341,G,Callithrix jacchus,XP_009006128.2,3,Y,Y,match,5,WT1:341,valid
WT1,NP_077744.4,341,G,Callithrix jacchus,XP_009006128.2,4,E,E,match,5,WT1:341,valid
WT1,NP_077744.4,341,G,Callithrix jacchus,XP_009006128.2,5,S,S,match,5,WT1:341,valid
WT1,NP_077744.4,341,G,Callithrix jacchus,XP_009006128.2,6,D,E,different,0,WT1:341,valid
WT1,NP_077744.4,341,G,Callithrix jacchus,XP_009006128.2,7,N,N,match,5,WT1:341,valid
WT1,NP_077744.4,341,G,Callithrix jacchus,XP_009006128.2,8,H,H,match,5,WT1:341,valid
WT1,NP_077744.4,341,G,Callithrix jacchus,XP_009006128.2,9,T,T,match,5,WT1:341,valid
WT1,NP_077744.4,341,G,Callithrix jacchus,XP_009006128.2,10,T,T,match,5,WT1:341,valid
WT1,NP_077744.4,341,G,Otolemur garnettii,XP_012656774.1,-10,V,V,match,5,WT1:341,valid
WT1,NP_077744.4,341,G,Otolemur garnettii,XP_012656774.1,-9,K,K,match,5,WT1:341,valid
WT1,NP_077744.4,341,G,Otolemur garnettii,XP_012656774.1,-8,W,W,match,5,WT1:341,valid
WT1,NP_077744.4,341,G,Otolemur garnettii,XP_012656774.1,-7,T,T,match,5,WT1:341,valid
WT1,NP_077744.4,341,G,Otolemur garnettii,XP_012656774.1,-6,E,E,match,5,WT1:341,valid
WT1,NP_077744.4,341,G,Otolemur garnettii,XP_012656774.1,-5,G,G,match,5,WT1:341,valid
WT1,NP_077744.4,341,G,Otolemur garnettii,XP_012656774.1,-4,Q,Q,match,5,WT1:341,valid
WT1,NP_077744.4,341,G,Otolemur garnettii,XP_012656774.1,-3,S,S,match,5,WT1:341,valid
WT1,NP_077744.4,341,G,Otolemur garnettii,XP_012656774.1,-2,N,N,match,5,WT1:341,valid
WT1,NP_077744.4,341,G,Otolemur garnettii,XP_012656774.1,-1,H,H,match,5,WT1:341,valid
WT1,NP_077744.4,341,G,Otolemur garnettii,XP_012656774.1,1,T,T,match,5,WT1:341,valid
WT1,NP_077744.4,341,G,Otolemur garnettii,XP_012656774.1,2,G,G,match,5,WT1:341,valid
WT1,NP_077744.4,341,G,Otolemur garnettii,XP_012656774.1,3,Y,Y,match,5,WT1:341,valid
WT1,NP_077744.4,341,G,Otolemur garnettii,XP_012656774.1,4,E,E,match,5,WT1:341,valid
WT1,NP_077744.4,341,G,Otolemur garnettii,XP_012656774.1,5,S,S,match,5,WT1:341,valid
WT1,NP_077744.4,341,G,Otolemur garnettii,XP_012656774.1,6,D,D,match,5,WT1:341,valid
WT1,NP_077744.4,341,G,Otolemur garnettii,XP_012656774.1,7,N,N,match,5,WT1:341,valid
WT1,NP_077744.4,341,G,Otolemur garnettii,XP_012656774.1,8,H,H,match,5,WT1:341,valid
WT1,NP_077744.4,341,G,Otolemur garnettii,XP_012656774.1,9,T,T,match,5,WT1:341,valid
WT1,NP_077744.4,341,G,Otolemur garnettii,XP_012656774.1,10,T,T,match,5,WT1:341,valid
WT1,NP_077744.4,341,G,Nycticebus coucang,XP_053418132.1,-10,V,V,match,5,WT1:341,valid
WT1,NP_077744.4,341,G,Nycticebus coucang,XP_053418132.1,-9,K,K,match,5,WT1:341,valid
WT1,NP_077744.4,341,G,Nycticebus coucang,XP_053418132.1,-8,W,W,match,5,WT1:341,valid
WT1,NP_077744.4,341,G,Nycticebus coucang,XP_053418132.1,-7,T,T,match,5,WT1:341,valid
WT1,NP_077744.4,341,G,Nycticebus coucang,XP_053418132.1,-6,E,E,match,5,WT1:341,valid
WT1,NP_077744.4,341,G,Nycticebus coucang,XP_053418132.1,-5,G,G,match,5,WT1:341,valid
WT1,NP_077744.4,341,G,Nycticebus coucang,XP_053418132.1,-4,Q,Q,match,5,WT1:341,valid
WT1,NP_077744.4,341,G,Nycticebus coucang,XP_053418132.1,-3,S,S,match,5,WT1:341,valid
WT1,NP_077744.4,341,G,Nycticebus coucang,XP_053418132.1,-2,N,N,match,5,WT1:341,valid
WT1,NP_077744.4,341,G,Nycticebus coucang,XP_053418132.1,-1,H,H,match,5,WT1:341,valid
WT1,NP_077744.4,341,G,Nycticebus coucang,XP_053418132.1,1,T,T,match,5,WT1:341,valid
WT1,NP_077744.4,341,G,Nycticebus coucang,XP_053418132.1,2,G,G,match,5,WT1:341,valid
WT1,NP_077744.4,341,G,Nycticebus coucang,XP_053418132.1,3,Y,Y,match,5,WT1:341,valid
WT1,NP_077744.4,341,G,Nycticebus coucang,XP_053418132.1,4,E,E,match,5,WT1:341,valid
WT1,NP_077744.4,341,G,Nycticebus coucang,XP_053418132.1,5,S,S,match,5,WT1:341,valid
WT1,NP_077744.4,341,G,Nycticebus coucang,XP_053418132.1,6,D,D,match,5,WT1:341,valid
WT1,NP_077744.4,341,G,Nycticebus coucang,XP_053418132.1,7,N,S,different,0,WT1:341,valid
WT1,NP_077744.4,341,G,Nycticebus coucang,XP_053418132.1,8,H,H,match,5,WT1:341,valid
WT1,NP_077744.4,341,G,Nycticebus coucang,XP_053418132.1,9,T,T,match,5,WT1:341,valid
WT1,NP_077744.4,341,G,Nycticebus coucang,XP_053418132.1,10,T,T,match,5,WT1:341,valid
WT1,NP_077744.4,341,G,Sapajus apella,XP_032139544.1,-10,V,V,match,5,WT1:341,valid
WT1,NP_077744.4,341,G,Sapajus apella,XP_032139544.1,-9,K,K,match,5,WT1:341,valid
WT1,NP_077744.4,341,G,Sapajus apella,XP_032139544.1,-8,W,W,match,5,WT1:341,valid
WT1,NP_077744.4,341,G,Sapajus apella,XP_032139544.1,-7,T,T,match,5,WT1:341,valid
WT1,NP_077744.4,341,G,Sapajus apella,XP_032139544.1,-6,E,E,match,5,WT1:341,valid
WT1,NP_077744.4,341,G,Sapajus apella,XP_032139544.1,-5,G,G,match,5,WT1:341,valid
WT1,NP_077744.4,341,G,Sapajus apella,XP_032139544.1,-4,Q,Q,match,5,WT1:341,valid
WT1,NP_077744.4,341,G,Sapajus apella,XP_032139544.1,-3,S,S,match,5,WT1:341,valid
WT1,NP_077744.4,341,G,Sapajus apella,XP_032139544.1,-2,N,N,match,5,WT1:341,valid
WT1,NP_077744.4,341,G,Sapajus apella,XP_032139544.1,-1,H,H,match,5,WT1:341,valid
WT1,NP_077744.4,341,G,Sapajus apella,XP_032139544.1,1,T,T,match,5,WT1:341,valid
WT1,NP_077744.4,341,G,Sapajus apella,XP_032139544.1,2,G,G,match,5,WT1:341,valid
WT1,NP_077744.4,341,G,Sapajus apella,XP_032139544.1,3,Y,Y,match,5,WT1:341,valid
WT1,NP_077744.4,341,G,Sapajus apella,XP_032139544.1,4,E,E,match,5,WT1:341,valid
WT1,NP_077744.4,341,G,Sapajus apella,XP_032139544.1,5,S,S,match,5,WT1:341,valid
WT1,NP_077744.4,341,G,Sapajus apella,XP_032139544.1,6,D,D,match,5,WT1:341,valid
WT1,NP_077744.4,341,G,Sapajus apella,XP_032139544.1,7,N,N,match,5,WT1:341,valid
WT1,NP_077744.4,341,G,Sapajus apella,XP_032139544.1,8,H,H,match,5,WT1:341,valid
WT1,NP_077744.4,341,G,Sapajus apella,XP_032139544.1,9,T,T,match,5,WT1:341,valid
WT1,NP_077744.4,341,G,Sapajus apella,XP_032139544.1,10,T,T,match,5,WT1:341,valid
WT1,NP_077744.4,341,G,Saimiri boliviensis,XP_039326885.1,-10,V,V,match,5,WT1:341,valid
WT1,NP_077744.4,341,G,Saimiri boliviensis,XP_039326885.1,-9,K,K,match,5,WT1:341,valid
WT1,NP_077744.4,341,G,Saimiri boliviensis,XP_039326885.1,-8,W,W,match,5,WT1:341,valid
WT1,NP_077744.4,341,G,Saimiri boliviensis,XP_039326885.1,-7,T,T,match,5,WT1:341,valid
WT1,NP_077744.4,341,G,Saimiri boliviensis,XP_039326885.1,-6,E,E,match,5,WT1:341,valid
WT1,NP_077744.4,341,G,Saimiri boliviensis,XP_039326885.1,-5,G,G,match,5,WT1:341,valid
WT1,NP_077744.4,341,G,Saimiri boliviensis,XP_039326885.1,-4,Q,Q,match,5,WT1:341,valid
WT1,NP_077744.4,341,G,Saimiri boliviensis,XP_039326885.1,-3,S,S,match,5,WT1:341,valid
WT1,NP_077744.4,341,G,Saimiri boliviensis,XP_039326885.1,-2,N,N,match,5,WT1:341,valid
WT1,NP_077744.4,341,G,Saimiri boliviensis,XP_039326885.1,-1,H,H,match,5,WT1:341,valid
WT1,NP_077744.4,341,G,Saimiri boliviensis,XP_039326885.1,1,T,T,match,5,WT1:341,valid
WT1,NP_077744.4,341,G,Saimiri boliviensis,XP_039326885.1,2,G,G,match,5,WT1:341,valid
WT1,NP_077744.4,341,G,Saimiri boliviensis,XP_039326885.1,3,Y,Y,match,5,WT1:341,valid
WT1,NP_077744.4,341,G,Saimiri boliviensis,XP_039326885.1,4,E,E,match,5,WT1:341,valid
WT1,NP_077744.4,341,G,Saimiri boliviensis,XP_039326885.1,5,S,S,match,5,WT1:341,valid
WT1,NP_077744.4,341,G,Saimiri boliviensis,XP_039326885.1,6,D,D,match,5,WT1:341,valid
WT1,NP_077744.4,341,G,Saimiri boliviensis,XP_039326885.1,7,N,N,match,5,WT1:341,valid
WT1,NP_077744.4,341,G,Saimiri boliviensis,XP_039326885.1,8,H,H,match,5,WT1:341,valid
WT1,NP_077744.4,341,G,Saimiri boliviensis,XP_039326885.1,9,T,T,match,5,WT1:341,valid
WT1,NP_077744.4,341,G,Saimiri boliviensis,XP_039326885.1,10,T,T,match,5,WT1:341,valid
WT1,NP_077744.4,341,G,Aotus nancymaae,XP_012307709.2,-10,V,V,match,5,WT1:341,valid
WT1,NP_077744.4,341,G,Aotus nancymaae,XP_012307709.2,-9,K,K,match,5,WT1:341,valid
WT1,NP_077744.4,341,G,Aotus nancymaae,XP_012307709.2,-8,W,W,match,5,WT1:341,valid
WT1,NP_077744.4,341,G,Aotus nancymaae,XP_012307709.2,-7,T,T,match,5,WT1:341,valid
WT1,NP_077744.4,341,G,Aotus nancymaae,XP_012307709.2,-6,E,E,match,5,WT1:341,valid
WT1,NP_077744.4,341,G,Aotus nancymaae,XP_012307709.2,-5,G,G,match,5,WT1:341,valid
WT1,NP_077744.4,341,G,Aotus nancymaae,XP_012307709.2,-4,Q,Q,match,5,WT1:341,valid
WT1,NP_077744.4,341,G,Aotus nancymaae,XP_012307709.2,-3,S,S,match,5,WT1:341,valid
WT1,NP_077744.4,341,G,Aotus nancymaae,XP_012307709.2,-2,N,N,match,5,WT1:341,valid
WT1,NP_077744.4,341,G,Aotus nancymaae,XP_012307709.2,-1,H,H,match,5,WT1:341,valid
WT1,NP_077744.4,341,G,Aotus nancymaae,XP_012307709.2,1,T,T,match,5,WT1:341,valid
WT1,NP_077744.4,341,G,Aotus nancymaae,XP_012307709.2,2,G,G,match,5,WT1:341,valid
WT1,NP_077744.4,341,G,Aotus nancymaae,XP_012307709.2,3,Y,Y,match,5,WT1:341,valid
WT1,NP_077744.4,341,G,Aotus nancymaae,XP_012307709.2,4,E,E,match,5,WT1:341,valid
WT1,NP_077744.4,341,G,Aotus nancymaae,XP_012307709.2,5,S,S,match,5,WT1:341,valid
WT1,NP_077744.4,341,G,Aotus nancymaae,XP_012307709.2,6,D,D,match,5,WT1:341,valid
WT1,NP_077744.4,341,G,Aotus nancymaae,XP_012307709.2,7,N,N,match,5,WT1:341,valid
WT1,NP_077744.4,341,G,Aotus nancymaae,XP_012307709.2,8,H,H,match,5,WT1:341,valid
WT1,NP_077744.4,341,G,Aotus nancymaae,XP_012307709.2,9,T,T,match,5,WT1:341,valid
WT1,NP_077744.4,341,G,Aotus nancymaae,XP_012307709.2,10,T,T,match,5,WT1:341,valid
WT1,NP_077744.4,341,G,Microcebus murinus,XP_075857497.1,-10,V,-,gap,-5,WT1:341,invalid
WT1,NP_077744.4,341,G,Microcebus murinus,XP_075857497.1,-9,K,-,gap,-5,WT1:341,invalid
WT1,NP_077744.4,341,G,Microcebus murinus,XP_075857497.1,-8,W,-,gap,-5,WT1:341,invalid
WT1,NP_077744.4,341,G,Microcebus murinus,XP_075857497.1,-7,T,-,gap,-5,WT1:341,invalid
WT1,NP_077744.4,341,G,Microcebus murinus,XP_075857497.1,-6,E,-,gap,-5,WT1:341,invalid
WT1,NP_077744.4,341,G,Microcebus murinus,XP_075857497.1,-5,G,-,gap,-5,WT1:341,invalid
WT1,NP_077744.4,341,G,Microcebus murinus,XP_075857497.1,-4,Q,-,gap,-5,WT1:341,invalid
WT1,NP_077744.4,341,G,Microcebus murinus,XP_075857497.1,-3,S,-,gap,-5,WT1:341,invalid
WT1,NP_077744.4,341,G,Microcebus murinus,XP_075857497.1,-2,N,-,gap,-5,WT1:341,invalid
WT1,NP_077744.4,341,G,Microcebus murinus,XP_075857497.1,-1,H,H,match,5,WT1:341,invalid
WT1,NP_077744.4,341,G,Microcebus murinus,XP_075857497.1,1,T,T,match,5,WT1:341,invalid
WT1,NP_077744.4,341,G,Microcebus murinus,XP_075857497.1,2,G,G,match,5,WT1:341,invalid
WT1,NP_077744.4,341,G,Microcebus murinus,XP_075857497.1,3,Y,Y,match,5,WT1:341,invalid
WT1,NP_077744.4,341,G,Microcebus murinus,XP_075857497.1,4,E,E,match,5,WT1:341,invalid
WT1,NP_077744.4,341,G,Microcebus murinus,XP_075857497.1,5,S,S,match,5,WT1:341,invalid
WT1,NP_077744.4,341,G,Microcebus murinus,XP_075857497.1,6,D,D,match,5,WT1:341,invalid
WT1,NP_077744.4,341,G,Microcebus murinus,XP_075857497.1,7,N,N,match,5,WT1:341,invalid
WT1,NP_077744.4,341,G,Microcebus murinus,XP_075857497.1,8,H,H,match,5,WT1:341,invalid
WT1,NP_077744.4,341,G,Microcebus murinus,XP_075857497.1,9,T,T,match,5,WT1:341,invalid
WT1,NP_077744.4,341,G,Microcebus murinus,XP_075857497.1,10,T,T,match,5,WT1:341,invalid
WT1,NP_077744.4,341,G,Pongo pygmaeus,XP_054297593.1,-10,V,V,match,5,WT1:341,valid
WT1,NP_077744.4,341,G,Pongo pygmaeus,XP_054297593.1,-9,K,K,match,5,WT1:341,valid
WT1,NP_077744.4,341,G,Pongo pygmaeus,XP_054297593.1,-8,W,W,match,5,WT1:341,valid
WT1,NP_077744.4,341,G,Pongo pygmaeus,XP_054297593.1,-7,T,T,match,5,WT1:341,valid
WT1,NP_077744.4,341,G,Pongo pygmaeus,XP_054297593.1,-6,E,E,match,5,WT1:341,valid
WT1,NP_077744.4,341,G,Pongo pygmaeus,XP_054297593.1,-5,G,G,match,5,WT1:341,valid
WT1,NP_077744.4,341,G,Pongo pygmaeus,XP_054297593.1,-4,Q,Q,match,5,WT1:341,valid
WT1,NP_077744.4,341,G,Pongo pygmaeus,XP_054297593.1,-3,S,S,match,5,WT1:341,valid
WT1,NP_077744.4,341,G,Pongo pygmaeus,XP_054297593.1,-2,N,N,match,5,WT1:341,valid
WT1,NP_077744.4,341,G,Pongo pygmaeus,XP_054297593.1,-1,H,H,match,5,WT1:341,valid
WT1,NP_077744.4,341,G,Pongo pygmaeus,XP_054297593.1,1,T,T,match,5,WT1:341,valid
WT1,NP_077744.4,341,G,Pongo pygmaeus,XP_054297593.1,2,G,G,match,5,WT1:341,valid
WT1,NP_077744.4,341,G,Pongo pygmaeus,XP_054297593.1,3,Y,Y,match,5,WT1:341,valid
WT1,NP_077744.4,341,G,Pongo pygmaeus,XP_054297593.1,4,E,E,match,5,WT1:341,valid
WT1,NP_077744.4,341,G,Pongo pygmaeus,XP_054297593.1,5,S,S,match,5,WT1:341,valid
WT1,NP_077744.4,341,G,Pongo pygmaeus,XP_054297593.1,6,D,D,match,5,WT1:341,valid
WT1,NP_077744.4,341,G,Pongo pygmaeus,XP_054297593.1,7,N,N,match,5,WT1:341,valid
WT1,NP_077744.4,341,G,Pongo pygmaeus,XP_054297593.1,8,H,H,match,5,WT1:341,valid
WT1,NP_077744.4,341,G,Pongo pygmaeus,XP_054297593.1,9,T,T,match,5,WT1:341,valid
WT1,NP_077744.4,341,G,Pongo pygmaeus,XP_054297593.1,10,T,T,match,5,WT1:341,valid
WT1,NP_077744.4,341,G,Pan troglodytes,NP_001422862.1,-10,V,V,match,5,WT1:341,valid
WT1,NP_077744.4,341,G,Pan troglodytes,NP_001422862.1,-9,K,K,match,5,WT1:341,valid
WT1,NP_077744.4,341,G,Pan troglodytes,NP_001422862.1,-8,W,W,match,5,WT1:341,valid
WT1,NP_077744.4,341,G,Pan troglodytes,NP_001422862.1,-7,T,T,match,5,WT1:341,valid
WT1,NP_077744.4,341,G,Pan troglodytes,NP_001422862.1,-6,E,E,match,5,WT1:341,valid
WT1,NP_077744.4,341,G,Pan troglodytes,NP_001422862.1,-5,G,G,match,5,WT1:341,valid
WT1,NP_077744.4,341,G,Pan troglodytes,NP_001422862.1,-4,Q,Q,match,5,WT1:341,valid
WT1,NP_077744.4,341,G,Pan troglodytes,NP_001422862.1,-3,S,S,match,5,WT1:341,valid
WT1,NP_077744.4,341,G,Pan troglodytes,NP_001422862.1,-2,N,N,match,5,WT1:341,valid
WT1,NP_077744.4,341,G,Pan troglodytes,NP_001422862.1,-1,H,H,match,5,WT1:341,valid
WT1,NP_077744.4,341,G,Pan troglodytes,NP_001422862.1,1,T,T,match,5,WT1:341,valid
WT1,NP_077744.4,341,G,Pan troglodytes,NP_001422862.1,2,G,G,match,5,WT1:341,valid
WT1,NP_077744.4,341,G,Pan troglodytes,NP_001422862.1,3,Y,Y,match,5,WT1:341,valid
WT1,NP_077744.4,341,G,Pan troglodytes,NP_001422862.1,4,E,E,match,5,WT1:341,valid
WT1,NP_077744.4,341,G,Pan troglodytes,NP_001422862.1,5,S,S,match,5,WT1:341,valid
WT1,NP_077744.4,341,G,Pan troglodytes,NP_001422862.1,6,D,D,match,5,WT1:341,valid
WT1,NP_077744.4,341,G,Pan troglodytes,NP_001422862.1,7,N,N,match,5,WT1:341,valid
WT1,NP_077744.4,341,G,Pan troglodytes,NP_001422862.1,8,H,H,match,5,WT1:341,valid
WT1,NP_077744.4,341,G,Pan troglodytes,NP_001422862.1,9,T,T,match,5,WT1:341,valid
WT1,NP_077744.4,341,G,Pan troglodytes,NP_001422862.1,10,T,T,match,5,WT1:341,valid
WT1,NP_077744.4,341,G,Macaca mulatta,NP_001422864.1,-10,V,V,match,5,WT1:341,valid
WT1,NP_077744.4,341,G,Macaca mulatta,NP_001422864.1,-9,K,K,match,5,WT1:341,valid
WT1,NP_077744.4,341,G,Macaca mulatta,NP_001422864.1,-8,W,W,match,5,WT1:341,valid
WT1,NP_077744.4,341,G,Macaca mulatta,NP_001422864.1,-7,T,T,match,5,WT1:341,valid
WT1,NP_077744.4,341,G,Macaca mulatta,NP_001422864.1,-6,E,E,match,5,WT1:341,valid
WT1,NP_077744.4,341,G,Macaca mulatta,NP_001422864.1,-5,G,G,match,5,WT1:341,valid
WT1,NP_077744.4,341,G,Macaca mulatta,NP_001422864.1,-4,Q,Q,match,5,WT1:341,valid
WT1,NP_077744.4,341,G,Macaca mulatta,NP_001422864.1,-3,S,S,match,5,WT1:341,valid
WT1,NP_077744.4,341,G,Macaca mulatta,NP_001422864.1,-2,N,N,match,5,WT1:341,valid
WT1,NP_077744.4,341,G,Macaca mulatta,NP_001422864.1,-1,H,H,match,5,WT1:341,valid
WT1,NP_077744.4,341,G,Macaca mulatta,NP_001422864.1,1,T,T,match,5,WT1:341,valid
WT1,NP_077744.4,341,G,Macaca mulatta,NP_001422864.1,2,G,G,match,5,WT1:341,valid
WT1,NP_077744.4,341,G,Macaca mulatta,NP_001422864.1,3,Y,Y,match,5,WT1:341,valid
WT1,NP_077744.4,341,G,Macaca mulatta,NP_001422864.1,4,E,E,match,5,WT1:341,valid
WT1,NP_077744.4,341,G,Macaca mulatta,NP_001422864.1,5,S,S,match,5,WT1:341,valid
WT1,NP_077744.4,341,G,Macaca mulatta,NP_001422864.1,6,D,D,match,5,WT1:341,valid
WT1,NP_077744.4,341,G,Macaca mulatta,NP_001422864.1,7,N,N,match,5,WT1:341,valid
WT1,NP_077744.4,341,G,Macaca mulatta,NP_001422864.1,8,H,H,match,5,WT1:341,valid
WT1,NP_077744.4,341,G,Macaca mulatta,NP_001422864.1,9,T,T,match,5,WT1:341,valid
WT1,NP_077744.4,341,G,Macaca mulatta,NP_001422864.1,10,T,T,match,5,WT1:341,valid
WT1,NP_077744.4,341,G,Propithecus coquereli,XP_012505037.1,-10,V,V,match,5,WT1:341,valid
WT1,NP_077744.4,341,G,Propithecus coquereli,XP_012505037.1,-9,K,K,match,5,WT1:341,valid
WT1,NP_077744.4,341,G,Propithecus coquereli,XP_012505037.1,-8,W,W,match,5,WT1:341,valid
WT1,NP_077744.4,341,G,Propithecus coquereli,XP_012505037.1,-7,T,T,match,5,WT1:341,valid
WT1,NP_077744.4,341,G,Propithecus coquereli,XP_012505037.1,-6,E,E,match,5,WT1:341,valid
WT1,NP_077744.4,341,G,Propithecus coquereli,XP_012505037.1,-5,G,G,match,5,WT1:341,valid
WT1,NP_077744.4,341,G,Propithecus coquereli,XP_012505037.1,-4,Q,Q,match,5,WT1:341,valid
WT1,NP_077744.4,341,G,Propithecus coquereli,XP_012505037.1,-3,S,S,match,5,WT1:341,valid
WT1,NP_077744.4,341,G,Propithecus coquereli,XP_012505037.1,-2,N,N,match,5,WT1:341,valid
WT1,NP_077744.4,341,G,Propithecus coquereli,XP_012505037.1,-1,H,H,match,5,WT1:341,valid
WT1,NP_077744.4,341,G,Propithecus coquereli,XP_012505037.1,1,T,T,match,5,WT1:341,valid
WT1,NP_077744.4,341,G,Propithecus coquereli,XP_012505037.1,2,G,G,match,5,WT1:341,valid
WT1,NP_077744.4,341,G,Propithecus coquereli,XP_012505037.1,3,Y,Y,match,5,WT1:341,valid
WT1,NP_077744.4,341,G,Propithecus coquereli,XP_012505037.1,4,E,E,match,5,WT1:341,valid
WT1,NP_077744.4,341,G,Propithecus coquereli,XP_012505037.1,5,S,S,match,5,WT1:341,valid
WT1,NP_077744.4,341,G,Propithecus coquereli,XP_012505037.1,6,D,D,match,5,WT1:341,valid
WT1,NP_077744.4,341,G,Propithecus coquereli,XP_012505037.1,7,N,N,match,5,WT1:341,valid
WT1,NP_077744.4,341,G,Propithecus coquereli,XP_012505037.1,8,H,H,match,5,WT1:341,valid
WT1,NP_077744.4,341,G,Propithecus coquereli,XP_012505037.1,9,T,T,match,5,WT1:341,valid
WT1,NP_077744.4,341,G,Propithecus coquereli,XP_012505037.1,10,T,T,match,5,WT1:341,valid
WT1,NP_077744.4,341,G,Macaca fascicularis,XP_065384406.1,-10,V,V,match,5,WT1:341,valid
WT1,NP_077744.4,341,G,Macaca fascicularis,XP_065384406.1,-9,K,K,match,5,WT1:341,valid
WT1,NP_077744.4,341,G,Macaca fascicularis,XP_065384406.1,-8,W,W,match,5,WT1:341,valid
WT1,NP_077744.4,341,G,Macaca fascicularis,XP_065384406.1,-7,T,T,match,5,WT1:341,valid
WT1,NP_077744.4,341,G,Macaca fascicularis,XP_065384406.1,-6,E,E,match,5,WT1:341,valid
WT1,NP_077744.4,341,G,Macaca fascicularis,XP_065384406.1,-5,G,G,match,5,WT1:341,valid
WT1,NP_077744.4,341,G,Macaca fascicularis,XP_065384406.1,-4,Q,Q,match,5,WT1:341,valid
WT1,NP_077744.4,341,G,Macaca fascicularis,XP_065384406.1,-3,S,S,match,5,WT1:341,valid
WT1,NP_077744.4,341,G,Macaca fascicularis,XP_065384406.1,-2,N,N,match,5,WT1:341,valid
WT1,NP_077744.4,341,G,Macaca fascicularis,XP_065384406.1,-1,H,H,match,5,WT1:341,valid
WT1,NP_077744.4,341,G,Macaca fascicularis,XP_065384406.1,1,T,T,match,5,WT1:341,valid
WT1,NP_077744.4,341,G,Macaca fascicularis,XP_065384406.1,2,G,G,match,5,WT1:341,valid
WT1,NP_077744.4,341,G,Macaca fascicularis,XP_065384406.1,3,Y,Y,match,5,WT1:341,valid
WT1,NP_077744.4,341,G,Macaca fascicularis,XP_065384406.1,4,E,E,match,5,WT1:341,valid
WT1,NP_077744.4,341,G,Macaca fascicularis,XP_065384406.1,5,S,S,match,5,WT1:341,valid
WT1,NP_077744.4,341,G,Macaca fascicularis,XP_065384406.1,6,D,D,match,5,WT1:341,valid
WT1,NP_077744.4,341,G,Macaca fascicularis,XP_065384406.1,7,N,N,match,5,WT1:341,valid
WT1,NP_077744.4,341,G,Macaca fascicularis,XP_065384406.1,8,H,H,match,5,WT1:341,valid
WT1,NP_077744.4,341,G,Macaca fascicularis,XP_065384406.1,9,T,T,match,5,WT1:341,valid
WT1,NP_077744.4,341,G,Macaca fascicularis,XP_065384406.1,10,T,T,match,5,WT1:341,valid
WT1,NP_077744.4,341,G,Rhinopithecus bieti,XP_017705228.1,-10,V,V,match,5,WT1:341,valid
WT1,NP_077744.4,341,G,Rhinopithecus bieti,XP_017705228.1,-9,K,K,match,5,WT1:341,valid
WT1,NP_077744.4,341,G,Rhinopithecus bieti,XP_017705228.1,-8,W,W,match,5,WT1:341,valid
WT1,NP_077744.4,341,G,Rhinopithecus bieti,XP_017705228.1,-7,T,T,match,5,WT1:341,valid
WT1,NP_077744.4,341,G,Rhinopithecus bieti,XP_017705228.1,-6,E,E,match,5,WT1:341,valid
WT1,NP_077744.4,341,G,Rhinopithecus bieti,XP_017705228.1,-5,G,G,match,5,WT1:341,valid
WT1,NP_077744.4,341,G,Rhinopithecus bieti,XP_017705228.1,-4,Q,Q,match,5,WT1:341,valid
WT1,NP_077744.4,341,G,Rhinopithecus bieti,XP_017705228.1,-3,S,S,match,5,WT1:341,valid
WT1,NP_077744.4,341,G,Rhinopithecus bieti,XP_017705228.1,-2,N,N,match,5,WT1:341,valid
WT1,NP_077744.4,341,G,Rhinopithecus bieti,XP_017705228.1,-1,H,H,match,5,WT1:341,valid
WT1,NP_077744.4,341,G,Rhinopithecus bieti,XP_017705228.1,1,T,T,match,5,WT1:341,valid
WT1,NP_077744.4,341,G,Rhinopithecus bieti,XP_017705228.1,2,G,G,match,5,WT1:341,valid
WT1,NP_077744.4,341,G,Rhinopithecus bieti,XP_017705228.1,3,Y,Y,match,5,WT1:341,valid
WT1,NP_077744.4,341,G,Rhinopithecus bieti,XP_017705228.1,4,E,E,match,5,WT1:341,valid
WT1,NP_077744.4,341,G,Rhinopithecus bieti,XP_017705228.1,5,S,S,match,5,WT1:341,valid
WT1,NP_077744.4,341,G,Rhinopithecus bieti,XP_017705228.1,6,D,D,match,5,WT1:341,valid
WT1,NP_077744.4,341,G,Rhinopithecus bieti,XP_017705228.1,7,N,N,match,5,WT1:341,valid
WT1,NP_077744.4,341,G,Rhinopithecus bieti,XP_017705228.1,8,H,H,match,5,WT1:341,valid
WT1,NP_077744.4,341,G,Rhinopithecus bieti,XP_017705228.1,9,T,T,match,5,WT1:341,valid
WT1,NP_077744.4,341,G,Rhinopithecus bieti,XP_017705228.1,10,T,T,match,5,WT1:341,valid
WT1,NP_077744.4,341,G,Theropithecus gelada,XP_025212117.1,-10,V,V,match,5,WT1:341,valid
WT1,NP_077744.4,341,G,Theropithecus gelada,XP_025212117.1,-9,K,K,match,5,WT1:341,valid
WT1,NP_077744.4,341,G,Theropithecus gelada,XP_025212117.1,-8,W,W,match,5,WT1:341,valid
WT1,NP_077744.4,341,G,Theropithecus gelada,XP_025212117.1,-7,T,T,match,5,WT1:341,valid
WT1,NP_077744.4,341,G,Theropithecus gelada,XP_025212117.1,-6,E,E,match,5,WT1:341,valid
WT1,NP_077744.4,341,G,Theropithecus gelada,XP_025212117.1,-5,G,G,match,5,WT1:341,valid
WT1,NP_077744.4,341,G,Theropithecus gelada,XP_025212117.1,-4,Q,Q,match,5,WT1:341,valid
WT1,NP_077744.4,341,G,Theropithecus gelada,XP_025212117.1,-3,S,S,match,5,WT1:341,valid
WT1,NP_077744.4,341,G,Theropithecus gelada,XP_025212117.1,-2,N,N,match,5,WT1:341,valid
WT1,NP_077744.4,341,G,Theropithecus gelada,XP_025212117.1,-1,H,H,match,5,WT1:341,valid
WT1,NP_077744.4,341,G,Theropithecus gelada,XP_025212117.1,1,T,T,match,5,WT1:341,valid
WT1,NP_077744.4,341,G,Theropithecus gelada,XP_025212117.1,2,G,G,match,5,WT1:341,valid
WT1,NP_077744.4,341,G,Theropithecus gelada,XP_025212117.1,3,Y,Y,match,5,WT1:341,valid
WT1,NP_077744.4,341,G,Theropithecus gelada,XP_025212117.1,4,E,E,match,5,WT1:341,valid
WT1,NP_077744.4,341,G,Theropithecus gelada,XP_025212117.1,5,S,S,match,5,WT1:341,valid
WT1,NP_077744.4,341,G,Theropithecus gelada,XP_025212117.1,6,D,D,match,5,WT1:341,valid
WT1,NP_077744.4,341,G,Theropithecus gelada,XP_025212117.1,7,N,N,match,5,WT1:341,valid
WT1,NP_077744.4,341,G,Theropithecus gelada,XP_025212117.1,8,H,H,match,5,WT1:341,valid
WT1,NP_077744.4,341,G,Theropithecus gelada,XP_025212117.1,9,T,T,match,5,WT1:341,valid
WT1,NP_077744.4,341,G,Theropithecus gelada,XP_025212117.1,10,T,T,match,5,WT1:341,valid
WT1,NP_077744.4,341,G,Macaca thibetana thibetana,XP_050614982.1,-10,V,V,match,5,WT1:341,valid
WT1,NP_077744.4,341,G,Macaca thibetana thibetana,XP_050614982.1,-9,K,K,match,5,WT1:341,valid
WT1,NP_077744.4,341,G,Macaca thibetana thibetana,XP_050614982.1,-8,W,W,match,5,WT1:341,valid
WT1,NP_077744.4,341,G,Macaca thibetana thibetana,XP_050614982.1,-7,T,T,match,5,WT1:341,valid
WT1,NP_077744.4,341,G,Macaca thibetana thibetana,XP_050614982.1,-6,E,E,match,5,WT1:341,valid
WT1,NP_077744.4,341,G,Macaca thibetana thibetana,XP_050614982.1,-5,G,G,match,5,WT1:341,valid
WT1,NP_077744.4,341,G,Macaca thibetana thibetana,XP_050614982.1,-4,Q,Q,match,5,WT1:341,valid
WT1,NP_077744.4,341,G,Macaca thibetana thibetana,XP_050614982.1,-3,S,S,match,5,WT1:341,valid
WT1,NP_077744.4,341,G,Macaca thibetana thibetana,XP_050614982.1,-2,N,N,match,5,WT1:341,valid
WT1,NP_077744.4,341,G,Macaca thibetana thibetana,XP_050614982.1,-1,H,H,match,5,WT1:341,valid
WT1,NP_077744.4,341,G,Macaca thibetana thibetana,XP_050614982.1,1,T,T,match,5,WT1:341,valid
WT1,NP_077744.4,341,G,Macaca thibetana thibetana,XP_050614982.1,2,G,G,match,5,WT1:341,valid
WT1,NP_077744.4,341,G,Macaca thibetana thibetana,XP_050614982.1,3,Y,Y,match,5,WT1:341,valid
WT1,NP_077744.4,341,G,Macaca thibetana thibetana,XP_050614982.1,4,E,E,match,5,WT1:341,valid
WT1,NP_077744.4,341,G,Macaca thibetana thibetana,XP_050614982.1,5,S,S,match,5,WT1:341,valid
WT1,NP_077744.4,341,G,Macaca thibetana thibetana,XP_050614982.1,6,D,D,match,5,WT1:341,valid
WT1,NP_077744.4,341,G,Macaca thibetana thibetana,XP_050614982.1,7,N,N,match,5,WT1:341,valid
WT1,NP_077744.4,341,G,Macaca thibetana thibetana,XP_050614982.1,8,H,H,match,5,WT1:341,valid
WT1,NP_077744.4,341,G,Macaca thibetana thibetana,XP_050614982.1,9,T,T,match,5,WT1:341,valid
WT1,NP_077744.4,341,G,Macaca thibetana thibetana,XP_050614982.1,10,T,T,match,5,WT1:341,valid
WT1,NP_077744.4,341,G,Piliocolobus tephrosceles,XP_031789677.1,-10,V,-,gap,-5,WT1:341,valid
WT1,NP_077744.4,341,G,Piliocolobus tephrosceles,XP_031789677.1,-9,K,-,gap,-5,WT1:341,valid
WT1,NP_077744.4,341,G,Piliocolobus tephrosceles,XP_031789677.1,-8,W,-,gap,-5,WT1:341,valid
WT1,NP_077744.4,341,G,Piliocolobus tephrosceles,XP_031789677.1,-7,T,-,gap,-5,WT1:341,valid
WT1,NP_077744.4,341,G,Piliocolobus tephrosceles,XP_031789677.1,-6,E,-,gap,-5,WT1:341,valid
WT1,NP_077744.4,341,G,Piliocolobus tephrosceles,XP_031789677.1,-5,G,-,gap,-5,WT1:341,valid
WT1,NP_077744.4,341,G,Piliocolobus tephrosceles,XP_031789677.1,-4,Q,-,gap,-5,WT1:341,valid
WT1,NP_077744.4,341,G,Piliocolobus tephrosceles,XP_031789677.1,-3,S,-,gap,-5,WT1:341,valid
WT1,NP_077744.4,341,G,Piliocolobus tephrosceles,XP_031789677.1,-2,N,-,gap,-5,WT1:341,valid
WT1,NP_077744.4,341,G,Piliocolobus tephrosceles,XP_031789677.1,-1,H,H,match,5,WT1:341,valid
WT1,NP_077744.4,341,G,Piliocolobus tephrosceles,XP_031789677.1,1,T,T,match,5,WT1:341,valid
WT1,NP_077744.4,341,G,Piliocolobus tephrosceles,XP_031789677.1,2,G,G,match,5,WT1:341,valid
WT1,NP_077744.4,341,G,Piliocolobus tephrosceles,XP_031789677.1,3,Y,Y,match,5,WT1:341,valid
WT1,NP_077744.4,341,G,Piliocolobus tephrosceles,XP_031789677.1,4,E,E,match,5,WT1:341,valid
WT1,NP_077744.4,341,G,Piliocolobus tephrosceles,XP_031789677.1,5,S,S,match,5,WT1:341,valid
WT1,NP_077744.4,341,G,Piliocolobus tephrosceles,XP_031789677.1,6,D,D,match,5,WT1:341,valid
WT1,NP_077744.4,341,G,Piliocolobus tephrosceles,XP_031789677.1,7,N,N,match,5,WT1:341,valid
WT1,NP_077744.4,341,G,Piliocolobus tephrosceles,XP_031789677.1,8,H,H,match,5,WT1:341,valid
WT1,NP_077744.4,341,G,Piliocolobus tephrosceles,XP_031789677.1,9,T,T,match,5,WT1:341,valid
WT1,NP_077744.4,341,G,Piliocolobus tephrosceles,XP_031789677.1,10,T,T,match,5,WT1:341,valid
WT1,NP_077744.4,341,G,Macaca nemestrina,XP_070931006.1,-10,V,V,match,5,WT1:341,valid
WT1,NP_077744.4,341,G,Macaca nemestrina,XP_070931006.1,-9,K,K,match,5,WT1:341,valid
WT1,NP_077744.4,341,G,Macaca nemestrina,XP_070931006.1,-8,W,W,match,5,WT1:341,valid
WT1,NP_077744.4,341,G,Macaca nemestrina,XP_070931006.1,-7,T,T,match,5,WT1:341,valid
WT1,NP_077744.4,341,G,Macaca nemestrina,XP_070931006.1,-6,E,E,match,5,WT1:341,valid
WT1,NP_077744.4,341,G,Macaca nemestrina,XP_070931006.1,-5,G,G,match,5,WT1:341,valid
WT1,NP_077744.4,341,G,Macaca nemestrina,XP_070931006.1,-4,Q,Q,match,5,WT1:341,valid
WT1,NP_077744.4,341,G,Macaca nemestrina,XP_070931006.1,-3,S,S,match,5,WT1:341,valid
WT1,NP_077744.4,341,G,Macaca nemestrina,XP_070931006.1,-2,N,N,match,5,WT1:341,valid
WT1,NP_077744.4,341,G,Macaca nemestrina,XP_070931006.1,-1,H,H,match,5,WT1:341,valid
WT1,NP_077744.4,341,G,Macaca nemestrina,XP_070931006.1,1,T,T,match,5,WT1:341,valid
WT1,NP_077744.4,341,G,Macaca nemestrina,XP_070931006.1,2,G,G,match,5,WT1:341,valid
WT1,NP_077744.4,341,G,Macaca nemestrina,XP_070931006.1,3,Y,Y,match,5,WT1:341,valid
WT1,NP_077744.4,341,G,Macaca nemestrina,XP_070931006.1,4,E,E,match,5,WT1:341,valid
WT1,NP_077744.4,341,G,Macaca nemestrina,XP_070931006.1,5,S,S,match,5,WT1:341,valid
WT1,NP_077744.4,341,G,Macaca nemestrina,XP_070931006.1,6,D,D,match,5,WT1:341,valid
WT1,NP_077744.4,341,G,Macaca nemestrina,XP_070931006.1,7,N,N,match,5,WT1:341,valid
WT1,NP_077744.4,341,G,Macaca nemestrina,XP_070931006.1,8,H,H,match,5,WT1:341,valid
WT1,NP_077744.4,341,G,Macaca nemestrina,XP_070931006.1,9,T,T,match,5,WT1:341,valid
WT1,NP_077744.4,341,G,Macaca nemestrina,XP_070931006.1,10,T,T,match,5,WT1:341,valid
WT1,NP_077744.4,341,G,Pongo abelii,XP_024111035.1,-10,V,V,match,5,WT1:341,valid
WT1,NP_077744.4,341,G,Pongo abelii,XP_024111035.1,-9,K,K,match,5,WT1:341,valid
WT1,NP_077744.4,341,G,Pongo abelii,XP_024111035.1,-8,W,W,match,5,WT1:341,valid
WT1,NP_077744.4,341,G,Pongo abelii,XP_024111035.1,-7,T,T,match,5,WT1:341,valid
WT1,NP_077744.4,341,G,Pongo abelii,XP_024111035.1,-6,E,E,match,5,WT1:341,valid
WT1,NP_077744.4,341,G,Pongo abelii,XP_024111035.1,-5,G,G,match,5,WT1:341,valid
WT1,NP_077744.4,341,G,Pongo abelii,XP_024111035.1,-4,Q,Q,match,5,WT1:341,valid
WT1,NP_077744.4,341,G,Pongo abelii,XP_024111035.1,-3,S,S,match,5,WT1:341,valid
WT1,NP_077744.4,341,G,Pongo abelii,XP_024111035.1,-2,N,N,match,5,WT1:341,valid
WT1,NP_077744.4,341,G,Pongo abelii,XP_024111035.1,-1,H,H,match,5,WT1:341,valid
WT1,NP_077744.4,341,G,Pongo abelii,XP_024111035.1,1,T,T,match,5,WT1:341,valid
WT1,NP_077744.4,341,G,Pongo abelii,XP_024111035.1,2,G,G,match,5,WT1:341,valid
WT1,NP_077744.4,341,G,Pongo abelii,XP_024111035.1,3,Y,Y,match,5,WT1:341,valid
WT1,NP_077744.4,341,G,Pongo abelii,XP_024111035.1,4,E,E,match,5,WT1:341,valid
WT1,NP_077744.4,341,G,Pongo abelii,XP_024111035.1,5,S,S,match,5,WT1:341,valid
WT1,NP_077744.4,341,G,Pongo abelii,XP_024111035.1,6,D,D,match,5,WT1:341,valid
WT1,NP_077744.4,341,G,Pongo abelii,XP_024111035.1,7,N,N,match,5,WT1:341,valid
WT1,NP_077744.4,341,G,Pongo abelii,XP_024111035.1,8,H,H,match,5,WT1:341,valid
WT1,NP_077744.4,341,G,Pongo abelii,XP_024111035.1,9,T,T,match,5,WT1:341,valid
WT1,NP_077744.4,341,G,Pongo abelii,XP_024111035.1,10,T,T,match,5,WT1:341,valid
WT1,NP_077744.4,341,G,Nomascus leucogenys,XP_030684745.1,-10,V,-,gap,-5,WT1:341,invalid
WT1,NP_077744.4,341,G,Nomascus leucogenys,XP_030684745.1,-9,K,-,gap,-5,WT1:341,invalid
WT1,NP_077744.4,341,G,Nomascus leucogenys,XP_030684745.1,-8,W,-,gap,-5,WT1:341,invalid
WT1,NP_077744.4,341,G,Nomascus leucogenys,XP_030684745.1,-7,T,-,gap,-5,WT1:341,invalid
WT1,NP_077744.4,341,G,Nomascus leucogenys,XP_030684745.1,-6,E,-,gap,-5,WT1:341,invalid
WT1,NP_077744.4,341,G,Nomascus leucogenys,XP_030684745.1,-5,G,-,gap,-5,WT1:341,invalid
WT1,NP_077744.4,341,G,Nomascus leucogenys,XP_030684745.1,-4,Q,-,gap,-5,WT1:341,invalid
WT1,NP_077744.4,341,G,Nomascus leucogenys,XP_030684745.1,-3,S,-,gap,-5,WT1:341,invalid
WT1,NP_077744.4,341,G,Nomascus leucogenys,XP_030684745.1,-2,N,-,gap,-5,WT1:341,invalid
WT1,NP_077744.4,341,G,Nomascus leucogenys,XP_030684745.1,-1,H,H,match,5,WT1:341,invalid
WT1,NP_077744.4,341,G,Nomascus leucogenys,XP_030684745.1,1,T,T,match,5,WT1:341,invalid
WT1,NP_077744.4,341,G,Nomascus leucogenys,XP_030684745.1,2,G,G,match,5,WT1:341,invalid
WT1,NP_077744.4,341,G,Nomascus leucogenys,XP_030684745.1,3,Y,Y,match,5,WT1:341,invalid
WT1,NP_077744.4,341,G,Nomascus leucogenys,XP_030684745.1,4,E,E,match,5,WT1:341,invalid
WT1,NP_077744.4,341,G,Nomascus leucogenys,XP_030684745.1,5,S,S,match,5,WT1:341,invalid
WT1,NP_077744.4,341,G,Nomascus leucogenys,XP_030684745.1,6,D,D,match,5,WT1:341,invalid
WT1,NP_077744.4,341,G,Nomascus leucogenys,XP_030684745.1,7,N,N,match,5,WT1:341,invalid
WT1,NP_077744.4,341,G,Nomascus leucogenys,XP_030684745.1,8,H,H,match,5,WT1:341,invalid
WT1,NP_077744.4,341,G,Nomascus leucogenys,XP_030684745.1,9,T,T,match,5,WT1:341,invalid
WT1,NP_077744.4,341,G,Nomascus leucogenys,XP_030684745.1,10,T,T,match,5,WT1:341,invalid
WT1,NP_077744.4,341,G,Gorilla gorilla gorilla,XP_055212506.1,-10,V,-,gap,-5,WT1:341,invalid
WT1,NP_077744.4,341,G,Gorilla gorilla gorilla,XP_055212506.1,-9,K,-,gap,-5,WT1:341,invalid
WT1,NP_077744.4,341,G,Gorilla gorilla gorilla,XP_055212506.1,-8,W,-,gap,-5,WT1:341,invalid
WT1,NP_077744.4,341,G,Gorilla gorilla gorilla,XP_055212506.1,-7,T,-,gap,-5,WT1:341,invalid
WT1,NP_077744.4,341,G,Gorilla gorilla gorilla,XP_055212506.1,-6,E,-,gap,-5,WT1:341,invalid
WT1,NP_077744.4,341,G,Gorilla gorilla gorilla,XP_055212506.1,-5,G,-,gap,-5,WT1:341,invalid
WT1,NP_077744.4,341,G,Gorilla gorilla gorilla,XP_055212506.1,-4,Q,-,gap,-5,WT1:341,invalid
WT1,NP_077744.4,341,G,Gorilla gorilla gorilla,XP_055212506.1,-3,S,-,gap,-5,WT1:341,invalid
WT1,NP_077744.4,341,G,Gorilla gorilla gorilla,XP_055212506.1,-2,N,-,gap,-5,WT1:341,invalid
WT1,NP_077744.4,341,G,Gorilla gorilla gorilla,XP_055212506.1,-1,H,H,match,5,WT1:341,invalid
WT1,NP_077744.4,341,G,Gorilla gorilla gorilla,XP_055212506.1,1,T,T,match,5,WT1:341,invalid
WT1,NP_077744.4,341,G,Gorilla gorilla gorilla,XP_055212506.1,2,G,G,match,5,WT1:341,invalid
WT1,NP_077744.4,341,G,Gorilla gorilla gorilla,XP_055212506.1,3,Y,Y,match,5,WT1:341,invalid
WT1,NP_077744.4,341,G,Gorilla gorilla gorilla,XP_055212506.1,4,E,E,match,5,WT1:341,invalid
WT1,NP_077744.4,341,G,Gorilla gorilla gorilla,XP_055212506.1,5,S,S,match,5,WT1:341,invalid
WT1,NP_077744.4,341,G,Gorilla gorilla gorilla,XP_055212506.1,6,D,D,match,5,WT1:341,invalid
WT1,NP_077744.4,341,G,Gorilla gorilla gorilla,XP_055212506.1,7,N,N,match,5,WT1:341,invalid
WT1,NP_077744.4,341,G,Gorilla gorilla gorilla,XP_055212506.1,8,H,H,match,5,WT1:341,invalid
WT1,NP_077744.4,341,G,Gorilla gorilla gorilla,XP_055212506.1,9,T,T,match,5,WT1:341,invalid
WT1,NP_077744.4,341,G,Gorilla gorilla gorilla,XP_055212506.1,10,T,T,match,5,WT1:341,invalid
WT1,NP_077744.4,341,G,Symphalangus syndactylus,XP_055137999.1,-10,V,V,match,5,WT1:341,valid
WT1,NP_077744.4,341,G,Symphalangus syndactylus,XP_055137999.1,-9,K,K,match,5,WT1:341,valid
WT1,NP_077744.4,341,G,Symphalangus syndactylus,XP_055137999.1,-8,W,W,match,5,WT1:341,valid
WT1,NP_077744.4,341,G,Symphalangus syndactylus,XP_055137999.1,-7,T,T,match,5,WT1:341,valid
WT1,NP_077744.4,341,G,Symphalangus syndactylus,XP_055137999.1,-6,E,E,match,5,WT1:341,valid
WT1,NP_077744.4,341,G,Symphalangus syndactylus,XP_055137999.1,-5,G,G,match,5,WT1:341,valid
WT1,NP_077744.4,341,G,Symphalangus syndactylus,XP_055137999.1,-4,Q,Q,match,5,WT1:341,valid
WT1,NP_077744.4,341,G,Symphalangus syndactylus,XP_055137999.1,-3,S,S,match,5,WT1:341,valid
WT1,NP_077744.4,341,G,Symphalangus syndactylus,XP_055137999.1,-2,N,N,match,5,WT1:341,valid
WT1,NP_077744.4,341,G,Symphalangus syndactylus,XP_055137999.1,-1,H,H,match,5,WT1:341,valid
WT1,NP_077744.4,341,G,Symphalangus syndactylus,XP_055137999.1,1,T,T,match,5,WT1:341,valid
WT1,NP_077744.4,341,G,Symphalangus syndactylus,XP_055137999.1,2,G,G,match,5,WT1:341,valid
WT1,NP_077744.4,341,G,Symphalangus syndactylus,XP_055137999.1,3,Y,Y,match,5,WT1:341,valid
WT1,NP_077744.4,341,G,Symphalangus syndactylus,XP_055137999.1,4,E,E,match,5,WT1:341,valid
WT1,NP_077744.4,341,G,Symphalangus syndactylus,XP_055137999.1,5,S,S,match,5,WT1:341,valid
WT1,NP_077744.4,341,G,Symphalangus syndactylus,XP_055137999.1,6,D,D,match,5,WT1:341,valid
WT1,NP_077744.4,341,G,Symphalangus syndactylus,XP_055137999.1,7,N,N,match,5,WT1:341,valid
WT1,NP_077744.4,341,G,Symphalangus syndactylus,XP_055137999.1,8,H,H,match,5,WT1:341,valid
WT1,NP_077744.4,341,G,Symphalangus syndactylus,XP_055137999.1,9,T,T,match,5,WT1:341,valid
WT1,NP_077744.4,341,G,Symphalangus syndactylus,XP_055137999.1,10,T,T,match,5,WT1:341,valid
WT1,NP_077744.4,341,G,Eulemur rufifrons,XP_069325873.1,-10,V,V,match,5,WT1:341,valid
WT1,NP_077744.4,341,G,Eulemur rufifrons,XP_069325873.1,-9,K,K,match,5,WT1:341,valid
WT1,NP_077744.4,341,G,Eulemur rufifrons,XP_069325873.1,-8,W,W,match,5,WT1:341,valid
WT1,NP_077744.4,341,G,Eulemur rufifrons,XP_069325873.1,-7,T,T,match,5,WT1:341,valid
WT1,NP_077744.4,341,G,Eulemur rufifrons,XP_069325873.1,-6,E,E,match,5,WT1:341,valid
WT1,NP_077744.4,341,G,Eulemur rufifrons,XP_069325873.1,-5,G,G,match,5,WT1:341,valid
WT1,NP_077744.4,341,G,Eulemur rufifrons,XP_069325873.1,-4,Q,Q,match,5,WT1:341,valid
WT1,NP_077744.4,341,G,Eulemur rufifrons,XP_069325873.1,-3,S,S,match,5,WT1:341,valid
WT1,NP_077744.4,341,G,Eulemur rufifrons,XP_069325873.1,-2,N,N,match,5,WT1:341,valid
WT1,NP_077744.4,341,G,Eulemur rufifrons,XP_069325873.1,-1,H,H,match,5,WT1:341,valid
WT1,NP_077744.4,341,G,Eulemur rufifrons,XP_069325873.1,1,T,T,match,5,WT1:341,valid
WT1,NP_077744.4,341,G,Eulemur rufifrons,XP_069325873.1,2,G,G,match,5,WT1:341,valid
WT1,NP_077744.4,341,G,Eulemur rufifrons,XP_069325873.1,3,Y,Y,match,5,WT1:341,valid
WT1,NP_077744.4,341,G,Eulemur rufifrons,XP_069325873.1,4,E,E,match,5,WT1:341,valid
WT1,NP_077744.4,341,G,Eulemur rufifrons,XP_069325873.1,5,S,S,match,5,WT1:341,valid
WT1,NP_077744.4,341,G,Eulemur rufifrons,XP_069325873.1,6,D,D,match,5,WT1:341,valid
WT1,NP_077744.4,341,G,Eulemur rufifrons,XP_069325873.1,7,N,N,match,5,WT1:341,valid
WT1,NP_077744.4,341,G,Eulemur rufifrons,XP_069325873.1,8,H,H,match,5,WT1:341,valid
WT1,NP_077744.4,341,G,Eulemur rufifrons,XP_069325873.1,9,T,T,match,5,WT1:341,valid
WT1,NP_077744.4,341,G,Eulemur rufifrons,XP_069325873.1,10,T,T,match,5,WT1:341,valid
WT1,NP_077744.4,341,G,Hylobates moloch,XP_032023887.1,-10,V,V,match,5,WT1:341,valid
WT1,NP_077744.4,341,G,Hylobates moloch,XP_032023887.1,-9,K,K,match,5,WT1:341,valid
WT1,NP_077744.4,341,G,Hylobates moloch,XP_032023887.1,-8,W,W,match,5,WT1:341,valid
WT1,NP_077744.4,341,G,Hylobates moloch,XP_032023887.1,-7,T,T,match,5,WT1:341,valid
WT1,NP_077744.4,341,G,Hylobates moloch,XP_032023887.1,-6,E,E,match,5,WT1:341,valid
WT1,NP_077744.4,341,G,Hylobates moloch,XP_032023887.1,-5,G,G,match,5,WT1:341,valid
WT1,NP_077744.4,341,G,Hylobates moloch,XP_032023887.1,-4,Q,Q,match,5,WT1:341,valid
WT1,NP_077744.4,341,G,Hylobates moloch,XP_032023887.1,-3,S,S,match,5,WT1:341,valid
WT1,NP_077744.4,341,G,Hylobates moloch,XP_032023887.1,-2,N,N,match,5,WT1:341,valid
WT1,NP_077744.4,341,G,Hylobates moloch,XP_032023887.1,-1,H,H,match,5,WT1:341,valid
WT1,NP_077744.4,341,G,Hylobates moloch,XP_032023887.1,1,T,T,match,5,WT1:341,valid
WT1,NP_077744.4,341,G,Hylobates moloch,XP_032023887.1,2,G,G,match,5,WT1:341,valid
WT1,NP_077744.4,341,G,Hylobates moloch,XP_032023887.1,3,Y,Y,match,5,WT1:341,valid
WT1,NP_077744.4,341,G,Hylobates moloch,XP_032023887.1,4,E,E,match,5,WT1:341,valid
WT1,NP_077744.4,341,G,Hylobates moloch,XP_032023887.1,5,S,S,match,5,WT1:341,valid
WT1,NP_077744.4,341,G,Hylobates moloch,XP_032023887.1,6,D,D,match,5,WT1:341,valid
WT1,NP_077744.4,341,G,Hylobates moloch,XP_032023887.1,7,N,N,match,5,WT1:341,valid
WT1,NP_077744.4,341,G,Hylobates moloch,XP_032023887.1,8,H,H,match,5,WT1:341,valid
WT1,NP_077744.4,341,G,Hylobates moloch,XP_032023887.1,9,T,T,match,5,WT1:341,valid
WT1,NP_077744.4,341,G,Hylobates moloch,XP_032023887.1,10,T,T,match,5,WT1:341,valid
ZEB2,NP_055610.1,1049,R,Pongo abelii,NP_001125020.1,-10,K,K,match,5,ZEB2:1049,valid
ZEB2,NP_055610.1,1049,R,Pongo abelii,NP_001125020.1,-9,H,H,match,5,ZEB2:1049,valid
ZEB2,NP_055610.1,1049,R,Pongo abelii,NP_001125020.1,-8,H,H,match,5,ZEB2:1049,valid
ZEB2,NP_055610.1,1049,R,Pongo abelii,NP_001125020.1,-7,L,L,match,5,ZEB2:1049,valid
ZEB2,NP_055610.1,1049,R,Pongo abelii,NP_001125020.1,-6,I,I,match,5,ZEB2:1049,valid
ZEB2,NP_055610.1,1049,R,Pongo abelii,NP_001125020.1,-5,E,E,match,5,ZEB2:1049,valid
ZEB2,NP_055610.1,1049,R,Pongo abelii,NP_001125020.1,-4,H,H,match,5,ZEB2:1049,valid
ZEB2,NP_055610.1,1049,R,Pongo abelii,NP_001125020.1,-3,S,S,match,5,ZEB2:1049,valid
ZEB2,NP_055610.1,1049,R,Pongo abelii,NP_001125020.1,-2,R,R,match,5,ZEB2:1049,valid
ZEB2,NP_055610.1,1049,R,Pongo abelii,NP_001125020.1,-1,L,L,match,5,ZEB2:1049,valid
ZEB2,NP_055610.1,1049,R,Pongo abelii,NP_001125020.1,1,S,S,match,5,ZEB2:1049,valid
ZEB2,NP_055610.1,1049,R,Pongo abelii,NP_001125020.1,2,G,G,match,5,ZEB2:1049,valid
ZEB2,NP_055610.1,1049,R,Pongo abelii,NP_001125020.1,3,E,E,match,5,ZEB2:1049,valid
ZEB2,NP_055610.1,1049,R,Pongo abelii,NP_001125020.1,4,K,K,match,5,ZEB2:1049,valid
ZEB2,NP_055610.1,1049,R,Pongo abelii,NP_001125020.1,5,P,P,match,5,ZEB2:1049,valid
ZEB2,NP_055610.1,1049,R,Pongo abelii,NP_001125020.1,6,Y,Y,match,5,ZEB2:1049,valid
ZEB2,NP_055610.1,1049,R,Pongo abelii,NP_001125020.1,7,Q,Q,match,5,ZEB2:1049,valid
ZEB2,NP_055610.1,1049,R,Pongo abelii,NP_001125020.1,8,C,C,match,5,ZEB2:1049,valid
ZEB2,NP_055610.1,1049,R,Pongo abelii,NP_001125020.1,9,D,D,match,5,ZEB2:1049,valid
ZEB2,NP_055610.1,1049,R,Pongo abelii,NP_001125020.1,10,K,K,match,5,ZEB2:1049,valid
