Type	Name	GeneID	GeneSymbol	ClinicalSignificance	Assembly	VariationID
single nucleotide variant	NM_000350.3(ABCA4):c.6079C>T (p.Leu2027Phe)	24	ABCA4	Pathogenic/Likely pathogenic	GRCh38	7882
single nucleotide variant	NM_000350.3(ABCA4):c.2565G>A (p.Trp855Ter)	24	ABCA4	Pathogenic	GRCh38	7883
single nucleotide variant	NM_000350.3(ABCA4):c.3106G>A (p.Glu1036Lys)	24	ABCA4	Pathogenic/Likely pathogenic	GRCh38	7886
single nucleotide variant	NM_000350.3(ABCA4):c.5882G>A (p.Gly1961Glu)	24	ABCA4	Pathogenic	GRCh38	7888
single nucleotide variant	NM_000350.3(ABCA4):c.5912T>G (p.Leu1971Arg)	24	ABCA4	Pathogenic	GRCh38	7893
single nucleotide variant	NM_000350.3(ABCA4):c.3113C>T (p.Ala1038Val)	24	ABCA4	Pathogenic/Likely pathogenic	GRCh38	7894
single nucleotide variant	NM_000350.3(ABCA4):c.1018T>G (p.Tyr340Asp)	24	ABCA4	Pathogenic	GRCh38	7896
single nucleotide variant	NM_000350.3(ABCA4):c.634C>T (p.Arg212Cys)	24	ABCA4	Pathogenic	GRCh38	7898
single nucleotide variant	NM_000350.3(ABCA4):c.52C>T (p.Arg18Trp)	24	ABCA4	Pathogenic	GRCh38	7899
single nucleotide variant	NM_000350.3(ABCA4):c.1715G>A (p.Arg572Gln)	24	ABCA4	Pathogenic	GRCh38	7900
single nucleotide variant	NM_000350.3(ABCA4):c.4139C>T (p.Pro1380Leu)	24	ABCA4	Pathogenic	GRCh38	7904
single nucleotide variant	NM_000350.3(ABCA4):c.6088C>T (p.Arg2030Ter)	24	ABCA4	Pathogenic/Likely pathogenic	GRCh38	7907
single nucleotide variant	NM_000350.3(ABCA4):c.5285C>A (p.Ala1762Asp)	24	ABCA4	Pathogenic	GRCh38	7909
single nucleotide variant	NM_000350.3(ABCA4):c.5819T>C (p.Leu1940Pro)	24	ABCA4	Pathogenic/Likely pathogenic	GRCh38	7911
single nucleotide variant	NM_000350.3(ABCA4):c.2461T>C (p.Trp821Arg)	24	ABCA4	Pathogenic	GRCh38	30217
single nucleotide variant	NM_000350.3(ABCA4):c.3364G>A (p.Glu1122Lys)	24	ABCA4	Pathogenic	GRCh38	30218
single nucleotide variant	NM_000350.3(ABCA4):c.3304G>A (p.Asp1102Asn)	24	ABCA4	Likely pathogenic	GRCh38	69298
single nucleotide variant	NM_000350.3(ABCA4):c.3322C>T (p.Arg1108Cys)	24	ABCA4	Pathogenic	GRCh38	92867
single nucleotide variant	NM_000350.3(ABCA4):c.4540-2A>G	24	ABCA4	Pathogenic	GRCh38	92869
single nucleotide variant	NM_000350.3(ABCA4):c.5461-10T>C	24	ABCA4	Pathogenic	GRCh38	92870
single nucleotide variant	NM_000350.3(ABCA4):c.67-2A>G	24	ABCA4	Pathogenic/Likely pathogenic	GRCh38	92871
single nucleotide variant	NM_000350.3(ABCA4):c.1007C>G (p.Ser336Cys)	24	ABCA4	Pathogenic/Likely pathogenic	GRCh38	99024
single nucleotide variant	NM_000350.3(ABCA4):c.1066A>T (p.Lys356Ter)	24	ABCA4	Pathogenic	GRCh38	99029
single nucleotide variant	NM_000350.3(ABCA4):c.1222C>T (p.Arg408Ter)	24	ABCA4	Pathogenic	GRCh38	99035
single nucleotide variant	NM_000350.3(ABCA4):c.122G>A (p.Trp41Ter)	24	ABCA4	Pathogenic	GRCh38	99036
single nucleotide variant	NM_000350.3(ABCA4):c.1317G>A (p.Trp439Ter)	24	ABCA4	Pathogenic	GRCh38	99043
single nucleotide variant	NM_000350.3(ABCA4):c.1335C>G (p.Ser445Arg)	24	ABCA4	Pathogenic/Likely pathogenic	GRCh38	99045
single nucleotide variant	NM_000350.3(ABCA4):c.1554+1G>A	24	ABCA4	Likely pathogenic	GRCh38	99057
single nucleotide variant	NM_000350.3(ABCA4):c.160+1G>A	24	ABCA4	Pathogenic/Likely pathogenic	GRCh38	99061
single nucleotide variant	NM_000350.3(ABCA4):c.1609C>T (p.Arg537Cys)	24	ABCA4	Pathogenic/Likely pathogenic	GRCh38	99062
single nucleotide variant	NM_000350.3(ABCA4):c.161G>A (p.Cys54Tyr)	24	ABCA4	Pathogenic/Likely pathogenic	GRCh38	99065
single nucleotide variant	NM_000350.3(ABCA4):c.161G>T (p.Cys54Phe)	24	ABCA4	Pathogenic	GRCh38	99066
single nucleotide variant	NM_000350.3(ABCA4):c.1648G>A (p.Gly550Arg)	24	ABCA4	Pathogenic/Likely pathogenic	GRCh38	99070
single nucleotide variant	NM_000350.3(ABCA4):c.1659C>G (p.Phe553Leu)	24	ABCA4	Pathogenic	GRCh38	99072
single nucleotide variant	NM_000350.3(ABCA4):c.1715G>C (p.Arg572Pro)	24	ABCA4	Pathogenic	GRCh38	99073
single nucleotide variant	NM_000350.3(ABCA4):c.1760+2T>G	24	ABCA4	Pathogenic	GRCh38	99076
single nucleotide variant	NM_000350.3(ABCA4):c.1789C>T (p.Pro597Ser)	24	ABCA4	Likely pathogenic	GRCh38	99080
single nucleotide variant	NM_000350.3(ABCA4):c.178G>A (p.Ala60Thr)	24	ABCA4	Likely pathogenic	GRCh38	99081
single nucleotide variant	NM_000350.3(ABCA4):c.1798G>T (p.Asp600Tyr)	24	ABCA4	Pathogenic	GRCh38	99082
single nucleotide variant	NM_000350.3(ABCA4):c.179C>T (p.Ala60Val)	24	ABCA4	Pathogenic/Likely pathogenic	GRCh38	99083
single nucleotide variant	NM_000350.3(ABCA4):c.1804C>T (p.Arg602Trp)	24	ABCA4	Pathogenic	GRCh38	99084
single nucleotide variant	NM_000350.3(ABCA4):c.1805G>A (p.Arg602Gln)	24	ABCA4	Pathogenic/Likely pathogenic	GRCh38	99085
single nucleotide variant	NM_000350.3(ABCA4):c.1819G>A (p.Gly607Arg)	24	ABCA4	Pathogenic	GRCh38	99087
single nucleotide variant	NM_000350.3(ABCA4):c.1822T>C (p.Phe608Leu)	24	ABCA4	Likely pathogenic	GRCh38	99089
single nucleotide variant	NM_000350.3(ABCA4):c.1853G>A (p.Gly618Glu)	24	ABCA4	Likely pathogenic	GRCh38	99092
single nucleotide variant	NM_000350.3(ABCA4):c.1903C>A (p.Gln635Lys)	24	ABCA4	Likely pathogenic	GRCh38	99095
single nucleotide variant	NM_000350.3(ABCA4):c.1903C>T (p.Gln635Ter)	24	ABCA4	Pathogenic	GRCh38	99096
single nucleotide variant	NM_000350.3(ABCA4):c.1908G>T (p.Gln636His)	24	ABCA4	Pathogenic	GRCh38	99097
single nucleotide variant	NM_000350.3(ABCA4):c.1917C>A (p.Tyr639Ter)	24	ABCA4	Pathogenic	GRCh38	99098
single nucleotide variant	NM_000350.3(ABCA4):c.1922G>C (p.Cys641Ser)	24	ABCA4	Likely pathogenic	GRCh38	99100
single nucleotide variant	NM_000350.3(ABCA4):c.1933G>A (p.Asp645Asn)	24	ABCA4	Pathogenic	GRCh38	99103
single nucleotide variant	NM_000350.3(ABCA4):c.1937+1G>A	24	ABCA4	Pathogenic	GRCh38	99104
single nucleotide variant	NM_000350.3(ABCA4):c.1938-1G>A	24	ABCA4	Likely pathogenic	GRCh38	99106
single nucleotide variant	NM_000350.3(ABCA4):c.194G>A (p.Gly65Glu)	24	ABCA4	Pathogenic/Likely pathogenic	GRCh38	99107
single nucleotide variant	NM_000350.3(ABCA4):c.1957C>T (p.Arg653Cys)	24	ABCA4	Pathogenic	GRCh38	99108
single nucleotide variant	NM_000350.3(ABCA4):c.1A>G (p.Met1Val)	24	ABCA4	Pathogenic	GRCh38	99110
single nucleotide variant	NM_000350.3(ABCA4):c.203C>G (p.Pro68Arg)	24	ABCA4	Pathogenic/Likely pathogenic	GRCh38	99112
single nucleotide variant	NM_000350.3(ABCA4):c.203C>T (p.Pro68Leu)	24	ABCA4	Pathogenic	GRCh38	99113
single nucleotide variant	NM_000350.3(ABCA4):c.2041C>T (p.Arg681Ter)	24	ABCA4	Pathogenic	GRCh38	99114
single nucleotide variant	NM_000350.3(ABCA4):c.2099G>A (p.Trp700Ter)	24	ABCA4	Pathogenic	GRCh38	99117
single nucleotide variant	NM_000350.3(ABCA4):c.214G>A (p.Gly72Arg)	24	ABCA4	Pathogenic/Likely pathogenic	GRCh38	99120
single nucleotide variant	NM_000350.3(ABCA4):c.2160+1G>C	24	ABCA4	Pathogenic	GRCh38	99121
single nucleotide variant	NM_000350.3(ABCA4):c.223T>G (p.Cys75Gly)	24	ABCA4	Pathogenic	GRCh38	99122
single nucleotide variant	NM_000350.3(ABCA4):c.2291G>A (p.Cys764Tyr)	24	ABCA4	Pathogenic/Likely pathogenic	GRCh38	99123
single nucleotide variant	NM_000350.3(ABCA4):c.2294G>A (p.Ser765Asn)	24	ABCA4	Pathogenic/Likely pathogenic	GRCh38	99125
single nucleotide variant	NM_000350.3(ABCA4):c.2295T>G (p.Ser765Arg)	24	ABCA4	Pathogenic	GRCh38	99126
single nucleotide variant	NM_000350.3(ABCA4):c.2300T>A (p.Val767Asp)	24	ABCA4	Pathogenic/Likely pathogenic	GRCh38	99127
single nucleotide variant	NM_000350.3(ABCA4):c.2390T>C (p.Leu797Pro)	24	ABCA4	Likely pathogenic	GRCh38	99133
single nucleotide variant	NM_000350.3(ABCA4):c.2453G>A (p.Gly818Glu)	24	ABCA4	Pathogenic	GRCh38	99135
single nucleotide variant	NM_000350.3(ABCA4):c.2461T>A (p.Trp821Arg)	24	ABCA4	Pathogenic	GRCh38	99136
single nucleotide variant	NM_000350.3(ABCA4):c.2552G>A (p.Gly851Asp)	24	ABCA4	Likely pathogenic	GRCh38	99142
single nucleotide variant	NM_000350.3(ABCA4):c.2564G>A (p.Trp855Ter)	24	ABCA4	Pathogenic	GRCh38	99144
single nucleotide variant	NM_000350.3(ABCA4):c.2587+1G>A	24	ABCA4	Pathogenic	GRCh38	99147
single nucleotide variant	NM_000350.3(ABCA4):c.2617T>C (p.Phe873Leu)	24	ABCA4	Pathogenic	GRCh38	99149
single nucleotide variant	NM_000350.3(ABCA4):c.2804T>C (p.Val935Ala)	24	ABCA4	Pathogenic/Likely pathogenic	GRCh38	99159
single nucleotide variant	NM_000350.3(ABCA4):c.2827C>T (p.Arg943Trp)	24	ABCA4	Pathogenic/Likely pathogenic	GRCh38	99162
single nucleotide variant	NM_000350.3(ABCA4):c.286A>C (p.Asn96His)	24	ABCA4	Pathogenic/Likely pathogenic	GRCh38	99165
single nucleotide variant	NM_000350.3(ABCA4):c.286A>G (p.Asn96Asp)	24	ABCA4	Pathogenic/Likely pathogenic	GRCh38	99166
single nucleotide variant	NM_000350.3(ABCA4):c.2870A>G (p.Gln957Arg)	24	ABCA4	Likely pathogenic	GRCh38	99167
single nucleotide variant	NM_000350.3(ABCA4):c.2876C>T (p.Thr959Ile)	24	ABCA4	Likely pathogenic	GRCh38	99168
single nucleotide variant	NM_000350.3(ABCA4):c.2893A>G (p.Asn965Asp)	24	ABCA4	Likely pathogenic	GRCh38	99172
single nucleotide variant	NM_000350.3(ABCA4):c.2912C>A (p.Thr971Asn)	24	ABCA4	Pathogenic/Likely pathogenic	GRCh38	99173
single nucleotide variant	NM_000350.3(ABCA4):c.2915C>A (p.Thr972Asn)	24	ABCA4	Pathogenic/Likely pathogenic	GRCh38	99174
single nucleotide variant	NM_000350.3(ABCA4):c.2933G>A (p.Gly978Asp)	24	ABCA4	Likely pathogenic	GRCh38	99177
single nucleotide variant	NM_000350.3(ABCA4):c.2948C>T (p.Thr983Ile)	24	ABCA4	Pathogenic/Likely pathogenic	GRCh38	99178
single nucleotide variant	NM_000350.3(ABCA4):c.2971G>T (p.Gly991Ter)	24	ABCA4	Pathogenic	GRCh38	99183
single nucleotide variant	NM_000350.3(ABCA4):c.298T>C (p.Ser100Pro)	24	ABCA4	Pathogenic/Likely pathogenic	GRCh38	99185
single nucleotide variant	NM_000350.3(ABCA4):c.302+1G>A	24	ABCA4	Pathogenic/Likely pathogenic	GRCh38	99187
single nucleotide variant	NM_000350.3(ABCA4):c.3041T>G (p.Leu1014Arg)	24	ABCA4	Pathogenic/Likely pathogenic	GRCh38	99191
single nucleotide variant	NM_000350.3(ABCA4):c.3050+5G>A	24	ABCA4	Pathogenic	GRCh38	99192
single nucleotide variant	NM_000350.3(ABCA4):c.3055A>G (p.Thr1019Ala)	24	ABCA4	Pathogenic/Likely pathogenic	GRCh38	99194
single nucleotide variant	NM_000350.3(ABCA4):c.3064G>A (p.Glu1022Lys)	24	ABCA4	Pathogenic/Likely pathogenic	GRCh38	99196
single nucleotide variant	NM_000350.3(ABCA4):c.3085C>T (p.Gln1029Ter)	24	ABCA4	Pathogenic	GRCh38	99197
single nucleotide variant	NM_000350.3(ABCA4):c.3191-2A>G	24	ABCA4	Pathogenic	GRCh38	99205
single nucleotide variant	NM_000350.3(ABCA4):c.3212C>T (p.Ser1071Leu)	24	ABCA4	Pathogenic	GRCh38	99208
single nucleotide variant	NM_000350.3(ABCA4):c.3259G>A (p.Glu1087Lys)	24	ABCA4	Pathogenic	GRCh38	99211
single nucleotide variant	NM_000350.3(ABCA4):c.3261A>C (p.Glu1087Asp)	24	ABCA4	Pathogenic/Likely pathogenic	GRCh38	99212
single nucleotide variant	NM_000350.3(ABCA4):c.3272G>A (p.Gly1091Glu)	24	ABCA4	Likely pathogenic	GRCh38	99213
single nucleotide variant	NM_000350.3(ABCA4):c.3295T>C (p.Ser1099Pro)	24	ABCA4	Pathogenic	GRCh38	99216
single nucleotide variant	NM_000350.3(ABCA4):c.32T>C (p.Leu11Pro)	24	ABCA4	Pathogenic	GRCh38	99217
single nucleotide variant	NM_000350.3(ABCA4):c.3303G>A (p.Trp1101Ter)	24	ABCA4	Pathogenic	GRCh38	99218
single nucleotide variant	NM_000350.3(ABCA4):c.3323G>A (p.Arg1108His)	24	ABCA4	Pathogenic	GRCh38	99219
single nucleotide variant	NM_000350.3(ABCA4):c.3323G>T (p.Arg1108Leu)	24	ABCA4	Pathogenic/Likely pathogenic	GRCh38	99220
single nucleotide variant	NM_000350.3(ABCA4):c.3335C>A (p.Thr1112Asn)	24	ABCA4	Pathogenic	GRCh38	99222
single nucleotide variant	NM_000350.3(ABCA4):c.3386G>T (p.Arg1129Leu)	24	ABCA4	Pathogenic	GRCh38	99224
single nucleotide variant	NM_000350.3(ABCA4):c.3531C>A (p.Cys1177Ter)	24	ABCA4	Pathogenic	GRCh38	99230
single nucleotide variant	NM_000350.3(ABCA4):c.3607+1G>A	24	ABCA4	Likely pathogenic	GRCh38	99231
single nucleotide variant	NM_000350.3(ABCA4):c.3749T>C (p.Leu1250Pro)	24	ABCA4	Likely pathogenic	GRCh38	99237
single nucleotide variant	NM_000350.3(ABCA4):c.3754G>T (p.Glu1252Ter)	24	ABCA4	Pathogenic	GRCh38	99238
single nucleotide variant	NM_000350.3(ABCA4):c.3808G>T (p.Glu1270Ter)	24	ABCA4	Pathogenic	GRCh38	99240
single nucleotide variant	NM_000350.3(ABCA4):c.3862+1G>A	24	ABCA4	Pathogenic	GRCh38	99243
single nucleotide variant	NM_000350.3(ABCA4):c.3874C>T (p.Gln1292Ter)	24	ABCA4	Pathogenic	GRCh38	99244
single nucleotide variant	NM_000350.3(ABCA4):c.3898C>T (p.Arg1300Ter)	24	ABCA4	Pathogenic	GRCh38	99245
single nucleotide variant	NM_000350.3(ABCA4):c.3994C>T (p.Gln1332Ter)	24	ABCA4	Pathogenic	GRCh38	99249
single nucleotide variant	NM_000350.3(ABCA4):c.4163T>C (p.Leu1388Pro)	24	ABCA4	Pathogenic	GRCh38	99254
single nucleotide variant	NM_000350.3(ABCA4):c.4195G>A (p.Glu1399Lys)	24	ABCA4	Pathogenic/Likely pathogenic	GRCh38	99256
single nucleotide variant	NM_000350.3(ABCA4):c.4216C>T (p.His1406Tyr)	24	ABCA4	Pathogenic	GRCh38	99259
single nucleotide variant	NM_000350.3(ABCA4):c.4223G>T (p.Trp1408Leu)	24	ABCA4	Pathogenic	GRCh38	99261
single nucleotide variant	NM_000350.3(ABCA4):c.4253+1G>T	24	ABCA4	Pathogenic	GRCh38	99264
single nucleotide variant	NM_000350.3(ABCA4):c.4253+43G>A	24	ABCA4	Pathogenic	GRCh38	99265
single nucleotide variant	NM_000350.3(ABCA4):c.4253+4C>T	24	ABCA4	Pathogenic/Likely pathogenic	GRCh38	99266
single nucleotide variant	NM_000350.3(ABCA4):c.4253+5G>T	24	ABCA4	Pathogenic	GRCh38	99267
single nucleotide variant	NM_000350.3(ABCA4):c.4254-2A>G	24	ABCA4	Pathogenic	GRCh38	99268
single nucleotide variant	NM_000350.3(ABCA4):c.428C>T (p.Pro143Leu)	24	ABCA4	Pathogenic/Likely pathogenic	GRCh38	99273
single nucleotide variant	NM_000350.3(ABCA4):c.4316G>A (p.Gly1439Asp)	24	ABCA4	Pathogenic/Likely pathogenic	GRCh38	99275
single nucleotide variant	NM_000350.3(ABCA4):c.4318T>G (p.Phe1440Val)	24	ABCA4	Likely pathogenic	GRCh38	99276
single nucleotide variant	NM_000350.3(ABCA4):c.4319T>C (p.Phe1440Ser)	24	ABCA4	Pathogenic/Likely pathogenic	GRCh38	99277
single nucleotide variant	NM_000350.3(ABCA4):c.4328G>A (p.Arg1443His)	24	ABCA4	Pathogenic/Likely pathogenic	GRCh38	99278
single nucleotide variant	NM_000350.3(ABCA4):c.4436G>A (p.Trp1479Ter)	24	ABCA4	Pathogenic	GRCh38	99282
single nucleotide variant	NM_000350.3(ABCA4):c.4457C>T (p.Pro1486Leu)	24	ABCA4	Pathogenic	GRCh38	99283
single nucleotide variant	NM_000350.3(ABCA4):c.4462T>C (p.Cys1488Arg)	24	ABCA4	Pathogenic/Likely pathogenic	GRCh38	99284
single nucleotide variant	NM_000350.3(ABCA4):c.4463G>A (p.Cys1488Tyr)	24	ABCA4	Pathogenic/Likely pathogenic	GRCh38	99285
single nucleotide variant	NM_000350.3(ABCA4):c.4463G>T (p.Cys1488Phe)	24	ABCA4	Pathogenic/Likely pathogenic	GRCh38	99286
single nucleotide variant	NM_000350.3(ABCA4):c.4469G>A (p.Cys1490Tyr)	24	ABCA4	Pathogenic	GRCh38	99288
single nucleotide variant	NM_000350.3(ABCA4):c.4506C>A (p.Cys1502Ter)	24	ABCA4	Pathogenic	GRCh38	99289
single nucleotide variant	NM_000350.3(ABCA4):c.4539+1G>T	24	ABCA4	Pathogenic	GRCh38	99294
single nucleotide variant	NM_000350.3(ABCA4):c.454C>T (p.Arg152Ter)	24	ABCA4	Pathogenic	GRCh38	99300
single nucleotide variant	NM_000350.3(ABCA4):c.4577C>T (p.Thr1526Met)	24	ABCA4	Pathogenic	GRCh38	99303
single nucleotide variant	NM_000350.3(ABCA4):c.4594G>A (p.Asp1532Asn)	24	ABCA4	Pathogenic/Likely pathogenic	GRCh38	99304
single nucleotide variant	NM_000350.3(ABCA4):c.45G>A (p.Trp15Ter)	24	ABCA4	Pathogenic	GRCh38	99305
single nucleotide variant	NM_000350.3(ABCA4):c.4667+2T>C	24	ABCA4	Pathogenic	GRCh38	99307
single nucleotide variant	NM_000350.3(ABCA4):c.4748T>C (p.Leu1583Pro)	24	ABCA4	Pathogenic/Likely pathogenic	GRCh38	99316
single nucleotide variant	NM_000350.3(ABCA4):c.4773+1G>T	24	ABCA4	Pathogenic	GRCh38	99317
single nucleotide variant	NM_000350.3(ABCA4):c.4793C>A (p.Ala1598Asp)	24	ABCA4	Pathogenic/Likely pathogenic	GRCh38	99321
single nucleotide variant	NM_000350.3(ABCA4):c.4849-1G>C	24	ABCA4	Pathogenic	GRCh38	99324
single nucleotide variant	NM_000350.3(ABCA4):c.4854G>A (p.Trp1618Ter)	24	ABCA4	Pathogenic	GRCh38	99325
single nucleotide variant	NM_000350.3(ABCA4):c.4892T>C (p.Leu1631Pro)	24	ABCA4	Likely pathogenic	GRCh38	99328
single nucleotide variant	NM_000350.3(ABCA4):c.4919G>A (p.Arg1640Gln)	24	ABCA4	Pathogenic/Likely pathogenic	GRCh38	99331
single nucleotide variant	NM_000350.3(ABCA4):c.4954T>G (p.Tyr1652Asp)	24	ABCA4	Pathogenic	GRCh38	99334
single nucleotide variant	NM_000350.3(ABCA4):c.4956T>G (p.Tyr1652Ter)	24	ABCA4	Pathogenic	GRCh38	99335
single nucleotide variant	NM_000350.3(ABCA4):c.5018+2T>A	24	ABCA4	Pathogenic	GRCh38	99337
single nucleotide variant	NM_000350.3(ABCA4):c.5018+2T>C	24	ABCA4	Pathogenic	GRCh38	99338
single nucleotide variant	NM_000350.3(ABCA4):c.5065T>C (p.Ser1689Pro)	24	ABCA4	Pathogenic/Likely pathogenic	GRCh38	99342
single nucleotide variant	NM_000350.3(ABCA4):c.5087G>A (p.Ser1696Asn)	24	ABCA4	Pathogenic/Likely pathogenic	GRCh38	99344
single nucleotide variant	NM_000350.3(ABCA4):c.5114G>T (p.Arg1705Leu)	24	ABCA4	Likely pathogenic	GRCh38	99346
single nucleotide variant	NM_000350.3(ABCA4):c.5186T>C (p.Leu1729Pro)	24	ABCA4	Pathogenic	GRCh38	99350
single nucleotide variant	NM_000350.3(ABCA4):c.5196+1G>A	24	ABCA4	Pathogenic	GRCh38	99351
single nucleotide variant	NM_000350.3(ABCA4):c.5196+2T>C	24	ABCA4	Pathogenic/Likely pathogenic	GRCh38	99355
single nucleotide variant	NM_000350.3(ABCA4):c.5206T>C (p.Ser1736Pro)	24	ABCA4	Likely pathogenic	GRCh38	99357
single nucleotide variant	NM_000350.3(ABCA4):c.5242G>A (p.Gly1748Arg)	24	ABCA4	Pathogenic/Likely pathogenic	GRCh38	99361
single nucleotide variant	NM_000350.3(ABCA4):c.5248C>T (p.Gln1750Ter)	24	ABCA4	Pathogenic	GRCh38	99362
single nucleotide variant	NM_000350.3(ABCA4):c.5288T>C (p.Leu1763Pro)	24	ABCA4	Pathogenic	GRCh38	99365
single nucleotide variant	NM_000350.3(ABCA4):c.5316G>A (p.Trp1772Ter)	24	ABCA4	Pathogenic/Likely pathogenic	GRCh38	99367
single nucleotide variant	NM_000350.3(ABCA4):c.5337C>G (p.Tyr1779Ter)	24	ABCA4	Pathogenic/Likely pathogenic	GRCh38	99370
single nucleotide variant	NM_000350.3(ABCA4):c.5381C>A (p.Ala1794Asp)	24	ABCA4	Pathogenic/Likely pathogenic	GRCh38	99371
single nucleotide variant	NM_000350.3(ABCA4):c.5395A>G (p.Asn1799Asp)	24	ABCA4	Pathogenic/Likely pathogenic	GRCh38	99372
single nucleotide variant	NM_000350.3(ABCA4):c.5413A>G (p.Asn1805Asp)	24	ABCA4	Pathogenic/Likely pathogenic	GRCh38	99373
single nucleotide variant	NM_000350.3(ABCA4):c.5460+1G>A	24	ABCA4	Pathogenic	GRCh38	99375
single nucleotide variant	NM_000350.3(ABCA4):c.5512C>G (p.His1838Asp)	24	ABCA4	Pathogenic/Likely pathogenic	GRCh38	99380
single nucleotide variant	NM_000350.3(ABCA4):c.5512C>T (p.His1838Tyr)	24	ABCA4	Pathogenic/Likely pathogenic	GRCh38	99381
single nucleotide variant	NM_000350.3(ABCA4):c.5527C>T (p.Arg1843Trp)	24	ABCA4	Pathogenic/Likely pathogenic	GRCh38	99382
single nucleotide variant	NM_000350.3(ABCA4):c.5537T>C (p.Ile1846Thr)	24	ABCA4	Pathogenic/Likely pathogenic	GRCh38	99383
single nucleotide variant	NM_000350.3(ABCA4):c.5584+6T>C	24	ABCA4	Pathogenic	GRCh38	99385
single nucleotide variant	NM_000350.3(ABCA4):c.5657G>A (p.Gly1886Glu)	24	ABCA4	Likely pathogenic	GRCh38	99394
single nucleotide variant	NM_000350.3(ABCA4):c.5687T>A (p.Val1896Asp)	24	ABCA4	Likely pathogenic	GRCh38	99397
single nucleotide variant	NM_000350.3(ABCA4):c.571-1G>T	24	ABCA4	Pathogenic/Likely pathogenic	GRCh38	99400
single nucleotide variant	NM_000350.3(ABCA4):c.571-2A>G	24	ABCA4	Pathogenic	GRCh38	99402
single nucleotide variant	NM_000350.3(ABCA4):c.5714+5G>A	24	ABCA4	Pathogenic	GRCh38	99403
single nucleotide variant	NM_000350.3(ABCA4):c.5761G>A (p.Val1921Met)	24	ABCA4	Pathogenic/Likely pathogenic	GRCh38	99406
single nucleotide variant	NM_000350.3(ABCA4):c.5914G>A (p.Gly1972Arg)	24	ABCA4	Pathogenic	GRCh38	99418
single nucleotide variant	NM_000350.3(ABCA4):c.5923G>C (p.Gly1975Arg)	24	ABCA4	Pathogenic/Likely pathogenic	GRCh38	99420
single nucleotide variant	NM_000350.3(ABCA4):c.5929G>A (p.Gly1977Ser)	24	ABCA4	Pathogenic/Likely pathogenic	GRCh38	99421
single nucleotide variant	NM_000350.3(ABCA4):c.5936C>T (p.Thr1979Ile)	24	ABCA4	Pathogenic/Likely pathogenic	GRCh38	99422
single nucleotide variant	NM_000350.3(ABCA4):c.6005+1G>T	24	ABCA4	Pathogenic/Likely pathogenic	GRCh38	99425
single nucleotide variant	NM_000350.3(ABCA4):c.6089G>A (p.Arg2030Gln)	24	ABCA4	Pathogenic	GRCh38	99428
single nucleotide variant	NM_000350.3(ABCA4):c.6104T>C (p.Leu2035Pro)	24	ABCA4	Likely pathogenic	GRCh38	99429
single nucleotide variant	NM_000350.3(ABCA4):c.6112C>T (p.Arg2038Trp)	24	ABCA4	Pathogenic	GRCh38	99430
single nucleotide variant	NM_000350.3(ABCA4):c.6118C>T (p.Arg2040Ter)	24	ABCA4	Pathogenic	GRCh38	99431
single nucleotide variant	NM_000350.3(ABCA4):c.6166A>T (p.Lys2056Ter)	24	ABCA4	Pathogenic	GRCh38	99432
single nucleotide variant	NM_000350.3(ABCA4):c.6179T>G (p.Leu2060Arg)	24	ABCA4	Pathogenic	GRCh38	99433
single nucleotide variant	NM_000350.3(ABCA4):c.6229C>G (p.Arg2077Gly)	24	ABCA4	Pathogenic/Likely pathogenic	GRCh38	99437
single nucleotide variant	NM_000350.3(ABCA4):c.6229C>T (p.Arg2077Trp)	24	ABCA4	Pathogenic	GRCh38	99438
single nucleotide variant	NM_000350.3(ABCA4):c.6316C>T (p.Arg2106Cys)	24	ABCA4	Pathogenic/Likely pathogenic	GRCh38	99447
single nucleotide variant	NM_000350.3(ABCA4):c.6320G>A (p.Arg2107His)	24	ABCA4	Pathogenic	GRCh38	99448
single nucleotide variant	NM_000350.3(ABCA4):c.6329G>A (p.Trp2110Ter)	24	ABCA4	Pathogenic	GRCh38	99450
single nucleotide variant	NM_000350.3(ABCA4):c.6339C>G (p.Ile2113Met)	24	ABCA4	Likely pathogenic	GRCh38	99451
single nucleotide variant	NM_000350.3(ABCA4):c.6342G>A (p.Val2114=)	24	ABCA4	Pathogenic/Likely pathogenic	GRCh38	99452
single nucleotide variant	NM_000350.3(ABCA4):c.6383A>G (p.His2128Arg)	24	ABCA4	Pathogenic	GRCh38	99455
single nucleotide variant	NM_000350.3(ABCA4):c.6386+2C>G	24	ABCA4	Pathogenic	GRCh38	99456
single nucleotide variant	NM_000350.3(ABCA4):c.6391G>A (p.Glu2131Lys)	24	ABCA4	Pathogenic/Likely pathogenic	GRCh38	99457
single nucleotide variant	NM_000350.3(ABCA4):c.6415C>T (p.Arg2139Trp)	24	ABCA4	Pathogenic	GRCh38	99458
single nucleotide variant	NM_000350.3(ABCA4):c.6437G>A (p.Gly2146Asp)	24	ABCA4	Likely pathogenic	GRCh38	99459
single nucleotide variant	NM_000350.3(ABCA4):c.6445C>T (p.Arg2149Ter)	24	ABCA4	Pathogenic	GRCh38	99460
single nucleotide variant	NM_000350.3(ABCA4):c.6446G>T (p.Arg2149Leu)	24	ABCA4	Likely pathogenic	GRCh38	99461
single nucleotide variant	NM_000350.3(ABCA4):c.6448T>C (p.Cys2150Arg)	24	ABCA4	Likely pathogenic	GRCh38	99462
single nucleotide variant	NM_000350.3(ABCA4):c.6449G>A (p.Cys2150Tyr)	24	ABCA4	Pathogenic	GRCh38	99463
single nucleotide variant	NM_000350.3(ABCA4):c.6563T>C (p.Phe2188Ser)	24	ABCA4	Pathogenic	GRCh38	99468
single nucleotide variant	NM_000350.3(ABCA4):c.658C>T (p.Arg220Cys)	24	ABCA4	Pathogenic/Likely pathogenic	GRCh38	99471
single nucleotide variant	NM_000350.3(ABCA4):c.6609C>A (p.Tyr2203Ter)	24	ABCA4	Pathogenic	GRCh38	99473
single nucleotide variant	NM_000350.3(ABCA4):c.6658C>T (p.Gln2220Ter)	24	ABCA4	Pathogenic	GRCh38	99476
single nucleotide variant	NM_000350.3(ABCA4):c.6686T>C (p.Leu2229Pro)	24	ABCA4	Pathogenic/Likely pathogenic	GRCh38	99481
single nucleotide variant	NM_000350.3(ABCA4):c.70C>T (p.Arg24Cys)	24	ABCA4	Pathogenic/Likely pathogenic	GRCh38	99497
single nucleotide variant	NM_000350.3(ABCA4):c.71G>A (p.Arg24His)	24	ABCA4	Pathogenic/Likely pathogenic	GRCh38	99498
single nucleotide variant	NM_000350.3(ABCA4):c.731T>C (p.Leu244Pro)	24	ABCA4	Pathogenic/Likely pathogenic	GRCh38	99500
single nucleotide variant	NM_000350.3(ABCA4):c.768G>T (p.Val256=)	24	ABCA4	Pathogenic/Likely pathogenic	GRCh38	99505
single nucleotide variant	NM_000350.3(ABCA4):c.926C>G (p.Pro309Arg)	24	ABCA4	Pathogenic/Likely pathogenic	GRCh38	99513
single nucleotide variant	NM_000350.3(ABCA4):c.982G>T (p.Glu328Ter)	24	ABCA4	Pathogenic	GRCh38	99517
single nucleotide variant	NM_000350.3(ABCA4):c.983A>T (p.Glu328Val)	24	ABCA4	Pathogenic/Likely pathogenic	GRCh38	99518
single nucleotide variant	NM_000350.3(ABCA4):c.3595C>T (p.Gln1199Ter)	24	ABCA4	Pathogenic	GRCh38	100555
single nucleotide variant	NM_000350.3(ABCA4):c.2798A>T (p.Asn933Ile)	24	ABCA4	Pathogenic	GRCh38	143074
single nucleotide variant	NM_000350.3(ABCA4):c.6119G>A (p.Arg2040Gln)	24	ABCA4	Pathogenic/Likely pathogenic	GRCh38	143076
single nucleotide variant	NM_000350.3(ABCA4):c.4852T>A (p.Trp1618Arg)	24	ABCA4	Likely pathogenic	GRCh38	190984
single nucleotide variant	NM_000350.3(ABCA4):c.2815G>T (p.Glu939Ter)	24	ABCA4	Likely pathogenic	GRCh38	190985
single nucleotide variant	NM_000350.3(ABCA4):c.1253T>C (p.Phe418Ser)	24	ABCA4	Pathogenic/Likely pathogenic	GRCh38	193580
single nucleotide variant	NM_000350.3(ABCA4):c.4429C>T (p.Gln1477Ter)	24	ABCA4	Pathogenic	GRCh38	196609
single nucleotide variant	NM_000350.3(ABCA4):c.5549T>C (p.Leu1850Pro)	24	ABCA4	Pathogenic/Likely pathogenic	GRCh38	197055
single nucleotide variant	NM_000350.3(ABCA4):c.880C>T (p.Gln294Ter)	24	ABCA4	Pathogenic	GRCh38	198720
single nucleotide variant	NM_000350.3(ABCA4):c.1964T>G (p.Phe655Cys)	24	ABCA4	Pathogenic/Likely pathogenic	GRCh38	212727
single nucleotide variant	NM_000350.3(ABCA4):c.4539+2028C>T	24	ABCA4	Pathogenic	GRCh38	236116
single nucleotide variant	NM_000350.3(ABCA4):c.6713A>G (p.Gln2238Arg)	24	ABCA4	Likely pathogenic	GRCh38	236150
single nucleotide variant	NM_000350.3(ABCA4):c.6647C>T (p.Ala2216Val)	24	ABCA4	Pathogenic	GRCh38	236149
single nucleotide variant	NM_000350.3(ABCA4):c.6326T>C (p.Leu2109Pro)	24	ABCA4	Pathogenic/Likely pathogenic	GRCh38	236147
single nucleotide variant	NM_000350.3(ABCA4):c.6230G>A (p.Arg2077Gln)	24	ABCA4	Pathogenic	GRCh38	236145
single nucleotide variant	NM_000350.3(ABCA4):c.6077T>C (p.Leu2026Pro)	24	ABCA4	Pathogenic/Likely pathogenic	GRCh38	236144
single nucleotide variant	NM_000350.3(ABCA4):c.5942C>G (p.Thr1981Arg)	24	ABCA4	Likely pathogenic	GRCh38	236142
single nucleotide variant	NM_000350.3(ABCA4):c.5909T>C (p.Leu1970Pro)	24	ABCA4	Likely pathogenic	GRCh38	236141
single nucleotide variant	NM_000350.3(ABCA4):c.5881G>A (p.Gly1961Arg)	24	ABCA4	Pathogenic/Likely pathogenic	GRCh38	236140
single nucleotide variant	NM_000350.3(ABCA4):c.5656G>A (p.Gly1886Arg)	24	ABCA4	Likely pathogenic	GRCh38	236137
single nucleotide variant	NM_000350.3(ABCA4):c.5558C>A (p.Ala1853Asp)	24	ABCA4	Likely pathogenic	GRCh38	236135
single nucleotide variant	NM_000350.3(ABCA4):c.5513A>G (p.His1838Arg)	24	ABCA4	Pathogenic/Likely pathogenic	GRCh38	236134
single nucleotide variant	NM_000350.3(ABCA4):c.5512C>A (p.His1838Asn)	24	ABCA4	Pathogenic/Likely pathogenic	GRCh38	236133
single nucleotide variant	NM_000350.3(ABCA4):c.5318C>T (p.Ala1773Val)	24	ABCA4	Pathogenic	GRCh38	236129
single nucleotide variant	NM_000350.3(ABCA4):c.5312+1G>A	24	ABCA4	Pathogenic	GRCh38	236128
single nucleotide variant	NM_000350.3(ABCA4):c.5196+1056A>G	24	ABCA4	Pathogenic/Likely pathogenic	GRCh38	236127
single nucleotide variant	NM_000350.3(ABCA4):c.5189G>A (p.Trp1730Ter)	24	ABCA4	Pathogenic/Likely pathogenic	GRCh38	236125
single nucleotide variant	NM_000350.3(ABCA4):c.5153T>G (p.Val1718Gly)	24	ABCA4	Likely pathogenic	GRCh38	242389
single nucleotide variant	NM_000350.3(ABCA4):c.5137C>A (p.Gln1713Lys)	24	ABCA4	Pathogenic/Likely pathogenic	GRCh38	236124
single nucleotide variant	NM_000350.3(ABCA4):c.4979C>T (p.Pro1660Leu)	24	ABCA4	Pathogenic/Likely pathogenic	GRCh38	236123
single nucleotide variant	NM_000350.3(ABCA4):c.4773+3A>G	24	ABCA4	Pathogenic	GRCh38	236122
single nucleotide variant	NM_000350.3(ABCA4):c.4519G>A (p.Gly1507Arg)	24	ABCA4	Pathogenic/Likely pathogenic	GRCh38	236115
single nucleotide variant	NM_000350.3(ABCA4):c.4354G>T (p.Glu1452Ter)	24	ABCA4	Pathogenic	GRCh38	236114
single nucleotide variant	NM_000350.3(ABCA4):c.4352+1G>A	24	ABCA4	Pathogenic	GRCh38	236113
single nucleotide variant	NM_000350.3(ABCA4):c.4347G>T (p.Trp1449Cys)	24	ABCA4	Likely pathogenic	GRCh38	236112
single nucleotide variant	NM_000350.3(ABCA4):c.4254-1G>C	24	ABCA4	Pathogenic	GRCh38	236111
single nucleotide variant	NM_000350.3(ABCA4):c.4253+5G>A	24	ABCA4	Pathogenic/Likely pathogenic	GRCh38	236110
single nucleotide variant	NM_000350.3(ABCA4):c.4195G>T (p.Glu1399Ter)	24	ABCA4	Pathogenic	GRCh38	236109
single nucleotide variant	NM_000350.3(ABCA4):c.3871C>T (p.Gln1291Ter)	24	ABCA4	Pathogenic	GRCh38	236106
single nucleotide variant	NM_000350.3(ABCA4):c.3815T>C (p.Ile1272Thr)	24	ABCA4	Likely pathogenic	GRCh38	236105
single nucleotide variant	NM_000350.3(ABCA4):c.3813G>A (p.Glu1271=)	24	ABCA4	Likely pathogenic	GRCh38	236104
single nucleotide variant	NM_000350.3(ABCA4):c.3482G>A (p.Arg1161His)	24	ABCA4	Pathogenic/Likely pathogenic	GRCh38	236102
single nucleotide variant	NM_000350.3(ABCA4):c.3377T>C (p.Leu1126Pro)	24	ABCA4	Pathogenic	GRCh38	236101
single nucleotide variant	NM_000350.3(ABCA4):c.3292C>T (p.Arg1098Cys)	24	ABCA4	Pathogenic/Likely pathogenic	GRCh38	236100
single nucleotide variant	NM_000350.3(ABCA4):c.3289A>T (p.Arg1097Ter)	24	ABCA4	Pathogenic	GRCh38	242388
single nucleotide variant	NM_000350.3(ABCA4):c.2894A>G (p.Asn965Ser)	24	ABCA4	Pathogenic	GRCh38	236096
single nucleotide variant	NM_000350.3(ABCA4):c.2875A>G (p.Thr959Ala)	24	ABCA4	Pathogenic/Likely pathogenic	GRCh38	236095
single nucleotide variant	NM_000350.3(ABCA4):c.2692G>T (p.Glu898Ter)	24	ABCA4	Pathogenic	GRCh38	236094
single nucleotide variant	NM_000350.3(ABCA4):c.2609C>T (p.Pro870Leu)	24	ABCA4	Pathogenic/Likely pathogenic	GRCh38	236093
single nucleotide variant	NM_000350.3(ABCA4):c.2160+1G>T	24	ABCA4	Pathogenic/Likely pathogenic	GRCh38	236090
single nucleotide variant	NM_000350.3(ABCA4):c.1918C>G (p.Pro640Ala)	24	ABCA4	Likely pathogenic	GRCh38	236089
single nucleotide variant	NM_000350.3(ABCA4):c.1891G>A (p.Gly631Arg)	24	ABCA4	Pathogenic/Likely pathogenic	GRCh38	236088
single nucleotide variant	NM_000350.3(ABCA4):c.1822T>A (p.Phe608Ile)	24	ABCA4	Pathogenic/Likely pathogenic	GRCh38	236087
single nucleotide variant	NM_000350.3(ABCA4):c.1719G>A (p.Met573Ile)	24	ABCA4	Likely pathogenic	GRCh38	236085
single nucleotide variant	NM_000350.3(ABCA4):c.1584C>A (p.Tyr528Ter)	24	ABCA4	Pathogenic	GRCh38	236082
single nucleotide variant	NM_000350.3(ABCA4):c.1357-2A>G	24	ABCA4	Pathogenic/Likely pathogenic	GRCh38	236081
single nucleotide variant	NM_000350.3(ABCA4):c.1293G>A (p.Trp431Ter)	24	ABCA4	Pathogenic	GRCh38	236080
single nucleotide variant	NM_000350.3(ABCA4):c.1239+1G>C	24	ABCA4	Pathogenic	GRCh38	236079
single nucleotide variant	NM_000350.3(ABCA4):c.1086T>A (p.Tyr362Ter)	24	ABCA4	Pathogenic	GRCh38	236078
single nucleotide variant	NM_000350.3(ABCA4):c.206G>A (p.Trp69Ter)	24	ABCA4	Pathogenic	GRCh38	236074
single nucleotide variant	NM_000350.3(ABCA4):c.160+2T>C	24	ABCA4	Pathogenic	GRCh38	236072
single nucleotide variant	NM_000350.3(ABCA4):c.160T>G (p.Cys54Gly)	24	ABCA4	Likely pathogenic	GRCh38	236071
single nucleotide variant	NM_000350.3(ABCA4):c.86T>G (p.Leu29Arg)	24	ABCA4	Likely pathogenic	GRCh38	236070
single nucleotide variant	NM_000350.3(ABCA4):c.67-1G>C	24	ABCA4	Pathogenic	GRCh38	236069
single nucleotide variant	NM_000350.3(ABCA4):c.1873C>T (p.Gln625Ter)	24	ABCA4	Pathogenic	GRCh38	236515
single nucleotide variant	NM_000350.3(ABCA4):c.1906C>T (p.Gln636Ter)	24	ABCA4	Pathogenic	GRCh38	265012
single nucleotide variant	NM_000350.3(ABCA4):c.1529T>C (p.Leu510Pro)	24	ABCA4	Pathogenic/Likely pathogenic	GRCh38	265011
single nucleotide variant	NM_000350.3(ABCA4):c.655A>T (p.Arg219Ter)	24	ABCA4	Pathogenic	GRCh38	265008
single nucleotide variant	NM_000350.3(ABCA4):c.5333T>A (p.Met1778Lys)	24	ABCA4	Likely pathogenic	GRCh38	265997
single nucleotide variant	NM_000350.3(ABCA4):c.1339C>T (p.Gln447Ter)	24	ABCA4	Pathogenic/Likely pathogenic	GRCh38	265996
single nucleotide variant	NM_000350.3(ABCA4):c.853C>T (p.Gln285Ter)	24	ABCA4	Pathogenic	GRCh38	280811
single nucleotide variant	NM_000350.3(ABCA4):c.3G>T (p.Met1Ile)	24	ABCA4	Pathogenic	GRCh38	280328
single nucleotide variant	NM_000350.3(ABCA4):c.1100-2A>T	24	ABCA4	Pathogenic/Likely pathogenic	GRCh38	280916
single nucleotide variant	NM_000350.3(ABCA4):c.6113G>A (p.Arg2038Gln)	24	ABCA4	Likely pathogenic	GRCh38	282260
single nucleotide variant	NM_000350.3(ABCA4):c.2023G>A (p.Val675Ile)	24	ABCA4	Pathogenic/Likely pathogenic	GRCh38	288341
single nucleotide variant	NM_000350.3(ABCA4):c.3056C>T (p.Thr1019Met)	24	ABCA4	Pathogenic	GRCh38	289310
single nucleotide variant	NM_000350.3(ABCA4):c.3385C>T (p.Arg1129Cys)	24	ABCA4	Pathogenic/Likely pathogenic	GRCh38	298251
single nucleotide variant	NM_000350.3(ABCA4):c.6416G>C (p.Arg2139Pro)	24	ABCA4	Pathogenic	GRCh38	298222
single nucleotide variant	NM_000350.3(ABCA4):c.1988G>A (p.Trp663Ter)	24	ABCA4	Pathogenic/Likely pathogenic	GRCh38	372289
single nucleotide variant	NM_000350.3(ABCA4):c.3682G>T (p.Glu1228Ter)	24	ABCA4	Pathogenic/Likely pathogenic	GRCh38	372579
single nucleotide variant	NM_000350.3(ABCA4):c.1834C>T (p.Gln612Ter)	24	ABCA4	Pathogenic	GRCh38	372288
single nucleotide variant	NM_000350.3(ABCA4):c.6816+1G>A	24	ABCA4	Pathogenic	GRCh38	372292
single nucleotide variant	NM_000350.3(ABCA4):c.3403C>T (p.Gln1135Ter)	24	ABCA4	Pathogenic	GRCh38	372291
single nucleotide variant	NM_000350.3(ABCA4):c.688T>A (p.Cys230Ser)	24	ABCA4	Pathogenic	GRCh38	373916
single nucleotide variant	NM_000350.3(ABCA4):c.5898+1G>A	24	ABCA4	Pathogenic	GRCh38	377408
single nucleotide variant	NM_000350.3(ABCA4):c.2537A>T (p.Asp846Val)	24	ABCA4	Pathogenic/Likely pathogenic	GRCh38	389679
single nucleotide variant	NM_000350.3(ABCA4):c.1919C>T (p.Pro640Leu)	24	ABCA4	Pathogenic/Likely pathogenic	GRCh38	377403
single nucleotide variant	NM_000350.3(ABCA4):c.6317G>A (p.Arg2106His)	24	ABCA4	Pathogenic/Likely pathogenic	GRCh38	377409
single nucleotide variant	NM_000350.3(ABCA4):c.5646G>A (p.Met1882Ile)	24	ABCA4	Pathogenic/Likely pathogenic	GRCh38	377407
single nucleotide variant	NM_000350.3(ABCA4):c.5572T>A (p.Tyr1858Asn)	24	ABCA4	Pathogenic/Likely pathogenic	GRCh38	377406
single nucleotide variant	NM_000350.3(ABCA4):c.1531C>T (p.Arg511Cys)	24	ABCA4	Pathogenic	GRCh38	377402
single nucleotide variant	NM_000350.3(ABCA4):c.6284A>T (p.Asp2095Val)	24	ABCA4	Likely pathogenic	GRCh38	417995
single nucleotide variant	NM_000350.3(ABCA4):c.5932A>G (p.Lys1978Glu)	24	ABCA4	Pathogenic/Likely pathogenic	GRCh38	417994
single nucleotide variant	NM_000350.3(ABCA4):c.4532C>A (p.Pro1511His)	24	ABCA4	Likely pathogenic	GRCh38	417992
single nucleotide variant	NM_000350.3(ABCA4):c.4326C>A (p.Asn1442Lys)	24	ABCA4	Pathogenic	GRCh38	417991
single nucleotide variant	NM_000350.3(ABCA4):c.4049T>C (p.Leu1350Pro)	24	ABCA4	Likely pathogenic	GRCh38	417990
single nucleotide variant	NM_000350.3(ABCA4):c.3389T>C (p.Ile1130Thr)	24	ABCA4	Pathogenic/Likely pathogenic	GRCh38	417988
single nucleotide variant	NM_000350.3(ABCA4):c.2353C>G (p.Arg785Gly)	24	ABCA4	Pathogenic/Likely pathogenic	GRCh38	417985
single nucleotide variant	NM_000350.3(ABCA4):c.2249T>C (p.Leu750Pro)	24	ABCA4	Likely pathogenic	GRCh38	417984
single nucleotide variant	NM_000350.3(ABCA4):c.2182A>G (p.Ser728Gly)	24	ABCA4	Likely pathogenic	GRCh38	417983
single nucleotide variant	NM_000350.3(ABCA4):c.1958G>A (p.Arg653His)	24	ABCA4	Pathogenic	GRCh38	417982
single nucleotide variant	NM_000350.3(ABCA4):c.1807T>C (p.Tyr603His)	24	ABCA4	Pathogenic/Likely pathogenic	GRCh38	417981
single nucleotide variant	NM_000350.3(ABCA4):c.478G>T (p.Glu160Ter)	24	ABCA4	Pathogenic	GRCh38	417979
single nucleotide variant	NM_000350.3(ABCA4):c.160+5G>C	24	ABCA4	Pathogenic/Likely pathogenic	GRCh38	417978
single nucleotide variant	NM_000350.3(ABCA4):c.6816+2T>A	24	ABCA4	Pathogenic/Likely pathogenic	GRCh38	424900
single nucleotide variant	NM_000350.3(ABCA4):c.4128G>C (p.Gln1376His)	24	ABCA4	Pathogenic/Likely pathogenic	GRCh38	424901
single nucleotide variant	NM_000350.3(ABCA4):c.4873C>T (p.His1625Tyr)	24	ABCA4	Pathogenic/Likely pathogenic	GRCh38	427117
single nucleotide variant	NM_000350.3(ABCA4):c.4637T>G (p.Leu1546Ter)	24	ABCA4	Pathogenic	GRCh38	429819
single nucleotide variant	NM_000350.3(ABCA4):c.37A>G (p.Lys13Glu)	24	ABCA4	Likely pathogenic	GRCh38	429217
single nucleotide variant	NM_000350.3(ABCA4):c.5327C>T (p.Pro1776Leu)	24	ABCA4	Pathogenic/Likely pathogenic	GRCh38	431947
single nucleotide variant	NM_000350.3(ABCA4):c.6226A>G (p.Lys2076Glu)	24	ABCA4	Likely pathogenic	GRCh38	438106
single nucleotide variant	NM_000350.3(ABCA4):c.6098T>G (p.Leu2033Arg)	24	ABCA4	Pathogenic	GRCh38	438105
single nucleotide variant	NM_000350.3(ABCA4):c.6098T>C (p.Leu2033Pro)	24	ABCA4	Pathogenic/Likely pathogenic	GRCh38	438104
single nucleotide variant	NM_000350.3(ABCA4):c.5516T>C (p.Phe1839Ser)	24	ABCA4	Likely pathogenic	GRCh38	438103
single nucleotide variant	NM_000350.3(ABCA4):c.5315G>A (p.Trp1772Ter)	24	ABCA4	Pathogenic	GRCh38	438101
single nucleotide variant	NM_000350.3(ABCA4):c.5196+1137G>A	24	ABCA4	Pathogenic	GRCh38	438100
single nucleotide variant	NM_000350.3(ABCA4):c.5088C>G (p.Ser1696Arg)	24	ABCA4	Likely pathogenic	GRCh38	438099
single nucleotide variant	NM_000350.3(ABCA4):c.5018+5G>A	24	ABCA4	Pathogenic/Likely pathogenic	GRCh38	438098
single nucleotide variant	NM_000350.3(ABCA4):c.4727T>G (p.Leu1576Arg)	24	ABCA4	Likely pathogenic	GRCh38	438097
single nucleotide variant	NM_000350.3(ABCA4):c.4129-1G>A	24	ABCA4	Likely pathogenic	GRCh38	438095
single nucleotide variant	NM_000350.3(ABCA4):c.3299T>A (p.Ile1100Asn)	24	ABCA4	Pathogenic	GRCh38	438094
single nucleotide variant	NM_000350.3(ABCA4):c.3259G>T (p.Glu1087Ter)	24	ABCA4	Pathogenic	GRCh38	438093
single nucleotide variant	NM_000350.3(ABCA4):c.3081T>G (p.Tyr1027Ter)	24	ABCA4	Pathogenic	GRCh38	438092
single nucleotide variant	NM_000350.3(ABCA4):c.2813T>C (p.Phe938Ser)	24	ABCA4	Pathogenic/Likely pathogenic	GRCh38	438091
single nucleotide variant	NM_000350.3(ABCA4):c.1757A>G (p.Asp586Gly)	24	ABCA4	Pathogenic/Likely pathogenic	GRCh38	438089
single nucleotide variant	NM_000350.3(ABCA4):c.1557C>A (p.Cys519Ter)	24	ABCA4	Pathogenic	GRCh38	438088
single nucleotide variant	NM_000350.3(ABCA4):c.1497G>A (p.Trp499Ter)	24	ABCA4	Pathogenic	GRCh38	438087
single nucleotide variant	NM_000350.3(ABCA4):c.1018T>C (p.Tyr340His)	24	ABCA4	Pathogenic/Likely pathogenic	GRCh38	438086
single nucleotide variant	NM_000350.3(ABCA4):c.719T>G (p.Ile240Arg)	24	ABCA4	Likely pathogenic	GRCh38	438108
single nucleotide variant	NM_000350.3(ABCA4):c.712C>T (p.Gln238Ter)	24	ABCA4	Pathogenic	GRCh38	438107
single nucleotide variant	NM_000350.3(ABCA4):c.2184C>A (p.Ser728Arg)	24	ABCA4	Pathogenic/Likely pathogenic	GRCh38	444171
single nucleotide variant	NM_000350.3(ABCA4):c.3481C>T (p.Arg1161Cys)	24	ABCA4	Likely pathogenic	GRCh38	452706
single nucleotide variant	NM_000350.3(ABCA4):c.319C>T (p.Arg107Ter)	24	ABCA4	Pathogenic	GRCh38	488674
single nucleotide variant	NM_000350.3(ABCA4):c.2345G>A (p.Trp782Ter)	24	ABCA4	Pathogenic	GRCh38	498001
single nucleotide variant	NM_000350.3(ABCA4):c.123G>A (p.Trp41Ter)	24	ABCA4	Pathogenic	GRCh38	500506
single nucleotide variant	NM_000350.3(ABCA4):c.4539+2064C>T	24	ABCA4	Pathogenic/Likely pathogenic	GRCh38	511074
single nucleotide variant	NM_000350.3(ABCA4):c.5899-1G>T	24	ABCA4	Pathogenic	GRCh38	522459
single nucleotide variant	NM_000350.3(ABCA4):c.4567C>T (p.Gln1523Ter)	24	ABCA4	Pathogenic/Likely pathogenic	GRCh38	522465
single nucleotide variant	NM_000350.3(ABCA4):c.1819G>C (p.Gly607Arg)	24	ABCA4	Pathogenic	GRCh38	522787
single nucleotide variant	NM_000350.3(ABCA4):c.6232A>C (p.Lys2078Gln)	24	ABCA4	Likely pathogenic	GRCh38	546599
single nucleotide variant	NM_000350.3(ABCA4):c.4539+2001G>A	24	ABCA4	Pathogenic	GRCh38	560421
single nucleotide variant	NM_000350.3(ABCA4):c.2587+2T>C	24	ABCA4	Pathogenic/Likely pathogenic	GRCh38	590903
single nucleotide variant	NM_000350.3(ABCA4):c.716G>A (p.Trp239Ter)	24	ABCA4	Pathogenic	GRCh38	599103
single nucleotide variant	NM_000350.3(ABCA4):c.1714C>T (p.Arg572Ter)	24	ABCA4	Pathogenic	GRCh38	620085
single nucleotide variant	NM_000350.3(ABCA4):c.4070C>A (p.Ala1357Glu)	24	ABCA4	Pathogenic	GRCh38	623693
single nucleotide variant	NM_000350.3(ABCA4):c.2401G>A (p.Ala801Thr)	24	ABCA4	Pathogenic/Likely pathogenic	GRCh38	631618
single nucleotide variant	NM_000350.3(ABCA4):c.5312+3A>T	24	ABCA4	Pathogenic	GRCh38	632118
single nucleotide variant	NM_000350.3(ABCA4):c.5172G>A (p.Trp1724Ter)	24	ABCA4	Pathogenic/Likely pathogenic	GRCh38	634547
single nucleotide variant	NM_000350.3(ABCA4):c.1958G>T (p.Arg653Leu)	24	ABCA4	Likely pathogenic	GRCh38	635441
single nucleotide variant	NM_000350.3(ABCA4):c.1676G>A (p.Trp559Ter)	24	ABCA4	Likely pathogenic	GRCh38	635539
single nucleotide variant	NM_000350.3(ABCA4):c.6478A>G (p.Lys2160Glu)	24	ABCA4	Pathogenic/Likely pathogenic	GRCh38	635991
single nucleotide variant	NM_000350.3(ABCA4):c.6454G>T (p.Gly2152Cys)	24	ABCA4	Likely pathogenic	GRCh38	635990
single nucleotide variant	NM_000350.3(ABCA4):c.6319C>T (p.Arg2107Cys)	24	ABCA4	Pathogenic	GRCh38	635988
single nucleotide variant	NM_000350.3(ABCA4):c.4243A>C (p.Thr1415Pro)	24	ABCA4	Likely pathogenic	GRCh38	635983
single nucleotide variant	NM_000350.3(ABCA4):c.3380G>A (p.Gly1127Glu)	24	ABCA4	Pathogenic	GRCh38	635981
single nucleotide variant	NM_000350.3(ABCA4):c.2613G>A (p.Trp871Ter)	24	ABCA4	Likely pathogenic	GRCh38	635979
single nucleotide variant	NM_000350.3(ABCA4):c.1529T>G (p.Leu510Arg)	24	ABCA4	Likely pathogenic	GRCh38	635977
single nucleotide variant	NM_000350.3(ABCA4):c.6386+1G>A	24	ABCA4	Pathogenic	GRCh38	635989
single nucleotide variant	NM_000350.3(ABCA4):c.4069G>A (p.Ala1357Thr)	24	ABCA4	Pathogenic	GRCh38	636212
single nucleotide variant	NM_000350.3(ABCA4):c.2895T>G (p.Asn965Lys)	24	ABCA4	Likely pathogenic	GRCh38	636146
single nucleotide variant	NM_000350.3(ABCA4):c.1240-8G>A	24	ABCA4	Likely pathogenic	GRCh38	636211
single nucleotide variant	NM_000350.3(ABCA4):c.6221G>T (p.Gly2074Val)	24	ABCA4	Pathogenic/Likely pathogenic	GRCh38	689736
single nucleotide variant	NM_000350.3(ABCA4):c.5714+1G>T	24	ABCA4	Pathogenic/Likely pathogenic	GRCh38	801506
single nucleotide variant	NM_000350.3(ABCA4):c.3729T>A (p.Tyr1243Ter)	24	ABCA4	Pathogenic	GRCh38	801512
single nucleotide variant	NM_000350.3(ABCA4):c.3385C>G (p.Arg1129Gly)	24	ABCA4	Likely pathogenic	GRCh38	801515
single nucleotide variant	NM_000350.3(ABCA4):c.2537A>G (p.Asp846Gly)	24	ABCA4	Likely pathogenic	GRCh38	801516
single nucleotide variant	NM_000350.3(ABCA4):c.2161-1G>A	24	ABCA4	Pathogenic	GRCh38	801517
single nucleotide variant	NM_000350.3(ABCA4):c.1846G>A (p.Glu616Lys)	24	ABCA4	Pathogenic/Likely pathogenic	GRCh38	801518
single nucleotide variant	NM_000350.3(ABCA4):c.1364T>A (p.Leu455Gln)	24	ABCA4	Pathogenic	GRCh38	801519
single nucleotide variant	NM_000350.3(ABCA4):c.36G>A (p.Trp12Ter)	24	ABCA4	Pathogenic	GRCh38	801520
single nucleotide variant	NM_000350.3(ABCA4):c.6419T>G (p.Leu2140Arg)	24	ABCA4	Likely pathogenic	GRCh38	806156
single nucleotide variant	NM_000350.3(ABCA4):c.5774G>T (p.Arg1925Ile)	24	ABCA4	Pathogenic/Likely pathogenic	GRCh38	806159
single nucleotide variant	NM_000350.3(ABCA4):c.2210T>A (p.Leu737Ter)	24	ABCA4	Likely pathogenic	GRCh38	811445
single nucleotide variant	NM_000350.3(ABCA4):c.6386G>A (p.Ser2129Asn)	24	ABCA4	Likely pathogenic	GRCh38	812194
single nucleotide variant	NM_000350.3(ABCA4):c.5380G>C (p.Ala1794Pro)	24	ABCA4	Pathogenic	GRCh38	812197
single nucleotide variant	NM_000350.3(ABCA4):c.5351T>G (p.Leu1784Arg)	24	ABCA4	Pathogenic	GRCh38	812198
single nucleotide variant	NM_000350.3(ABCA4):c.5169C>G (p.Tyr1723Ter)	24	ABCA4	Pathogenic	GRCh38	812200
single nucleotide variant	NM_000350.3(ABCA4):c.4854G>C (p.Trp1618Cys)	24	ABCA4	Pathogenic/Likely pathogenic	GRCh38	812203
single nucleotide variant	NM_000350.3(ABCA4):c.1758C>A (p.Asp586Glu)	24	ABCA4	Likely pathogenic	GRCh38	812206
single nucleotide variant	NM_000350.3(ABCA4):c.242G>C (p.Cys81Ser)	24	ABCA4	Likely pathogenic	GRCh38	812210
single nucleotide variant	NM_000350.3(ABCA4):c.4254-1G>A	24	ABCA4	Likely pathogenic	GRCh38	812204
single nucleotide variant	NM_000350.3(ABCA4):c.4848+2T>A	24	ABCA4	Pathogenic	GRCh38	813144
single nucleotide variant	NM_000350.3(ABCA4):c.4269C>T (p.Gly1423=)	24	ABCA4	Pathogenic	GRCh38	813136
single nucleotide variant	NM_000350.3(ABCA4):c.2579T>C (p.Val860Ala)	24	ABCA4	Pathogenic	GRCh38	813132
single nucleotide variant	NM_000350.3(ABCA4):c.2294G>C (p.Ser765Thr)	24	ABCA4	Pathogenic	GRCh38	813130
single nucleotide variant	NM_000350.3(ABCA4):c.1912C>T (p.Pro638Ser)	24	ABCA4	Pathogenic	GRCh38	813128
single nucleotide variant	NM_000350.3(ABCA4):c.6113G>C (p.Arg2038Pro)	24	ABCA4	Likely pathogenic	GRCh38	829831
single nucleotide variant	NM_000350.3(ABCA4):c.6722T>C (p.Leu2241Pro)	24	ABCA4	Pathogenic	GRCh38	836905
single nucleotide variant	NM_000350.3(ABCA4):c.5642C>T (p.Ala1881Val)	24	ABCA4	Pathogenic/Likely pathogenic	GRCh38	853893
single nucleotide variant	NM_000350.3(ABCA4):c.4532C>G (p.Pro1511Arg)	24	ABCA4	Pathogenic	GRCh38	857006
single nucleotide variant	NM_000350.3(ABCA4):c.4223G>A (p.Trp1408Ter)	24	ABCA4	Pathogenic	GRCh38	860842
single nucleotide variant	NM_000350.3(ABCA4):c.3263C>T (p.Pro1088Leu)	24	ABCA4	Likely pathogenic	GRCh38	841961
single nucleotide variant	NM_000350.3(ABCA4):c.2947A>G (p.Thr983Ala)	24	ABCA4	Pathogenic/Likely pathogenic	GRCh38	838547
single nucleotide variant	NM_000350.3(ABCA4):c.2626C>T (p.Gln876Ter)	24	ABCA4	Pathogenic/Likely pathogenic	GRCh38	862066
single nucleotide variant	NM_000350.3(ABCA4):c.2396C>T (p.Pro799Leu)	24	ABCA4	Pathogenic	GRCh38	858329
single nucleotide variant	NM_000350.3(ABCA4):c.2034G>T (p.Lys678Asn)	24	ABCA4	Pathogenic/Likely pathogenic	GRCh38	853194
single nucleotide variant	NM_000350.3(ABCA4):c.1592A>G (p.Glu531Gly)	24	ABCA4	Pathogenic/Likely pathogenic	GRCh38	843109
single nucleotide variant	NM_000350.3(ABCA4):c.1496G>A (p.Trp499Ter)	24	ABCA4	Pathogenic/Likely pathogenic	GRCh38	848932
single nucleotide variant	NM_000350.3(ABCA4):c.1342A>G (p.Met448Val)	24	ABCA4	Pathogenic/Likely pathogenic	GRCh38	857394
single nucleotide variant	NM_000350.3(ABCA4):c.1232T>C (p.Leu411Pro)	24	ABCA4	Pathogenic	GRCh38	850321
single nucleotide variant	NM_000350.3(ABCA4):c.619G>A (p.Glu207Lys)	24	ABCA4	Pathogenic/Likely pathogenic	GRCh38	837854
single nucleotide variant	NM_000350.3(ABCA4):c.93G>A (p.Trp31Ter)	24	ABCA4	Pathogenic/Likely pathogenic	GRCh38	861376
single nucleotide variant	NM_000350.3(ABCA4):c.70C>G (p.Arg24Gly)	24	ABCA4	Likely pathogenic	GRCh38	857107
single nucleotide variant	NM_000350.3(ABCA4):c.4848+1G>A	24	ABCA4	Pathogenic/Likely pathogenic	GRCh38	853057
single nucleotide variant	NM_000350.3(ABCA4):c.6005+2T>G	24	ABCA4	Pathogenic	GRCh38	859481
single nucleotide variant	NM_000350.3(ABCA4):c.859-9T>C	24	ABCA4	Pathogenic/Likely pathogenic	GRCh38	859348
single nucleotide variant	NM_000350.3(ABCA4):c.6283-1G>C	24	ABCA4	Pathogenic	GRCh38	846607
single nucleotide variant	NM_000350.3(ABCA4):c.6147+2T>C	24	ABCA4	Pathogenic	GRCh38	852872
single nucleotide variant	NM_000350.3(ABCA4):c.4774-2A>G	24	ABCA4	Pathogenic	GRCh38	862984
single nucleotide variant	NM_000350.3(ABCA4):c.6718A>G (p.Thr2240Ala)	24	ABCA4	Pathogenic/Likely pathogenic	GRCh38	866115
single nucleotide variant	NM_000350.3(ABCA4):c.6213C>G (p.Tyr2071Ter)	24	ABCA4	Pathogenic	GRCh38	866298
single nucleotide variant	NM_000350.3(ABCA4):c.6191C>T (p.Ala2064Val)	24	ABCA4	Pathogenic/Likely pathogenic	GRCh38	865907
single nucleotide variant	NM_000350.3(ABCA4):c.6095A>G (p.His2032Arg)	24	ABCA4	Pathogenic/Likely pathogenic	GRCh38	867188
single nucleotide variant	NM_000350.3(ABCA4):c.6091G>A (p.Glu2031Lys)	24	ABCA4	Likely pathogenic	GRCh38	866538
single nucleotide variant	NM_000350.3(ABCA4):c.5929G>C (p.Gly1977Arg)	24	ABCA4	Likely pathogenic	GRCh38	867115
single nucleotide variant	NM_000350.3(ABCA4):c.5584G>A (p.Gly1862Ser)	24	ABCA4	Likely pathogenic	GRCh38	867094
single nucleotide variant	NM_000350.3(ABCA4):c.4773G>T (p.Gly1591=)	24	ABCA4	Pathogenic/Likely pathogenic	GRCh38	866944
single nucleotide variant	NM_000350.3(ABCA4):c.4667G>C (p.Arg1556Thr)	24	ABCA4	Pathogenic/Likely pathogenic	GRCh38	866739
single nucleotide variant	NM_000350.3(ABCA4):c.4505G>T (p.Cys1502Phe)	24	ABCA4	Pathogenic/Likely pathogenic	GRCh38	866714
single nucleotide variant	NM_000350.3(ABCA4):c.4468T>G (p.Cys1490Gly)	24	ABCA4	Likely pathogenic	GRCh38	866086
single nucleotide variant	NM_000350.3(ABCA4):c.4312C>G (p.Pro1438Ala)	24	ABCA4	Pathogenic/Likely pathogenic	GRCh38	866870
single nucleotide variant	NM_000350.3(ABCA4):c.4309A>T (p.Lys1437Ter)	24	ABCA4	Pathogenic/Likely pathogenic	GRCh38	866062
single nucleotide variant	NM_000350.3(ABCA4):c.3413T>C (p.Leu1138Pro)	24	ABCA4	Pathogenic	GRCh38	866229
single nucleotide variant	NM_000350.3(ABCA4):c.3407G>A (p.Gly1136Glu)	24	ABCA4	Pathogenic/Likely pathogenic	GRCh38	866879
single nucleotide variant	NM_000350.3(ABCA4):c.3386G>A (p.Arg1129His)	24	ABCA4	Pathogenic/Likely pathogenic	GRCh38	865964
single nucleotide variant	NM_000350.3(ABCA4):c.3302G>A (p.Trp1101Ter)	24	ABCA4	Pathogenic	GRCh38	866434
single nucleotide variant	NM_000350.3(ABCA4):c.3279C>A (p.Asp1093Glu)	24	ABCA4	Pathogenic/Likely pathogenic	GRCh38	866345
single nucleotide variant	NM_000350.3(ABCA4):c.1995C>A (p.Tyr665Ter)	24	ABCA4	Pathogenic	GRCh38	866511
single nucleotide variant	NM_000350.3(ABCA4):c.1852G>A (p.Gly618Arg)	24	ABCA4	Pathogenic	GRCh38	867085
single nucleotide variant	NM_000350.3(ABCA4):c.1726G>C (p.Asp576His)	24	ABCA4	Pathogenic/Likely pathogenic	GRCh38	865882
single nucleotide variant	NM_000350.3(ABCA4):c.1034A>G (p.Tyr345Cys)	24	ABCA4	Pathogenic	GRCh38	866242
single nucleotide variant	NM_000350.3(ABCA4):c.1016G>A (p.Trp339Ter)	24	ABCA4	Likely pathogenic	GRCh38	866830
single nucleotide variant	NM_000350.3(ABCA4):c.913C>T (p.Gln305Ter)	24	ABCA4	Pathogenic	GRCh38	866626
single nucleotide variant	NM_000350.3(ABCA4):c.629T>A (p.Leu210Gln)	24	ABCA4	Likely pathogenic	GRCh38	866421
single nucleotide variant	NM_000350.3(ABCA4):c.53G>C (p.Arg18Pro)	24	ABCA4	Pathogenic/Likely pathogenic	GRCh38	866562
single nucleotide variant	NM_000350.3(ABCA4):c.6817-2A>G	24	ABCA4	Pathogenic/Likely pathogenic	GRCh38	866510
single nucleotide variant	NM_000350.3(ABCA4):c.6005+1G>A	24	ABCA4	Pathogenic	GRCh38	865769
single nucleotide variant	NM_000350.3(ABCA4):c.5460+1G>T	24	ABCA4	Pathogenic/Likely pathogenic	GRCh38	867161
single nucleotide variant	NM_000350.3(ABCA4):c.5313-2A>G	24	ABCA4	Likely pathogenic	GRCh38	866390
single nucleotide variant	NM_000350.3(ABCA4):c.4849-1G>A	24	ABCA4	Pathogenic/Likely pathogenic	GRCh38	866320
single nucleotide variant	NM_000350.3(ABCA4):c.4668-2A>G	24	ABCA4	Pathogenic	GRCh38	865963
single nucleotide variant	NM_000350.3(ABCA4):c.4667+1G>A	24	ABCA4	Pathogenic/Likely pathogenic	GRCh38	867142
single nucleotide variant	NM_000350.3(ABCA4):c.3523-2A>G	24	ABCA4	Pathogenic/Likely pathogenic	GRCh38	866764
single nucleotide variant	NM_000350.3(ABCA4):c.3329-1G>A	24	ABCA4	Pathogenic/Likely pathogenic	GRCh38	865774
single nucleotide variant	NM_000350.3(ABCA4):c.302+4A>C	24	ABCA4	Pathogenic/Likely pathogenic	GRCh38	866885
single nucleotide variant	NM_000350.3(ABCA4):c.160+2T>A	24	ABCA4	Likely pathogenic	GRCh38	867059
single nucleotide variant	NM_000350.3(ABCA4):c.5753A>T (p.Asp1918Val)	24	ABCA4	Pathogenic	GRCh38	871507
single nucleotide variant	NM_000350.3(ABCA4):c.4848+2T>C	24	ABCA4	Pathogenic	GRCh38	871795
single nucleotide variant	NM_000350.3(ABCA4):c.4383G>A (p.Trp1461Ter)	24	ABCA4	Pathogenic	GRCh38	871796
single nucleotide variant	NM_000350.3(ABCA4):c.3050+1G>A	24	ABCA4	Pathogenic	GRCh38	872375
single nucleotide variant	NM_000350.3(ABCA4):c.560G>A (p.Arg187His)	24	ABCA4	Pathogenic	GRCh38	871576
single nucleotide variant	NM_000350.3(ABCA4):c.6787C>T (p.Arg2263Ter)	24	ABCA4	Likely pathogenic	GRCh38	936695
single nucleotide variant	NM_000350.3(ABCA4):c.5318C>A (p.Ala1773Glu)	24	ABCA4	Pathogenic	GRCh38	940353
single nucleotide variant	NM_000350.3(ABCA4):c.5243G>A (p.Gly1748Glu)	24	ABCA4	Pathogenic	GRCh38	939852
single nucleotide variant	NM_000350.3(ABCA4):c.4667G>A (p.Arg1556Lys)	24	ABCA4	Pathogenic	GRCh38	939243
single nucleotide variant	NM_000350.3(ABCA4):c.4437G>A (p.Trp1479Ter)	24	ABCA4	Pathogenic	GRCh38	936266
single nucleotide variant	NM_000350.3(ABCA4):c.3305A>T (p.Asp1102Val)	24	ABCA4	Pathogenic	GRCh38	938220
single nucleotide variant	NM_000350.3(ABCA4):c.2531T>G (p.Leu844Arg)	24	ABCA4	Likely pathogenic	GRCh38	934230
single nucleotide variant	NM_000350.3(ABCA4):c.700C>T (p.Gln234Ter)	24	ABCA4	Pathogenic	GRCh38	941287
single nucleotide variant	NM_000350.3(ABCA4):c.5312+2T>G	24	ABCA4	Pathogenic	GRCh38	938486
single nucleotide variant	NM_000350.3(ABCA4):c.6245C>T (p.Ala2082Val)	24	ABCA4	Likely pathogenic	GRCh38	958944
single nucleotide variant	NM_000350.3(ABCA4):c.5642C>A (p.Ala1881Asp)	24	ABCA4	Likely pathogenic	GRCh38	957618
single nucleotide variant	NM_000350.3(ABCA4):c.3812A>G (p.Glu1271Gly)	24	ABCA4	Pathogenic/Likely pathogenic	GRCh38	959438
single nucleotide variant	NM_000350.3(ABCA4):c.3407G>T (p.Gly1136Val)	24	ABCA4	Pathogenic	GRCh38	959566
single nucleotide variant	NM_000350.3(ABCA4):c.3352C>T (p.His1118Tyr)	24	ABCA4	Pathogenic/Likely pathogenic	GRCh38	961495
single nucleotide variant	NM_000350.3(ABCA4):c.2900C>T (p.Ala967Val)	24	ABCA4	Likely pathogenic	GRCh38	957296
single nucleotide variant	NM_000350.3(ABCA4):c.2069G>A (p.Gly690Asp)	24	ABCA4	Pathogenic	GRCh38	957414
single nucleotide variant	NM_000350.3(ABCA4):c.614G>T (p.Cys205Phe)	24	ABCA4	Pathogenic	GRCh38	960271
single nucleotide variant	NM_000350.3(ABCA4):c.183G>C (p.Met61Ile)	24	ABCA4	Pathogenic	GRCh38	963276
single nucleotide variant	NM_000350.3(ABCA4):c.61C>T (p.Gln21Ter)	24	ABCA4	Pathogenic/Likely pathogenic	GRCh38	959914
single nucleotide variant	NM_000350.3(ABCA4):c.6306C>A (p.Asp2102Glu)	24	ABCA4	Pathogenic	GRCh38	965953
single nucleotide variant	NM_000350.3(ABCA4):c.5921A>G (p.Asn1974Ser)	24	ABCA4	Likely pathogenic	GRCh38	965939
single nucleotide variant	NM_000350.3(ABCA4):c.4996G>T (p.Glu1666Ter)	24	ABCA4	Pathogenic	GRCh38	971512
single nucleotide variant	NM_000350.3(ABCA4):c.3091A>T (p.Lys1031Ter)	24	ABCA4	Pathogenic	GRCh38	968904
single nucleotide variant	NM_000350.3(ABCA4):c.3064G>T (p.Glu1022Ter)	24	ABCA4	Pathogenic	GRCh38	969031
single nucleotide variant	NM_000350.3(ABCA4):c.2905A>G (p.Lys969Glu)	24	ABCA4	Pathogenic	GRCh38	971758
single nucleotide variant	NM_000350.3(ABCA4):c.1399C>T (p.Gln467Ter)	24	ABCA4	Pathogenic	GRCh38	971613
single nucleotide variant	NM_000350.3(ABCA4):c.869G>A (p.Arg290Gln)	24	ABCA4	Pathogenic	GRCh38	970444
single nucleotide variant	NM_000350.3(ABCA4):c.735T>G (p.Tyr245Ter)	24	ABCA4	Pathogenic/Likely pathogenic	GRCh38	966011
single nucleotide variant	NM_000350.3(ABCA4):c.2382+1G>A	24	ABCA4	Pathogenic/Likely pathogenic	GRCh38	961758
single nucleotide variant	NM_000350.3(ABCA4):c.2161-6T>C	24	ABCA4	Likely pathogenic	GRCh38	962406
single nucleotide variant	NM_000350.3(ABCA4):c.2161-8G>A	24	ABCA4	Pathogenic	GRCh38	957729
single nucleotide variant	NM_000350.3(ABCA4):c.2382+1G>C	24	ABCA4	Pathogenic	GRCh38	969436
single nucleotide variant	NM_000350.3(ABCA4):c.2385C>G (p.Ser795Arg)	24	ABCA4	Likely pathogenic	GRCh38	973687
single nucleotide variant	NM_000350.3(ABCA4):c.5642C>G (p.Ala1881Gly)	24	ABCA4	Pathogenic	GRCh38	978987
single nucleotide variant	NM_000350.3(ABCA4):c.4849-2A>G	24	ABCA4	Pathogenic/Likely pathogenic	GRCh38	986969
single nucleotide variant	NM_000350.3(ABCA4):c.3413T>A (p.Leu1138His)	24	ABCA4	Pathogenic/Likely pathogenic	GRCh38	986929
single nucleotide variant	NM_000350.3(ABCA4):c.985G>T (p.Gly329Ter)	24	ABCA4	Pathogenic	GRCh38	986979
single nucleotide variant	NM_000350.3(ABCA4):c.5691G>T (p.Gln1897His)	24	ABCA4	Pathogenic/Likely pathogenic	GRCh38	1000328
single nucleotide variant	NM_000350.3(ABCA4):c.5417G>A (p.Ser1806Asn)	24	ABCA4	Pathogenic	GRCh38	1008599
single nucleotide variant	NM_000350.3(ABCA4):c.2852T>C (p.Ile951Thr)	24	ABCA4	Likely pathogenic	GRCh38	1003785
single nucleotide variant	NM_000350.3(ABCA4):c.2237T>A (p.Met746Lys)	24	ABCA4	Likely pathogenic	GRCh38	1009456
single nucleotide variant	NM_000350.3(ABCA4):c.1237A>T (p.Asn413Tyr)	24	ABCA4	Pathogenic	GRCh38	1011177
single nucleotide variant	NM_000350.3(ABCA4):c.1019A>C (p.Tyr340Ser)	24	ABCA4	Pathogenic/Likely pathogenic	GRCh38	1001082
single nucleotide variant	NM_000350.3(ABCA4):c.4926C>A (p.Ser1642Arg)	24	ABCA4	Pathogenic/Likely pathogenic	GRCh38	1013244
single nucleotide variant	NM_000350.3(ABCA4):c.5084C>A (p.Ala1695Asp)	24	ABCA4	Pathogenic	GRCh38	1019575
single nucleotide variant	NM_000350.3(ABCA4):c.5069T>C (p.Met1690Thr)	24	ABCA4	Likely pathogenic	GRCh38	1014039
single nucleotide variant	NM_000350.3(ABCA4):c.4217A>G (p.His1406Arg)	24	ABCA4	Pathogenic/Likely pathogenic	GRCh38	1024633
single nucleotide variant	NM_000350.3(ABCA4):c.3299T>C (p.Ile1100Thr)	24	ABCA4	Pathogenic	GRCh38	1019412
single nucleotide variant	NM_000350.3(ABCA4):c.2263T>G (p.Phe755Val)	24	ABCA4	Likely pathogenic	GRCh38	1014913
single nucleotide variant	NM_000350.3(ABCA4):c.1758C>G (p.Asp586Glu)	24	ABCA4	Pathogenic	GRCh38	1024921
single nucleotide variant	NM_000350.3(ABCA4):c.5324T>A (p.Ile1775Asn)	24	ABCA4	Pathogenic/Likely pathogenic	GRCh38	1040597
single nucleotide variant	NM_000350.3(ABCA4):c.3821T>C (p.Leu1274Pro)	24	ABCA4	Likely pathogenic	GRCh38	1046591
single nucleotide variant	NM_000350.3(ABCA4):c.2909C>T (p.Thr970Ile)	24	ABCA4	Pathogenic	GRCh38	1042099
single nucleotide variant	NM_000350.3(ABCA4):c.2459A>C (p.Gln820Pro)	24	ABCA4	Likely pathogenic	GRCh38	1046175
single nucleotide variant	NM_000350.3(ABCA4):c.1913C>T (p.Pro638Leu)	24	ABCA4	Pathogenic	GRCh38	1044852
single nucleotide variant	NM_000350.3(ABCA4):c.1528C>A (p.Leu510Ile)	24	ABCA4	Likely pathogenic	GRCh38	1035783
single nucleotide variant	NM_000350.3(ABCA4):c.6731T>A (p.Val2244Glu)	24	ABCA4	Likely pathogenic	GRCh38	1048152
single nucleotide variant	NM_000350.3(ABCA4):c.6428T>A (p.Met2143Lys)	24	ABCA4	Likely pathogenic	GRCh38	1048156
single nucleotide variant	NM_000350.3(ABCA4):c.6282+1G>C	24	ABCA4	Likely pathogenic	GRCh38	1048146
single nucleotide variant	NM_000350.3(ABCA4):c.6122G>A (p.Gly2041Asp)	24	ABCA4	Pathogenic/Likely pathogenic	GRCh38	1048145
single nucleotide variant	NM_000350.3(ABCA4):c.5924G>T (p.Gly1975Val)	24	ABCA4	Likely pathogenic	GRCh38	1048160
single nucleotide variant	NM_000350.3(ABCA4):c.5461-6T>C	24	ABCA4	Likely pathogenic	GRCh38	1048136
single nucleotide variant	NM_000350.3(ABCA4):c.5377G>A (p.Val1793Met)	24	ABCA4	Pathogenic/Likely pathogenic	GRCh38	1048142
single nucleotide variant	NM_000350.3(ABCA4):c.5311G>A (p.Gly1771Arg)	24	ABCA4	Pathogenic/Likely pathogenic	GRCh38	1048172
single nucleotide variant	NM_000350.3(ABCA4):c.4958G>A (p.Gly1653Glu)	24	ABCA4	Likely pathogenic	GRCh38	1048119
single nucleotide variant	NM_000350.3(ABCA4):c.4383G>C (p.Trp1461Cys)	24	ABCA4	Pathogenic/Likely pathogenic	GRCh38	1048125
single nucleotide variant	NM_000350.3(ABCA4):c.3523-1G>A	24	ABCA4	Pathogenic	GRCh38	1048143
single nucleotide variant	NM_000350.3(ABCA4):c.2932G>A (p.Gly978Ser)	24	ABCA4	Pathogenic/Likely pathogenic	GRCh38	1048167
single nucleotide variant	NM_000350.3(ABCA4):c.1742C>A (p.Thr581Asn)	24	ABCA4	Likely pathogenic	GRCh38	1048122
single nucleotide variant	NM_000350.3(ABCA4):c.571-2A>T	24	ABCA4	Likely pathogenic	GRCh38	1048133
single nucleotide variant	NM_000350.3(ABCA4):c.184C>T (p.Pro62Ser)	24	ABCA4	Likely pathogenic	GRCh38	1048140
single nucleotide variant	NM_000350.3(ABCA4):c.5309A>G (p.Tyr1770Cys)	24	ABCA4	Pathogenic	GRCh38	1064072
single nucleotide variant	NM_000350.3(ABCA4):c.4793C>G (p.Ala1598Gly)	24	ABCA4	Pathogenic	GRCh38	1057512
single nucleotide variant	NM_000350.3(ABCA4):c.4324A>G (p.Asn1442Asp)	24	ABCA4	Likely pathogenic	GRCh38	1054140
single nucleotide variant	NM_000350.3(ABCA4):c.3344T>C (p.Met1115Thr)	24	ABCA4	Pathogenic	GRCh38	1052465
single nucleotide variant	NM_000350.3(ABCA4):c.3277G>A (p.Asp1093Asn)	24	ABCA4	Pathogenic	GRCh38	1062821
single nucleotide variant	NM_000350.3(ABCA4):c.2897G>A (p.Gly966Glu)	24	ABCA4	Likely pathogenic	GRCh38	1051959
single nucleotide variant	NM_000350.3(ABCA4):c.223T>C (p.Cys75Arg)	24	ABCA4	Likely pathogenic	GRCh38	1054759
single nucleotide variant	NM_000350.3(ABCA4):c.184C>A (p.Pro62Thr)	24	ABCA4	Likely pathogenic	GRCh38	1053738
single nucleotide variant	NM_000350.3(ABCA4):c.5461-1G>T	24	ABCA4	Pathogenic	GRCh38	1065650
single nucleotide variant	NM_000350.3(ABCA4):c.442+2T>A	24	ABCA4	Pathogenic/Likely pathogenic	GRCh38	1065733
single nucleotide variant	NM_000350.3(ABCA4):c.5584+2T>C	24	ABCA4	Likely pathogenic	GRCh38	1066033
single nucleotide variant	NM_000350.3(ABCA4):c.4979C>G (p.Pro1660Arg)	24	ABCA4	Pathogenic	GRCh38	1066209
single nucleotide variant	NM_000350.3(ABCA4):c.4670A>G (p.Tyr1557Cys)	24	ABCA4	Pathogenic/Likely pathogenic	GRCh38	1067804
single nucleotide variant	NM_000350.3(ABCA4):c.4225A>G (p.Ile1409Val)	24	ABCA4	Pathogenic/Likely pathogenic	GRCh38	1066342
single nucleotide variant	NM_000350.3(ABCA4):c.3814-2A>G	24	ABCA4	Pathogenic	GRCh38	1067805
single nucleotide variant	NM_000350.3(ABCA4):c.3522+1G>A	24	ABCA4	Pathogenic/Likely pathogenic	GRCh38	1067357
single nucleotide variant	NM_000350.3(ABCA4):c.3352C>G (p.His1118Asp)	24	ABCA4	Pathogenic	GRCh38	1066460
single nucleotide variant	NM_000350.3(ABCA4):c.3328+1G>A	24	ABCA4	Likely pathogenic	GRCh38	1066461
single nucleotide variant	NM_000350.3(ABCA4):c.3260A>G (p.Glu1087Gly)	24	ABCA4	Pathogenic	GRCh38	1068257
single nucleotide variant	NM_000350.3(ABCA4):c.2744-1G>T	24	ABCA4	Likely pathogenic	GRCh38	1066364
single nucleotide variant	NM_000350.3(ABCA4):c.2653+1G>C	24	ABCA4	Likely pathogenic	GRCh38	1066866
single nucleotide variant	NM_000350.3(ABCA4):c.1099+2T>G	24	ABCA4	Pathogenic	GRCh38	1066885
single nucleotide variant	NM_000350.3(ABCA4):c.95C>T (p.Pro32Leu)	24	ABCA4	Pathogenic	GRCh38	1067270
single nucleotide variant	NM_000350.3(ABCA4):c.6221G>A (p.Gly2074Asp)	24	ABCA4	Pathogenic	GRCh38	1071049
single nucleotide variant	NM_000350.3(ABCA4):c.5898+2T>C	24	ABCA4	Pathogenic	GRCh38	1073490
single nucleotide variant	NM_000350.3(ABCA4):c.5836-2A>G	24	ABCA4	Pathogenic	GRCh38	1073004
single nucleotide variant	NM_000350.3(ABCA4):c.5055C>A (p.Cys1685Ter)	24	ABCA4	Pathogenic	GRCh38	1076954
single nucleotide variant	NM_000350.3(ABCA4):c.4671T>A (p.Tyr1557Ter)	24	ABCA4	Pathogenic	GRCh38	1069098
single nucleotide variant	NM_000350.3(ABCA4):c.4501G>T (p.Glu1501Ter)	24	ABCA4	Pathogenic	GRCh38	1073023
single nucleotide variant	NM_000350.3(ABCA4):c.4359C>G (p.Tyr1453Ter)	24	ABCA4	Pathogenic	GRCh38	1076571
single nucleotide variant	NM_000350.3(ABCA4):c.4237C>T (p.Gln1413Ter)	24	ABCA4	Pathogenic	GRCh38	1068500
single nucleotide variant	NM_000350.3(ABCA4):c.3619G>T (p.Glu1207Ter)	24	ABCA4	Pathogenic	GRCh38	1075789
single nucleotide variant	NM_000350.3(ABCA4):c.3420C>G (p.Cys1140Trp)	24	ABCA4	Pathogenic/Likely pathogenic	GRCh38	1073207
single nucleotide variant	NM_000350.3(ABCA4):c.3028C>T (p.Gln1010Ter)	24	ABCA4	Pathogenic	GRCh38	1074332
single nucleotide variant	NM_000350.3(ABCA4):c.1924T>A (p.Phe642Ile)	24	ABCA4	Pathogenic	GRCh38	1075537
single nucleotide variant	NM_000350.3(ABCA4):c.1761-2A>G	24	ABCA4	Pathogenic/Likely pathogenic	GRCh38	1073468
single nucleotide variant	NM_000350.3(ABCA4):c.1552G>T (p.Glu518Ter)	24	ABCA4	Pathogenic	GRCh38	1074741
single nucleotide variant	NM_000350.3(ABCA4):c.1391T>A (p.Leu464Ter)	24	ABCA4	Pathogenic	GRCh38	1076593
single nucleotide variant	NM_000350.3(ABCA4):c.1211C>G (p.Ser404Ter)	24	ABCA4	Pathogenic	GRCh38	1071742
single nucleotide variant	NM_000350.3(ABCA4):c.5646G>T (p.Met1882Ile)	24	ABCA4	Pathogenic	GRCh38	1184497
single nucleotide variant	NM_000350.3(ABCA4):c.3287C>T (p.Ser1096Leu)	24	ABCA4	Pathogenic/Likely pathogenic	GRCh38	1184970
single nucleotide variant	NM_000350.3(ABCA4):c.3051-1G>C	24	ABCA4	Likely pathogenic	GRCh38	1184911
single nucleotide variant	NM_000350.3(ABCA4):c.5584G>C (p.Gly1862Arg)	24	ABCA4	Pathogenic	GRCh38	1196428
single nucleotide variant	NM_000350.3(ABCA4):c.3328+2T>A	24	ABCA4	Pathogenic	GRCh38	1212117
single nucleotide variant	NM_000350.3(ABCA4):c.5138A>G (p.Gln1713Arg)	24	ABCA4	Pathogenic/Likely pathogenic	GRCh38	1212473
single nucleotide variant	NM_000350.3(ABCA4):c.758T>A (p.Leu253His)	24	ABCA4	Likely pathogenic	GRCh38	1213846
single nucleotide variant	NM_000350.3(ABCA4):c.3349A>C (p.Thr1117Pro)	24	ABCA4	Likely pathogenic	GRCh38	1213878
single nucleotide variant	NM_000350.3(ABCA4):c.3344T>G (p.Met1115Arg)	24	ABCA4	Likely pathogenic	GRCh38	1213963
single nucleotide variant	NM_000350.3(ABCA4):c.3296C>G (p.Ser1099Ter)	24	ABCA4	Pathogenic	GRCh38	1213969
single nucleotide variant	NM_000350.3(ABCA4):c.3263C>G (p.Pro1088Arg)	24	ABCA4	Likely pathogenic	GRCh38	1213975
single nucleotide variant	NM_000350.3(ABCA4):c.2873T>A (p.Ile958Asn)	24	ABCA4	Likely pathogenic	GRCh38	1213983
single nucleotide variant	NM_000350.3(ABCA4):c.5578C>T (p.Arg1860Trp)	24	ABCA4	Pathogenic/Likely pathogenic	GRCh38	1275763
single nucleotide variant	NM_000350.3(ABCA4):c.4519G>T (p.Gly1507Trp)	24	ABCA4	Pathogenic/Likely pathogenic	GRCh38	1284272
single nucleotide variant	NM_000350.3(ABCA4):c.4539+1729G>T	24	ABCA4	Pathogenic	GRCh38	1284352
single nucleotide variant	NM_000350.3(ABCA4):c.5196+1137G>T	24	ABCA4	Pathogenic	GRCh38	1284684
single nucleotide variant	NM_000350.3(ABCA4):c.5196+1216C>A	24	ABCA4	Pathogenic	GRCh38	1284864
single nucleotide variant	NM_000350.3(ABCA4):c.2861A>C (p.Tyr954Ser)	24	ABCA4	Pathogenic/Likely pathogenic	GRCh38	1298429
single nucleotide variant	NM_000350.3(ABCA4):c.2654-2A>G	24	ABCA4	Likely pathogenic	GRCh38	1323813
single nucleotide variant	NM_000350.3(ABCA4):c.3814-2A>T	24	ABCA4	Pathogenic	GRCh38	1333445
single nucleotide variant	NM_000350.3(ABCA4):c.1555-2A>C	24	ABCA4	Likely pathogenic	GRCh38	1342703
single nucleotide variant	NM_000350.3(ABCA4):c.4128+1G>A	24	ABCA4	Pathogenic	GRCh38	1342853
single nucleotide variant	NM_000350.3(ABCA4):c.2942C>T (p.Pro981Leu)	24	ABCA4	Likely pathogenic	GRCh38	1476496
single nucleotide variant	NM_000350.3(ABCA4):c.4253+1G>A	24	ABCA4	Likely pathogenic	GRCh38	1466851
single nucleotide variant	NM_000350.3(ABCA4):c.859-1G>C	24	ABCA4	Likely pathogenic	GRCh38	1466324
single nucleotide variant	NM_000350.3(ABCA4):c.5950A>T (p.Met1984Leu)	24	ABCA4	Likely pathogenic	GRCh38	1466733
single nucleotide variant	NM_000350.3(ABCA4):c.215G>T (p.Gly72Val)	24	ABCA4	Pathogenic	GRCh38	1356962
single nucleotide variant	NM_000350.3(ABCA4):c.2549A>G (p.Tyr850Cys)	24	ABCA4	Likely pathogenic	GRCh38	1358935
single nucleotide variant	NM_000350.3(ABCA4):c.1766G>A (p.Trp589Ter)	24	ABCA4	Pathogenic	GRCh38	1386202
single nucleotide variant	NM_000350.3(ABCA4):c.5900G>A (p.Cys1967Tyr)	24	ABCA4	Likely pathogenic	GRCh38	1468145
single nucleotide variant	NM_000350.3(ABCA4):c.328C>T (p.Gln110Ter)	24	ABCA4	Pathogenic	GRCh38	1452642
single nucleotide variant	NM_000350.3(ABCA4):c.2972G>T (p.Gly991Val)	24	ABCA4	Pathogenic/Likely pathogenic	GRCh38	1452669
single nucleotide variant	NM_000350.3(ABCA4):c.1938-619A>G	24	ABCA4	Pathogenic	GRCh38	1452678
single nucleotide variant	NM_000350.3(ABCA4):c.4852T>C (p.Trp1618Arg)	24	ABCA4	Likely pathogenic	GRCh38	1480040
single nucleotide variant	NM_000350.3(ABCA4):c.859-546G>A	24	ABCA4	Pathogenic	GRCh38	1454029
single nucleotide variant	NM_000350.3(ABCA4):c.1006T>C (p.Ser336Pro)	24	ABCA4	Pathogenic	GRCh38	1417475
single nucleotide variant	NM_000350.3(ABCA4):c.5863G>A (p.Val1955Met)	24	ABCA4	Likely pathogenic	GRCh38	1511031
single nucleotide variant	NM_000350.3(ABCA4):c.44G>A (p.Trp15Ter)	24	ABCA4	Pathogenic	GRCh38	1455818
single nucleotide variant	NM_000350.3(ABCA4):c.3304G>T (p.Asp1102Tyr)	24	ABCA4	Pathogenic/Likely pathogenic	GRCh38	1456034
single nucleotide variant	NM_000350.3(ABCA4):c.1934A>G (p.Asp645Gly)	24	ABCA4	Likely pathogenic	GRCh38	1512870
single nucleotide variant	NM_000350.3(ABCA4):c.329A>C (p.Gln110Pro)	24	ABCA4	Likely pathogenic	GRCh38	1513023
single nucleotide variant	NM_000350.3(ABCA4):c.2915C>T (p.Thr972Ile)	24	ABCA4	Likely pathogenic	GRCh38	1472288
single nucleotide variant	NM_000350.3(ABCA4):c.6389T>A (p.Met2130Lys)	24	ABCA4	Pathogenic	GRCh38	1364039
single nucleotide variant	NM_000350.3(ABCA4):c.2870A>C (p.Gln957Pro)	24	ABCA4	Pathogenic	GRCh38	1473734
single nucleotide variant	NM_000350.3(ABCA4):c.1555-1G>T	24	ABCA4	Likely pathogenic	GRCh38	1473474
single nucleotide variant	NM_000350.3(ABCA4):c.6190G>A (p.Ala2064Thr)	24	ABCA4	Pathogenic/Likely pathogenic	GRCh38	1457651
single nucleotide variant	NM_000350.3(ABCA4):c.6147+2T>A	24	ABCA4	Pathogenic	GRCh38	1457653
single nucleotide variant	NM_000350.3(ABCA4):c.4872G>A (p.Trp1624Ter)	24	ABCA4	Pathogenic	GRCh38	1457674
single nucleotide variant	NM_000350.3(ABCA4):c.4668-1G>A	24	ABCA4	Pathogenic	GRCh38	1457677
single nucleotide variant	NM_000350.3(ABCA4):c.4102C>T (p.Arg1368Cys)	24	ABCA4	Pathogenic/Likely pathogenic	GRCh38	1457682
single nucleotide variant	NM_000350.3(ABCA4):c.3943C>T (p.Gln1315Ter)	24	ABCA4	Pathogenic	GRCh38	1457683
single nucleotide variant	NM_000350.3(ABCA4):c.3329-2A>T	24	ABCA4	Pathogenic	GRCh38	1457689
single nucleotide variant	NM_000350.3(ABCA4):c.1022A>G (p.Glu341Gly)	24	ABCA4	Pathogenic	GRCh38	1457706
single nucleotide variant	NM_000350.3(ABCA4):c.66G>T (p.Lys22Asn)	24	ABCA4	Pathogenic	GRCh38	1457722
single nucleotide variant	NM_000350.3(ABCA4):c.5084C>T (p.Ala1695Val)	24	ABCA4	Likely pathogenic	GRCh38	1349581
single nucleotide variant	NM_000350.3(ABCA4):c.2933G>C (p.Gly978Ala)	24	ABCA4	Likely pathogenic	GRCh38	1471057
single nucleotide variant	NM_000350.3(ABCA4):c.209T>C (p.Leu70Pro)	24	ABCA4	Likely pathogenic	GRCh38	1503537
single nucleotide variant	NM_000350.3(ABCA4):c.2029G>A (p.Glu677Lys)	24	ABCA4	Likely pathogenic	GRCh38	1487020
single nucleotide variant	NM_000350.3(ABCA4):c.1293G>C (p.Trp431Cys)	24	ABCA4	Pathogenic	GRCh38	1364604
single nucleotide variant	NM_000350.3(ABCA4):c.3190G>A (p.Gly1064Ser)	24	ABCA4	Pathogenic	GRCh38	1395215
single nucleotide variant	NM_000350.3(ABCA4):c.6416G>A (p.Arg2139Gln)	24	ABCA4	Likely pathogenic	GRCh38	1477198
single nucleotide variant	NM_000350.3(ABCA4):c.3300C>G (p.Ile1100Met)	24	ABCA4	Pathogenic	GRCh38	1423886
single nucleotide variant	NM_000350.3(ABCA4):c.5710C>T (p.Gln1904Ter)	24	ABCA4	Pathogenic	GRCh38	1449513
single nucleotide variant	NM_000350.3(ABCA4):c.4327C>T (p.Arg1443Cys)	24	ABCA4	Pathogenic/Likely pathogenic	GRCh38	1476832
single nucleotide variant	NM_000350.3(ABCA4):c.6290C>T (p.Pro2097Leu)	24	ABCA4	Pathogenic	GRCh38	1393961
single nucleotide variant	NM_000350.3(ABCA4):c.2743G>A (p.Asp915Asn)	24	ABCA4	Pathogenic/Likely pathogenic	GRCh38	1448712
single nucleotide variant	NM_000350.3(ABCA4):c.4774-1G>T	24	ABCA4	Pathogenic	GRCh38	1395858
single nucleotide variant	NM_000350.3(ABCA4):c.287A>T (p.Asn96Ile)	24	ABCA4	Pathogenic	GRCh38	1451620
single nucleotide variant	NM_000350.3(ABCA4):c.6446G>C (p.Arg2149Pro)	24	ABCA4	Likely pathogenic	GRCh38	1480664
single nucleotide variant	NM_000350.3(ABCA4):c.859-506G>C	24	ABCA4	Pathogenic	GRCh38	1451405
single nucleotide variant	NM_000350.3(ABCA4):c.2491G>T (p.Gly831Trp)	24	ABCA4	Likely pathogenic	GRCh38	1478865
single nucleotide variant	NM_000350.3(ABCA4):c.5023A>C (p.Thr1675Pro)	24	ABCA4	Likely pathogenic	GRCh38	1506256
single nucleotide variant	NM_000350.3(ABCA4):c.4103G>T (p.Arg1368Leu)	24	ABCA4	Pathogenic	GRCh38	1452798
single nucleotide variant	NM_000350.3(ABCA4):c.3211T>C (p.Ser1071Pro)	24	ABCA4	Pathogenic	GRCh38	1519284
single nucleotide variant	NM_000350.3(ABCA4):c.6121G>A (p.Gly2041Ser)	24	ABCA4	Likely pathogenic	GRCh38	1410089
single nucleotide variant	NM_000350.3(ABCA4):c.4352+1G>C	24	ABCA4	Pathogenic	GRCh38	1451858
single nucleotide variant	NM_000350.3(ABCA4):c.4874A>G (p.His1625Arg)	24	ABCA4	Pathogenic	GRCh38	1452188
single nucleotide variant	NM_000350.3(ABCA4):c.4103G>A (p.Arg1368His)	24	ABCA4	Likely pathogenic	GRCh38	1479388
single nucleotide variant	NM_000350.3(ABCA4):c.4634+1G>C	24	ABCA4	Pathogenic	GRCh38	1508703
single nucleotide variant	NM_000350.3(ABCA4):c.5554C>T (p.Gln1852Ter)	24	ABCA4	Pathogenic	GRCh38	1454986
single nucleotide variant	NM_000350.3(ABCA4):c.470T>A (p.Leu157Ter)	24	ABCA4	Pathogenic	GRCh38	1454995
single nucleotide variant	NM_000350.3(ABCA4):c.6817-2A>C	24	ABCA4	Pathogenic	GRCh38	1455137
single nucleotide variant	NM_000350.3(ABCA4):c.1814G>A (p.Trp605Ter)	24	ABCA4	Pathogenic	GRCh38	1455214
single nucleotide variant	NM_000350.3(ABCA4):c.4352+61G>A	24	ABCA4	Pathogenic/Likely pathogenic	GRCh38	1482377
single nucleotide variant	NM_000350.3(ABCA4):c.5929G>T (p.Gly1977Cys)	24	ABCA4	Likely pathogenic	GRCh38	1482182
single nucleotide variant	NM_000350.3(ABCA4):c.5753A>G (p.Asp1918Gly)	24	ABCA4	Likely pathogenic	GRCh38	1481126
single nucleotide variant	NM_000350.3(ABCA4):c.4313C>G (p.Pro1438Arg)	24	ABCA4	Pathogenic	GRCh38	1481282
single nucleotide variant	NM_000350.3(ABCA4):c.4540-8T>A	24	ABCA4	Likely pathogenic	GRCh38	1347072
single nucleotide variant	NM_000350.3(ABCA4):c.982G>A (p.Glu328Lys)	24	ABCA4	Likely pathogenic	GRCh38	1429209
single nucleotide variant	NM_000350.3(ABCA4):c.161-1G>C	24	ABCA4	Pathogenic	GRCh38	1456699
single nucleotide variant	NM_000350.3(ABCA4):c.5714+1G>A	24	ABCA4	Pathogenic	GRCh38	1456725
single nucleotide variant	NM_000350.3(ABCA4):c.5070G>A (p.Met1690Ile)	24	ABCA4	Pathogenic	GRCh38	1456885
single nucleotide variant	NM_000350.3(ABCA4):c.3564T>A (p.Cys1188Ter)	24	ABCA4	Pathogenic	GRCh38	1374297
single nucleotide variant	NM_000350.3(ABCA4):c.5330T>G (p.Met1777Arg)	24	ABCA4	Likely pathogenic	GRCh38	1511504
single nucleotide variant	NM_000350.3(ABCA4):c.6288G>C (p.Glu2096Asp)	24	ABCA4	Likely pathogenic	GRCh38	1348162
single nucleotide variant	NM_000350.3(ABCA4):c.4177G>A (p.Val1393Ile)	24	ABCA4	Pathogenic	GRCh38	1413277
single nucleotide variant	NM_000350.3(ABCA4):c.6568C>T (p.Gln2190Ter)	24	ABCA4	Pathogenic	GRCh38	1440605
single nucleotide variant	NM_000350.3(ABCA4):c.1783G>A (p.Ala595Thr)	24	ABCA4	Likely pathogenic	GRCh38	1510753
single nucleotide variant	NM_000350.3(ABCA4):c.4057C>T (p.Gln1353Ter)	24	ABCA4	Pathogenic	GRCh38	1376410
single nucleotide variant	NM_000350.3(ABCA4):c.6049T>C (p.Cys2017Arg)	24	ABCA4	Pathogenic	GRCh38	1458238
single nucleotide variant	NM_000350.3(ABCA4):c.2288C>A (p.Ala763Asp)	24	ABCA4	Likely pathogenic	GRCh38	1513718
single nucleotide variant	NM_000350.3(ABCA4):c.1937+435C>G	24	ABCA4	Pathogenic	GRCh38	1458127
single nucleotide variant	NM_000350.3(ABCA4):c.57A>T (p.Lys19Asn)	24	ABCA4	Likely pathogenic	GRCh38	1377355
single nucleotide variant	NM_000350.3(ABCA4):c.4423C>T (p.Gln1475Ter)	24	ABCA4	Pathogenic	GRCh38	1442046
single nucleotide variant	NM_000350.3(ABCA4):c.878T>G (p.Met293Arg)	24	ABCA4	Pathogenic	GRCh38	1469559
single nucleotide variant	NM_000350.3(ABCA4):c.2443C>T (p.Gln815Ter)	24	ABCA4	Pathogenic	GRCh38	1404415
single nucleotide variant	NM_000350.3(ABCA4):c.4720G>T (p.Glu1574Ter)	24	ABCA4	Pathogenic	GRCh38	1460063
single nucleotide variant	NM_000350.3(ABCA4):c.4957G>A (p.Gly1653Arg)	24	ABCA4	Pathogenic	GRCh38	1515071
single nucleotide variant	NM_000350.3(ABCA4):c.5190G>A (p.Trp1730Ter)	24	ABCA4	Pathogenic	GRCh38	1431628
single nucleotide variant	NM_000350.3(ABCA4):c.2522A>C (p.Gln841Pro)	24	ABCA4	Pathogenic/Likely pathogenic	GRCh38	1350758
single nucleotide variant	NM_000350.3(ABCA4):c.53G>A (p.Arg18Gln)	24	ABCA4	Pathogenic	GRCh38	1350865
single nucleotide variant	NM_000350.3(ABCA4):c.796C>T (p.Gln266Ter)	24	ABCA4	Pathogenic	GRCh38	1353927
single nucleotide variant	NM_000350.3(ABCA4):c.5051T>A (p.Ile1684Asn)	24	ABCA4	Pathogenic	GRCh38	1409233
single nucleotide variant	NM_000350.3(ABCA4):c.5899-1G>A	24	ABCA4	Pathogenic	GRCh38	1435876
single nucleotide variant	NM_000350.3(ABCA4):c.3281C>A (p.Pro1094His)	24	ABCA4	Pathogenic	GRCh38	1473032
single nucleotide variant	NM_000350.3(ABCA4):c.5908C>A (p.Leu1970Ile)	24	ABCA4	Likely pathogenic	GRCh38	1392712
single nucleotide variant	NM_000350.3(ABCA4):c.571-1G>A	24	ABCA4	Pathogenic	GRCh38	1420043
single nucleotide variant	NM_000350.3(ABCA4):c.3384C>G (p.Asp1128Glu)	24	ABCA4	Likely pathogenic	GRCh38	1474681
single nucleotide variant	NM_000350.3(ABCA4):c.3066G>C (p.Glu1022Asp)	24	ABCA4	Likely pathogenic	GRCh38	1502385
single nucleotide variant	NM_000350.3(ABCA4):c.6480-1G>C	24	ABCA4	Pathogenic	GRCh38	1460404
single nucleotide variant	NM_000350.3(ABCA4):c.3862+2T>C	24	ABCA4	Pathogenic	GRCh38	1352458
single nucleotide variant	NM_000350.3(ABCA4):c.5615G>A (p.Trp1872Ter)	24	ABCA4	Pathogenic	GRCh38	1383160
single nucleotide variant	NM_000350.3(ABCA4):c.4102C>G (p.Arg1368Gly)	24	ABCA4	Pathogenic	GRCh38	1437896
single nucleotide variant	NM_000350.3(ABCA4):c.6479+4A>G	24	ABCA4	Pathogenic	GRCh38	1437246
single nucleotide variant	NM_000350.3(ABCA4):c.6220G>A (p.Gly2074Ser)	24	ABCA4	Pathogenic	GRCh38	1437316
single nucleotide variant	NM_000350.3(ABCA4):c.2347C>T (p.Gln783Ter)	24	ABCA4	Pathogenic	GRCh38	1678570
single nucleotide variant	NM_000350.3(ABCA4):c.2919-2A>G	24	ABCA4	Pathogenic	GRCh38	1685487
single nucleotide variant	NM_000350.3(ABCA4):c.3470T>G (p.Leu1157Ter)	24	ABCA4	Pathogenic	GRCh38	1687185
single nucleotide variant	NM_000350.3(ABCA4):c.6698A>T (p.Glu2233Val)	24	ABCA4	Likely pathogenic	GRCh38	1692998
single nucleotide variant	NM_000350.3(ABCA4):c.1698C>G (p.His566Gln)	24	ABCA4	Pathogenic	GRCh38	1704303
single nucleotide variant	NM_000350.3(ABCA4):c.5460+2T>C	24	ABCA4	Pathogenic	GRCh38	1710107
single nucleotide variant	NM_000350.3(ABCA4):c.5113C>G (p.Arg1705Gly)	24	ABCA4	Likely pathogenic	GRCh38	1713269
single nucleotide variant	NM_000350.3(ABCA4):c.4219C>T (p.Pro1407Ser)	24	ABCA4	Likely pathogenic	GRCh38	1721483
single nucleotide variant	NM_000350.3(ABCA4):c.768+1G>A	24	ABCA4	Pathogenic	GRCh38	1803948
single nucleotide variant	NM_000350.3(ABCA4):c.3608-1G>A	24	ABCA4	Pathogenic	GRCh38	1804173
single nucleotide variant	NM_000350.3(ABCA4):c.689G>T (p.Cys230Phe)	24	ABCA4	Likely pathogenic	GRCh38	1804176
single nucleotide variant	NM_000350.3(ABCA4):c.2453G>C (p.Gly818Ala)	24	ABCA4	Pathogenic	GRCh38	1804636
single nucleotide variant	NM_000350.3(ABCA4):c.1508T>C (p.Phe503Ser)	24	ABCA4	Likely pathogenic	GRCh38	1805043
single nucleotide variant	NM_000350.3(ABCA4):c.443-2A>G	24	ABCA4	Likely pathogenic	GRCh38	1805342
single nucleotide variant	NM_000350.3(ABCA4):c.6287A>G (p.Glu2096Gly)	24	ABCA4	Pathogenic/Likely pathogenic	GRCh38	2151881
single nucleotide variant	NM_000350.3(ABCA4):c.6250G>C (p.Ala2084Pro)	24	ABCA4	Pathogenic	GRCh38	2151882
single nucleotide variant	NM_000350.3(ABCA4):c.5621T>C (p.Leu1874Pro)	24	ABCA4	Likely pathogenic	GRCh38	2151884
single nucleotide variant	NM_000350.3(ABCA4):c.5367C>G (p.Ser1789Arg)	24	ABCA4	Likely pathogenic	GRCh38	2151885
single nucleotide variant	NM_000350.3(ABCA4):c.2918+5G>A	24	ABCA4	Pathogenic	GRCh38	2151887
single nucleotide variant	NM_000350.3(ABCA4):c.2384G>A (p.Ser795Asn)	24	ABCA4	Pathogenic/Likely pathogenic	GRCh38	2151888
single nucleotide variant	NM_000350.3(ABCA4):c.1099+1G>C	24	ABCA4	Pathogenic	GRCh38	2151889
single nucleotide variant	NM_000350.3(ABCA4):c.978C>A (p.Tyr326Ter)	24	ABCA4	Pathogenic	GRCh38	2151890
single nucleotide variant	NM_000350.3(ABCA4):c.6410G>A (p.Cys2137Tyr)	24	ABCA4	Pathogenic	GRCh38	2202779
single nucleotide variant	NM_000350.3(ABCA4):c.6289C>T (p.Pro2097Ser)	24	ABCA4	Pathogenic	GRCh38	2202780
single nucleotide variant	NM_000350.3(ABCA4):c.4653G>A (p.Trp1551Ter)	24	ABCA4	Pathogenic	GRCh38	2202787
single nucleotide variant	NM_000350.3(ABCA4):c.3988G>T (p.Glu1330Ter)	24	ABCA4	Pathogenic	GRCh38	2202788
single nucleotide variant	NM_000350.3(ABCA4):c.3280C>A (p.Pro1094Thr)	24	ABCA4	Pathogenic	GRCh38	2202791
single nucleotide variant	NM_000350.3(ABCA4):c.3266C>T (p.Thr1089Ile)	24	ABCA4	Pathogenic	GRCh38	2202792
single nucleotide variant	NM_000350.3(ABCA4):c.3205A>G (p.Lys1069Glu)	24	ABCA4	Likely pathogenic	GRCh38	2202793
single nucleotide variant	NM_000350.3(ABCA4):c.3050+370C>T	24	ABCA4	Pathogenic	GRCh38	2202795
single nucleotide variant	NM_000350.3(ABCA4):c.2864A>G (p.Glu955Gly)	24	ABCA4	Pathogenic	GRCh38	2202797
single nucleotide variant	NM_000350.3(ABCA4):c.1982T>G (p.Leu661Arg)	24	ABCA4	Likely pathogenic	GRCh38	2202800
single nucleotide variant	NM_000350.3(ABCA4):c.1906C>A (p.Gln636Lys)	24	ABCA4	Pathogenic	GRCh38	2202801
single nucleotide variant	NM_000350.3(ABCA4):c.1808A>G (p.Tyr603Cys)	24	ABCA4	Pathogenic	GRCh38	2202803
single nucleotide variant	NM_000350.3(ABCA4):c.1574T>G (p.Phe525Cys)	24	ABCA4	Pathogenic	GRCh38	2202804
single nucleotide variant	NM_000350.3(ABCA4):c.818G>A (p.Trp273Ter)	24	ABCA4	Pathogenic	GRCh38	2202807
single nucleotide variant	NM_000350.3(ABCA4):c.723A>T (p.Glu241Asp)	24	ABCA4	Pathogenic	GRCh38	2202808
single nucleotide variant	NM_000350.3(ABCA4):c.164A>G (p.His55Arg)	24	ABCA4	Pathogenic	GRCh38	2202813
single nucleotide variant	NM_000350.3(ABCA4):c.161-1G>A	24	ABCA4	Pathogenic	GRCh38	2202814
single nucleotide variant	NM_000350.3(ABCA4):c.157G>T (p.Glu53Ter)	24	ABCA4	Pathogenic	GRCh38	2202815
single nucleotide variant	NM_000350.3(ABCA4):c.91T>C (p.Trp31Arg)	24	ABCA4	Pathogenic	GRCh38	2202816
single nucleotide variant	NM_000350.3(ABCA4):c.2T>C (p.Met1Thr)	24	ABCA4	Pathogenic/Likely pathogenic	GRCh38	2202817
single nucleotide variant	NM_000350.3(ABCA4):c.5509C>T (p.Pro1837Ser)	24	ABCA4	Pathogenic	GRCh38	2418843
single nucleotide variant	NM_000350.3(ABCA4):c.4539+1106C>T	24	ABCA4	Pathogenic	GRCh38	2418845
single nucleotide variant	NM_000350.3(ABCA4):c.161-23T>A	24	ABCA4	Pathogenic	GRCh38	2418846
single nucleotide variant	NM_000350.3(ABCA4):c.2971G>A (p.Gly991Arg)	24	ABCA4	Pathogenic	GRCh38	1904854
single nucleotide variant	NM_000350.3(ABCA4):c.1289C>A (p.Ala430Asp)	24	ABCA4	Pathogenic	GRCh38	1916202
single nucleotide variant	NM_000350.3(ABCA4):c.2653+2T>C	24	ABCA4	Likely pathogenic	GRCh38	1919123
single nucleotide variant	NM_000350.3(ABCA4):c.5332A>G (p.Met1778Val)	24	ABCA4	Pathogenic	GRCh38	1914754
single nucleotide variant	NM_000350.3(ABCA4):c.182T>C (p.Met61Thr)	24	ABCA4	Pathogenic	GRCh38	1928109
single nucleotide variant	NM_000350.3(ABCA4):c.614G>A (p.Cys205Tyr)	24	ABCA4	Pathogenic	GRCh38	1955197
single nucleotide variant	NM_000350.3(ABCA4):c.5527C>G (p.Arg1843Gly)	24	ABCA4	Pathogenic	GRCh38	1960314
single nucleotide variant	NM_000350.3(ABCA4):c.2323C>A (p.Pro775Thr)	24	ABCA4	Likely pathogenic	GRCh38	1951379
single nucleotide variant	NM_000350.3(ABCA4):c.3308T>G (p.Leu1103Arg)	24	ABCA4	Pathogenic	GRCh38	1972899
single nucleotide variant	NM_000350.3(ABCA4):c.370C>G (p.Arg124Gly)	24	ABCA4	Likely pathogenic	GRCh38	1988602
single nucleotide variant	NM_000350.3(ABCA4):c.3352C>A (p.His1118Asn)	24	ABCA4	Likely pathogenic	GRCh38	1993341
single nucleotide variant	NM_000350.3(ABCA4):c.5389T>C (p.Cys1797Arg)	24	ABCA4	Likely pathogenic	GRCh38	1998873
single nucleotide variant	NM_000350.3(ABCA4):c.5069T>G (p.Met1690Arg)	24	ABCA4	Pathogenic	GRCh38	2000193
single nucleotide variant	NM_000350.3(ABCA4):c.4258G>C (p.Asp1420His)	24	ABCA4	Likely pathogenic	GRCh38	2000194
single nucleotide variant	NM_000350.3(ABCA4):c.2823T>A (p.Cys941Ter)	24	ABCA4	Pathogenic	GRCh38	1994608
single nucleotide variant	NM_000350.3(ABCA4):c.689G>A (p.Cys230Tyr)	24	ABCA4	Likely pathogenic	GRCh38	1996330
single nucleotide variant	NM_000350.3(ABCA4):c.448G>T (p.Gly150Ter)	24	ABCA4	Pathogenic	GRCh38	2003312
single nucleotide variant	NM_000350.3(ABCA4):c.1612G>A (p.Ala538Thr)	24	ABCA4	Pathogenic	GRCh38	1994524
single nucleotide variant	NM_000350.3(ABCA4):c.1933G>T (p.Asp645Tyr)	24	ABCA4	Pathogenic	GRCh38	1998012
single nucleotide variant	NM_000350.3(ABCA4):c.1240-1G>A	24	ABCA4	Pathogenic	GRCh38	2014238
single nucleotide variant	NM_000350.3(ABCA4):c.6178C>G (p.Leu2060Val)	24	ABCA4	Likely pathogenic	GRCh38	2017728
single nucleotide variant	NM_000350.3(ABCA4):c.6006-2A>G	24	ABCA4	Likely pathogenic	GRCh38	2017132
single nucleotide variant	NM_000350.3(ABCA4):c.514G>T (p.Gly172Cys)	24	ABCA4	Likely pathogenic	GRCh38	2019001
single nucleotide variant	NM_000350.3(ABCA4):c.4381T>C (p.Trp1461Arg)	24	ABCA4	Pathogenic	GRCh38	2006556
single nucleotide variant	NM_000350.3(ABCA4):c.3384C>A (p.Asp1128Glu)	24	ABCA4	Pathogenic	GRCh38	2006592
single nucleotide variant	NM_000350.3(ABCA4):c.4540-2A>C	24	ABCA4	Pathogenic	GRCh38	2009746
single nucleotide variant	NM_000350.3(ABCA4):c.3814-1G>A	24	ABCA4	Pathogenic	GRCh38	2013259
single nucleotide variant	NM_000350.3(ABCA4):c.5835+1G>T	24	ABCA4	Pathogenic	GRCh38	2016326
single nucleotide variant	NM_000350.3(ABCA4):c.2939T>A (p.Leu980Ter)	24	ABCA4	Pathogenic	GRCh38	2021075
single nucleotide variant	NM_000350.3(ABCA4):c.3806T>A (p.Leu1269Gln)	24	ABCA4	Pathogenic	GRCh38	2022665
single nucleotide variant	NM_000350.3(ABCA4):c.5366G>A (p.Ser1789Asn)	24	ABCA4	Pathogenic	GRCh38	2027960
single nucleotide variant	NM_000350.3(ABCA4):c.4353-1G>C	24	ABCA4	Pathogenic	GRCh38	2026757
single nucleotide variant	NM_000350.3(ABCA4):c.4774-1G>A	24	ABCA4	Pathogenic	GRCh38	2019880
single nucleotide variant	NM_000350.3(ABCA4):c.6397T>C (p.Cys2133Arg)	24	ABCA4	Likely pathogenic	GRCh38	2021273
single nucleotide variant	NM_000350.3(ABCA4):c.5828T>G (p.Leu1943Arg)	24	ABCA4	Likely pathogenic	GRCh38	2023019
single nucleotide variant	NM_000350.3(ABCA4):c.2402C>T (p.Ala801Val)	24	ABCA4	Likely pathogenic	GRCh38	2034333
single nucleotide variant	NM_000350.3(ABCA4):c.570+2T>C	24	ABCA4	Pathogenic	GRCh38	2035869
single nucleotide variant	NM_000350.3(ABCA4):c.6816+1G>C	24	ABCA4	Pathogenic	GRCh38	2035425
single nucleotide variant	NM_000350.3(ABCA4):c.4254-5T>A	24	ABCA4	Pathogenic/Likely pathogenic	GRCh38	2033572
single nucleotide variant	NM_000350.3(ABCA4):c.3278A>T (p.Asp1093Val)	24	ABCA4	Likely pathogenic	GRCh38	2036773
single nucleotide variant	NM_000350.3(ABCA4):c.2941C>G (p.Pro981Ala)	24	ABCA4	Likely pathogenic	GRCh38	2041980
single nucleotide variant	NM_000350.3(ABCA4):c.1767G>A (p.Trp589Ter)	24	ABCA4	Pathogenic	GRCh38	2047047
single nucleotide variant	NM_000350.3(ABCA4):c.3863-2A>G	24	ABCA4	Likely pathogenic	GRCh38	2063742
single nucleotide variant	NM_000350.3(ABCA4):c.2328C>A (p.His776Gln)	24	ABCA4	Likely pathogenic	GRCh38	2072531
single nucleotide variant	NM_000350.3(ABCA4):c.6310C>T (p.Gln2104Ter)	24	ABCA4	Pathogenic	GRCh38	2098051
single nucleotide variant	NM_000350.3(ABCA4):c.5898+5G>A	24	ABCA4	Likely pathogenic	GRCh38	2098053
single nucleotide variant	NM_000350.3(ABCA4):c.378G>A (p.Trp126Ter)	24	ABCA4	Pathogenic	GRCh38	2098057
single nucleotide variant	NM_000350.3(ABCA4):c.4123G>A (p.Ala1375Thr)	24	ABCA4	Likely pathogenic	GRCh38	2092284
single nucleotide variant	NM_000350.3(ABCA4):c.458T>C (p.Ile153Thr)	24	ABCA4	Pathogenic	GRCh38	2092500
single nucleotide variant	NM_000350.3(ABCA4):c.3412C>T (p.Leu1138Phe)	24	ABCA4	Likely pathogenic	GRCh38	2096974
single nucleotide variant	NM_000350.3(ABCA4):c.4558G>C (p.Glu1520Gln)	24	ABCA4	Likely pathogenic	GRCh38	2111288
single nucleotide variant	NM_000350.3(ABCA4):c.613T>C (p.Cys205Arg)	24	ABCA4	Pathogenic	GRCh38	2111369
single nucleotide variant	NM_000350.3(ABCA4):c.6179T>C (p.Leu2060Pro)	24	ABCA4	Likely pathogenic	GRCh38	2105771
single nucleotide variant	NM_000350.3(ABCA4):c.5310T>G (p.Tyr1770Ter)	24	ABCA4	Pathogenic	GRCh38	2109117
single nucleotide variant	NM_000350.3(ABCA4):c.5522T>A (p.Leu1841Gln)	24	ABCA4	Likely pathogenic	GRCh38	2101729
single nucleotide variant	NM_000350.3(ABCA4):c.3224C>T (p.Ala1075Val)	24	ABCA4	Likely pathogenic	GRCh38	2108803
single nucleotide variant	NM_000350.3(ABCA4):c.1529T>A (p.Leu510His)	24	ABCA4	Likely pathogenic	GRCh38	2112443
single nucleotide variant	NM_000350.3(ABCA4):c.66+1G>C	24	ABCA4	Likely pathogenic	GRCh38	2128581
single nucleotide variant	NM_000350.3(ABCA4):c.427C>G (p.Pro143Ala)	24	ABCA4	Likely pathogenic	GRCh38	2128435
single nucleotide variant	NM_000350.3(ABCA4):c.6425T>A (p.Ile2142Asn)	24	ABCA4	Likely pathogenic	GRCh38	2119013
single nucleotide variant	NM_000350.3(ABCA4):c.1918C>T (p.Pro640Ser)	24	ABCA4	Likely pathogenic	GRCh38	2122838
single nucleotide variant	NM_000350.3(ABCA4):c.25C>T (p.Leu9Phe)	24	ABCA4	Likely pathogenic	GRCh38	2129982
single nucleotide variant	NM_000350.3(ABCA4):c.237T>A (p.Asn79Lys)	24	ABCA4	Pathogenic	GRCh38	2130039
single nucleotide variant	NM_000350.3(ABCA4):c.3134T>C (p.Met1045Thr)	24	ABCA4	Likely pathogenic	GRCh38	2131785
single nucleotide variant	NM_000350.3(ABCA4):c.1919C>G (p.Pro640Arg)	24	ABCA4	Likely pathogenic	GRCh38	2132773
single nucleotide variant	NM_000350.3(ABCA4):c.1850A>C (p.Gln617Pro)	24	ABCA4	Likely pathogenic	GRCh38	2132801
single nucleotide variant	NM_000350.3(ABCA4):c.5461-10T>G	24	ABCA4	Pathogenic	GRCh38	2429001
single nucleotide variant	NM_000350.3(ABCA4):c.6479+1G>A	24	ABCA4	Pathogenic/Likely pathogenic	GRCh38	2434728
single nucleotide variant	NM_000350.3(ABCA4):c.6198C>A (p.Cys2066Ter)	24	ABCA4	Likely pathogenic	GRCh38	2440903
single nucleotide variant	NM_000350.3(ABCA4):c.6328T>C (p.Trp2110Arg)	24	ABCA4	Likely pathogenic	GRCh38	2442572
single nucleotide variant	NM_000350.3(ABCA4):c.4200C>A (p.Tyr1400Ter)	24	ABCA4	Pathogenic	GRCh38	2499508
single nucleotide variant	NM_000350.3(ABCA4):c.4639A>T (p.Lys1547Ter)	24	ABCA4	Pathogenic	GRCh38	2504457
single nucleotide variant	NM_000350.3(ABCA4):c.6148-2A>G	24	ABCA4	Pathogenic/Likely pathogenic	GRCh38	2507050
single nucleotide variant	NM_000350.3(ABCA4):c.1820G>T (p.Gly607Val)	24	ABCA4	Likely pathogenic	GRCh38	2628034
single nucleotide variant	NM_000350.3(ABCA4):c.4192G>A (p.Gly1398Ser)	24	ABCA4	Likely pathogenic	GRCh38	2628047
single nucleotide variant	NM_000350.3(ABCA4):c.6386+4A>G	24	ABCA4	Likely pathogenic	GRCh38	2664496
single nucleotide variant	NM_000350.3(ABCA4):c.2261T>C (p.Phe754Ser)	24	ABCA4	Pathogenic/Likely pathogenic	GRCh38	2664260
single nucleotide variant	NM_000350.3(ABCA4):c.2424C>G (p.Tyr808Ter)	24	ABCA4	Pathogenic	GRCh38	2664262
single nucleotide variant	NM_000350.3(ABCA4):c.6454G>A (p.Gly2152Ser)	24	ABCA4	Likely pathogenic	GRCh38	2692299
single nucleotide variant	NM_000350.3(ABCA4):c.4531C>A (p.Pro1511Thr)	24	ABCA4	Likely pathogenic	GRCh38	2697215
single nucleotide variant	NM_000350.3(ABCA4):c.2654-1G>A	24	ABCA4	Likely pathogenic	GRCh38	2698695
single nucleotide variant	NM_000350.3(ABCA4):c.926C>A (p.Pro309Gln)	24	ABCA4	Likely pathogenic	GRCh38	2698883
single nucleotide variant	NM_000350.3(ABCA4):c.2323C>T (p.Pro775Ser)	24	ABCA4	Likely pathogenic	GRCh38	2702100
single nucleotide variant	NM_000350.3(ABCA4):c.6787C>G (p.Arg2263Gly)	24	ABCA4	Likely pathogenic	GRCh38	2693339
single nucleotide variant	NM_000350.3(ABCA4):c.183G>A (p.Met61Ile)	24	ABCA4	Pathogenic	GRCh38	2694993
single nucleotide variant	NM_000350.3(ABCA4):c.2653+2T>A	24	ABCA4	Likely pathogenic	GRCh38	2695060
single nucleotide variant	NM_000350.3(ABCA4):c.6230G>T (p.Arg2077Leu)	24	ABCA4	Likely pathogenic	GRCh38	2705169
single nucleotide variant	NM_000350.3(ABCA4):c.2029G>C (p.Glu677Gln)	24	ABCA4	Likely pathogenic	GRCh38	2705305
single nucleotide variant	NM_000350.3(ABCA4):c.215G>A (p.Gly72Glu)	24	ABCA4	Pathogenic	GRCh38	2694095
single nucleotide variant	NM_000350.3(ABCA4):c.1A>T (p.Met1Leu)	24	ABCA4	Pathogenic	GRCh38	2697324
single nucleotide variant	NM_000350.3(ABCA4):c.4128+2T>C	24	ABCA4	Likely pathogenic	GRCh38	2699326
single nucleotide variant	NM_000350.3(ABCA4):c.1649G>A (p.Gly550Glu)	24	ABCA4	Likely pathogenic	GRCh38	2708916
single nucleotide variant	NM_000350.3(ABCA4):c.2902G>C (p.Gly968Arg)	24	ABCA4	Pathogenic	GRCh38	2709172
single nucleotide variant	NM_000350.3(ABCA4):c.4414C>T (p.Gln1472Ter)	24	ABCA4	Pathogenic	GRCh38	2710431
single nucleotide variant	NM_000350.3(ABCA4):c.66+2T>C	24	ABCA4	Likely pathogenic	GRCh38	2706346
single nucleotide variant	NM_000350.3(ABCA4):c.4858A>C (p.Asn1620His)	24	ABCA4	Likely pathogenic	GRCh38	2708344
single nucleotide variant	NM_000350.3(ABCA4):c.568C>T (p.Gln190Ter)	24	ABCA4	Pathogenic	GRCh38	2706044
single nucleotide variant	NM_000350.3(ABCA4):c.1320C>A (p.Tyr440Ter)	24	ABCA4	Pathogenic	GRCh38	2709585
single nucleotide variant	NM_000350.3(ABCA4):c.6191C>G (p.Ala2064Gly)	24	ABCA4	Likely pathogenic	GRCh38	2718055
single nucleotide variant	NM_000350.3(ABCA4):c.6479+1G>C	24	ABCA4	Pathogenic/Likely pathogenic	GRCh38	2733910
single nucleotide variant	NM_000350.3(ABCA4):c.5572T>G (p.Tyr1858Asp)	24	ABCA4	Pathogenic	GRCh38	2733916
single nucleotide variant	NM_000350.3(ABCA4):c.5260T>G (p.Tyr1754Asp)	24	ABCA4	Pathogenic	GRCh38	2733919
single nucleotide variant	NM_000350.3(ABCA4):c.4552A>C (p.Ser1518Arg)	24	ABCA4	Pathogenic	GRCh38	2733922
single nucleotide variant	NM_000350.3(ABCA4):c.3655G>C (p.Ala1219Pro)	24	ABCA4	Pathogenic/Likely pathogenic	GRCh38	2733927
single nucleotide variant	NM_000350.3(ABCA4):c.3281C>G (p.Pro1094Arg)	24	ABCA4	Pathogenic	GRCh38	2733930
single nucleotide variant	NM_000350.3(ABCA4):c.3065A>G (p.Glu1022Gly)	24	ABCA4	Pathogenic	GRCh38	2733932
single nucleotide variant	NM_000350.3(ABCA4):c.2616C>G (p.Tyr872Ter)	24	ABCA4	Pathogenic	GRCh38	2733935
single nucleotide variant	NM_000350.3(ABCA4):c.1937+1G>C	24	ABCA4	Pathogenic	GRCh38	2733938
single nucleotide variant	NM_000350.3(ABCA4):c.1832T>C (p.Leu611Pro)	24	ABCA4	Pathogenic/Likely pathogenic	GRCh38	2733940
single nucleotide variant	NM_000350.3(ABCA4):c.1519G>T (p.Asp507Tyr)	24	ABCA4	Pathogenic	GRCh38	2733942
single nucleotide variant	NM_000350.3(ABCA4):c.1043T>G (p.Phe348Cys)	24	ABCA4	Pathogenic	GRCh38	2733944
single nucleotide variant	NM_000350.3(ABCA4):c.858+2T>A	24	ABCA4	Pathogenic	GRCh38	2733946
single nucleotide variant	NM_000350.3(ABCA4):c.559C>T (p.Arg187Cys)	24	ABCA4	Likely pathogenic	GRCh38	2733948
single nucleotide variant	NM_000350.3(ABCA4):c.318T>G (p.Tyr106Ter)	24	ABCA4	Pathogenic	GRCh38	2733949
single nucleotide variant	NM_000350.3(ABCA4):c.191C>T (p.Ala64Val)	24	ABCA4	Likely pathogenic	GRCh38	2733951
single nucleotide variant	NM_000350.3(ABCA4):c.5646G>C (p.Met1882Ile)	24	ABCA4	Pathogenic	GRCh38	2749739
single nucleotide variant	NM_000350.3(ABCA4):c.4312C>A (p.Pro1438Thr)	24	ABCA4	Likely pathogenic	GRCh38	2750636
single nucleotide variant	NM_000350.3(ABCA4):c.5824G>T (p.Glu1942Ter)	24	ABCA4	Pathogenic	GRCh38	2748233
single nucleotide variant	NM_000350.3(ABCA4):c.5332A>T (p.Met1778Leu)	24	ABCA4	Pathogenic	GRCh38	2750376
single nucleotide variant	NM_000350.3(ABCA4):c.5365A>G (p.Ser1789Gly)	24	ABCA4	Likely pathogenic	GRCh38	2760626
single nucleotide variant	NM_000350.3(ABCA4):c.2941C>T (p.Pro981Ser)	24	ABCA4	Likely pathogenic	GRCh38	2767484
single nucleotide variant	NM_000350.3(ABCA4):c.2639G>A (p.Trp880Ter)	24	ABCA4	Pathogenic	GRCh38	2763532
single nucleotide variant	NM_000350.3(ABCA4):c.4313C>T (p.Pro1438Leu)	24	ABCA4	Likely pathogenic	GRCh38	2772849
single nucleotide variant	NM_000350.3(ABCA4):c.4546C>T (p.Gln1516Ter)	24	ABCA4	Pathogenic	GRCh38	2776777
single nucleotide variant	NM_000350.3(ABCA4):c.3522+1G>T	24	ABCA4	Pathogenic	GRCh38	2778484
single nucleotide variant	NM_000350.3(ABCA4):c.2930C>G (p.Thr977Arg)	24	ABCA4	Likely pathogenic	GRCh38	2778203
single nucleotide variant	NM_000350.3(ABCA4):c.3862G>A (p.Gly1288Ser)	24	ABCA4	Likely pathogenic	GRCh38	2779967
single nucleotide variant	NM_000350.3(ABCA4):c.3308T>C (p.Leu1103Pro)	24	ABCA4	Pathogenic	GRCh38	2779968
single nucleotide variant	NM_000350.3(ABCA4):c.2382+4A>G	24	ABCA4	Pathogenic/Likely pathogenic	GRCh38	2779969
single nucleotide variant	NM_000350.3(ABCA4):c.2161-2A>G	24	ABCA4	Pathogenic	GRCh38	2779970
single nucleotide variant	NM_000350.3(ABCA4):c.769-1G>A	24	ABCA4	Pathogenic	GRCh38	2779971
single nucleotide variant	NM_000350.3(ABCA4):c.505A>T (p.Lys169Ter)	24	ABCA4	Pathogenic	GRCh38	2779972
single nucleotide variant	NM_000350.3(ABCA4):c.224G>A (p.Cys75Tyr)	24	ABCA4	Likely pathogenic	GRCh38	2789051
single nucleotide variant	NM_000350.3(ABCA4):c.470T>G (p.Leu157Trp)	24	ABCA4	Likely pathogenic	GRCh38	2803744
single nucleotide variant	NM_000350.3(ABCA4):c.6173T>A (p.Leu2058Gln)	24	ABCA4	Likely pathogenic	GRCh38	2824182
single nucleotide variant	NM_000350.3(ABCA4):c.4307A>T (p.Asn1436Ile)	24	ABCA4	Likely pathogenic	GRCh38	2824513
single nucleotide variant	NM_000350.3(ABCA4):c.2452G>A (p.Gly818Arg)	24	ABCA4	Likely pathogenic	GRCh38	2818781
single nucleotide variant	NM_000350.3(ABCA4):c.4668-1G>C	24	ABCA4	Pathogenic	GRCh38	2824008
single nucleotide variant	NM_000350.3(ABCA4):c.5087G>C (p.Ser1696Thr)	24	ABCA4	Likely pathogenic	GRCh38	2821867
single nucleotide variant	NM_000350.3(ABCA4):c.5312+2T>C	24	ABCA4	Pathogenic	GRCh38	2819458
single nucleotide variant	NM_000350.3(ABCA4):c.1919C>A (p.Pro640His)	24	ABCA4	Likely pathogenic	GRCh38	2828081
single nucleotide variant	NM_000350.3(ABCA4):c.1798G>A (p.Asp600Asn)	24	ABCA4	Likely pathogenic	GRCh38	2834824
single nucleotide variant	NM_000350.3(ABCA4):c.1657T>G (p.Phe553Val)	24	ABCA4	Likely pathogenic	GRCh38	2839918
single nucleotide variant	NM_000350.3(ABCA4):c.1892G>A (p.Gly631Glu)	24	ABCA4	Pathogenic	GRCh38	2840238
single nucleotide variant	NM_000350.3(ABCA4):c.2918+1G>A	24	ABCA4	Likely pathogenic	GRCh38	2848041
single nucleotide variant	NM_000350.3(ABCA4):c.5819T>A (p.Leu1940Gln)	24	ABCA4	Likely pathogenic	GRCh38	2851584
single nucleotide variant	NM_000350.3(ABCA4):c.179C>A (p.Ala60Glu)	24	ABCA4	Likely pathogenic	GRCh38	2851652
single nucleotide variant	NM_000350.3(ABCA4):c.6647C>A (p.Ala2216Glu)	24	ABCA4	Likely pathogenic	GRCh38	2856450
single nucleotide variant	NM_000350.3(ABCA4):c.5018+1G>T	24	ABCA4	Pathogenic	GRCh38	2844431
single nucleotide variant	NM_000350.3(ABCA4):c.1995C>G (p.Tyr665Ter)	24	ABCA4	Pathogenic	GRCh38	2849539
single nucleotide variant	NM_000350.3(ABCA4):c.6214A>G (p.Ser2072Gly)	24	ABCA4	Likely pathogenic	GRCh38	2852398
single nucleotide variant	NM_000350.3(ABCA4):c.4520G>C (p.Gly1507Ala)	24	ABCA4	Likely pathogenic	GRCh38	2856084
single nucleotide variant	NM_000350.3(ABCA4):c.2914A>G (p.Thr972Ala)	24	ABCA4	Likely pathogenic	GRCh38	2851918
single nucleotide variant	NM_000350.3(ABCA4):c.1761-1G>A	24	ABCA4	Pathogenic	GRCh38	2863151
single nucleotide variant	NM_000350.3(ABCA4):c.377G>A (p.Trp126Ter)	24	ABCA4	Pathogenic	GRCh38	2869570
single nucleotide variant	NM_000350.3(ABCA4):c.5414A>G (p.Asn1805Ser)	24	ABCA4	Likely pathogenic	GRCh38	2863949
single nucleotide variant	NM_000350.3(ABCA4):c.1239+1G>A	24	ABCA4	Pathogenic	GRCh38	2864191
single nucleotide variant	NM_000350.3(ABCA4):c.3223G>A (p.Ala1075Thr)	24	ABCA4	Likely pathogenic	GRCh38	2863648
single nucleotide variant	NM_000350.3(ABCA4):c.2288C>G (p.Ala763Gly)	24	ABCA4	Likely pathogenic	GRCh38	2872833
single nucleotide variant	NM_000350.3(ABCA4):c.160+5G>A	24	ABCA4	Pathogenic/Likely pathogenic	GRCh38	2883977
single nucleotide variant	NM_000350.3(ABCA4):c.4539+1100A>G	24	ABCA4	Pathogenic	GRCh38	2890087
single nucleotide variant	NM_000350.3(ABCA4):c.6086G>T (p.Gly2029Val)	24	ABCA4	Pathogenic	GRCh38	2907280
single nucleotide variant	NM_000350.3(ABCA4):c.5616G>A (p.Trp1872Ter)	24	ABCA4	Pathogenic	GRCh38	2907281
single nucleotide variant	NM_000350.3(ABCA4):c.4539+2065C>G	24	ABCA4	Likely pathogenic	GRCh38	2907283
single nucleotide variant	NM_000350.3(ABCA4):c.1892G>T (p.Gly631Val)	24	ABCA4	Pathogenic	GRCh38	2907285
single nucleotide variant	NM_000350.3(ABCA4):c.1760+2T>C	24	ABCA4	Pathogenic	GRCh38	2907286
single nucleotide variant	NM_000350.3(ABCA4):c.1760+1G>A	24	ABCA4	Pathogenic	GRCh38	2907287
single nucleotide variant	NM_000350.3(ABCA4):c.6746C>A (p.Ala2249Asp)	24	ABCA4	Pathogenic	GRCh38	2910113
single nucleotide variant	NM_000350.3(ABCA4):c.4854G>T (p.Trp1618Cys)	24	ABCA4	Pathogenic	GRCh38	2910114
single nucleotide variant	NM_000350.3(ABCA4):c.4468T>C (p.Cys1490Arg)	24	ABCA4	Likely pathogenic	GRCh38	2910115
single nucleotide variant	NM_000350.3(ABCA4):c.2265C>G (p.Phe755Leu)	24	ABCA4	Pathogenic	GRCh38	2910118
single nucleotide variant	NM_000350.3(ABCA4):c.1644G>A (p.Trp548Ter)	24	ABCA4	Pathogenic	GRCh38	2910120
single nucleotide variant	NM_000350.3(ABCA4):c.464A>T (p.Asp155Val)	24	ABCA4	Pathogenic	GRCh38	2910123
single nucleotide variant	NM_000350.3(ABCA4):c.613T>G (p.Cys205Gly)	24	ABCA4	Pathogenic	GRCh38	2971409
single nucleotide variant	NM_000350.3(ABCA4):c.4861A>T (p.Asn1621Tyr)	24	ABCA4	Pathogenic	GRCh38	2981199
single nucleotide variant	NM_000350.3(ABCA4):c.184C>G (p.Pro62Ala)	24	ABCA4	Pathogenic	GRCh38	2981207
single nucleotide variant	NM_000350.3(ABCA4):c.5068A>G (p.Met1690Val)	24	ABCA4	Likely pathogenic	GRCh38	2988546
single nucleotide variant	NM_000350.3(ABCA4):c.2549A>C (p.Tyr850Ser)	24	ABCA4	Likely pathogenic	GRCh38	2985611
single nucleotide variant	NM_000350.3(ABCA4):c.2803G>A (p.Val935Ile)	24	ABCA4	Likely pathogenic	GRCh38	3005375
single nucleotide variant	NM_000350.3(ABCA4):c.3354C>G (p.His1118Gln)	24	ABCA4	Likely pathogenic	GRCh38	3002946
single nucleotide variant	NM_000350.3(ABCA4):c.2291G>T (p.Cys764Phe)	24	ABCA4	Likely pathogenic	GRCh38	3006375
single nucleotide variant	NM_000350.3(ABCA4):c.5575G>A (p.Ala1859Thr)	24	ABCA4	Likely pathogenic	GRCh38	3027691
single nucleotide variant	NM_000350.3(ABCA4):c.4880T>C (p.Leu1627Pro)	24	ABCA4	Likely pathogenic	GRCh38	3027729
single nucleotide variant	NM_000350.3(ABCA4):c.1247C>G (p.Ser416Ter)	24	ABCA4	Pathogenic/Likely pathogenic	GRCh38	3028074
single nucleotide variant	NM_000350.3(ABCA4):c.570+2T>G	24	ABCA4	Likely pathogenic	GRCh38	3028138
single nucleotide variant	NM_000350.3(ABCA4):c.6044G>T (p.Gly2015Val)	24	ABCA4	Likely pathogenic	GRCh38	3065861
single nucleotide variant	NM_000350.3(ABCA4):c.5351T>C (p.Leu1784Pro)	24	ABCA4	Pathogenic	GRCh38	3233596
single nucleotide variant	NM_000350.3(ABCA4):c.1230A>G (p.Ile410Met)	24	ABCA4	Pathogenic	GRCh38	3235181
single nucleotide variant	NM_000350.3(ABCA4):c.265G>T (p.Glu89Ter)	24	ABCA4	Pathogenic	GRCh38	3237363
single nucleotide variant	NM_000350.3(ABCA4):c.5335T>C (p.Tyr1779His)	24	ABCA4	Likely pathogenic	GRCh38	3238644
single nucleotide variant	NM_000350.3(ABCA4):c.6394G>T (p.Glu2132Ter)	24	ABCA4	Likely pathogenic	GRCh38	3238645
single nucleotide variant	NM_000350.3(ABCA4):c.6220G>T (p.Gly2074Cys)	24	ABCA4	Pathogenic	GRCh38	3238953
single nucleotide variant	NM_000350.3(ABCA4):c.6225C>G (p.Asn2075Lys)	24	ABCA4	Likely pathogenic	GRCh38	3248668
single nucleotide variant	NM_000350.3(ABCA4):c.5926G>A (p.Ala1976Thr)	24	ABCA4	Likely pathogenic	GRCh38	3248726
single nucleotide variant	NM_000350.3(ABCA4):c.2905A>C (p.Lys969Gln)	24	ABCA4	Likely pathogenic	GRCh38	3248727
single nucleotide variant	NM_000350.3(ABCA4):c.2744-2A>G	24	ABCA4	Likely pathogenic	GRCh38	3248846
single nucleotide variant	NM_000350.3(ABCA4):c.2950T>C (p.Ser984Pro)	24	ABCA4	Likely pathogenic	GRCh38	3248879
single nucleotide variant	NM_000350.3(ABCA4):c.2440G>A (p.Glu814Lys)	24	ABCA4	Likely pathogenic	GRCh38	3248905
single nucleotide variant	NM_000350.3(ABCA4):c.3191-11T>A	24	ABCA4	Likely pathogenic	GRCh38	3248991
single nucleotide variant	NM_000350.3(ABCA4):c.2256C>A (p.Ser752Arg)	24	ABCA4	Likely pathogenic	GRCh38	3248993
single nucleotide variant	NM_000350.3(ABCA4):c.2843G>C (p.Arg948Pro)	24	ABCA4	Likely pathogenic	GRCh38	3249022
single nucleotide variant	NM_000350.3(ABCA4):c.1017G>A (p.Trp339Ter)	24	ABCA4	Pathogenic	GRCh38	3249039
single nucleotide variant	NM_000350.3(ABCA4):c.2290T>C (p.Cys764Arg)	24	ABCA4	Likely pathogenic	GRCh38	3249083
single nucleotide variant	NM_000350.3(ABCA4):c.1520A>G (p.Asp507Gly)	24	ABCA4	Likely pathogenic	GRCh38	3249086
single nucleotide variant	NM_000350.3(ABCA4):c.4539+2T>G	24	ABCA4	Pathogenic	GRCh38	3249201
single nucleotide variant	NM_000350.3(ABCA4):c.303-3C>G	24	ABCA4	Likely pathogenic	GRCh38	3249248
single nucleotide variant	NM_000350.3(ABCA4):c.6304G>C (p.Asp2102His)	24	ABCA4	Likely pathogenic	GRCh38	3249572
single nucleotide variant	NM_000350.3(ABCA4):c.4289T>C (p.Leu1430Pro)	24	ABCA4	Pathogenic/Likely pathogenic	GRCh38	3249666
single nucleotide variant	NM_000350.3(ABCA4):c.1574T>C (p.Phe525Ser)	24	ABCA4	Pathogenic/Likely pathogenic	GRCh38	3249752
single nucleotide variant	NM_000350.3(ABCA4):c.1523G>C (p.Arg508Pro)	24	ABCA4	Likely pathogenic	GRCh38	3249758
single nucleotide variant	NM_000350.3(ABCA4):c.4595A>T (p.Asp1532Val)	24	ABCA4	Likely pathogenic	GRCh38	3249808
single nucleotide variant	NM_000350.3(ABCA4):c.4667+1G>C	24	ABCA4	Pathogenic	GRCh38	3249831
single nucleotide variant	NM_000350.3(ABCA4):c.1495T>C (p.Trp499Arg)	24	ABCA4	Likely pathogenic	GRCh38	3249854
single nucleotide variant	NM_000350.3(ABCA4):c.303-1G>T	24	ABCA4	Pathogenic	GRCh38	3249873
single nucleotide variant	NM_000350.3(ABCA4):c.3050+1G>C	24	ABCA4	Pathogenic	GRCh38	3249972
single nucleotide variant	NM_000350.3(ABCA4):c.1356+1G>T	24	ABCA4	Pathogenic	GRCh38	3249984
single nucleotide variant	NM_000350.3(ABCA4):c.1554+1G>T	24	ABCA4	Pathogenic	GRCh38	3249988
single nucleotide variant	NM_000350.3(ABCA4):c.5977T>C (p.Ser1993Pro)	24	ABCA4	Likely pathogenic	GRCh38	3249989
single nucleotide variant	NM_000350.3(ABCA4):c.3089T>A (p.Leu1030Gln)	24	ABCA4	Likely pathogenic	GRCh38	3249990
single nucleotide variant	NM_000350.3(ABCA4):c.3050+5G>T	24	ABCA4	Pathogenic	GRCh38	3249992
single nucleotide variant	NM_000350.3(ABCA4):c.4773+1G>A	24	ABCA4	Pathogenic	GRCh38	3249993
single nucleotide variant	NM_000350.3(ABCA4):c.6283-2A>G	24	ABCA4	Pathogenic	GRCh38	3250010
single nucleotide variant	NM_000350.3(ABCA4):c.3832G>T (p.Glu1278Ter)	24	ABCA4	Pathogenic	GRCh38	3250014
single nucleotide variant	NM_000350.3(ABCA4):c.2953G>A (p.Gly985Arg)	24	ABCA4	Likely pathogenic	GRCh38	3250062
single nucleotide variant	NM_000350.3(ABCA4):c.5342C>A (p.Ala1781Glu)	24	ABCA4	Likely pathogenic	GRCh38	3250284
single nucleotide variant	NM_000350.3(ABCA4):c.5509C>G (p.Pro1837Ala)	24	ABCA4	Likely pathogenic	GRCh38	3250304
single nucleotide variant	NM_000350.3(ABCA4):c.1553A>C (p.Glu518Ala)	24	ABCA4	Likely pathogenic	GRCh38	3250329
single nucleotide variant	NM_000350.3(ABCA4):c.2654-2A>C	24	ABCA4	Likely pathogenic	GRCh38	3251963
single nucleotide variant	NM_000350.3(ABCA4):c.2894A>T (p.Asn965Ile)	24	ABCA4	Likely pathogenic	GRCh38	3255560
single nucleotide variant	NM_000350.3(ABCA4):c.4254-17T>A	24	ABCA4	Likely pathogenic	GRCh38	3338127
single nucleotide variant	NM_000350.3(ABCA4):c.2279T>C (p.Leu760Pro)	24	ABCA4	Likely pathogenic	GRCh38	3338646
single nucleotide variant	NM_000350.3(ABCA4):c.6559C>T (p.Gln2187Ter)	24	ABCA4	Pathogenic	GRCh38	3338800
single nucleotide variant	NM_000350.3(ABCA4):c.4539+1G>C	24	ABCA4	Likely pathogenic	GRCh38	3370411
single nucleotide variant	NM_000350.3(ABCA4):c.1597C>T (p.Gln533Ter)	24	ABCA4	Likely pathogenic	GRCh38	3370420
single nucleotide variant	NM_000350.3(ABCA4):c.5461-6T>G	24	ABCA4	Likely pathogenic	GRCh38	3381910
single nucleotide variant	NM_000350.3(ABCA4):c.1835A>C (p.Gln612Pro)	24	ABCA4	Likely pathogenic	GRCh38	3382304
single nucleotide variant	NM_000350.3(ABCA4):c.4693A>T (p.Lys1565Ter)	24	ABCA4	Pathogenic	GRCh38	3391419
single nucleotide variant	NM_000350.3(ABCA4):c.1019A>G (p.Tyr340Cys)	24	ABCA4	Likely pathogenic	GRCh38	3392496
single nucleotide variant	NM_000350.3(ABCA4):c.5714+1G>C	24	ABCA4	Pathogenic	GRCh38	3544480
single nucleotide variant	NM_000350.3(ABCA4):c.3169G>T (p.Glu1057Ter)	24	ABCA4	Likely pathogenic	GRCh38	3588351
single nucleotide variant	NM_000350.3(ABCA4):c.302+2T>G	24	ABCA4	Likely pathogenic	GRCh38	3588605
single nucleotide variant	NM_000350.3(ABCA4):c.6209C>G (p.Thr2070Arg)	24	ABCA4	Pathogenic/Likely pathogenic	GRCh38	3588163
single nucleotide variant	NM_000350.3(ABCA4):c.6006-1G>A	24	ABCA4	Likely pathogenic	GRCh38	3588186
single nucleotide variant	NM_000350.3(ABCA4):c.4871G>A (p.Trp1624Ter)	24	ABCA4	Likely pathogenic	GRCh38	3588246
single nucleotide variant	NM_000350.3(ABCA4):c.1204C>G (p.Pro402Ala)	24	ABCA4	Likely pathogenic	GRCh38	3572915
single nucleotide variant	NM_000350.3(ABCA4):c.2588-1G>A	24	ABCA4	Likely pathogenic	GRCh38	3605290
single nucleotide variant	NM_000350.3(ABCA4):c.2608C>G (p.Pro870Ala)	24	ABCA4	Likely pathogenic	GRCh38	3626671
single nucleotide variant	NM_000350.3(ABCA4):c.3217G>A (p.Ala1073Thr)	24	ABCA4	Likely pathogenic	GRCh38	3617925
single nucleotide variant	NM_000350.3(ABCA4):c.1918C>A (p.Pro640Thr)	24	ABCA4	Likely pathogenic	GRCh38	3629462
single nucleotide variant	NM_000350.3(ABCA4):c.3364G>T (p.Glu1122Ter)	24	ABCA4	Pathogenic	GRCh38	3630008
single nucleotide variant	NM_000350.3(ABCA4):c.2790C>A (p.Cys930Ter)	24	ABCA4	Pathogenic	GRCh38	3638023
single nucleotide variant	NM_000350.3(ABCA4):c.4480G>T (p.Glu1494Ter)	24	ABCA4	Pathogenic	GRCh38	3644418
single nucleotide variant	NM_000350.3(ABCA4):c.5019-1G>T	24	ABCA4	Pathogenic	GRCh38	3630611
single nucleotide variant	NM_000350.3(ABCA4):c.2919-1G>C	24	ABCA4	Likely pathogenic	GRCh38	3639500
single nucleotide variant	NM_000350.3(ABCA4):c.2862C>G (p.Tyr954Ter)	24	ABCA4	Pathogenic	GRCh38	3642280
single nucleotide variant	NM_000350.3(ABCA4):c.1712T>C (p.Ile571Thr)	24	ABCA4	Pathogenic	GRCh38	3638500
single nucleotide variant	NM_000350.3(ABCA4):c.6463C>T (p.Gln2155Ter)	24	ABCA4	Pathogenic	GRCh38	3646232
single nucleotide variant	NM_000350.3(ABCA4):c.1132G>T (p.Glu378Ter)	24	ABCA4	Pathogenic	GRCh38	3656257
single nucleotide variant	NM_000350.3(ABCA4):c.6227A>C (p.Lys2076Thr)	24	ABCA4	Likely pathogenic	GRCh38	3643820
single nucleotide variant	NM_000350.3(ABCA4):c.5083G>A (p.Ala1695Thr)	24	ABCA4	Likely pathogenic	GRCh38	3667857
single nucleotide variant	NM_000350.3(ABCA4):c.6076C>A (p.Leu2026Met)	24	ABCA4	Likely pathogenic	GRCh38	3660694
single nucleotide variant	NM_000350.3(ABCA4):c.2210T>C (p.Leu737Ser)	24	ABCA4	Likely pathogenic	GRCh38	3660347
single nucleotide variant	NM_000350.3(ABCA4):c.1017G>T (p.Trp339Cys)	24	ABCA4	Likely pathogenic	GRCh38	3666706
single nucleotide variant	NM_000350.3(ABCA4):c.3059T>G (p.Val1020Gly)	24	ABCA4	Likely pathogenic	GRCh38	3673269
single nucleotide variant	NM_000350.3(ABCA4):c.2966T>G (p.Val989Gly)	24	ABCA4	Likely pathogenic	GRCh38	3673271
single nucleotide variant	NM_000350.3(ABCA4):c.5909T>G (p.Leu1970Arg)	24	ABCA4	Likely pathogenic	GRCh38	3672358
single nucleotide variant	NM_000350.3(ABCA4):c.5689C>T (p.Gln1897Ter)	24	ABCA4	Pathogenic	GRCh38	3675355
single nucleotide variant	NM_000350.3(ABCA4):c.5019-1G>A	24	ABCA4	Pathogenic	GRCh38	3676995
single nucleotide variant	NM_000350.3(ABCA4):c.3251T>C (p.Ile1084Thr)	24	ABCA4	Likely pathogenic	GRCh38	3676996
single nucleotide variant	NM_000350.3(ABCA4):c.4634+1G>A	24	ABCA4	Pathogenic	GRCh38	3683445
single nucleotide variant	NM_000350.3(ABCA4):c.6071A>G (p.Asp2024Gly)	24	ABCA4	Likely pathogenic	GRCh38	3700753
single nucleotide variant	NM_000350.3(ABCA4):c.5957C>A (p.Thr1986Asn)	24	ABCA4	Likely pathogenic	GRCh38	3701252
single nucleotide variant	NM_000350.3(ABCA4):c.5438T>A (p.Leu1813Ter)	24	ABCA4	Pathogenic	GRCh38	3726723
single nucleotide variant	NM_000350.3(ABCA4):c.4774-1G>C	24	ABCA4	Likely pathogenic	GRCh38	3717594
single nucleotide variant	NM_000350.3(ABCA4):c.6245C>A (p.Ala2082Asp)	24	ABCA4	Likely pathogenic	GRCh38	3718932
single nucleotide variant	NM_000350.3(ABCA4):c.3344T>A (p.Met1115Lys)	24	ABCA4	Likely pathogenic	GRCh38	3718975
single nucleotide variant	NM_000350.3(ABCA4):c.1868A>C (p.Gln623Pro)	24	ABCA4	Likely pathogenic	GRCh38	3718992
single nucleotide variant	NM_000350.3(ABCA4):c.3050+2T>C	24	ABCA4	Pathogenic	GRCh38	3726005
single nucleotide variant	NM_000350.3(ABCA4):c.2774G>A (p.Trp925Ter)	24	ABCA4	Pathogenic	GRCh38	3718572
single nucleotide variant	NM_000350.3(ABCA4):c.1244A>G (p.Asn415Ser)	24	ABCA4	Pathogenic	GRCh38	3718573
single nucleotide variant	NM_000350.3(ABCA4):c.6173T>G (p.Leu2058Arg)	24	ABCA4	Pathogenic	GRCh38	3720216
single nucleotide variant	NM_000350.3(ABCA4):c.4855T>C (p.Phe1619Leu)	24	ABCA4	Pathogenic	GRCh38	3720218
single nucleotide variant	NM_000350.3(ABCA4):c.175A>G (p.Lys59Glu)	24	ABCA4	Likely pathogenic	GRCh38	3720229
single nucleotide variant	NM_000350.3(ABCA4):c.5444T>A (p.Leu1815Ter)	24	ABCA4	Pathogenic	GRCh38	3727109
single nucleotide variant	NM_000350.3(ABCA4):c.5197-2A>C	24	ABCA4	Pathogenic	GRCh38	3729028
single nucleotide variant	NM_000350.3(ABCA4):c.1712T>G (p.Ile571Ser)	24	ABCA4	Likely pathogenic	GRCh38	3767359
single nucleotide variant	NM_000350.3(ABCA4):c.3224C>A (p.Ala1075Asp)	24	ABCA4	Likely pathogenic	GRCh38	3767360
single nucleotide variant	NM_000350.3(ABCA4):c.4127A>C (p.Gln1376Pro)	24	ABCA4	Likely pathogenic	GRCh38	3767362
single nucleotide variant	NM_000350.3(ABCA4):c.859-25A>G	24	ABCA4	Pathogenic	GRCh38	3775565
single nucleotide variant	NM_000350.3(ABCA4):c.67-2A>T	24	ABCA4	Pathogenic	GRCh38	3775664
single nucleotide variant	NM_000350.3(ABCA4):c.1239+1G>T	24	ABCA4	Likely pathogenic	GRCh38	3775710
single nucleotide variant	NM_000350.3(ABCA4):c.4849-1G>T	24	ABCA4	Pathogenic	GRCh38	3910958
single nucleotide variant	NM_000350.3(ABCA4):c.2383-1G>A	24	ABCA4	Pathogenic	GRCh38	4070606
single nucleotide variant	NM_000350.3(ABCA4):c.968T>G (p.Leu323Arg)	24	ABCA4	Likely pathogenic	GRCh38	4071980
single nucleotide variant	NM_000350.3(ABCA4):c.1677G>A (p.Trp559Ter)	24	ABCA4	Pathogenic	GRCh38	4292438
single nucleotide variant	NM_000350.3(ABCA4):c.3199C>T (p.Gln1067Ter)	24	ABCA4	Likely pathogenic	GRCh38	4293293
single nucleotide variant	NM_000350.3(ABCA4):c.1016G>T (p.Trp339Leu)	24	ABCA4	Likely pathogenic	GRCh38	4293447
single nucleotide variant	NM_000350.3(ABCA4):c.2743+1G>A	24	ABCA4	Pathogenic	GRCh38	4526352
single nucleotide variant	NM_000350.3(ABCA4):c.717G>A (p.Trp239Ter)	24	ABCA4	Likely pathogenic	GRCh38	4527036
single nucleotide variant	NM_000350.3(ABCA4):c.303-2A>G	24	ABCA4	Pathogenic	GRCh38	4530790
single nucleotide variant	NM_000350.3(ABCA4):c.5435T>A (p.Ile1812Asn)	24	ABCA4	Likely pathogenic	GRCh38	4536993
single nucleotide variant	NM_000350.3(ABCA4):c.2488G>T (p.Glu830Ter)	24	ABCA4	Likely pathogenic	GRCh38	4538553
single nucleotide variant	NM_000350.3(ABCA4):c.4853G>A (p.Trp1618Ter)	24	ABCA4	Pathogenic	GRCh38	4538554
single nucleotide variant	NM_000350.3(ABCA4):c.5776C>T (p.Gln1926Ter)	24	ABCA4	Pathogenic	GRCh38	4538555
single nucleotide variant	NM_000350.3(ABCA4):c.3007C>T (p.Gln1003Ter)	24	ABCA4	Pathogenic	GRCh38	4538557
single nucleotide variant	NM_000350.3(ABCA4):c.3468C>G (p.Tyr1156Ter)	24	ABCA4	Pathogenic	GRCh38	4538558
single nucleotide variant	NM_000350.3(ABCA4):c.42C>A (p.Asn14Lys)	24	ABCA4	Pathogenic	GRCh38	4687186
single nucleotide variant	NM_000350.3(ABCA4):c.2919-826T>A	24	ABCA4	Likely pathogenic	GRCh38	4687211
single nucleotide variant	NM_000350.3(ABCA4):c.6159G>A (p.Trp2053Ter)	24	ABCA4	Pathogenic	GRCh38	4700198
single nucleotide variant	NM_000350.3(ABCA4):c.1849C>T (p.Gln617Ter)	24	ABCA4	Pathogenic	GRCh38	4710678
single nucleotide variant	NM_000350.3(ABCA4):c.35G>A (p.Trp12Ter)	24	ABCA4	Pathogenic	GRCh38	4726575
single nucleotide variant	NM_000350.3(ABCA4):c.274G>T (p.Gly92Ter)	24	ABCA4	Pathogenic	GRCh38	4729636
single nucleotide variant	NM_000350.3(ABCA4):c.1938-1G>C	24	ABCA4	Likely pathogenic	GRCh38	4734197
single nucleotide variant	NM_000350.3(ABCA4):c.2521C>T (p.Gln841Ter)	24	ABCA4	Pathogenic	GRCh38	4746860
single nucleotide variant	NM_000350.3(ABCA4):c.1240-2A>G	24	ABCA4	Pathogenic	GRCh38	4746865
single nucleotide variant	NM_000350.3(ABCA4):c.871C>G (p.Pro291Ala)	24	ABCA4	Pathogenic	GRCh38	4746866
single nucleotide variant	NM_000350.3(ABCA4):c.652C>T (p.Gln218Ter)	24	ABCA4	Pathogenic	GRCh38	4746868
single nucleotide variant	NM_000350.3(ABCA4):c.6244G>A (p.Ala2082Thr)	24	ABCA4	Likely pathogenic	GRCh38	4745891
single nucleotide variant	NM_000350.3(ABCA4):c.6178C>A (p.Leu2060Met)	24	ABCA4	Likely pathogenic	GRCh38	4745892
single nucleotide variant	NM_000350.3(ABCA4):c.5981G>C (p.Gly1994Ala)	24	ABCA4	Pathogenic	GRCh38	4745893
single nucleotide variant	NM_000350.3(ABCA4):c.5930G>T (p.Gly1977Val)	24	ABCA4	Pathogenic	GRCh38	4745894
single nucleotide variant	NM_000350.3(ABCA4):c.5066C>T (p.Ser1689Phe)	24	ABCA4	Pathogenic	GRCh38	4745898
single nucleotide variant	NM_000350.3(ABCA4):c.3656C>T (p.Ala1219Val)	24	ABCA4	Likely pathogenic	GRCh38	4745905
single nucleotide variant	NM_000350.3(ABCA4):c.2408G>A (p.Gly803Glu)	24	ABCA4	Likely pathogenic	GRCh38	4745908
single nucleotide variant	NM_000350.3(ABCA4):c.1957C>A (p.Arg653Ser)	24	ABCA4	Pathogenic	GRCh38	4745910
single nucleotide variant	NM_000350.3(ABCA4):c.1249A>G (p.Thr417Ala)	24	ABCA4	Likely pathogenic	GRCh38	4750106
single nucleotide variant	NM_000350.3(ABCA4):c.2903G>T (p.Gly968Val)	24	ABCA4	Likely pathogenic	GRCh38	4777269
single nucleotide variant	NM_000350.3(ABCA4):c.5519G>T (p.Cys1840Phe)	24	ABCA4	Likely pathogenic	GRCh38	4796883
single nucleotide variant	NM_000350.3(ABCA4):c.2965G>T (p.Val989Phe)	24	ABCA4	Likely pathogenic	GRCh38	4807394
single nucleotide variant	NM_000350.3(ABCA4):c.293A>G (p.Asn98Ser)	24	ABCA4	Likely pathogenic	GRCh38	4799903
single nucleotide variant	NM_000350.3(ABCA4):c.176A>G (p.Lys59Arg)	24	ABCA4	Likely pathogenic	GRCh38	4799905
single nucleotide variant	NM_000350.3(ABCA4):c.968T>C (p.Leu323Pro)	24	ABCA4	Likely pathogenic	GRCh38	4808461
single nucleotide variant	NM_000350.3(ABCA4):c.5836-1G>C	24	ABCA4	Pathogenic	GRCh38	4851981
single nucleotide variant	NM_000350.3(ABCA4):c.5691G>C (p.Gln1897His)	24	ABCA4	Likely pathogenic	GRCh38	4857606
single nucleotide variant	NM_000350.3(ABCA4):c.2887G>A (p.Gly963Ser)	24	ABCA4	Likely pathogenic	GRCh38	4857699
single nucleotide variant	NM_000350.3(ABCA4):c.3476T>C (p.Leu1159Ser)	24	ABCA4	Likely pathogenic	GRCh38	4879985
single nucleotide variant	NM_000350.3(ABCA4):c.3863-1G>T	24	ABCA4	Likely pathogenic	GRCh38	4884893
single nucleotide variant	NM_000350.3(ABCA4):c.4667+5G>T	24	ABCA4	Likely pathogenic	GRCh38	4887205
single nucleotide variant	NM_000350.3(ABCA4):c.1293G>T (p.Trp431Cys)	24	ABCA4	Likely pathogenic	GRCh38	4887995
