Type	Name	GeneID	GeneSymbol	ClinicalSignificance	Assembly	VariationID
single nucleotide variant	NM_000051.4(ATM):c.5763-1050A>G	472	ATM	Pathogenic	GRCh38	3021
single nucleotide variant	NM_000051.4(ATM):c.8480T>G (p.Phe2827Cys)	472	ATM	Likely pathogenic	GRCh38	3022
single nucleotide variant	NM_000051.4(ATM):c.7271T>G (p.Val2424Gly)	472	ATM	Pathogenic	GRCh38	3023
single nucleotide variant	NM_000051.4(ATM):c.103C>T (p.Arg35Ter)	472	ATM	Pathogenic/Likely pathogenic	GRCh38	3025
single nucleotide variant	NM_000051.4(ATM):c.7967T>C (p.Leu2656Pro)	472	ATM	Likely pathogenic	GRCh38	3028
single nucleotide variant	NM_000051.4(ATM):c.9139C>T (p.Arg3047Ter)	472	ATM	Pathogenic	GRCh38	3029
single nucleotide variant	NM_000051.4(ATM):c.3576G>A (p.Lys1192=)	472	ATM	Pathogenic	GRCh38	3035
single nucleotide variant	NM_000051.4(ATM):c.7327C>T (p.Arg2443Ter)	472	ATM	Pathogenic	GRCh38	3036
single nucleotide variant	NM_000051.4(ATM):c.4081C>T (p.Gln1361Ter)	472	ATM	Pathogenic	GRCh38	3041
single nucleotide variant	NM_000051.4(ATM):c.5309C>G (p.Ser1770Ter)	472	ATM	Pathogenic	GRCh38	3042
single nucleotide variant	NM_000051.4(ATM):c.8030A>G (p.Tyr2677Cys)	472	ATM	Likely pathogenic	GRCh38	3045
single nucleotide variant	NM_000051.4(ATM):c.496+5G>A	472	ATM	Pathogenic	GRCh38	3047
single nucleotide variant	NM_000051.4(ATM):c.6200C>A (p.Ala2067Asp)	472	ATM	Pathogenic/Likely pathogenic	GRCh38	39749
single nucleotide variant	NM_000051.4(ATM):c.1235G>A (p.Trp412Ter)	472	ATM	Pathogenic	GRCh38	127334
single nucleotide variant	NM_000051.4(ATM):c.1339C>T (p.Arg447Ter)	472	ATM	Pathogenic	GRCh38	127337
single nucleotide variant	NM_000051.4(ATM):c.170G>A (p.Trp57Ter)	472	ATM	Pathogenic	GRCh38	127341
single nucleotide variant	NM_000051.4(ATM):c.2638+2T>C	472	ATM	Pathogenic/Likely pathogenic	GRCh38	127357
single nucleotide variant	NM_000051.4(ATM):c.3372C>G (p.Tyr1124Ter)	472	ATM	Pathogenic	GRCh38	127371
single nucleotide variant	NM_000051.4(ATM):c.3836G>A (p.Trp1279Ter)	472	ATM	Pathogenic	GRCh38	127376
single nucleotide variant	NM_000051.4(ATM):c.3931C>T (p.Gln1311Ter)	472	ATM	Pathogenic	GRCh38	127378
single nucleotide variant	NM_000051.4(ATM):c.5228C>T (p.Thr1743Ile)	472	ATM	Pathogenic	GRCh38	127403
single nucleotide variant	NM_000051.4(ATM):c.5932G>T (p.Glu1978Ter)	472	ATM	Pathogenic	GRCh38	127414
single nucleotide variant	NM_000051.4(ATM):c.6100C>T (p.Arg2034Ter)	472	ATM	Pathogenic/Likely pathogenic	GRCh38	127417
single nucleotide variant	NM_000051.4(ATM):c.6572+1G>A	472	ATM	Pathogenic/Likely pathogenic	GRCh38	127426
single nucleotide variant	NM_000051.4(ATM):c.7181C>T (p.Ser2394Leu)	472	ATM	Pathogenic/Likely pathogenic	GRCh38	127437
single nucleotide variant	NM_000051.4(ATM):c.7456C>T (p.Arg2486Ter)	472	ATM	Pathogenic/Likely pathogenic	GRCh38	127445
single nucleotide variant	NM_000051.4(ATM):c.7630-2A>C	472	ATM	Pathogenic	GRCh38	127447
single nucleotide variant	NM_000051.4(ATM):c.8494C>T (p.Arg2832Cys)	472	ATM	Likely pathogenic	GRCh38	127459
single nucleotide variant	NM_000051.4(ATM):c.8786+1G>A	472	ATM	Pathogenic	GRCh38	127463
single nucleotide variant	NM_000051.4(ATM):c.8545C>T (p.Arg2849Ter)	472	ATM	Pathogenic/Likely pathogenic	GRCh38	133637
single nucleotide variant	NM_000051.4(ATM):c.6807G>A (p.Gln2269=)	472	ATM	Pathogenic	GRCh38	135775
single nucleotide variant	NM_000051.4(ATM):c.7788G>A (p.Glu2596=)	472	ATM	Pathogenic/Likely pathogenic	GRCh38	135778
single nucleotide variant	NM_000051.4(ATM):c.8266A>T (p.Lys2756Ter)	472	ATM	Pathogenic	GRCh38	135780
single nucleotide variant	NM_000051.4(ATM):c.6047A>G (p.Asp2016Gly)	472	ATM	Likely pathogenic	GRCh38	140823
single nucleotide variant	NM_000051.4(ATM):c.8473C>T (p.Gln2825Ter)	472	ATM	Pathogenic	GRCh38	140907
single nucleotide variant	NM_000051.4(ATM):c.967A>G (p.Ile323Val)	472	ATM	Pathogenic/Likely pathogenic	GRCh38	141123
single nucleotide variant	NM_000051.4(ATM):c.283C>T (p.Gln95Ter)	472	ATM	Pathogenic/Likely pathogenic	GRCh38	141167
single nucleotide variant	NM_000051.4(ATM):c.2921+1G>A	472	ATM	Pathogenic	GRCh38	141182
single nucleotide variant	NM_000051.4(ATM):c.6095+1G>A	472	ATM	Pathogenic/Likely pathogenic	GRCh38	141218
single nucleotide variant	NM_000051.4(ATM):c.7913G>A (p.Trp2638Ter)	472	ATM	Pathogenic/Likely pathogenic	GRCh38	141233
single nucleotide variant	NM_000051.4(ATM):c.8505C>A (p.Cys2835Ter)	472	ATM	Pathogenic/Likely pathogenic	GRCh38	141240
single nucleotide variant	NM_000051.4(ATM):c.7096G>T (p.Glu2366Ter)	472	ATM	Pathogenic	GRCh38	141344
single nucleotide variant	NM_000051.4(ATM):c.8998C>T (p.Gln3000Ter)	472	ATM	Pathogenic/Likely pathogenic	GRCh38	141373
single nucleotide variant	NM_000051.4(ATM):c.5908C>T (p.Gln1970Ter)	472	ATM	Pathogenic/Likely pathogenic	GRCh38	141404
single nucleotide variant	NM_000051.4(ATM):c.3993+1G>A	472	ATM	Pathogenic/Likely pathogenic	GRCh38	141447
single nucleotide variant	NM_000051.4(ATM):c.3284G>A (p.Arg1095Lys)	472	ATM	Likely pathogenic	GRCh38	141522
single nucleotide variant	NM_000051.4(ATM):c.9023G>A (p.Arg3008His)	472	ATM	Pathogenic/Likely pathogenic	GRCh38	141634
single nucleotide variant	NM_000051.4(ATM):c.3388G>T (p.Gly1130Ter)	472	ATM	Pathogenic	GRCh38	141653
single nucleotide variant	NM_000051.4(ATM):c.4776+2T>C	472	ATM	Pathogenic/Likely pathogenic	GRCh38	141672
single nucleotide variant	NM_000051.4(ATM):c.4198A>T (p.Lys1400Ter)	472	ATM	Pathogenic	GRCh38	141704
single nucleotide variant	NM_000051.4(ATM):c.8185C>T (p.Gln2729Ter)	472	ATM	Pathogenic/Likely pathogenic	GRCh38	141726
single nucleotide variant	NM_000051.4(ATM):c.8124T>A (p.Asp2708Glu)	472	ATM	Pathogenic	GRCh38	141760
single nucleotide variant	NM_000051.4(ATM):c.7951C>T (p.Gln2651Ter)	472	ATM	Pathogenic	GRCh38	141766
single nucleotide variant	NM_000051.4(ATM):c.3077G>A (p.Trp1026Ter)	472	ATM	Pathogenic/Likely pathogenic	GRCh38	141909
single nucleotide variant	NM_000051.4(ATM):c.6326G>A (p.Trp2109Ter)	472	ATM	Pathogenic	GRCh38	141921
single nucleotide variant	NM_000051.4(ATM):c.1898+2T>G	472	ATM	Pathogenic/Likely pathogenic	GRCh38	141939
single nucleotide variant	NM_000051.4(ATM):c.3980T>G (p.Leu1327Ter)	472	ATM	Pathogenic/Likely pathogenic	GRCh38	142039
single nucleotide variant	NM_000051.4(ATM):c.2921+1G>T	472	ATM	Pathogenic/Likely pathogenic	GRCh38	142057
single nucleotide variant	NM_000051.4(ATM):c.3994-2A>G	472	ATM	Pathogenic/Likely pathogenic	GRCh38	142167
single nucleotide variant	NM_000051.4(ATM):c.2548G>T (p.Glu850Ter)	472	ATM	Pathogenic	GRCh38	142171
single nucleotide variant	NM_000051.4(ATM):c.9022C>T (p.Arg3008Cys)	472	ATM	Likely pathogenic	GRCh38	142187
single nucleotide variant	NM_000051.4(ATM):c.4370T>G (p.Leu1457Ter)	472	ATM	Pathogenic	GRCh38	142188
single nucleotide variant	NM_000051.4(ATM):c.1110C>G (p.Tyr370Ter)	472	ATM	Pathogenic	GRCh38	142354
single nucleotide variant	NM_000051.4(ATM):c.6976-2A>C	472	ATM	Pathogenic	GRCh38	142355
single nucleotide variant	NM_000051.4(ATM):c.8147T>C (p.Val2716Ala)	472	ATM	Pathogenic/Likely pathogenic	GRCh38	142700
single nucleotide variant	NM_000051.4(ATM):c.8122G>A (p.Asp2708Asn)	472	ATM	Pathogenic/Likely pathogenic	GRCh38	142791
single nucleotide variant	NM_000051.4(ATM):c.1A>G (p.Met1Val)	472	ATM	Pathogenic/Likely pathogenic	GRCh38	181942
single nucleotide variant	NM_000051.4(ATM):c.154G>T (p.Gly52Ter)	472	ATM	Pathogenic/Likely pathogenic	GRCh38	181946
single nucleotide variant	NM_000051.4(ATM):c.538C>T (p.Gln180Ter)	472	ATM	Pathogenic	GRCh38	181910
single nucleotide variant	NM_000051.4(ATM):c.742C>T (p.Arg248Ter)	472	ATM	Pathogenic	GRCh38	181913
single nucleotide variant	NM_000051.4(ATM):c.2251-10T>G	472	ATM	Pathogenic/Likely pathogenic	GRCh38	181926
single nucleotide variant	NM_000051.4(ATM):c.2376+1G>T	472	ATM	Pathogenic/Likely pathogenic	GRCh38	181927
single nucleotide variant	NM_000051.4(ATM):c.3049C>T (p.Gln1017Ter)	472	ATM	Pathogenic/Likely pathogenic	GRCh38	181992
single nucleotide variant	NM_000051.4(ATM):c.3154-2A>G	472	ATM	Pathogenic/Likely pathogenic	GRCh38	181940
single nucleotide variant	NM_000051.4(ATM):c.3304G>T (p.Gly1102Ter)	472	ATM	Pathogenic	GRCh38	181947
single nucleotide variant	NM_000051.4(ATM):c.3747-1G>C	472	ATM	Pathogenic/Likely pathogenic	GRCh38	181950
single nucleotide variant	NM_000051.4(ATM):c.3848T>C (p.Leu1283Pro)	472	ATM	Pathogenic/Likely pathogenic	GRCh38	181994
single nucleotide variant	NM_000051.4(ATM):c.4394T>C (p.Leu1465Pro)	472	ATM	Likely pathogenic	GRCh38	181996
single nucleotide variant	NM_000051.4(ATM):c.5825C>T (p.Ala1942Val)	472	ATM	Pathogenic/Likely pathogenic	GRCh38	181999
single nucleotide variant	NM_000051.4(ATM):c.5890A>T (p.Lys1964Ter)	472	ATM	Pathogenic/Likely pathogenic	GRCh38	182000
single nucleotide variant	NM_000051.4(ATM):c.6095G>A (p.Arg2032Lys)	472	ATM	Pathogenic/Likely pathogenic	GRCh38	181974
single nucleotide variant	NM_000051.4(ATM):c.6679C>T (p.Arg2227Cys)	472	ATM	Pathogenic/Likely pathogenic	GRCh38	181981
single nucleotide variant	NM_000051.4(ATM):c.7997C>A (p.Thr2666Asn)	472	ATM	Pathogenic/Likely pathogenic	GRCh38	181984
single nucleotide variant	NM_000051.4(ATM):c.8146G>T (p.Val2716Phe)	472	ATM	Pathogenic/Likely pathogenic	GRCh38	181985
single nucleotide variant	NM_000051.4(ATM):c.8584+2T>C	472	ATM	Pathogenic/Likely pathogenic	GRCh38	181899
single nucleotide variant	NM_000051.4(ATM):c.8988-1G>C	472	ATM	Pathogenic/Likely pathogenic	GRCh38	181987
single nucleotide variant	NM_000051.4(ATM):c.1A>C (p.Met1Leu)	472	ATM	Pathogenic/Likely pathogenic	GRCh38	187213
single nucleotide variant	NM_000051.4(ATM):c.2T>C (p.Met1Thr)	472	ATM	Pathogenic	GRCh38	187275
single nucleotide variant	NM_000051.4(ATM):c.151C>T (p.Gln51Ter)	472	ATM	Pathogenic	GRCh38	187642
single nucleotide variant	NM_000051.4(ATM):c.513C>G (p.Tyr171Ter)	472	ATM	Pathogenic	GRCh38	184787
single nucleotide variant	NM_000051.4(ATM):c.901+1G>A	472	ATM	Pathogenic/Likely pathogenic	GRCh38	186761
single nucleotide variant	NM_000051.4(ATM):c.1065+1G>T	472	ATM	Pathogenic/Likely pathogenic	GRCh38	186470
single nucleotide variant	NM_000051.4(ATM):c.1424C>G (p.Ser475Ter)	472	ATM	Pathogenic	GRCh38	187204
single nucleotide variant	NM_000051.4(ATM):c.1737G>A (p.Trp579Ter)	472	ATM	Pathogenic	GRCh38	184782
single nucleotide variant	NM_000051.4(ATM):c.1844T>C (p.Leu615Pro)	472	ATM	Likely pathogenic	GRCh38	187501
single nucleotide variant	NM_000051.4(ATM):c.2098C>T (p.Gln700Ter)	472	ATM	Pathogenic/Likely pathogenic	GRCh38	186167
single nucleotide variant	NM_000051.4(ATM):c.2251-4A>G	472	ATM	Pathogenic/Likely pathogenic	GRCh38	186418
single nucleotide variant	NM_000051.4(ATM):c.2426C>A (p.Ser809Ter)	472	ATM	Pathogenic/Likely pathogenic	GRCh38	187556
single nucleotide variant	NM_000051.4(ATM):c.2789T>G (p.Leu930Ter)	472	ATM	Pathogenic	GRCh38	186898
single nucleotide variant	NM_000051.4(ATM):c.2849T>G (p.Leu950Arg)	472	ATM	Likely pathogenic	GRCh38	186574
single nucleotide variant	NM_000051.4(ATM):c.3137T>C (p.Leu1046Pro)	472	ATM	Likely pathogenic	GRCh38	186558
single nucleotide variant	NM_000051.4(ATM):c.3349C>T (p.Gln1117Ter)	472	ATM	Pathogenic	GRCh38	185137
single nucleotide variant	NM_000051.4(ATM):c.4852C>T (p.Arg1618Ter)	472	ATM	Pathogenic	GRCh38	187207
single nucleotide variant	NM_000051.4(ATM):c.5497-2A>G	472	ATM	Pathogenic/Likely pathogenic	GRCh38	187521
single nucleotide variant	NM_000051.4(ATM):c.6006+1G>A	472	ATM	Pathogenic/Likely pathogenic	GRCh38	185229
single nucleotide variant	NM_000051.4(ATM):c.7570G>C (p.Ala2524Pro)	472	ATM	Pathogenic/Likely pathogenic	GRCh38	187613
single nucleotide variant	NM_000051.4(ATM):c.8293G>A (p.Gly2765Ser)	472	ATM	Pathogenic/Likely pathogenic	GRCh38	186351
single nucleotide variant	NM_000051.4(ATM):c.8711A>G (p.Glu2904Gly)	472	ATM	Likely pathogenic	GRCh38	186276
single nucleotide variant	NM_000051.4(ATM):c.8786+1G>C	472	ATM	Pathogenic/Likely pathogenic	GRCh38	187060
single nucleotide variant	NM_000051.4(ATM):c.8786+1G>T	472	ATM	Pathogenic/Likely pathogenic	GRCh38	184741
single nucleotide variant	NM_000051.4(ATM):c.8977C>T (p.Arg2993Ter)	472	ATM	Pathogenic	GRCh38	186330
single nucleotide variant	NM_000051.4(ATM):c.8987+1G>C	472	ATM	Pathogenic/Likely pathogenic	GRCh38	187308
single nucleotide variant	NM_000051.4(ATM):c.8988-2A>G	472	ATM	Pathogenic/Likely pathogenic	GRCh38	185326
single nucleotide variant	NM_000051.4(ATM):c.72+1G>A	472	ATM	Pathogenic/Likely pathogenic	GRCh38	188125
single nucleotide variant	NM_000051.4(ATM):c.2921+1G>C	472	ATM	Pathogenic/Likely pathogenic	GRCh38	188097
single nucleotide variant	NM_000051.4(ATM):c.3G>A (p.Met1Ile)	472	ATM	Pathogenic/Likely pathogenic	GRCh38	188901
single nucleotide variant	NM_000051.4(ATM):c.802C>T (p.Gln268Ter)	472	ATM	Pathogenic	GRCh38	188961
single nucleotide variant	NM_000051.4(ATM):c.5188C>T (p.Arg1730Ter)	472	ATM	Pathogenic/Likely pathogenic	GRCh38	189054
single nucleotide variant	NM_000051.4(ATM):c.5515C>T (p.Gln1839Ter)	472	ATM	Pathogenic	GRCh38	189177
single nucleotide variant	NM_000051.4(ATM):c.5644C>T (p.Arg1882Ter)	472	ATM	Pathogenic	GRCh38	188737
single nucleotide variant	NM_000051.4(ATM):c.8307G>A (p.Trp2769Ter)	472	ATM	Pathogenic	GRCh38	189104
single nucleotide variant	NM_000051.4(ATM):c.140C>G (p.Ser47Ter)	472	ATM	Pathogenic	GRCh38	216020
single nucleotide variant	NM_000051.4(ATM):c.748C>T (p.Arg250Ter)	472	ATM	Pathogenic	GRCh38	216024
single nucleotide variant	NM_000051.4(ATM):c.2413C>T (p.Arg805Ter)	472	ATM	Pathogenic	GRCh38	216021
single nucleotide variant	NM_000051.4(ATM):c.7240C>T (p.Gln2414Ter)	472	ATM	Pathogenic	GRCh38	216023
single nucleotide variant	NM_000051.4(ATM):c.7985T>A (p.Val2662Asp)	472	ATM	Pathogenic/Likely pathogenic	GRCh38	216025
single nucleotide variant	NM_000051.4(ATM):c.185+1G>A	472	ATM	Likely pathogenic	GRCh38	220177
single nucleotide variant	NM_000051.4(ATM):c.785T>A (p.Leu262Ter)	472	ATM	Pathogenic/Likely pathogenic	GRCh38	219578
single nucleotide variant	NM_000051.4(ATM):c.1369C>T (p.Arg457Ter)	472	ATM	Pathogenic	GRCh38	219999
single nucleotide variant	NM_000051.4(ATM):c.1607+1G>T	472	ATM	Pathogenic	GRCh38	220555
single nucleotide variant	NM_000051.4(ATM):c.3077+1G>A	472	ATM	Pathogenic/Likely pathogenic	GRCh38	220036
single nucleotide variant	NM_000051.4(ATM):c.3284+1G>A	472	ATM	Pathogenic/Likely pathogenic	GRCh38	219508
single nucleotide variant	NM_000051.4(ATM):c.3663G>A (p.Trp1221Ter)	472	ATM	Pathogenic	GRCh38	220358
single nucleotide variant	NM_000051.4(ATM):c.3994-159A>G	472	ATM	Pathogenic/Likely pathogenic	GRCh38	220483
single nucleotide variant	NM_000051.4(ATM):c.4588G>T (p.Glu1530Ter)	472	ATM	Pathogenic	GRCh38	220328
single nucleotide variant	NM_000051.4(ATM):c.6348-2A>G	472	ATM	Likely pathogenic	GRCh38	220071
single nucleotide variant	NM_000051.4(ATM):c.7789-3T>G	472	ATM	Pathogenic/Likely pathogenic	GRCh38	219629
single nucleotide variant	NM_000051.4(ATM):c.8988-1G>A	472	ATM	Pathogenic/Likely pathogenic	GRCh38	219587
single nucleotide variant	NM_000051.4(ATM):c.1924G>T (p.Glu642Ter)	472	ATM	Likely pathogenic	GRCh38	221912
single nucleotide variant	NM_000051.4(ATM):c.6198+1G>A	472	ATM	Pathogenic/Likely pathogenic	GRCh38	221911
single nucleotide variant	NM_000051.4(ATM):c.3747-1G>A	472	ATM	Pathogenic/Likely pathogenic	GRCh38	221913
single nucleotide variant	NM_000051.4(ATM):c.4735C>T (p.Gln1579Ter)	472	ATM	Pathogenic/Likely pathogenic	GRCh38	224518
single nucleotide variant	NM_000051.4(ATM):c.5762+1G>T	472	ATM	Pathogenic/Likely pathogenic	GRCh38	224519
single nucleotide variant	NM_000051.4(ATM):c.67C>T (p.Arg23Ter)	472	ATM	Pathogenic	GRCh38	232248
single nucleotide variant	NM_000051.4(ATM):c.205C>T (p.Gln69Ter)	472	ATM	Pathogenic	GRCh38	233772
single nucleotide variant	NM_000051.4(ATM):c.331+5G>A	472	ATM	Pathogenic/Likely pathogenic	GRCh38	230851
single nucleotide variant	NM_000051.4(ATM):c.332-1G>A	472	ATM	Pathogenic	GRCh38	231535
single nucleotide variant	NM_000051.4(ATM):c.496+1G>A	472	ATM	Likely pathogenic	GRCh38	230315
single nucleotide variant	NM_000051.4(ATM):c.829G>T (p.Glu277Ter)	472	ATM	Pathogenic/Likely pathogenic	GRCh38	234216
single nucleotide variant	NM_000051.4(ATM):c.875C>T (p.Pro292Leu)	472	ATM	Likely pathogenic	GRCh38	229794
single nucleotide variant	NM_000051.4(ATM):c.901+1G>T	472	ATM	Pathogenic/Likely pathogenic	GRCh38	234172
single nucleotide variant	NM_000051.4(ATM):c.1066-1G>A	472	ATM	Likely pathogenic	GRCh38	232870
single nucleotide variant	NM_000051.4(ATM):c.1396C>T (p.Gln466Ter)	472	ATM	Pathogenic	GRCh38	233553
single nucleotide variant	NM_000051.4(ATM):c.1768G>T (p.Glu590Ter)	472	ATM	Pathogenic	GRCh38	231660
single nucleotide variant	NM_000051.4(ATM):c.1931C>A (p.Ser644Ter)	472	ATM	Pathogenic	GRCh38	233607
single nucleotide variant	NM_000051.4(ATM):c.2023C>T (p.Gln675Ter)	472	ATM	Pathogenic/Likely pathogenic	GRCh38	231933
single nucleotide variant	NM_000051.4(ATM):c.2251-1G>C	472	ATM	Pathogenic/Likely pathogenic	GRCh38	232343
single nucleotide variant	NM_000051.4(ATM):c.2497G>T (p.Gly833Ter)	472	ATM	Pathogenic	GRCh38	230843
single nucleotide variant	NM_000051.4(ATM):c.2500G>T (p.Glu834Ter)	472	ATM	Pathogenic/Likely pathogenic	GRCh38	233475
single nucleotide variant	NM_000051.4(ATM):c.2672C>G (p.Ser891Ter)	472	ATM	Pathogenic/Likely pathogenic	GRCh38	233991
single nucleotide variant	NM_000051.4(ATM):c.3078-1G>A	472	ATM	Pathogenic	GRCh38	231277
single nucleotide variant	NM_000051.4(ATM):c.3078G>T (p.Trp1026Cys)	472	ATM	Pathogenic/Likely pathogenic	GRCh38	234132
single nucleotide variant	NM_000051.4(ATM):c.3402+2T>C	472	ATM	Likely pathogenic	GRCh38	231892
single nucleotide variant	NM_000051.4(ATM):c.3511C>T (p.Gln1171Ter)	472	ATM	Pathogenic	GRCh38	231278
single nucleotide variant	NM_000051.4(ATM):c.3576+1G>A	472	ATM	Likely pathogenic	GRCh38	233758
single nucleotide variant	NM_000051.4(ATM):c.4236+1G>T	472	ATM	Likely pathogenic	GRCh38	233837
single nucleotide variant	NM_000051.4(ATM):c.4437-1G>C	472	ATM	Pathogenic/Likely pathogenic	GRCh38	231843
single nucleotide variant	NM_000051.4(ATM):c.4774G>T (p.Glu1592Ter)	472	ATM	Pathogenic	GRCh38	230473
single nucleotide variant	NM_000051.4(ATM):c.5319+1G>A	472	ATM	Likely pathogenic	GRCh38	233078
single nucleotide variant	NM_000051.4(ATM):c.5497-1G>A	472	ATM	Pathogenic/Likely pathogenic	GRCh38	233182
single nucleotide variant	NM_000051.4(ATM):c.5763-2A>C	472	ATM	Pathogenic	GRCh38	232005
single nucleotide variant	NM_000051.4(ATM):c.5798G>A (p.Trp1933Ter)	472	ATM	Pathogenic/Likely pathogenic	GRCh38	230743
single nucleotide variant	NM_000051.4(ATM):c.5919-2A>G	472	ATM	Likely pathogenic	GRCh38	229908
single nucleotide variant	NM_000051.4(ATM):c.6082C>T (p.Gln2028Ter)	472	ATM	Pathogenic	GRCh38	231947
single nucleotide variant	NM_000051.4(ATM):c.6397C>T (p.Gln2133Ter)	472	ATM	Pathogenic	GRCh38	229729
single nucleotide variant	NM_000051.4(ATM):c.7189C>T (p.Gln2397Ter)	472	ATM	Pathogenic	GRCh38	233267
single nucleotide variant	NM_000051.4(ATM):c.7408T>G (p.Tyr2470Asp)	472	ATM	Pathogenic/Likely pathogenic	GRCh38	231789
single nucleotide variant	NM_000051.4(ATM):c.8105T>G (p.Ile2702Arg)	472	ATM	Pathogenic/Likely pathogenic	GRCh38	232389
single nucleotide variant	NM_000051.4(ATM):c.8218C>T (p.Gln2740Ter)	472	ATM	Pathogenic	GRCh38	233930
single nucleotide variant	NM_000051.4(ATM):c.8268+1G>T	472	ATM	Likely pathogenic	GRCh38	231097
single nucleotide variant	NM_000051.4(ATM):c.8287C>T (p.Arg2763Ter)	472	ATM	Pathogenic	GRCh38	232612
single nucleotide variant	NM_000051.4(ATM):c.8549T>A (p.Leu2850Ter)	472	ATM	Pathogenic/Likely pathogenic	GRCh38	230697
single nucleotide variant	NM_000051.4(ATM):c.8565T>G (p.Ser2855Arg)	472	ATM	Pathogenic/Likely pathogenic	GRCh38	231399
single nucleotide variant	NM_000051.4(ATM):c.8584+1G>A	472	ATM	Pathogenic/Likely pathogenic	GRCh38	229768
single nucleotide variant	NM_000051.4(ATM):c.8585-1G>A	472	ATM	Pathogenic/Likely pathogenic	GRCh38	232910
single nucleotide variant	NM_000051.4(ATM):c.8672-1G>T	472	ATM	Likely pathogenic	GRCh38	232941
single nucleotide variant	NM_000051.4(ATM):c.8737G>T (p.Asp2913Tyr)	472	ATM	Pathogenic/Likely pathogenic	GRCh38	230841
single nucleotide variant	NM_000051.4(ATM):c.9019G>T (p.Glu3007Ter)	472	ATM	Pathogenic/Likely pathogenic	GRCh38	233403
single nucleotide variant	NM_000051.4(ATM):c.9103C>T (p.Leu3035Phe)	472	ATM	Likely pathogenic	GRCh38	232110
single nucleotide variant	NM_000051.4(ATM):c.1240C>T (p.Gln414Ter)	472	ATM	Pathogenic	GRCh38	236671
single nucleotide variant	NM_000051.4(ATM):c.2466+2T>A	472	ATM	Likely pathogenic	GRCh38	236690
single nucleotide variant	NM_000051.4(ATM):c.4396C>T (p.Arg1466Ter)	472	ATM	Pathogenic	GRCh38	236716
single nucleotide variant	NM_000051.4(ATM):c.5549T>A (p.Leu1850Ter)	472	ATM	Pathogenic	GRCh38	236741
single nucleotide variant	NM_000051.4(ATM):c.7788G>T (p.Glu2596Asp)	472	ATM	Pathogenic/Likely pathogenic	GRCh38	236779
single nucleotide variant	NM_000051.4(ATM):c.1463G>A (p.Trp488Ter)	472	ATM	Pathogenic	GRCh38	246090
single nucleotide variant	NM_000051.4(ATM):c.1918A>T (p.Lys640Ter)	472	ATM	Pathogenic/Likely pathogenic	GRCh38	246276
single nucleotide variant	NM_000051.4(ATM):c.2662G>T (p.Glu888Ter)	472	ATM	Pathogenic/Likely pathogenic	GRCh38	246078
single nucleotide variant	NM_000051.4(ATM):c.4109+1G>T	472	ATM	Likely pathogenic	GRCh38	245985
single nucleotide variant	NM_000051.4(ATM):c.5414G>A (p.Trp1805Ter)	472	ATM	Pathogenic/Likely pathogenic	GRCh38	246237
single nucleotide variant	NM_000051.4(ATM):c.5496+1G>A	472	ATM	Likely pathogenic	GRCh38	246256
single nucleotide variant	NM_000051.4(ATM):c.5573G>A (p.Trp1858Ter)	472	ATM	Pathogenic	GRCh38	246068
single nucleotide variant	NM_000051.4(ATM):c.5623C>T (p.Arg1875Ter)	472	ATM	Pathogenic	GRCh38	245815
single nucleotide variant	NM_000051.4(ATM):c.6975+2T>C	472	ATM	Likely pathogenic	GRCh38	246299
single nucleotide variant	NM_000051.4(ATM):c.7449G>A (p.Trp2483Ter)	472	ATM	Pathogenic	GRCh38	245972
single nucleotide variant	NM_000051.4(ATM):c.8265T>G (p.Tyr2755Ter)	472	ATM	Pathogenic	GRCh38	246093
single nucleotide variant	NM_000051.4(ATM):c.193C>T (p.Gln65Ter)	472	ATM	Pathogenic/Likely pathogenic	GRCh38	265585
single nucleotide variant	NM_000051.4(ATM):c.601C>T (p.Gln201Ter)	472	ATM	Pathogenic/Likely pathogenic	GRCh38	265611
single nucleotide variant	NM_000051.4(ATM):c.1692T>A (p.Cys564Ter)	472	ATM	Pathogenic/Likely pathogenic	GRCh38	265583
single nucleotide variant	NM_000051.4(ATM):c.1960C>T (p.Gln654Ter)	472	ATM	Pathogenic/Likely pathogenic	GRCh38	265559
single nucleotide variant	NM_000051.4(ATM):c.2583C>A (p.Tyr861Ter)	472	ATM	Pathogenic/Likely pathogenic	GRCh38	265570
single nucleotide variant	NM_000051.4(ATM):c.3756T>A (p.Tyr1252Ter)	472	ATM	Pathogenic/Likely pathogenic	GRCh38	265575
single nucleotide variant	NM_000051.4(ATM):c.4437-1G>A	472	ATM	Likely pathogenic	GRCh38	265569
single nucleotide variant	NM_000051.4(ATM):c.4879C>T (p.Gln1627Ter)	472	ATM	Pathogenic/Likely pathogenic	GRCh38	265513
single nucleotide variant	NM_000051.4(ATM):c.5192C>G (p.Ser1731Ter)	472	ATM	Pathogenic/Likely pathogenic	GRCh38	265563
single nucleotide variant	NM_000051.4(ATM):c.7792C>T (p.Arg2598Ter)	472	ATM	Pathogenic	GRCh38	265383
single nucleotide variant	NM_000051.4(ATM):c.8851-2A>G	472	ATM	Likely pathogenic	GRCh38	265587
single nucleotide variant	NM_000051.4(ATM):c.663-2A>G	472	ATM	Likely pathogenic	GRCh38	280786
single nucleotide variant	NM_000051.4(ATM):c.8672-1G>C	472	ATM	Pathogenic/Likely pathogenic	GRCh38	280478
single nucleotide variant	NM_000051.4(ATM):c.877A>T (p.Lys293Ter)	472	ATM	Pathogenic	GRCh38	370378
single nucleotide variant	NM_000051.4(ATM):c.1803-2A>G	472	ATM	Likely pathogenic	GRCh38	371548
single nucleotide variant	NM_000051.4(ATM):c.2135C>G (p.Ser712Ter)	472	ATM	Pathogenic	GRCh38	370600
single nucleotide variant	NM_000051.4(ATM):c.2542G>T (p.Glu848Ter)	472	ATM	Pathogenic	GRCh38	370787
single nucleotide variant	NM_000051.4(ATM):c.2877C>G (p.Tyr959Ter)	472	ATM	Pathogenic	GRCh38	371414
single nucleotide variant	NM_000051.4(ATM):c.3541A>T (p.Lys1181Ter)	472	ATM	Pathogenic	GRCh38	371071
single nucleotide variant	NM_000051.4(ATM):c.3577-1G>C	472	ATM	Likely pathogenic	GRCh38	371378
single nucleotide variant	NM_000051.4(ATM):c.3747-2A>G	472	ATM	Pathogenic/Likely pathogenic	GRCh38	371361
single nucleotide variant	NM_000051.4(ATM):c.3993+1G>T	472	ATM	Pathogenic/Likely pathogenic	GRCh38	370954
single nucleotide variant	NM_000051.4(ATM):c.3994-1G>T	472	ATM	Pathogenic/Likely pathogenic	GRCh38	370107
single nucleotide variant	NM_000051.4(ATM):c.4246C>T (p.Gln1416Ter)	472	ATM	Likely pathogenic	GRCh38	370203
single nucleotide variant	NM_000051.4(ATM):c.4732C>T (p.Gln1578Ter)	472	ATM	Pathogenic	GRCh38	370892
single nucleotide variant	NM_000051.4(ATM):c.4776+2T>A	472	ATM	Pathogenic/Likely pathogenic	GRCh38	371007
single nucleotide variant	NM_000051.4(ATM):c.5005+1G>T	472	ATM	Likely pathogenic	GRCh38	371636
single nucleotide variant	NM_000051.4(ATM):c.5319+1G>T	472	ATM	Pathogenic/Likely pathogenic	GRCh38	370193
single nucleotide variant	NM_000051.4(ATM):c.5554C>T (p.Gln1852Ter)	472	ATM	Pathogenic/Likely pathogenic	GRCh38	370611
single nucleotide variant	NM_000051.4(ATM):c.5763-2A>T	472	ATM	Pathogenic/Likely pathogenic	GRCh38	371188
single nucleotide variant	NM_000051.4(ATM):c.6040G>T (p.Glu2014Ter)	472	ATM	Pathogenic/Likely pathogenic	GRCh38	371405
single nucleotide variant	NM_000051.4(ATM):c.6095+2T>C	472	ATM	Likely pathogenic	GRCh38	370488
single nucleotide variant	NM_000051.4(ATM):c.6347+1G>A	472	ATM	Pathogenic/Likely pathogenic	GRCh38	371243
single nucleotide variant	NM_000051.4(ATM):c.6348-1G>A	472	ATM	Likely pathogenic	GRCh38	371475
single nucleotide variant	NM_000051.4(ATM):c.7089+2T>G	472	ATM	Likely pathogenic	GRCh38	370103
single nucleotide variant	NM_000051.4(ATM):c.7166C>G (p.Ser2389Ter)	472	ATM	Pathogenic	GRCh38	370874
single nucleotide variant	NM_000051.4(ATM):c.8098A>T (p.Lys2700Ter)	472	ATM	Pathogenic	GRCh38	371131
single nucleotide variant	NM_000051.4(ATM):c.8418+1G>A	472	ATM	Pathogenic/Likely pathogenic	GRCh38	370640
single nucleotide variant	NM_000051.4(ATM):c.8671+2T>C	472	ATM	Likely pathogenic	GRCh38	370094
single nucleotide variant	NM_000051.4(ATM):c.8851-1G>T	472	ATM	Pathogenic/Likely pathogenic	GRCh38	370500
single nucleotide variant	NM_000051.4(ATM):c.497-1G>A	472	ATM	Likely pathogenic	GRCh38	375250
single nucleotide variant	NM_000051.4(ATM):c.1236-2A>T	472	ATM	Pathogenic/Likely pathogenic	GRCh38	375249
single nucleotide variant	NM_000051.4(ATM):c.4106C>A (p.Ser1369Ter)	472	ATM	Pathogenic	GRCh38	379550
single nucleotide variant	NM_000051.4(ATM):c.6096-2A>G	472	ATM	Pathogenic/Likely pathogenic	GRCh38	379710
single nucleotide variant	NM_000051.4(ATM):c.2115C>G (p.Tyr705Ter)	472	ATM	Pathogenic/Likely pathogenic	GRCh38	389328
single nucleotide variant	NM_000051.4(ATM):c.901+1G>C	472	ATM	Pathogenic/Likely pathogenic	GRCh38	379348
single nucleotide variant	NM_000051.4(ATM):c.8641C>T (p.Gln2881Ter)	472	ATM	Pathogenic/Likely pathogenic	GRCh38	379623
single nucleotide variant	NM_000051.4(ATM):c.7089+1G>T	472	ATM	Likely pathogenic	GRCh38	403715
single nucleotide variant	NM_000051.4(ATM):c.1939G>T (p.Glu647Ter)	472	ATM	Pathogenic	GRCh38	407556
single nucleotide variant	NM_000051.4(ATM):c.4318A>T (p.Lys1440Ter)	472	ATM	Pathogenic	GRCh38	407482
single nucleotide variant	NM_000051.4(ATM):c.662+1G>A	472	ATM	Likely pathogenic	GRCh38	407705
single nucleotide variant	NM_000051.4(ATM):c.5249G>A (p.Trp1750Ter)	472	ATM	Pathogenic	GRCh38	407671
single nucleotide variant	NM_000051.4(ATM):c.6199-2A>T	472	ATM	Pathogenic	GRCh38	407507
single nucleotide variant	NM_000051.4(ATM):c.6272G>A (p.Trp2091Ter)	472	ATM	Pathogenic/Likely pathogenic	GRCh38	407735
single nucleotide variant	NM_000051.4(ATM):c.2554C>T (p.Gln852Ter)	472	ATM	Pathogenic	GRCh38	407450
single nucleotide variant	NM_000051.4(ATM):c.3214G>T (p.Glu1072Ter)	472	ATM	Pathogenic	GRCh38	407699
single nucleotide variant	NM_000051.4(ATM):c.4036G>T (p.Glu1346Ter)	472	ATM	Pathogenic/Likely pathogenic	GRCh38	407454
single nucleotide variant	NM_000051.4(ATM):c.4906C>T (p.Gln1636Ter)	472	ATM	Pathogenic/Likely pathogenic	GRCh38	407602
single nucleotide variant	NM_000051.4(ATM):c.6658C>T (p.Gln2220Ter)	472	ATM	Pathogenic	GRCh38	407464
single nucleotide variant	NM_000051.4(ATM):c.8880G>A (p.Trp2960Ter)	472	ATM	Pathogenic	GRCh38	407645
single nucleotide variant	NM_000051.4(ATM):c.2839-2A>G	472	ATM	Pathogenic/Likely pathogenic	GRCh38	407724
single nucleotide variant	NM_000051.4(ATM):c.3320T>A (p.Leu1107Ter)	472	ATM	Pathogenic	GRCh38	407734
single nucleotide variant	NM_000051.4(ATM):c.3284+1G>C	472	ATM	Likely pathogenic	GRCh38	407539
single nucleotide variant	NM_000051.4(ATM):c.4110-1G>A	472	ATM	Pathogenic/Likely pathogenic	GRCh38	407707
single nucleotide variant	NM_000051.4(ATM):c.4910-1G>T	472	ATM	Likely pathogenic	GRCh38	407727
single nucleotide variant	NM_000051.4(ATM):c.5236G>A (p.Gly1746Arg)	472	ATM	Pathogenic	GRCh38	407510
single nucleotide variant	NM_000051.4(ATM):c.8585-2A>C	472	ATM	Pathogenic	GRCh38	407718
single nucleotide variant	NM_000051.4(ATM):c.8122G>C (p.Asp2708His)	472	ATM	Likely pathogenic	GRCh38	407682
single nucleotide variant	NM_000051.4(ATM):c.8418+2T>C	472	ATM	Pathogenic/Likely pathogenic	GRCh38	407738
single nucleotide variant	NM_000051.4(ATM):c.902-1G>T	472	ATM	Pathogenic	GRCh38	418911
single nucleotide variant	NM_000051.4(ATM):c.1208C>A (p.Ser403Ter)	472	ATM	Pathogenic/Likely pathogenic	GRCh38	419518
single nucleotide variant	NM_000051.4(ATM):c.1236-2A>G	472	ATM	Pathogenic/Likely pathogenic	GRCh38	419300
single nucleotide variant	NM_000051.4(ATM):c.2466+5G>C	472	ATM	Likely pathogenic	GRCh38	422744
single nucleotide variant	NM_000051.4(ATM):c.5496+1G>T	472	ATM	Pathogenic	GRCh38	418031
single nucleotide variant	NM_000051.4(ATM):c.5697C>A (p.Cys1899Ter)	472	ATM	Pathogenic	GRCh38	421488
single nucleotide variant	NM_000051.4(ATM):c.6238T>G (p.Tyr2080Asp)	472	ATM	Likely pathogenic	GRCh38	421954
single nucleotide variant	NM_000051.4(ATM):c.7630-2A>G	472	ATM	Pathogenic/Likely pathogenic	GRCh38	421623
single nucleotide variant	NM_000051.4(ATM):c.7788+3A>G	472	ATM	Pathogenic/Likely pathogenic	GRCh38	420257
single nucleotide variant	NM_000051.4(ATM):c.8140C>T (p.Gln2714Ter)	472	ATM	Pathogenic	GRCh38	419265
single nucleotide variant	NM_000051.4(ATM):c.8149A>T (p.Lys2717Ter)	472	ATM	Pathogenic/Likely pathogenic	GRCh38	422041
single nucleotide variant	NM_000051.4(ATM):c.8268+1G>A	472	ATM	Likely pathogenic	GRCh38	420799
single nucleotide variant	NM_000051.4(ATM):c.8373C>A (p.Tyr2791Ter)	472	ATM	Pathogenic/Likely pathogenic	GRCh38	420016
single nucleotide variant	NM_000051.4(ATM):c.850C>T (p.Gln284Ter)	472	ATM	Pathogenic/Likely pathogenic	GRCh38	429069
single nucleotide variant	NM_000051.4(ATM):c.2639-384A>G	472	ATM	Pathogenic/Likely pathogenic	GRCh38	429070
single nucleotide variant	NM_000051.4(ATM):c.3865A>T (p.Lys1289Ter)	472	ATM	Pathogenic	GRCh38	429077
single nucleotide variant	NM_000051.4(ATM):c.4507C>T (p.Gln1503Ter)	472	ATM	Pathogenic/Likely pathogenic	GRCh38	429084
single nucleotide variant	NM_000051.4(ATM):c.5177+1G>A	472	ATM	Pathogenic	GRCh38	429076
single nucleotide variant	NM_000051.4(ATM):c.5771C>A (p.Ser1924Ter)	472	ATM	Pathogenic	GRCh38	429078
single nucleotide variant	NM_000051.4(ATM):c.7032G>A (p.Trp2344Ter)	472	ATM	Pathogenic/Likely pathogenic	GRCh38	429080
single nucleotide variant	NM_000051.4(ATM):c.8431A>T (p.Lys2811Ter)	472	ATM	Pathogenic	GRCh38	429074
single nucleotide variant	NM_000051.4(ATM):c.8879G>A (p.Trp2960Ter)	472	ATM	Pathogenic	GRCh38	429062
single nucleotide variant	NM_000051.4(ATM):c.8495G>T (p.Arg2832Leu)	472	ATM	Pathogenic/Likely pathogenic	GRCh38	430406
single nucleotide variant	NM_000051.4(ATM):c.6312G>A (p.Trp2104Ter)	472	ATM	Pathogenic/Likely pathogenic	GRCh38	430593
single nucleotide variant	NM_000051.4(ATM):c.652C>T (p.Gln218Ter)	472	ATM	Pathogenic/Likely pathogenic	GRCh38	451807
single nucleotide variant	NM_000051.4(ATM):c.664C>T (p.Gln222Ter)	472	ATM	Pathogenic	GRCh38	449343
single nucleotide variant	NM_000051.4(ATM):c.1066-2A>T	472	ATM	Pathogenic/Likely pathogenic	GRCh38	450641
single nucleotide variant	NM_000051.4(ATM):c.1264A>T (p.Lys422Ter)	472	ATM	Pathogenic/Likely pathogenic	GRCh38	450979
single nucleotide variant	NM_000051.4(ATM):c.2124+1G>T	472	ATM	Likely pathogenic	GRCh38	452784
single nucleotide variant	NM_000051.4(ATM):c.3532A>T (p.Lys1178Ter)	472	ATM	Pathogenic/Likely pathogenic	GRCh38	450892
single nucleotide variant	NM_000051.4(ATM):c.4303A>T (p.Lys1435Ter)	472	ATM	Pathogenic	GRCh38	449344
single nucleotide variant	NM_000051.4(ATM):c.5497-2A>C	472	ATM	Pathogenic/Likely pathogenic	GRCh38	449345
single nucleotide variant	NM_000051.4(ATM):c.6327G>A (p.Trp2109Ter)	472	ATM	Pathogenic	GRCh38	449919
single nucleotide variant	NM_000051.4(ATM):c.6490G>T (p.Glu2164Ter)	472	ATM	Pathogenic	GRCh38	450602
single nucleotide variant	NM_000051.4(ATM):c.7865C>T (p.Ala2622Val)	472	ATM	Pathogenic/Likely pathogenic	GRCh38	449346
single nucleotide variant	NM_000051.4(ATM):c.8152-1G>A	472	ATM	Pathogenic/Likely pathogenic	GRCh38	451773
single nucleotide variant	NM_000051.4(ATM):c.8793T>A (p.Cys2931Ter)	472	ATM	Pathogenic/Likely pathogenic	GRCh38	449347
single nucleotide variant	NM_000051.4(ATM):c.1495C>T (p.Gln499Ter)	472	ATM	Pathogenic	GRCh38	453374
single nucleotide variant	NM_000051.4(ATM):c.1547T>G (p.Leu516Ter)	472	ATM	Pathogenic/Likely pathogenic	GRCh38	453376
single nucleotide variant	NM_000051.4(ATM):c.2308G>T (p.Glu770Ter)	472	ATM	Pathogenic	GRCh38	453410
single nucleotide variant	NM_000051.4(ATM):c.2467-1G>A	472	ATM	Likely pathogenic	GRCh38	453416
single nucleotide variant	NM_000051.4(ATM):c.2466+1G>A	472	ATM	Pathogenic/Likely pathogenic	GRCh38	453414
single nucleotide variant	NM_000051.4(ATM):c.2654T>G (p.Leu885Ter)	472	ATM	Pathogenic	GRCh38	453425
single nucleotide variant	NM_000051.4(ATM):c.3382C>T (p.Gln1128Ter)	472	ATM	Pathogenic	GRCh38	453464
single nucleotide variant	NM_000051.4(ATM):c.5971G>T (p.Glu1991Ter)	472	ATM	Pathogenic	GRCh38	453606
single nucleotide variant	NM_000051.4(ATM):c.6095+4A>G	472	ATM	Pathogenic/Likely pathogenic	GRCh38	453611
single nucleotide variant	NM_000051.4(ATM):c.6198+2T>C	472	ATM	Pathogenic/Likely pathogenic	GRCh38	453617
single nucleotide variant	NM_000051.4(ATM):c.6573-2A>G	472	ATM	Pathogenic/Likely pathogenic	GRCh38	453636
single nucleotide variant	NM_000051.4(ATM):c.7308-2A>C	472	ATM	Pathogenic/Likely pathogenic	GRCh38	453673
single nucleotide variant	NM_000051.4(ATM):c.331+2T>G	472	ATM	Pathogenic	GRCh38	453460
single nucleotide variant	NM_000051.4(ATM):c.8011-1G>T	472	ATM	Pathogenic	GRCh38	453716
single nucleotide variant	NM_000051.4(ATM):c.743G>T (p.Arg248Leu)	472	ATM	Likely pathogenic	GRCh38	453684
single nucleotide variant	NM_000051.4(ATM):c.1093G>T (p.Glu365Ter)	472	ATM	Pathogenic	GRCh38	453353
single nucleotide variant	NM_000051.4(ATM):c.8903T>A (p.Leu2968Ter)	472	ATM	Pathogenic	GRCh38	453754
single nucleotide variant	NM_000051.4(ATM):c.2272G>T (p.Glu758Ter)	472	ATM	Pathogenic	GRCh38	453409
single nucleotide variant	NM_000051.4(ATM):c.2466+2T>G	472	ATM	Likely pathogenic	GRCh38	453415
single nucleotide variant	NM_000051.4(ATM):c.2693T>G (p.Leu898Ter)	472	ATM	Pathogenic	GRCh38	453426
single nucleotide variant	NM_000051.4(ATM):c.4493T>G (p.Leu1498Ter)	472	ATM	Pathogenic	GRCh38	453523
single nucleotide variant	NM_000051.4(ATM):c.557T>G (p.Leu186Ter)	472	ATM	Pathogenic	GRCh38	453586
single nucleotide variant	NM_000051.4(ATM):c.1442T>G (p.Leu481Ter)	472	ATM	Pathogenic	GRCh38	453367
single nucleotide variant	NM_000051.4(ATM):c.1898+1G>T	472	ATM	Pathogenic/Likely pathogenic	GRCh38	453391
single nucleotide variant	NM_000051.4(ATM):c.2193C>A (p.Tyr731Ter)	472	ATM	Pathogenic/Likely pathogenic	GRCh38	453407
single nucleotide variant	NM_000051.4(ATM):c.3673C>T (p.Gln1225Ter)	472	ATM	Pathogenic	GRCh38	453480
single nucleotide variant	NM_000051.4(ATM):c.4609C>T (p.Gln1537Ter)	472	ATM	Pathogenic	GRCh38	453528
single nucleotide variant	NM_000051.4(ATM):c.5944C>T (p.Gln1982Ter)	472	ATM	Pathogenic/Likely pathogenic	GRCh38	453605
single nucleotide variant	NM_000051.4(ATM):c.7311C>A (p.Tyr2437Ter)	472	ATM	Pathogenic/Likely pathogenic	GRCh38	453669
single nucleotide variant	NM_000051.4(ATM):c.8671+1G>T	472	ATM	Likely pathogenic	GRCh38	453740
single nucleotide variant	NM_000051.4(ATM):c.73-3C>G	472	ATM	Pathogenic/Likely pathogenic	GRCh38	482554
single nucleotide variant	NM_000051.4(ATM):c.362T>A (p.Leu121Ter)	472	ATM	Pathogenic	GRCh38	482626
single nucleotide variant	NM_000051.4(ATM):c.1003G>T (p.Gly335Ter)	472	ATM	Pathogenic/Likely pathogenic	GRCh38	479010
single nucleotide variant	NM_000051.4(ATM):c.1178G>A (p.Trp393Ter)	472	ATM	Pathogenic	GRCh38	481243
single nucleotide variant	NM_000051.4(ATM):c.73-1G>A	472	ATM	Pathogenic/Likely pathogenic	GRCh38	481354
single nucleotide variant	NM_000051.4(ATM):c.2838+1G>T	472	ATM	Pathogenic/Likely pathogenic	GRCh38	481191
single nucleotide variant	NM_000051.4(ATM):c.186-1G>A	472	ATM	Likely pathogenic	GRCh38	481091
single nucleotide variant	NM_000051.4(ATM):c.392C>A (p.Ser131Ter)	472	ATM	Pathogenic	GRCh38	485234
single nucleotide variant	NM_000051.4(ATM):c.4587T>G (p.Tyr1529Ter)	472	ATM	Pathogenic	GRCh38	479008
single nucleotide variant	NM_000051.4(ATM):c.3403-1G>A	472	ATM	Likely pathogenic	GRCh38	479051
single nucleotide variant	NM_000051.4(ATM):c.2050C>T (p.Gln684Ter)	472	ATM	Pathogenic	GRCh38	479087
single nucleotide variant	NM_000051.4(ATM):c.2250+2T>C	472	ATM	Pathogenic/Likely pathogenic	GRCh38	478961
single nucleotide variant	NM_000051.4(ATM):c.5763-2A>G	472	ATM	Pathogenic/Likely pathogenic	GRCh38	481234
single nucleotide variant	NM_000051.4(ATM):c.6027C>G (p.Tyr2009Ter)	472	ATM	Pathogenic/Likely pathogenic	GRCh38	482675
single nucleotide variant	NM_000051.4(ATM):c.1063C>T (p.Gln355Ter)	472	ATM	Pathogenic	GRCh38	485196
single nucleotide variant	NM_000051.4(ATM):c.1537C>T (p.Gln513Ter)	472	ATM	Pathogenic	GRCh38	481161
single nucleotide variant	NM_000051.4(ATM):c.3043C>T (p.Gln1015Ter)	472	ATM	Pathogenic/Likely pathogenic	GRCh38	482593
single nucleotide variant	NM_000051.4(ATM):c.3340A>T (p.Lys1114Ter)	472	ATM	Pathogenic	GRCh38	479105
single nucleotide variant	NM_000051.4(ATM):c.3451A>T (p.Lys1151Ter)	472	ATM	Pathogenic	GRCh38	482753
single nucleotide variant	NM_000051.4(ATM):c.3576+1G>T	472	ATM	Likely pathogenic	GRCh38	479103
single nucleotide variant	NM_000051.4(ATM):c.2376+1G>C	472	ATM	Likely pathogenic	GRCh38	485204
single nucleotide variant	NM_000051.4(ATM):c.6913C>T (p.Gln2305Ter)	472	ATM	Pathogenic	GRCh38	482710
single nucleotide variant	NM_000051.4(ATM):c.6976-2A>G	472	ATM	Likely pathogenic	GRCh38	487031
single nucleotide variant	NM_000051.4(ATM):c.2902G>T (p.Glu968Ter)	472	ATM	Pathogenic	GRCh38	478956
single nucleotide variant	NM_000051.4(ATM):c.8050C>T (p.Gln2684Ter)	472	ATM	Pathogenic	GRCh38	479048
single nucleotide variant	NM_000051.4(ATM):c.8418+5G>A	472	ATM	Pathogenic/Likely pathogenic	GRCh38	479066
single nucleotide variant	NM_000051.4(ATM):c.7921C>T (p.Gln2641Ter)	472	ATM	Pathogenic/Likely pathogenic	GRCh38	481287
single nucleotide variant	NM_000051.4(ATM):c.3025G>T (p.Glu1009Ter)	472	ATM	Pathogenic	GRCh38	481093
single nucleotide variant	NM_000051.4(ATM):c.5065C>T (p.Gln1689Ter)	472	ATM	Pathogenic	GRCh38	479098
single nucleotide variant	NM_000051.4(ATM):c.8850+2T>C	472	ATM	Likely pathogenic	GRCh38	481196
single nucleotide variant	NM_000051.4(ATM):c.8150A>G (p.Lys2717Arg)	472	ATM	Pathogenic/Likely pathogenic	GRCh38	481225
single nucleotide variant	NM_000051.4(ATM):c.5692C>T (p.Arg1898Ter)	472	ATM	Pathogenic	GRCh38	482526
single nucleotide variant	NM_000051.4(ATM):c.5762+1G>A	472	ATM	Pathogenic/Likely pathogenic	GRCh38	481271
single nucleotide variant	NM_000051.4(ATM):c.5935G>T (p.Glu1979Ter)	472	ATM	Pathogenic/Likely pathogenic	GRCh38	482725
single nucleotide variant	NM_000051.4(ATM):c.6002T>G (p.Leu2001Ter)	472	ATM	Pathogenic/Likely pathogenic	GRCh38	481256
single nucleotide variant	NM_000051.4(ATM):c.8850+1G>A	472	ATM	Pathogenic/Likely pathogenic	GRCh38	487023
single nucleotide variant	NM_000051.4(ATM):c.4436+2T>C	472	ATM	Pathogenic/Likely pathogenic	GRCh38	479040
single nucleotide variant	NM_000051.4(ATM):c.6586A>T (p.Arg2196Ter)	472	ATM	Pathogenic	GRCh38	482673
single nucleotide variant	NM_000051.4(ATM):c.4776+1G>T	472	ATM	Pathogenic/Likely pathogenic	GRCh38	478920
single nucleotide variant	NM_000051.4(ATM):c.7355T>C (p.Leu2452Pro)	472	ATM	Likely pathogenic	GRCh38	481101
single nucleotide variant	NM_000051.4(ATM):c.4909+1G>A	472	ATM	Pathogenic	GRCh38	478991
single nucleotide variant	NM_000051.4(ATM):c.5319+2T>C	472	ATM	Pathogenic/Likely pathogenic	GRCh38	479006
single nucleotide variant	NM_000051.4(ATM):c.5326G>T (p.Glu1776Ter)	472	ATM	Pathogenic	GRCh38	482731
single nucleotide variant	NM_000051.4(ATM):c.8011-1G>C	472	ATM	Likely pathogenic	GRCh38	481329
single nucleotide variant	NM_000051.4(ATM):c.6289G>T (p.Glu2097Ter)	472	ATM	Pathogenic/Likely pathogenic	GRCh38	478929
single nucleotide variant	NM_000051.4(ATM):c.7089+1G>A	472	ATM	Likely pathogenic	GRCh38	485177
single nucleotide variant	NM_000051.4(ATM):c.7308-1G>C	472	ATM	Likely pathogenic	GRCh38	482659
single nucleotide variant	NM_000051.4(ATM):c.331+1G>A	472	ATM	Pathogenic/Likely pathogenic	GRCh38	487450
single nucleotide variant	NM_000051.4(ATM):c.8725A>T (p.Arg2909Ter)	472	ATM	Pathogenic/Likely pathogenic	GRCh38	487447
single nucleotide variant	NM_000051.4(ATM):c.6203T>C (p.Leu2068Ser)	472	ATM	Likely pathogenic	GRCh38	489568
single nucleotide variant	NM_000051.4(ATM):c.2376+1G>A	472	ATM	Pathogenic/Likely pathogenic	GRCh38	490469
single nucleotide variant	NM_000051.4(ATM):c.2465T>A (p.Leu822Ter)	472	ATM	Pathogenic	GRCh38	490471
single nucleotide variant	NM_000051.4(ATM):c.2734C>T (p.Gln912Ter)	472	ATM	Pathogenic	GRCh38	490490
single nucleotide variant	NM_000051.4(ATM):c.471T>A (p.Cys157Ter)	472	ATM	Pathogenic/Likely pathogenic	GRCh38	490578
single nucleotide variant	NM_000051.4(ATM):c.3994-2A>C	472	ATM	Likely pathogenic	GRCh38	490553
single nucleotide variant	NM_000051.4(ATM):c.4910-2A>T	472	ATM	Likely pathogenic	GRCh38	490589
single nucleotide variant	NM_000051.4(ATM):c.3576G>T (p.Lys1192Asn)	472	ATM	Likely pathogenic	GRCh38	490539
single nucleotide variant	NM_000051.4(ATM):c.6615G>A (p.Trp2205Ter)	472	ATM	Pathogenic	GRCh38	490667
single nucleotide variant	NM_000051.4(ATM):c.2922-1G>T	472	ATM	Pathogenic/Likely pathogenic	GRCh38	490499
single nucleotide variant	NM_000051.4(ATM):c.7777C>T (p.Gln2593Ter)	472	ATM	Pathogenic	GRCh38	490708
single nucleotide variant	NM_000051.4(ATM):c.1899-1G>A	472	ATM	Pathogenic/Likely pathogenic	GRCh38	490446
single nucleotide variant	NM_000051.4(ATM):c.8152-2A>G	472	ATM	Pathogenic/Likely pathogenic	GRCh38	490728
single nucleotide variant	NM_000051.4(ATM):c.8213T>G (p.Leu2738Ter)	472	ATM	Pathogenic/Likely pathogenic	GRCh38	490729
single nucleotide variant	NM_000051.4(ATM):c.8419-1G>C	472	ATM	Likely pathogenic	GRCh38	490732
single nucleotide variant	NM_000051.4(ATM):c.6181C>T (p.Gln2061Ter)	472	ATM	Pathogenic	GRCh38	490641
single nucleotide variant	NM_000051.4(ATM):c.8546G>C (p.Arg2849Pro)	472	ATM	Likely pathogenic	GRCh38	490737
single nucleotide variant	NM_000051.4(ATM):c.157A>T (p.Lys53Ter)	472	ATM	Pathogenic/Likely pathogenic	GRCh38	495385
single nucleotide variant	NM_000051.4(ATM):c.6115G>T (p.Glu2039Ter)	472	ATM	Pathogenic	GRCh38	524366
single nucleotide variant	NM_000051.4(ATM):c.6843C>G (p.Tyr2281Ter)	472	ATM	Pathogenic	GRCh38	524394
single nucleotide variant	NM_000051.4(ATM):c.4202T>A (p.Leu1401Ter)	472	ATM	Pathogenic	GRCh38	524333
single nucleotide variant	NM_000051.4(ATM):c.1126G>T (p.Glu376Ter)	472	ATM	Pathogenic	GRCh38	524388
single nucleotide variant	NM_000051.4(ATM):c.1501C>T (p.Gln501Ter)	472	ATM	Pathogenic/Likely pathogenic	GRCh38	524245
single nucleotide variant	NM_000051.4(ATM):c.2341C>T (p.Gln781Ter)	472	ATM	Pathogenic/Likely pathogenic	GRCh38	524264
single nucleotide variant	NM_000051.4(ATM):c.4415T>A (p.Leu1472Ter)	472	ATM	Pathogenic	GRCh38	524382
single nucleotide variant	NM_000051.4(ATM):c.7220C>A (p.Ser2407Ter)	472	ATM	Pathogenic	GRCh38	524287
single nucleotide variant	NM_000051.4(ATM):c.8403C>A (p.Cys2801Ter)	472	ATM	Pathogenic	GRCh38	524349
single nucleotide variant	NM_000051.4(ATM):c.2467-2A>T	472	ATM	Likely pathogenic	GRCh38	524292
single nucleotide variant	NM_000051.4(ATM):c.2677C>T (p.Gln893Ter)	472	ATM	Pathogenic	GRCh38	524364
single nucleotide variant	NM_000051.4(ATM):c.3078G>A (p.Trp1026Ter)	472	ATM	Pathogenic	GRCh38	524353
single nucleotide variant	NM_000051.4(ATM):c.6006+1G>C	472	ATM	Pathogenic/Likely pathogenic	GRCh38	524267
single nucleotide variant	NM_000051.4(ATM):c.6453-1G>C	472	ATM	Likely pathogenic	GRCh38	524405
single nucleotide variant	NM_000051.4(ATM):c.7080T>G (p.Tyr2360Ter)	472	ATM	Pathogenic	GRCh38	524374
single nucleotide variant	NM_000051.4(ATM):c.7927+1G>C	472	ATM	Likely pathogenic	GRCh38	524271
single nucleotide variant	NM_000051.4(ATM):c.8419-2A>G	472	ATM	Likely pathogenic	GRCh38	524347
single nucleotide variant	NM_000051.4(ATM):c.8786+2T>A	472	ATM	Pathogenic/Likely pathogenic	GRCh38	524418
single nucleotide variant	NM_000051.4(ATM):c.392C>G (p.Ser131Ter)	472	ATM	Pathogenic/Likely pathogenic	GRCh38	545994
single nucleotide variant	NM_000051.4(ATM):c.1348G>T (p.Glu450Ter)	472	ATM	Likely pathogenic	GRCh38	545995
single nucleotide variant	NM_000051.4(ATM):c.3619G>T (p.Glu1207Ter)	472	ATM	Pathogenic	GRCh38	546005
single nucleotide variant	NM_000051.4(ATM):c.8419G>T (p.Glu2807Ter)	472	ATM	Pathogenic	GRCh38	545961
single nucleotide variant	NM_000051.4(ATM):c.1065+1G>C	472	ATM	Likely pathogenic	GRCh38	551531
single nucleotide variant	NM_000051.4(ATM):c.4148C>A (p.Ser1383Ter)	472	ATM	Pathogenic/Likely pathogenic	GRCh38	553301
single nucleotide variant	NM_000051.4(ATM):c.4612-1G>A	472	ATM	Likely pathogenic	GRCh38	551093
single nucleotide variant	NM_000051.4(ATM):c.8585-2A>G	472	ATM	Pathogenic/Likely pathogenic	GRCh38	553292
single nucleotide variant	NM_000051.4(ATM):c.-31+595G>A	472	ATM	Likely pathogenic	GRCh38	550420
single nucleotide variant	NM_000051.4(ATM):c.2125-1G>A	472	ATM	Likely pathogenic	GRCh38	551858
single nucleotide variant	NM_000051.4(ATM):c.1066-2A>C	472	ATM	Likely pathogenic	GRCh38	551605
single nucleotide variant	NM_000051.4(ATM):c.1066-1G>T	472	ATM	Likely pathogenic	GRCh38	556302
single nucleotide variant	NM_000051.4(ATM):c.1235+1G>A	472	ATM	Likely pathogenic	GRCh38	553402
single nucleotide variant	NM_000051.4(ATM):c.1236-1G>A	472	ATM	Pathogenic/Likely pathogenic	GRCh38	556721
single nucleotide variant	NM_000051.4(ATM):c.4436+1G>T	472	ATM	Pathogenic/Likely pathogenic	GRCh38	554163
single nucleotide variant	NM_000051.4(ATM):c.5919-2A>C	472	ATM	Likely pathogenic	GRCh38	556891
single nucleotide variant	NM_000051.4(ATM):c.7542T>G (p.Tyr2514Ter)	472	ATM	Pathogenic	GRCh38	558362
single nucleotide variant	NM_000051.4(ATM):c.3154-1G>A	472	ATM	Pathogenic/Likely pathogenic	GRCh38	556462
single nucleotide variant	NM_000051.4(ATM):c.7789G>T (p.Asp2597Tyr)	472	ATM	Likely pathogenic	GRCh38	557639
single nucleotide variant	NM_000051.4(ATM):c.8535G>A (p.Trp2845Ter)	472	ATM	Pathogenic/Likely pathogenic	GRCh38	555284
single nucleotide variant	NM_000051.4(ATM):c.8988-2A>C	472	ATM	Likely pathogenic	GRCh38	552963
single nucleotide variant	NM_000051.4(ATM):c.9109C>T (p.Gln3037Ter)	472	ATM	Pathogenic	GRCh38	557378
single nucleotide variant	NM_000051.4(ATM):c.5177+5G>A	472	ATM	Pathogenic/Likely pathogenic	GRCh38	557726
single nucleotide variant	NM_000051.4(ATM):c.5178-1G>A	472	ATM	Pathogenic/Likely pathogenic	GRCh38	558613
single nucleotide variant	NM_000051.4(ATM):c.5433T>A (p.Cys1811Ter)	472	ATM	Likely pathogenic	GRCh38	558088
single nucleotide variant	NM_000051.4(ATM):c.1120C>T (p.Gln374Ter)	472	ATM	Pathogenic	GRCh38	553261
single nucleotide variant	NM_000051.4(ATM):c.3102T>G (p.Tyr1034Ter)	472	ATM	Pathogenic	GRCh38	556315
single nucleotide variant	NM_000051.4(ATM):c.7708G>T (p.Glu2570Ter)	472	ATM	Pathogenic/Likely pathogenic	GRCh38	558735
single nucleotide variant	NM_000051.4(ATM):c.6452+1G>T	472	ATM	Pathogenic	GRCh38	560960
single nucleotide variant	NM_000051.4(ATM):c.4432C>T (p.Gln1478Ter)	472	ATM	Pathogenic	GRCh38	561184
single nucleotide variant	NM_000051.4(ATM):c.497-1G>C	472	ATM	Likely pathogenic	GRCh38	567404
single nucleotide variant	NM_000051.4(ATM):c.2250+1G>A	472	ATM	Pathogenic/Likely pathogenic	GRCh38	579018
single nucleotide variant	NM_000051.4(ATM):c.3167C>A (p.Ser1056Ter)	472	ATM	Pathogenic	GRCh38	567180
single nucleotide variant	NM_000051.4(ATM):c.4611+1G>A	472	ATM	Likely pathogenic	GRCh38	574722
single nucleotide variant	NM_000051.4(ATM):c.4909+1G>T	472	ATM	Pathogenic/Likely pathogenic	GRCh38	580794
single nucleotide variant	NM_000051.4(ATM):c.7629+1G>A	472	ATM	Pathogenic/Likely pathogenic	GRCh38	581154
single nucleotide variant	NM_000051.4(ATM):c.8911C>T (p.Gln2971Ter)	472	ATM	Pathogenic/Likely pathogenic	GRCh38	582761
single nucleotide variant	NM_000051.4(ATM):c.484C>T (p.Gln162Ter)	472	ATM	Pathogenic	GRCh38	565865
single nucleotide variant	NM_000051.4(ATM):c.597T>A (p.Cys199Ter)	472	ATM	Pathogenic	GRCh38	571452
single nucleotide variant	NM_000051.4(ATM):c.1608-1G>A	472	ATM	Likely pathogenic	GRCh38	569261
single nucleotide variant	NM_000051.4(ATM):c.1608-1G>C	472	ATM	Likely pathogenic	GRCh38	570236
single nucleotide variant	NM_000051.4(ATM):c.3436G>T (p.Glu1146Ter)	472	ATM	Pathogenic	GRCh38	578382
single nucleotide variant	NM_000051.4(ATM):c.6311G>A (p.Trp2104Ter)	472	ATM	Pathogenic	GRCh38	581787
single nucleotide variant	NM_000051.4(ATM):c.6975+1G>T	472	ATM	Likely pathogenic	GRCh38	570620
single nucleotide variant	NM_000051.4(ATM):c.7788+1G>T	472	ATM	Pathogenic/Likely pathogenic	GRCh38	565420
single nucleotide variant	NM_000051.4(ATM):c.299T>A (p.Leu100Ter)	472	ATM	Pathogenic	GRCh38	582130
single nucleotide variant	NM_000051.4(ATM):c.1898+1G>A	472	ATM	Pathogenic/Likely pathogenic	GRCh38	567923
single nucleotide variant	NM_000051.4(ATM):c.2125-2A>C	472	ATM	Likely pathogenic	GRCh38	567119
single nucleotide variant	NM_000051.4(ATM):c.2620G>T (p.Glu874Ter)	472	ATM	Pathogenic/Likely pathogenic	GRCh38	575999
single nucleotide variant	NM_000051.4(ATM):c.4052T>A (p.Leu1351Ter)	472	ATM	Pathogenic	GRCh38	582129
single nucleotide variant	NM_000051.4(ATM):c.4957C>T (p.Gln1653Ter)	472	ATM	Pathogenic	GRCh38	569688
single nucleotide variant	NM_000051.4(ATM):c.496G>T (p.Glu166Ter)	472	ATM	Pathogenic/Likely pathogenic	GRCh38	567375
single nucleotide variant	NM_000051.4(ATM):c.680C>G (p.Ser227Ter)	472	ATM	Pathogenic/Likely pathogenic	GRCh38	581216
single nucleotide variant	NM_000051.4(ATM):c.1547T>A (p.Leu516Ter)	472	ATM	Pathogenic	GRCh38	577195
single nucleotide variant	NM_000051.4(ATM):c.1573A>T (p.Lys525Ter)	472	ATM	Pathogenic	GRCh38	572985
single nucleotide variant	NM_000051.4(ATM):c.6222C>A (p.Cys2074Ter)	472	ATM	Pathogenic	GRCh38	570212
single nucleotide variant	NM_000051.4(ATM):c.7768C>T (p.Gln2590Ter)	472	ATM	Pathogenic	GRCh38	573843
single nucleotide variant	NM_000051.4(ATM):c.1110C>A (p.Tyr370Ter)	472	ATM	Pathogenic/Likely pathogenic	GRCh38	584461
single nucleotide variant	NM_000051.4(ATM):c.8425C>T (p.Gln2809Ter)	472	ATM	Pathogenic/Likely pathogenic	GRCh38	617780
single nucleotide variant	NM_000051.4(ATM):c.4040T>A (p.Leu1347Ter)	472	ATM	Pathogenic	GRCh38	620210
single nucleotide variant	NM_000051.4(ATM):c.3873T>G (p.Leu1291=)	472	ATM	Likely pathogenic	GRCh38	623790
single nucleotide variant	NM_000051.4(ATM):c.496G>C (p.Glu166Gln)	472	ATM	Pathogenic	GRCh38	627570
single nucleotide variant	NM_000051.4(ATM):c.1321C>T (p.Gln441Ter)	472	ATM	Pathogenic	GRCh38	627852
single nucleotide variant	NM_000051.4(ATM):c.5980A>T (p.Lys1994Ter)	472	ATM	Pathogenic/Likely pathogenic	GRCh38	628174
single nucleotide variant	NM_000051.4(ATM):c.6004C>T (p.Gln2002Ter)	472	ATM	Pathogenic	GRCh38	627883
single nucleotide variant	NM_000051.4(ATM):c.6258T>G (p.Tyr2086Ter)	472	ATM	Pathogenic	GRCh38	628950
single nucleotide variant	NM_000051.4(ATM):c.6838C>T (p.Gln2280Ter)	472	ATM	Pathogenic	GRCh38	630702
single nucleotide variant	NM_000051.4(ATM):c.8284C>T (p.Gln2762Ter)	472	ATM	Pathogenic	GRCh38	627897
single nucleotide variant	NM_000051.4(ATM):c.2467-2A>G	472	ATM	Likely pathogenic	GRCh38	628917
single nucleotide variant	NM_000051.4(ATM):c.3402+1G>C	472	ATM	Likely pathogenic	GRCh38	628921
single nucleotide variant	NM_000051.4(ATM):c.8269-1G>C	472	ATM	Pathogenic/Likely pathogenic	GRCh38	628875
single nucleotide variant	NM_000051.4(ATM):c.901+2T>C	472	ATM	Pathogenic/Likely pathogenic	GRCh38	631172
single nucleotide variant	NM_000051.4(ATM):c.5674+1G>T	472	ATM	Pathogenic/Likely pathogenic	GRCh38	629599
single nucleotide variant	NM_000051.4(ATM):c.6280G>T (p.Glu2094Ter)	472	ATM	Pathogenic/Likely pathogenic	GRCh38	632651
single nucleotide variant	NM_000051.4(ATM):c.467G>A (p.Trp156Ter)	472	ATM	Pathogenic	GRCh38	634428
single nucleotide variant	NM_000051.4(ATM):c.6108T>A (p.Tyr2036Ter)	472	ATM	Pathogenic	GRCh38	635341
single nucleotide variant	NM_000051.4(ATM):c.191T>G (p.Leu64Ter)	472	ATM	Pathogenic	GRCh38	655796
single nucleotide variant	NM_000051.4(ATM):c.1304T>G (p.Leu435Ter)	472	ATM	Pathogenic	GRCh38	662986
single nucleotide variant	NM_000051.4(ATM):c.1931C>G (p.Ser644Ter)	472	ATM	Pathogenic	GRCh38	643821
single nucleotide variant	NM_000051.4(ATM):c.2877C>A (p.Tyr959Ter)	472	ATM	Pathogenic/Likely pathogenic	GRCh38	640084
single nucleotide variant	NM_000051.4(ATM):c.3250C>T (p.Gln1084Ter)	472	ATM	Pathogenic	GRCh38	665551
single nucleotide variant	NM_000051.4(ATM):c.3275C>A (p.Ser1092Ter)	472	ATM	Pathogenic	GRCh38	640290
single nucleotide variant	NM_000051.4(ATM):c.4383G>A (p.Trp1461Ter)	472	ATM	Pathogenic	GRCh38	647116
single nucleotide variant	NM_000051.4(ATM):c.6108T>G (p.Tyr2036Ter)	472	ATM	Pathogenic	GRCh38	664270
single nucleotide variant	NM_000051.4(ATM):c.6415G>T (p.Glu2139Ter)	472	ATM	Pathogenic/Likely pathogenic	GRCh38	651311
single nucleotide variant	NM_000051.4(ATM):c.7194C>A (p.Tyr2398Ter)	472	ATM	Pathogenic	GRCh38	643456
single nucleotide variant	NM_000051.4(ATM):c.7889T>A (p.Leu2630Ter)	472	ATM	Pathogenic/Likely pathogenic	GRCh38	664950
single nucleotide variant	NM_000051.4(ATM):c.8045C>G (p.Thr2682Ser)	472	ATM	Pathogenic	GRCh38	644144
single nucleotide variant	NM_000051.4(ATM):c.8189A>C (p.Gln2730Pro)	472	ATM	Likely pathogenic	GRCh38	646274
single nucleotide variant	NM_000051.4(ATM):c.8373C>G (p.Tyr2791Ter)	472	ATM	Pathogenic	GRCh38	650901
single nucleotide variant	NM_000051.4(ATM):c.8824C>T (p.Gln2942Ter)	472	ATM	Pathogenic	GRCh38	655895
single nucleotide variant	NM_000051.4(ATM):c.72+2T>C	472	ATM	Pathogenic/Likely pathogenic	GRCh38	655274
single nucleotide variant	NM_000051.4(ATM):c.4777-1G>A	472	ATM	Pathogenic	GRCh38	646077
single nucleotide variant	NM_000051.4(ATM):c.6976-1G>T	472	ATM	Pathogenic/Likely pathogenic	GRCh38	650217
single nucleotide variant	NM_000051.4(ATM):c.8010+2T>C	472	ATM	Likely pathogenic	GRCh38	652399
single nucleotide variant	NM_000051.4(ATM):c.3285-2A>G	472	ATM	Pathogenic	GRCh38	638928
single nucleotide variant	NM_000051.4(ATM):c.5496+2T>G	472	ATM	Likely pathogenic	GRCh38	645321
single nucleotide variant	NM_000051.4(ATM):c.6453-1G>A	472	ATM	Likely pathogenic	GRCh38	665154
single nucleotide variant	NM_000051.4(ATM):c.6976-1G>A	472	ATM	Pathogenic	GRCh38	640274
single nucleotide variant	NM_000051.4(ATM):c.1899-1G>T	472	ATM	Pathogenic/Likely pathogenic	GRCh38	655507
single nucleotide variant	NM_000051.4(ATM):c.4910-2A>G	472	ATM	Likely pathogenic	GRCh38	661267
single nucleotide variant	NM_000051.4(ATM):c.5006-1G>A	472	ATM	Likely pathogenic	GRCh38	645434
single nucleotide variant	NM_000051.4(ATM):c.5918+1G>A	472	ATM	Likely pathogenic	GRCh38	660802
single nucleotide variant	NM_000051.4(ATM):c.6096-1G>C	472	ATM	Likely pathogenic	GRCh38	653906
single nucleotide variant	NM_000051.4(ATM):c.8988-1G>T	472	ATM	Likely pathogenic	GRCh38	653848
single nucleotide variant	NM_000051.4(ATM):c.6199-1G>T	472	ATM	Pathogenic	GRCh38	663849
single nucleotide variant	NM_000051.4(ATM):c.6573-9G>A	472	ATM	Pathogenic/Likely pathogenic	GRCh38	642095
single nucleotide variant	NM_000051.4(ATM):c.8011-2A>C	472	ATM	Pathogenic	GRCh38	646046
single nucleotide variant	NM_000051.4(ATM):c.5005G>A (p.Glu1669Lys)	472	ATM	Likely pathogenic	GRCh38	800343
single nucleotide variant	NM_000051.4(ATM):c.1236-1G>T	472	ATM	Pathogenic	GRCh38	802735
single nucleotide variant	NM_000051.4(ATM):c.3485T>G (p.Leu1162Ter)	472	ATM	Pathogenic	GRCh38	802751
single nucleotide variant	NM_000051.4(ATM):c.4910-1G>C	472	ATM	Likely pathogenic	GRCh38	802759
single nucleotide variant	NM_000051.4(ATM):c.7875T>G (p.Asp2625Glu)	472	ATM	Pathogenic	GRCh38	802788
single nucleotide variant	NM_000051.4(ATM):c.7876G>C (p.Ala2626Pro)	472	ATM	Pathogenic	GRCh38	802789
single nucleotide variant	NM_000051.4(ATM):c.6205C>T (p.Gln2069Ter)	472	ATM	Pathogenic	GRCh38	807375
single nucleotide variant	NM_000051.4(ATM):c.286G>T (p.Glu96Ter)	472	ATM	Pathogenic	GRCh38	821876
single nucleotide variant	NM_000051.4(ATM):c.411C>A (p.Tyr137Ter)	472	ATM	Pathogenic	GRCh38	824605
single nucleotide variant	NM_000051.4(ATM):c.468G>A (p.Trp156Ter)	472	ATM	Pathogenic	GRCh38	825099
single nucleotide variant	NM_000051.4(ATM):c.487C>T (p.Gln163Ter)	472	ATM	Pathogenic	GRCh38	825252
single nucleotide variant	NM_000051.4(ATM):c.525T>G (p.Tyr175Ter)	472	ATM	Pathogenic	GRCh38	825594
single nucleotide variant	NM_000051.4(ATM):c.923G>A (p.Trp308Ter)	472	ATM	Pathogenic/Likely pathogenic	GRCh38	823125
single nucleotide variant	NM_000051.4(ATM):c.1168G>T (p.Glu390Ter)	472	ATM	Pathogenic	GRCh38	818476
single nucleotide variant	NM_000051.4(ATM):c.1336C>T (p.Gln446Ter)	472	ATM	Pathogenic	GRCh38	818840
single nucleotide variant	NM_000051.4(ATM):c.1464G>A (p.Trp488Ter)	472	ATM	Pathogenic	GRCh38	819185
single nucleotide variant	NM_000051.4(ATM):c.1937C>G (p.Ser646Ter)	472	ATM	Pathogenic	GRCh38	820380
single nucleotide variant	NM_000051.4(ATM):c.2090T>G (p.Leu697Ter)	472	ATM	Pathogenic	GRCh38	820697
single nucleotide variant	NM_000051.4(ATM):c.2223T>A (p.Tyr741Ter)	472	ATM	Pathogenic	GRCh38	820922
single nucleotide variant	NM_000051.4(ATM):c.2465T>G (p.Leu822Ter)	472	ATM	Pathogenic	GRCh38	821323
single nucleotide variant	NM_000051.4(ATM):c.3065T>G (p.Ile1022Ser)	472	ATM	Likely pathogenic	GRCh38	822772
single nucleotide variant	NM_000051.4(ATM):c.3097A>T (p.Lys1033Ter)	472	ATM	Pathogenic	GRCh38	822855
single nucleotide variant	NM_000051.4(ATM):c.3648T>G (p.Tyr1216Ter)	472	ATM	Pathogenic	GRCh38	824028
single nucleotide variant	NM_000051.4(ATM):c.4249A>T (p.Lys1417Ter)	472	ATM	Pathogenic	GRCh38	824717
single nucleotide variant	NM_000051.4(ATM):c.4343T>G (p.Leu1448Ter)	472	ATM	Pathogenic/Likely pathogenic	GRCh38	824810
single nucleotide variant	NM_000051.4(ATM):c.4460C>G (p.Ser1487Ter)	472	ATM	Pathogenic	GRCh38	824907
single nucleotide variant	NM_000051.4(ATM):c.4524C>A (p.Tyr1508Ter)	472	ATM	Pathogenic	GRCh38	824972
single nucleotide variant	NM_000051.4(ATM):c.4796C>G (p.Ser1599Ter)	472	ATM	Pathogenic	GRCh38	825178
single nucleotide variant	NM_000051.4(ATM):c.4990G>T (p.Glu1664Ter)	472	ATM	Pathogenic/Likely pathogenic	GRCh38	825347
single nucleotide variant	NM_000051.4(ATM):c.6212T>A (p.Leu2071Ter)	472	ATM	Pathogenic	GRCh38	826252
single nucleotide variant	NM_000051.4(ATM):c.6300C>G (p.Tyr2100Ter)	472	ATM	Pathogenic/Likely pathogenic	GRCh38	826309
single nucleotide variant	NM_000051.4(ATM):c.6606T>A (p.Tyr2202Ter)	472	ATM	Pathogenic	GRCh38	826508
single nucleotide variant	NM_000051.4(ATM):c.6706G>T (p.Glu2236Ter)	472	ATM	Pathogenic	GRCh38	826566
single nucleotide variant	NM_000051.4(ATM):c.7369G>T (p.Glu2457Ter)	472	ATM	Pathogenic	GRCh38	826990
single nucleotide variant	NM_000051.4(ATM):c.7542T>A (p.Tyr2514Ter)	472	ATM	Pathogenic	GRCh38	827109
single nucleotide variant	NM_000051.4(ATM):c.7744A>T (p.Arg2582Ter)	472	ATM	Pathogenic	GRCh38	827235
single nucleotide variant	NM_000051.4(ATM):c.8294G>T (p.Gly2765Val)	472	ATM	Pathogenic/Likely pathogenic	GRCh38	827559
single nucleotide variant	NM_000051.4(ATM):c.902-1G>A	472	ATM	Pathogenic/Likely pathogenic	GRCh38	822904
single nucleotide variant	NM_000051.4(ATM):c.3154-1G>T	472	ATM	Pathogenic/Likely pathogenic	GRCh38	823009
single nucleotide variant	NM_000051.4(ATM):c.3402+3A>C	472	ATM	Pathogenic/Likely pathogenic	GRCh38	823730
single nucleotide variant	NM_000051.4(ATM):c.3577-2A>G	472	ATM	Likely pathogenic	GRCh38	823948
single nucleotide variant	NM_000051.4(ATM):c.5178-1G>T	472	ATM	Likely pathogenic	GRCh38	825507
single nucleotide variant	NM_000051.4(ATM):c.5918+1G>T	472	ATM	Likely pathogenic	GRCh38	826055
single nucleotide variant	NM_000051.4(ATM):c.6348-1G>C	472	ATM	Likely pathogenic	GRCh38	826338
single nucleotide variant	NM_000051.4(ATM):c.6573-1G>A	472	ATM	Likely pathogenic	GRCh38	826491
single nucleotide variant	NM_000051.4(ATM):c.6573-1G>C	472	ATM	Pathogenic/Likely pathogenic	GRCh38	826492
single nucleotide variant	NM_000051.4(ATM):c.7515+1G>A	472	ATM	Pathogenic/Likely pathogenic	GRCh38	827094
single nucleotide variant	NM_000051.4(ATM):c.8151+1G>C	472	ATM	Likely pathogenic	GRCh38	827481
single nucleotide variant	NM_000051.4(ATM):c.8671+2T>G	472	ATM	Likely pathogenic	GRCh38	822642
single nucleotide variant	NM_000051.4(ATM):c.8787-1G>C	472	ATM	Pathogenic/Likely pathogenic	GRCh38	822729
single nucleotide variant	NM_000051.4(ATM):c.59C>G (p.Ala20Gly)	472	ATM	Likely pathogenic	GRCh38	864485
single nucleotide variant	NM_000051.4(ATM):c.841G>T (p.Glu281Ter)	472	ATM	Pathogenic	GRCh38	853201
single nucleotide variant	NM_000051.4(ATM):c.1571G>A (p.Trp524Ter)	472	ATM	Pathogenic	GRCh38	844899
single nucleotide variant	NM_000051.4(ATM):c.1780G>T (p.Glu594Ter)	472	ATM	Pathogenic	GRCh38	853253
single nucleotide variant	NM_000051.4(ATM):c.2239C>T (p.Gln747Ter)	472	ATM	Pathogenic/Likely pathogenic	GRCh38	855230
single nucleotide variant	NM_000051.4(ATM):c.2667T>A (p.Tyr889Ter)	472	ATM	Pathogenic/Likely pathogenic	GRCh38	850443
single nucleotide variant	NM_000051.4(ATM):c.3764T>A (p.Leu1255Ter)	472	ATM	Pathogenic/Likely pathogenic	GRCh38	860647
single nucleotide variant	NM_000051.4(ATM):c.4019T>A (p.Leu1340Ter)	472	ATM	Pathogenic	GRCh38	847035
single nucleotide variant	NM_000051.4(ATM):c.4591C>T (p.Gln1531Ter)	472	ATM	Pathogenic/Likely pathogenic	GRCh38	838809
single nucleotide variant	NM_000051.4(ATM):c.4668T>G (p.Tyr1556Ter)	472	ATM	Pathogenic	GRCh38	846952
single nucleotide variant	NM_000051.4(ATM):c.6027C>A (p.Tyr2009Ter)	472	ATM	Pathogenic	GRCh38	836916
single nucleotide variant	NM_000051.4(ATM):c.6387C>G (p.Tyr2129Ter)	472	ATM	Pathogenic	GRCh38	860262
single nucleotide variant	NM_000051.4(ATM):c.6598G>T (p.Glu2200Ter)	472	ATM	Pathogenic	GRCh38	849318
single nucleotide variant	NM_000051.4(ATM):c.6757A>T (p.Lys2253Ter)	472	ATM	Pathogenic	GRCh38	859454
single nucleotide variant	NM_000051.4(ATM):c.8302G>T (p.Glu2768Ter)	472	ATM	Pathogenic	GRCh38	851132
single nucleotide variant	NM_000051.4(ATM):c.8339T>C (p.Leu2780Pro)	472	ATM	Pathogenic	GRCh38	849553
single nucleotide variant	NM_000051.4(ATM):c.8965C>T (p.Gln2989Ter)	472	ATM	Pathogenic	GRCh38	846365
single nucleotide variant	NM_000051.4(ATM):c.9112C>T (p.Gln3038Ter)	472	ATM	Pathogenic/Likely pathogenic	GRCh38	847080
single nucleotide variant	NM_000051.4(ATM):c.9169T>C (p.Ter3057Arg)	472	ATM	Likely pathogenic	GRCh38	838778
single nucleotide variant	NM_000051.4(ATM):c.9169T>G (p.Ter3057Gly)	472	ATM	Likely pathogenic	GRCh38	836593
single nucleotide variant	NM_000051.4(ATM):c.3402+1G>A	472	ATM	Pathogenic/Likely pathogenic	GRCh38	848905
single nucleotide variant	NM_000051.4(ATM):c.5005+1G>A	472	ATM	Likely pathogenic	GRCh38	859032
single nucleotide variant	NM_000051.4(ATM):c.3746+1G>T	472	ATM	Likely pathogenic	GRCh38	840154
single nucleotide variant	NM_000051.4(ATM):c.4110-1G>C	472	ATM	Pathogenic/Likely pathogenic	GRCh38	834436
single nucleotide variant	NM_000051.4(ATM):c.4236+2T>A	472	ATM	Likely pathogenic	GRCh38	849148
single nucleotide variant	NM_000051.4(ATM):c.1607+1G>A	472	ATM	Pathogenic/Likely pathogenic	GRCh38	843612
single nucleotide variant	NM_000051.4(ATM):c.2124+1G>A	472	ATM	Pathogenic/Likely pathogenic	GRCh38	840421
single nucleotide variant	NM_000051.4(ATM):c.5177+1G>C	472	ATM	Pathogenic	GRCh38	857860
single nucleotide variant	NM_000051.4(ATM):c.7307+1G>T	472	ATM	Likely pathogenic	GRCh38	863585
single nucleotide variant	NM_000051.4(ATM):c.8850+2T>G	472	ATM	Likely pathogenic	GRCh38	856879
single nucleotide variant	NM_000051.4(ATM):c.3046G>T (p.Gly1016Ter)	472	ATM	Pathogenic	GRCh38	870636
single nucleotide variant	NM_000051.4(ATM):c.7879T>C (p.Tyr2627His)	472	ATM	Likely pathogenic	GRCh38	870645
single nucleotide variant	NM_000051.4(ATM):c.352C>T (p.Gln118Ter)	472	ATM	Pathogenic	GRCh38	925968
single nucleotide variant	NM_000051.4(ATM):c.2156C>A (p.Ser719Ter)	472	ATM	Pathogenic	GRCh38	920975
single nucleotide variant	NM_000051.4(ATM):c.3784A>T (p.Arg1262Ter)	472	ATM	Pathogenic	GRCh38	928291
single nucleotide variant	NM_000051.4(ATM):c.8620C>T (p.Gln2874Ter)	472	ATM	Pathogenic	GRCh38	927542
single nucleotide variant	NM_000051.4(ATM):c.9091C>T (p.Gln3031Ter)	472	ATM	Pathogenic/Likely pathogenic	GRCh38	920394
single nucleotide variant	NM_000051.4(ATM):c.496+1G>C	472	ATM	Likely pathogenic	GRCh38	927616
single nucleotide variant	NM_000051.4(ATM):c.2251-1G>A	472	ATM	Likely pathogenic	GRCh38	919743
single nucleotide variant	NM_000051.4(ATM):c.6808-1G>C	472	ATM	Likely pathogenic	GRCh38	924503
single nucleotide variant	NM_000051.4(ATM):c.8851-1G>A	472	ATM	Likely pathogenic	GRCh38	918260
single nucleotide variant	NM_000051.4(ATM):c.5675-2A>G	472	ATM	Likely pathogenic	GRCh38	921544
single nucleotide variant	NM_000051.4(ATM):c.8268+2T>C	472	ATM	Likely pathogenic	GRCh38	931372
single nucleotide variant	NM_000051.4(ATM):c.1564G>T (p.Glu522Ter)	472	ATM	Pathogenic	GRCh38	932535
single nucleotide variant	NM_000051.4(ATM):c.1333C>T (p.Gln445Ter)	472	ATM	Pathogenic	GRCh38	952734
single nucleotide variant	NM_000051.4(ATM):c.1750C>T (p.Gln584Ter)	472	ATM	Pathogenic	GRCh38	950390
single nucleotide variant	NM_000051.4(ATM):c.1937C>A (p.Ser646Ter)	472	ATM	Pathogenic	GRCh38	952404
single nucleotide variant	NM_000051.4(ATM):c.3733G>T (p.Glu1245Ter)	472	ATM	Pathogenic	GRCh38	951439
single nucleotide variant	NM_000051.4(ATM):c.6196C>T (p.Gln2066Ter)	472	ATM	Pathogenic	GRCh38	946039
single nucleotide variant	NM_000051.4(ATM):c.6247G>T (p.Gly2083Ter)	472	ATM	Pathogenic	GRCh38	944172
single nucleotide variant	NM_000051.4(ATM):c.6727C>T (p.Gln2243Ter)	472	ATM	Pathogenic/Likely pathogenic	GRCh38	944395
single nucleotide variant	NM_000051.4(ATM):c.8482C>T (p.Gln2828Ter)	472	ATM	Pathogenic	GRCh38	947385
single nucleotide variant	NM_000051.4(ATM):c.9061G>T (p.Glu3021Ter)	472	ATM	Pathogenic/Likely pathogenic	GRCh38	949801
single nucleotide variant	NM_000051.4(ATM):c.798G>A (p.Trp266Ter)	472	ATM	Pathogenic	GRCh38	940753
single nucleotide variant	NM_000051.4(ATM):c.1189A>T (p.Lys397Ter)	472	ATM	Pathogenic	GRCh38	938750
single nucleotide variant	NM_000051.4(ATM):c.1210C>T (p.Gln404Ter)	472	ATM	Pathogenic	GRCh38	937319
single nucleotide variant	NM_000051.4(ATM):c.2228C>G (p.Ser743Ter)	472	ATM	Pathogenic	GRCh38	934802
single nucleotide variant	NM_000051.4(ATM):c.2940T>A (p.Tyr980Ter)	472	ATM	Pathogenic	GRCh38	935836
single nucleotide variant	NM_000051.4(ATM):c.3292C>T (p.Gln1098Ter)	472	ATM	Pathogenic	GRCh38	938009
single nucleotide variant	NM_000051.4(ATM):c.3338T>A (p.Leu1113Ter)	472	ATM	Pathogenic	GRCh38	942126
single nucleotide variant	NM_000051.4(ATM):c.5755C>T (p.Gln1919Ter)	472	ATM	Pathogenic/Likely pathogenic	GRCh38	936134
single nucleotide variant	NM_000051.4(ATM):c.186-2A>G	472	ATM	Likely pathogenic	GRCh38	941969
single nucleotide variant	NM_000051.4(ATM):c.3077+1G>T	472	ATM	Pathogenic/Likely pathogenic	GRCh38	936903
single nucleotide variant	NM_000051.4(ATM):c.6199-2A>C	472	ATM	Pathogenic	GRCh38	934134
single nucleotide variant	NM_000051.4(ATM):c.6453-2A>G	472	ATM	Likely pathogenic	GRCh38	934774
single nucleotide variant	NM_000051.4(ATM):c.8786+2T>C	472	ATM	Pathogenic	GRCh38	941781
single nucleotide variant	NM_000051.4(ATM):c.8787-2A>G	472	ATM	Pathogenic/Likely pathogenic	GRCh38	943453
single nucleotide variant	NM_000051.4(ATM):c.496+2T>G	472	ATM	Likely pathogenic	GRCh38	951554
single nucleotide variant	NM_000051.4(ATM):c.902-2A>G	472	ATM	Pathogenic	GRCh38	952910
single nucleotide variant	NM_000051.4(ATM):c.7927+1G>A	472	ATM	Likely pathogenic	GRCh38	950846
single nucleotide variant	NM_000051.4(ATM):c.7927+2T>G	472	ATM	Likely pathogenic	GRCh38	945205
single nucleotide variant	NM_000051.4(ATM):c.8672-1G>A	472	ATM	Likely pathogenic	GRCh38	944770
single nucleotide variant	NM_000051.4(ATM):c.271C>T (p.Gln91Ter)	472	ATM	Pathogenic	GRCh38	964212
single nucleotide variant	NM_000051.4(ATM):c.1433C>A (p.Ser478Ter)	472	ATM	Pathogenic	GRCh38	959839
single nucleotide variant	NM_000051.4(ATM):c.2223T>G (p.Tyr741Ter)	472	ATM	Pathogenic/Likely pathogenic	GRCh38	961636
single nucleotide variant	NM_000051.4(ATM):c.3687C>A (p.Tyr1229Ter)	472	ATM	Pathogenic/Likely pathogenic	GRCh38	961263
single nucleotide variant	NM_000051.4(ATM):c.3756T>G (p.Tyr1252Ter)	472	ATM	Pathogenic	GRCh38	962266
single nucleotide variant	NM_000051.4(ATM):c.3991C>T (p.Gln1331Ter)	472	ATM	Pathogenic	GRCh38	956147
single nucleotide variant	NM_000051.4(ATM):c.5473C>T (p.Gln1825Ter)	472	ATM	Pathogenic	GRCh38	959415
single nucleotide variant	NM_000051.4(ATM):c.7204G>T (p.Glu2402Ter)	472	ATM	Pathogenic	GRCh38	954706
single nucleotide variant	NM_000051.4(ATM):c.7670T>A (p.Leu2557Ter)	472	ATM	Pathogenic	GRCh38	958877
single nucleotide variant	NM_000051.4(ATM):c.8565T>A (p.Ser2855Arg)	472	ATM	Pathogenic/Likely pathogenic	GRCh38	961847
single nucleotide variant	NM_000051.4(ATM):c.494T>G (p.Leu165Ter)	472	ATM	Pathogenic	GRCh38	969032
single nucleotide variant	NM_000051.4(ATM):c.614T>G (p.Leu205Ter)	472	ATM	Pathogenic	GRCh38	966142
single nucleotide variant	NM_000051.4(ATM):c.892C>T (p.Gln298Ter)	472	ATM	Pathogenic	GRCh38	966621
single nucleotide variant	NM_000051.4(ATM):c.4004T>A (p.Leu1335Ter)	472	ATM	Pathogenic	GRCh38	965960
single nucleotide variant	NM_000051.4(ATM):c.6904A>T (p.Lys2302Ter)	472	ATM	Pathogenic	GRCh38	968974
single nucleotide variant	NM_000051.4(ATM):c.8188C>T (p.Gln2730Ter)	472	ATM	Pathogenic/Likely pathogenic	GRCh38	965883
single nucleotide variant	NM_000051.4(ATM):c.2639-2A>G	472	ATM	Likely pathogenic	GRCh38	962393
single nucleotide variant	NM_000051.4(ATM):c.3078-9T>G	472	ATM	Likely pathogenic	GRCh38	963957
single nucleotide variant	NM_000051.4(ATM):c.3153+1G>T	472	ATM	Likely pathogenic	GRCh38	953360
single nucleotide variant	NM_000051.4(ATM):c.3402+1G>T	472	ATM	Likely pathogenic	GRCh38	960913
single nucleotide variant	NM_000051.4(ATM):c.6572+1G>T	472	ATM	Likely pathogenic	GRCh38	960501
single nucleotide variant	NM_000051.4(ATM):c.7630-1G>A	472	ATM	Pathogenic/Likely pathogenic	GRCh38	969935
single nucleotide variant	NM_000051.4(ATM):c.2922-1G>A	472	ATM	Pathogenic/Likely pathogenic	GRCh38	977929
single nucleotide variant	NM_000051.4(ATM):c.8054C>A (p.Ser2685Ter)	472	ATM	Pathogenic/Likely pathogenic	GRCh38	978600
single nucleotide variant	NM_000051.4(ATM):c.9171A>T (p.Ter3057Cys)	472	ATM	Likely pathogenic	GRCh38	1001599
single nucleotide variant	NM_000051.4(ATM):c.3248A>G (p.His1083Arg)	472	ATM	Pathogenic/Likely pathogenic	GRCh38	1013733
single nucleotide variant	NM_000051.4(ATM):c.8300T>C (p.Leu2767Pro)	472	ATM	Likely pathogenic	GRCh38	1023669
single nucleotide variant	NM_000051.4(ATM):c.2929T>C (p.Cys977Arg)	472	ATM	Likely pathogenic	GRCh38	1027443
single nucleotide variant	NM_000051.4(ATM):c.9170G>C (p.Ter3057Ser)	472	ATM	Likely pathogenic	GRCh38	1044945
single nucleotide variant	NM_000051.4(ATM):c.8161G>A (p.Asp2721Asn)	472	ATM	Likely pathogenic	GRCh38	1054111
single nucleotide variant	NM_000051.4(ATM):c.1802+1G>T	472	ATM	Pathogenic	GRCh38	1067957
single nucleotide variant	NM_000051.4(ATM):c.2638+1G>T	472	ATM	Pathogenic/Likely pathogenic	GRCh38	1066028
single nucleotide variant	NM_000051.4(ATM):c.4436+1G>A	472	ATM	Pathogenic/Likely pathogenic	GRCh38	1068029
single nucleotide variant	NM_000051.4(ATM):c.4910-2A>C	472	ATM	Likely pathogenic	GRCh38	1066119
single nucleotide variant	NM_000051.4(ATM):c.5320-1G>C	472	ATM	Likely pathogenic	GRCh38	1065966
single nucleotide variant	NM_000051.4(ATM):c.5675-1G>C	472	ATM	Likely pathogenic	GRCh38	1067749
single nucleotide variant	NM_000051.4(ATM):c.6807+2T>C	472	ATM	Likely pathogenic	GRCh38	1068158
single nucleotide variant	NM_000051.4(ATM):c.7307+1G>A	472	ATM	Pathogenic/Likely pathogenic	GRCh38	1066672
single nucleotide variant	NM_000051.4(ATM):c.7515+1G>T	472	ATM	Pathogenic/Likely pathogenic	GRCh38	1068370
single nucleotide variant	NM_000051.4(ATM):c.7788+1G>A	472	ATM	Pathogenic	GRCh38	1068261
single nucleotide variant	NM_000051.4(ATM):c.7789-1G>A	472	ATM	Likely pathogenic	GRCh38	1068042
single nucleotide variant	NM_000051.4(ATM):c.8151+1G>A	472	ATM	Pathogenic/Likely pathogenic	GRCh38	1066285
single nucleotide variant	NM_000051.4(ATM):c.8419-2A>C	472	ATM	Likely pathogenic	GRCh38	1066890
single nucleotide variant	NM_000051.4(ATM):c.769G>T (p.Glu257Ter)	472	ATM	Pathogenic	GRCh38	1072130
single nucleotide variant	NM_000051.4(ATM):c.856C>T (p.Gln286Ter)	472	ATM	Pathogenic	GRCh38	1071816
single nucleotide variant	NM_000051.4(ATM):c.1179G>A (p.Trp393Ter)	472	ATM	Pathogenic	GRCh38	1069197
single nucleotide variant	NM_000051.4(ATM):c.1262C>G (p.Ser421Ter)	472	ATM	Pathogenic	GRCh38	1069441
single nucleotide variant	NM_000051.4(ATM):c.1702A>T (p.Arg568Ter)	472	ATM	Pathogenic/Likely pathogenic	GRCh38	1071619
single nucleotide variant	NM_000051.4(ATM):c.2626C>T (p.Gln876Ter)	472	ATM	Pathogenic	GRCh38	1069814
single nucleotide variant	NM_000051.4(ATM):c.2962A>T (p.Lys988Ter)	472	ATM	Pathogenic	GRCh38	1072369
single nucleotide variant	NM_000051.4(ATM):c.3007C>T (p.Gln1003Ter)	472	ATM	Pathogenic	GRCh38	1076437
single nucleotide variant	NM_000051.4(ATM):c.3461T>A (p.Leu1154Ter)	472	ATM	Pathogenic	GRCh38	1074411
single nucleotide variant	NM_000051.4(ATM):c.3858C>A (p.Cys1286Ter)	472	ATM	Pathogenic	GRCh38	1075579
single nucleotide variant	NM_000051.4(ATM):c.4668T>A (p.Tyr1556Ter)	472	ATM	Pathogenic	GRCh38	1069824
single nucleotide variant	NM_000051.4(ATM):c.5088T>G (p.Tyr1696Ter)	472	ATM	Pathogenic	GRCh38	1075568
single nucleotide variant	NM_000051.4(ATM):c.5293C>T (p.Gln1765Ter)	472	ATM	Pathogenic	GRCh38	1073216
single nucleotide variant	NM_000051.4(ATM):c.6080T>G (p.Leu2027Ter)	472	ATM	Pathogenic	GRCh38	1068798
single nucleotide variant	NM_000051.4(ATM):c.6242T>A (p.Leu2081Ter)	472	ATM	Pathogenic	GRCh38	1068534
single nucleotide variant	NM_000051.4(ATM):c.6547G>T (p.Glu2183Ter)	472	ATM	Pathogenic	GRCh38	1075425
single nucleotide variant	NM_000051.4(ATM):c.6616C>T (p.Gln2206Ter)	472	ATM	Pathogenic	GRCh38	1069594
single nucleotide variant	NM_000051.4(ATM):c.6661G>T (p.Glu2221Ter)	472	ATM	Pathogenic	GRCh38	1070130
single nucleotide variant	NM_000051.4(ATM):c.6805C>T (p.Gln2269Ter)	472	ATM	Pathogenic	GRCh38	1076435
single nucleotide variant	NM_000051.4(ATM):c.7113T>G (p.Tyr2371Ter)	472	ATM	Pathogenic	GRCh38	1069988
single nucleotide variant	NM_000051.4(ATM):c.7267G>T (p.Glu2423Ter)	472	ATM	Pathogenic	GRCh38	1072264
single nucleotide variant	NM_000051.4(ATM):c.7753A>T (p.Lys2585Ter)	472	ATM	Pathogenic/Likely pathogenic	GRCh38	1070398
single nucleotide variant	NM_000051.4(ATM):c.7976T>G (p.Leu2659Ter)	472	ATM	Pathogenic	GRCh38	1075825
single nucleotide variant	NM_000051.4(ATM):c.8239A>T (p.Lys2747Ter)	472	ATM	Pathogenic	GRCh38	1070998
single nucleotide variant	NM_000051.4(ATM):c.8451T>A (p.Tyr2817Ter)	472	ATM	Pathogenic	GRCh38	1075668
single nucleotide variant	NM_000051.4(ATM):c.8556T>G (p.Tyr2852Ter)	472	ATM	Pathogenic/Likely pathogenic	GRCh38	1069521
single nucleotide variant	NM_000051.4(ATM):c.8785A>T (p.Arg2929Ter)	472	ATM	Pathogenic	GRCh38	1068579
single nucleotide variant	NM_000051.4(ATM):c.8797A>T (p.Lys2933Ter)	472	ATM	Pathogenic	GRCh38	1071453
single nucleotide variant	NM_000051.4(ATM):c.6452+1G>C	472	ATM	Pathogenic	GRCh38	1163050
single nucleotide variant	NM_000051.4(ATM):c.902-2A>T	472	ATM	Pathogenic/Likely pathogenic	GRCh38	1172262
single nucleotide variant	NM_000051.4(ATM):c.8398C>T (p.Gln2800Ter)	472	ATM	Pathogenic	GRCh38	1171818
single nucleotide variant	NM_000051.4(ATM):c.5570C>A (p.Ser1857Ter)	472	ATM	Pathogenic	GRCh38	1174914
single nucleotide variant	NM_000051.4(ATM):c.7424T>G (p.Leu2475Ter)	472	ATM	Pathogenic	GRCh38	1192513
single nucleotide variant	NM_000051.4(ATM):c.6798G>C (p.Lys2266Asn)	472	ATM	Likely pathogenic	GRCh38	1199184
single nucleotide variant	NM_000051.4(ATM):c.3153+1G>A	472	ATM	Likely pathogenic	GRCh38	1199759
single nucleotide variant	NM_000051.4(ATM):c.3284+1G>T	472	ATM	Pathogenic	GRCh38	1210125
single nucleotide variant	NM_000051.4(ATM):c.3901G>T (p.Glu1301Ter)	472	ATM	Pathogenic/Likely pathogenic	GRCh38	2453943
single nucleotide variant	NM_000051.4(ATM):c.6529C>T (p.Gln2177Ter)	472	ATM	Pathogenic/Likely pathogenic	GRCh38	1284953
single nucleotide variant	NM_000051.4(ATM):c.3746+1G>A	472	ATM	Pathogenic/Likely pathogenic	GRCh38	1323601
single nucleotide variant	NM_000051.4(ATM):c.2251-2A>G	472	ATM	Pathogenic/Likely pathogenic	GRCh38	1323665
single nucleotide variant	NM_000051.4(ATM):c.8592C>G (p.Tyr2864Ter)	472	ATM	Pathogenic	GRCh38	1331958
single nucleotide variant	NM_000051.4(ATM):c.6187G>T (p.Gly2063Ter)	472	ATM	Pathogenic	GRCh38	1332009
single nucleotide variant	NM_000051.4(ATM):c.3662G>A (p.Trp1221Ter)	472	ATM	Pathogenic/Likely pathogenic	GRCh38	1332151
single nucleotide variant	NM_000051.4(ATM):c.9040C>T (p.Gln3014Ter)	472	ATM	Pathogenic/Likely pathogenic	GRCh38	1332470
single nucleotide variant	NM_000051.4(ATM):c.5178-2A>G	472	ATM	Pathogenic/Likely pathogenic	GRCh38	1339191
single nucleotide variant	NM_000051.4(ATM):c.6872G>A (p.Trp2291Ter)	472	ATM	Pathogenic/Likely pathogenic	GRCh38	1339766
single nucleotide variant	NM_000051.4(ATM):c.845T>G (p.Leu282Ter)	472	ATM	Likely pathogenic	GRCh38	1343500
single nucleotide variant	NM_000051.4(ATM):c.1608-2A>C	472	ATM	Likely pathogenic	GRCh38	1504219
single nucleotide variant	NM_000051.4(ATM):c.7915A>T (p.Lys2639Ter)	472	ATM	Pathogenic	GRCh38	1421780
single nucleotide variant	NM_000051.4(ATM):c.8080G>T (p.Gly2694Ter)	472	ATM	Pathogenic	GRCh38	1368500
single nucleotide variant	NM_000051.4(ATM):c.8686C>T (p.Gln2896Ter)	472	ATM	Pathogenic	GRCh38	1354222
single nucleotide variant	NM_000051.4(ATM):c.8556T>A (p.Tyr2852Ter)	472	ATM	Pathogenic	GRCh38	1354420
single nucleotide variant	NM_000051.4(ATM):c.3153+2T>C	472	ATM	Likely pathogenic	GRCh38	1518811
single nucleotide variant	NM_000051.4(ATM):c.2377-2A>T	472	ATM	Likely pathogenic	GRCh38	1523338
single nucleotide variant	NM_000051.4(ATM):c.6975+1G>A	472	ATM	Likely pathogenic	GRCh38	1465621
single nucleotide variant	NM_000051.4(ATM):c.8914C>T (p.Gln2972Ter)	472	ATM	Pathogenic	GRCh38	1438280
single nucleotide variant	NM_000051.4(ATM):c.3448A>T (p.Arg1150Ter)	472	ATM	Pathogenic	GRCh38	1386175
single nucleotide variant	NM_000051.4(ATM):c.72+1G>T	472	ATM	Pathogenic	GRCh38	1452631
single nucleotide variant	NM_000051.4(ATM):c.1882C>T (p.Gln628Ter)	472	ATM	Pathogenic/Likely pathogenic	GRCh38	1454260
single nucleotide variant	NM_000051.4(ATM):c.2839-1G>A	472	ATM	Pathogenic/Likely pathogenic	GRCh38	1469238
single nucleotide variant	NM_000051.4(ATM):c.8564G>T (p.Ser2855Ile)	472	ATM	Likely pathogenic	GRCh38	1469285
single nucleotide variant	NM_000051.4(ATM):c.7963A>T (p.Lys2655Ter)	472	ATM	Pathogenic	GRCh38	1362644
single nucleotide variant	NM_000051.4(ATM):c.6198+2T>G	472	ATM	Pathogenic	GRCh38	1390203
single nucleotide variant	NM_000051.4(ATM):c.4603C>T (p.Gln1535Ter)	472	ATM	Pathogenic	GRCh38	1362232
single nucleotide variant	NM_000051.4(ATM):c.6976-2A>T	472	ATM	Pathogenic	GRCh38	1483563
single nucleotide variant	NM_000051.4(ATM):c.5763-1G>A	472	ATM	Pathogenic	GRCh38	1472071
single nucleotide variant	NM_000051.4(ATM):c.5320-2A>C	472	ATM	Likely pathogenic	GRCh38	1501546
single nucleotide variant	NM_000051.4(ATM):c.6573-2A>C	472	ATM	Likely pathogenic	GRCh38	1501692
single nucleotide variant	NM_000051.4(ATM):c.1065+1G>A	472	ATM	Pathogenic	GRCh38	1475185
single nucleotide variant	NM_000051.4(ATM):c.8485C>T (p.Pro2829Ser)	472	ATM	Likely pathogenic	GRCh38	1486916
single nucleotide variant	NM_000051.4(ATM):c.5716C>T (p.Gln1906Ter)	472	ATM	Pathogenic/Likely pathogenic	GRCh38	1352830
single nucleotide variant	NM_000051.4(ATM):c.3682G>T (p.Glu1228Ter)	472	ATM	Pathogenic/Likely pathogenic	GRCh38	1448774
single nucleotide variant	NM_000051.4(ATM):c.2125-1G>T	472	ATM	Likely pathogenic	GRCh38	2679704
single nucleotide variant	NM_000051.4(ATM):c.6007-2A>G	472	ATM	Likely pathogenic	GRCh38	1479147
single nucleotide variant	NM_000051.4(ATM):c.2838+1G>A	472	ATM	Pathogenic/Likely pathogenic	GRCh38	1506993
single nucleotide variant	NM_000051.4(ATM):c.8987+1G>A	472	ATM	Pathogenic/Likely pathogenic	GRCh38	1453180
single nucleotide variant	NM_000051.4(ATM):c.196A>T (p.Lys66Ter)	472	ATM	Pathogenic	GRCh38	1453482
single nucleotide variant	NM_000051.4(ATM):c.610G>T (p.Gly204Ter)	472	ATM	Pathogenic	GRCh38	1453038
single nucleotide variant	NM_000051.4(ATM):c.6126G>A (p.Trp2042Ter)	472	ATM	Pathogenic	GRCh38	1426955
single nucleotide variant	NM_000051.4(ATM):c.7195C>T (p.Gln2399Ter)	472	ATM	Pathogenic	GRCh38	1427072
single nucleotide variant	NM_000051.4(ATM):c.6380C>G (p.Ser2127Ter)	472	ATM	Pathogenic	GRCh38	1454571
single nucleotide variant	NM_000051.4(ATM):c.4343T>A (p.Leu1448Ter)	472	ATM	Pathogenic	GRCh38	1454748
single nucleotide variant	NM_000051.4(ATM):c.8269-2A>T	472	ATM	Pathogenic/Likely pathogenic	GRCh38	1454796
single nucleotide variant	NM_000051.4(ATM):c.1235G>C (p.Trp412Ser)	472	ATM	Likely pathogenic	GRCh38	1507188
single nucleotide variant	NM_000051.4(ATM):c.8170C>T (p.Gln2724Ter)	472	ATM	Pathogenic/Likely pathogenic	GRCh38	1399055
single nucleotide variant	NM_000051.4(ATM):c.8451T>G (p.Tyr2817Ter)	472	ATM	Pathogenic/Likely pathogenic	GRCh38	1453679
single nucleotide variant	NM_000051.4(ATM):c.8418G>T (p.Met2806Ile)	472	ATM	Pathogenic/Likely pathogenic	GRCh38	1481088
single nucleotide variant	NM_000051.4(ATM):c.6007-1G>A	472	ATM	Likely pathogenic	GRCh38	1508941
single nucleotide variant	NM_000051.4(ATM):c.3550G>T (p.Gly1184Ter)	472	ATM	Pathogenic	GRCh38	1456644
single nucleotide variant	NM_000051.4(ATM):c.1280T>A (p.Leu427Ter)	472	ATM	Pathogenic	GRCh38	1456737
single nucleotide variant	NM_000051.4(ATM):c.8011-2A>G	472	ATM	Pathogenic/Likely pathogenic	GRCh38	1456820
single nucleotide variant	NM_000051.4(ATM):c.5319+2T>G	472	ATM	Likely pathogenic	GRCh38	1346498
single nucleotide variant	NM_000051.4(ATM):c.2062G>T (p.Glu688Ter)	472	ATM	Pathogenic/Likely pathogenic	GRCh38	1428919
single nucleotide variant	NM_000051.4(ATM):c.4587T>A (p.Tyr1529Ter)	472	ATM	Pathogenic	GRCh38	1456143
single nucleotide variant	NM_000051.4(ATM):c.8973C>A (p.Cys2991Ter)	472	ATM	Pathogenic	GRCh38	1456170
single nucleotide variant	NM_000051.4(ATM):c.1724C>A (p.Ser575Ter)	472	ATM	Pathogenic	GRCh38	1456339
single nucleotide variant	NM_000051.4(ATM):c.4110-2A>G	472	ATM	Pathogenic/Likely pathogenic	GRCh38	1456468
single nucleotide variant	NM_000051.4(ATM):c.4109+1G>A	472	ATM	Likely pathogenic	GRCh38	1511460
single nucleotide variant	NM_000051.4(ATM):c.8499C>G (p.Tyr2833Ter)	472	ATM	Pathogenic	GRCh38	1440547
single nucleotide variant	NM_000051.4(ATM):c.7788+1G>C	472	ATM	Pathogenic/Likely pathogenic	GRCh38	1467603
single nucleotide variant	NM_000051.4(ATM):c.8268+1G>C	472	ATM	Likely pathogenic	GRCh38	1524617
single nucleotide variant	NM_000051.4(ATM):c.2086G>T (p.Gly696Ter)	472	ATM	Pathogenic	GRCh38	1455240
single nucleotide variant	NM_000051.4(ATM):c.8265T>A (p.Tyr2755Ter)	472	ATM	Pathogenic	GRCh38	1455284
single nucleotide variant	NM_000051.4(ATM):c.3154-2A>T	472	ATM	Pathogenic	GRCh38	1455646
single nucleotide variant	NM_000051.4(ATM):c.2510C>G (p.Ser837Ter)	472	ATM	Pathogenic/Likely pathogenic	GRCh38	1375138
single nucleotide variant	NM_000051.4(ATM):c.6937A>T (p.Lys2313Ter)	472	ATM	Pathogenic	GRCh38	1376441
single nucleotide variant	NM_000051.4(ATM):c.6769G>T (p.Glu2257Ter)	472	ATM	Pathogenic	GRCh38	1431206
single nucleotide variant	NM_000051.4(ATM):c.2093C>G (p.Ser698Ter)	472	ATM	Pathogenic	GRCh38	1458537
single nucleotide variant	NM_000051.4(ATM):c.492G>A (p.Trp164Ter)	472	ATM	Pathogenic	GRCh38	1403292
single nucleotide variant	NM_000051.4(ATM):c.2839-2A>T	472	ATM	Pathogenic	GRCh38	1430486
single nucleotide variant	NM_000051.4(ATM):c.2921+2T>G	472	ATM	Pathogenic	GRCh38	1456995
single nucleotide variant	NM_000051.4(ATM):c.7495G>T (p.Glu2499Ter)	472	ATM	Pathogenic	GRCh38	1457304
single nucleotide variant	NM_000051.4(ATM):c.6575C>G (p.Ser2192Ter)	472	ATM	Pathogenic	GRCh38	1457306
single nucleotide variant	NM_000051.4(ATM):c.7089+1G>C	472	ATM	Likely pathogenic	GRCh38	1484909
single nucleotide variant	NM_000051.4(ATM):c.3174G>A (p.Trp1058Ter)	472	ATM	Pathogenic	GRCh38	1459473
single nucleotide variant	NM_000051.4(ATM):c.2376+2T>C	472	ATM	Likely pathogenic	GRCh38	1487338
single nucleotide variant	NM_000051.4(ATM):c.5532C>G (p.Tyr1844Ter)	472	ATM	Pathogenic	GRCh38	1445608
single nucleotide variant	NM_000051.4(ATM):c.7448G>A (p.Trp2483Ter)	472	ATM	Pathogenic	GRCh38	1445736
single nucleotide variant	NM_000051.4(ATM):c.7606G>T (p.Gly2536Ter)	472	ATM	Pathogenic	GRCh38	1458887
single nucleotide variant	NM_000051.4(ATM):c.6125G>A (p.Trp2042Ter)	472	ATM	Pathogenic	GRCh38	1378485
single nucleotide variant	NM_000051.4(ATM):c.7002C>G (p.Tyr2334Ter)	472	ATM	Pathogenic	GRCh38	1432932
single nucleotide variant	NM_000051.4(ATM):c.5799G>A (p.Trp1933Ter)	472	ATM	Pathogenic	GRCh38	1433261
single nucleotide variant	NM_000051.4(ATM):c.2839-2A>C	472	ATM	Pathogenic	GRCh38	1489642
single nucleotide variant	NM_000051.4(ATM):c.3078-2A>C	472	ATM	Pathogenic/Likely pathogenic	GRCh38	1381412
single nucleotide variant	NM_000051.4(ATM):c.7997C>T (p.Thr2666Ile)	472	ATM	Likely pathogenic	GRCh38	1472922
single nucleotide variant	NM_000051.4(ATM):c.1235+2T>C	472	ATM	Likely pathogenic	GRCh38	1473119
single nucleotide variant	NM_000051.4(ATM):c.1236-1G>C	472	ATM	Pathogenic/Likely pathogenic	GRCh38	1365055
single nucleotide variant	NM_000051.4(ATM):c.6273G>A (p.Trp2091Ter)	472	ATM	Pathogenic	GRCh38	1460438
single nucleotide variant	NM_000051.4(ATM):c.6573-12C>A	472	ATM	Likely pathogenic	GRCh38	1515376
single nucleotide variant	NM_000051.4(ATM):c.5574G>A (p.Trp1858Ter)	472	ATM	Pathogenic	GRCh38	1380184
single nucleotide variant	NM_000051.4(ATM):c.2329A>T (p.Arg777Ter)	472	ATM	Pathogenic	GRCh38	1383169
single nucleotide variant	NM_000051.4(ATM):c.8152-1G>C	472	ATM	Pathogenic/Likely pathogenic	GRCh38	1465214
single nucleotide variant	NM_000051.4(ATM):c.8584+16A>G	472	ATM	Pathogenic/Likely pathogenic	GRCh38	1574732
single nucleotide variant	NM_000051.4(ATM):c.2921+3A>T	472	ATM	Likely pathogenic	GRCh38	1678153
single nucleotide variant	NM_000051.4(ATM):c.5212A>T (p.Lys1738Ter)	472	ATM	Pathogenic	GRCh38	1678889
single nucleotide variant	NM_000051.4(ATM):c.2638+2T>G	472	ATM	Pathogenic/Likely pathogenic	GRCh38	1679089
single nucleotide variant	NM_000051.4(ATM):c.1444A>T (p.Lys482Ter)	472	ATM	Likely pathogenic, low penetrance	GRCh38	1679816
single nucleotide variant	NM_000051.4(ATM):c.331+2T>C	472	ATM	Likely pathogenic	GRCh38	1683256
single nucleotide variant	NM_000051.4(ATM):c.1520T>A (p.Leu507Ter)	472	ATM	Pathogenic	GRCh38	1685552
single nucleotide variant	NM_000051.4(ATM):c.3346C>T (p.Gln1116Ter)	472	ATM	Pathogenic	GRCh38	1685553
single nucleotide variant	NM_000051.4(ATM):c.7166C>A (p.Ser2389Ter)	472	ATM	Pathogenic	GRCh38	1685554
single nucleotide variant	NM_000051.4(ATM):c.8923G>T (p.Glu2975Ter)	472	ATM	Pathogenic	GRCh38	1685556
single nucleotide variant	NM_000051.4(ATM):c.1608-2A>G	472	ATM	Pathogenic/Likely pathogenic	GRCh38	1692476
single nucleotide variant	NM_000051.4(ATM):c.8584+1G>C	472	ATM	Likely pathogenic	GRCh38	1696822
single nucleotide variant	NM_000051.4(ATM):c.201T>G (p.Tyr67Ter)	472	ATM	Likely pathogenic	GRCh38	1696824
single nucleotide variant	NM_000051.4(ATM):c.4236+2T>C	472	ATM	Pathogenic/Likely pathogenic	GRCh38	1709343
single nucleotide variant	NM_000051.4(ATM):c.895G>T (p.Glu299Ter)	472	ATM	Likely pathogenic	GRCh38	1709708
single nucleotide variant	NM_000051.4(ATM):c.6372C>G (p.Tyr2124Ter)	472	ATM	Pathogenic	GRCh38	1713223
single nucleotide variant	NM_000051.4(ATM):c.8968G>T (p.Glu2990Ter)	472	ATM	Pathogenic	GRCh38	1713238
single nucleotide variant	NM_000051.4(ATM):c.3078-2A>G	472	ATM	Pathogenic/Likely pathogenic	GRCh38	1727323
single nucleotide variant	NM_000051.4(ATM):c.321T>A (p.Cys107Ter)	472	ATM	Pathogenic	GRCh38	1729066
single nucleotide variant	NM_000051.4(ATM):c.3716T>G (p.Leu1239Ter)	472	ATM	Pathogenic	GRCh38	1734243
single nucleotide variant	NM_000051.4(ATM):c.4236+4A>G	472	ATM	Likely pathogenic	GRCh38	1738940
single nucleotide variant	NM_000051.4(ATM):c.332-1G>C	472	ATM	Likely pathogenic	GRCh38	1730208
single nucleotide variant	NM_000051.4(ATM):c.3826C>T (p.Gln1276Ter)	472	ATM	Pathogenic	GRCh38	1735304
single nucleotide variant	NM_000051.4(ATM):c.4057G>T (p.Glu1353Ter)	472	ATM	Pathogenic	GRCh38	1737423
single nucleotide variant	NM_000051.4(ATM):c.3169A>T (p.Lys1057Ter)	472	ATM	Pathogenic	GRCh38	1728394
single nucleotide variant	NM_000051.4(ATM):c.3617T>A (p.Leu1206Ter)	472	ATM	Pathogenic/Likely pathogenic	GRCh38	1733279
single nucleotide variant	NM_000051.4(ATM):c.3993+2T>A	472	ATM	Likely pathogenic	GRCh38	1736782
single nucleotide variant	NM_000051.4(ATM):c.3577-1G>A	472	ATM	Likely pathogenic	GRCh38	1732833
single nucleotide variant	NM_000051.4(ATM):c.3577-1G>T	472	ATM	Likely pathogenic	GRCh38	1732834
single nucleotide variant	NM_000051.4(ATM):c.3745A>T (p.Arg1249Ter)	472	ATM	Pathogenic	GRCh38	1734502
single nucleotide variant	NM_000051.4(ATM):c.3747-1G>T	472	ATM	Pathogenic/Likely pathogenic	GRCh38	1734510
single nucleotide variant	NM_000051.4(ATM):c.4159A>T (p.Lys1387Ter)	472	ATM	Pathogenic/Likely pathogenic	GRCh38	1738314
single nucleotide variant	NM_000051.4(ATM):c.5177+2T>C	472	ATM	Likely pathogenic	GRCh38	1745825
single nucleotide variant	NM_000051.4(ATM):c.1201C>T (p.Gln401Ter)	472	ATM	Pathogenic/Likely pathogenic	GRCh38	1747668
single nucleotide variant	NM_000051.4(ATM):c.5761A>T (p.Arg1921Ter)	472	ATM	Pathogenic	GRCh38	1749488
single nucleotide variant	NM_000051.4(ATM):c.6348-2A>C	472	ATM	Likely pathogenic	GRCh38	1752978
single nucleotide variant	NM_000051.4(ATM):c.4897A>T (p.Arg1633Ter)	472	ATM	Pathogenic	GRCh38	1743881
single nucleotide variant	NM_000051.4(ATM):c.6573-1G>T	472	ATM	Likely pathogenic	GRCh38	1754255
single nucleotide variant	NM_000051.4(ATM):c.5309C>T (p.Ser1770Leu)	472	ATM	Likely pathogenic	GRCh38	1746740
single nucleotide variant	NM_000051.4(ATM):c.5871T>G (p.Tyr1957Ter)	472	ATM	Pathogenic	GRCh38	1750203
single nucleotide variant	NM_000051.4(ATM):c.5875G>T (p.Glu1959Ter)	472	ATM	Pathogenic	GRCh38	1750217
single nucleotide variant	NM_000051.4(ATM):c.6173C>G (p.Ser2058Ter)	472	ATM	Pathogenic/Likely pathogenic	GRCh38	1752015
single nucleotide variant	NM_000051.4(ATM):c.6451A>C (p.Arg2151=)	472	ATM	Likely pathogenic	GRCh38	1753608
single nucleotide variant	NM_000051.4(ATM):c.6460G>T (p.Glu2154Ter)	472	ATM	Pathogenic	GRCh38	1753659
single nucleotide variant	NM_000051.4(ATM):c.4498C>T (p.Gln1500Ter)	472	ATM	Pathogenic	GRCh38	1741003
single nucleotide variant	NM_000051.4(ATM):c.4776+1G>A	472	ATM	Pathogenic	GRCh38	1742995
single nucleotide variant	NM_000051.4(ATM):c.496+286A>G	472	ATM	Likely pathogenic	GRCh38	1744407
single nucleotide variant	NM_000051.4(ATM):c.496+334A>G	472	ATM	Likely pathogenic	GRCh38	1744409
single nucleotide variant	NM_000051.4(ATM):c.525T>A (p.Tyr175Ter)	472	ATM	Pathogenic	GRCh38	1746432
single nucleotide variant	NM_000051.4(ATM):c.5496+645T>G	472	ATM	Pathogenic/Likely pathogenic	GRCh38	1747874
single nucleotide variant	NM_000051.4(ATM):c.5773G>T (p.Gly1925Ter)	472	ATM	Pathogenic	GRCh38	1749565
single nucleotide variant	NM_000051.4(ATM):c.6372C>A (p.Tyr2124Ter)	472	ATM	Pathogenic	GRCh38	1753127
single nucleotide variant	NM_000051.4(ATM):c.6387C>A (p.Tyr2129Ter)	472	ATM	Pathogenic	GRCh38	1753199
single nucleotide variant	NM_000051.4(ATM):c.6589C>T (p.Gln2197Ter)	472	ATM	Pathogenic	GRCh38	1754336
single nucleotide variant	NM_000051.4(ATM):c.661A>T (p.Arg221Ter)	472	ATM	Likely pathogenic	GRCh38	1754508
single nucleotide variant	NM_000051.4(ATM):c.7629+1G>T	472	ATM	Likely pathogenic	GRCh38	1759864
single nucleotide variant	NM_000051.4(ATM):c.7978G>T (p.Glu2660Ter)	472	ATM	Pathogenic	GRCh38	1761440
single nucleotide variant	NM_000051.4(ATM):c.8350G>T (p.Glu2784Ter)	472	ATM	Pathogenic	GRCh38	1763056
single nucleotide variant	NM_000051.4(ATM):c.8787-1G>A	472	ATM	Pathogenic/Likely pathogenic	GRCh38	1764649
single nucleotide variant	NM_000051.4(ATM):c.8794G>T (p.Glu2932Ter)	472	ATM	Pathogenic	GRCh38	1764670
single nucleotide variant	NM_000051.4(ATM):c.8850+1G>T	472	ATM	Pathogenic/Likely pathogenic	GRCh38	1764882
single nucleotide variant	NM_000051.4(ATM):c.919A>T (p.Lys307Ter)	472	ATM	Pathogenic	GRCh38	1766137
single nucleotide variant	NM_000051.4(ATM):c.6829C>T (p.Gln2277Ter)	472	ATM	Pathogenic	GRCh38	1755668
single nucleotide variant	NM_000051.4(ATM):c.7212C>A (p.Tyr2404Ter)	472	ATM	Pathogenic	GRCh38	1757737
single nucleotide variant	NM_000051.4(ATM):c.7515+1G>C	472	ATM	Likely pathogenic	GRCh38	1759293
single nucleotide variant	NM_000051.4(ATM):c.7516-1G>C	472	ATM	Likely pathogenic	GRCh38	1759298
single nucleotide variant	NM_000051.4(ATM):c.7516-2A>G	472	ATM	Likely pathogenic	GRCh38	1759299
single nucleotide variant	NM_000051.4(ATM):c.8269-2A>G	472	ATM	Likely pathogenic	GRCh38	1762687
single nucleotide variant	NM_000051.4(ATM):c.8683G>T (p.Glu2895Ter)	472	ATM	Pathogenic	GRCh38	1764293
single nucleotide variant	NM_000051.4(ATM):c.914C>G (p.Ser305Ter)	472	ATM	Pathogenic	GRCh38	1765961
single nucleotide variant	NM_000051.4(ATM):c.6796A>T (p.Lys2266Ter)	472	ATM	Pathogenic	GRCh38	1755472
single nucleotide variant	NM_000051.4(ATM):c.7072C>T (p.Gln2358Ter)	472	ATM	Pathogenic	GRCh38	1757014
single nucleotide variant	NM_000051.4(ATM):c.7089G>C (p.Lys2363Asn)	472	ATM	Likely pathogenic	GRCh38	1757070
single nucleotide variant	NM_000051.4(ATM):c.7410T>A (p.Tyr2470Ter)	472	ATM	Pathogenic	GRCh38	1758793
single nucleotide variant	NM_000051.4(ATM):c.7011T>A (p.Cys2337Ter)	472	ATM	Pathogenic	GRCh38	1756690
single nucleotide variant	NM_000051.4(ATM):c.7336G>T (p.Glu2446Ter)	472	ATM	Pathogenic	GRCh38	1758396
single nucleotide variant	NM_000051.4(ATM):c.7349T>A (p.Leu2450Ter)	472	ATM	Pathogenic	GRCh38	1758435
single nucleotide variant	NM_000051.4(ATM):c.7630-1G>C	472	ATM	Pathogenic	GRCh38	1759901
single nucleotide variant	NM_000051.4(ATM):c.7646C>A (p.Ser2549Ter)	472	ATM	Pathogenic	GRCh38	1759957
single nucleotide variant	NM_000051.4(ATM):c.8010+2T>G	472	ATM	Pathogenic/Likely pathogenic	GRCh38	1761648
single nucleotide variant	NM_000051.4(ATM):c.8010G>C (p.Lys2670Asn)	472	ATM	Likely pathogenic	GRCh38	1761651
single nucleotide variant	NM_000051.4(ATM):c.1001C>G (p.Ser334Ter)	472	ATM	Pathogenic	GRCh38	1769019
single nucleotide variant	NM_000051.4(ATM):c.1672G>T (p.Gly558Ter)	472	ATM	Pathogenic	GRCh38	1777731
single nucleotide variant	NM_000051.4(ATM):c.1039G>T (p.Glu347Ter)	472	ATM	Pathogenic	GRCh38	1773580
single nucleotide variant	NM_000051.4(ATM):c.171G>A (p.Trp57Ter)	472	ATM	Pathogenic	GRCh38	1778725
single nucleotide variant	NM_000051.4(ATM):c.1736G>A (p.Trp579Ter)	472	ATM	Pathogenic	GRCh38	1779085
single nucleotide variant	NM_000051.4(ATM):c.1803-1G>A	472	ATM	Likely pathogenic	GRCh38	1780434
single nucleotide variant	NM_000051.4(ATM):c.1027G>T (p.Glu343Ter)	472	ATM	Pathogenic	GRCh38	1769978
single nucleotide variant	NM_000051.4(ATM):c.1894G>T (p.Glu632Ter)	472	ATM	Pathogenic	GRCh38	1782127
single nucleotide variant	NM_000051.4(ATM):c.1381G>T (p.Glu461Ter)	472	ATM	Pathogenic	GRCh38	1771304
single nucleotide variant	NM_000051.4(ATM):c.1066-2A>G	472	ATM	Pathogenic/Likely pathogenic	GRCh38	1781706
single nucleotide variant	NM_000051.4(ATM):c.1899-20A>C	472	ATM	Likely pathogenic	GRCh38	1782212
single nucleotide variant	NM_000051.4(ATM):c.2251-2A>C	472	ATM	Likely pathogenic	GRCh38	1788430
single nucleotide variant	NM_000051.4(ATM):c.2260C>T (p.Gln754Ter)	472	ATM	Pathogenic	GRCh38	1788627
single nucleotide variant	NM_000051.4(ATM):c.211G>T (p.Glu71Ter)	472	ATM	Pathogenic	GRCh38	1786233
single nucleotide variant	NM_000051.4(ATM):c.2125-2A>G	472	ATM	Likely pathogenic	GRCh38	1786304
single nucleotide variant	NM_000051.4(ATM):c.2230G>T (p.Glu744Ter)	472	ATM	Pathogenic/Likely pathogenic	GRCh38	1788110
single nucleotide variant	NM_000051.4(ATM):c.2715T>A (p.Cys905Ter)	472	ATM	Pathogenic	GRCh38	1795109
single nucleotide variant	NM_000051.4(ATM):c.2426C>G (p.Ser809Ter)	472	ATM	Pathogenic/Likely pathogenic	GRCh38	1791095
single nucleotide variant	NM_000051.4(ATM):c.2428A>T (p.Lys810Ter)	472	ATM	Pathogenic	GRCh38	1791112
single nucleotide variant	NM_000051.4(ATM):c.2869G>T (p.Glu957Ter)	472	ATM	Pathogenic	GRCh38	1797026
single nucleotide variant	NM_000051.4(ATM):c.6807+1G>C	472	ATM	Pathogenic/Likely pathogenic	GRCh38	1800771
single nucleotide variant	NM_000051.4(ATM):c.550A>T (p.Arg184Ter)	472	ATM	Pathogenic	GRCh38	1801530
single nucleotide variant	NM_000051.4(ATM):c.2187C>G (p.Tyr729Ter)	472	ATM	Pathogenic	GRCh38	1801531
single nucleotide variant	NM_000051.4(ATM):c.2530G>T (p.Gly844Ter)	472	ATM	Pathogenic	GRCh38	1801532
single nucleotide variant	NM_000051.4(ATM):c.3394A>T (p.Arg1132Ter)	472	ATM	Pathogenic	GRCh38	1801533
single nucleotide variant	NM_000051.4(ATM):c.4772T>A (p.Leu1591Ter)	472	ATM	Pathogenic	GRCh38	1801534
single nucleotide variant	NM_000051.4(ATM):c.5125C>T (p.Gln1709Ter)	472	ATM	Pathogenic	GRCh38	1801535
single nucleotide variant	NM_000051.4(ATM):c.5170G>T (p.Glu1724Ter)	472	ATM	Pathogenic	GRCh38	1801536
single nucleotide variant	NM_000051.4(ATM):c.5918+2T>A	472	ATM	Likely pathogenic	GRCh38	1801537
single nucleotide variant	NM_000051.4(ATM):c.7181C>A (p.Ser2394Ter)	472	ATM	Pathogenic	GRCh38	1801538
single nucleotide variant	NM_000051.4(ATM):c.1899-2A>C	472	ATM	Pathogenic/Likely pathogenic	GRCh38	1801553
single nucleotide variant	NM_000051.4(ATM):c.4228A>T (p.Lys1410Ter)	472	ATM	Pathogenic	GRCh38	1801565
single nucleotide variant	NM_000051.4(ATM):c.5674+1G>A	472	ATM	Likely pathogenic	GRCh38	1801587
single nucleotide variant	NM_000051.4(ATM):c.8151+1G>T	472	ATM	Likely pathogenic	GRCh38	1801719
single nucleotide variant	NM_000051.4(ATM):c.2007T>A (p.Cys669Ter)	472	ATM	Likely pathogenic	GRCh38	1803769
single nucleotide variant	NM_000051.4(ATM):c.1803-270T>G	472	ATM	Pathogenic	GRCh38	1803778
single nucleotide variant	NM_000051.4(ATM):c.4777-2A>C	472	ATM	Pathogenic	GRCh38	1804525
single nucleotide variant	NM_000051.4(ATM):c.4858C>T (p.Gln1620Ter)	472	ATM	Pathogenic	GRCh38	2137241
single nucleotide variant	NM_000051.4(ATM):c.8269-1G>A	472	ATM	Pathogenic/Likely pathogenic	GRCh38	2137244
single nucleotide variant	NM_000051.4(ATM):c.8671+1G>A	472	ATM	Pathogenic/Likely pathogenic	GRCh38	2193209
single nucleotide variant	NM_000051.4(ATM):c.1572G>A (p.Trp524Ter)	472	ATM	Pathogenic	GRCh38	2418981
single nucleotide variant	NM_000051.4(ATM):c.7926A>T (p.Arg2642Ser)	472	ATM	Likely pathogenic	GRCh38	1929577
single nucleotide variant	NM_000051.4(ATM):c.3470T>A (p.Leu1157Ter)	472	ATM	Pathogenic	GRCh38	1942641
single nucleotide variant	NM_000051.4(ATM):c.497-2A>G	472	ATM	Likely pathogenic	GRCh38	1938925
single nucleotide variant	NM_000051.4(ATM):c.36C>A (p.Cys12Ter)	472	ATM	Pathogenic	GRCh38	1954708
single nucleotide variant	NM_000051.4(ATM):c.40C>T (p.Gln14Ter)	472	ATM	Pathogenic	GRCh38	2001885
single nucleotide variant	NM_000051.4(ATM):c.5710A>T (p.Lys1904Ter)	472	ATM	Pathogenic	GRCh38	2003302
single nucleotide variant	NM_000051.4(ATM):c.72G>C (p.Lys24Asn)	472	ATM	Pathogenic	GRCh38	1999621
single nucleotide variant	NM_000051.4(ATM):c.6808-2A>G	472	ATM	Likely pathogenic	GRCh38	2004658
single nucleotide variant	NM_000051.4(ATM):c.4775A>T (p.Glu1592Val)	472	ATM	Pathogenic	GRCh38	1999188
single nucleotide variant	NM_000051.4(ATM):c.622A>T (p.Lys208Ter)	472	ATM	Pathogenic	GRCh38	2010478
single nucleotide variant	NM_000051.4(ATM):c.1608T>A (p.Cys536Ter)	472	ATM	Pathogenic	GRCh38	2017441
single nucleotide variant	NM_000051.4(ATM):c.2950C>T (p.Gln984Ter)	472	ATM	Pathogenic	GRCh38	2008696
single nucleotide variant	NM_000051.4(ATM):c.4918C>T (p.Gln1640Ter)	472	ATM	Pathogenic	GRCh38	2009789
single nucleotide variant	NM_000051.4(ATM):c.8584+2T>A	472	ATM	Pathogenic/Likely pathogenic	GRCh38	2016870
single nucleotide variant	NM_000051.4(ATM):c.6006+1G>T	472	ATM	Pathogenic/Likely pathogenic	GRCh38	2029577
single nucleotide variant	NM_000051.4(ATM):c.5314A>T (p.Lys1772Ter)	472	ATM	Pathogenic	GRCh38	2020222
single nucleotide variant	NM_000051.4(ATM):c.7113T>A (p.Tyr2371Ter)	472	ATM	Pathogenic	GRCh38	2021675
single nucleotide variant	NM_000051.4(ATM):c.2466+2T>C	472	ATM	Likely pathogenic	GRCh38	2028063
single nucleotide variant	NM_000051.4(ATM):c.1235+1G>C	472	ATM	Likely pathogenic	GRCh38	2028079
single nucleotide variant	NM_000051.4(ATM):c.3173G>A (p.Trp1058Ter)	472	ATM	Pathogenic	GRCh38	2039938
single nucleotide variant	NM_000051.4(ATM):c.491G>A (p.Trp164Ter)	472	ATM	Pathogenic	GRCh38	2045166
single nucleotide variant	NM_000051.4(ATM):c.1552G>T (p.Glu518Ter)	472	ATM	Pathogenic	GRCh38	2036082
single nucleotide variant	NM_000051.4(ATM):c.7927+2T>C	472	ATM	Pathogenic/Likely pathogenic	GRCh38	2033789
single nucleotide variant	NM_000051.4(ATM):c.4236+1G>A	472	ATM	Pathogenic/Likely pathogenic	GRCh38	2033903
single nucleotide variant	NM_000051.4(ATM):c.6380C>A (p.Ser2127Ter)	472	ATM	Pathogenic	GRCh38	2033379
single nucleotide variant	NM_000051.4(ATM):c.73-1G>C	472	ATM	Pathogenic	GRCh38	2040075
single nucleotide variant	NM_000051.4(ATM):c.757G>T (p.Glu253Ter)	472	ATM	Pathogenic	GRCh38	2054460
single nucleotide variant	NM_000051.4(ATM):c.4490T>G (p.Leu1497Ter)	472	ATM	Pathogenic/Likely pathogenic	GRCh38	2056154
single nucleotide variant	NM_000051.4(ATM):c.1426C>T (p.Gln476Ter)	472	ATM	Pathogenic	GRCh38	2073039
single nucleotide variant	NM_000051.4(ATM):c.7308-15A>G	472	ATM	Likely pathogenic	GRCh38	2078215
single nucleotide variant	NM_000051.4(ATM):c.8294G>C (p.Gly2765Ala)	472	ATM	Likely pathogenic	GRCh38	2082903
single nucleotide variant	NM_000051.4(ATM):c.5496+2T>A	472	ATM	Likely pathogenic	GRCh38	2108421
single nucleotide variant	NM_000051.4(ATM):c.8592C>A (p.Tyr2864Ter)	472	ATM	Pathogenic	GRCh38	2115090
single nucleotide variant	NM_000051.4(ATM):c.4236+1G>C	472	ATM	Likely pathogenic	GRCh38	2108805
single nucleotide variant	NM_000051.4(ATM):c.2376+2T>G	472	ATM	Likely pathogenic	GRCh38	2123452
single nucleotide variant	NM_000051.4(ATM):c.6907A>T (p.Lys2303Ter)	472	ATM	Pathogenic	GRCh38	2116351
single nucleotide variant	NM_000051.4(ATM):c.662+2T>C	472	ATM	Likely pathogenic	GRCh38	2117672
single nucleotide variant	NM_000051.4(ATM):c.7688T>A (p.Leu2563Ter)	472	ATM	Pathogenic	GRCh38	2122901
single nucleotide variant	NM_000051.4(ATM):c.6096-2A>C	472	ATM	Likely pathogenic	GRCh38	2119238
single nucleotide variant	NM_000051.4(ATM):c.3403-1G>T	472	ATM	Likely pathogenic	GRCh38	2129949
single nucleotide variant	NM_000051.4(ATM):c.1362T>A (p.Tyr454Ter)	472	ATM	Pathogenic	GRCh38	2133239
single nucleotide variant	NM_000051.4(ATM):c.7516-1G>A	472	ATM	Likely pathogenic	GRCh38	2431254
single nucleotide variant	NM_000051.4(ATM):c.331+1G>C	472	ATM	Likely pathogenic	GRCh38	2431258
single nucleotide variant	NM_000051.4(ATM):c.2838+2T>A	472	ATM	Likely pathogenic	GRCh38	2431303
single nucleotide variant	NM_000051.4(ATM):c.5672C>A (p.Ser1891Ter)	472	ATM	Pathogenic	GRCh38	2431304
single nucleotide variant	NM_000051.4(ATM):c.4622T>A (p.Leu1541Ter)	472	ATM	Pathogenic	GRCh38	2431313
single nucleotide variant	NM_000051.4(ATM):c.7261A>C (p.Lys2421Gln)	472	ATM	Likely pathogenic	GRCh38	2445334
single nucleotide variant	NM_000051.4(ATM):c.2125-910T>G	472	ATM	Likely pathogenic	GRCh38	2453924
single nucleotide variant	NM_000051.4(ATM):c.8837T>G (p.Leu2946Ter)	472	ATM	Pathogenic/Likely pathogenic	GRCh38	2453927
single nucleotide variant	NM_000051.4(ATM):c.3093G>T (p.Glu1031Asp)	472	ATM	Likely pathogenic	GRCh38	2453936
single nucleotide variant	NM_000051.4(ATM):c.7212C>G (p.Tyr2404Ter)	472	ATM	Pathogenic	GRCh38	2453938
single nucleotide variant	NM_000051.4(ATM):c.186-1G>T	472	ATM	Likely pathogenic	GRCh38	2453954
single nucleotide variant	NM_000051.4(ATM):c.4776+1G>C	472	ATM	Pathogenic	GRCh38	2453979
single nucleotide variant	NM_000051.4(ATM):c.8419-1G>A	472	ATM	Likely pathogenic	GRCh38	2453995
single nucleotide variant	NM_000051.4(ATM):c.4410T>A (p.Tyr1470Ter)	472	ATM	Likely pathogenic	GRCh38	2503938
single nucleotide variant	NM_000051.4(ATM):c.4864G>T (p.Glu1622Ter)	472	ATM	Pathogenic	GRCh38	2507017
single nucleotide variant	NM_000051.4(ATM):c.8907T>G (p.Tyr2969Ter)	472	ATM	Pathogenic	GRCh38	2507018
single nucleotide variant	NM_000051.4(ATM):c.2639-1G>A	472	ATM	Likely pathogenic	GRCh38	2507020
single nucleotide variant	NM_000051.4(ATM):c.6073A>T (p.Lys2025Ter)	472	ATM	Pathogenic	GRCh38	2568155
single nucleotide variant	NM_000051.4(ATM):c.6478A>T (p.Lys2160Ter)	472	ATM	Pathogenic	GRCh38	2568172
single nucleotide variant	NM_000051.4(ATM):c.8026G>T (p.Glu2676Ter)	472	ATM	Pathogenic	GRCh38	2568180
single nucleotide variant	NM_000051.4(ATM):c.6843C>A (p.Tyr2281Ter)	472	ATM	Pathogenic/Likely pathogenic	GRCh38	2568209
single nucleotide variant	NM_000051.4(ATM):c.9010A>T (p.Lys3004Ter)	472	ATM	Pathogenic	GRCh38	2571591
single nucleotide variant	NM_000051.4(ATM):c.3928C>T (p.Gln1310Ter)	472	ATM	Pathogenic/Likely pathogenic	GRCh38	2573233
single nucleotide variant	NM_000051.4(ATM):c.3994-2A>T	472	ATM	Likely pathogenic	GRCh38	2573274
single nucleotide variant	NM_000051.4(ATM):c.2458A>T (p.Lys820Ter)	472	ATM	Likely pathogenic	GRCh38	2576395
single nucleotide variant	NM_000051.4(ATM):c.3829G>T (p.Glu1277Ter)	472	ATM	Pathogenic	GRCh38	2578310
single nucleotide variant	NM_000051.4(ATM):c.5129G>A (p.Trp1710Ter)	472	ATM	Pathogenic	GRCh38	2582243
single nucleotide variant	NM_000051.4(ATM):c.6899G>A (p.Trp2300Ter)	472	ATM	Pathogenic/Likely pathogenic	GRCh38	2582244
single nucleotide variant	NM_000051.4(ATM):c.8306G>A (p.Trp2769Ter)	472	ATM	Pathogenic	GRCh38	2582245
single nucleotide variant	NM_000051.4(ATM):c.1681C>T (p.Gln561Ter)	472	ATM	Pathogenic	GRCh38	2582284
single nucleotide variant	NM_000051.4(ATM):c.5130G>A (p.Trp1710Ter)	472	ATM	Pathogenic/Likely pathogenic	GRCh38	2582286
single nucleotide variant	NM_000051.4(ATM):c.1607+2T>A	472	ATM	Likely pathogenic	GRCh38	2583329
single nucleotide variant	NM_000051.4(ATM):c.3994-1G>A	472	ATM	Likely pathogenic	GRCh38	2584256
single nucleotide variant	NM_000051.4(ATM):c.3973G>T (p.Glu1325Ter)	472	ATM	Pathogenic/Likely pathogenic	GRCh38	2584504
single nucleotide variant	NM_000051.4(ATM):c.901+2T>G	472	ATM	Pathogenic/Likely pathogenic	GRCh38	2585040
single nucleotide variant	NM_000051.4(ATM):c.8851-2A>T	472	ATM	Likely pathogenic	GRCh38	2587757
single nucleotide variant	NM_000051.4(ATM):c.6733G>T (p.Glu2245Ter)	472	ATM	Pathogenic	GRCh38	2587772
single nucleotide variant	NM_000051.4(ATM):c.3746+3A>T	472	ATM	Likely pathogenic	GRCh38	2587791
single nucleotide variant	NM_000051.4(ATM):c.8008A>T (p.Lys2670Ter)	472	ATM	Pathogenic	GRCh38	2587810
single nucleotide variant	NM_000051.4(ATM):c.7564C>T (p.Gln2522Ter)	472	ATM	Pathogenic	GRCh38	2625009
single nucleotide variant	NM_000051.4(ATM):c.4410T>G (p.Tyr1470Ter)	472	ATM	Pathogenic	GRCh38	2633077
single nucleotide variant	NM_000051.4(ATM):c.6503C>A (p.Ser2168Ter)	472	ATM	Pathogenic	GRCh38	2663382
single nucleotide variant	NM_000051.4(ATM):c.680C>A (p.Ser227Ter)	472	ATM	Likely pathogenic	GRCh38	2679657
single nucleotide variant	NM_000051.4(ATM):c.4777G>T (p.Glu1593Ter)	472	ATM	Pathogenic	GRCh38	2679658
single nucleotide variant	NM_000051.4(ATM):c.3609T>A (p.Tyr1203Ter)	472	ATM	Likely pathogenic	GRCh38	2679660
single nucleotide variant	NM_000051.4(ATM):c.3937G>T (p.Glu1313Ter)	472	ATM	Pathogenic/Likely pathogenic	GRCh38	2679673
single nucleotide variant	NM_000051.4(ATM):c.6130A>T (p.Lys2044Ter)	472	ATM	Pathogenic/Likely pathogenic	GRCh38	2679678
single nucleotide variant	NM_000051.4(ATM):c.3077+1G>C	472	ATM	Pathogenic/Likely pathogenic	GRCh38	2679681
single nucleotide variant	NM_000051.4(ATM):c.3167C>G (p.Ser1056Ter)	472	ATM	Pathogenic/Likely pathogenic	GRCh38	2679701
single nucleotide variant	NM_000051.4(ATM):c.6628C>T (p.Gln2210Ter)	472	ATM	Pathogenic/Likely pathogenic	GRCh38	2679705
single nucleotide variant	NM_000051.4(ATM):c.7914G>A (p.Trp2638Ter)	472	ATM	Likely pathogenic	GRCh38	2679730
single nucleotide variant	NM_000051.4(ATM):c.4106C>G (p.Ser1369Ter)	472	ATM	Pathogenic	GRCh38	2679732
single nucleotide variant	NM_000051.4(ATM):c.6949A>T (p.Lys2317Ter)	472	ATM	Likely pathogenic	GRCh38	2679737
single nucleotide variant	NM_000051.4(ATM):c.121A>T (p.Lys41Ter)	472	ATM	Pathogenic/Likely pathogenic	GRCh38	2679748
single nucleotide variant	NM_000051.4(ATM):c.2066C>G (p.Ser689Ter)	472	ATM	Pathogenic	GRCh38	2679755
single nucleotide variant	NM_000051.4(ATM):c.7889T>G (p.Leu2630Ter)	472	ATM	Pathogenic/Likely pathogenic	GRCh38	2679760
single nucleotide variant	NM_000051.4(ATM):c.7872T>A (p.Cys2624Ter)	472	ATM	Likely pathogenic	GRCh38	2679762
single nucleotide variant	NM_000051.4(ATM):c.8585-1G>C	472	ATM	Pathogenic	GRCh38	2679763
single nucleotide variant	NM_000051.4(ATM):c.845T>A (p.Leu282Ter)	472	ATM	Likely pathogenic	GRCh38	2679780
single nucleotide variant	NM_000051.4(ATM):c.7588A>T (p.Lys2530Ter)	472	ATM	Pathogenic/Likely pathogenic	GRCh38	2679781
single nucleotide variant	NM_000051.4(ATM):c.7031G>A (p.Trp2344Ter)	472	ATM	Pathogenic/Likely pathogenic	GRCh38	2679782
single nucleotide variant	NM_000051.4(ATM):c.2117C>G (p.Ser706Ter)	472	ATM	Pathogenic/Likely pathogenic	GRCh38	2679784
single nucleotide variant	NM_000051.4(ATM):c.7473G>A (p.Trp2491Ter)	472	ATM	Pathogenic/Likely pathogenic	GRCh38	2679786
single nucleotide variant	NM_000051.4(ATM):c.7349T>G (p.Leu2450Ter)	472	ATM	Pathogenic	GRCh38	2673299
single nucleotide variant	NM_000051.4(ATM):c.1803-1G>C	472	ATM	Likely pathogenic	GRCh38	2674537
single nucleotide variant	NM_000051.4(ATM):c.5320-2A>G	472	ATM	Likely pathogenic	GRCh38	2683761
single nucleotide variant	NM_000051.4(ATM):c.3153+5G>T	472	ATM	Likely pathogenic	GRCh38	2695436
single nucleotide variant	NM_000051.4(ATM):c.4632C>A (p.Tyr1544Ter)	472	ATM	Pathogenic	GRCh38	2698427
single nucleotide variant	NM_000051.4(ATM):c.3891T>G (p.Tyr1297Ter)	472	ATM	Pathogenic	GRCh38	2703635
single nucleotide variant	NM_000051.4(ATM):c.5599C>T (p.Gln1867Ter)	472	ATM	Pathogenic	GRCh38	2703662
single nucleotide variant	NM_000051.4(ATM):c.6095+2T>A	472	ATM	Likely pathogenic	GRCh38	2699652
single nucleotide variant	NM_000051.4(ATM):c.1948G>T (p.Glu650Ter)	472	ATM	Pathogenic	GRCh38	2692805
single nucleotide variant	NM_000051.4(ATM):c.5674G>T (p.Glu1892Ter)	472	ATM	Pathogenic	GRCh38	2704335
single nucleotide variant	NM_000051.4(ATM):c.6572+2T>A	472	ATM	Likely pathogenic	GRCh38	2713918
single nucleotide variant	NM_000051.4(ATM):c.6433G>T (p.Glu2145Ter)	472	ATM	Pathogenic	GRCh38	2721465
single nucleotide variant	NM_000051.4(ATM):c.72G>A (p.Lys24=)	472	ATM	Pathogenic	GRCh38	2727621
single nucleotide variant	NM_000051.4(ATM):c.73-2A>G	472	ATM	Pathogenic/Likely pathogenic	GRCh38	2735738
single nucleotide variant	NM_000051.4(ATM):c.465C>G (p.Tyr155Ter)	472	ATM	Pathogenic	GRCh38	2735739
single nucleotide variant	NM_000051.4(ATM):c.925A>T (p.Arg309Ter)	472	ATM	Pathogenic	GRCh38	2735741
single nucleotide variant	NM_000051.4(ATM):c.2135C>A (p.Ser712Ter)	472	ATM	Pathogenic/Likely pathogenic	GRCh38	2735743
single nucleotide variant	NM_000051.4(ATM):c.4777-2A>G	472	ATM	Pathogenic	GRCh38	2742827
single nucleotide variant	NM_000051.4(ATM):c.3900T>G (p.Tyr1300Ter)	472	ATM	Pathogenic	GRCh38	2754782
single nucleotide variant	NM_000051.4(ATM):c.7297C>T (p.Gln2433Ter)	472	ATM	Pathogenic	GRCh38	2749329
single nucleotide variant	NM_000051.4(ATM):c.2583C>G (p.Tyr861Ter)	472	ATM	Pathogenic	GRCh38	2750903
single nucleotide variant	NM_000051.4(ATM):c.4326T>A (p.Tyr1442Ter)	472	ATM	Pathogenic	GRCh38	2750812
single nucleotide variant	NM_000051.4(ATM):c.5385G>A (p.Trp1795Ter)	472	ATM	Pathogenic	GRCh38	2755867
single nucleotide variant	NM_000051.4(ATM):c.8440G>T (p.Glu2814Ter)	472	ATM	Pathogenic	GRCh38	2748505
single nucleotide variant	NM_000051.4(ATM):c.5745C>A (p.Tyr1915Ter)	472	ATM	Pathogenic	GRCh38	2763864
single nucleotide variant	NM_000051.4(ATM):c.3891T>A (p.Tyr1297Ter)	472	ATM	Pathogenic	GRCh38	2765629
single nucleotide variant	NM_000051.4(ATM):c.76G>T (p.Glu26Ter)	472	ATM	Pathogenic	GRCh38	2765171
single nucleotide variant	NM_000051.4(ATM):c.423T>A (p.Cys141Ter)	472	ATM	Pathogenic	GRCh38	2773938
single nucleotide variant	NM_000051.4(ATM):c.4632C>G (p.Tyr1544Ter)	472	ATM	Pathogenic	GRCh38	2774670
single nucleotide variant	NM_000051.4(ATM):c.5441T>A (p.Leu1814Ter)	472	ATM	Pathogenic	GRCh38	2774684
single nucleotide variant	NM_000051.4(ATM):c.6322C>T (p.Gln2108Ter)	472	ATM	Pathogenic	GRCh38	2774695
single nucleotide variant	NM_000051.4(ATM):c.7047C>A (p.Cys2349Ter)	472	ATM	Pathogenic	GRCh38	2774708
single nucleotide variant	NM_000051.4(ATM):c.5763-1G>C	472	ATM	Pathogenic	GRCh38	2780229
single nucleotide variant	NM_000051.4(ATM):c.8987+2T>A	472	ATM	Likely pathogenic	GRCh38	2780233
single nucleotide variant	NM_000051.4(ATM):c.4270G>T (p.Glu1424Ter)	472	ATM	Pathogenic	GRCh38	2812144
single nucleotide variant	NM_000051.4(ATM):c.1065+2T>C	472	ATM	Pathogenic	GRCh38	2811881
single nucleotide variant	NM_000051.4(ATM):c.663-2A>T	472	ATM	Likely pathogenic	GRCh38	2806371
single nucleotide variant	NM_000051.4(ATM):c.5178-2A>C	472	ATM	Pathogenic	GRCh38	2808155
single nucleotide variant	NM_000051.4(ATM):c.5827A>T (p.Lys1943Ter)	472	ATM	Pathogenic	GRCh38	2808224
single nucleotide variant	NM_000051.4(ATM):c.46G>T (p.Glu16Ter)	472	ATM	Pathogenic	GRCh38	2820399
single nucleotide variant	NM_000051.4(ATM):c.3226C>T (p.Gln1076Ter)	472	ATM	Pathogenic	GRCh38	2821563
single nucleotide variant	NM_000051.4(ATM):c.4611+1G>T	472	ATM	Likely pathogenic	GRCh38	2821420
single nucleotide variant	NM_000051.4(ATM):c.5678C>A (p.Ser1893Ter)	472	ATM	Pathogenic	GRCh38	2832282
single nucleotide variant	NM_000051.4(ATM):c.6154G>T (p.Glu2052Ter)	472	ATM	Pathogenic	GRCh38	2840869
single nucleotide variant	NM_000051.4(ATM):c.7340T>A (p.Leu2447Ter)	472	ATM	Pathogenic	GRCh38	2830400
single nucleotide variant	NM_000051.4(ATM):c.4749C>A (p.Tyr1583Ter)	472	ATM	Pathogenic	GRCh38	2835117
single nucleotide variant	NM_000051.4(ATM):c.6199-1G>A	472	ATM	Pathogenic	GRCh38	2866769
single nucleotide variant	NM_000051.4(ATM):c.3617T>G (p.Leu1206Ter)	472	ATM	Pathogenic	GRCh38	2866774
single nucleotide variant	NM_000051.4(ATM):c.5177+2T>A	472	ATM	Likely pathogenic	GRCh38	2858731
single nucleotide variant	NM_000051.4(ATM):c.6742A>T (p.Lys2248Ter)	472	ATM	Pathogenic	GRCh38	2862191
single nucleotide variant	NM_000051.4(ATM):c.6889C>T (p.Gln2297Ter)	472	ATM	Pathogenic	GRCh38	2883605
single nucleotide variant	NM_000051.4(ATM):c.1724C>G (p.Ser575Ter)	472	ATM	Pathogenic	GRCh38	2887300
single nucleotide variant	NM_000051.4(ATM):c.3397G>T (p.Glu1133Ter)	472	ATM	Pathogenic	GRCh38	2982302
single nucleotide variant	NM_000051.4(ATM):c.1802+1G>A	472	ATM	Pathogenic	GRCh38	3002661
single nucleotide variant	NM_000051.4(ATM):c.5714C>G (p.Ser1905Ter)	472	ATM	Pathogenic	GRCh38	3004486
single nucleotide variant	NM_000051.4(ATM):c.8031T>G (p.Tyr2677Ter)	472	ATM	Likely pathogenic	GRCh38	3075875
single nucleotide variant	NM_000051.4(ATM):c.8630T>A (p.Leu2877Ter)	472	ATM	Pathogenic	GRCh38	3147986
single nucleotide variant	NM_000051.4(ATM):c.9171A>G (p.Ter3057Trp)	472	ATM	Likely pathogenic	GRCh38	3147989
single nucleotide variant	NM_000051.4(ATM):c.3746+2T>A	472	ATM	Likely pathogenic	GRCh38	3148005
single nucleotide variant	NM_000051.4(ATM):c.1252C>T (p.Gln418Ter)	472	ATM	Pathogenic	GRCh38	3148017
single nucleotide variant	NM_000051.4(ATM):c.6572+1G>C	472	ATM	Likely pathogenic	GRCh38	3148025
single nucleotide variant	NM_000051.4(ATM):c.3746+2T>G	472	ATM	Likely pathogenic	GRCh38	3148031
single nucleotide variant	NM_000051.4(ATM):c.4961T>G (p.Leu1654Ter)	472	ATM	Pathogenic/Likely pathogenic	GRCh38	3148036
single nucleotide variant	NM_000051.4(ATM):c.4004T>G (p.Leu1335Ter)	472	ATM	Pathogenic	GRCh38	3148038
single nucleotide variant	NM_000051.4(ATM):c.4214T>G (p.Leu1405Ter)	472	ATM	Pathogenic	GRCh38	3148039
single nucleotide variant	NM_000051.4(ATM):c.4463T>G (p.Leu1488Ter)	472	ATM	Pathogenic	GRCh38	3148041
single nucleotide variant	NM_000051.4(ATM):c.5918+2T>G	472	ATM	Likely pathogenic	GRCh38	3148042
single nucleotide variant	NM_000051.4(ATM):c.6147T>G (p.Tyr2049Ter)	472	ATM	Pathogenic	GRCh38	3148045
single nucleotide variant	NM_000051.4(ATM):c.3799G>T (p.Glu1267Ter)	472	ATM	Pathogenic	GRCh38	3148049
single nucleotide variant	NM_000051.4(ATM):c.7410T>G (p.Tyr2470Ter)	472	ATM	Pathogenic/Likely pathogenic	GRCh38	3148051
single nucleotide variant	NM_000051.4(ATM):c.7629+2T>G	472	ATM	Likely pathogenic	GRCh38	3148053
single nucleotide variant	NM_000051.4(ATM):c.5250G>A (p.Trp1750Ter)	472	ATM	Pathogenic	GRCh38	3148054
single nucleotide variant	NM_000051.4(ATM):c.2617G>T (p.Gly873Ter)	472	ATM	Pathogenic/Likely pathogenic	GRCh38	3148058
single nucleotide variant	NM_000051.4(ATM):c.3284+2T>C	472	ATM	Likely pathogenic	GRCh38	3148062
single nucleotide variant	NM_000051.4(ATM):c.8472C>A (p.Cys2824Ter)	472	ATM	Pathogenic	GRCh38	3148064
single nucleotide variant	NM_000051.4(ATM):c.4109+2T>C	472	ATM	Likely pathogenic	GRCh38	3148068
single nucleotide variant	NM_000051.4(ATM):c.8332G>T (p.Glu2778Ter)	472	ATM	Pathogenic	GRCh38	3148075
single nucleotide variant	NM_000051.4(ATM):c.6807+1G>T	472	ATM	Likely pathogenic	GRCh38	3148081
single nucleotide variant	NM_000051.4(ATM):c.5344A>T (p.Lys1782Ter)	472	ATM	Pathogenic	GRCh38	3148083
single nucleotide variant	NM_000051.4(ATM):c.248C>G (p.Ser83Ter)	472	ATM	Pathogenic	GRCh38	3148097
single nucleotide variant	NM_000051.4(ATM):c.4909+2T>C	472	ATM	Pathogenic/Likely pathogenic	GRCh38	3148101
single nucleotide variant	NM_000051.4(ATM):c.5707A>T (p.Lys1903Ter)	472	ATM	Pathogenic	GRCh38	3148107
single nucleotide variant	NM_000051.4(ATM):c.6807+1G>A	472	ATM	Likely pathogenic	GRCh38	3148108
single nucleotide variant	NM_000051.4(ATM):c.6900G>A (p.Trp2300Ter)	472	ATM	Pathogenic	GRCh38	3148112
single nucleotide variant	NM_000051.4(ATM):c.2639-2A>C	472	ATM	Likely pathogenic	GRCh38	3148115
single nucleotide variant	NM_000051.4(ATM):c.1102C>T (p.Gln368Ter)	472	ATM	Pathogenic	GRCh38	3148116
single nucleotide variant	NM_000051.4(ATM):c.6614G>A (p.Trp2205Ter)	472	ATM	Pathogenic	GRCh38	3148126
single nucleotide variant	NM_000051.4(ATM):c.2639-2A>T	472	ATM	Likely pathogenic	GRCh38	3148132
single nucleotide variant	NM_000051.4(ATM):c.7311C>G (p.Tyr2437Ter)	472	ATM	Pathogenic/Likely pathogenic	GRCh38	3148133
single nucleotide variant	NM_000051.4(ATM):c.7090-1G>A	472	ATM	Likely pathogenic	GRCh38	3148135
single nucleotide variant	NM_000051.4(ATM):c.8671+1G>C	472	ATM	Likely pathogenic	GRCh38	3148148
single nucleotide variant	NM_000051.4(ATM):c.1589C>G (p.Ser530Ter)	472	ATM	Pathogenic	GRCh38	3148171
single nucleotide variant	NM_000051.4(ATM):c.6874C>T (p.Gln2292Ter)	472	ATM	Pathogenic	GRCh38	3148173
single nucleotide variant	NM_000051.4(ATM):c.1152C>A (p.Cys384Ter)	472	ATM	Pathogenic	GRCh38	3148185
single nucleotide variant	NM_000051.4(ATM):c.3837G>A (p.Trp1279Ter)	472	ATM	Pathogenic	GRCh38	3148187
single nucleotide variant	NM_000051.4(ATM):c.5177+1G>T	472	ATM	Likely pathogenic	GRCh38	3148195
single nucleotide variant	NM_000051.4(ATM):c.4188T>A (p.Cys1396Ter)	472	ATM	Pathogenic	GRCh38	3148214
single nucleotide variant	NM_000051.4(ATM):c.465C>A (p.Tyr155Ter)	472	ATM	Pathogenic	GRCh38	3148217
single nucleotide variant	NM_000051.4(ATM):c.1A>T (p.Met1Leu)	472	ATM	Pathogenic	GRCh38	3148226
single nucleotide variant	NM_000051.4(ATM):c.7090-2A>T	472	ATM	Likely pathogenic	GRCh38	3148232
single nucleotide variant	NM_000051.4(ATM):c.1374C>A (p.Cys458Ter)	472	ATM	Pathogenic	GRCh38	3148236
single nucleotide variant	NM_000051.4(ATM):c.2209G>T (p.Glu737Ter)	472	ATM	Pathogenic	GRCh38	3148252
single nucleotide variant	NM_000051.4(ATM):c.3154-2A>C	472	ATM	Likely pathogenic	GRCh38	3148263
single nucleotide variant	NM_000051.4(ATM):c.7169T>A (p.Leu2390Ter)	472	ATM	Pathogenic	GRCh38	3148273
single nucleotide variant	NM_000051.4(ATM):c.316A>T (p.Lys106Ter)	472	ATM	Pathogenic	GRCh38	3148276
single nucleotide variant	NM_000051.4(ATM):c.3994-1G>C	472	ATM	Likely pathogenic	GRCh38	3148293
single nucleotide variant	NM_000051.4(ATM):c.6347+1G>T	472	ATM	Likely pathogenic	GRCh38	3148296
single nucleotide variant	NM_000051.4(ATM):c.8010+1G>C	472	ATM	Likely pathogenic	GRCh38	3148307
single nucleotide variant	NM_000051.4(ATM):c.3078-1G>T	472	ATM	Likely pathogenic	GRCh38	3148313
single nucleotide variant	NM_000051.4(ATM):c.979G>T (p.Gly327Ter)	472	ATM	Pathogenic	GRCh38	3148341
single nucleotide variant	NM_000051.4(ATM):c.2654T>A (p.Leu885Ter)	472	ATM	Pathogenic	GRCh38	3148348
single nucleotide variant	NM_000051.4(ATM):c.2922-1G>C	472	ATM	Likely pathogenic	GRCh38	3148362
single nucleotide variant	NM_000051.4(ATM):c.1803-1G>T	472	ATM	Likely pathogenic	GRCh38	3148364
single nucleotide variant	NM_000051.4(ATM):c.3G>C (p.Met1Ile)	472	ATM	Pathogenic	GRCh38	3148372
single nucleotide variant	NM_000051.4(ATM):c.988G>T (p.Gly330Ter)	472	ATM	Pathogenic	GRCh38	3148395
single nucleotide variant	NM_000051.4(ATM):c.5633C>A (p.Ser1878Ter)	472	ATM	Pathogenic	GRCh38	3148414
single nucleotide variant	NM_000051.4(ATM):c.2360T>A (p.Leu787Ter)	472	ATM	Pathogenic	GRCh38	3148432
single nucleotide variant	NM_000051.4(ATM):c.2972T>A (p.Leu991Ter)	472	ATM	Pathogenic	GRCh38	3148454
single nucleotide variant	NM_000051.4(ATM):c.2117C>A (p.Ser706Ter)	472	ATM	Pathogenic	GRCh38	3148465
single nucleotide variant	NM_000051.4(ATM):c.614T>A (p.Leu205Ter)	472	ATM	Pathogenic	GRCh38	3148481
single nucleotide variant	NM_000051.4(ATM):c.4796C>A (p.Ser1599Ter)	472	ATM	Pathogenic	GRCh38	3148483
single nucleotide variant	NM_000051.4(ATM):c.5347G>T (p.Glu1783Ter)	472	ATM	Pathogenic	GRCh38	3148485
single nucleotide variant	NM_000051.4(ATM):c.1204A>T (p.Lys402Ter)	472	ATM	Pathogenic	GRCh38	3148490
single nucleotide variant	NM_000051.4(ATM):c.4823T>A (p.Leu1608Ter)	472	ATM	Pathogenic	GRCh38	3148519
single nucleotide variant	NM_000051.4(ATM):c.5496+1G>C	472	ATM	Likely pathogenic	GRCh38	3148524
single nucleotide variant	NM_000051.4(ATM):c.1766T>A (p.Leu589Ter)	472	ATM	Pathogenic	GRCh38	3148571
single nucleotide variant	NM_000051.4(ATM):c.6347+1G>C	472	ATM	Likely pathogenic	GRCh38	3148582
single nucleotide variant	NM_000051.4(ATM):c.7318A>T (p.Lys2440Ter)	472	ATM	Pathogenic	GRCh38	3148604
single nucleotide variant	NM_000051.4(ATM):c.1236G>A (p.Trp412Ter)	472	ATM	Pathogenic	GRCh38	3148742
single nucleotide variant	NM_000051.4(ATM):c.3753T>A (p.Cys1251Ter)	472	ATM	Pathogenic	GRCh38	3148772
single nucleotide variant	NM_000051.4(ATM):c.3746+2T>C	472	ATM	Likely pathogenic	GRCh38	3148777
single nucleotide variant	NM_000051.4(ATM):c.5918+2T>C	472	ATM	Likely pathogenic	GRCh38	3148800
single nucleotide variant	NM_000051.4(ATM):c.8850+2T>A	472	ATM	Likely pathogenic	GRCh38	3148804
single nucleotide variant	NM_000051.4(ATM):c.7308-14T>G	472	ATM	Likely pathogenic	GRCh38	3148828
single nucleotide variant	NM_000051.4(ATM):c.6352G>T (p.Glu2118Ter)	472	ATM	Pathogenic	GRCh38	3148834
single nucleotide variant	NM_000051.4(ATM):c.6007-2A>C	472	ATM	Likely pathogenic	GRCh38	3222124
single nucleotide variant	NM_000051.4(ATM):c.8645C>G (p.Ser2882Ter)	472	ATM	Pathogenic	GRCh38	3223340
single nucleotide variant	NM_000051.4(ATM):c.1439T>G (p.Leu480Ter)	472	ATM	Pathogenic	GRCh38	3232085
single nucleotide variant	NM_000051.4(ATM):c.3586A>T (p.Lys1196Ter)	472	ATM	Pathogenic	GRCh38	3233089
single nucleotide variant	NM_000051.4(ATM):c.7307+3A>T	472	ATM	Likely pathogenic	GRCh38	3222818
single nucleotide variant	NM_000051.4(ATM):c.186-1G>C	472	ATM	Likely pathogenic	GRCh38	3232222
single nucleotide variant	NM_000051.4(ATM):c.2510C>A (p.Ser837Ter)	472	ATM	Pathogenic	GRCh38	3232462
single nucleotide variant	NM_000051.4(ATM):c.259C>T (p.Gln87Ter)	472	ATM	Pathogenic/Likely pathogenic	GRCh38	3240765
single nucleotide variant	NM_000051.4(ATM):c.924G>A (p.Trp308Ter)	472	ATM	Likely pathogenic	GRCh38	3240777
single nucleotide variant	NM_000051.4(ATM):c.797G>A (p.Trp266Ter)	472	ATM	Likely pathogenic	GRCh38	3240793
single nucleotide variant	NM_000051.4(ATM):c.8249T>G (p.Leu2750Ter)	472	ATM	Likely pathogenic	GRCh38	3240799
single nucleotide variant	NM_000051.4(ATM):c.2234T>G (p.Leu745Ter)	472	ATM	Pathogenic	GRCh38	3251656
single nucleotide variant	NM_000051.4(ATM):c.667G>T (p.Glu223Ter)	472	ATM	Pathogenic	GRCh38	3253320
single nucleotide variant	NM_000051.4(ATM):c.4273C>T (p.Gln1425Ter)	472	ATM	Pathogenic	GRCh38	3254095
single nucleotide variant	NM_000051.4(ATM):c.8638G>T (p.Glu2880Ter)	472	ATM	Pathogenic	GRCh38	3254333
single nucleotide variant	NM_000051.4(ATM):c.6725C>A (p.Ser2242Ter)	472	ATM	Pathogenic	GRCh38	3255491
single nucleotide variant	NM_000051.4(ATM):c.1367T>A (p.Leu456Ter)	472	ATM	Likely pathogenic	GRCh38	3256246
single nucleotide variant	NM_000051.4(ATM):c.5302A>T (p.Arg1768Ter)	472	ATM	Pathogenic	GRCh38	3326111
single nucleotide variant	NM_000051.4(ATM):c.5178-296A>G	472	ATM	Likely pathogenic	GRCh38	3325980
single nucleotide variant	NM_000051.4(ATM):c.5324T>A (p.Leu1775Ter)	472	ATM	Pathogenic	GRCh38	3325498
single nucleotide variant	NM_000051.4(ATM):c.2882T>A (p.Leu961Ter)	472	ATM	Pathogenic	GRCh38	3325611
single nucleotide variant	NM_000051.4(ATM):c.3078-11C>G	472	ATM	Likely pathogenic	GRCh38	3324888
single nucleotide variant	NM_000051.4(ATM):c.5192C>A (p.Ser1731Ter)	472	ATM	Pathogenic	GRCh38	3324999
single nucleotide variant	NM_000051.4(ATM):c.6198+1G>T	472	ATM	Pathogenic	GRCh38	3326537
single nucleotide variant	NM_000051.4(ATM):c.5763-1G>T	472	ATM	Pathogenic/Likely pathogenic	GRCh38	3340762
single nucleotide variant	NM_000051.4(ATM):c.2839-1G>T	472	ATM	Likely pathogenic	GRCh38	3345987
single nucleotide variant	NM_000051.4(ATM):c.331+1G>T	472	ATM	Likely pathogenic	GRCh38	3349804
single nucleotide variant	NM_000051.4(ATM):c.1235+2T>A	472	ATM	Likely pathogenic	GRCh38	3367066
single nucleotide variant	NM_000051.4(ATM):c.7515+2C>T	472	ATM	Likely pathogenic	GRCh38	3376715
single nucleotide variant	NM_000051.4(ATM):c.6095+2T>G	472	ATM	Likely pathogenic	GRCh38	3378426
single nucleotide variant	NM_000051.4(ATM):c.4996G>T (p.Glu1666Ter)	472	ATM	Pathogenic	GRCh38	3378915
single nucleotide variant	NM_000051.4(ATM):c.7516-1G>T	472	ATM	Likely pathogenic	GRCh38	3378984
single nucleotide variant	NM_000051.4(ATM):c.2674A>T (p.Lys892Ter)	472	ATM	Likely pathogenic	GRCh38	3393422
single nucleotide variant	NM_000051.4(ATM):c.1236-404C>T	472	ATM	Likely pathogenic	GRCh38	3446536
single nucleotide variant	NM_000051.4(ATM):c.3994-161G>A	472	ATM	Likely pathogenic	GRCh38	3445836
single nucleotide variant	NM_000051.4(ATM):c.2922-2A>G	472	ATM	Likely pathogenic	GRCh38	3447779
single nucleotide variant	NM_000051.4(ATM):c.7393A>T (p.Lys2465Ter)	472	ATM	Pathogenic	GRCh38	3449816
single nucleotide variant	NM_000051.4(ATM):c.8093T>G (p.Leu2698Ter)	472	ATM	Pathogenic	GRCh38	3449845
single nucleotide variant	NM_000051.4(ATM):c.6510T>A (p.Tyr2170Ter)	472	ATM	Pathogenic/Likely pathogenic	GRCh38	3449929
single nucleotide variant	NM_000051.4(ATM):c.7976T>A (p.Leu2659Ter)	472	ATM	Pathogenic	GRCh38	3450012
single nucleotide variant	NM_000051.4(ATM):c.1362T>G (p.Tyr454Ter)	472	ATM	Pathogenic	GRCh38	3450050
single nucleotide variant	NM_000051.4(ATM):c.1909C>T (p.Gln637Ter)	472	ATM	Pathogenic	GRCh38	3451135
single nucleotide variant	NM_000051.4(ATM):c.6434A>T (p.Glu2145Val)	472	ATM	Likely pathogenic	GRCh38	3451308
single nucleotide variant	NM_000051.4(ATM):c.5966T>A (p.Leu1989Ter)	472	ATM	Pathogenic	GRCh38	3451369
single nucleotide variant	NM_000051.4(ATM):c.2783T>G (p.Leu928Ter)	472	ATM	Pathogenic	GRCh38	3452754
single nucleotide variant	NM_000051.4(ATM):c.1803-275A>G	472	ATM	Likely pathogenic	GRCh38	3452966
single nucleotide variant	NM_000051.4(ATM):c.8010+1G>A	472	ATM	Likely pathogenic	GRCh38	3450694
single nucleotide variant	NM_000051.4(ATM):c.496+338G>A	472	ATM	Likely pathogenic	GRCh38	3450725
single nucleotide variant	NM_000051.4(ATM):c.6619A>T (p.Lys2207Ter)	472	ATM	Pathogenic	GRCh38	3450783
single nucleotide variant	NM_000051.4(ATM):c.7388T>A (p.Leu2463Ter)	472	ATM	Pathogenic	GRCh38	3450805
single nucleotide variant	NM_000051.4(ATM):c.8131G>T (p.Glu2711Ter)	472	ATM	Pathogenic	GRCh38	3450845
single nucleotide variant	NM_000051.4(ATM):c.6348-1G>T	472	ATM	Likely pathogenic	GRCh38	3450878
single nucleotide variant	NM_000051.4(ATM):c.3402+2T>G	472	ATM	Likely pathogenic	GRCh38	3450937
single nucleotide variant	NM_000051.4(ATM):c.411C>G (p.Tyr137Ter)	472	ATM	Pathogenic	GRCh38	3452472
single nucleotide variant	NM_000051.4(ATM):c.4176T>A (p.Tyr1392Ter)	472	ATM	Pathogenic	GRCh38	3452667
single nucleotide variant	NM_000051.4(ATM):c.6976-1G>C	472	ATM	Likely pathogenic	GRCh38	3450328
single nucleotide variant	NM_000051.4(ATM):c.2857G>T (p.Glu953Ter)	472	ATM	Likely pathogenic	GRCh38	3598934
single nucleotide variant	NM_000051.4(ATM):c.6096-1G>A	472	ATM	Likely pathogenic	GRCh38	3598943
single nucleotide variant	NM_000051.4(ATM):c.8499C>A (p.Tyr2833Ter)	472	ATM	Pathogenic	GRCh38	3637377
single nucleotide variant	NM_000051.4(ATM):c.3285-1G>T	472	ATM	Pathogenic/Likely pathogenic	GRCh38	3642970
single nucleotide variant	NM_000051.4(ATM):c.7615G>T (p.Glu2539Ter)	472	ATM	Pathogenic	GRCh38	3644541
single nucleotide variant	NM_000051.4(ATM):c.6807+2T>G	472	ATM	Likely pathogenic	GRCh38	3649425
single nucleotide variant	NM_000051.4(ATM):c.8010+2T>A	472	ATM	Likely pathogenic	GRCh38	3654134
single nucleotide variant	NM_000051.4(ATM):c.4961T>A (p.Leu1654Ter)	472	ATM	Pathogenic	GRCh38	3645362
single nucleotide variant	NM_000051.4(ATM):c.6808-1G>T	472	ATM	Likely pathogenic	GRCh38	3653744
single nucleotide variant	NM_000051.4(ATM):c.5320-2A>T	472	ATM	Likely pathogenic	GRCh38	3654036
single nucleotide variant	NM_000051.4(ATM):c.2482A>T (p.Lys828Ter)	472	ATM	Pathogenic	GRCh38	3648415
single nucleotide variant	NM_000051.4(ATM):c.4237-1G>A	472	ATM	Likely pathogenic	GRCh38	3649897
single nucleotide variant	NM_000051.4(ATM):c.7194C>G (p.Tyr2398Ter)	472	ATM	Pathogenic	GRCh38	3657221
single nucleotide variant	NM_000051.4(ATM):c.910G>T (p.Glu304Ter)	472	ATM	Pathogenic	GRCh38	3659070
single nucleotide variant	NM_000051.4(ATM):c.1607+2T>C	472	ATM	Pathogenic	GRCh38	3660429
single nucleotide variant	NM_000051.4(ATM):c.6096-1G>T	472	ATM	Likely pathogenic	GRCh38	3661434
single nucleotide variant	NM_000051.4(ATM):c.880G>T (p.Gly294Ter)	472	ATM	Pathogenic	GRCh38	3673118
single nucleotide variant	NM_000051.4(ATM):c.6952A>T (p.Lys2318Ter)	472	ATM	Pathogenic	GRCh38	3719819
single nucleotide variant	NM_000051.4(ATM):c.5496+2T>C	472	ATM	Likely pathogenic	GRCh38	3721087
single nucleotide variant	NM_000051.4(ATM):c.4809T>A (p.Tyr1603Ter)	472	ATM	Pathogenic	GRCh38	3726459
single nucleotide variant	NM_000051.4(ATM):c.8152-2A>C	472	ATM	Pathogenic	GRCh38	3722509
single nucleotide variant	NM_000051.4(ATM):c.8418+2T>G	472	ATM	Likely pathogenic	GRCh38	3727563
single nucleotide variant	NM_000051.4(ATM):c.1988T>A (p.Leu663Ter)	472	ATM	Pathogenic	GRCh38	3727656
single nucleotide variant	NM_000051.4(ATM):c.8197C>T (p.Gln2733Ter)	472	ATM	Pathogenic	GRCh38	3727723
single nucleotide variant	NM_000051.4(ATM):c.7138A>T (p.Arg2380Ter)	472	ATM	Pathogenic	GRCh38	3729613
single nucleotide variant	NM_000051.4(ATM):c.8105T>A (p.Ile2702Lys)	472	ATM	Likely pathogenic	GRCh38	3720481
single nucleotide variant	NM_000051.4(ATM):c.6469G>T (p.Glu2157Ter)	472	ATM	Pathogenic	GRCh38	3723911
single nucleotide variant	NM_000051.4(ATM):c.7002C>A (p.Tyr2334Ter)	472	ATM	Pathogenic	GRCh38	3772883
single nucleotide variant	NM_000051.4(ATM):c.2002G>T (p.Glu668Ter)	472	ATM	Pathogenic	GRCh38	3779363
single nucleotide variant	NM_000051.4(ATM):c.-174A>G	472	ATM	Likely pathogenic	GRCh38	3780824
single nucleotide variant	NM_000051.4(ATM):c.8585-2A>T	472	ATM	Likely pathogenic	GRCh38	3801432
single nucleotide variant	NM_000051.4(ATM):c.8293G>C (p.Gly2765Arg)	472	ATM	Likely pathogenic	GRCh38	3800998
single nucleotide variant	NM_000051.4(ATM):c.6348-986G>T	472	ATM	Likely pathogenic	GRCh38	3802702
single nucleotide variant	NM_000051.4(ATM):c.5635C>T (p.Gln1879Ter)	472	ATM	Pathogenic	GRCh38	3802771
single nucleotide variant	NM_000051.4(ATM):c.3747-210T>A	472	ATM	Likely pathogenic	GRCh38	3802353
single nucleotide variant	NM_000051.4(ATM):c.3078-2A>T	472	ATM	Likely pathogenic	GRCh38	3801887
single nucleotide variant	NM_000051.4(ATM):c.4612-12A>G	472	ATM	Likely pathogenic	GRCh38	3892994
single nucleotide variant	NM_000051.4(ATM):c.2124+1G>C	472	ATM	Likely pathogenic	GRCh38	3906166
single nucleotide variant	NM_000051.4(ATM):c.9101T>A (p.Leu3034Ter)	472	ATM	Likely pathogenic	GRCh38	3966552
single nucleotide variant	NM_000051.4(ATM):c.6991A>T (p.Lys2331Ter)	472	ATM	Pathogenic	GRCh38	3965816
single nucleotide variant	NM_000051.4(ATM):c.6835A>T (p.Lys2279Ter)	472	ATM	Pathogenic	GRCh38	3966130
single nucleotide variant	NM_000051.4(ATM):c.8418+1G>T	472	ATM	Likely pathogenic	GRCh38	3967312
single nucleotide variant	NM_000051.4(ATM):c.2251-2A>T	472	ATM	Pathogenic	GRCh38	4056347
single nucleotide variant	NM_000051.4(ATM):c.3284G>C (p.Arg1095Thr)	472	ATM	Likely pathogenic	GRCh38	4056348
single nucleotide variant	NM_000051.4(ATM):c.6709A>T (p.Lys2237Ter)	472	ATM	Likely pathogenic	GRCh38	4063408
single nucleotide variant	NM_000051.4(ATM):c.5749A>T (p.Arg1917Ter)	472	ATM	Pathogenic	GRCh38	4071532
single nucleotide variant	NM_000051.4(ATM):c.5983G>T (p.Glu1995Ter)	472	ATM	Likely pathogenic	GRCh38	4077029
single nucleotide variant	NM_000051.4(ATM):c.3934A>T (p.Arg1312Ter)	472	ATM	Pathogenic	GRCh38	4082318
single nucleotide variant	NM_000051.4(ATM):c.-30-2A>G	472	ATM	Likely pathogenic	GRCh38	4167793
single nucleotide variant	NM_000051.4(ATM):c.7915A>C (p.Lys2639Gln)	472	ATM	Likely pathogenic	GRCh38	4169287
single nucleotide variant	NM_000051.4(ATM):c.248C>A (p.Ser83Ter)	472	ATM	Pathogenic	GRCh38	4169610
single nucleotide variant	NM_000051.4(ATM):c.7435G>T (p.Glu2479Ter)	472	ATM	Pathogenic	GRCh38	4167327
single nucleotide variant	NM_000051.4(ATM):c.1715T>A (p.Leu572Ter)	472	ATM	Pathogenic	GRCh38	4169146
single nucleotide variant	NM_000051.4(ATM):c.4506C>A (p.Cys1502Ter)	472	ATM	Pathogenic	GRCh38	4168578
single nucleotide variant	NM_000051.4(ATM):c.1235+97C>G	472	ATM	Likely pathogenic	GRCh38	4169743
single nucleotide variant	NM_000051.4(ATM):c.8002G>T (p.Glu2668Ter)	472	ATM	Pathogenic	GRCh38	4169752
single nucleotide variant	NM_000051.4(ATM):c.3805A>T (p.Lys1269Ter)	472	ATM	Pathogenic	GRCh38	4292796
single nucleotide variant	NM_000051.4(ATM):c.5110G>T (p.Glu1704Ter)	472	ATM	Pathogenic	GRCh38	4294110
single nucleotide variant	NM_000051.4(ATM):c.3284G>T (p.Arg1095Ile)	472	ATM	Likely pathogenic	GRCh38	4294153
single nucleotide variant	NM_000051.4(ATM):c.7969A>T (p.Lys2657Ter)	472	ATM	Pathogenic	GRCh38	4294194
single nucleotide variant	NM_000051.4(ATM):c.7788+2T>A	472	ATM	Pathogenic	GRCh38	4294216
single nucleotide variant	NM_000051.4(ATM):c.5319G>A (p.Lys1773=)	472	ATM	Likely pathogenic	GRCh38	4294292
single nucleotide variant	NM_000051.4(ATM):c.6868G>T (p.Glu2290Ter)	472	ATM	Pathogenic	GRCh38	4540630
single nucleotide variant	NM_000051.4(ATM):c.5384G>A (p.Trp1795Ter)	472	ATM	Pathogenic	GRCh38	4617084
single nucleotide variant	NM_000051.4(ATM):c.7789-2A>G	472	ATM	Likely pathogenic	GRCh38	4617889
single nucleotide variant	NM_000051.4(ATM):c.4204A>T (p.Lys1402Ter)	472	ATM	Pathogenic	GRCh38	4698283
single nucleotide variant	NM_000051.4(ATM):c.6358G>T (p.Glu2120Ter)	472	ATM	Pathogenic	GRCh38	4717599
single nucleotide variant	NM_000051.4(ATM):c.6349A>T (p.Lys2117Ter)	472	ATM	Pathogenic	GRCh38	4717603
single nucleotide variant	NM_000051.4(ATM):c.5678C>G (p.Ser1893Ter)	472	ATM	Pathogenic	GRCh38	4722226
single nucleotide variant	NM_000051.4(ATM):c.8726G>C (p.Arg2909Thr)	472	ATM	Likely pathogenic	GRCh38	4709882
single nucleotide variant	NM_000051.4(ATM):c.8987+1G>T	472	ATM	Pathogenic	GRCh38	4709883
single nucleotide variant	NM_000051.4(ATM):c.7881T>G (p.Tyr2627Ter)	472	ATM	Pathogenic	GRCh38	4720045
single nucleotide variant	NM_000051.4(ATM):c.4611+2T>A	472	ATM	Likely pathogenic	GRCh38	4719712
single nucleotide variant	NM_000051.4(ATM):c.3403-2A>T	472	ATM	Likely pathogenic	GRCh38	4728468
single nucleotide variant	NM_000051.4(ATM):c.4436+1G>C	472	ATM	Pathogenic	GRCh38	4727912
single nucleotide variant	NM_000051.4(ATM):c.3747-2A>C	472	ATM	Likely pathogenic	GRCh38	4734675
single nucleotide variant	NM_000051.4(ATM):c.4382G>A (p.Trp1461Ter)	472	ATM	Pathogenic	GRCh38	4729223
single nucleotide variant	NM_000051.4(ATM):c.7424T>A (p.Leu2475Ter)	472	ATM	Pathogenic	GRCh38	4734259
single nucleotide variant	NM_000051.4(ATM):c.4909+1G>C	472	ATM	Pathogenic	GRCh38	4725407
single nucleotide variant	NM_000051.4(ATM):c.663-1G>T	472	ATM	Likely pathogenic	GRCh38	4756686
single nucleotide variant	NM_000051.4(ATM):c.2374A>T (p.Lys792Ter)	472	ATM	Pathogenic	GRCh38	4813038
single nucleotide variant	NM_000051.4(ATM):c.6858T>A (p.Cys2286Ter)	472	ATM	Likely pathogenic	GRCh38	4814681
single nucleotide variant	NM_000051.4(ATM):c.7169T>G (p.Leu2390Ter)	472	ATM	Likely pathogenic	GRCh38	4814698
single nucleotide variant	NM_000051.4(ATM):c.1742T>A (p.Leu581Ter)	472	ATM	Likely pathogenic	GRCh38	4814320
single nucleotide variant	NM_000051.4(ATM):c.5151C>A (p.Tyr1717Ter)	472	ATM	Likely pathogenic	GRCh38	4814560
single nucleotide variant	NM_000051.4(ATM):c.7787A>T (p.Glu2596Val)	472	ATM	Likely pathogenic	GRCh38	4827587
single nucleotide variant	NM_000051.4(ATM):c.761T>G (p.Leu254Ter)	472	ATM	Pathogenic	GRCh38	4825492
single nucleotide variant	NM_000051.4(ATM):c.1754T>A (p.Leu585Ter)	472	ATM	Pathogenic	GRCh38	4825501
single nucleotide variant	NM_000051.4(ATM):c.4236+2T>G	472	ATM	Likely pathogenic	GRCh38	4825510
single nucleotide variant	NM_000051.4(ATM):c.5477T>G (p.Leu1826Ter)	472	ATM	Pathogenic	GRCh38	4825516
single nucleotide variant	NM_000051.4(ATM):c.5917A>T (p.Arg1973Ter)	472	ATM	Pathogenic	GRCh38	4825517
single nucleotide variant	NM_000051.4(ATM):c.6300C>A (p.Tyr2100Ter)	472	ATM	Pathogenic	GRCh38	4843898
single nucleotide variant	NM_000051.4(ATM):c.5398G>T (p.Glu1800Ter)	472	ATM	Pathogenic	GRCh38	4843923
single nucleotide variant	NM_000051.4(ATM):c.2125-1G>C	472	ATM	Likely pathogenic	GRCh38	4848906
single nucleotide variant	NM_000051.4(ATM):c.355G>T (p.Glu119Ter)	472	ATM	Pathogenic	GRCh38	4852868
