Type	Name	GeneID	GeneSymbol	ClinicalSignificance	Assembly	VariationID
single nucleotide variant	NM_000059.4(BRCA2):c.8165C>G (p.Thr2722Arg)	675	BRCA2	Pathogenic	GRCh38	9340
single nucleotide variant	NM_000059.4(BRCA2):c.8219T>A (p.Leu2740Ter)	675	BRCA2	Pathogenic	GRCh38	9343
single nucleotide variant	NM_000059.4(BRCA2):c.4648G>T (p.Glu1550Ter)	675	BRCA2	Pathogenic	GRCh38	9344
single nucleotide variant	NM_000059.4(BRCA2):c.7529T>C (p.Leu2510Pro)	675	BRCA2	Pathogenic/Likely pathogenic	GRCh38	9345
single nucleotide variant	NM_000059.4(BRCA2):c.5645C>G (p.Ser1882Ter)	675	BRCA2	Pathogenic	GRCh38	9346
single nucleotide variant	NM_000059.4(BRCA2):c.9196C>T (p.Gln3066Ter)	675	BRCA2	Pathogenic	GRCh38	9347
single nucleotide variant	NM_000059.4(BRCA2):c.631+1G>A	675	BRCA2	Pathogenic	GRCh38	9348
single nucleotide variant	NM_000059.4(BRCA2):c.631+2T>G	675	BRCA2	Pathogenic	GRCh38	9349
single nucleotide variant	NM_000059.4(BRCA2):c.1253C>A (p.Ser418Ter)	675	BRCA2	Pathogenic	GRCh38	37732
single nucleotide variant	NM_000059.4(BRCA2):c.1800T>A (p.Tyr600Ter)	675	BRCA2	Pathogenic	GRCh38	37759
single nucleotide variant	NM_000059.4(BRCA2):c.1832C>A (p.Ser611Ter)	675	BRCA2	Pathogenic	GRCh38	37764
single nucleotide variant	NM_000059.4(BRCA2):c.1850C>A (p.Ser617Ter)	675	BRCA2	Pathogenic	GRCh38	37765
single nucleotide variant	NM_000059.4(BRCA2):c.1850C>G (p.Ser617Ter)	675	BRCA2	Pathogenic	GRCh38	37766
single nucleotide variant	NM_000059.4(BRCA2):c.1970T>A (p.Leu657Ter)	675	BRCA2	Pathogenic	GRCh38	37771
single nucleotide variant	NM_000059.4(BRCA2):c.2231C>G (p.Ser744Ter)	675	BRCA2	Pathogenic	GRCh38	37777
single nucleotide variant	NM_000059.4(BRCA2):c.2409T>G (p.Tyr803Ter)	675	BRCA2	Pathogenic	GRCh38	37784
single nucleotide variant	NM_000059.4(BRCA2):c.2426T>G (p.Leu809Ter)	675	BRCA2	Pathogenic	GRCh38	37786
single nucleotide variant	NM_000059.4(BRCA2):c.274C>T (p.Gln92Ter)	675	BRCA2	Pathogenic	GRCh38	37799
single nucleotide variant	NM_000059.4(BRCA2):c.2818C>T (p.Gln940Ter)	675	BRCA2	Pathogenic	GRCh38	37804
single nucleotide variant	NM_000059.4(BRCA2):c.2979G>A (p.Trp993Ter)	675	BRCA2	Pathogenic	GRCh38	37812
single nucleotide variant	NM_000059.4(BRCA2):c.3073A>T (p.Lys1025Ter)	675	BRCA2	Pathogenic	GRCh38	37818
single nucleotide variant	NM_000059.4(BRCA2):c.3109C>T (p.Gln1037Ter)	675	BRCA2	Pathogenic	GRCh38	37819
single nucleotide variant	NM_000059.4(BRCA2):c.3158T>G (p.Leu1053Ter)	675	BRCA2	Pathogenic	GRCh38	37820
single nucleotide variant	NM_000059.4(BRCA2):c.316+1G>A	675	BRCA2	Pathogenic/Likely pathogenic	GRCh38	37822
single nucleotide variant	NM_000059.4(BRCA2):c.316+1G>C	675	BRCA2	Pathogenic	GRCh38	37823
single nucleotide variant	NM_000059.4(BRCA2):c.3308T>G (p.Leu1103Ter)	675	BRCA2	Pathogenic	GRCh38	37834
single nucleotide variant	NM_000059.4(BRCA2):c.3922G>T (p.Glu1308Ter)	675	BRCA2	Pathogenic	GRCh38	37867
single nucleotide variant	NM_000059.4(BRCA2):c.396T>A (p.Cys132Ter)	675	BRCA2	Pathogenic	GRCh38	37869
single nucleotide variant	NM_000059.4(BRCA2):c.3G>T (p.Met1Ile)	675	BRCA2	Pathogenic	GRCh38	37871
single nucleotide variant	NM_000059.4(BRCA2):c.4151T>A (p.Leu1384Ter)	675	BRCA2	Pathogenic	GRCh38	37884
single nucleotide variant	NM_000059.4(BRCA2):c.4222C>T (p.Gln1408Ter)	675	BRCA2	Pathogenic	GRCh38	37889
single nucleotide variant	NM_000059.4(BRCA2):c.4243G>T (p.Glu1415Ter)	675	BRCA2	Pathogenic	GRCh38	37890
single nucleotide variant	NM_000059.4(BRCA2):c.476-1G>A	675	BRCA2	Pathogenic/Likely pathogenic	GRCh38	37922
single nucleotide variant	NM_000059.4(BRCA2):c.476-2A>G	675	BRCA2	Pathogenic	GRCh38	37923
single nucleotide variant	NM_000059.4(BRCA2):c.4965C>G (p.Tyr1655Ter)	675	BRCA2	Pathogenic	GRCh38	37936
single nucleotide variant	NM_000059.4(BRCA2):c.5000C>G (p.Ser1667Ter)	675	BRCA2	Pathogenic	GRCh38	37938
single nucleotide variant	NM_000059.4(BRCA2):c.5080A>T (p.Arg1694Ter)	675	BRCA2	Pathogenic	GRCh38	37944
single nucleotide variant	NM_000059.4(BRCA2):c.5614A>T (p.Lys1872Ter)	675	BRCA2	Pathogenic	GRCh38	37979
single nucleotide variant	NM_000059.4(BRCA2):c.5645C>A (p.Ser1882Ter)	675	BRCA2	Pathogenic	GRCh38	37984
single nucleotide variant	NM_000059.4(BRCA2):c.5655C>A (p.Cys1885Ter)	675	BRCA2	Pathogenic	GRCh38	37985
single nucleotide variant	NM_000059.4(BRCA2):c.566A>G (p.Asp189Gly)	675	BRCA2	Likely pathogenic	GRCh38	37986
single nucleotide variant	NM_000059.4(BRCA2):c.5682C>G (p.Tyr1894Ter)	675	BRCA2	Pathogenic	GRCh38	37989
single nucleotide variant	NM_000059.4(BRCA2):c.5782G>T (p.Glu1928Ter)	675	BRCA2	Pathogenic	GRCh38	37996
single nucleotide variant	NM_000059.4(BRCA2):c.582G>A (p.Trp194Ter)	675	BRCA2	Pathogenic	GRCh38	38000
single nucleotide variant	NM_000059.4(BRCA2):c.5855T>A (p.Leu1952Ter)	675	BRCA2	Pathogenic	GRCh38	38002
single nucleotide variant	NM_000059.4(BRCA2):c.5909C>A (p.Ser1970Ter)	675	BRCA2	Pathogenic	GRCh38	38007
single nucleotide variant	NM_000059.4(BRCA2):c.5980C>T (p.Gln1994Ter)	675	BRCA2	Pathogenic	GRCh38	38011
single nucleotide variant	NM_000059.4(BRCA2):c.6037A>T (p.Lys2013Ter)	675	BRCA2	Pathogenic	GRCh38	38016
single nucleotide variant	NM_000059.4(BRCA2):c.6206T>G (p.Leu2069Ter)	675	BRCA2	Pathogenic	GRCh38	38026
single nucleotide variant	NM_000059.4(BRCA2):c.631G>C (p.Val211Leu)	675	BRCA2	Pathogenic/Likely pathogenic	GRCh38	38035
single nucleotide variant	NM_000059.4(BRCA2):c.688A>T (p.Lys230Ter)	675	BRCA2	Pathogenic	GRCh38	38072
single nucleotide variant	NM_000059.4(BRCA2):c.6952C>T (p.Arg2318Ter)	675	BRCA2	Pathogenic	GRCh38	38076
single nucleotide variant	NM_000059.4(BRCA2):c.7007G>A (p.Arg2336His)	675	BRCA2	Pathogenic	GRCh38	38077
single nucleotide variant	NM_000059.4(BRCA2):c.7133C>G (p.Ser2378Ter)	675	BRCA2	Pathogenic	GRCh38	38085
single nucleotide variant	NM_000059.4(BRCA2):c.7258G>T (p.Glu2420Ter)	675	BRCA2	Pathogenic	GRCh38	38089
single nucleotide variant	NM_000059.4(BRCA2):c.7480C>T (p.Arg2494Ter)	675	BRCA2	Pathogenic	GRCh38	38099
single nucleotide variant	NM_000059.4(BRCA2):c.7618-1G>A	675	BRCA2	Pathogenic	GRCh38	38110
single nucleotide variant	NM_000059.4(BRCA2):c.7758G>A (p.Trp2586Ter)	675	BRCA2	Pathogenic	GRCh38	38116
single nucleotide variant	NM_000059.4(BRCA2):c.7857G>A (p.Trp2619Ter)	675	BRCA2	Pathogenic	GRCh38	38122
single nucleotide variant	NM_000059.4(BRCA2):c.7868A>G (p.His2623Arg)	675	BRCA2	Pathogenic/Likely pathogenic	GRCh38	38123
single nucleotide variant	NM_000059.4(BRCA2):c.7878G>A (p.Trp2626Ter)	675	BRCA2	Pathogenic	GRCh38	38124
single nucleotide variant	NM_000059.4(BRCA2):c.7878G>C (p.Trp2626Cys)	675	BRCA2	Pathogenic	GRCh38	38125
single nucleotide variant	NM_000059.4(BRCA2):c.7963C>T (p.Gln2655Ter)	675	BRCA2	Pathogenic	GRCh38	38128
single nucleotide variant	NM_000059.4(BRCA2):c.7974C>G (p.Tyr2658Ter)	675	BRCA2	Pathogenic	GRCh38	38129
single nucleotide variant	NM_000059.4(BRCA2):c.7975A>G (p.Arg2659Gly)	675	BRCA2	Pathogenic	GRCh38	38130
single nucleotide variant	NM_000059.4(BRCA2):c.7976G>A (p.Arg2659Lys)	675	BRCA2	Pathogenic	GRCh38	38131
single nucleotide variant	NM_000059.4(BRCA2):c.7977-1G>C	675	BRCA2	Pathogenic	GRCh38	38132
single nucleotide variant	NM_000059.4(BRCA2):c.8063T>C (p.Leu2688Pro)	675	BRCA2	Pathogenic/Likely pathogenic	GRCh38	38137
single nucleotide variant	NM_000059.4(BRCA2):c.8168A>G (p.Asp2723Gly)	675	BRCA2	Pathogenic	GRCh38	38141
single nucleotide variant	NM_000059.4(BRCA2):c.8331+1G>A	675	BRCA2	Pathogenic/Likely pathogenic	GRCh38	38154
single nucleotide variant	NM_000059.4(BRCA2):c.8350C>T (p.Arg2784Trp)	675	BRCA2	Pathogenic/Likely pathogenic	GRCh38	38155
single nucleotide variant	NM_000059.4(BRCA2):c.8378G>A (p.Gly2793Glu)	675	BRCA2	Likely pathogenic	GRCh38	38157
single nucleotide variant	NM_000059.4(BRCA2):c.8378G>T (p.Gly2793Val)	675	BRCA2	Likely pathogenic	GRCh38	38158
single nucleotide variant	NM_000059.4(BRCA2):c.8486A>G (p.Gln2829Arg)	675	BRCA2	Pathogenic/Likely pathogenic	GRCh38	38161
single nucleotide variant	NM_000059.4(BRCA2):c.8487+1G>T	675	BRCA2	Pathogenic	GRCh38	38162
single nucleotide variant	NM_000059.4(BRCA2):c.8488-1G>A	675	BRCA2	Pathogenic	GRCh38	38164
single nucleotide variant	NM_000059.4(BRCA2):c.8633-2A>G	675	BRCA2	Pathogenic	GRCh38	38172
single nucleotide variant	NM_000059.4(BRCA2):c.8677C>T (p.Gln2893Ter)	675	BRCA2	Pathogenic	GRCh38	38177
single nucleotide variant	NM_000059.4(BRCA2):c.8695C>T (p.Gln2899Ter)	675	BRCA2	Pathogenic	GRCh38	38179
single nucleotide variant	NM_000059.4(BRCA2):c.8754+2T>G	675	BRCA2	Likely pathogenic	GRCh38	38181
single nucleotide variant	NM_000059.4(BRCA2):c.8754+5G>A	675	BRCA2	Pathogenic/Likely pathogenic	GRCh38	38182
single nucleotide variant	NM_000059.4(BRCA2):c.8755-1G>A	675	BRCA2	Pathogenic	GRCh38	38183
single nucleotide variant	NM_000059.4(BRCA2):c.8755-9T>A	675	BRCA2	Likely pathogenic	GRCh38	38184
single nucleotide variant	NM_000059.4(BRCA2):c.8869C>T (p.Gln2957Ter)	675	BRCA2	Pathogenic	GRCh38	38190
single nucleotide variant	NM_000059.4(BRCA2):c.8951C>G (p.Ser2984Ter)	675	BRCA2	Pathogenic	GRCh38	38197
single nucleotide variant	NM_000059.4(BRCA2):c.8953+1G>T	675	BRCA2	Pathogenic	GRCh38	38198
single nucleotide variant	NM_000059.4(BRCA2):c.9004G>A (p.Glu3002Lys)	675	BRCA2	Pathogenic/Likely pathogenic	GRCh38	38201
single nucleotide variant	NM_000059.4(BRCA2):c.9016T>G (p.Tyr3006Asp)	675	BRCA2	Pathogenic	GRCh38	38202
single nucleotide variant	NM_000059.4(BRCA2):c.9076C>T (p.Gln3026Ter)	675	BRCA2	Pathogenic	GRCh38	38207
single nucleotide variant	NM_000059.4(BRCA2):c.9117G>A (p.Pro3039=)	675	BRCA2	Pathogenic	GRCh38	38215
single nucleotide variant	NM_000059.4(BRCA2):c.9294C>A (p.Tyr3098Ter)	675	BRCA2	Pathogenic	GRCh38	38228
single nucleotide variant	NM_000059.4(BRCA2):c.9294C>G (p.Tyr3098Ter)	675	BRCA2	Pathogenic	GRCh38	38229
single nucleotide variant	NM_000059.4(BRCA2):c.9302T>G (p.Leu3101Arg)	675	BRCA2	Pathogenic/Likely pathogenic	GRCh38	38230
single nucleotide variant	NM_000059.4(BRCA2):c.9371A>T (p.Asn3124Ile)	675	BRCA2	Pathogenic	GRCh38	38233
single nucleotide variant	NM_000059.4(BRCA2):c.9380G>A (p.Trp3127Ter)	675	BRCA2	Pathogenic	GRCh38	38235
single nucleotide variant	NM_000059.4(BRCA2):c.9523G>T (p.Glu3175Ter)	675	BRCA2	Pathogenic	GRCh38	38246
single nucleotide variant	NM_000059.4(BRCA2):c.9599C>G (p.Ser3200Ter)	675	BRCA2	Pathogenic	GRCh38	38253
single nucleotide variant	NM_000059.4(BRCA2):c.100G>T (p.Glu34Ter)	675	BRCA2	Pathogenic	GRCh38	51041
single nucleotide variant	NM_000059.4(BRCA2):c.10G>T (p.Gly4Ter)	675	BRCA2	Pathogenic	GRCh38	51063
single nucleotide variant	NM_000059.4(BRCA2):c.1103C>A (p.Ser368Ter)	675	BRCA2	Pathogenic	GRCh38	51064
single nucleotide variant	NM_000059.4(BRCA2):c.1117C>T (p.Gln373Ter)	675	BRCA2	Pathogenic	GRCh38	51065
single nucleotide variant	NM_000059.4(BRCA2):c.1153A>T (p.Lys385Ter)	675	BRCA2	Pathogenic	GRCh38	51073
single nucleotide variant	NM_000059.4(BRCA2):c.1180G>T (p.Glu394Ter)	675	BRCA2	Pathogenic	GRCh38	51076
single nucleotide variant	NM_000059.4(BRCA2):c.1202C>G (p.Ser401Ter)	675	BRCA2	Pathogenic	GRCh38	51081
single nucleotide variant	NM_000059.4(BRCA2):c.1241T>A (p.Leu414Ter)	675	BRCA2	Pathogenic	GRCh38	51089
single nucleotide variant	NM_000059.4(BRCA2):c.1261C>T (p.Gln421Ter)	675	BRCA2	Pathogenic	GRCh38	51092
single nucleotide variant	NM_000059.4(BRCA2):c.1327G>T (p.Glu443Ter)	675	BRCA2	Pathogenic	GRCh38	51102
single nucleotide variant	NM_000059.4(BRCA2):c.133G>T (p.Glu45Ter)	675	BRCA2	Pathogenic	GRCh38	51104
single nucleotide variant	NM_000059.4(BRCA2):c.1399A>T (p.Lys467Ter)	675	BRCA2	Pathogenic	GRCh38	51118
single nucleotide variant	NM_000059.4(BRCA2):c.1411G>T (p.Glu471Ter)	675	BRCA2	Pathogenic	GRCh38	51120
single nucleotide variant	NM_000059.4(BRCA2):c.1414C>T (p.Gln472Ter)	675	BRCA2	Pathogenic	GRCh38	51121
single nucleotide variant	NM_000059.4(BRCA2):c.1423G>T (p.Glu475Ter)	675	BRCA2	Pathogenic	GRCh38	51123
single nucleotide variant	NM_000059.4(BRCA2):c.1456C>T (p.Gln486Ter)	675	BRCA2	Pathogenic	GRCh38	51128
single nucleotide variant	NM_000059.4(BRCA2):c.145G>T (p.Glu49Ter)	675	BRCA2	Pathogenic	GRCh38	51129
single nucleotide variant	NM_000059.4(BRCA2):c.1528G>T (p.Glu510Ter)	675	BRCA2	Pathogenic	GRCh38	51139
single nucleotide variant	NM_000059.4(BRCA2):c.1594G>T (p.Glu532Ter)	675	BRCA2	Pathogenic	GRCh38	51149
single nucleotide variant	NM_000059.4(BRCA2):c.1670T>G (p.Leu557Ter)	675	BRCA2	Pathogenic	GRCh38	51170
single nucleotide variant	NM_000059.4(BRCA2):c.1681G>T (p.Gly561Ter)	675	BRCA2	Pathogenic	GRCh38	51174
single nucleotide variant	NM_000059.4(BRCA2):c.1689G>A (p.Trp563Ter)	675	BRCA2	Pathogenic	GRCh38	51175
single nucleotide variant	NM_000059.4(BRCA2):c.171C>G (p.Tyr57Ter)	675	BRCA2	Pathogenic	GRCh38	51179
single nucleotide variant	NM_000059.4(BRCA2):c.172G>T (p.Glu58Ter)	675	BRCA2	Pathogenic	GRCh38	51180
single nucleotide variant	NM_000059.4(BRCA2):c.1748T>A (p.Leu583Ter)	675	BRCA2	Pathogenic	GRCh38	51182
single nucleotide variant	NM_000059.4(BRCA2):c.1789G>T (p.Glu597Ter)	675	BRCA2	Pathogenic	GRCh38	51194
single nucleotide variant	NM_000059.4(BRCA2):c.1800T>G (p.Tyr600Ter)	675	BRCA2	Pathogenic	GRCh38	51199
single nucleotide variant	NM_000059.4(BRCA2):c.1825C>T (p.Gln609Ter)	675	BRCA2	Pathogenic	GRCh38	51209
single nucleotide variant	NM_000059.4(BRCA2):c.1855C>T (p.Gln619Ter)	675	BRCA2	Pathogenic	GRCh38	51216
single nucleotide variant	NM_000059.4(BRCA2):c.196C>T (p.Gln66Ter)	675	BRCA2	Pathogenic	GRCh38	51233
single nucleotide variant	NM_000059.4(BRCA2):c.2064T>G (p.Tyr688Ter)	675	BRCA2	Pathogenic	GRCh38	51240
single nucleotide variant	NM_000059.4(BRCA2):c.2224C>T (p.Gln742Ter)	675	BRCA2	Pathogenic	GRCh38	51257
single nucleotide variant	NM_000059.4(BRCA2):c.227C>G (p.Ser76Ter)	675	BRCA2	Pathogenic	GRCh38	51265
single nucleotide variant	NM_000059.4(BRCA2):c.2372C>A (p.Ser791Ter)	675	BRCA2	Pathogenic	GRCh38	51273
single nucleotide variant	NM_000059.4(BRCA2):c.2376C>A (p.Tyr792Ter)	675	BRCA2	Pathogenic	GRCh38	51274
single nucleotide variant	NM_000059.4(BRCA2):c.244A>T (p.Lys82Ter)	675	BRCA2	Pathogenic	GRCh38	51288
single nucleotide variant	NM_000059.4(BRCA2):c.2455C>T (p.Gln819Ter)	675	BRCA2	Pathogenic	GRCh38	51290
single nucleotide variant	NM_000059.4(BRCA2):c.2471T>G (p.Leu824Ter)	675	BRCA2	Pathogenic	GRCh38	51294
single nucleotide variant	NM_000059.4(BRCA2):c.250C>T (p.Gln84Ter)	675	BRCA2	Pathogenic	GRCh38	51298
single nucleotide variant	NM_000059.4(BRCA2):c.2517C>A (p.Tyr839Ter)	675	BRCA2	Pathogenic	GRCh38	51299
single nucleotide variant	NM_000059.4(BRCA2):c.2537C>G (p.Ser846Ter)	675	BRCA2	Pathogenic	GRCh38	51301
single nucleotide variant	NM_000059.4(BRCA2):c.2612C>A (p.Ser871Ter)	675	BRCA2	Pathogenic	GRCh38	51315
single nucleotide variant	NM_000059.4(BRCA2):c.273C>A (p.Tyr91Ter)	675	BRCA2	Pathogenic	GRCh38	51334
single nucleotide variant	NM_000059.4(BRCA2):c.273C>G (p.Tyr91Ter)	675	BRCA2	Pathogenic	GRCh38	51335
single nucleotide variant	NM_000059.4(BRCA2):c.2748T>A (p.Cys916Ter)	675	BRCA2	Pathogenic	GRCh38	51336
single nucleotide variant	NM_000059.4(BRCA2):c.2830A>T (p.Lys944Ter)	675	BRCA2	Pathogenic	GRCh38	51355
single nucleotide variant	NM_000059.4(BRCA2):c.2881C>T (p.Gln961Ter)	675	BRCA2	Pathogenic	GRCh38	51365
single nucleotide variant	NM_000059.4(BRCA2):c.289G>T (p.Glu97Ter)	675	BRCA2	Pathogenic	GRCh38	51368
single nucleotide variant	NM_000059.4(BRCA2):c.2912T>G (p.Leu971Ter)	675	BRCA2	Pathogenic	GRCh38	51369
single nucleotide variant	NM_000059.4(BRCA2):c.2950G>T (p.Glu984Ter)	675	BRCA2	Pathogenic	GRCh38	51376
single nucleotide variant	NM_000059.4(BRCA2):c.298A>T (p.Lys100Ter)	675	BRCA2	Pathogenic	GRCh38	51382
single nucleotide variant	NM_000059.4(BRCA2):c.2990T>A (p.Leu997Ter)	675	BRCA2	Pathogenic	GRCh38	51383
single nucleotide variant	NM_000059.4(BRCA2):c.2T>C (p.Met1Thr)	675	BRCA2	Pathogenic/Likely pathogenic	GRCh38	51384
single nucleotide variant	NM_000059.4(BRCA2):c.2T>G (p.Met1Arg)	675	BRCA2	Pathogenic	GRCh38	51385
single nucleotide variant	NM_000059.4(BRCA2):c.3043A>T (p.Lys1015Ter)	675	BRCA2	Pathogenic	GRCh38	51388
single nucleotide variant	NM_000059.4(BRCA2):c.3076A>T (p.Lys1026Ter)	675	BRCA2	Pathogenic	GRCh38	51395
single nucleotide variant	NM_000059.4(BRCA2):c.3103G>T (p.Glu1035Ter)	675	BRCA2	Pathogenic	GRCh38	51400
single nucleotide variant	NM_000059.4(BRCA2):c.314T>G (p.Leu105Ter)	675	BRCA2	Pathogenic	GRCh38	51406
single nucleotide variant	NM_000059.4(BRCA2):c.316+2T>C	675	BRCA2	Pathogenic	GRCh38	51407
single nucleotide variant	NM_000059.4(BRCA2):c.316+5G>A	675	BRCA2	Pathogenic	GRCh38	51409
single nucleotide variant	NM_000059.4(BRCA2):c.316+5G>C	675	BRCA2	Pathogenic	GRCh38	51410
single nucleotide variant	NM_000059.4(BRCA2):c.3166C>T (p.Gln1056Ter)	675	BRCA2	Pathogenic	GRCh38	51412
single nucleotide variant	NM_000059.4(BRCA2):c.3265C>T (p.Gln1089Ter)	675	BRCA2	Pathogenic	GRCh38	51438
single nucleotide variant	NM_000059.4(BRCA2):c.3283C>T (p.Gln1095Ter)	675	BRCA2	Pathogenic	GRCh38	51444
single nucleotide variant	NM_000059.4(BRCA2):c.3296C>G (p.Ser1099Ter)	675	BRCA2	Pathogenic	GRCh38	51446
single nucleotide variant	NM_000059.4(BRCA2):c.3319C>T (p.Gln1107Ter)	675	BRCA2	Pathogenic	GRCh38	51449
single nucleotide variant	NM_000059.4(BRCA2):c.3362C>G (p.Ser1121Ter)	675	BRCA2	Pathogenic	GRCh38	51453
single nucleotide variant	NM_000059.4(BRCA2):c.3442C>T (p.Gln1148Ter)	675	BRCA2	Pathogenic	GRCh38	51464
single nucleotide variant	NM_000059.4(BRCA2):c.3455T>G (p.Leu1152Ter)	675	BRCA2	Pathogenic	GRCh38	51470
single nucleotide variant	NM_000059.4(BRCA2):c.3469G>T (p.Glu1157Ter)	675	BRCA2	Pathogenic	GRCh38	51473
single nucleotide variant	NM_000059.4(BRCA2):c.3748G>T (p.Glu1250Ter)	675	BRCA2	Pathogenic	GRCh38	51514
single nucleotide variant	NM_000059.4(BRCA2):c.3785C>G (p.Ser1262Ter)	675	BRCA2	Pathogenic	GRCh38	51525
single nucleotide variant	NM_000059.4(BRCA2):c.37G>T (p.Glu13Ter)	675	BRCA2	Pathogenic	GRCh38	51527
single nucleotide variant	NM_000059.4(BRCA2):c.3812C>A (p.Ser1271Ter)	675	BRCA2	Pathogenic	GRCh38	51529
single nucleotide variant	NM_000059.4(BRCA2):c.3871C>T (p.Gln1291Ter)	675	BRCA2	Pathogenic	GRCh38	51550
single nucleotide variant	NM_000059.4(BRCA2):c.3881T>A (p.Leu1294Ter)	675	BRCA2	Pathogenic	GRCh38	51551
single nucleotide variant	NM_000059.4(BRCA2):c.3939C>A (p.Tyr1313Ter)	675	BRCA2	Pathogenic	GRCh38	51569
single nucleotide variant	NM_000059.4(BRCA2):c.3958G>T (p.Glu1320Ter)	675	BRCA2	Pathogenic	GRCh38	51573
single nucleotide variant	NM_000059.4(BRCA2):c.3967A>T (p.Lys1323Ter)	675	BRCA2	Pathogenic	GRCh38	51577
single nucleotide variant	NM_000059.4(BRCA2):c.3G>A (p.Met1Ile)	675	BRCA2	Pathogenic	GRCh38	51579
single nucleotide variant	NM_000059.4(BRCA2):c.4001T>A (p.Leu1334Ter)	675	BRCA2	Pathogenic	GRCh38	51580
single nucleotide variant	NM_000059.4(BRCA2):c.4095T>A (p.Cys1365Ter)	675	BRCA2	Pathogenic	GRCh38	51593
single nucleotide variant	NM_000059.4(BRCA2):c.4111C>T (p.Gln1371Ter)	675	BRCA2	Pathogenic	GRCh38	51599
single nucleotide variant	NM_000059.4(BRCA2):c.4285C>T (p.Gln1429Ter)	675	BRCA2	Pathogenic	GRCh38	51627
single nucleotide variant	NM_000059.4(BRCA2):c.4325C>A (p.Ser1442Ter)	675	BRCA2	Pathogenic	GRCh38	51633
single nucleotide variant	NM_000059.4(BRCA2):c.439C>T (p.Gln147Ter)	675	BRCA2	Pathogenic	GRCh38	51641
single nucleotide variant	NM_000059.4(BRCA2):c.4440T>G (p.Tyr1480Ter)	675	BRCA2	Pathogenic	GRCh38	51649
single nucleotide variant	NM_000059.4(BRCA2):c.4525C>T (p.Gln1509Ter)	675	BRCA2	Pathogenic	GRCh38	51659
single nucleotide variant	NM_000059.4(BRCA2):c.4552G>T (p.Glu1518Ter)	675	BRCA2	Pathogenic	GRCh38	51670
single nucleotide variant	NM_000059.4(BRCA2):c.4588A>T (p.Lys1530Ter)	675	BRCA2	Pathogenic	GRCh38	51678
single nucleotide variant	NM_000059.4(BRCA2):c.4684C>T (p.Gln1562Ter)	675	BRCA2	Pathogenic	GRCh38	51696
single nucleotide variant	NM_000059.4(BRCA2):c.475+1G>A	675	BRCA2	Pathogenic	GRCh38	51708
single nucleotide variant	NM_000059.4(BRCA2):c.475+1G>T	675	BRCA2	Pathogenic	GRCh38	51709
single nucleotide variant	NM_000059.4(BRCA2):c.475G>A (p.Val159Met)	675	BRCA2	Pathogenic/Likely pathogenic	GRCh38	51711
single nucleotide variant	NM_000059.4(BRCA2):c.4859T>G (p.Leu1620Ter)	675	BRCA2	Pathogenic	GRCh38	51730
single nucleotide variant	NM_000059.4(BRCA2):c.4889C>A (p.Ser1630Ter)	675	BRCA2	Pathogenic	GRCh38	51731
single nucleotide variant	NM_000059.4(BRCA2):c.4889C>G (p.Ser1630Ter)	675	BRCA2	Pathogenic	GRCh38	51732
single nucleotide variant	NM_000059.4(BRCA2):c.491T>A (p.Leu164Ter)	675	BRCA2	Pathogenic	GRCh38	51740
single nucleotide variant	NM_000059.4(BRCA2):c.4933A>T (p.Lys1645Ter)	675	BRCA2	Pathogenic	GRCh38	51744
single nucleotide variant	NM_000059.4(BRCA2):c.4965C>A (p.Tyr1655Ter)	675	BRCA2	Pathogenic	GRCh38	51750
single nucleotide variant	NM_000059.4(BRCA2):c.5101C>T (p.Gln1701Ter)	675	BRCA2	Pathogenic	GRCh38	51767
single nucleotide variant	NM_000059.4(BRCA2):c.5107G>T (p.Glu1703Ter)	675	BRCA2	Pathogenic	GRCh38	51770
single nucleotide variant	NM_000059.4(BRCA2):c.5159C>G (p.Ser1720Ter)	675	BRCA2	Pathogenic	GRCh38	51782
single nucleotide variant	NM_000059.4(BRCA2):c.516+1G>A	675	BRCA2	Pathogenic	GRCh38	51786
single nucleotide variant	NM_000059.4(BRCA2):c.516+1G>C	675	BRCA2	Pathogenic	GRCh38	51787
single nucleotide variant	NM_000059.4(BRCA2):c.516+2T>A	675	BRCA2	Pathogenic/Likely pathogenic	GRCh38	51789
single nucleotide variant	NM_000059.4(BRCA2):c.516G>A (p.Lys172=)	675	BRCA2	Likely pathogenic	GRCh38	51795
single nucleotide variant	NM_000059.4(BRCA2):c.517-1G>A	675	BRCA2	Pathogenic	GRCh38	51800
single nucleotide variant	NM_000059.4(BRCA2):c.517-2A>G	675	BRCA2	Pathogenic	GRCh38	51801
single nucleotide variant	NM_000059.4(BRCA2):c.5217T>A (p.Tyr1739Ter)	675	BRCA2	Pathogenic	GRCh38	51819
single nucleotide variant	NM_000059.4(BRCA2):c.5279C>G (p.Ser1760Ter)	675	BRCA2	Pathogenic	GRCh38	51833
single nucleotide variant	NM_000059.4(BRCA2):c.5286T>A (p.Tyr1762Ter)	675	BRCA2	Pathogenic	GRCh38	51836
single nucleotide variant	NM_000059.4(BRCA2):c.5291C>G (p.Ser1764Ter)	675	BRCA2	Pathogenic	GRCh38	51837
single nucleotide variant	NM_000059.4(BRCA2):c.5344C>T (p.Gln1782Ter)	675	BRCA2	Pathogenic	GRCh38	51842
single nucleotide variant	NM_000059.4(BRCA2):c.5404C>T (p.Gln1802Ter)	675	BRCA2	Pathogenic	GRCh38	51856
single nucleotide variant	NM_000059.4(BRCA2):c.5434G>T (p.Glu1812Ter)	675	BRCA2	Pathogenic	GRCh38	51862
single nucleotide variant	NM_000059.4(BRCA2):c.5569G>T (p.Glu1857Ter)	675	BRCA2	Pathogenic	GRCh38	51880
single nucleotide variant	NM_000059.4(BRCA2):c.5626G>T (p.Glu1876Ter)	675	BRCA2	Pathogenic	GRCh38	51894
single nucleotide variant	NM_000059.4(BRCA2):c.5656C>T (p.Gln1886Ter)	675	BRCA2	Pathogenic	GRCh38	51900
single nucleotide variant	NM_000059.4(BRCA2):c.5699C>A (p.Ser1900Ter)	675	BRCA2	Pathogenic	GRCh38	51910
single nucleotide variant	NM_000059.4(BRCA2):c.5734G>T (p.Glu1912Ter)	675	BRCA2	Pathogenic	GRCh38	51923
single nucleotide variant	NM_000059.4(BRCA2):c.5739T>A (p.Cys1913Ter)	675	BRCA2	Pathogenic	GRCh38	51924
single nucleotide variant	NM_000059.4(BRCA2):c.5773C>T (p.Gln1925Ter)	675	BRCA2	Pathogenic	GRCh38	51933
single nucleotide variant	NM_000059.4(BRCA2):c.5789T>A (p.Leu1930Ter)	675	BRCA2	Pathogenic	GRCh38	51937
single nucleotide variant	NM_000059.4(BRCA2):c.5791C>T (p.Gln1931Ter)	675	BRCA2	Pathogenic	GRCh38	51939
single nucleotide variant	NM_000059.4(BRCA2):c.581G>A (p.Trp194Ter)	675	BRCA2	Pathogenic	GRCh38	51943
single nucleotide variant	NM_000059.4(BRCA2):c.5857G>T (p.Glu1953Ter)	675	BRCA2	Pathogenic	GRCh38	51952
single nucleotide variant	NM_000059.4(BRCA2):c.5864C>A (p.Ser1955Ter)	675	BRCA2	Pathogenic	GRCh38	51954
single nucleotide variant	NM_000059.4(BRCA2):c.5864C>G (p.Ser1955Ter)	675	BRCA2	Pathogenic	GRCh38	51955
single nucleotide variant	NM_000059.4(BRCA2):c.5925T>A (p.Cys1975Ter)	675	BRCA2	Pathogenic	GRCh38	51964
single nucleotide variant	NM_000059.4(BRCA2):c.5959C>T (p.Gln1987Ter)	675	BRCA2	Pathogenic	GRCh38	51973
single nucleotide variant	NM_000059.4(BRCA2):c.5992C>T (p.Gln1998Ter)	675	BRCA2	Pathogenic	GRCh38	51983
single nucleotide variant	NM_000059.4(BRCA2):c.6025C>T (p.Gln2009Ter)	675	BRCA2	Pathogenic	GRCh38	51990
single nucleotide variant	NM_000059.4(BRCA2):c.6058G>T (p.Glu2020Ter)	675	BRCA2	Pathogenic	GRCh38	51996
single nucleotide variant	NM_000059.4(BRCA2):c.6065C>G (p.Ser2022Ter)	675	BRCA2	Pathogenic	GRCh38	51998
single nucleotide variant	NM_000059.4(BRCA2):c.6070C>T (p.Gln2024Ter)	675	BRCA2	Pathogenic	GRCh38	52000
single nucleotide variant	NM_000059.4(BRCA2):c.6082G>T (p.Glu2028Ter)	675	BRCA2	Pathogenic	GRCh38	52006
single nucleotide variant	NM_000059.4(BRCA2):c.6085G>T (p.Glu2029Ter)	675	BRCA2	Pathogenic	GRCh38	52008
single nucleotide variant	NM_000059.4(BRCA2):c.6124C>T (p.Gln2042Ter)	675	BRCA2	Pathogenic	GRCh38	52017
single nucleotide variant	NM_000059.4(BRCA2):c.6169G>T (p.Gly2057Ter)	675	BRCA2	Pathogenic	GRCh38	52023
single nucleotide variant	NM_000059.4(BRCA2):c.6239T>G (p.Leu2080Ter)	675	BRCA2	Pathogenic	GRCh38	52039
single nucleotide variant	NM_000059.4(BRCA2):c.6308C>A (p.Ser2103Ter)	675	BRCA2	Pathogenic	GRCh38	52052
single nucleotide variant	NM_000059.4(BRCA2):c.631+2T>C	675	BRCA2	Likely pathogenic	GRCh38	52053
single nucleotide variant	NM_000059.4(BRCA2):c.631+3A>G	675	BRCA2	Pathogenic/Likely pathogenic	GRCh38	52054
single nucleotide variant	NM_000059.4(BRCA2):c.631+4A>G	675	BRCA2	Likely pathogenic	GRCh38	52056
single nucleotide variant	NM_000059.4(BRCA2):c.631G>A (p.Val211Ile)	675	BRCA2	Pathogenic	GRCh38	52058
single nucleotide variant	NM_000059.4(BRCA2):c.632-1G>A	675	BRCA2	Pathogenic	GRCh38	52060
single nucleotide variant	NM_000059.4(BRCA2):c.632-2A>G	675	BRCA2	Pathogenic	GRCh38	52063
single nucleotide variant	NM_000059.4(BRCA2):c.6359C>G (p.Ser2120Ter)	675	BRCA2	Pathogenic	GRCh38	52073
single nucleotide variant	NM_000059.4(BRCA2):c.6382A>T (p.Lys2128Ter)	675	BRCA2	Pathogenic	GRCh38	52077
single nucleotide variant	NM_000059.4(BRCA2):c.6462T>G (p.Tyr2154Ter)	675	BRCA2	Pathogenic	GRCh38	52111
single nucleotide variant	NM_000059.4(BRCA2):c.6469C>T (p.Gln2157Ter)	675	BRCA2	Pathogenic	GRCh38	52112
single nucleotide variant	NM_000059.4(BRCA2):c.6490C>T (p.Gln2164Ter)	675	BRCA2	Pathogenic	GRCh38	52113
single nucleotide variant	NM_000059.4(BRCA2):c.652G>T (p.Glu218Ter)	675	BRCA2	Pathogenic	GRCh38	52121
single nucleotide variant	NM_000059.4(BRCA2):c.6547G>T (p.Glu2183Ter)	675	BRCA2	Pathogenic	GRCh38	52125
single nucleotide variant	NM_000059.4(BRCA2):c.6557C>A (p.Ser2186Ter)	675	BRCA2	Pathogenic	GRCh38	52128
single nucleotide variant	NM_000059.4(BRCA2):c.6656C>G (p.Ser2219Ter)	675	BRCA2	Pathogenic	GRCh38	52149
single nucleotide variant	NM_000059.4(BRCA2):c.67+1G>A	675	BRCA2	Pathogenic	GRCh38	52160
single nucleotide variant	NM_000059.4(BRCA2):c.67+1G>T	675	BRCA2	Pathogenic	GRCh38	52161
single nucleotide variant	NM_000059.4(BRCA2):c.67+2T>A	675	BRCA2	Pathogenic	GRCh38	52162
single nucleotide variant	NM_000059.4(BRCA2):c.67+2T>C	675	BRCA2	Pathogenic	GRCh38	52163
single nucleotide variant	NM_000059.4(BRCA2):c.6715G>T (p.Glu2239Ter)	675	BRCA2	Pathogenic	GRCh38	52168
single nucleotide variant	NM_000059.4(BRCA2):c.6768T>A (p.Cys2256Ter)	675	BRCA2	Pathogenic	GRCh38	52180
single nucleotide variant	NM_000059.4(BRCA2):c.67G>T (p.Asp23Tyr)	675	BRCA2	Pathogenic/Likely pathogenic	GRCh38	52185
single nucleotide variant	NM_000059.4(BRCA2):c.6800C>A (p.Ser2267Ter)	675	BRCA2	Pathogenic	GRCh38	52190
single nucleotide variant	NM_000059.4(BRCA2):c.681+4A>G	675	BRCA2	Pathogenic/Likely pathogenic	GRCh38	52193
single nucleotide variant	NM_000059.4(BRCA2):c.682-1G>C	675	BRCA2	Pathogenic/Likely pathogenic	GRCh38	52198
single nucleotide variant	NM_000059.4(BRCA2):c.6938-2A>G	675	BRCA2	Pathogenic	GRCh38	52222
single nucleotide variant	NM_000059.4(BRCA2):c.7007+1G>C	675	BRCA2	Pathogenic/Likely pathogenic	GRCh38	52237
single nucleotide variant	NM_000059.4(BRCA2):c.7007+1G>T	675	BRCA2	Pathogenic/Likely pathogenic	GRCh38	52238
single nucleotide variant	NM_000059.4(BRCA2):c.7007+5G>C	675	BRCA2	Pathogenic/Likely pathogenic	GRCh38	52240
single nucleotide variant	NM_000059.4(BRCA2):c.7007G>C (p.Arg2336Pro)	675	BRCA2	Pathogenic/Likely pathogenic	GRCh38	52241
single nucleotide variant	NM_000059.4(BRCA2):c.7007G>T (p.Arg2336Leu)	675	BRCA2	Pathogenic/Likely pathogenic	GRCh38	52242
single nucleotide variant	NM_000059.4(BRCA2):c.7008-2A>G	675	BRCA2	Pathogenic	GRCh38	52245
single nucleotide variant	NM_000059.4(BRCA2):c.7008-2A>T	675	BRCA2	Pathogenic	GRCh38	52246
single nucleotide variant	NM_000059.4(BRCA2):c.7024C>T (p.Gln2342Ter)	675	BRCA2	Pathogenic	GRCh38	52250
single nucleotide variant	NM_000059.4(BRCA2):c.7060C>T (p.Gln2354Ter)	675	BRCA2	Pathogenic	GRCh38	52261
single nucleotide variant	NM_000059.4(BRCA2):c.7115C>G (p.Ser2372Ter)	675	BRCA2	Pathogenic	GRCh38	52271
single nucleotide variant	NM_000059.4(BRCA2):c.7180A>T (p.Arg2394Ter)	675	BRCA2	Pathogenic	GRCh38	52279
single nucleotide variant	NM_000059.4(BRCA2):c.71T>A (p.Leu24Ter)	675	BRCA2	Pathogenic	GRCh38	52285
single nucleotide variant	NM_000059.4(BRCA2):c.7241C>G (p.Ser2414Ter)	675	BRCA2	Pathogenic	GRCh38	52296
single nucleotide variant	NM_000059.4(BRCA2):c.7261C>T (p.Gln2421Ter)	675	BRCA2	Pathogenic	GRCh38	52301
single nucleotide variant	NM_000059.4(BRCA2):c.7303C>T (p.Gln2435Ter)	675	BRCA2	Pathogenic	GRCh38	52305
single nucleotide variant	NM_000059.4(BRCA2):c.733A>T (p.Arg245Ter)	675	BRCA2	Pathogenic	GRCh38	52311
single nucleotide variant	NM_000059.4(BRCA2):c.7375A>T (p.Lys2459Ter)	675	BRCA2	Pathogenic	GRCh38	52314
single nucleotide variant	NM_000059.4(BRCA2):c.7436-2A>T	675	BRCA2	Pathogenic/Likely pathogenic	GRCh38	52330
single nucleotide variant	NM_000059.4(BRCA2):c.7471C>T (p.Gln2491Ter)	675	BRCA2	Pathogenic	GRCh38	52339
single nucleotide variant	NM_000059.4(BRCA2):c.7558C>T (p.Arg2520Ter)	675	BRCA2	Pathogenic	GRCh38	52353
single nucleotide variant	NM_000059.4(BRCA2):c.7612A>T (p.Lys2538Ter)	675	BRCA2	Pathogenic	GRCh38	52361
single nucleotide variant	NM_000059.4(BRCA2):c.7617+1G>A	675	BRCA2	Pathogenic	GRCh38	52362
single nucleotide variant	NM_000059.4(BRCA2):c.7617+1G>T	675	BRCA2	Pathogenic	GRCh38	52363
single nucleotide variant	NM_000059.4(BRCA2):c.7617+2T>G	675	BRCA2	Pathogenic	GRCh38	52364
single nucleotide variant	NM_000059.4(BRCA2):c.7618-1G>C	675	BRCA2	Likely pathogenic	GRCh38	52368
single nucleotide variant	NM_000059.4(BRCA2):c.7647C>A (p.Cys2549Ter)	675	BRCA2	Pathogenic	GRCh38	52377
single nucleotide variant	NM_000059.4(BRCA2):c.7681C>T (p.Gln2561Ter)	675	BRCA2	Pathogenic	GRCh38	52386
single nucleotide variant	NM_000059.4(BRCA2):c.7721G>A (p.Trp2574Ter)	675	BRCA2	Pathogenic	GRCh38	52394
single nucleotide variant	NM_000059.4(BRCA2):c.772C>T (p.Gln258Ter)	675	BRCA2	Pathogenic	GRCh38	52395
single nucleotide variant	NM_000059.4(BRCA2):c.7738C>T (p.Gln2580Ter)	675	BRCA2	Pathogenic	GRCh38	52396
single nucleotide variant	NM_000059.4(BRCA2):c.7753G>A (p.Gly2585Arg)	675	BRCA2	Likely pathogenic	GRCh38	52400
single nucleotide variant	NM_000059.4(BRCA2):c.7757G>A (p.Trp2586Ter)	675	BRCA2	Pathogenic	GRCh38	52401
single nucleotide variant	NM_000059.4(BRCA2):c.775A>T (p.Arg259Ter)	675	BRCA2	Pathogenic	GRCh38	52402
single nucleotide variant	NM_000059.4(BRCA2):c.7805+1G>A	675	BRCA2	Pathogenic	GRCh38	52410
single nucleotide variant	NM_000059.4(BRCA2):c.7805+3A>C	675	BRCA2	Likely pathogenic	GRCh38	52411
single nucleotide variant	NM_000059.4(BRCA2):c.7805G>C (p.Arg2602Thr)	675	BRCA2	Pathogenic	GRCh38	52415
single nucleotide variant	NM_000059.4(BRCA2):c.7806-1G>T	675	BRCA2	Pathogenic	GRCh38	52417
single nucleotide variant	NM_000059.4(BRCA2):c.7806-2A>G	675	BRCA2	Pathogenic	GRCh38	52418
single nucleotide variant	NM_000059.4(BRCA2):c.7806-9T>G	675	BRCA2	Pathogenic	GRCh38	52420
single nucleotide variant	NM_000059.4(BRCA2):c.7819A>C (p.Thr2607Pro)	675	BRCA2	Likely pathogenic	GRCh38	52422
single nucleotide variant	NM_000059.4(BRCA2):c.7826G>A (p.Gly2609Asp)	675	BRCA2	Pathogenic/Likely pathogenic	GRCh38	52423
single nucleotide variant	NM_000059.4(BRCA2):c.7856G>A (p.Trp2619Ter)	675	BRCA2	Pathogenic	GRCh38	52427
single nucleotide variant	NM_000059.4(BRCA2):c.7863T>A (p.Tyr2621Ter)	675	BRCA2	Pathogenic	GRCh38	52428
single nucleotide variant	NM_000059.4(BRCA2):c.7879A>T (p.Ile2627Phe)	675	BRCA2	Pathogenic	GRCh38	52430
single nucleotide variant	NM_000059.4(BRCA2):c.7886G>A (p.Trp2629Ter)	675	BRCA2	Pathogenic	GRCh38	52432
single nucleotide variant	NM_000059.4(BRCA2):c.7908T>A (p.Cys2636Ter)	675	BRCA2	Pathogenic	GRCh38	52433
single nucleotide variant	NM_000059.4(BRCA2):c.793+1G>A	675	BRCA2	Pathogenic/Likely pathogenic	GRCh38	52437
single nucleotide variant	NM_000059.4(BRCA2):c.793+1G>T	675	BRCA2	Pathogenic/Likely pathogenic	GRCh38	52438
single nucleotide variant	NM_000059.4(BRCA2):c.7940T>C (p.Leu2647Pro)	675	BRCA2	Pathogenic/Likely pathogenic	GRCh38	52443
single nucleotide variant	NM_000059.4(BRCA2):c.7958T>C (p.Leu2653Pro)	675	BRCA2	Pathogenic/Likely pathogenic	GRCh38	52447
single nucleotide variant	NM_000059.4(BRCA2):c.7964A>G (p.Gln2655Arg)	675	BRCA2	Pathogenic/Likely pathogenic	GRCh38	52450
single nucleotide variant	NM_000059.4(BRCA2):c.7976+1G>A	675	BRCA2	Pathogenic	GRCh38	52452
single nucleotide variant	NM_000059.4(BRCA2):c.7976G>C (p.Arg2659Thr)	675	BRCA2	Pathogenic	GRCh38	52455
single nucleotide variant	NM_000059.4(BRCA2):c.7978T>G (p.Tyr2660Asp)	675	BRCA2	Pathogenic/Likely pathogenic	GRCh38	52458
single nucleotide variant	NM_000059.4(BRCA2):c.7980T>G (p.Tyr2660Ter)	675	BRCA2	Pathogenic	GRCh38	52459
single nucleotide variant	NM_000059.4(BRCA2):c.7987G>A (p.Glu2663Lys)	675	BRCA2	Pathogenic/Likely pathogenic	GRCh38	52461
single nucleotide variant	NM_000059.4(BRCA2):c.7988A>T (p.Glu2663Val)	675	BRCA2	Pathogenic	GRCh38	52462
single nucleotide variant	NM_000059.4(BRCA2):c.7996A>T (p.Arg2666Ter)	675	BRCA2	Pathogenic	GRCh38	52465
single nucleotide variant	NM_000059.4(BRCA2):c.8002A>T (p.Arg2668Ter)	675	BRCA2	Pathogenic	GRCh38	52468
single nucleotide variant	NM_000059.4(BRCA2):c.8009C>A (p.Ser2670Ter)	675	BRCA2	Pathogenic	GRCh38	52470
single nucleotide variant	NM_000059.4(BRCA2):c.8009C>T (p.Ser2670Leu)	675	BRCA2	Pathogenic/Likely pathogenic	GRCh38	52471
single nucleotide variant	NM_000059.4(BRCA2):c.8023A>G (p.Ile2675Val)	675	BRCA2	Pathogenic	GRCh38	52475
single nucleotide variant	NM_000059.4(BRCA2):c.8057T>C (p.Leu2686Pro)	675	BRCA2	Pathogenic/Likely pathogenic	GRCh38	52489
single nucleotide variant	NM_000059.4(BRCA2):c.8067T>A (p.Cys2689Ter)	675	BRCA2	Pathogenic	GRCh38	52493
single nucleotide variant	NM_000059.4(BRCA2):c.8084C>G (p.Ser2695Ter)	675	BRCA2	Pathogenic	GRCh38	52499
single nucleotide variant	NM_000059.4(BRCA2):c.8087T>A (p.Leu2696Ter)	675	BRCA2	Pathogenic	GRCh38	52501
single nucleotide variant	NM_000059.4(BRCA2):c.809C>G (p.Ser270Ter)	675	BRCA2	Pathogenic	GRCh38	52505
single nucleotide variant	NM_000059.4(BRCA2):c.8140C>T (p.Gln2714Ter)	675	BRCA2	Pathogenic	GRCh38	52511
single nucleotide variant	NM_000059.4(BRCA2):c.8162T>A (p.Leu2721His)	675	BRCA2	Likely pathogenic	GRCh38	52513
single nucleotide variant	NM_000059.4(BRCA2):c.8167G>C (p.Asp2723His)	675	BRCA2	Pathogenic	GRCh38	52515
single nucleotide variant	NM_000059.4(BRCA2):c.8168A>C (p.Asp2723Ala)	675	BRCA2	Pathogenic	GRCh38	52516
single nucleotide variant	NM_000059.4(BRCA2):c.8171G>T (p.Gly2724Val)	675	BRCA2	Pathogenic/Likely pathogenic	GRCh38	52517
single nucleotide variant	NM_000059.4(BRCA2):c.8175G>A (p.Trp2725Ter)	675	BRCA2	Pathogenic	GRCh38	52519
single nucleotide variant	NM_000059.4(BRCA2):c.8177A>G (p.Tyr2726Cys)	675	BRCA2	Pathogenic/Likely pathogenic	GRCh38	52520
single nucleotide variant	NM_000059.4(BRCA2):c.818C>A (p.Ser273Ter)	675	BRCA2	Pathogenic	GRCh38	52523
single nucleotide variant	NM_000059.4(BRCA2):c.818C>G (p.Ser273Ter)	675	BRCA2	Pathogenic	GRCh38	52524
single nucleotide variant	NM_000059.4(BRCA2):c.8191C>T (p.Gln2731Ter)	675	BRCA2	Pathogenic	GRCh38	52525
single nucleotide variant	NM_000059.4(BRCA2):c.8195T>G (p.Leu2732Ter)	675	BRCA2	Pathogenic	GRCh38	52526
single nucleotide variant	NM_000059.4(BRCA2):c.8243G>A (p.Gly2748Asp)	675	BRCA2	Pathogenic	GRCh38	52535
single nucleotide variant	NM_000059.4(BRCA2):c.8314G>T (p.Glu2772Ter)	675	BRCA2	Pathogenic	GRCh38	52543
single nucleotide variant	NM_000059.4(BRCA2):c.8327T>G (p.Leu2776Ter)	675	BRCA2	Pathogenic	GRCh38	52548
single nucleotide variant	NM_000059.4(BRCA2):c.8331+1G>T	675	BRCA2	Likely pathogenic	GRCh38	52550
single nucleotide variant	NM_000059.4(BRCA2):c.8332-1G>C	675	BRCA2	Pathogenic/Likely pathogenic	GRCh38	52553
single nucleotide variant	NM_000059.4(BRCA2):c.8362T>C (p.Trp2788Arg)	675	BRCA2	Likely pathogenic	GRCh38	52563
single nucleotide variant	NM_000059.4(BRCA2):c.8363G>A (p.Trp2788Ter)	675	BRCA2	Pathogenic	GRCh38	52564
single nucleotide variant	NM_000059.4(BRCA2):c.8364G>A (p.Trp2788Ter)	675	BRCA2	Pathogenic	GRCh38	52566
single nucleotide variant	NM_000059.4(BRCA2):c.8375T>C (p.Leu2792Pro)	675	BRCA2	Likely pathogenic	GRCh38	52568
single nucleotide variant	NM_000059.4(BRCA2):c.8377G>A (p.Gly2793Arg)	675	BRCA2	Pathogenic/Likely pathogenic	GRCh38	52569
single nucleotide variant	NM_000059.4(BRCA2):c.8451T>A (p.Cys2817Ter)	675	BRCA2	Pathogenic	GRCh38	52591
single nucleotide variant	NM_000059.4(BRCA2):c.8485C>T (p.Gln2829Ter)	675	BRCA2	Pathogenic	GRCh38	52600
single nucleotide variant	NM_000059.4(BRCA2):c.8487+1G>A	675	BRCA2	Pathogenic	GRCh38	52602
single nucleotide variant	NM_000059.4(BRCA2):c.8487+3A>G	675	BRCA2	Pathogenic/Likely pathogenic	GRCh38	52603
single nucleotide variant	NM_000059.4(BRCA2):c.8489G>A (p.Trp2830Ter)	675	BRCA2	Pathogenic	GRCh38	52605
single nucleotide variant	NM_000059.4(BRCA2):c.8504C>A (p.Ser2835Ter)	675	BRCA2	Pathogenic	GRCh38	52607
single nucleotide variant	NM_000059.4(BRCA2):c.8572C>T (p.Gln2858Ter)	675	BRCA2	Pathogenic	GRCh38	52624
single nucleotide variant	NM_000059.4(BRCA2):c.8575C>T (p.Gln2859Ter)	675	BRCA2	Pathogenic	GRCh38	52626
single nucleotide variant	NM_000059.4(BRCA2):c.8594T>A (p.Leu2865Ter)	675	BRCA2	Pathogenic	GRCh38	52630
single nucleotide variant	NM_000059.4(BRCA2):c.8620G>T (p.Glu2874Ter)	675	BRCA2	Pathogenic	GRCh38	52635
single nucleotide variant	NM_000059.4(BRCA2):c.8629G>T (p.Glu2877Ter)	675	BRCA2	Pathogenic	GRCh38	52636
single nucleotide variant	NM_000059.4(BRCA2):c.8632+1G>A	675	BRCA2	Pathogenic	GRCh38	52638
single nucleotide variant	NM_000059.4(BRCA2):c.8632+2T>G	675	BRCA2	Pathogenic/Likely pathogenic	GRCh38	52640
single nucleotide variant	NM_000059.4(BRCA2):c.8633-2A>T	675	BRCA2	Pathogenic	GRCh38	52644
single nucleotide variant	NM_000059.4(BRCA2):c.8644A>T (p.Lys2882Ter)	675	BRCA2	Pathogenic	GRCh38	52648
single nucleotide variant	NM_000059.4(BRCA2):c.8680C>T (p.Gln2894Ter)	675	BRCA2	Pathogenic	GRCh38	52658
single nucleotide variant	NM_000059.4(BRCA2):c.8754+1G>A	675	BRCA2	Pathogenic	GRCh38	52667
single nucleotide variant	NM_000059.4(BRCA2):c.8754+3G>C	675	BRCA2	Pathogenic/Likely pathogenic	GRCh38	52668
single nucleotide variant	NM_000059.4(BRCA2):c.8754+4A>G	675	BRCA2	Pathogenic	GRCh38	52669
single nucleotide variant	NM_000059.4(BRCA2):c.8754G>A (p.Glu2918=)	675	BRCA2	Pathogenic/Likely pathogenic	GRCh38	52671
single nucleotide variant	NM_000059.4(BRCA2):c.8770G>T (p.Glu2924Ter)	675	BRCA2	Pathogenic	GRCh38	52675
single nucleotide variant	NM_000059.4(BRCA2):c.8773C>T (p.Gln2925Ter)	675	BRCA2	Pathogenic	GRCh38	52676
single nucleotide variant	NM_000059.4(BRCA2):c.880G>T (p.Glu294Ter)	675	BRCA2	Pathogenic	GRCh38	52683
single nucleotide variant	NM_000059.4(BRCA2):c.8821C>T (p.Gln2941Ter)	675	BRCA2	Pathogenic	GRCh38	52686
single nucleotide variant	NM_000059.4(BRCA2):c.8878C>T (p.Gln2960Ter)	675	BRCA2	Pathogenic	GRCh38	52694
single nucleotide variant	NM_000059.4(BRCA2):c.8933C>A (p.Ser2978Ter)	675	BRCA2	Pathogenic	GRCh38	52704
single nucleotide variant	NM_000059.4(BRCA2):c.8953+1G>A	675	BRCA2	Pathogenic/Likely pathogenic	GRCh38	52709
single nucleotide variant	NM_000059.4(BRCA2):c.8954-3C>G	675	BRCA2	Likely pathogenic	GRCh38	52712
single nucleotide variant	NM_000059.4(BRCA2):c.8970G>A (p.Trp2990Ter)	675	BRCA2	Pathogenic	GRCh38	52716
single nucleotide variant	NM_000059.4(BRCA2):c.8978C>A (p.Ser2993Ter)	675	BRCA2	Pathogenic	GRCh38	52717
single nucleotide variant	NM_000059.4(BRCA2):c.8991T>G (p.Tyr2997Ter)	675	BRCA2	Pathogenic	GRCh38	52722
single nucleotide variant	NM_000059.4(BRCA2):c.8999T>A (p.Leu3000Ter)	675	BRCA2	Pathogenic	GRCh38	52724
single nucleotide variant	NM_000059.4(BRCA2):c.9007G>T (p.Gly3003Ter)	675	BRCA2	Pathogenic	GRCh38	52726
single nucleotide variant	NM_000059.4(BRCA2):c.9018C>A (p.Tyr3006Ter)	675	BRCA2	Pathogenic	GRCh38	52728
single nucleotide variant	NM_000059.4(BRCA2):c.9041C>A (p.Ser3014Ter)	675	BRCA2	Pathogenic	GRCh38	52733
single nucleotide variant	NM_000059.4(BRCA2):c.9100C>T (p.Gln3034Ter)	675	BRCA2	Pathogenic	GRCh38	52749
single nucleotide variant	NM_000059.4(BRCA2):c.9109C>T (p.Gln3037Ter)	675	BRCA2	Pathogenic	GRCh38	52752
single nucleotide variant	NM_000059.4(BRCA2):c.9117+1G>A	675	BRCA2	Pathogenic	GRCh38	52754
single nucleotide variant	NM_000059.4(BRCA2):c.9117+1G>T	675	BRCA2	Pathogenic	GRCh38	52755
single nucleotide variant	NM_000059.4(BRCA2):c.9117+2T>A	675	BRCA2	Pathogenic	GRCh38	52756
single nucleotide variant	NM_000059.4(BRCA2):c.9118-2A>G	675	BRCA2	Pathogenic	GRCh38	52759
single nucleotide variant	NM_000059.4(BRCA2):c.9148C>T (p.Gln3050Ter)	675	BRCA2	Pathogenic	GRCh38	52762
single nucleotide variant	NM_000059.4(BRCA2):c.9154C>T (p.Arg3052Trp)	675	BRCA2	Pathogenic	GRCh38	52763
single nucleotide variant	NM_000059.4(BRCA2):c.9182T>A (p.Leu3061Ter)	675	BRCA2	Pathogenic	GRCh38	52769
single nucleotide variant	NM_000059.4(BRCA2):c.91T>C (p.Trp31Arg)	675	BRCA2	Likely pathogenic	GRCh38	52775
single nucleotide variant	NM_000059.4(BRCA2):c.9207T>A (p.Cys3069Ter)	675	BRCA2	Pathogenic	GRCh38	52776
single nucleotide variant	NM_000059.4(BRCA2):c.9227G>A (p.Gly3076Glu)	675	BRCA2	Likely pathogenic	GRCh38	52780
single nucleotide variant	NM_000059.4(BRCA2):c.9247A>T (p.Lys3083Ter)	675	BRCA2	Pathogenic	GRCh38	52783
single nucleotide variant	NM_000059.4(BRCA2):c.9256+1G>A	675	BRCA2	Pathogenic/Likely pathogenic	GRCh38	52787
single nucleotide variant	NM_000059.4(BRCA2):c.9256G>T (p.Gly3086Ter)	675	BRCA2	Pathogenic	GRCh38	52788
single nucleotide variant	NM_000059.4(BRCA2):c.9257-1G>A	675	BRCA2	Pathogenic/Likely pathogenic	GRCh38	52792
single nucleotide variant	NM_000059.4(BRCA2):c.9257-1G>C	675	BRCA2	Pathogenic	GRCh38	52793
single nucleotide variant	NM_000059.4(BRCA2):c.9276T>G (p.Tyr3092Ter)	675	BRCA2	Pathogenic	GRCh38	52803
single nucleotide variant	NM_000059.4(BRCA2):c.9285C>G (p.Asp3095Glu)	675	BRCA2	Pathogenic	GRCh38	52805
single nucleotide variant	NM_000059.4(BRCA2):c.9286G>T (p.Glu3096Ter)	675	BRCA2	Pathogenic	GRCh38	52806
single nucleotide variant	NM_000059.4(BRCA2):c.9291T>A (p.Cys3097Ter)	675	BRCA2	Pathogenic	GRCh38	52807
single nucleotide variant	NM_000059.4(BRCA2):c.92G>A (p.Trp31Ter)	675	BRCA2	Pathogenic	GRCh38	52808
single nucleotide variant	NM_000059.4(BRCA2):c.9317G>A (p.Trp3106Ter)	675	BRCA2	Pathogenic	GRCh38	52814
single nucleotide variant	NM_000059.4(BRCA2):c.9331G>T (p.Glu3111Ter)	675	BRCA2	Pathogenic	GRCh38	52816
single nucleotide variant	NM_000059.4(BRCA2):c.9356T>G (p.Leu3119Ter)	675	BRCA2	Pathogenic	GRCh38	52819
single nucleotide variant	NM_000059.4(BRCA2):c.9374T>A (p.Leu3125His)	675	BRCA2	Likely pathogenic	GRCh38	52823
single nucleotide variant	NM_000059.4(BRCA2):c.9376C>T (p.Gln3126Ter)	675	BRCA2	Pathogenic	GRCh38	52825
single nucleotide variant	NM_000059.4(BRCA2):c.9382C>T (p.Arg3128Ter)	675	BRCA2	Pathogenic	GRCh38	52826
single nucleotide variant	NM_000059.4(BRCA2):c.93G>A (p.Trp31Ter)	675	BRCA2	Pathogenic	GRCh38	52829
single nucleotide variant	NM_000059.4(BRCA2):c.9466C>T (p.Gln3156Ter)	675	BRCA2	Pathogenic	GRCh38	52844
single nucleotide variant	NM_000059.4(BRCA2):c.9481A>T (p.Lys3161Ter)	675	BRCA2	Pathogenic	GRCh38	52848
single nucleotide variant	NM_000059.4(BRCA2):c.9501+1G>A	675	BRCA2	Pathogenic/Likely pathogenic	GRCh38	52853
single nucleotide variant	NM_000059.4(BRCA2):c.9501G>A (p.Glu3167=)	675	BRCA2	Pathogenic	GRCh38	52855
single nucleotide variant	NM_000059.4(BRCA2):c.9502-28A>G	675	BRCA2	Likely pathogenic	GRCh38	52857
single nucleotide variant	NM_000059.4(BRCA2):c.9502-2A>C	675	BRCA2	Pathogenic/Likely pathogenic	GRCh38	52858
single nucleotide variant	NM_000059.4(BRCA2):c.952A>T (p.Lys318Ter)	675	BRCA2	Pathogenic	GRCh38	52863
single nucleotide variant	NM_000059.4(BRCA2):c.9572G>A (p.Trp3191Ter)	675	BRCA2	Pathogenic	GRCh38	52871
single nucleotide variant	NM_000059.4(BRCA2):c.961C>T (p.Gln321Ter)	675	BRCA2	Pathogenic	GRCh38	52876
single nucleotide variant	NM_000059.4(BRCA2):c.9649-2A>G	675	BRCA2	Pathogenic/Likely pathogenic	GRCh38	52885
single nucleotide variant	NM_000059.4(BRCA2):c.97G>T (p.Glu33Ter)	675	BRCA2	Pathogenic	GRCh38	52900
single nucleotide variant	NM_000059.4(BRCA2):c.9883C>T (p.Gln3295Ter)	675	BRCA2	Pathogenic	GRCh38	52911
single nucleotide variant	NM_000059.4(BRCA2):c.9924C>G (p.Tyr3308Ter)	675	BRCA2	Pathogenic	GRCh38	52916
single nucleotide variant	NM_000059.4(BRCA2):c.1325C>A (p.Ser442Ter)	675	BRCA2	Pathogenic	GRCh38	55790
single nucleotide variant	NM_000059.4(BRCA2):c.6487C>T (p.Gln2163Ter)	675	BRCA2	Pathogenic	GRCh38	91451
single nucleotide variant	NM_000059.4(BRCA2):c.6586A>T (p.Lys2196Ter)	675	BRCA2	Pathogenic	GRCh38	91453
single nucleotide variant	NC_000013.11:g.32363535T>A	675	BRCA2	Likely pathogenic	GRCh38	91507
single nucleotide variant	NM_000059.4(BRCA2):c.8581A>T (p.Arg2861Ter)	675	BRCA2	Pathogenic	GRCh38	91515
single nucleotide variant	NM_000059.4(BRCA2):c.9127G>T (p.Glu3043Ter)	675	BRCA2	Pathogenic	GRCh38	91517
single nucleotide variant	NM_000059.4(BRCA2):c.9573G>A (p.Trp3191Ter)	675	BRCA2	Pathogenic	GRCh38	91529
single nucleotide variant	NM_000059.4(BRCA2):c.8632G>A (p.Glu2878Lys)	675	BRCA2	Pathogenic/Likely pathogenic	GRCh38	91730
single nucleotide variant	NM_000059.4(BRCA2):c.8633-1G>A	675	BRCA2	Pathogenic/Likely pathogenic	GRCh38	91731
single nucleotide variant	NM_000059.4(BRCA2):c.8839G>T (p.Glu2947Ter)	675	BRCA2	Pathogenic	GRCh38	91736
single nucleotide variant	NM_000059.4(BRCA2):c.8933C>G (p.Ser2978Ter)	675	BRCA2	Pathogenic	GRCh38	91737
single nucleotide variant	NM_000059.4(BRCA2):c.1642C>T (p.Gln548Ter)	675	BRCA2	Pathogenic	GRCh38	91754
single nucleotide variant	NM_000059.4(BRCA2):c.1819A>T (p.Lys607Ter)	675	BRCA2	Pathogenic	GRCh38	91760
single nucleotide variant	NM_000059.4(BRCA2):c.1945C>T (p.Gln649Ter)	675	BRCA2	Pathogenic	GRCh38	91764
single nucleotide variant	NM_000059.4(BRCA2):c.217C>T (p.Gln73Ter)	675	BRCA2	Pathogenic	GRCh38	91770
single nucleotide variant	NM_000059.4(BRCA2):c.2214T>A (p.Cys738Ter)	675	BRCA2	Pathogenic	GRCh38	91771
single nucleotide variant	NM_000059.4(BRCA2):c.2368G>T (p.Glu790Ter)	675	BRCA2	Pathogenic	GRCh38	91776
single nucleotide variant	NM_000059.4(BRCA2):c.426-2A>G	675	BRCA2	Pathogenic/Likely pathogenic	GRCh38	91817
single nucleotide variant	NM_000059.4(BRCA2):c.4325C>G (p.Ser1442Ter)	675	BRCA2	Pathogenic	GRCh38	91820
single nucleotide variant	NM_000059.4(BRCA2):c.4847T>G (p.Leu1616Ter)	675	BRCA2	Pathogenic	GRCh38	91826
single nucleotide variant	NM_000059.4(BRCA2):c.5054C>A (p.Ser1685Ter)	675	BRCA2	Pathogenic	GRCh38	91832
single nucleotide variant	NM_000059.4(BRCA2):c.1907C>G (p.Ser636Ter)	675	BRCA2	Pathogenic	GRCh38	96772
single nucleotide variant	NM_000059.4(BRCA2):c.3477C>A (p.Cys1159Ter)	675	BRCA2	Pathogenic	GRCh38	96791
single nucleotide variant	NM_000059.4(BRCA2):c.3939C>G (p.Tyr1313Ter)	675	BRCA2	Pathogenic	GRCh38	96801
single nucleotide variant	NM_000059.4(BRCA2):c.5578A>T (p.Lys1860Ter)	675	BRCA2	Pathogenic	GRCh38	96823
single nucleotide variant	NM_000059.4(BRCA2):c.6959T>A (p.Leu2320Ter)	675	BRCA2	Pathogenic	GRCh38	96844
single nucleotide variant	NM_000059.4(BRCA2):c.7811T>C (p.Leu2604Pro)	675	BRCA2	Likely pathogenic	GRCh38	96859
single nucleotide variant	NM_000059.4(BRCA2):c.8632+1G>T	675	BRCA2	Pathogenic	GRCh38	96870
single nucleotide variant	NM_000059.4(BRCA2):c.8837T>A (p.Leu2946Ter)	675	BRCA2	Pathogenic	GRCh38	96874
single nucleotide variant	NM_000059.4(BRCA2):c.9052A>G (p.Ser3018Gly)	675	BRCA2	Pathogenic	GRCh38	96877
single nucleotide variant	NM_000059.4(BRCA2):c.9256+1G>C	675	BRCA2	Pathogenic/Likely pathogenic	GRCh38	96881
single nucleotide variant	NM_000059.4(BRCA2):c.2978G>A (p.Trp993Ter)	675	BRCA2	Pathogenic	GRCh38	126001
single nucleotide variant	NM_000059.4(BRCA2):c.3362C>A (p.Ser1121Ter)	675	BRCA2	Pathogenic	GRCh38	126007
single nucleotide variant	NM_000059.4(BRCA2):c.4965C>R (p.Tyr1655Ter)	675	BRCA2	Pathogenic	GRCh38	126056
single nucleotide variant	NM_000059.4(BRCA2):c.5682C>A (p.Tyr1894Ter)	675	BRCA2	Pathogenic	GRCh38	126072
single nucleotide variant	NM_000059.4(BRCA2):c.6645C>G (p.Tyr2215Ter)	675	BRCA2	Pathogenic	GRCh38	126113
single nucleotide variant	NM_000059.4(BRCA2):c.475+3A>T	675	BRCA2	Pathogenic	GRCh38	126116
single nucleotide variant	NM_000059.4(BRCA2):c.7977-1G>T	675	BRCA2	Pathogenic/Likely pathogenic	GRCh38	126163
single nucleotide variant	NM_000059.4(BRCA2):c.7977-2A>T	675	BRCA2	Pathogenic	GRCh38	126164
single nucleotide variant	NM_000059.4(BRCA2):c.8188G>C (p.Ala2730Pro)	675	BRCA2	Likely pathogenic	GRCh38	126168
single nucleotide variant	NM_000059.4(BRCA2):c.8969G>A (p.Trp2990Ter)	675	BRCA2	Pathogenic	GRCh38	126195
single nucleotide variant	NM_000059.4(BRCA2):c.9082G>C (p.Ala3028Pro)	675	BRCA2	Pathogenic/Likely pathogenic	GRCh38	126199
single nucleotide variant	NM_000059.4(BRCA2):c.9227G>T (p.Gly3076Val)	675	BRCA2	Pathogenic	GRCh38	126203
single nucleotide variant	NM_000059.4(BRCA2):c.8168A>T (p.Asp2723Val)	675	BRCA2	Pathogenic/Likely pathogenic	GRCh38	140975
single nucleotide variant	NM_000059.4(BRCA2):c.2339C>G (p.Ser780Ter)	675	BRCA2	Pathogenic	GRCh38	141070
single nucleotide variant	NM_000059.4(BRCA2):c.7877G>A (p.Trp2626Ter)	675	BRCA2	Pathogenic	GRCh38	141118
single nucleotide variant	NM_000059.4(BRCA2):c.9041C>G (p.Ser3014Ter)	675	BRCA2	Pathogenic	GRCh38	141162
single nucleotide variant	NM_000059.4(BRCA2):c.2918C>A (p.Ser973Ter)	675	BRCA2	Pathogenic	GRCh38	141199
single nucleotide variant	NM_000059.4(BRCA2):c.6308C>G (p.Ser2103Ter)	675	BRCA2	Pathogenic	GRCh38	141213
single nucleotide variant	NM_000059.4(BRCA2):c.1909+1G>A	675	BRCA2	Pathogenic/Likely pathogenic	GRCh38	141283
single nucleotide variant	NM_000059.4(BRCA2):c.8608C>T (p.Gln2870Ter)	675	BRCA2	Pathogenic	GRCh38	141787
single nucleotide variant	NM_000059.4(BRCA2):c.7777G>T (p.Gly2593Ter)	675	BRCA2	Pathogenic	GRCh38	141811
single nucleotide variant	NM_000059.4(BRCA2):c.2312T>G (p.Leu771Ter)	675	BRCA2	Pathogenic	GRCh38	141901
single nucleotide variant	NM_000059.4(BRCA2):c.3296C>A (p.Ser1099Ter)	675	BRCA2	Pathogenic	GRCh38	142309
single nucleotide variant	NM_000059.4(BRCA2):c.5159C>A (p.Ser1720Ter)	675	BRCA2	Pathogenic	GRCh38	142608
single nucleotide variant	NM_000059.4(BRCA2):c.3412C>T (p.Gln1138Ter)	675	BRCA2	Pathogenic	GRCh38	142648
single nucleotide variant	NM_000059.4(BRCA2):c.7685T>G (p.Phe2562Cys)	675	BRCA2	Likely pathogenic	GRCh38	142784
single nucleotide variant	NM_000059.4(BRCA2):c.8332-2A>G	675	BRCA2	Pathogenic/Likely pathogenic	GRCh38	142861
single nucleotide variant	NM_000059.4(BRCA2):c.8490G>A (p.Trp2830Ter)	675	BRCA2	Pathogenic	GRCh38	155722
single nucleotide variant	NM_000059.4(BRCA2):c.6044T>A (p.Leu2015Ter)	675	BRCA2	Pathogenic	GRCh38	156172
single nucleotide variant	NM_000059.4(BRCA2):c.3280A>T (p.Lys1094Ter)	675	BRCA2	Pathogenic	GRCh38	162102
single nucleotide variant	NM_000059.4(BRCA2):c.517G>C (p.Gly173Arg)	675	BRCA2	Pathogenic/Likely pathogenic	GRCh38	182177
single nucleotide variant	NM_000059.4(BRCA2):c.3172A>T (p.Lys1058Ter)	675	BRCA2	Pathogenic	GRCh38	182196
single nucleotide variant	NM_000059.4(BRCA2):c.6685G>T (p.Glu2229Ter)	675	BRCA2	Pathogenic	GRCh38	182231
single nucleotide variant	NM_000059.4(BRCA2):c.8174G>A (p.Trp2725Ter)	675	BRCA2	Pathogenic	GRCh38	182273
single nucleotide variant	NM_000059.4(BRCA2):c.8978C>G (p.Ser2993Ter)	675	BRCA2	Pathogenic	GRCh38	182257
single nucleotide variant	NM_000059.4(BRCA2):c.712G>T (p.Glu238Ter)	675	BRCA2	Pathogenic	GRCh38	183182
single nucleotide variant	NM_000059.4(BRCA2):c.7266T>A (p.Cys2422Ter)	675	BRCA2	Pathogenic	GRCh38	183185
single nucleotide variant	NM_000059.4(BRCA2):c.316+1G>T	675	BRCA2	Pathogenic	GRCh38	185890
single nucleotide variant	NM_000059.4(BRCA2):c.799G>T (p.Gly267Ter)	675	BRCA2	Pathogenic	GRCh38	186230
single nucleotide variant	NM_000059.4(BRCA2):c.1960G>T (p.Glu654Ter)	675	BRCA2	Pathogenic	GRCh38	187587
single nucleotide variant	NM_000059.4(BRCA2):c.2494G>T (p.Glu832Ter)	675	BRCA2	Pathogenic	GRCh38	186345
single nucleotide variant	NM_000059.4(BRCA2):c.2612C>G (p.Ser871Ter)	675	BRCA2	Pathogenic	GRCh38	187740
single nucleotide variant	NM_000059.4(BRCA2):c.4246C>T (p.Gln1416Ter)	675	BRCA2	Pathogenic	GRCh38	185745
single nucleotide variant	NM_000059.4(BRCA2):c.5635G>T (p.Glu1879Ter)	675	BRCA2	Pathogenic	GRCh38	185961
single nucleotide variant	NM_000059.4(BRCA2):c.6155C>A (p.Ser2052Ter)	675	BRCA2	Pathogenic	GRCh38	185793
single nucleotide variant	NM_000059.4(BRCA2):c.6475C>T (p.Gln2159Ter)	675	BRCA2	Pathogenic	GRCh38	186784
single nucleotide variant	NM_000059.4(BRCA2):c.7718T>G (p.Leu2573Ter)	675	BRCA2	Pathogenic	GRCh38	187368
single nucleotide variant	NM_000059.4(BRCA2):c.7802A>G (p.Tyr2601Cys)	675	BRCA2	Likely pathogenic	GRCh38	185651
single nucleotide variant	NM_000059.4(BRCA2):c.7976+5G>A	675	BRCA2	Pathogenic/Likely pathogenic	GRCh38	183947
single nucleotide variant	NM_000059.4(BRCA2):c.8332-1G>T	675	BRCA2	Pathogenic/Likely pathogenic	GRCh38	185300
single nucleotide variant	NM_000059.4(BRCA2):c.8875G>T (p.Glu2959Ter)	675	BRCA2	Pathogenic	GRCh38	186398
single nucleotide variant	NM_000059.4(BRCA2):c.7008-1G>A	675	BRCA2	Pathogenic	GRCh38	188436
single nucleotide variant	NM_000059.4(BRCA2):c.9281C>G (p.Ser3094Ter)	675	BRCA2	Pathogenic	GRCh38	188440
single nucleotide variant	NM_000059.4(BRCA2):c.1A>G (p.Met1Val)	675	BRCA2	Pathogenic	GRCh38	216026
single nucleotide variant	NM_000059.4(BRCA2):c.6022A>T (p.Lys2008Ter)	675	BRCA2	Pathogenic	GRCh38	216029
single nucleotide variant	NM_000059.4(BRCA2):c.7872T>G (p.Tyr2624Ter)	675	BRCA2	Pathogenic	GRCh38	216031
single nucleotide variant	NM_000059.4(BRCA2):c.8143A>T (p.Lys2715Ter)	675	BRCA2	Pathogenic	GRCh38	216032
single nucleotide variant	NM_000059.4(BRCA2):c.8420C>A (p.Ser2807Ter)	675	BRCA2	Pathogenic	GRCh38	216033
single nucleotide variant	NM_000059.4(BRCA2):c.9302T>C (p.Leu3101Pro)	675	BRCA2	Likely pathogenic	GRCh38	216263
single nucleotide variant	NM_000059.4(BRCA2):c.632-3C>G	675	BRCA2	Likely pathogenic	GRCh38	219896
single nucleotide variant	NM_000059.4(BRCA2):c.3191C>G (p.Ser1064Ter)	675	BRCA2	Pathogenic	GRCh38	220624
single nucleotide variant	NM_000059.4(BRCA2):c.5016C>G (p.Tyr1672Ter)	675	BRCA2	Pathogenic	GRCh38	219406
single nucleotide variant	NM_000059.4(BRCA2):c.6254T>G (p.Leu2085Ter)	675	BRCA2	Pathogenic	GRCh38	219426
single nucleotide variant	NM_000059.4(BRCA2):c.7618-10T>G	675	BRCA2	Likely pathogenic	GRCh38	220547
single nucleotide variant	NM_000059.4(BRCA2):c.8754+4A>T	675	BRCA2	Pathogenic	GRCh38	220353
single nucleotide variant	NM_000059.4(BRCA2):c.8987T>A (p.Leu2996Ter)	675	BRCA2	Pathogenic	GRCh38	219665
single nucleotide variant	NM_000059.4(BRCA2):c.9027T>G (p.Tyr3009Ter)	675	BRCA2	Pathogenic	GRCh38	220532
single nucleotide variant	NM_000059.4(BRCA2):c.67+1G>C	675	BRCA2	Pathogenic/Likely pathogenic	GRCh38	224450
single nucleotide variant	NM_000059.4(BRCA2):c.5206C>T (p.Gln1736Ter)	675	BRCA2	Pathogenic	GRCh38	224444
single nucleotide variant	NM_000059.4(BRCA2):c.9318G>A (p.Trp3106Ter)	675	BRCA2	Pathogenic	GRCh38	224448
single nucleotide variant	NM_000059.4(BRCA2):c.1832C>G (p.Ser611Ter)	675	BRCA2	Pathogenic	GRCh38	228323
single nucleotide variant	NM_000059.4(BRCA2):c.3187C>T (p.Gln1063Ter)	675	BRCA2	Pathogenic	GRCh38	228324
single nucleotide variant	NM_000059.4(BRCA2):c.4651C>T (p.Gln1551Ter)	675	BRCA2	Pathogenic	GRCh38	234524
single nucleotide variant	NM_000059.4(BRCA2):c.5134G>T (p.Gly1712Ter)	675	BRCA2	Pathogenic	GRCh38	234506
single nucleotide variant	NM_000059.4(BRCA2):c.9381G>A (p.Trp3127Ter)	675	BRCA2	Pathogenic	GRCh38	234828
single nucleotide variant	NM_000059.4(BRCA2):c.171C>A (p.Tyr57Ter)	675	BRCA2	Pathogenic	GRCh38	232879
single nucleotide variant	NM_000059.4(BRCA2):c.721A>T (p.Lys241Ter)	675	BRCA2	Pathogenic	GRCh38	231337
single nucleotide variant	NM_000059.4(BRCA2):c.888T>A (p.Tyr296Ter)	675	BRCA2	Pathogenic	GRCh38	231782
single nucleotide variant	NM_000059.4(BRCA2):c.1756A>T (p.Lys586Ter)	675	BRCA2	Pathogenic	GRCh38	231643
single nucleotide variant	NM_000059.4(BRCA2):c.1909+2T>A	675	BRCA2	Likely pathogenic	GRCh38	230456
single nucleotide variant	NM_000059.4(BRCA2):c.2151T>A (p.Cys717Ter)	675	BRCA2	Pathogenic	GRCh38	233600
single nucleotide variant	NM_000059.4(BRCA2):c.2231C>A (p.Ser744Ter)	675	BRCA2	Pathogenic	GRCh38	233389
single nucleotide variant	NM_000059.4(BRCA2):c.2641G>T (p.Glu881Ter)	675	BRCA2	Pathogenic	GRCh38	230582
single nucleotide variant	NM_000059.4(BRCA2):c.2651C>G (p.Ser884Ter)	675	BRCA2	Pathogenic	GRCh38	231724
single nucleotide variant	NM_000059.4(BRCA2):c.3405C>A (p.Tyr1135Ter)	675	BRCA2	Pathogenic	GRCh38	231604
single nucleotide variant	NM_000059.4(BRCA2):c.3455T>A (p.Leu1152Ter)	675	BRCA2	Pathogenic	GRCh38	229781
single nucleotide variant	NM_000059.4(BRCA2):c.4003G>T (p.Glu1335Ter)	675	BRCA2	Pathogenic	GRCh38	233112
single nucleotide variant	NM_000059.4(BRCA2):c.5699C>G (p.Ser1900Ter)	675	BRCA2	Pathogenic	GRCh38	234187
single nucleotide variant	NM_000059.4(BRCA2):c.6351T>A (p.Cys2117Ter)	675	BRCA2	Pathogenic	GRCh38	231792
single nucleotide variant	NM_000059.4(BRCA2):c.6781G>T (p.Glu2261Ter)	675	BRCA2	Pathogenic	GRCh38	234042
single nucleotide variant	NM_000059.4(BRCA2):c.7366C>T (p.Gln2456Ter)	675	BRCA2	Pathogenic	GRCh38	233359
single nucleotide variant	NM_000059.4(BRCA2):c.7516C>T (p.Gln2506Ter)	675	BRCA2	Pathogenic	GRCh38	230556
single nucleotide variant	NM_000059.4(BRCA2):c.7795G>A (p.Glu2599Lys)	675	BRCA2	Likely pathogenic	GRCh38	231552
single nucleotide variant	NM_000059.4(BRCA2):c.7826G>T (p.Gly2609Val)	675	BRCA2	Likely pathogenic	GRCh38	232537
single nucleotide variant	NM_000059.4(BRCA2):c.7880T>A (p.Ile2627Asn)	675	BRCA2	Likely pathogenic	GRCh38	230735
single nucleotide variant	NM_000059.4(BRCA2):c.8165C>A (p.Thr2722Lys)	675	BRCA2	Pathogenic/Likely pathogenic	GRCh38	230821
single nucleotide variant	NM_000059.4(BRCA2):c.8331+2T>G	675	BRCA2	Pathogenic/Likely pathogenic	GRCh38	230571
single nucleotide variant	NM_000059.4(BRCA2):c.9356T>A (p.Leu3119Ter)	675	BRCA2	Pathogenic	GRCh38	232966
single nucleotide variant	NM_000059.4(BRCA2):c.682-2A>G	675	BRCA2	Pathogenic	GRCh38	236264
single nucleotide variant	NM_000059.4(BRCA2):c.1189C>T (p.Gln397Ter)	675	BRCA2	Pathogenic	GRCh38	236829
single nucleotide variant	NM_000059.4(BRCA2):c.2095C>T (p.Gln699Ter)	675	BRCA2	Pathogenic	GRCh38	236835
single nucleotide variant	NM_000059.4(BRCA2):c.2239G>T (p.Glu747Ter)	675	BRCA2	Pathogenic	GRCh38	236837
single nucleotide variant	NM_000059.4(BRCA2):c.4707C>A (p.Tyr1569Ter)	675	BRCA2	Pathogenic	GRCh38	236871
single nucleotide variant	NM_000059.4(BRCA2):c.6428C>A (p.Ser2143Ter)	675	BRCA2	Pathogenic	GRCh38	236892
single nucleotide variant	NM_000059.4(BRCA2):c.7007+1G>A	675	BRCA2	Pathogenic/Likely pathogenic	GRCh38	236896
single nucleotide variant	NM_000059.4(BRCA2):c.7617+1G>C	675	BRCA2	Pathogenic	GRCh38	246251
single nucleotide variant	NM_000059.4(BRCA2):c.889G>T (p.Glu297Ter)	675	BRCA2	Pathogenic	GRCh38	252404
single nucleotide variant	NM_000059.4(BRCA2):c.3883C>T (p.Gln1295Ter)	675	BRCA2	Pathogenic	GRCh38	252424
single nucleotide variant	NM_000059.4(BRCA2):c.1588A>T (p.Lys530Ter)	675	BRCA2	Pathogenic	GRCh38	252441
single nucleotide variant	NM_000059.4(BRCA2):c.2606C>G (p.Ser869Ter)	675	BRCA2	Pathogenic	GRCh38	252823
single nucleotide variant	NC_000013.11:g.32338945A>T	675	BRCA2	Pathogenic	GRCh38	252832
single nucleotide variant	NM_000059.4(BRCA2):c.5293A>T (p.Lys1765Ter)	675	BRCA2	Pathogenic	GRCh38	252838
single nucleotide variant	NM_000059.4(BRCA2):c.9285C>A (p.Asp3095Glu)	675	BRCA2	Pathogenic/Likely pathogenic	GRCh38	252859
single nucleotide variant	NM_000059.4(BRCA2):c.523C>T (p.Gln175Ter)	675	BRCA2	Pathogenic	GRCh38	254477
single nucleotide variant	NM_000059.4(BRCA2):c.584C>G (p.Ser195Ter)	675	BRCA2	Pathogenic	GRCh38	254479
single nucleotide variant	NM_000059.4(BRCA2):c.926C>A (p.Ser309Ter)	675	BRCA2	Pathogenic	GRCh38	254485
single nucleotide variant	NM_000059.4(BRCA2):c.1325C>G (p.Ser442Ter)	675	BRCA2	Pathogenic	GRCh38	254492
single nucleotide variant	NM_000059.4(BRCA2):c.2548C>T (p.Gln850Ter)	675	BRCA2	Pathogenic	GRCh38	254503
single nucleotide variant	NM_000059.4(BRCA2):c.2651C>A (p.Ser884Ter)	675	BRCA2	Pathogenic	GRCh38	254506
single nucleotide variant	NM_000059.4(BRCA2):c.2905C>T (p.Gln969Ter)	675	BRCA2	Pathogenic	GRCh38	254509
single nucleotide variant	NM_000059.4(BRCA2):c.3016G>T (p.Gly1006Ter)	675	BRCA2	Pathogenic	GRCh38	254512
single nucleotide variant	NM_000059.4(BRCA2):c.3046G>T (p.Glu1016Ter)	675	BRCA2	Pathogenic	GRCh38	254513
single nucleotide variant	NM_000059.4(BRCA2):c.4154C>A (p.Ser1385Ter)	675	BRCA2	Pathogenic	GRCh38	254531
single nucleotide variant	NM_000059.4(BRCA2):c.4465A>T (p.Lys1489Ter)	675	BRCA2	Pathogenic	GRCh38	254535
single nucleotide variant	NM_000059.4(BRCA2):c.4689G>A (p.Trp1563Ter)	675	BRCA2	Pathogenic	GRCh38	254539
single nucleotide variant	NM_000059.4(BRCA2):c.4904T>A (p.Leu1635Ter)	675	BRCA2	Pathogenic	GRCh38	254542
single nucleotide variant	NM_000059.4(BRCA2):c.4936G>T (p.Glu1646Ter)	675	BRCA2	Pathogenic	GRCh38	254543
single nucleotide variant	NM_000059.4(BRCA2):c.4972C>T (p.Gln1658Ter)	675	BRCA2	Pathogenic	GRCh38	254546
single nucleotide variant	NM_000059.4(BRCA2):c.5057T>A (p.Leu1686Ter)	675	BRCA2	Pathogenic	GRCh38	254547
single nucleotide variant	NM_000059.4(BRCA2):c.5071A>T (p.Lys1691Ter)	675	BRCA2	Pathogenic	GRCh38	254548
single nucleotide variant	NM_000059.4(BRCA2):c.5200G>T (p.Glu1734Ter)	675	BRCA2	Pathogenic	GRCh38	254554
single nucleotide variant	NM_000059.4(BRCA2):c.5281G>T (p.Gly1761Ter)	675	BRCA2	Pathogenic	GRCh38	254556
single nucleotide variant	NM_000059.4(BRCA2):c.5564C>A (p.Ser1855Ter)	675	BRCA2	Pathogenic	GRCh38	254559
single nucleotide variant	NM_000059.4(BRCA2):c.5779G>T (p.Glu1927Ter)	675	BRCA2	Pathogenic	GRCh38	254565
single nucleotide variant	NM_000059.4(BRCA2):c.5966C>A (p.Ser1989Ter)	675	BRCA2	Pathogenic	GRCh38	254568
single nucleotide variant	NM_000059.4(BRCA2):c.5978T>G (p.Leu1993Ter)	675	BRCA2	Pathogenic	GRCh38	254570
single nucleotide variant	NM_000059.4(BRCA2):c.6982G>T (p.Glu2328Ter)	675	BRCA2	Pathogenic	GRCh38	254593
single nucleotide variant	NM_000059.4(BRCA2):c.7063G>T (p.Glu2355Ter)	675	BRCA2	Pathogenic	GRCh38	254595
single nucleotide variant	NM_000059.4(BRCA2):c.7921G>T (p.Glu2641Ter)	675	BRCA2	Pathogenic	GRCh38	254614
single nucleotide variant	NM_000059.4(BRCA2):c.7987G>T (p.Glu2663Ter)	675	BRCA2	Pathogenic	GRCh38	254616
single nucleotide variant	NM_000059.4(BRCA2):c.8178T>A (p.Tyr2726Ter)	675	BRCA2	Pathogenic	GRCh38	254620
single nucleotide variant	NM_000059.4(BRCA2):c.8377G>T (p.Gly2793Ter)	675	BRCA2	Pathogenic	GRCh38	254621
single nucleotide variant	NM_000059.4(BRCA2):c.8478C>A (p.Tyr2826Ter)	675	BRCA2	Pathogenic	GRCh38	254623
single nucleotide variant	NM_000059.4(BRCA2):c.8911A>T (p.Lys2971Ter)	675	BRCA2	Pathogenic	GRCh38	254628
single nucleotide variant	NM_000059.4(BRCA2):c.1185G>A (p.Trp395Ter)	675	BRCA2	Pathogenic	GRCh38	265053
single nucleotide variant	NM_000059.4(BRCA2):c.71T>G (p.Leu24Ter)	675	BRCA2	Pathogenic	GRCh38	266991
single nucleotide variant	NM_000059.4(BRCA2):c.73G>T (p.Gly25Ter)	675	BRCA2	Pathogenic	GRCh38	267008
single nucleotide variant	NM_000059.4(BRCA2):c.110C>A (p.Ser37Ter)	675	BRCA2	Pathogenic	GRCh38	266610
single nucleotide variant	NM_000059.4(BRCA2):c.110C>G (p.Ser37Ter)	675	BRCA2	Pathogenic	GRCh38	266611
single nucleotide variant	NM_000059.4(BRCA2):c.126T>A (p.Tyr42Ter)	675	BRCA2	Pathogenic	GRCh38	266621
single nucleotide variant	NM_000059.4(BRCA2):c.247G>T (p.Glu83Ter)	675	BRCA2	Pathogenic	GRCh38	266701
single nucleotide variant	NM_000059.4(BRCA2):c.473C>A (p.Ser158Ter)	675	BRCA2	Pathogenic	GRCh38	266829
single nucleotide variant	NM_000059.4(BRCA2):c.643G>T (p.Glu215Ter)	675	BRCA2	Pathogenic	GRCh38	266948
single nucleotide variant	NM_000059.4(BRCA2):c.979A>T (p.Lys327Ter)	675	BRCA2	Pathogenic	GRCh38	267173
single nucleotide variant	NM_000059.4(BRCA2):c.1023T>A (p.Cys341Ter)	675	BRCA2	Pathogenic	GRCh38	266601
single nucleotide variant	NM_000059.4(BRCA2):c.1058C>A (p.Ser353Ter)	675	BRCA2	Pathogenic	GRCh38	266605
single nucleotide variant	NM_000059.4(BRCA2):c.1058C>G (p.Ser353Ter)	675	BRCA2	Pathogenic	GRCh38	266606
single nucleotide variant	NM_000059.4(BRCA2):c.1097T>G (p.Leu366Ter)	675	BRCA2	Pathogenic	GRCh38	266609
single nucleotide variant	NM_000059.4(BRCA2):c.1184G>A (p.Trp395Ter)	675	BRCA2	Pathogenic	GRCh38	266612
single nucleotide variant	NM_000059.4(BRCA2):c.1253C>G (p.Ser418Ter)	675	BRCA2	Pathogenic	GRCh38	266620
single nucleotide variant	NM_000059.4(BRCA2):c.1286T>G (p.Leu429Ter)	675	BRCA2	Pathogenic	GRCh38	266624
single nucleotide variant	NM_000059.4(BRCA2):c.1376T>G (p.Leu459Ter)	675	BRCA2	Pathogenic	GRCh38	266632
single nucleotide variant	NM_000059.4(BRCA2):c.1621G>T (p.Glu541Ter)	675	BRCA2	Pathogenic	GRCh38	266648
single nucleotide variant	NM_000059.4(BRCA2):c.1913T>G (p.Leu638Ter)	675	BRCA2	Pathogenic	GRCh38	266668
single nucleotide variant	NM_000059.4(BRCA2):c.1943C>G (p.Ser648Ter)	675	BRCA2	Pathogenic	GRCh38	266670
single nucleotide variant	NM_000059.4(BRCA2):c.2086G>T (p.Glu696Ter)	675	BRCA2	Pathogenic	GRCh38	266675
single nucleotide variant	NM_000059.4(BRCA2):c.2129C>G (p.Ser710Ter)	675	BRCA2	Pathogenic	GRCh38	266678
single nucleotide variant	NM_000059.4(BRCA2):c.2137C>T (p.Gln713Ter)	675	BRCA2	Pathogenic	GRCh38	266680
single nucleotide variant	NM_000059.4(BRCA2):c.2269A>T (p.Lys757Ter)	675	BRCA2	Pathogenic	GRCh38	266692
single nucleotide variant	NM_000059.4(BRCA2):c.2539A>T (p.Arg847Ter)	675	BRCA2	Pathogenic	GRCh38	266708
single nucleotide variant	NM_000059.4(BRCA2):c.2593G>T (p.Glu865Ter)	675	BRCA2	Pathogenic	GRCh38	266711
single nucleotide variant	NM_000059.4(BRCA2):c.2847T>A (p.Tyr949Ter)	675	BRCA2	Pathogenic	GRCh38	266723
single nucleotide variant	NM_000059.4(BRCA2):c.2983G>T (p.Gly995Ter)	675	BRCA2	Pathogenic	GRCh38	266731
single nucleotide variant	NM_000059.4(BRCA2):c.2990T>G (p.Leu997Ter)	675	BRCA2	Pathogenic	GRCh38	266732
single nucleotide variant	NM_000059.4(BRCA2):c.3217C>T (p.Gln1073Ter)	675	BRCA2	Pathogenic	GRCh38	266739
single nucleotide variant	NM_000059.4(BRCA2):c.3244A>T (p.Lys1082Ter)	675	BRCA2	Pathogenic	GRCh38	266740
single nucleotide variant	NM_000059.4(BRCA2):c.3523C>T (p.Gln1175Ter)	675	BRCA2	Pathogenic	GRCh38	266756
single nucleotide variant	NM_000059.4(BRCA2):c.3631G>T (p.Glu1211Ter)	675	BRCA2	Pathogenic	GRCh38	266762
single nucleotide variant	NM_000059.4(BRCA2):c.3812C>G (p.Ser1271Ter)	675	BRCA2	Pathogenic	GRCh38	266773
single nucleotide variant	NM_000059.4(BRCA2):c.3881T>G (p.Leu1294Ter)	675	BRCA2	Pathogenic	GRCh38	266780
single nucleotide variant	NM_000059.4(BRCA2):c.4051A>T (p.Lys1351Ter)	675	BRCA2	Pathogenic	GRCh38	266789
single nucleotide variant	NM_000059.4(BRCA2):c.4211C>G (p.Ser1404Ter)	675	BRCA2	Pathogenic	GRCh38	266795
single nucleotide variant	NM_000059.4(BRCA2):c.4366G>T (p.Glu1456Ter)	675	BRCA2	Pathogenic	GRCh38	266806
single nucleotide variant	NM_000059.4(BRCA2):c.4397T>A (p.Leu1466Ter)	675	BRCA2	Pathogenic	GRCh38	266808
single nucleotide variant	NM_000059.4(BRCA2):c.4774A>T (p.Lys1592Ter)	675	BRCA2	Pathogenic	GRCh38	266831
single nucleotide variant	NM_000059.4(BRCA2):c.4783C>T (p.Gln1595Ter)	675	BRCA2	Pathogenic	GRCh38	266832
single nucleotide variant	NM_000059.4(BRCA2):c.4912A>T (p.Lys1638Ter)	675	BRCA2	Pathogenic	GRCh38	266837
single nucleotide variant	NM_000059.4(BRCA2):c.4985C>G (p.Ser1662Ter)	675	BRCA2	Pathogenic	GRCh38	266842
single nucleotide variant	NM_000059.4(BRCA2):c.5263G>T (p.Glu1755Ter)	675	BRCA2	Pathogenic	GRCh38	266867
single nucleotide variant	NM_000059.4(BRCA2):c.5365A>T (p.Lys1789Ter)	675	BRCA2	Pathogenic	GRCh38	266875
single nucleotide variant	NM_000059.4(BRCA2):c.5623A>T (p.Lys1875Ter)	675	BRCA2	Pathogenic	GRCh38	266885
single nucleotide variant	NM_000059.4(BRCA2):c.5750C>A (p.Ser1917Ter)	675	BRCA2	Pathogenic	GRCh38	266894
single nucleotide variant	NM_000059.4(BRCA2):c.5800C>T (p.Gln1934Ter)	675	BRCA2	Pathogenic	GRCh38	266895
single nucleotide variant	NM_000059.4(BRCA2):c.5966C>G (p.Ser1989Ter)	675	BRCA2	Pathogenic	GRCh38	266908
single nucleotide variant	NM_000059.4(BRCA2):c.5975C>G (p.Ser1992Ter)	675	BRCA2	Pathogenic	GRCh38	266910
single nucleotide variant	NM_000059.4(BRCA2):c.6049A>T (p.Lys2017Ter)	675	BRCA2	Pathogenic	GRCh38	266917
single nucleotide variant	NM_000059.4(BRCA2):c.6155C>G (p.Ser2052Ter)	675	BRCA2	Pathogenic	GRCh38	266928
single nucleotide variant	NM_000059.4(BRCA2):c.6244G>T (p.Glu2082Ter)	675	BRCA2	Pathogenic	GRCh38	266931
single nucleotide variant	NM_000059.4(BRCA2):c.6385G>T (p.Glu2129Ter)	675	BRCA2	Pathogenic	GRCh38	266943
single nucleotide variant	NM_000059.4(BRCA2):c.6428C>G (p.Ser2143Ter)	675	BRCA2	Pathogenic	GRCh38	266947
single nucleotide variant	NM_000059.4(BRCA2):c.6478C>T (p.Gln2160Ter)	675	BRCA2	Pathogenic	GRCh38	266950
single nucleotide variant	NM_000059.4(BRCA2):c.6500T>A (p.Leu2167Ter)	675	BRCA2	Pathogenic	GRCh38	266952
single nucleotide variant	NM_000059.4(BRCA2):c.6502G>T (p.Gly2168Ter)	675	BRCA2	Pathogenic	GRCh38	266953
single nucleotide variant	NM_000059.4(BRCA2):c.6515C>A (p.Ser2172Ter)	675	BRCA2	Pathogenic	GRCh38	266956
single nucleotide variant	NM_000059.4(BRCA2):c.6541G>T (p.Gly2181Ter)	675	BRCA2	Pathogenic	GRCh38	266961
single nucleotide variant	NM_000059.4(BRCA2):c.6557C>G (p.Ser2186Ter)	675	BRCA2	Pathogenic	GRCh38	266962
single nucleotide variant	NM_000059.4(BRCA2):c.6676G>T (p.Glu2226Ter)	675	BRCA2	Pathogenic	GRCh38	266970
single nucleotide variant	NM_000059.4(BRCA2):c.6730A>T (p.Lys2244Ter)	675	BRCA2	Pathogenic	GRCh38	266973
single nucleotide variant	NM_000059.4(BRCA2):c.7033C>T (p.Gln2345Ter)	675	BRCA2	Pathogenic	GRCh38	266983
single nucleotide variant	NM_000059.4(BRCA2):c.7090G>T (p.Glu2364Ter)	675	BRCA2	Pathogenic	GRCh38	266984
single nucleotide variant	NM_000059.4(BRCA2):c.7124T>G (p.Leu2375Ter)	675	BRCA2	Pathogenic	GRCh38	266986
single nucleotide variant	NM_000059.4(BRCA2):c.7187T>A (p.Leu2396Ter)	675	BRCA2	Pathogenic	GRCh38	266989
single nucleotide variant	NM_000059.4(BRCA2):c.7210A>T (p.Lys2404Ter)	675	BRCA2	Pathogenic	GRCh38	266992
single nucleotide variant	NM_000059.4(BRCA2):c.7283T>A (p.Leu2428Ter)	675	BRCA2	Pathogenic	GRCh38	266997
single nucleotide variant	NM_000059.4(BRCA2):c.7495C>T (p.Gln2499Ter)	675	BRCA2	Pathogenic	GRCh38	267014
single nucleotide variant	NM_000059.4(BRCA2):c.7501C>T (p.Gln2501Ter)	675	BRCA2	Pathogenic	GRCh38	267015
single nucleotide variant	NM_000059.4(BRCA2):c.7615C>T (p.Gln2539Ter)	675	BRCA2	Pathogenic	GRCh38	267024
single nucleotide variant	NM_000059.4(BRCA2):c.7708A>T (p.Lys2570Ter)	675	BRCA2	Pathogenic	GRCh38	267032
single nucleotide variant	NM_000059.4(BRCA2):c.7795G>T (p.Glu2599Ter)	675	BRCA2	Pathogenic	GRCh38	267036
single nucleotide variant	NM_000059.4(BRCA2):c.7887G>A (p.Trp2629Ter)	675	BRCA2	Pathogenic	GRCh38	267041
single nucleotide variant	NM_000059.4(BRCA2):c.7933A>T (p.Arg2645Ter)	675	BRCA2	Pathogenic	GRCh38	267043
single nucleotide variant	NM_000059.4(BRCA2):c.7974C>A (p.Tyr2658Ter)	675	BRCA2	Pathogenic	GRCh38	267045
single nucleotide variant	NM_000059.4(BRCA2):c.8195T>A (p.Leu2732Ter)	675	BRCA2	Pathogenic	GRCh38	267059
single nucleotide variant	NM_000059.4(BRCA2):c.8295T>A (p.Cys2765Ter)	675	BRCA2	Pathogenic	GRCh38	267066
single nucleotide variant	NM_000059.4(BRCA2):c.8329A>T (p.Lys2777Ter)	675	BRCA2	Pathogenic	GRCh38	267072
single nucleotide variant	NM_000059.4(BRCA2):c.8395A>T (p.Arg2799Ter)	675	BRCA2	Pathogenic	GRCh38	267082
single nucleotide variant	NM_000059.4(BRCA2):c.8470A>T (p.Arg2824Ter)	675	BRCA2	Pathogenic	GRCh38	267089
single nucleotide variant	NM_000059.4(BRCA2):c.8478C>G (p.Tyr2826Ter)	675	BRCA2	Pathogenic	GRCh38	267090
single nucleotide variant	NM_000059.4(BRCA2):c.8504C>G (p.Ser2835Ter)	675	BRCA2	Pathogenic	GRCh38	267091
single nucleotide variant	NM_000059.4(BRCA2):c.8513T>A (p.Leu2838Ter)	675	BRCA2	Pathogenic	GRCh38	267092
single nucleotide variant	NM_000059.4(BRCA2):c.8513T>G (p.Leu2838Ter)	675	BRCA2	Pathogenic	GRCh38	267093
single nucleotide variant	NM_000059.4(BRCA2):c.8517C>A (p.Tyr2839Ter)	675	BRCA2	Pathogenic	GRCh38	267094
single nucleotide variant	NM_000059.4(BRCA2):c.8536G>T (p.Glu2846Ter)	675	BRCA2	Pathogenic	GRCh38	267096
single nucleotide variant	NM_000059.4(BRCA2):c.8652T>G (p.Tyr2884Ter)	675	BRCA2	Pathogenic	GRCh38	267102
single nucleotide variant	NM_000059.4(BRCA2):c.8760T>G (p.Tyr2920Ter)	675	BRCA2	Pathogenic	GRCh38	267105
single nucleotide variant	NM_000059.4(BRCA2):c.8777T>A (p.Leu2926Ter)	675	BRCA2	Pathogenic	GRCh38	267106
single nucleotide variant	NM_000059.4(BRCA2):c.8888C>G (p.Ser2963Ter)	675	BRCA2	Pathogenic	GRCh38	267113
single nucleotide variant	NM_000059.4(BRCA2):c.8910G>A (p.Trp2970Ter)	675	BRCA2	Pathogenic	GRCh38	267114
single nucleotide variant	NM_000059.4(BRCA2):c.8915T>A (p.Leu2972Ter)	675	BRCA2	Pathogenic	GRCh38	267115
single nucleotide variant	NM_000059.4(BRCA2):c.8931T>A (p.Tyr2977Ter)	675	BRCA2	Pathogenic	GRCh38	267117
single nucleotide variant	NM_000059.4(BRCA2):c.8938A>T (p.Lys2980Ter)	675	BRCA2	Pathogenic	GRCh38	267118
single nucleotide variant	NM_000059.4(BRCA2):c.8941G>T (p.Glu2981Ter)	675	BRCA2	Pathogenic	GRCh38	267121
single nucleotide variant	NM_000059.4(BRCA2):c.8951C>A (p.Ser2984Ter)	675	BRCA2	Pathogenic	GRCh38	267123
single nucleotide variant	NM_000059.4(BRCA2):c.9105T>G (p.Tyr3035Ter)	675	BRCA2	Pathogenic	GRCh38	267138
single nucleotide variant	NM_000059.4(BRCA2):c.9106C>T (p.Gln3036Ter)	675	BRCA2	Pathogenic	GRCh38	267139
single nucleotide variant	NM_000059.4(BRCA2):c.9139C>T (p.Gln3047Ter)	675	BRCA2	Pathogenic	GRCh38	267142
single nucleotide variant	NM_000059.4(BRCA2):c.9147C>A (p.Tyr3049Ter)	675	BRCA2	Pathogenic	GRCh38	267143
single nucleotide variant	NM_000059.4(BRCA2):c.9182T>G (p.Leu3061Ter)	675	BRCA2	Pathogenic	GRCh38	267144
single nucleotide variant	NM_000059.4(BRCA2):c.9413T>G (p.Leu3138Ter)	675	BRCA2	Pathogenic	GRCh38	267159
single nucleotide variant	NM_000059.4(BRCA2):c.9739C>T (p.Gln3247Ter)	675	BRCA2	Pathogenic	GRCh38	267170
single nucleotide variant	NM_000059.4(BRCA2):c.9836T>A (p.Leu3279Ter)	675	BRCA2	Pathogenic	GRCh38	267174
single nucleotide variant	NM_000059.4(BRCA2):c.9924C>A (p.Tyr3308Ter)	675	BRCA2	Pathogenic	GRCh38	267177
single nucleotide variant	NM_000059.4(BRCA2):c.316+2T>G	675	BRCA2	Pathogenic	GRCh38	267638
single nucleotide variant	NM_000059.4(BRCA2):c.426-2A>T	675	BRCA2	Pathogenic	GRCh38	267643
single nucleotide variant	NM_000059.4(BRCA2):c.476-2A>C	675	BRCA2	Pathogenic	GRCh38	267646
single nucleotide variant	NM_000059.4(BRCA2):c.516+1G>T	675	BRCA2	Pathogenic/Likely pathogenic	GRCh38	267649
single nucleotide variant	NM_000059.4(BRCA2):c.517-1G>T	675	BRCA2	Pathogenic	GRCh38	267651
single nucleotide variant	NM_000059.4(BRCA2):c.631+2T>A	675	BRCA2	Pathogenic	GRCh38	267653
single nucleotide variant	NM_000059.4(BRCA2):c.682-2A>C	675	BRCA2	Pathogenic/Likely pathogenic	GRCh38	267659
single nucleotide variant	NM_000059.4(BRCA2):c.793+2T>G	675	BRCA2	Pathogenic/Likely pathogenic	GRCh38	267687
single nucleotide variant	NM_000059.4(BRCA2):c.6901G>T (p.Glu2301Ter)	675	BRCA2	Pathogenic	GRCh38	267664
single nucleotide variant	NM_000059.4(BRCA2):c.6938-2A>C	675	BRCA2	Pathogenic	GRCh38	267668
single nucleotide variant	NM_000059.4(BRCA2):c.6938-1G>A	675	BRCA2	Pathogenic/Likely pathogenic	GRCh38	267667
single nucleotide variant	NM_000059.4(BRCA2):c.7007+2T>A	675	BRCA2	Pathogenic	GRCh38	267669
single nucleotide variant	NM_000059.4(BRCA2):c.7008-1G>T	675	BRCA2	Pathogenic	GRCh38	267676
single nucleotide variant	NM_000059.4(BRCA2):c.7435+1G>C	675	BRCA2	Pathogenic	GRCh38	267678
single nucleotide variant	NM_000059.4(BRCA2):c.7436-2A>G	675	BRCA2	Pathogenic	GRCh38	267683
single nucleotide variant	NM_000059.4(BRCA2):c.7436-1G>C	675	BRCA2	Pathogenic	GRCh38	267682
single nucleotide variant	NM_000059.4(BRCA2):c.7618-2A>G	675	BRCA2	Pathogenic	GRCh38	267684
single nucleotide variant	NM_000059.4(BRCA2):c.7805+2T>G	675	BRCA2	Pathogenic	GRCh38	267685
single nucleotide variant	NM_000059.4(BRCA2):c.7806-2A>T	675	BRCA2	Pathogenic/Likely pathogenic	GRCh38	267686
single nucleotide variant	NM_000059.4(BRCA2):c.7976+2C>A	675	BRCA2	Pathogenic/Likely pathogenic	GRCh38	267689
single nucleotide variant	NM_000059.4(BRCA2):c.7977-1G>A	675	BRCA2	Pathogenic/Likely pathogenic	GRCh38	267690
single nucleotide variant	NM_000059.4(BRCA2):c.8331+2T>C	675	BRCA2	Pathogenic/Likely pathogenic	GRCh38	267692
single nucleotide variant	NM_000059.4(BRCA2):c.8332-1G>A	675	BRCA2	Pathogenic/Likely pathogenic	GRCh38	267696
single nucleotide variant	NM_000059.4(BRCA2):c.8487+2T>C	675	BRCA2	Pathogenic	GRCh38	267697
single nucleotide variant	NM_000059.4(BRCA2):c.8488-1G>T	675	BRCA2	Pathogenic/Likely pathogenic	GRCh38	267700
single nucleotide variant	NM_000059.4(BRCA2):c.8754+1G>T	675	BRCA2	Pathogenic/Likely pathogenic	GRCh38	267704
single nucleotide variant	NM_000059.4(BRCA2):c.8953+2T>G	675	BRCA2	Pathogenic	GRCh38	267709
single nucleotide variant	NM_000059.4(BRCA2):c.8954-15T>G	675	BRCA2	Pathogenic/Likely pathogenic	GRCh38	267711
single nucleotide variant	NM_000059.4(BRCA2):c.8954-5A>G	675	BRCA2	Pathogenic/Likely pathogenic	GRCh38	267712
single nucleotide variant	NM_000059.4(BRCA2):c.9117G>T (p.Pro3039=)	675	BRCA2	Pathogenic/Likely pathogenic	GRCh38	267715
single nucleotide variant	NM_000059.4(BRCA2):c.9117+2T>C	675	BRCA2	Pathogenic	GRCh38	267714
single nucleotide variant	NM_000059.4(BRCA2):c.9118-2A>C	675	BRCA2	Pathogenic	GRCh38	267717
single nucleotide variant	NM_000059.4(BRCA2):c.9118-2A>T	675	BRCA2	Pathogenic/Likely pathogenic	GRCh38	267718
single nucleotide variant	NM_000059.4(BRCA2):c.9118-1G>A	675	BRCA2	Pathogenic/Likely pathogenic	GRCh38	267716
single nucleotide variant	NM_000059.4(BRCA2):c.9257-2A>G	675	BRCA2	Pathogenic/Likely pathogenic	GRCh38	267722
single nucleotide variant	NM_000059.4(BRCA2):c.9501+1G>T	675	BRCA2	Pathogenic/Likely pathogenic	GRCh38	267725
single nucleotide variant	NM_000059.4(BRCA2):c.4474A>T (p.Lys1492Ter)	675	BRCA2	Pathogenic	GRCh38	372066
single nucleotide variant	NM_000059.4(BRCA2):c.8557A>T (p.Lys2853Ter)	675	BRCA2	Pathogenic	GRCh38	372573
single nucleotide variant	NM_000059.4(BRCA2):c.2266C>T (p.Gln756Ter)	675	BRCA2	Pathogenic	GRCh38	373824
single nucleotide variant	NM_000059.4(BRCA2):c.4962T>A (p.Cys1654Ter)	675	BRCA2	Pathogenic	GRCh38	373825
single nucleotide variant	NM_000059.4(BRCA2):c.6550C>T (p.Gln2184Ter)	675	BRCA2	Pathogenic	GRCh38	373829
single nucleotide variant	NM_000059.4(BRCA2):c.4226T>A (p.Leu1409Ter)	675	BRCA2	Pathogenic	GRCh38	379540
single nucleotide variant	NM_000059.4(BRCA2):c.4354C>T (p.Gln1452Ter)	675	BRCA2	Pathogenic	GRCh38	379780
single nucleotide variant	NM_000059.4(BRCA2):c.8170G>T (p.Gly2724Trp)	675	BRCA2	Likely pathogenic	GRCh38	381831
single nucleotide variant	NM_000059.4(BRCA2):c.-39-1G>A	675	BRCA2	Likely pathogenic	GRCh38	403704
single nucleotide variant	NM_000059.4(BRCA2):c.681+1G>T	675	BRCA2	Pathogenic	GRCh38	409438
single nucleotide variant	NM_000059.4(BRCA2):c.7967T>A (p.Leu2656Gln)	675	BRCA2	Likely pathogenic	GRCh38	409564
single nucleotide variant	NM_000059.4(BRCA2):c.426-1G>A	675	BRCA2	Likely pathogenic	GRCh38	409592
single nucleotide variant	NM_000059.4(BRCA2):c.3191C>A (p.Ser1064Ter)	675	BRCA2	Pathogenic	GRCh38	409533
single nucleotide variant	NM_000059.4(BRCA2):c.7722G>A (p.Trp2574Ter)	675	BRCA2	Pathogenic	GRCh38	409496
single nucleotide variant	NM_000059.4(BRCA2):c.7876T>A (p.Trp2626Arg)	675	BRCA2	Pathogenic/Likely pathogenic	GRCh38	409541
single nucleotide variant	NM_000059.4(BRCA2):c.2590C>T (p.Gln864Ter)	675	BRCA2	Pathogenic	GRCh38	409469
single nucleotide variant	NM_000059.4(BRCA2):c.3106G>T (p.Glu1036Ter)	675	BRCA2	Pathogenic	GRCh38	409521
single nucleotide variant	NM_000059.4(BRCA2):c.3515C>A (p.Ser1172Ter)	675	BRCA2	Pathogenic	GRCh38	409595
single nucleotide variant	NM_000059.4(BRCA2):c.4983T>G (p.Tyr1661Ter)	675	BRCA2	Pathogenic	GRCh38	417624
single nucleotide variant	NM_000059.4(BRCA2):c.631+1G>C	675	BRCA2	Pathogenic/Likely pathogenic	GRCh38	422774
single nucleotide variant	NM_000059.4(BRCA2):c.913G>T (p.Glu305Ter)	675	BRCA2	Pathogenic	GRCh38	423221
single nucleotide variant	NM_000059.4(BRCA2):c.3272T>A (p.Leu1091Ter)	675	BRCA2	Pathogenic	GRCh38	422129
single nucleotide variant	NM_000059.4(BRCA2):c.5110A>T (p.Arg1704Ter)	675	BRCA2	Pathogenic	GRCh38	422242
single nucleotide variant	NM_000059.4(BRCA2):c.5400C>G (p.Tyr1800Ter)	675	BRCA2	Pathogenic	GRCh38	423402
single nucleotide variant	NM_000059.4(BRCA2):c.7629T>A (p.Tyr2543Ter)	675	BRCA2	Pathogenic	GRCh38	420500
single nucleotide variant	NM_000059.4(BRCA2):c.7787G>A (p.Gly2596Glu)	675	BRCA2	Likely pathogenic	GRCh38	421439
single nucleotide variant	NM_000059.4(BRCA2):c.7874G>T (p.Arg2625Ile)	675	BRCA2	Likely pathogenic	GRCh38	419217
single nucleotide variant	NM_000059.4(BRCA2):c.7976+2C>G	675	BRCA2	Pathogenic	GRCh38	418088
single nucleotide variant	NM_000059.4(BRCA2):c.8755-1G>C	675	BRCA2	Pathogenic/Likely pathogenic	GRCh38	418090
single nucleotide variant	NM_000059.4(BRCA2):c.293T>G (p.Leu98Ter)	675	BRCA2	Pathogenic	GRCh38	427238
single nucleotide variant	NM_000059.4(BRCA2):c.7876T>C (p.Trp2626Arg)	675	BRCA2	Pathogenic/Likely pathogenic	GRCh38	429208
single nucleotide variant	NM_000059.4(BRCA2):c.3322A>T (p.Lys1108Ter)	675	BRCA2	Pathogenic	GRCh38	430599
single nucleotide variant	NM_000059.4(BRCA2):c.857C>G (p.Ser286Ter)	675	BRCA2	Pathogenic	GRCh38	430601
single nucleotide variant	NM_000059.4(BRCA2):c.1736T>G (p.Leu579Ter)	675	BRCA2	Pathogenic	GRCh38	430955
single nucleotide variant	NM_000059.4(BRCA2):c.2T>A (p.Met1Lys)	675	BRCA2	Pathogenic/Likely pathogenic	GRCh38	431282
single nucleotide variant	NM_000059.4(BRCA2):c.67+2T>G	675	BRCA2	Pathogenic/Likely pathogenic	GRCh38	431285
single nucleotide variant	NM_000059.4(BRCA2):c.1658T>G (p.Leu553Ter)	675	BRCA2	Pathogenic	GRCh38	431293
single nucleotide variant	NM_000059.4(BRCA2):c.4022C>A (p.Ser1341Ter)	675	BRCA2	Pathogenic	GRCh38	431307
single nucleotide variant	NM_000059.4(BRCA2):c.5087G>T (p.Gly1696Val)	675	BRCA2	Pathogenic	GRCh38	431311
single nucleotide variant	NM_000059.4(BRCA2):c.7792G>T (p.Glu2598Ter)	675	BRCA2	Pathogenic	GRCh38	431335
single nucleotide variant	NM_000059.4(BRCA2):c.7980T>A (p.Tyr2660Ter)	675	BRCA2	Pathogenic	GRCh38	431339
single nucleotide variant	NM_000059.4(BRCA2):c.8245C>T (p.Gln2749Ter)	675	BRCA2	Pathogenic	GRCh38	431343
single nucleotide variant	NM_000059.4(BRCA2):c.8954-2A>C	675	BRCA2	Pathogenic/Likely pathogenic	GRCh38	431350
single nucleotide variant	NM_000059.4(BRCA2):c.317-2A>G	675	BRCA2	Pathogenic/Likely pathogenic	GRCh38	432106
single nucleotide variant	NM_000059.4(BRCA2):c.3328G>T (p.Glu1110Ter)	675	BRCA2	Pathogenic	GRCh38	433776
single nucleotide variant	NM_000059.4(BRCA2):c.9118-1G>C	675	BRCA2	Pathogenic	GRCh38	433836
single nucleotide variant	NM_000059.4(BRCA2):c.9373C>T (p.Leu3125Phe)	675	BRCA2	Pathogenic/Likely pathogenic	GRCh38	433840
single nucleotide variant	NM_000059.4(BRCA2):c.7857G>C (p.Trp2619Cys)	675	BRCA2	Likely pathogenic	GRCh38	438744
single nucleotide variant	NM_000059.4(BRCA2):c.-39-2A>G	675	BRCA2	Pathogenic/Likely pathogenic	GRCh38	438974
single nucleotide variant	NM_000059.4(BRCA2):c.2860G>T (p.Glu954Ter)	675	BRCA2	Pathogenic	GRCh38	438964
single nucleotide variant	NM_000059.4(BRCA2):c.3376G>T (p.Glu1126Ter)	675	BRCA2	Pathogenic	GRCh38	438970
single nucleotide variant	NM_000059.4(BRCA2):c.7977-2A>G	675	BRCA2	Pathogenic/Likely pathogenic	GRCh38	439008
single nucleotide variant	NM_000059.4(BRCA2):c.9256+2T>C	675	BRCA2	Pathogenic/Likely pathogenic	GRCh38	439017
single nucleotide variant	NM_000059.4(BRCA2):c.9364G>C (p.Ala3122Pro)	675	BRCA2	Likely pathogenic	GRCh38	439019
single nucleotide variant	NM_000059.4(BRCA2):c.1381G>T (p.Glu461Ter)	675	BRCA2	Pathogenic	GRCh38	440457
single nucleotide variant	NM_000059.4(BRCA2):c.516G>T (p.Lys172Asn)	675	BRCA2	Likely pathogenic	GRCh38	441345
single nucleotide variant	NM_000059.4(BRCA2):c.1179T>A (p.Cys393Ter)	675	BRCA2	Pathogenic	GRCh38	441314
single nucleotide variant	NM_000059.4(BRCA2):c.1532C>A (p.Ser511Ter)	675	BRCA2	Pathogenic	GRCh38	441358
single nucleotide variant	NM_000059.4(BRCA2):c.2376C>G (p.Tyr792Ter)	675	BRCA2	Pathogenic	GRCh38	441490
single nucleotide variant	NM_000059.4(BRCA2):c.2581C>T (p.Gln861Ter)	675	BRCA2	Pathogenic	GRCh38	441317
single nucleotide variant	NM_000059.4(BRCA2):c.3436G>T (p.Glu1146Ter)	675	BRCA2	Pathogenic	GRCh38	441504
single nucleotide variant	NM_000059.4(BRCA2):c.5789T>G (p.Leu1930Ter)	675	BRCA2	Pathogenic	GRCh38	441453
single nucleotide variant	NM_000059.4(BRCA2):c.7115C>A (p.Ser2372Ter)	675	BRCA2	Pathogenic	GRCh38	441507
single nucleotide variant	NM_000059.4(BRCA2):c.8497A>T (p.Lys2833Ter)	675	BRCA2	Pathogenic	GRCh38	441354
single nucleotide variant	NM_000059.4(BRCA2):c.8707G>T (p.Glu2903Ter)	675	BRCA2	Pathogenic	GRCh38	441312
single nucleotide variant	NM_000059.4(BRCA2):c.1440C>A (p.Cys480Ter)	675	BRCA2	Pathogenic/Likely pathogenic	GRCh38	452967
single nucleotide variant	NM_000059.4(BRCA2):c.2099T>A (p.Leu700Ter)	675	BRCA2	Pathogenic	GRCh38	449669
single nucleotide variant	NM_000059.4(BRCA2):c.4397T>G (p.Leu1466Ter)	675	BRCA2	Pathogenic	GRCh38	452963
single nucleotide variant	NM_000059.4(BRCA2):c.6298C>T (p.Gln2100Ter)	675	BRCA2	Pathogenic	GRCh38	449867
single nucleotide variant	NM_000059.4(BRCA2):c.1219C>T (p.Gln407Ter)	675	BRCA2	Pathogenic/Likely pathogenic	GRCh38	462226
single nucleotide variant	NM_000059.4(BRCA2):c.2677C>T (p.Gln893Ter)	675	BRCA2	Pathogenic	GRCh38	462269
single nucleotide variant	NM_000059.4(BRCA2):c.7976+5G>T	675	BRCA2	Pathogenic/Likely pathogenic	GRCh38	462463
single nucleotide variant	NM_000059.4(BRCA2):c.9155G>T (p.Arg3052Leu)	675	BRCA2	Likely pathogenic	GRCh38	462517
single nucleotide variant	NM_000059.4(BRCA2):c.4211C>A (p.Ser1404Ter)	675	BRCA2	Pathogenic	GRCh38	462333
single nucleotide variant	NM_000059.4(BRCA2):c.5750C>G (p.Ser1917Ter)	675	BRCA2	Pathogenic	GRCh38	462389
single nucleotide variant	NM_000059.4(BRCA2):c.414T>A (p.Cys138Ter)	675	BRCA2	Pathogenic/Likely pathogenic	GRCh38	462327
single nucleotide variant	NM_000059.4(BRCA2):c.1402A>T (p.Arg468Ter)	675	BRCA2	Pathogenic	GRCh38	462234
single nucleotide variant	NM_000059.4(BRCA2):c.5047C>T (p.Gln1683Ter)	675	BRCA2	Pathogenic	GRCh38	462364
single nucleotide variant	NM_000059.4(BRCA2):c.9895C>T (p.Gln3299Ter)	675	BRCA2	Pathogenic	GRCh38	462540
single nucleotide variant	NM_000059.4(BRCA2):c.4591A>T (p.Lys1531Ter)	675	BRCA2	Pathogenic/Likely pathogenic	GRCh38	462349
single nucleotide variant	NM_000059.4(BRCA2):c.8548G>T (p.Glu2850Ter)	675	BRCA2	Pathogenic	GRCh38	462483
single nucleotide variant	NM_000059.4(BRCA2):c.8909G>A (p.Trp2970Ter)	675	BRCA2	Pathogenic	GRCh38	462501
single nucleotide variant	NM_000059.4(BRCA2):c.473C>G (p.Ser158Ter)	675	BRCA2	Pathogenic	GRCh38	483036
single nucleotide variant	NM_000059.4(BRCA2):c.3385C>T (p.Gln1129Ter)	675	BRCA2	Pathogenic/Likely pathogenic	GRCh38	479332
single nucleotide variant	NM_000059.4(BRCA2):c.793+1G>C	675	BRCA2	Pathogenic/Likely pathogenic	GRCh38	479383
single nucleotide variant	NM_000059.4(BRCA2):c.7787G>T (p.Gly2596Val)	675	BRCA2	Pathogenic	GRCh38	483092
single nucleotide variant	NM_000059.4(BRCA2):c.7796A>G (p.Glu2599Gly)	675	BRCA2	Likely pathogenic	GRCh38	483130
single nucleotide variant	NM_000059.4(BRCA2):c.2244C>G (p.Tyr748Ter)	675	BRCA2	Pathogenic	GRCh38	483024
single nucleotide variant	NM_000059.4(BRCA2):c.8339C>A (p.Ala2780Asp)	675	BRCA2	Likely pathogenic	GRCh38	483085
single nucleotide variant	NM_000059.4(BRCA2):c.6395T>G (p.Leu2132Ter)	675	BRCA2	Pathogenic	GRCh38	479358
single nucleotide variant	NM_000059.4(BRCA2):c.2596G>T (p.Glu866Ter)	675	BRCA2	Pathogenic	GRCh38	483089
single nucleotide variant	NM_000059.4(BRCA2):c.9147C>G (p.Tyr3049Ter)	675	BRCA2	Pathogenic	GRCh38	481512
single nucleotide variant	NM_000059.4(BRCA2):c.8494G>T (p.Glu2832Ter)	675	BRCA2	Pathogenic	GRCh38	481615
single nucleotide variant	NM_000059.4(BRCA2):c.5025T>A (p.Cys1675Ter)	675	BRCA2	Pathogenic	GRCh38	483110
single nucleotide variant	NM_000059.4(BRCA2):c.5909C>G (p.Ser1970Ter)	675	BRCA2	Pathogenic	GRCh38	480895
single nucleotide variant	NM_000059.4(BRCA2):c.6223A>T (p.Lys2075Ter)	675	BRCA2	Pathogenic	GRCh38	479359
single nucleotide variant	NM_000059.4(BRCA2):c.9310A>T (p.Lys3104Ter)	675	BRCA2	Pathogenic	GRCh38	481612
single nucleotide variant	NM_000059.4(BRCA2):c.9649-1G>C	675	BRCA2	Pathogenic/Likely pathogenic	GRCh38	483129
single nucleotide variant	NM_000059.4(BRCA2):c.7570A>T (p.Lys2524Ter)	675	BRCA2	Pathogenic/Likely pathogenic	GRCh38	479342
single nucleotide variant	NM_000059.4(BRCA2):c.8375T>G (p.Leu2792Arg)	675	BRCA2	Likely pathogenic	GRCh38	481525
single nucleotide variant	NM_000059.4(BRCA2):c.9919A>T (p.Lys3307Ter)	675	BRCA2	Pathogenic	GRCh38	479310
single nucleotide variant	NM_000059.4(BRCA2):c.4411A>T (p.Arg1471Ter)	675	BRCA2	Pathogenic	GRCh38	483086
single nucleotide variant	NM_000059.4(BRCA2):c.6484A>T (p.Lys2162Ter)	675	BRCA2	Pathogenic	GRCh38	483113
single nucleotide variant	NM_000059.4(BRCA2):c.7435+2T>C	675	BRCA2	Likely pathogenic	GRCh38	481599
single nucleotide variant	NM_000059.4(BRCA2):c.8164A>G (p.Thr2722Ala)	675	BRCA2	Likely pathogenic	GRCh38	479367
single nucleotide variant	NM_000059.4(BRCA2):c.1753A>T (p.Lys585Ter)	675	BRCA2	Pathogenic	GRCh38	487414
single nucleotide variant	NM_000059.4(BRCA2):c.1910-2A>T	675	BRCA2	Pathogenic	GRCh38	487404
single nucleotide variant	NM_000059.4(BRCA2):c.2689G>T (p.Glu897Ter)	675	BRCA2	Pathogenic/Likely pathogenic	GRCh38	487403
single nucleotide variant	NM_000059.4(BRCA2):c.8009C>G (p.Ser2670Trp)	675	BRCA2	Pathogenic	GRCh38	489785
single nucleotide variant	NM_000059.4(BRCA2):c.7955T>G (p.Val2652Gly)	675	BRCA2	Likely pathogenic	GRCh38	489784
single nucleotide variant	NM_000059.4(BRCA2):c.3870C>A (p.Cys1290Ter)	675	BRCA2	Pathogenic	GRCh38	491263
single nucleotide variant	NM_000059.4(BRCA2):c.2279T>G (p.Leu760Ter)	675	BRCA2	Pathogenic	GRCh38	491216
single nucleotide variant	NM_000059.4(BRCA2):c.8029G>T (p.Glu2677Ter)	675	BRCA2	Pathogenic	GRCh38	491343
single nucleotide variant	NM_000059.4(BRCA2):c.9454G>T (p.Glu3152Ter)	675	BRCA2	Pathogenic	GRCh38	491375
single nucleotide variant	NM_000059.4(BRCA2):c.5054C>G (p.Ser1685Ter)	675	BRCA2	Pathogenic	GRCh38	491288
single nucleotide variant	NM_000059.4(BRCA2):c.4441G>T (p.Glu1481Ter)	675	BRCA2	Pathogenic	GRCh38	491276
single nucleotide variant	NM_000059.4(BRCA2):c.9018C>G (p.Tyr3006Ter)	675	BRCA2	Pathogenic	GRCh38	491369
single nucleotide variant	NM_000059.4(BRCA2):c.6592G>T (p.Glu2198Ter)	675	BRCA2	Likely pathogenic	GRCh38	493132
single nucleotide variant	NM_000059.4(BRCA2):c.682-1G>T	675	BRCA2	Pathogenic	GRCh38	495095
single nucleotide variant	NM_000059.4(BRCA2):c.1103C>G (p.Ser368Ter)	675	BRCA2	Pathogenic	GRCh38	495429
single nucleotide variant	NM_000059.4(BRCA2):c.7419T>A (p.Cys2473Ter)	675	BRCA2	Pathogenic/Likely pathogenic	GRCh38	495499
single nucleotide variant	NM_000059.4(BRCA2):c.1202C>A (p.Ser401Ter)	675	BRCA2	Pathogenic/Likely pathogenic	GRCh38	495430
single nucleotide variant	NM_000059.4(BRCA2):c.1648G>T (p.Glu550Ter)	675	BRCA2	Likely pathogenic	GRCh38	495433
single nucleotide variant	NM_000059.4(BRCA2):c.6116T>G (p.Leu2039Ter)	675	BRCA2	Pathogenic/Likely pathogenic	GRCh38	495478
single nucleotide variant	NM_000059.4(BRCA2):c.516+2T>G	675	BRCA2	Pathogenic	GRCh38	518254
single nucleotide variant	NM_000059.4(BRCA2):c.9649-1G>T	675	BRCA2	Pathogenic/Likely pathogenic	GRCh38	518256
single nucleotide variant	NM_000059.4(BRCA2):c.475+2T>A	675	BRCA2	Pathogenic	GRCh38	531272
single nucleotide variant	NM_000059.4(BRCA2):c.5271T>A (p.Tyr1757Ter)	675	BRCA2	Pathogenic/Likely pathogenic	GRCh38	531335
single nucleotide variant	NM_000059.4(BRCA2):c.8562T>A (p.Tyr2854Ter)	675	BRCA2	Pathogenic	GRCh38	531220
single nucleotide variant	NM_000059.4(BRCA2):c.516+2T>C	675	BRCA2	Pathogenic	GRCh38	531315
single nucleotide variant	NM_000059.4(BRCA2):c.1490C>G (p.Ser497Ter)	675	BRCA2	Pathogenic	GRCh38	531313
single nucleotide variant	NM_000059.4(BRCA2):c.3002C>G (p.Ser1001Ter)	675	BRCA2	Pathogenic	GRCh38	531398
single nucleotide variant	NM_000059.4(BRCA2):c.6415G>T (p.Glu2139Ter)	675	BRCA2	Pathogenic/Likely pathogenic	GRCh38	531250
single nucleotide variant	NM_000059.4(BRCA2):c.8332-2A>C	675	BRCA2	Likely pathogenic	GRCh38	531215
single nucleotide variant	NM_000059.4(BRCA2):c.8954-1G>A	675	BRCA2	Pathogenic/Likely pathogenic	GRCh38	531281
single nucleotide variant	NM_000059.4(BRCA2):c.3779T>G (p.Leu1260Ter)	675	BRCA2	Pathogenic	GRCh38	531227
single nucleotide variant	NM_000059.4(BRCA2):c.4154C>G (p.Ser1385Ter)	675	BRCA2	Pathogenic/Likely pathogenic	GRCh38	531204
single nucleotide variant	NM_000059.4(BRCA2):c.5075G>A (p.Trp1692Ter)	675	BRCA2	Pathogenic	GRCh38	531216
single nucleotide variant	NM_000059.4(BRCA2):c.8165C>T (p.Thr2722Ile)	675	BRCA2	Likely pathogenic	GRCh38	545487
single nucleotide variant	NM_000059.4(BRCA2):c.3703C>T (p.Gln1235Ter)	675	BRCA2	Pathogenic/Likely pathogenic	GRCh38	545990
single nucleotide variant	NM_000059.4(BRCA2):c.5006T>G (p.Leu1669Ter)	675	BRCA2	Pathogenic	GRCh38	546002
single nucleotide variant	NM_000059.4(BRCA2):c.8931T>G (p.Tyr2977Ter)	675	BRCA2	Pathogenic	GRCh38	545979
single nucleotide variant	NM_000059.4(BRCA2):c.926C>G (p.Ser309Ter)	675	BRCA2	Pathogenic	GRCh38	548343
single nucleotide variant	NM_000059.4(BRCA2):c.1337T>A (p.Leu446Ter)	675	BRCA2	Pathogenic	GRCh38	548329
single nucleotide variant	NM_000059.4(BRCA2):c.2133C>A (p.Cys711Ter)	675	BRCA2	Pathogenic	GRCh38	548419
single nucleotide variant	NM_000059.4(BRCA2):c.5253C>A (p.Tyr1751Ter)	675	BRCA2	Pathogenic	GRCh38	548433
single nucleotide variant	NM_000059.4(BRCA2):c.3779T>A (p.Leu1260Ter)	675	BRCA2	Pathogenic	GRCh38	579148
single nucleotide variant	NM_000059.4(BRCA2):c.7435+2T>A	675	BRCA2	Likely pathogenic	GRCh38	581485
single nucleotide variant	NM_000059.4(BRCA2):c.8755-2A>C	675	BRCA2	Likely pathogenic	GRCh38	567841
single nucleotide variant	NM_000059.4(BRCA2):c.6282T>A (p.Tyr2094Ter)	675	BRCA2	Pathogenic	GRCh38	573847
single nucleotide variant	NM_000059.4(BRCA2):c.6859A>T (p.Arg2287Ter)	675	BRCA2	Pathogenic	GRCh38	575178
single nucleotide variant	NM_000059.4(BRCA2):c.8210T>A (p.Leu2737Ter)	675	BRCA2	Pathogenic	GRCh38	573653
single nucleotide variant	NM_000059.4(BRCA2):c.9706A>T (p.Lys3236Ter)	675	BRCA2	Pathogenic	GRCh38	582595
single nucleotide variant	NM_000059.4(BRCA2):c.7867C>T (p.His2623Tyr)	675	BRCA2	Likely pathogenic	GRCh38	573433
single nucleotide variant	NM_000059.4(BRCA2):c.8417C>G (p.Ser2806Ter)	675	BRCA2	Pathogenic	GRCh38	575274
single nucleotide variant	NM_000059.4(BRCA2):c.476-1G>C	675	BRCA2	Pathogenic	GRCh38	575454
single nucleotide variant	NM_000059.4(BRCA2):c.3637G>T (p.Glu1213Ter)	675	BRCA2	Pathogenic	GRCh38	570931
single nucleotide variant	NM_000059.4(BRCA2):c.1495C>T (p.Gln499Ter)	675	BRCA2	Pathogenic/Likely pathogenic	GRCh38	584848
single nucleotide variant	NM_000059.4(BRCA2):c.5818G>T (p.Glu1940Ter)	675	BRCA2	Pathogenic/Likely pathogenic	GRCh38	584856
single nucleotide variant	NM_000059.4(BRCA2):c.8488-2A>C	675	BRCA2	Pathogenic/Likely pathogenic	GRCh38	584861
single nucleotide variant	NM_000059.4(BRCA2):c.5130T>G (p.Tyr1710Ter)	675	BRCA2	Pathogenic	GRCh38	585211
single nucleotide variant	NM_000059.4(BRCA2):c.5247T>G (p.Tyr1749Ter)	675	BRCA2	Pathogenic/Likely pathogenic	GRCh38	590883
single nucleotide variant	NM_000059.4(BRCA2):c.6141T>G (p.Tyr2047Ter)	675	BRCA2	Pathogenic	GRCh38	619641
single nucleotide variant	NM_000059.4(BRCA2):c.6500T>G (p.Leu2167Ter)	675	BRCA2	Pathogenic	GRCh38	619815
single nucleotide variant	NM_000059.4(BRCA2):c.6800C>G (p.Ser2267Ter)	675	BRCA2	Pathogenic	GRCh38	619645
single nucleotide variant	NM_000059.4(BRCA2):c.8562T>G (p.Tyr2854Ter)	675	BRCA2	Pathogenic/Likely pathogenic	GRCh38	619820
single nucleotide variant	NM_000059.4(BRCA2):c.1910-1G>T	675	BRCA2	Pathogenic/Likely pathogenic	GRCh38	619800
single nucleotide variant	NM_000059.4(BRCA2):c.7806-1G>A	675	BRCA2	Pathogenic	GRCh38	619652
single nucleotide variant	NM_000059.4(BRCA2):c.5453C>A (p.Ser1818Ter)	675	BRCA2	Pathogenic	GRCh38	623177
single nucleotide variant	NM_000059.4(BRCA2):c.68-1G>C	675	BRCA2	Pathogenic	GRCh38	627535
single nucleotide variant	NM_000059.4(BRCA2):c.544G>T (p.Glu182Ter)	675	BRCA2	Pathogenic	GRCh38	628226
single nucleotide variant	NM_000059.4(BRCA2):c.4363G>T (p.Glu1455Ter)	675	BRCA2	Pathogenic	GRCh38	630553
single nucleotide variant	NM_000059.4(BRCA2):c.7847C>T (p.Ser2616Phe)	675	BRCA2	Pathogenic	GRCh38	630829
single nucleotide variant	NM_000059.4(BRCA2):c.8332-13T>G	675	BRCA2	Pathogenic	GRCh38	632613
single nucleotide variant	NM_000059.4(BRCA2):c.8954-2A>T	675	BRCA2	Likely pathogenic	GRCh38	632615
single nucleotide variant	NM_000059.4(BRCA2):c.376C>T (p.Gln126Ter)	675	BRCA2	Pathogenic/Likely pathogenic	GRCh38	633131
single nucleotide variant	NM_000059.4(BRCA2):c.3972T>G (p.Tyr1324Ter)	675	BRCA2	Likely pathogenic	GRCh38	632696
single nucleotide variant	NM_000059.4(BRCA2):c.4822G>T (p.Glu1608Ter)	675	BRCA2	Likely pathogenic	GRCh38	632719
single nucleotide variant	NM_000059.4(BRCA2):c.4921G>T (p.Glu1641Ter)	675	BRCA2	Pathogenic/Likely pathogenic	GRCh38	632691
single nucleotide variant	NM_000059.4(BRCA2):c.7423G>T (p.Glu2475Ter)	675	BRCA2	Pathogenic/Likely pathogenic	GRCh38	633118
single nucleotide variant	NM_000059.4(BRCA2):c.9648+2T>C	675	BRCA2	Likely pathogenic	GRCh38	634724
single nucleotide variant	NM_000059.4(BRCA2):c.314T>A (p.Leu105Ter)	675	BRCA2	Pathogenic	GRCh38	647876
single nucleotide variant	NM_000059.4(BRCA2):c.1384G>T (p.Glu462Ter)	675	BRCA2	Pathogenic	GRCh38	658411
single nucleotide variant	NM_000059.4(BRCA2):c.2512A>T (p.Lys838Ter)	675	BRCA2	Pathogenic	GRCh38	646151
single nucleotide variant	NM_000059.4(BRCA2):c.3094A>T (p.Lys1032Ter)	675	BRCA2	Pathogenic	GRCh38	655997
single nucleotide variant	NM_000059.4(BRCA2):c.3600T>A (p.Cys1200Ter)	675	BRCA2	Pathogenic/Likely pathogenic	GRCh38	655713
single nucleotide variant	NM_000059.4(BRCA2):c.5427C>A (p.Cys1809Ter)	675	BRCA2	Pathogenic	GRCh38	660602
single nucleotide variant	NM_000059.4(BRCA2):c.6232G>T (p.Gly2078Ter)	675	BRCA2	Pathogenic/Likely pathogenic	GRCh38	639036
single nucleotide variant	NM_000059.4(BRCA2):c.9667G>T (p.Glu3223Ter)	675	BRCA2	Pathogenic	GRCh38	639735
single nucleotide variant	NM_000059.4(BRCA2):c.7976+1G>T	675	BRCA2	Pathogenic/Likely pathogenic	GRCh38	664938
single nucleotide variant	NM_000059.4(BRCA2):c.7007+2T>G	675	BRCA2	Pathogenic/Likely pathogenic	GRCh38	644062
single nucleotide variant	NM_000059.4(BRCA2):c.6841+1G>A	675	BRCA2	Likely pathogenic	GRCh38	658498
single nucleotide variant	NM_000059.4(BRCA2):c.7008-1G>C	675	BRCA2	Pathogenic	GRCh38	642510
single nucleotide variant	NM_000059.4(BRCA2):c.9784C>T (p.Gln3262Ter)	675	BRCA2	Likely pathogenic	GRCh38	667400
single nucleotide variant	NM_000059.4(BRCA2):c.6841+2T>G	675	BRCA2	Likely pathogenic	GRCh38	689538
single nucleotide variant	NM_000059.4(BRCA2):c.469A>T (p.Lys157Ter)	675	BRCA2	Pathogenic/Likely pathogenic	GRCh38	694628
single nucleotide variant	NM_000059.4(BRCA2):c.5219T>G (p.Leu1740Ter)	675	BRCA2	Pathogenic/Likely pathogenic	GRCh38	800652
single nucleotide variant	NM_000059.4(BRCA2):c.4444G>T (p.Glu1482Ter)	675	BRCA2	Pathogenic	GRCh38	801107
single nucleotide variant	NM_000059.4(BRCA2):c.8953+2T>C	675	BRCA2	Likely pathogenic	GRCh38	802953
single nucleotide variant	NM_000059.4(BRCA2):c.337A>T (p.Arg113Ter)	675	BRCA2	Pathogenic	GRCh38	823687
single nucleotide variant	NM_000059.4(BRCA2):c.910G>T (p.Glu304Ter)	675	BRCA2	Pathogenic	GRCh38	823026
single nucleotide variant	NM_000059.4(BRCA2):c.940A>T (p.Lys314Ter)	675	BRCA2	Pathogenic	GRCh38	823222
single nucleotide variant	NM_000059.4(BRCA2):c.1097T>A (p.Leu366Ter)	675	BRCA2	Pathogenic	GRCh38	822161
single nucleotide variant	NM_000059.4(BRCA2):c.3785C>A (p.Ser1262Ter)	675	BRCA2	Pathogenic	GRCh38	824204
single nucleotide variant	NM_000059.4(BRCA2):c.4531G>T (p.Glu1511Ter)	675	BRCA2	Pathogenic	GRCh38	824980
single nucleotide variant	NM_000059.4(BRCA2):c.5286T>G (p.Tyr1762Ter)	675	BRCA2	Pathogenic	GRCh38	825619
single nucleotide variant	NM_000059.4(BRCA2):c.6284C>G (p.Ser2095Ter)	675	BRCA2	Pathogenic	GRCh38	826293
single nucleotide variant	NM_000059.4(BRCA2):c.6649A>T (p.Lys2217Ter)	675	BRCA2	Pathogenic/Likely pathogenic	GRCh38	826530
single nucleotide variant	NM_000059.4(BRCA2):c.7390C>T (p.Gln2464Ter)	675	BRCA2	Pathogenic	GRCh38	827012
single nucleotide variant	NM_000059.4(BRCA2):c.7453C>T (p.Gln2485Ter)	675	BRCA2	Pathogenic	GRCh38	827061
single nucleotide variant	NM_000059.4(BRCA2):c.7701T>A (p.Tyr2567Ter)	675	BRCA2	Pathogenic	GRCh38	827211
single nucleotide variant	NM_000059.4(BRCA2):c.7732G>T (p.Gly2578Ter)	675	BRCA2	Pathogenic/Likely pathogenic	GRCh38	827228
single nucleotide variant	NM_000059.4(BRCA2):c.7855T>C (p.Trp2619Arg)	675	BRCA2	Likely pathogenic	GRCh38	827289
single nucleotide variant	NM_000059.4(BRCA2):c.8999T>G (p.Leu3000Ter)	675	BRCA2	Pathogenic	GRCh38	822870
single nucleotide variant	NM_000059.4(BRCA2):c.9692C>A (p.Ser3231Ter)	675	BRCA2	Pathogenic	GRCh38	823404
single nucleotide variant	NM_000059.4(BRCA2):c.67+3A>G	675	BRCA2	Pathogenic/Likely pathogenic	GRCh38	826563
single nucleotide variant	NM_000059.4(BRCA2):c.475+2T>C	675	BRCA2	Pathogenic/Likely pathogenic	GRCh38	825144
single nucleotide variant	NM_000059.4(BRCA2):c.8755-2A>G	675	BRCA2	Pathogenic/Likely pathogenic	GRCh38	822711
single nucleotide variant	NM_000059.4(BRCA2):c.8755-1G>T	675	BRCA2	Pathogenic	GRCh38	822710
single nucleotide variant	NM_000059.4(BRCA2):c.1048G>T (p.Glu350Ter)	675	BRCA2	Pathogenic	GRCh38	842028
single nucleotide variant	NM_000059.4(BRCA2):c.1271C>G (p.Ser424Ter)	675	BRCA2	Pathogenic	GRCh38	854886
single nucleotide variant	NM_000059.4(BRCA2):c.2020G>T (p.Glu674Ter)	675	BRCA2	Pathogenic/Likely pathogenic	GRCh38	850840
single nucleotide variant	NM_000059.4(BRCA2):c.2466T>A (p.Cys822Ter)	675	BRCA2	Pathogenic	GRCh38	837131
single nucleotide variant	NM_000059.4(BRCA2):c.3215T>G (p.Leu1072Ter)	675	BRCA2	Pathogenic	GRCh38	841473
single nucleotide variant	NM_000059.4(BRCA2):c.4135C>T (p.Gln1379Ter)	675	BRCA2	Pathogenic/Likely pathogenic	GRCh38	849711
single nucleotide variant	NM_000059.4(BRCA2):c.4707C>G (p.Tyr1569Ter)	675	BRCA2	Pathogenic	GRCh38	864101
single nucleotide variant	NM_000059.4(BRCA2):c.5083G>T (p.Glu1695Ter)	675	BRCA2	Pathogenic/Likely pathogenic	GRCh38	835736
single nucleotide variant	NM_000059.4(BRCA2):c.5512G>T (p.Glu1838Ter)	675	BRCA2	Pathogenic	GRCh38	860115
single nucleotide variant	NM_000059.4(BRCA2):c.6229A>T (p.Lys2077Ter)	675	BRCA2	Pathogenic	GRCh38	852388
single nucleotide variant	NM_000059.4(BRCA2):c.6851C>G (p.Ser2284Ter)	675	BRCA2	Pathogenic	GRCh38	846950
single nucleotide variant	NM_000059.4(BRCA2):c.7433T>G (p.Leu2478Ter)	675	BRCA2	Pathogenic	GRCh38	843456
single nucleotide variant	NM_000059.4(BRCA2):c.7806-1G>C	675	BRCA2	Pathogenic/Likely pathogenic	GRCh38	850778
single nucleotide variant	NM_000059.4(BRCA2):c.7805+2T>C	675	BRCA2	Pathogenic/Likely pathogenic	GRCh38	843211
single nucleotide variant	NM_000059.4(BRCA2):c.8611G>T (p.Glu2871Ter)	675	BRCA2	Likely pathogenic	GRCh38	917633
single nucleotide variant	NM_000059.4(BRCA2):c.1039C>T (p.Gln347Ter)	675	BRCA2	Pathogenic	GRCh38	925974
single nucleotide variant	NM_000059.4(BRCA2):c.1051A>T (p.Lys351Ter)	675	BRCA2	Pathogenic	GRCh38	918190
single nucleotide variant	NM_000059.4(BRCA2):c.1364C>G (p.Ser455Ter)	675	BRCA2	Pathogenic	GRCh38	918487
single nucleotide variant	NM_000059.4(BRCA2):c.2786T>G (p.Leu929Ter)	675	BRCA2	Pathogenic	GRCh38	919126
single nucleotide variant	NM_000059.4(BRCA2):c.5247T>A (p.Tyr1749Ter)	675	BRCA2	Pathogenic	GRCh38	924662
single nucleotide variant	NM_000059.4(BRCA2):c.7868A>T (p.His2623Leu)	675	BRCA2	Likely pathogenic	GRCh38	922959
single nucleotide variant	NM_000059.4(BRCA2):c.8660C>G (p.Ser2887Ter)	675	BRCA2	Pathogenic	GRCh38	920078
single nucleotide variant	NM_000059.4(BRCA2):c.8725A>T (p.Lys2909Ter)	675	BRCA2	Pathogenic	GRCh38	928154
single nucleotide variant	NM_000059.4(BRCA2):c.8754+1G>C	675	BRCA2	Pathogenic/Likely pathogenic	GRCh38	922702
single nucleotide variant	NM_000059.4(BRCA2):c.5279C>A (p.Ser1760Ter)	675	BRCA2	Pathogenic	GRCh38	928833
single nucleotide variant	NM_000059.4(BRCA2):c.517-2A>T	675	BRCA2	Likely pathogenic	GRCh38	929044
single nucleotide variant	NM_000059.4(BRCA2):c.7436-1G>T	675	BRCA2	Pathogenic/Likely pathogenic	GRCh38	928867
single nucleotide variant	NM_000059.4(BRCA2):c.1366G>T (p.Glu456Ter)	675	BRCA2	Pathogenic	GRCh38	951337
single nucleotide variant	NM_000059.4(BRCA2):c.2833A>T (p.Lys945Ter)	675	BRCA2	Pathogenic	GRCh38	951070
single nucleotide variant	NM_000059.4(BRCA2):c.5816T>A (p.Leu1939Ter)	675	BRCA2	Pathogenic	GRCh38	952937
single nucleotide variant	NM_000059.4(BRCA2):c.6141T>A (p.Tyr2047Ter)	675	BRCA2	Pathogenic	GRCh38	945325
single nucleotide variant	NM_000059.4(BRCA2):c.1804G>T (p.Gly602Ter)	675	BRCA2	Pathogenic/Likely pathogenic	GRCh38	942890
single nucleotide variant	NM_000059.4(BRCA2):c.8777T>G (p.Leu2926Ter)	675	BRCA2	Pathogenic	GRCh38	941080
single nucleotide variant	NM_000059.4(BRCA2):c.9678T>A (p.Tyr3226Ter)	675	BRCA2	Pathogenic/Likely pathogenic	GRCh38	937072
single nucleotide variant	NM_000059.4(BRCA2):c.-40+1G>A	675	BRCA2	Likely pathogenic	GRCh38	940200
single nucleotide variant	NM_000059.4(BRCA2):c.8754+5G>C	675	BRCA2	Pathogenic	GRCh38	940222
single nucleotide variant	NM_000059.4(BRCA2):c.6938-1G>C	675	BRCA2	Pathogenic/Likely pathogenic	GRCh38	945580
single nucleotide variant	NM_000059.4(BRCA2):c.2384C>G (p.Ser795Ter)	675	BRCA2	Pathogenic	GRCh38	962539
single nucleotide variant	NM_000059.4(BRCA2):c.4197T>A (p.Cys1399Ter)	675	BRCA2	Pathogenic	GRCh38	954276
single nucleotide variant	NM_000059.4(BRCA2):c.5317G>T (p.Glu1773Ter)	675	BRCA2	Pathogenic	GRCh38	964048
single nucleotide variant	NM_000059.4(BRCA2):c.-40+1G>C	675	BRCA2	Likely pathogenic	GRCh38	972475
single nucleotide variant	NM_000059.4(BRCA2):c.8935A>T (p.Lys2979Ter)	675	BRCA2	Pathogenic/Likely pathogenic	GRCh38	986954
single nucleotide variant	NM_000059.4(BRCA2):c.4321G>T (p.Glu1441Ter)	675	BRCA2	Pathogenic/Likely pathogenic	GRCh38	987842
single nucleotide variant	NM_000059.4(BRCA2):c.778G>T (p.Glu260Ter)	675	BRCA2	Pathogenic	GRCh38	988397
single nucleotide variant	NM_000059.4(BRCA2):c.2372C>G (p.Ser791Ter)	675	BRCA2	Pathogenic	GRCh38	988489
single nucleotide variant	NM_000059.4(BRCA2):c.2476G>T (p.Glu826Ter)	675	BRCA2	Pathogenic	GRCh38	988557
single nucleotide variant	NM_000059.4(BRCA2):c.5142T>G (p.Tyr1714Ter)	675	BRCA2	Pathogenic/Likely pathogenic	GRCh38	992810
single nucleotide variant	NM_000059.4(BRCA2):c.1688G>A (p.Trp563Ter)	675	BRCA2	Pathogenic	GRCh38	993171
single nucleotide variant	NM_000059.4(BRCA2):c.7786G>C (p.Gly2596Arg)	675	BRCA2	Likely pathogenic	GRCh38	995946
single nucleotide variant	NM_000059.4(BRCA2):c.7807G>C (p.Ala2603Pro)	675	BRCA2	Likely pathogenic	GRCh38	995947
single nucleotide variant	NM_000059.4(BRCA2):c.7888A>C (p.Lys2630Gln)	675	BRCA2	Likely pathogenic	GRCh38	995948
single nucleotide variant	NM_000059.4(BRCA2):c.9226G>C (p.Gly3076Arg)	675	BRCA2	Likely pathogenic	GRCh38	995950
single nucleotide variant	NM_000059.4(BRCA2):c.8487+2T>G	675	BRCA2	Pathogenic	GRCh38	1012203
single nucleotide variant	NM_000059.4(BRCA2):c.1910-1G>A	675	BRCA2	Pathogenic/Likely pathogenic	GRCh38	1050669
single nucleotide variant	NM_000059.4(BRCA2):c.6334A>T (p.Arg2112Ter)	675	BRCA2	Pathogenic	GRCh38	1050481
single nucleotide variant	NM_000059.4(BRCA2):c.7726G>T (p.Gly2576Ter)	675	BRCA2	Pathogenic	GRCh38	1050735
single nucleotide variant	NM_000059.4(BRCA2):c.-39-1G>C	675	BRCA2	Pathogenic/Likely pathogenic	GRCh38	1067980
single nucleotide variant	NM_000059.4(BRCA2):c.444T>A (p.Cys148Ter)	675	BRCA2	Pathogenic	GRCh38	1075832
single nucleotide variant	NM_000059.4(BRCA2):c.724A>T (p.Lys242Ter)	675	BRCA2	Pathogenic	GRCh38	1072364
single nucleotide variant	NM_000059.4(BRCA2):c.1018G>T (p.Glu340Ter)	675	BRCA2	Pathogenic	GRCh38	1076102
single nucleotide variant	NM_000059.4(BRCA2):c.1156G>T (p.Glu386Ter)	675	BRCA2	Pathogenic	GRCh38	1074645
single nucleotide variant	NM_000059.4(BRCA2):c.1228A>T (p.Lys410Ter)	675	BRCA2	Pathogenic	GRCh38	1074393
single nucleotide variant	NM_000059.4(BRCA2):c.1943C>A (p.Ser648Ter)	675	BRCA2	Pathogenic	GRCh38	3482039
single nucleotide variant	NM_000059.4(BRCA2):c.2173A>T (p.Lys725Ter)	675	BRCA2	Pathogenic	GRCh38	1076314
single nucleotide variant	NM_000059.4(BRCA2):c.2409T>A (p.Tyr803Ter)	675	BRCA2	Pathogenic	GRCh38	1069813
single nucleotide variant	NM_000059.4(BRCA2):c.2410G>T (p.Glu804Ter)	675	BRCA2	Pathogenic	GRCh38	1074309
single nucleotide variant	NM_000059.4(BRCA2):c.2809C>T (p.Gln937Ter)	675	BRCA2	Pathogenic	GRCh38	1072657
single nucleotide variant	NM_000059.4(BRCA2):c.3472G>T (p.Glu1158Ter)	675	BRCA2	Pathogenic	GRCh38	1070335
single nucleotide variant	NM_000059.4(BRCA2):c.4057G>T (p.Glu1353Ter)	675	BRCA2	Pathogenic	GRCh38	1073722
single nucleotide variant	NM_000059.4(BRCA2):c.4318A>T (p.Lys1440Ter)	675	BRCA2	Pathogenic	GRCh38	1072034
single nucleotide variant	NM_000059.4(BRCA2):c.5217T>G (p.Tyr1739Ter)	675	BRCA2	Pathogenic	GRCh38	1074058
single nucleotide variant	NM_000059.4(BRCA2):c.5899A>T (p.Lys1967Ter)	675	BRCA2	Pathogenic	GRCh38	1075442
single nucleotide variant	NM_000059.4(BRCA2):c.5947G>T (p.Gly1983Ter)	675	BRCA2	Pathogenic	GRCh38	1073939
single nucleotide variant	NM_000059.4(BRCA2):c.6284C>A (p.Ser2095Ter)	675	BRCA2	Pathogenic	GRCh38	1071475
single nucleotide variant	NM_000059.4(BRCA2):c.6407T>G (p.Leu2136Ter)	675	BRCA2	Pathogenic/Likely pathogenic	GRCh38	1069756
single nucleotide variant	NM_000059.4(BRCA2):c.6920C>A (p.Ser2307Ter)	675	BRCA2	Pathogenic	GRCh38	1073252
single nucleotide variant	NM_000059.4(BRCA2):c.7018G>T (p.Glu2340Ter)	675	BRCA2	Pathogenic	GRCh38	1072565
single nucleotide variant	NM_000059.4(BRCA2):c.8437G>T (p.Gly2813Ter)	675	BRCA2	Pathogenic	GRCh38	1070329
single nucleotide variant	NM_000059.4(BRCA2):c.8487+1G>C	675	BRCA2	Pathogenic	GRCh38	1076812
single nucleotide variant	NM_000059.4(BRCA2):c.8487+2T>A	675	BRCA2	Pathogenic	GRCh38	1071638
single nucleotide variant	NM_000059.4(BRCA2):c.8517C>G (p.Tyr2839Ter)	675	BRCA2	Pathogenic	GRCh38	1071651
single nucleotide variant	NM_000059.4(BRCA2):c.8633-2A>C	675	BRCA2	Pathogenic/Likely pathogenic	GRCh38	1069528
single nucleotide variant	NM_000059.4(BRCA2):c.8755-2A>T	675	BRCA2	Pathogenic/Likely pathogenic	GRCh38	1070098
single nucleotide variant	NM_000059.4(BRCA2):c.8857G>T (p.Glu2953Ter)	675	BRCA2	Pathogenic	GRCh38	1070093
single nucleotide variant	NM_000059.4(BRCA2):c.9699T>A (p.Cys3233Ter)	675	BRCA2	Pathogenic/Likely pathogenic	GRCh38	1076700
single nucleotide variant	NM_000059.4(BRCA2):c.2722G>T (p.Glu908Ter)	675	BRCA2	Pathogenic/Likely pathogenic	GRCh38	1171805
single nucleotide variant	NM_000059.4(BRCA2):c.8243G>T (p.Gly2748Val)	675	BRCA2	Likely pathogenic	GRCh38	1171382
single nucleotide variant	NM_000059.4(BRCA2):c.2484T>A (p.Tyr828Ter)	675	BRCA2	Pathogenic	GRCh38	1187525
single nucleotide variant	NM_000059.4(BRCA2):c.9256+2T>G	675	BRCA2	Likely pathogenic	GRCh38	1195173
single nucleotide variant	NM_000059.4(BRCA2):c.1507A>T (p.Lys503Ter)	675	BRCA2	Pathogenic	GRCh38	1195872
single nucleotide variant	NM_000059.4(BRCA2):c.151G>T (p.Glu51Ter)	675	BRCA2	Pathogenic	GRCh38	2152175
single nucleotide variant	NM_000059.4(BRCA2):c.1834G>T (p.Glu612Ter)	675	BRCA2	Pathogenic	GRCh38	3992675
single nucleotide variant	NM_000059.4(BRCA2):c.2790T>G (p.Tyr930Ter)	675	BRCA2	Pathogenic	GRCh38	3226083
single nucleotide variant	NM_000059.4(BRCA2):c.3136G>T (p.Glu1046Ter)	675	BRCA2	Pathogenic	GRCh38	4215278
single nucleotide variant	NM_000059.4(BRCA2):c.3795T>A (p.Cys1265Ter)	675	BRCA2	Pathogenic	GRCh38	1929440
single nucleotide variant	NM_000059.4(BRCA2):c.3895G>T (p.Glu1299Ter)	675	BRCA2	Pathogenic	GRCh38	1735936
single nucleotide variant	NM_000059.4(BRCA2):c.4126G>T (p.Gly1376Ter)	675	BRCA2	Pathogenic	GRCh38	1452414
single nucleotide variant	NM_000059.4(BRCA2):c.4729G>T (p.Glu1577Ter)	675	BRCA2	Pathogenic	GRCh38	2137478
single nucleotide variant	NM_000059.4(BRCA2):c.5467A>T (p.Lys1823Ter)	675	BRCA2	Pathogenic	GRCh38	1687127
single nucleotide variant	NM_000059.4(BRCA2):c.6010G>T (p.Glu2004Ter)	675	BRCA2	Pathogenic	GRCh38	2431305
single nucleotide variant	NM_000059.4(BRCA2):c.6193C>T (p.Gln2065Ter)	675	BRCA2	Pathogenic	GRCh38	2907440
single nucleotide variant	NM_000059.4(BRCA2):c.6656C>A (p.Ser2219Ter)	675	BRCA2	Pathogenic	GRCh38	1801605
single nucleotide variant	NM_000059.4(BRCA2):c.7252A>T (p.Arg2418Ter)	675	BRCA2	Pathogenic	GRCh38	1370345
single nucleotide variant	NM_000059.4(BRCA2):c.7588C>T (p.Gln2530Ter)	675	BRCA2	Pathogenic	GRCh38	2137484
single nucleotide variant	NM_000059.4(BRCA2):c.7969A>T (p.Lys2657Ter)	675	BRCA2	Pathogenic	GRCh38	2159523
single nucleotide variant	NM_000059.4(BRCA2):c.8219T>G (p.Leu2740Ter)	675	BRCA2	Pathogenic	GRCh38	3718641
single nucleotide variant	NM_000059.4(BRCA2):c.8530G>T (p.Glu2844Ter)	675	BRCA2	Pathogenic	GRCh38	4737642
single nucleotide variant	NM_000059.4(BRCA2):c.8715T>A (p.Tyr2905Ter)	675	BRCA2	Likely pathogenic	GRCh38	1683534
single nucleotide variant	NM_000059.4(BRCA2):c.8827C>T (p.Gln2943Ter)	675	BRCA2	Pathogenic	GRCh38	1456000
single nucleotide variant	NM_000059.4(BRCA2):c.9019A>T (p.Arg3007Ter)	675	BRCA2	Pathogenic	GRCh38	3336068
single nucleotide variant	NM_000059.4(BRCA2):c.9398C>G (p.Ser3133Ter)	675	BRCA2	Pathogenic	GRCh38	2774966
single nucleotide variant	NM_000059.4(BRCA2):c.517-1G>C	675	BRCA2	Pathogenic/Likely pathogenic	GRCh38	1745807
single nucleotide variant	NM_000059.4(BRCA2):c.7436-1G>A	675	BRCA2	Pathogenic/Likely pathogenic	GRCh38	1758903
single nucleotide variant	NM_000059.4(BRCA2):c.7618-2A>T	675	BRCA2	Pathogenic	GRCh38	2584170
single nucleotide variant	NM_000059.4(BRCA2):c.8488-2A>G	675	BRCA2	Likely pathogenic	GRCh38	3600608
single nucleotide variant	NM_000059.4(BRCA2):c.8632+2T>C	675	BRCA2	Pathogenic	GRCh38	1460449
single nucleotide variant	NM_000059.4(BRCA2):c.8954-1G>C	675	BRCA2	Pathogenic	GRCh38	4532841
single nucleotide variant	NM_000059.4(BRCA2):c.9117+2T>G	675	BRCA2	Pathogenic	GRCh38	1929442
single nucleotide variant	NM_000059.4(BRCA2):c.9502-1G>A	675	BRCA2	Likely pathogenic	GRCh38	1767194
single nucleotide variant	NM_000059.4(BRCA2):c.9648+1G>T	675	BRCA2	Pathogenic	GRCh38	1801542
single nucleotide variant	NM_000059.4(BRCA2):c.3358G>T (p.Glu1120Ter)	675	BRCA2	Pathogenic	GRCh38	1319579
single nucleotide variant	NM_000059.4(BRCA2):c.8954-2A>G	675	BRCA2	Pathogenic/Likely pathogenic	GRCh38	1325641
single nucleotide variant	NM_000059.4(BRCA2):c.9105T>A (p.Tyr3035Ter)	675	BRCA2	Pathogenic	GRCh38	1325642
single nucleotide variant	NM_000059.4(BRCA2):c.7805+2T>A	675	BRCA2	Likely pathogenic	GRCh38	1330048
single nucleotide variant	NM_000059.4(BRCA2):c.7701T>G (p.Tyr2567Ter)	675	BRCA2	Pathogenic/Likely pathogenic	GRCh38	1330066
single nucleotide variant	NM_000059.4(BRCA2):c.8807T>A (p.Leu2936Ter)	675	BRCA2	Pathogenic	GRCh38	1331744
single nucleotide variant	NM_000059.4(BRCA2):c.4733T>G (p.Leu1578Ter)	675	BRCA2	Pathogenic/Likely pathogenic	GRCh38	1332800
single nucleotide variant	NM_000059.4(BRCA2):c.6938-1G>T	675	BRCA2	Pathogenic	GRCh38	1466972
single nucleotide variant	NM_000059.4(BRCA2):c.8488-1G>C	675	BRCA2	Pathogenic	GRCh38	1520790
single nucleotide variant	NM_000059.4(BRCA2):c.8417C>A (p.Ser2806Ter)	675	BRCA2	Pathogenic	GRCh38	1454154
single nucleotide variant	NM_000059.4(BRCA2):c.7729A>T (p.Lys2577Ter)	675	BRCA2	Pathogenic	GRCh38	1454200
single nucleotide variant	NM_000059.4(BRCA2):c.2099T>G (p.Leu700Ter)	675	BRCA2	Pathogenic	GRCh38	1417319
single nucleotide variant	NM_000059.4(BRCA2):c.2755G>T (p.Glu919Ter)	675	BRCA2	Pathogenic	GRCh38	1418898
single nucleotide variant	NM_000059.4(BRCA2):c.1910-2A>G	675	BRCA2	Pathogenic	GRCh38	1457333
single nucleotide variant	NM_000059.4(BRCA2):c.4804A>T (p.Lys1602Ter)	675	BRCA2	Pathogenic/Likely pathogenic	GRCh38	1393083
single nucleotide variant	NM_000059.4(BRCA2):c.9616C>T (p.Gln3206Ter)	675	BRCA2	Pathogenic	GRCh38	1451757
single nucleotide variant	NM_000059.4(BRCA2):c.5880T>A (p.Cys1960Ter)	675	BRCA2	Pathogenic	GRCh38	1453241
single nucleotide variant	NM_000059.4(BRCA2):c.9257-2A>T	675	BRCA2	Pathogenic	GRCh38	1451289
single nucleotide variant	NM_000059.4(BRCA2):c.4609G>T (p.Glu1537Ter)	675	BRCA2	Pathogenic	GRCh38	1451343
single nucleotide variant	NM_000059.4(BRCA2):c.8176T>A (p.Tyr2726Asn)	675	BRCA2	Likely pathogenic	GRCh38	1505734
single nucleotide variant	NM_000059.4(BRCA2):c.4219G>T (p.Glu1407Ter)	675	BRCA2	Pathogenic	GRCh38	1399282
single nucleotide variant	NM_000059.4(BRCA2):c.7150C>T (p.Gln2384Ter)	675	BRCA2	Pathogenic	GRCh38	1456724
single nucleotide variant	NM_000059.4(BRCA2):c.7806-2A>C	675	BRCA2	Pathogenic/Likely pathogenic	GRCh38	1456348
single nucleotide variant	NM_000059.4(BRCA2):c.7436-2A>C	675	BRCA2	Pathogenic	GRCh38	1400967
single nucleotide variant	NM_000059.4(BRCA2):c.7623T>G (p.Tyr2541Ter)	675	BRCA2	Pathogenic	GRCh38	1457868
single nucleotide variant	NM_000059.4(BRCA2):c.8210T>G (p.Leu2737Ter)	675	BRCA2	Pathogenic	GRCh38	1457967
single nucleotide variant	NM_000059.4(BRCA2):c.8486A>C (p.Gln2829Pro)	675	BRCA2	Likely pathogenic	GRCh38	1484629
single nucleotide variant	NM_000059.4(BRCA2):c.6706G>T (p.Glu2236Ter)	675	BRCA2	Pathogenic	GRCh38	1459863
single nucleotide variant	NM_000059.4(BRCA2):c.3038C>G (p.Ser1013Ter)	675	BRCA2	Pathogenic	GRCh38	1460034
single nucleotide variant	NM_000059.4(BRCA2):c.9226G>A (p.Gly3076Arg)	675	BRCA2	Likely pathogenic	GRCh38	1487627
single nucleotide variant	NM_000059.4(BRCA2):c.8748C>A (p.Tyr2916Ter)	675	BRCA2	Pathogenic	GRCh38	1459597
single nucleotide variant	NM_000059.4(BRCA2):c.475+1G>C	675	BRCA2	Pathogenic	GRCh38	1443852
single nucleotide variant	NM_000059.4(BRCA2):c.9487A>T (p.Lys3163Ter)	675	BRCA2	Pathogenic	GRCh38	1418453
single nucleotide variant	NM_000059.4(BRCA2):c.1537A>T (p.Lys513Ter)	675	BRCA2	Pathogenic	GRCh38	1434371
single nucleotide variant	NM_000059.4(BRCA2):c.2283T>A (p.Tyr761Ter)	675	BRCA2	Pathogenic	GRCh38	1380840
single nucleotide variant	NM_000059.4(BRCA2):c.516+4A>G	675	BRCA2	Pathogenic/Likely pathogenic	GRCh38	1491083
single nucleotide variant	NM_000059.4(BRCA2):c.1705C>T (p.Gln569Ter)	675	BRCA2	Pathogenic	GRCh38	1678927
single nucleotide variant	NM_000059.4(BRCA2):c.5890A>T (p.Lys1964Ter)	675	BRCA2	Pathogenic/Likely pathogenic	GRCh38	1683523
single nucleotide variant	NM_000059.4(BRCA2):c.7903G>T (p.Glu2635Ter)	675	BRCA2	Likely pathogenic	GRCh38	1709447
single nucleotide variant	NM_000059.4(BRCA2):c.7297C>T (p.Gln2433Ter)	675	BRCA2	Likely pathogenic	GRCh38	1709685
single nucleotide variant	NM_000059.4(BRCA2):c.4081C>T (p.Gln1361Ter)	675	BRCA2	Pathogenic	GRCh38	1737638
single nucleotide variant	NM_000059.4(BRCA2):c.4099A>T (p.Lys1367Ter)	675	BRCA2	Pathogenic	GRCh38	1737795
single nucleotide variant	NM_000059.4(BRCA2):c.3826G>T (p.Glu1276Ter)	675	BRCA2	Pathogenic	GRCh38	1735307
single nucleotide variant	NM_000059.4(BRCA2):c.4022C>G (p.Ser1341Ter)	675	BRCA2	Pathogenic	GRCh38	1737126
single nucleotide variant	NM_000059.4(BRCA2):c.4144G>T (p.Glu1382Ter)	675	BRCA2	Pathogenic	GRCh38	1738193
single nucleotide variant	NM_000059.4(BRCA2):c.4264G>T (p.Glu1422Ter)	675	BRCA2	Pathogenic	GRCh38	1739195
single nucleotide variant	NM_000059.4(BRCA2):c.6254T>A (p.Leu2085Ter)	675	BRCA2	Pathogenic	GRCh38	1752456
single nucleotide variant	NM_000059.4(BRCA2):c.5564C>G (p.Ser1855Ter)	675	BRCA2	Pathogenic	GRCh38	1748324
single nucleotide variant	NM_000059.4(BRCA2):c.584C>A (p.Ser195Ter)	675	BRCA2	Pathogenic	GRCh38	1750060
single nucleotide variant	NM_000059.4(BRCA2):c.5874T>A (p.Cys1958Ter)	675	BRCA2	Pathogenic	GRCh38	1750212
single nucleotide variant	NM_000059.4(BRCA2):c.4741G>T (p.Glu1581Ter)	675	BRCA2	Pathogenic	GRCh38	1742776
single nucleotide variant	NM_000059.4(BRCA2):c.7618-187G>T	675	BRCA2	Likely pathogenic	GRCh38	1759824
single nucleotide variant	NM_000059.4(BRCA2):c.8332-3384A>T	675	BRCA2	Pathogenic/Likely pathogenic	GRCh38	1762967
single nucleotide variant	NM_000059.4(BRCA2):c.9226G>T (p.Gly3076Ter)	675	BRCA2	Pathogenic	GRCh38	1766249
single nucleotide variant	NM_000059.4(BRCA2):c.9257-1G>T	675	BRCA2	Likely pathogenic	GRCh38	1766346
single nucleotide variant	NM_000059.4(BRCA2):c.929T>A (p.Leu310Ter)	675	BRCA2	Pathogenic	GRCh38	1766465
single nucleotide variant	NM_000059.4(BRCA2):c.682-1G>A	675	BRCA2	Pathogenic/Likely pathogenic	GRCh38	1755640
single nucleotide variant	NM_000059.4(BRCA2):c.682-3C>G	675	BRCA2	Likely pathogenic	GRCh38	1755648
single nucleotide variant	NM_000059.4(BRCA2):c.8715T>G (p.Tyr2905Ter)	675	BRCA2	Pathogenic	GRCh38	1764425
single nucleotide variant	NM_000059.4(BRCA2):c.9649-12T>G	675	BRCA2	Likely pathogenic	GRCh38	1767664
single nucleotide variant	NM_000059.4(BRCA2):c.7089T>G (p.Tyr2363Ter)	675	BRCA2	Pathogenic	GRCh38	1757071
single nucleotide variant	NM_000059.4(BRCA2):c.8614G>T (p.Glu2872Ter)	675	BRCA2	Pathogenic	GRCh38	1764044
single nucleotide variant	NM_000059.4(BRCA2):c.9061G>T (p.Glu3021Ter)	675	BRCA2	Pathogenic	GRCh38	1765632
single nucleotide variant	NM_000059.4(BRCA2):c.67+3A>C	675	BRCA2	Likely pathogenic	GRCh38	1755005
single nucleotide variant	NM_000059.4(BRCA2):c.809C>A (p.Ser270Ter)	675	BRCA2	Pathogenic	GRCh38	1761977
single nucleotide variant	NM_000059.4(BRCA2):c.1504A>T (p.Lys502Ter)	675	BRCA2	Pathogenic	GRCh38	1774058
single nucleotide variant	NM_000059.4(BRCA2):c.1562C>G (p.Ser521Ter)	675	BRCA2	Pathogenic	GRCh38	1775284
single nucleotide variant	NM_000059.4(BRCA2):c.1003G>T (p.Glu335Ter)	675	BRCA2	Pathogenic	GRCh38	1776230
single nucleotide variant	NM_000059.4(BRCA2):c.1861G>T (p.Glu621Ter)	675	BRCA2	Pathogenic	GRCh38	1781517
single nucleotide variant	NM_000059.4(BRCA2):c.2170A>T (p.Lys724Ter)	675	BRCA2	Pathogenic	GRCh38	1787087
single nucleotide variant	NM_000059.4(BRCA2):c.2146C>T (p.Gln716Ter)	675	BRCA2	Pathogenic	GRCh38	1786655
single nucleotide variant	NM_000059.4(BRCA2):c.2485A>T (p.Lys829Ter)	675	BRCA2	Pathogenic	GRCh38	1791977
single nucleotide variant	NM_000059.4(BRCA2):c.3940A>T (p.Lys1314Ter)	675	BRCA2	Pathogenic	GRCh38	1801539
single nucleotide variant	NM_000059.4(BRCA2):c.4867C>T (p.Gln1623Ter)	675	BRCA2	Pathogenic/Likely pathogenic	GRCh38	1801540
single nucleotide variant	NM_000059.4(BRCA2):c.6359C>A (p.Ser2120Ter)	675	BRCA2	Pathogenic	GRCh38	1801541
single nucleotide variant	NM_000059.4(BRCA2):c.8005A>T (p.Arg2669Ter)	675	BRCA2	Pathogenic	GRCh38	1801617
single nucleotide variant	NM_000059.4(BRCA2):c.3853G>T (p.Glu1285Ter)	675	BRCA2	Pathogenic	GRCh38	1969616
single nucleotide variant	NM_000059.4(BRCA2):c.460C>T (p.Gln154Ter)	675	BRCA2	Pathogenic	GRCh38	2019096
single nucleotide variant	NM_000059.4(BRCA2):c.3394A>T (p.Lys1132Ter)	675	BRCA2	Pathogenic	GRCh38	2033586
single nucleotide variant	NM_000059.4(BRCA2):c.8170G>A (p.Gly2724Arg)	675	BRCA2	Likely pathogenic	GRCh38	2058629
single nucleotide variant	NM_000059.4(BRCA2):c.6361G>T (p.Glu2121Ter)	675	BRCA2	Pathogenic	GRCh38	2057327
single nucleotide variant	NM_000059.4(BRCA2):c.5486T>A (p.Leu1829Ter)	675	BRCA2	Pathogenic	GRCh38	2071927
single nucleotide variant	NM_000059.4(BRCA2):c.4186C>T (p.Gln1396Ter)	675	BRCA2	Pathogenic	GRCh38	2087225
single nucleotide variant	NM_000059.4(BRCA2):c.3125T>G (p.Leu1042Ter)	675	BRCA2	Pathogenic	GRCh38	2078398
single nucleotide variant	NM_000059.4(BRCA2):c.1519A>T (p.Arg507Ter)	675	BRCA2	Pathogenic	GRCh38	2092649
single nucleotide variant	NM_000059.4(BRCA2):c.92G>C (p.Trp31Ser)	675	BRCA2	Likely pathogenic	GRCh38	2098802
single nucleotide variant	NM_000059.4(BRCA2):c.5460C>A (p.Cys1820Ter)	675	BRCA2	Pathogenic	GRCh38	2098254
single nucleotide variant	NM_000059.4(BRCA2):c.1591A>T (p.Lys531Ter)	675	BRCA2	Pathogenic	GRCh38	2108445
single nucleotide variant	NM_000059.4(BRCA2):c.8660C>A (p.Ser2887Ter)	675	BRCA2	Pathogenic	GRCh38	2121741
single nucleotide variant	NM_000059.4(BRCA2):c.-40+1G>T	675	BRCA2	Likely pathogenic	GRCh38	2116024
single nucleotide variant	NM_000059.4(BRCA2):c.8331+1G>C	675	BRCA2	Pathogenic	GRCh38	2133671
single nucleotide variant	NM_000059.4(BRCA2):c.7868A>C (p.His2623Pro)	675	BRCA2	Likely pathogenic	GRCh38	2130148
single nucleotide variant	NM_000059.4(BRCA2):c.7171G>T (p.Glu2391Ter)	675	BRCA2	Likely pathogenic	GRCh38	2429251
single nucleotide variant	NM_000059.4(BRCA2):c.8633-1G>T	675	BRCA2	Likely pathogenic	GRCh38	2431299
single nucleotide variant	NM_000059.4(BRCA2):c.3715A>T (p.Lys1239Ter)	675	BRCA2	Pathogenic	GRCh38	2431302
single nucleotide variant	NM_000059.4(BRCA2):c.9519C>A (p.Cys3173Ter)	675	BRCA2	Pathogenic	GRCh38	2431309
single nucleotide variant	NM_000059.4(BRCA2):c.7663A>T (p.Lys2555Ter)	675	BRCA2	Pathogenic/Likely pathogenic	GRCh38	2431320
single nucleotide variant	NM_000059.4(BRCA2):c.7855T>G (p.Trp2619Gly)	675	BRCA2	Pathogenic	GRCh38	2560930
single nucleotide variant	NM_000059.4(BRCA2):c.7878G>T (p.Trp2626Cys)	675	BRCA2	Pathogenic	GRCh38	2560953
single nucleotide variant	NM_000059.4(BRCA2):c.6137C>G (p.Ser2046Ter)	675	BRCA2	Pathogenic	GRCh38	2565954
single nucleotide variant	NM_000059.4(BRCA2):c.9256+2T>A	675	BRCA2	Likely pathogenic	GRCh38	2566009
single nucleotide variant	NM_000059.4(BRCA2):c.1848T>A (p.Cys616Ter)	675	BRCA2	Pathogenic	GRCh38	2573239
single nucleotide variant	NM_000059.4(BRCA2):c.6841G>T (p.Gly2281Ter)	675	BRCA2	Likely pathogenic	GRCh38	2574094
single nucleotide variant	NM_000059.4(BRCA2):c.7870T>G (p.Tyr2624Asp)	675	BRCA2	Pathogenic	GRCh38	2578326
single nucleotide variant	NM_000059.4(BRCA2):c.6658G>T (p.Glu2220Ter)	675	BRCA2	Likely pathogenic	GRCh38	2580964
single nucleotide variant	NM_000059.4(BRCA2):c.8755-3C>T	675	BRCA2	Pathogenic	GRCh38	2582249
single nucleotide variant	NM_000059.4(BRCA2):c.2050C>T (p.Gln684Ter)	675	BRCA2	Pathogenic/Likely pathogenic	GRCh38	2584930
single nucleotide variant	NM_000059.4(BRCA2):c.7977A>T (p.Arg2659Ser)	675	BRCA2	Likely pathogenic	GRCh38	2586259
single nucleotide variant	NM_000059.4(BRCA2):c.4983T>A (p.Tyr1661Ter)	675	BRCA2	Pathogenic	GRCh38	2586295
single nucleotide variant	NM_000059.4(BRCA2):c.4688G>A (p.Trp1563Ter)	675	BRCA2	Likely pathogenic	GRCh38	2680281
single nucleotide variant	NM_000059.4(BRCA2):c.9502-1G>C	675	BRCA2	Likely pathogenic	GRCh38	2680292
single nucleotide variant	NM_000059.4(BRCA2):c.1910-2A>C	675	BRCA2	Likely pathogenic	GRCh38	2680295
single nucleotide variant	NM_000059.4(BRCA2):c.7439T>A (p.Leu2480Ter)	675	BRCA2	Pathogenic/Likely pathogenic	GRCh38	2680300
single nucleotide variant	NM_000059.4(BRCA2):c.1045A>T (p.Lys349Ter)	675	BRCA2	Likely pathogenic	GRCh38	2680303
single nucleotide variant	NM_000059.4(BRCA2):c.483T>A (p.Cys161Ter)	675	BRCA2	Pathogenic	GRCh38	2674475
single nucleotide variant	NM_000059.4(BRCA2):c.7492A>T (p.Lys2498Ter)	675	BRCA2	Pathogenic	GRCh38	2674479
single nucleotide variant	NM_000059.4(BRCA2):c.4519C>T (p.Gln1507Ter)	675	BRCA2	Pathogenic	GRCh38	2681828
single nucleotide variant	NM_000059.4(BRCA2):c.7288G>T (p.Glu2430Ter)	675	BRCA2	Pathogenic	GRCh38	2690994
single nucleotide variant	NM_000059.4(BRCA2):c.4171G>T (p.Glu1391Ter)	675	BRCA2	Pathogenic	GRCh38	2692235
single nucleotide variant	NM_000059.4(BRCA2):c.5400C>A (p.Tyr1800Ter)	675	BRCA2	Pathogenic	GRCh38	2692237
single nucleotide variant	NM_000059.4(BRCA2):c.7133C>A (p.Ser2378Ter)	675	BRCA2	Pathogenic	GRCh38	2692244
single nucleotide variant	NM_000059.4(BRCA2):c.8633-1G>C	675	BRCA2	Likely pathogenic	GRCh38	2692254
single nucleotide variant	NM_000059.4(BRCA2):c.9766G>T (p.Glu3256Ter)	675	BRCA2	Pathogenic	GRCh38	2700032
single nucleotide variant	NM_000059.4(BRCA2):c.3125T>A (p.Leu1042Ter)	675	BRCA2	Pathogenic	GRCh38	2692719
single nucleotide variant	NM_000059.4(BRCA2):c.5176G>T (p.Glu1726Ter)	675	BRCA2	Pathogenic	GRCh38	2695707
single nucleotide variant	NM_000059.4(BRCA2):c.4565T>A (p.Leu1522Ter)	675	BRCA2	Pathogenic	GRCh38	2699051
single nucleotide variant	NM_000059.4(BRCA2):c.1271C>A (p.Ser424Ter)	675	BRCA2	Pathogenic/Likely pathogenic	GRCh38	2736861
single nucleotide variant	NM_000059.4(BRCA2):c.-40+2T>A	675	BRCA2	Likely pathogenic	GRCh38	2738444
single nucleotide variant	NM_000059.4(BRCA2):c.1810A>T (p.Lys604Ter)	675	BRCA2	Pathogenic	GRCh38	2754323
single nucleotide variant	NM_000059.4(BRCA2):c.7241C>A (p.Ser2414Ter)	675	BRCA2	Pathogenic	GRCh38	2761286
single nucleotide variant	NM_000059.4(BRCA2):c.476-1G>T	675	BRCA2	Likely pathogenic	GRCh38	2774872
single nucleotide variant	NM_000059.4(BRCA2):c.3337G>T (p.Glu1113Ter)	675	BRCA2	Pathogenic	GRCh38	2774896
single nucleotide variant	NM_000059.4(BRCA2):c.8488-9T>G	675	BRCA2	Pathogenic/Likely pathogenic	GRCh38	2774955
single nucleotide variant	NM_000059.4(BRCA2):c.9250A>T (p.Lys3084Ter)	675	BRCA2	Pathogenic	GRCh38	2816065
single nucleotide variant	NM_000059.4(BRCA2):c.9343A>T (p.Lys3115Ter)	675	BRCA2	Pathogenic	GRCh38	2824347
single nucleotide variant	NM_000059.4(BRCA2):c.6666C>G (p.Tyr2222Ter)	675	BRCA2	Pathogenic	GRCh38	2823788
single nucleotide variant	NM_000059.4(BRCA2):c.1640C>G (p.Ser547Ter)	675	BRCA2	Pathogenic	GRCh38	2823140
single nucleotide variant	NM_000059.4(BRCA2):c.2840T>A (p.Leu947Ter)	675	BRCA2	Pathogenic	GRCh38	2840867
single nucleotide variant	NM_000059.4(BRCA2):c.316+5G>T	675	BRCA2	Pathogenic	GRCh38	2835302
single nucleotide variant	NM_000059.4(BRCA2):c.964A>T (p.Lys322Ter)	675	BRCA2	Pathogenic	GRCh38	2836793
single nucleotide variant	NM_000059.4(BRCA2):c.8752G>T (p.Glu2918Ter)	675	BRCA2	Pathogenic	GRCh38	2845510
single nucleotide variant	NM_000059.4(BRCA2):c.7075A>T (p.Lys2359Ter)	675	BRCA2	Pathogenic	GRCh38	2854985
single nucleotide variant	NM_000059.4(BRCA2):c.5830A>T (p.Lys1944Ter)	675	BRCA2	Pathogenic	GRCh38	2857286
single nucleotide variant	NM_000059.4(BRCA2):c.6645C>A (p.Tyr2215Ter)	675	BRCA2	Pathogenic	GRCh38	2912371
single nucleotide variant	NM_000059.4(BRCA2):c.2260C>T (p.Gln754Ter)	675	BRCA2	Pathogenic	GRCh38	2994101
single nucleotide variant	NM_000059.4(BRCA2):c.9759T>A (p.Cys3253Ter)	675	BRCA2	Pathogenic/Likely pathogenic	GRCh38	3073591
single nucleotide variant	NM_000059.4(BRCA2):c.7089T>A (p.Tyr2363Ter)	675	BRCA2	Pathogenic	GRCh38	3073658
single nucleotide variant	NM_000059.4(BRCA2):c.9278T>A (p.Leu3093Ter)	675	BRCA2	Likely pathogenic	GRCh38	3075791
single nucleotide variant	NM_000059.4(BRCA2):c.8833C>T (p.Gln2945Ter)	675	BRCA2	Likely pathogenic	GRCh38	3075859
single nucleotide variant	NM_000059.4(BRCA2):c.760G>T (p.Glu254Ter)	675	BRCA2	Pathogenic	GRCh38	3148338
single nucleotide variant	NM_000059.4(BRCA2):c.4393G>T (p.Glu1465Ter)	675	BRCA2	Pathogenic	GRCh38	3226779
single nucleotide variant	NM_000059.4(BRCA2):c.9712A>T (p.Lys3238Ter)	675	BRCA2	Pathogenic	GRCh38	3230217
single nucleotide variant	NM_000059.4(BRCA2):c.308T>G (p.Leu103Ter)	675	BRCA2	Pathogenic	GRCh38	3226144
single nucleotide variant	NM_000059.4(BRCA2):c.3538A>T (p.Lys1180Ter)	675	BRCA2	Pathogenic	GRCh38	3226302
single nucleotide variant	NM_000059.4(BRCA2):c.6814A>T (p.Arg2272Ter)	675	BRCA2	Pathogenic	GRCh38	3228082
single nucleotide variant	NM_000059.4(BRCA2):c.227C>A (p.Ser76Ter)	675	BRCA2	Pathogenic	GRCh38	3225815
single nucleotide variant	NM_000059.4(BRCA2):c.7165A>T (p.Arg2389Ter)	675	BRCA2	Pathogenic	GRCh38	3236915
single nucleotide variant	NM_000059.4(BRCA2):c.2129C>A (p.Ser710Ter)	675	BRCA2	Pathogenic	GRCh38	3236921
single nucleotide variant	NM_000059.4(BRCA2):c.8185A>T (p.Lys2729Ter)	675	BRCA2	Pathogenic	GRCh38	3254047
single nucleotide variant	NM_000059.4(BRCA2):c.8960T>G (p.Leu2987Arg)	675	BRCA2	Likely pathogenic	GRCh38	3261636
single nucleotide variant	NM_000059.4(BRCA2):c.5062G>T (p.Glu1688Ter)	675	BRCA2	Pathogenic	GRCh38	3261555
single nucleotide variant	NM_000059.4(BRCA2):c.2517C>G (p.Tyr839Ter)	675	BRCA2	Pathogenic	GRCh38	3261572
single nucleotide variant	NM_000059.4(BRCA2):c.8221A>T (p.Lys2741Ter)	675	BRCA2	Pathogenic	GRCh38	3261589
single nucleotide variant	NM_000059.4(BRCA2):c.2113G>T (p.Glu705Ter)	675	BRCA2	Pathogenic	GRCh38	3339084
single nucleotide variant	NM_000059.4(BRCA2):c.794-1G>A	675	BRCA2	Likely pathogenic	GRCh38	3340192
single nucleotide variant	NM_000059.4(BRCA2):c.9221T>C (p.Leu3074Pro)	675	BRCA2	Likely pathogenic	GRCh38	3376536
single nucleotide variant	NM_000059.4(BRCA2):c.4847T>A (p.Leu1616Ter)	675	BRCA2	Pathogenic	GRCh38	3379156
single nucleotide variant	NM_000059.4(BRCA2):c.8674A>T (p.Arg2892Ter)	675	BRCA2	Pathogenic	GRCh38	3482204
single nucleotide variant	NM_000059.4(BRCA2):c.3541C>T (p.Gln1181Ter)	675	BRCA2	Pathogenic	GRCh38	3482004
single nucleotide variant	NM_000059.4(BRCA2):c.9749C>A (p.Ser3250Ter)	675	BRCA2	Pathogenic	GRCh38	3482036
single nucleotide variant	NM_000059.4(BRCA2):c.6841+2T>A	675	BRCA2	Likely pathogenic	GRCh38	3482038
single nucleotide variant	NM_000059.4(BRCA2):c.2557C>T (p.Gln853Ter)	675	BRCA2	Pathogenic/Likely pathogenic	GRCh38	3482060
single nucleotide variant	NM_000059.4(BRCA2):c.5327T>A (p.Leu1776Ter)	675	BRCA2	Pathogenic	GRCh38	3482092
single nucleotide variant	NM_000059.4(BRCA2):c.1309A>T (p.Lys437Ter)	675	BRCA2	Pathogenic	GRCh38	3572341
single nucleotide variant	NM_000059.4(BRCA2):c.3478A>T (p.Arg1160Ter)	675	BRCA2	Pathogenic/Likely pathogenic	GRCh38	3617161
single nucleotide variant	NM_000059.4(BRCA2):c.1286T>A (p.Leu429Ter)	675	BRCA2	Pathogenic	GRCh38	3638054
single nucleotide variant	NM_000059.4(BRCA2):c.929T>G (p.Leu310Ter)	675	BRCA2	Pathogenic	GRCh38	3648007
single nucleotide variant	NM_000059.4(BRCA2):c.2283T>G (p.Tyr761Ter)	675	BRCA2	Pathogenic	GRCh38	3647538
single nucleotide variant	NM_000059.4(BRCA2):c.2449A>T (p.Lys817Ter)	675	BRCA2	Pathogenic	GRCh38	3649129
single nucleotide variant	NM_000059.4(BRCA2):c.3427G>T (p.Glu1143Ter)	675	BRCA2	Pathogenic	GRCh38	3649289
single nucleotide variant	NM_000059.4(BRCA2):c.7805+1G>T	675	BRCA2	Pathogenic	GRCh38	3653290
single nucleotide variant	NM_000059.4(BRCA2):c.9080T>G (p.Leu3027Ter)	675	BRCA2	Pathogenic	GRCh38	3662688
single nucleotide variant	NM_000059.4(BRCA2):c.126T>G (p.Tyr42Ter)	675	BRCA2	Pathogenic	GRCh38	3695293
single nucleotide variant	NM_000059.4(BRCA2):c.4123G>T (p.Glu1375Ter)	675	BRCA2	Pathogenic	GRCh38	3701546
single nucleotide variant	NM_000059.4(BRCA2):c.4067T>A (p.Leu1356Ter)	675	BRCA2	Pathogenic	GRCh38	3725168
single nucleotide variant	NM_000059.4(BRCA2):c.2857G>T (p.Glu953Ter)	675	BRCA2	Pathogenic	GRCh38	3721242
single nucleotide variant	NM_000059.4(BRCA2):c.8981C>G (p.Ser2994Ter)	675	BRCA2	Pathogenic	GRCh38	3722916
single nucleotide variant	NM_000059.4(BRCA2):c.6841+1G>T	675	BRCA2	Likely pathogenic	GRCh38	3724249
single nucleotide variant	NM_000059.4(BRCA2):c.5347A>T (p.Lys1783Ter)	675	BRCA2	Pathogenic	GRCh38	3729156
single nucleotide variant	NM_000059.4(BRCA2):c.2542A>T (p.Lys848Ter)	675	BRCA2	Pathogenic	GRCh38	3765268
single nucleotide variant	NM_000059.4(BRCA2):c.8693T>A (p.Leu2898Ter)	675	BRCA2	Pathogenic	GRCh38	3773539
single nucleotide variant	NM_000059.4(BRCA2):c.7533T>A (p.Tyr2511Ter)	675	BRCA2	Pathogenic	GRCh38	3825353
single nucleotide variant	NM_000059.4(BRCA2):c.4627A>T (p.Lys1543Ter)	675	BRCA2	Pathogenic	GRCh38	3825431
single nucleotide variant	NM_000059.4(BRCA2):c.3158T>A (p.Leu1053Ter)	675	BRCA2	Pathogenic	GRCh38	3894479
single nucleotide variant	NM_000059.4(BRCA2):c.1662T>A (p.Cys554Ter)	675	BRCA2	Likely pathogenic	GRCh38	3895506
single nucleotide variant	NM_000059.4(BRCA2):c.2572A>T (p.Arg858Ter)	675	BRCA2	Pathogenic	GRCh38	3904156
single nucleotide variant	NM_000059.4(BRCA2):c.9499G>T (p.Glu3167Ter)	675	BRCA2	Pathogenic	GRCh38	3992743
single nucleotide variant	NM_000059.4(BRCA2):c.3410T>A (p.Leu1137Ter)	675	BRCA2	Pathogenic	GRCh38	3992781
single nucleotide variant	NM_000059.4(BRCA2):c.9117+1G>C	675	BRCA2	Pathogenic	GRCh38	3992883
single nucleotide variant	NM_000059.4(BRCA2):c.1276A>T (p.Lys426Ter)	675	BRCA2	Pathogenic	GRCh38	4056227
single nucleotide variant	NM_000059.4(BRCA2):c.4141A>T (p.Lys1381Ter)	675	BRCA2	Pathogenic	GRCh38	4071149
single nucleotide variant	NM_000059.4(BRCA2):c.1135G>T (p.Gly379Ter)	675	BRCA2	Pathogenic	GRCh38	4071218
single nucleotide variant	NM_000059.4(BRCA2):c.8754G>C (p.Glu2918Asp)	675	BRCA2	Likely pathogenic	GRCh38	4071408
single nucleotide variant	NM_000059.4(BRCA2):c.8020A>T (p.Lys2674Ter)	675	BRCA2	Likely pathogenic	GRCh38	4071482
single nucleotide variant	NM_000059.4(BRCA2):c.5548A>T (p.Lys1850Ter)	675	BRCA2	Likely pathogenic	GRCh38	4073571
single nucleotide variant	NM_000059.4(BRCA2):c.5029A>T (p.Arg1677Ter)	675	BRCA2	Likely pathogenic	GRCh38	4077042
single nucleotide variant	NM_000059.4(BRCA2):c.4498G>T (p.Gly1500Ter)	675	BRCA2	Likely pathogenic	GRCh38	4086792
single nucleotide variant	NM_000059.4(BRCA2):c.6938-2A>T	675	BRCA2	Likely pathogenic	GRCh38	4294208
single nucleotide variant	NM_000059.4(BRCA2):c.2188A>T (p.Lys730Ter)	675	BRCA2	Pathogenic	GRCh38	4531275
single nucleotide variant	NM_000059.4(BRCA2):c.7489A>T (p.Lys2497Ter)	675	BRCA2	Pathogenic	GRCh38	4532232
single nucleotide variant	NM_000059.4(BRCA2):c.8633-1299C>G	675	BRCA2	Likely pathogenic	GRCh38	4628721
single nucleotide variant	NM_000059.4(BRCA2):c.4160T>G (p.Leu1387Ter)	675	BRCA2	Pathogenic	GRCh38	4628906
single nucleotide variant	NM_000059.4(BRCA2):c.7753G>T (p.Gly2585Ter)	675	BRCA2	Pathogenic	GRCh38	4629600
single nucleotide variant	NM_000059.4(BRCA2):c.9394A>T (p.Lys3132Ter)	675	BRCA2	Pathogenic	GRCh38	4682110
single nucleotide variant	NM_000059.4(BRCA2):c.4621A>T (p.Lys1541Ter)	675	BRCA2	Likely pathogenic	GRCh38	4686571
single nucleotide variant	NM_000059.4(BRCA2):c.8487G>C (p.Gln2829His)	675	BRCA2	Pathogenic/Likely pathogenic	GRCh38	4687466
single nucleotide variant	NM_000059.4(BRCA2):c.4414A>T (p.Lys1472Ter)	675	BRCA2	Pathogenic	GRCh38	4714018
single nucleotide variant	NM_000059.4(BRCA2):c.4906A>T (p.Lys1636Ter)	675	BRCA2	Pathogenic	GRCh38	4724838
single nucleotide variant	NM_000059.4(BRCA2):c.3547G>T (p.Glu1183Ter)	675	BRCA2	Pathogenic	GRCh38	4731841
single nucleotide variant	NM_000059.4(BRCA2):c.2083A>T (p.Lys695Ter)	675	BRCA2	Pathogenic	GRCh38	4731868
single nucleotide variant	NM_000059.4(BRCA2):c.6892G>T (p.Glu2298Ter)	675	BRCA2	Pathogenic	GRCh38	4729705
single nucleotide variant	NM_000059.4(BRCA2):c.4891A>T (p.Lys1631Ter)	675	BRCA2	Pathogenic	GRCh38	4724011
single nucleotide variant	NM_000059.4(BRCA2):c.9649-2A>T	675	BRCA2	Pathogenic	GRCh38	4725983
single nucleotide variant	NM_000059.4(BRCA2):c.1257T>A (p.Cys419Ter)	675	BRCA2	Pathogenic	GRCh38	4731155
single nucleotide variant	NM_000059.4(BRCA2):c.2890A>T (p.Lys964Ter)	675	BRCA2	Pathogenic	GRCh38	4756171
single nucleotide variant	NM_000059.4(BRCA2):c.4459A>T (p.Lys1487Ter)	675	BRCA2	Pathogenic	GRCh38	4757016
single nucleotide variant	NM_000059.4(BRCA2):c.3061G>T (p.Glu1021Ter)	675	BRCA2	Pathogenic	GRCh38	4758837
single nucleotide variant	NM_000059.4(BRCA2):c.7672G>T (p.Glu2558Ter)	675	BRCA2	Pathogenic	GRCh38	4763861
single nucleotide variant	NM_000059.4(BRCA2):c.6515C>G (p.Ser2172Ter)	675	BRCA2	Pathogenic	GRCh38	4813430
single nucleotide variant	NM_000059.4(BRCA2):c.8063T>A (p.Leu2688His)	675	BRCA2	Likely pathogenic	GRCh38	4819606
single nucleotide variant	NM_000059.4(BRCA2):c.7751G>T (p.Gly2584Val)	675	BRCA2	Likely pathogenic	GRCh38	4826880
single nucleotide variant	NM_000059.4(BRCA2):c.474A>C (p.Ser158=)	675	BRCA2	Likely pathogenic	GRCh38	4824532
single nucleotide variant	NM_000059.4(BRCA2):c.316G>T (p.Gly106Ter)	675	BRCA2	Likely pathogenic	GRCh38	4845222
single nucleotide variant	NM_000059.4(BRCA2):c.6208G>T (p.Glu2070Ter)	675	BRCA2	Likely pathogenic	GRCh38	4845641
single nucleotide variant	NM_000059.4(BRCA2):c.1056C>G (p.Tyr352Ter)	675	BRCA2	Pathogenic	GRCh38	4850076
single nucleotide variant	NM_000059.4(BRCA2):c.696T>A (p.Tyr232Ter)	675	BRCA2	Pathogenic	GRCh38	4851982
single nucleotide variant	NM_000059.4(BRCA2):c.3152T>A (p.Leu1051Ter)	675	BRCA2	Pathogenic	GRCh38	4857010
single nucleotide variant	NM_000059.4(BRCA2):c.8953+1G>C	675	BRCA2	Pathogenic	GRCh38	4867775
single nucleotide variant	NM_000059.4(BRCA2):c.2244C>A (p.Tyr748Ter)	675	BRCA2	Pathogenic	GRCh38	4867807
single nucleotide variant	NM_000059.4(BRCA2):c.2659G>T (p.Glu887Ter)	675	BRCA2	Pathogenic	GRCh38	4867813
single nucleotide variant	NM_000059.4(BRCA2):c.4993G>T (p.Glu1665Ter)	675	BRCA2	Pathogenic	GRCh38	4875765
single nucleotide variant	NM_000059.4(BRCA2):c.6065C>A (p.Ser2022Ter)	675	BRCA2	Pathogenic	GRCh38	4876123
single nucleotide variant	NM_000059.4(BRCA2):c.6577G>T (p.Glu2193Ter)	675	BRCA2	Pathogenic	GRCh38	4876165
single nucleotide variant	NM_000059.4(BRCA2):c.4504C>T (p.Gln1502Ter)	675	BRCA2	Pathogenic	GRCh38	4890763
