Type	Name	GeneID	GeneSymbol	ClinicalSignificance	Assembly	VariationID
single nucleotide variant	NM_007294.4(BRCA1):c.190T>G (p.Cys64Gly)	672	BRCA1	Pathogenic	GRCh38	17660
single nucleotide variant	NM_007294.4(BRCA1):c.181T>G (p.Cys61Gly)	672	BRCA1	Pathogenic	GRCh38	17661
single nucleotide variant	NM_007294.4(BRCA1):c.3607C>T (p.Arg1203Ter)	672	BRCA1	Pathogenic	GRCh38	17671
single nucleotide variant	NM_007294.4(BRCA1):c.3748G>T (p.Glu1250Ter)	672	BRCA1	Pathogenic	GRCh38	17672
single nucleotide variant	NM_007294.4(BRCA1):c.4327C>T (p.Arg1443Ter)	672	BRCA1	Pathogenic	GRCh38	17675
single nucleotide variant	NM_007294.4(BRCA1):c.2389G>T (p.Glu797Ter)	672	BRCA1	Pathogenic	GRCh38	17682
single nucleotide variant	NM_007294.4(BRCA1):c.211A>G (p.Arg71Gly)	672	BRCA1	Pathogenic	GRCh38	17693
single nucleotide variant	NM_007294.4(BRCA1):c.5324T>G (p.Met1775Arg)	672	BRCA1	Pathogenic	GRCh38	17694
single nucleotide variant	NM_007294.4(BRCA1):c.5324T>A (p.Met1775Lys)	672	BRCA1	Pathogenic	GRCh38	17695
single nucleotide variant	NM_007294.4(BRCA1):c.116G>A (p.Cys39Tyr)	672	BRCA1	Pathogenic/Likely pathogenic	GRCh38	37392
single nucleotide variant	NM_007294.4(BRCA1):c.116G>T (p.Cys39Phe)	672	BRCA1	Pathogenic/Likely pathogenic	GRCh38	37393
single nucleotide variant	NM_007294.4(BRCA1):c.134+5G>C	672	BRCA1	Pathogenic/Likely pathogenic	GRCh38	37400
single nucleotide variant	NM_007294.4(BRCA1):c.135-1G>T	672	BRCA1	Pathogenic	GRCh38	37404
single nucleotide variant	NM_007294.4(BRCA1):c.1480C>T (p.Gln494Ter)	672	BRCA1	Pathogenic	GRCh38	37415
single nucleotide variant	NM_007294.4(BRCA1):c.1687C>T (p.Gln563Ter)	672	BRCA1	Pathogenic	GRCh38	37426
single nucleotide variant	NM_007294.4(BRCA1):c.1960A>T (p.Lys654Ter)	672	BRCA1	Pathogenic	GRCh38	37436
single nucleotide variant	NM_007294.4(BRCA1):c.212+1G>A	672	BRCA1	Pathogenic	GRCh38	37446
single nucleotide variant	NM_007294.4(BRCA1):c.213-11T>G	672	BRCA1	Pathogenic	GRCh38	37449
single nucleotide variant	NM_007294.4(BRCA1):c.213-12A>G	672	BRCA1	Pathogenic	GRCh38	37450
single nucleotide variant	NM_007294.4(BRCA1):c.2138C>G (p.Ser713Ter)	672	BRCA1	Pathogenic	GRCh38	37451
single nucleotide variant	NM_007294.4(BRCA1):c.2158G>T (p.Glu720Ter)	672	BRCA1	Pathogenic	GRCh38	37453
single nucleotide variant	NM_007294.4(BRCA1):c.2563C>T (p.Gln855Ter)	672	BRCA1	Pathogenic	GRCh38	37475
single nucleotide variant	NM_007294.4(BRCA1):c.2603C>G (p.Ser868Ter)	672	BRCA1	Pathogenic	GRCh38	37477
single nucleotide variant	NM_007294.4(BRCA1):c.2635G>T (p.Glu879Ter)	672	BRCA1	Pathogenic	GRCh38	37478
single nucleotide variant	NM_007294.4(BRCA1):c.2677A>T (p.Lys893Ter)	672	BRCA1	Pathogenic	GRCh38	37480
single nucleotide variant	NM_007294.4(BRCA1):c.2710G>T (p.Glu904Ter)	672	BRCA1	Pathogenic	GRCh38	37484
single nucleotide variant	NM_007294.4(BRCA1):c.2934T>G (p.Tyr978Ter)	672	BRCA1	Pathogenic	GRCh38	37493
single nucleotide variant	NM_007294.4(BRCA1):c.302-2A>C	672	BRCA1	Pathogenic/Likely pathogenic	GRCh38	37500
single nucleotide variant	NM_007294.4(BRCA1):c.302-3C>G	672	BRCA1	Pathogenic/Likely pathogenic	GRCh38	37501
single nucleotide variant	NM_007294.4(BRCA1):c.3112G>T (p.Glu1038Ter)	672	BRCA1	Pathogenic	GRCh38	37509
single nucleotide variant	NM_007294.4(BRCA1):c.3352C>T (p.Gln1118Ter)	672	BRCA1	Pathogenic	GRCh38	37524
single nucleotide variant	NM_007294.4(BRCA1):c.3389C>G (p.Ser1130Ter)	672	BRCA1	Pathogenic	GRCh38	37528
single nucleotide variant	NM_007294.4(BRCA1):c.3400G>T (p.Glu1134Ter)	672	BRCA1	Pathogenic	GRCh38	37529
single nucleotide variant	NM_007294.4(BRCA1):c.3689T>G (p.Leu1230Ter)	672	BRCA1	Pathogenic	GRCh38	37540
single nucleotide variant	NM_007294.4(BRCA1):c.3868A>T (p.Lys1290Ter)	672	BRCA1	Pathogenic	GRCh38	37554
single nucleotide variant	NM_007294.4(BRCA1):c.3937C>T (p.Gln1313Ter)	672	BRCA1	Pathogenic	GRCh38	37556
single nucleotide variant	NM_007294.4(BRCA1):c.3991C>T (p.Gln1331Ter)	672	BRCA1	Pathogenic	GRCh38	37558
single nucleotide variant	NM_007294.4(BRCA1):c.4015G>T (p.Glu1339Ter)	672	BRCA1	Pathogenic	GRCh38	37559
single nucleotide variant	NM_007294.4(BRCA1):c.4097-1G>A	672	BRCA1	Pathogenic	GRCh38	37567
single nucleotide variant	NM_007294.4(BRCA1):c.4117G>T (p.Glu1373Ter)	672	BRCA1	Pathogenic	GRCh38	37569
single nucleotide variant	NM_007294.4(BRCA1):c.4148C>G (p.Ser1383Ter)	672	BRCA1	Pathogenic	GRCh38	37572
single nucleotide variant	NM_007294.4(BRCA1):c.427G>T (p.Glu143Ter)	672	BRCA1	Pathogenic	GRCh38	37581
single nucleotide variant	NM_007294.4(BRCA1):c.4357+1G>A	672	BRCA1	Pathogenic	GRCh38	37584
single nucleotide variant	NM_007294.4(BRCA1):c.4484+1G>A	672	BRCA1	Pathogenic	GRCh38	37596
single nucleotide variant	NM_007294.4(BRCA1):c.4484G>A (p.Arg1495Lys)	672	BRCA1	Pathogenic	GRCh38	37597
single nucleotide variant	NM_007294.4(BRCA1):c.4484G>T (p.Arg1495Met)	672	BRCA1	Pathogenic	GRCh38	37598
single nucleotide variant	NM_007294.4(BRCA1):c.4675G>A (p.Glu1559Lys)	672	BRCA1	Pathogenic	GRCh38	37604
single nucleotide variant	NM_007294.4(BRCA1):c.4675G>C (p.Glu1559Gln)	672	BRCA1	Pathogenic/Likely pathogenic	GRCh38	37605
single nucleotide variant	NM_007294.4(BRCA1):c.4689C>G (p.Tyr1563Ter)	672	BRCA1	Pathogenic	GRCh38	37607
single nucleotide variant	NM_007294.4(BRCA1):c.4868C>G (p.Ala1623Gly)	672	BRCA1	Pathogenic/Likely pathogenic	GRCh38	37614
single nucleotide variant	NM_007294.4(BRCA1):c.4986+1G>T	672	BRCA1	Pathogenic	GRCh38	37618
single nucleotide variant	NM_007294.4(BRCA1):c.4986+4A>C	672	BRCA1	Pathogenic/Likely pathogenic	GRCh38	37619
single nucleotide variant	NM_007294.4(BRCA1):c.4986+6T>C	672	BRCA1	Pathogenic/Likely pathogenic	GRCh38	37620
single nucleotide variant	NM_007294.4(BRCA1):c.5066T>G (p.Met1689Arg)	672	BRCA1	Pathogenic/Likely pathogenic	GRCh38	37625
single nucleotide variant	NM_007294.4(BRCA1):c.5068A>T (p.Lys1690Ter)	672	BRCA1	Pathogenic	GRCh38	37626
single nucleotide variant	NM_007294.4(BRCA1):c.5072C>A (p.Thr1691Lys)	672	BRCA1	Pathogenic/Likely pathogenic	GRCh38	37627
single nucleotide variant	NM_007294.4(BRCA1):c.5072C>T (p.Thr1691Ile)	672	BRCA1	Pathogenic/Likely pathogenic	GRCh38	37628
single nucleotide variant	NM_007294.4(BRCA1):c.5074+1G>A	672	BRCA1	Pathogenic	GRCh38	37629
single nucleotide variant	NM_007294.4(BRCA1):c.5074+1G>T	672	BRCA1	Pathogenic	GRCh38	37630
single nucleotide variant	NM_007294.4(BRCA1):c.5074+2T>C	672	BRCA1	Pathogenic	GRCh38	37631
single nucleotide variant	NM_007294.4(BRCA1):c.5074G>A (p.Asp1692Asn)	672	BRCA1	Pathogenic/Likely pathogenic	GRCh38	37632
single nucleotide variant	NM_007294.4(BRCA1):c.5074G>C (p.Asp1692His)	672	BRCA1	Pathogenic	GRCh38	37633
single nucleotide variant	NM_007294.4(BRCA1):c.5090G>A (p.Cys1697Tyr)	672	BRCA1	Likely pathogenic	GRCh38	37635
single nucleotide variant	NM_007294.4(BRCA1):c.5096G>A (p.Arg1699Gln)	672	BRCA1	Pathogenic	GRCh38	37636
single nucleotide variant	NM_007294.4(BRCA1):c.5114T>C (p.Leu1705Pro)	672	BRCA1	Pathogenic/Likely pathogenic	GRCh38	37637
single nucleotide variant	NM_007294.4(BRCA1):c.5117G>A (p.Gly1706Glu)	672	BRCA1	Pathogenic	GRCh38	37638
single nucleotide variant	NM_007294.4(BRCA1):c.5152+1G>C	672	BRCA1	Pathogenic	GRCh38	37642
single nucleotide variant	NM_007294.4(BRCA1):c.5153-1G>C	672	BRCA1	Pathogenic	GRCh38	37643
single nucleotide variant	NM_007294.4(BRCA1):c.5179A>T (p.Lys1727Ter)	672	BRCA1	Pathogenic	GRCh38	37645
single nucleotide variant	NM_007294.4(BRCA1):c.5191G>T (p.Glu1731Ter)	672	BRCA1	Pathogenic/Likely pathogenic	GRCh38	37646
single nucleotide variant	NM_007294.4(BRCA1):c.5194-2A>G	672	BRCA1	Pathogenic/Likely pathogenic	GRCh38	37647
single nucleotide variant	NM_007294.4(BRCA1):c.5207T>C (p.Val1736Ala)	672	BRCA1	Pathogenic	GRCh38	37648
single nucleotide variant	NM_007294.4(BRCA1):c.5242G>T (p.Gly1748Cys)	672	BRCA1	Likely pathogenic	GRCh38	37650
single nucleotide variant	NM_007294.4(BRCA1):c.5277+1G>A	672	BRCA1	Pathogenic	GRCh38	37654
single nucleotide variant	NM_007294.4(BRCA1):c.5297T>G (p.Ile1766Ser)	672	BRCA1	Pathogenic	GRCh38	37656
single nucleotide variant	NM_007294.4(BRCA1):c.5346G>A (p.Trp1782Ter)	672	BRCA1	Pathogenic	GRCh38	37658
single nucleotide variant	NM_007294.4(BRCA1):c.5363G>T (p.Gly1788Val)	672	BRCA1	Pathogenic	GRCh38	37660
single nucleotide variant	NM_007294.4(BRCA1):c.5387C>A (p.Ser1796Ter)	672	BRCA1	Pathogenic	GRCh38	37663
single nucleotide variant	NM_007294.4(BRCA1):c.53T>C (p.Met18Thr)	672	BRCA1	Pathogenic	GRCh38	37664
single nucleotide variant	NM_007294.4(BRCA1):c.5406+1G>A	672	BRCA1	Pathogenic	GRCh38	37666
single nucleotide variant	NM_007294.4(BRCA1):c.5406+5G>T	672	BRCA1	Likely pathogenic	GRCh38	37667
single nucleotide variant	NM_007294.4(BRCA1):c.5408G>C (p.Gly1803Ala)	672	BRCA1	Pathogenic/Likely pathogenic	GRCh38	37668
single nucleotide variant	NM_007294.4(BRCA1):c.5434C>G (p.Pro1812Ala)	672	BRCA1	Pathogenic/Likely pathogenic	GRCh38	37670
single nucleotide variant	NM_007294.4(BRCA1):c.5453A>G (p.Asp1818Gly)	672	BRCA1	Pathogenic/Likely pathogenic	GRCh38	37672
single nucleotide variant	NM_007294.4(BRCA1):c.5467+1G>A	672	BRCA1	Pathogenic	GRCh38	37673
single nucleotide variant	NM_007294.4(BRCA1):c.547+2T>A	672	BRCA1	Pathogenic	GRCh38	37674
single nucleotide variant	NM_007294.4(BRCA1):c.5509T>C (p.Trp1837Arg)	672	BRCA1	Pathogenic	GRCh38	37679
single nucleotide variant	NM_007294.4(BRCA1):c.5511G>T (p.Trp1837Cys)	672	BRCA1	Pathogenic/Likely pathogenic	GRCh38	37680
single nucleotide variant	NM_007294.4(BRCA1):c.5521A>C (p.Ser1841Arg)	672	BRCA1	Likely pathogenic	GRCh38	37681
single nucleotide variant	NM_007294.4(BRCA1):c.783T>G (p.Tyr261Ter)	672	BRCA1	Pathogenic	GRCh38	37697
single nucleotide variant	NM_007294.4(BRCA1):c.85G>T (p.Glu29Ter)	672	BRCA1	Pathogenic	GRCh38	37707
single nucleotide variant	NM_007294.4(BRCA1):c.962G>A (p.Trp321Ter)	672	BRCA1	Pathogenic	GRCh38	37712
single nucleotide variant	NM_007294.4(BRCA1):c.1012A>T (p.Lys338Ter)	672	BRCA1	Pathogenic	GRCh38	54101
single nucleotide variant	NM_007294.4(BRCA1):c.1045G>T (p.Glu349Ter)	672	BRCA1	Pathogenic	GRCh38	54107
single nucleotide variant	NM_007294.4(BRCA1):c.1054G>T (p.Glu352Ter)	672	BRCA1	Pathogenic	GRCh38	54108
single nucleotide variant	NM_007294.4(BRCA1):c.1058G>A (p.Trp353Ter)	672	BRCA1	Pathogenic	GRCh38	54109
single nucleotide variant	NM_007294.4(BRCA1):c.1059G>A (p.Trp353Ter)	672	BRCA1	Pathogenic	GRCh38	54110
single nucleotide variant	NM_007294.4(BRCA1):c.1063A>T (p.Lys355Ter)	672	BRCA1	Pathogenic	GRCh38	54111
single nucleotide variant	NM_007294.4(BRCA1):c.1066C>T (p.Gln356Ter)	672	BRCA1	Pathogenic	GRCh38	54114
single nucleotide variant	NM_007294.4(BRCA1):c.1082C>G (p.Ser361Ter)	672	BRCA1	Pathogenic	GRCh38	54121
single nucleotide variant	NM_007294.4(BRCA1):c.1102G>T (p.Glu368Ter)	672	BRCA1	Pathogenic	GRCh38	54128
single nucleotide variant	NM_007294.4(BRCA1):c.110C>A (p.Thr37Lys)	672	BRCA1	Pathogenic	GRCh38	54131
single nucleotide variant	NM_007294.4(BRCA1):c.110C>G (p.Thr37Arg)	672	BRCA1	Pathogenic/Likely pathogenic	GRCh38	54132
single nucleotide variant	NM_007294.4(BRCA1):c.1115G>A (p.Trp372Ter)	672	BRCA1	Pathogenic	GRCh38	54134
single nucleotide variant	NM_007294.4(BRCA1):c.1116G>A (p.Trp372Ter)	672	BRCA1	Pathogenic	GRCh38	54135
single nucleotide variant	NM_007294.4(BRCA1):c.1138C>T (p.Gln380Ter)	672	BRCA1	Pathogenic	GRCh38	54144
single nucleotide variant	NM_007294.4(BRCA1):c.1141A>T (p.Lys381Ter)	672	BRCA1	Pathogenic	GRCh38	54145
single nucleotide variant	NM_007294.4(BRCA1):c.115T>A (p.Cys39Ser)	672	BRCA1	Pathogenic/Likely pathogenic	GRCh38	54151
single nucleotide variant	NM_007294.4(BRCA1):c.115T>C (p.Cys39Arg)	672	BRCA1	Pathogenic	GRCh38	54152
single nucleotide variant	NM_007294.4(BRCA1):c.115T>G (p.Cys39Gly)	672	BRCA1	Pathogenic/Likely pathogenic	GRCh38	54153
single nucleotide variant	NM_007294.4(BRCA1):c.1193C>A (p.Ser398Ter)	672	BRCA1	Pathogenic	GRCh38	54159
single nucleotide variant	NM_007294.4(BRCA1):c.1193C>G (p.Ser398Ter)	672	BRCA1	Pathogenic	GRCh38	54160
single nucleotide variant	NM_007294.4(BRCA1):c.1204G>T (p.Glu402Ter)	672	BRCA1	Pathogenic	GRCh38	54161
single nucleotide variant	NM_007294.4(BRCA1):c.1214C>A (p.Ser405Ter)	672	BRCA1	Pathogenic	GRCh38	54164
single nucleotide variant	NM_007294.4(BRCA1):c.122A>G (p.His41Arg)	672	BRCA1	Pathogenic	GRCh38	54166
single nucleotide variant	NM_007294.4(BRCA1):c.1252G>T (p.Glu418Ter)	672	BRCA1	Pathogenic	GRCh38	54176
single nucleotide variant	NM_007294.4(BRCA1):c.1266T>G (p.Tyr422Ter)	672	BRCA1	Pathogenic	GRCh38	54183
single nucleotide variant	NM_007294.4(BRCA1):c.1279G>T (p.Glu427Ter)	672	BRCA1	Pathogenic	GRCh38	54185
single nucleotide variant	NM_007294.4(BRCA1):c.1292T>G (p.Leu431Ter)	672	BRCA1	Pathogenic	GRCh38	54187
single nucleotide variant	NM_007294.4(BRCA1):c.130T>A (p.Cys44Ser)	672	BRCA1	Pathogenic	GRCh38	54191
single nucleotide variant	NM_007294.4(BRCA1):c.130T>C (p.Cys44Arg)	672	BRCA1	Pathogenic	GRCh38	54192
single nucleotide variant	NM_007294.4(BRCA1):c.131G>A (p.Cys44Tyr)	672	BRCA1	Pathogenic	GRCh38	54199
single nucleotide variant	NM_007294.4(BRCA1):c.131G>T (p.Cys44Phe)	672	BRCA1	Pathogenic	GRCh38	54200
single nucleotide variant	NM_007294.4(BRCA1):c.1326T>A (p.Cys442Ter)	672	BRCA1	Pathogenic	GRCh38	54202
single nucleotide variant	NM_007294.4(BRCA1):c.1333G>T (p.Glu445Ter)	672	BRCA1	Pathogenic	GRCh38	54204
single nucleotide variant	NM_007294.4(BRCA1):c.134+1G>T	672	BRCA1	Pathogenic/Likely pathogenic	GRCh38	54209
single nucleotide variant	NM_007294.4(BRCA1):c.134+2T>G	672	BRCA1	Pathogenic	GRCh38	54210
single nucleotide variant	NM_007294.4(BRCA1):c.134+3A>C	672	BRCA1	Pathogenic	GRCh38	54212
single nucleotide variant	NM_007294.4(BRCA1):c.135-1G>C	672	BRCA1	Pathogenic	GRCh38	54215
single nucleotide variant	NM_007294.4(BRCA1):c.1352C>A (p.Ser451Ter)	672	BRCA1	Pathogenic	GRCh38	54217
single nucleotide variant	NM_007294.4(BRCA1):c.1352C>G (p.Ser451Ter)	672	BRCA1	Pathogenic	GRCh38	54218
single nucleotide variant	NM_007294.4(BRCA1):c.1399A>T (p.Lys467Ter)	672	BRCA1	Pathogenic	GRCh38	54241
single nucleotide variant	NM_007294.4(BRCA1):c.139T>G (p.Cys47Gly)	672	BRCA1	Likely pathogenic	GRCh38	54242
single nucleotide variant	NM_007294.4(BRCA1):c.140G>A (p.Cys47Tyr)	672	BRCA1	Pathogenic	GRCh38	54246
single nucleotide variant	NM_007294.4(BRCA1):c.140G>T (p.Cys47Phe)	672	BRCA1	Pathogenic/Likely pathogenic	GRCh38	54247
single nucleotide variant	NM_007294.4(BRCA1):c.1421T>G (p.Leu474Ter)	672	BRCA1	Pathogenic	GRCh38	54250
single nucleotide variant	NM_007294.4(BRCA1):c.1450G>T (p.Gly484Ter)	672	BRCA1	Pathogenic	GRCh38	54257
single nucleotide variant	NM_007294.4(BRCA1):c.1465G>T (p.Glu489Ter)	672	BRCA1	Pathogenic	GRCh38	54262
single nucleotide variant	NM_007294.4(BRCA1):c.1471C>T (p.Gln491Ter)	672	BRCA1	Pathogenic	GRCh38	54264
single nucleotide variant	NM_007294.4(BRCA1):c.1513A>T (p.Lys505Ter)	672	BRCA1	Pathogenic	GRCh38	54280
single nucleotide variant	NM_007294.4(BRCA1):c.1519A>T (p.Arg507Ter)	672	BRCA1	Pathogenic	GRCh38	54283
single nucleotide variant	NM_007294.4(BRCA1):c.1529C>G (p.Ser510Ter)	672	BRCA1	Pathogenic	GRCh38	54286
single nucleotide variant	NM_007294.4(BRCA1):c.1576C>T (p.Gln526Ter)	672	BRCA1	Pathogenic	GRCh38	54299
single nucleotide variant	NM_007294.4(BRCA1):c.1600C>T (p.Gln534Ter)	672	BRCA1	Pathogenic	GRCh38	54303
single nucleotide variant	NM_007294.4(BRCA1):c.160C>T (p.Gln54Ter)	672	BRCA1	Pathogenic	GRCh38	54307
single nucleotide variant	NM_007294.4(BRCA1):c.1612C>T (p.Gln538Ter)	672	BRCA1	Pathogenic	GRCh38	54309
single nucleotide variant	NM_007294.4(BRCA1):c.1621C>T (p.Gln541Ter)	672	BRCA1	Pathogenic	GRCh38	54311
single nucleotide variant	NM_007294.4(BRCA1):c.1630C>T (p.Gln544Ter)	672	BRCA1	Pathogenic	GRCh38	54313
single nucleotide variant	NM_007294.4(BRCA1):c.1660G>T (p.Glu554Ter)	672	BRCA1	Pathogenic	GRCh38	54320
single nucleotide variant	NM_007294.4(BRCA1):c.1729G>T (p.Glu577Ter)	672	BRCA1	Pathogenic	GRCh38	54335
single nucleotide variant	NM_007294.4(BRCA1):c.1741A>T (p.Lys581Ter)	672	BRCA1	Pathogenic	GRCh38	54339
single nucleotide variant	NM_007294.4(BRCA1):c.1747A>T (p.Lys583Ter)	672	BRCA1	Pathogenic	GRCh38	54341
single nucleotide variant	NM_007294.4(BRCA1):c.1789G>T (p.Glu597Ter)	672	BRCA1	Pathogenic	GRCh38	54348
single nucleotide variant	NM_007294.4(BRCA1):c.178C>T (p.Gln60Ter)	672	BRCA1	Pathogenic	GRCh38	54349
single nucleotide variant	NM_007294.4(BRCA1):c.1793T>A (p.Leu598Ter)	672	BRCA1	Pathogenic	GRCh38	54351
single nucleotide variant	NM_007294.4(BRCA1):c.1793T>G (p.Leu598Ter)	672	BRCA1	Pathogenic	GRCh38	54352
single nucleotide variant	NM_007294.4(BRCA1):c.1808C>G (p.Ser603Ter)	672	BRCA1	Pathogenic	GRCh38	54356
single nucleotide variant	NM_007294.4(BRCA1):c.1819A>T (p.Lys607Ter)	672	BRCA1	Pathogenic	GRCh38	54358
single nucleotide variant	NM_007294.4(BRCA1):c.181T>A (p.Cys61Ser)	672	BRCA1	Pathogenic	GRCh38	54359
single nucleotide variant	NM_007294.4(BRCA1):c.181T>C (p.Cys61Arg)	672	BRCA1	Pathogenic/Likely pathogenic	GRCh38	54360
single nucleotide variant	NM_007294.4(BRCA1):c.182G>A (p.Cys61Tyr)	672	BRCA1	Pathogenic	GRCh38	54364
single nucleotide variant	NM_007294.4(BRCA1):c.1840A>T (p.Lys614Ter)	672	BRCA1	Pathogenic	GRCh38	54369
single nucleotide variant	NM_007294.4(BRCA1):c.1870G>T (p.Glu624Ter)	672	BRCA1	Pathogenic	GRCh38	54375
single nucleotide variant	NM_007294.4(BRCA1):c.188T>A (p.Leu63Ter)	672	BRCA1	Pathogenic	GRCh38	54381
single nucleotide variant	NM_007294.4(BRCA1):c.190T>C (p.Cys64Arg)	672	BRCA1	Pathogenic	GRCh38	54394
single nucleotide variant	NM_007294.4(BRCA1):c.1912G>T (p.Glu638Ter)	672	BRCA1	Pathogenic	GRCh38	54397
single nucleotide variant	NM_007294.4(BRCA1):c.1916T>A (p.Leu639Ter)	672	BRCA1	Pathogenic	GRCh38	54399
single nucleotide variant	NM_007294.4(BRCA1):c.191G>A (p.Cys64Tyr)	672	BRCA1	Pathogenic	GRCh38	54400
single nucleotide variant	NM_007294.4(BRCA1):c.1945G>T (p.Glu649Ter)	672	BRCA1	Pathogenic	GRCh38	54408
single nucleotide variant	NM_007294.4(BRCA1):c.1969C>T (p.Gln657Ter)	672	BRCA1	Pathogenic	GRCh38	54423
single nucleotide variant	NM_007294.4(BRCA1):c.1999C>T (p.Gln667Ter)	672	BRCA1	Pathogenic	GRCh38	54430
single nucleotide variant	NM_007294.4(BRCA1):c.1A>G (p.Met1Val)	672	BRCA1	Pathogenic/Likely pathogenic	GRCh38	54432
single nucleotide variant	NM_007294.4(BRCA1):c.2014A>T (p.Lys672Ter)	672	BRCA1	Pathogenic	GRCh38	54435
single nucleotide variant	NM_007294.4(BRCA1):c.2017G>T (p.Glu673Ter)	672	BRCA1	Pathogenic	GRCh38	54436
single nucleotide variant	NM_007294.4(BRCA1):c.2035A>T (p.Lys679Ter)	672	BRCA1	Pathogenic	GRCh38	54442
single nucleotide variant	NM_007294.4(BRCA1):c.2059C>T (p.Gln687Ter)	672	BRCA1	Pathogenic	GRCh38	54448
single nucleotide variant	NM_007294.4(BRCA1):c.2105T>G (p.Leu702Ter)	672	BRCA1	Pathogenic	GRCh38	54460
single nucleotide variant	NM_007294.4(BRCA1):c.212+1G>C	672	BRCA1	Pathogenic	GRCh38	54464
single nucleotide variant	NM_007294.4(BRCA1):c.212+1G>T	672	BRCA1	Pathogenic	GRCh38	54465
single nucleotide variant	NM_007294.4(BRCA1):c.212+2T>C	672	BRCA1	Pathogenic/Likely pathogenic	GRCh38	54466
single nucleotide variant	NM_007294.4(BRCA1):c.212+3A>G	672	BRCA1	Pathogenic	GRCh38	54467
single nucleotide variant	NM_007294.4(BRCA1):c.212G>A (p.Arg71Lys)	672	BRCA1	Pathogenic	GRCh38	54471
single nucleotide variant	NM_007294.4(BRCA1):c.213-1G>A	672	BRCA1	Pathogenic	GRCh38	54472
single nucleotide variant	NM_007294.4(BRCA1):c.213-2A>C	672	BRCA1	Pathogenic	GRCh38	54473
single nucleotide variant	NM_007294.4(BRCA1):c.2155A>T (p.Lys719Ter)	672	BRCA1	Pathogenic	GRCh38	54476
single nucleotide variant	NM_007294.4(BRCA1):c.2188G>T (p.Glu730Ter)	672	BRCA1	Pathogenic	GRCh38	54488
single nucleotide variant	NM_007294.4(BRCA1):c.2194G>T (p.Glu732Ter)	672	BRCA1	Pathogenic	GRCh38	54492
single nucleotide variant	NM_007294.4(BRCA1):c.2197G>T (p.Glu733Ter)	672	BRCA1	Pathogenic	GRCh38	54494
single nucleotide variant	NM_007294.4(BRCA1):c.220C>T (p.Gln74Ter)	672	BRCA1	Pathogenic	GRCh38	54499
single nucleotide variant	NM_007294.4(BRCA1):c.2215A>T (p.Lys739Ter)	672	BRCA1	Pathogenic	GRCh38	54503
single nucleotide variant	NM_007294.4(BRCA1):c.2263G>T (p.Glu755Ter)	672	BRCA1	Pathogenic	GRCh38	54516
single nucleotide variant	NM_007294.4(BRCA1):c.2275C>T (p.Gln759Ter)	672	BRCA1	Pathogenic	GRCh38	54519
single nucleotide variant	NM_007294.4(BRCA1):c.2293G>T (p.Glu765Ter)	672	BRCA1	Pathogenic	GRCh38	54524
single nucleotide variant	NM_007294.4(BRCA1):c.2309C>A (p.Ser770Ter)	672	BRCA1	Pathogenic	GRCh38	54527
single nucleotide variant	NM_007294.4(BRCA1):c.2331T>A (p.Tyr777Ter)	672	BRCA1	Pathogenic	GRCh38	54538
single nucleotide variant	NM_007294.4(BRCA1):c.2338C>T (p.Gln780Ter)	672	BRCA1	Pathogenic	GRCh38	54540
single nucleotide variant	NM_007294.4(BRCA1):c.2354T>A (p.Leu785Ter)	672	BRCA1	Pathogenic	GRCh38	54545
single nucleotide variant	NM_007294.4(BRCA1):c.2403T>A (p.Cys801Ter)	672	BRCA1	Pathogenic	GRCh38	54557
single nucleotide variant	NM_007294.4(BRCA1):c.2410C>T (p.Gln804Ter)	672	BRCA1	Pathogenic	GRCh38	54560
single nucleotide variant	NM_007294.4(BRCA1):c.241C>T (p.Gln81Ter)	672	BRCA1	Pathogenic	GRCh38	54565
single nucleotide variant	NM_007294.4(BRCA1):c.2434A>T (p.Lys812Ter)	672	BRCA1	Pathogenic	GRCh38	54569
single nucleotide variant	NM_007294.4(BRCA1):c.2437G>T (p.Gly813Ter)	672	BRCA1	Pathogenic	GRCh38	54570
single nucleotide variant	NM_007294.4(BRCA1):c.2545G>T (p.Glu849Ter)	672	BRCA1	Pathogenic	GRCh38	54595
single nucleotide variant	NM_007294.4(BRCA1):c.2568T>G (p.Tyr856Ter)	672	BRCA1	Pathogenic	GRCh38	54606
single nucleotide variant	NM_007294.4(BRCA1):c.2572C>T (p.Gln858Ter)	672	BRCA1	Pathogenic	GRCh38	54607
single nucleotide variant	NM_007294.4(BRCA1):c.2591C>G (p.Ser864Ter)	672	BRCA1	Pathogenic	GRCh38	54610
single nucleotide variant	NM_007294.4(BRCA1):c.2603C>A (p.Ser868Ter)	672	BRCA1	Pathogenic	GRCh38	54616
single nucleotide variant	NM_007294.4(BRCA1):c.2641G>T (p.Glu881Ter)	672	BRCA1	Pathogenic	GRCh38	54625
single nucleotide variant	NM_007294.4(BRCA1):c.2683C>T (p.Gln895Ter)	672	BRCA1	Pathogenic	GRCh38	54644
single nucleotide variant	NM_007294.4(BRCA1):c.2713C>T (p.Gln905Ter)	672	BRCA1	Pathogenic	GRCh38	54655
single nucleotide variant	NM_007294.4(BRCA1):c.2722G>T (p.Glu908Ter)	672	BRCA1	Pathogenic	GRCh38	54657
single nucleotide variant	NM_007294.4(BRCA1):c.2728C>T (p.Gln910Ter)	672	BRCA1	Pathogenic	GRCh38	54662
single nucleotide variant	NM_007294.4(BRCA1):c.2740G>T (p.Glu914Ter)	672	BRCA1	Pathogenic	GRCh38	54667
single nucleotide variant	NM_007294.4(BRCA1):c.2761C>T (p.Gln921Ter)	672	BRCA1	Pathogenic	GRCh38	54673
single nucleotide variant	NM_007294.4(BRCA1):c.2800C>T (p.Gln934Ter)	672	BRCA1	Pathogenic	GRCh38	54683
single nucleotide variant	NM_007294.4(BRCA1):c.2832T>A (p.Cys944Ter)	672	BRCA1	Pathogenic	GRCh38	54691
single nucleotide variant	NM_007294.4(BRCA1):c.2864C>A (p.Ser955Ter)	672	BRCA1	Pathogenic	GRCh38	54701
single nucleotide variant	NM_007294.4(BRCA1):c.2869C>T (p.Gln957Ter)	672	BRCA1	Pathogenic	GRCh38	54703
single nucleotide variant	NM_007294.4(BRCA1):c.286G>A (p.Asp96Asn)	672	BRCA1	Likely pathogenic	GRCh38	54704
single nucleotide variant	NM_007294.4(BRCA1):c.2914G>T (p.Gly972Ter)	672	BRCA1	Pathogenic	GRCh38	54715
single nucleotide variant	NM_007294.4(BRCA1):c.2921T>A (p.Leu974Ter)	672	BRCA1	Pathogenic	GRCh38	54719
single nucleotide variant	NM_007294.4(BRCA1):c.2923C>T (p.Gln975Ter)	672	BRCA1	Pathogenic	GRCh38	54722
single nucleotide variant	NM_007294.4(BRCA1):c.2963C>A (p.Ser988Ter)	672	BRCA1	Pathogenic	GRCh38	54732
single nucleotide variant	NM_007294.4(BRCA1):c.2T>C (p.Met1Thr)	672	BRCA1	Pathogenic	GRCh38	54745
single nucleotide variant	NM_007294.4(BRCA1):c.2T>G (p.Met1Arg)	672	BRCA1	Pathogenic	GRCh38	54746
single nucleotide variant	NM_007294.4(BRCA1):c.302-1G>A	672	BRCA1	Pathogenic/Likely pathogenic	GRCh38	54750
single nucleotide variant	NM_007294.4(BRCA1):c.302-1G>C	672	BRCA1	Pathogenic	GRCh38	54751
single nucleotide variant	NM_007294.4(BRCA1):c.302-2A>G	672	BRCA1	Pathogenic/Likely pathogenic	GRCh38	54752
single nucleotide variant	NM_007294.4(BRCA1):c.3020C>G (p.Ser1007Ter)	672	BRCA1	Pathogenic	GRCh38	54754
single nucleotide variant	NM_007294.4(BRCA1):c.3026C>A (p.Ser1009Ter)	672	BRCA1	Pathogenic	GRCh38	54756
single nucleotide variant	NM_007294.4(BRCA1):c.303T>G (p.Tyr101Ter)	672	BRCA1	Pathogenic	GRCh38	54758
single nucleotide variant	NM_007294.4(BRCA1):c.3049G>T (p.Glu1017Ter)	672	BRCA1	Pathogenic	GRCh38	54764
single nucleotide variant	NM_007294.4(BRCA1):c.3097G>T (p.Glu1033Ter)	672	BRCA1	Pathogenic	GRCh38	54769
single nucleotide variant	NM_007294.4(BRCA1):c.3122C>G (p.Ser1041Ter)	672	BRCA1	Pathogenic	GRCh38	54773
single nucleotide variant	NM_007294.4(BRCA1):c.3178G>T (p.Glu1060Ter)	672	BRCA1	Pathogenic	GRCh38	54789
single nucleotide variant	NM_007294.4(BRCA1):c.3239T>A (p.Leu1080Ter)	672	BRCA1	Pathogenic	GRCh38	54804
single nucleotide variant	NM_007294.4(BRCA1):c.3257T>A (p.Leu1086Ter)	672	BRCA1	Pathogenic	GRCh38	54808
single nucleotide variant	NM_007294.4(BRCA1):c.3257T>G (p.Leu1086Ter)	672	BRCA1	Pathogenic	GRCh38	54810
single nucleotide variant	NM_007294.4(BRCA1):c.3268C>T (p.Gln1090Ter)	672	BRCA1	Pathogenic	GRCh38	54815
single nucleotide variant	NM_007294.4(BRCA1):c.3286C>T (p.Gln1096Ter)	672	BRCA1	Pathogenic	GRCh38	54818
single nucleotide variant	NM_007294.4(BRCA1):c.3309T>A (p.Cys1103Ter)	672	BRCA1	Pathogenic	GRCh38	54833
single nucleotide variant	NM_007294.4(BRCA1):c.3319G>T (p.Glu1107Ter)	672	BRCA1	Pathogenic	GRCh38	54836
single nucleotide variant	NM_007294.4(BRCA1):c.3331C>T (p.Gln1111Ter)	672	BRCA1	Pathogenic	GRCh38	54845
single nucleotide variant	NM_007294.4(BRCA1):c.3339T>G (p.Tyr1113Ter)	672	BRCA1	Pathogenic	GRCh38	54848
single nucleotide variant	NM_007294.4(BRCA1):c.3340G>T (p.Glu1114Ter)	672	BRCA1	Pathogenic	GRCh38	54849
single nucleotide variant	NM_007294.4(BRCA1):c.3398T>A (p.Leu1133Ter)	672	BRCA1	Pathogenic	GRCh38	54866
single nucleotide variant	NM_007294.4(BRCA1):c.3398T>G (p.Leu1133Ter)	672	BRCA1	Pathogenic	GRCh38	54867
single nucleotide variant	NM_007294.4(BRCA1):c.3403C>T (p.Gln1135Ter)	672	BRCA1	Pathogenic	GRCh38	54868
single nucleotide variant	NM_007294.4(BRCA1):c.3430C>T (p.Gln1144Ter)	672	BRCA1	Pathogenic	GRCh38	54883
single nucleotide variant	NM_007294.4(BRCA1):c.3472G>T (p.Glu1158Ter)	672	BRCA1	Pathogenic	GRCh38	54894
single nucleotide variant	NM_007294.4(BRCA1):c.34C>T (p.Gln12Ter)	672	BRCA1	Pathogenic	GRCh38	54902
single nucleotide variant	NM_007294.4(BRCA1):c.3514G>T (p.Glu1172Ter)	672	BRCA1	Pathogenic	GRCh38	54906
single nucleotide variant	NM_007294.4(BRCA1):c.3544C>T (p.Gln1182Ter)	672	BRCA1	Pathogenic	GRCh38	54913
single nucleotide variant	NM_007294.4(BRCA1):c.3553G>T (p.Glu1185Ter)	672	BRCA1	Pathogenic	GRCh38	54916
single nucleotide variant	NM_007294.4(BRCA1):c.3593T>A (p.Leu1198Ter)	672	BRCA1	Pathogenic	GRCh38	54927
single nucleotide variant	NM_007294.4(BRCA1):c.3598C>T (p.Gln1200Ter)	672	BRCA1	Pathogenic	GRCh38	54929
single nucleotide variant	NM_007294.4(BRCA1):c.3619A>T (p.Lys1207Ter)	672	BRCA1	Pathogenic	GRCh38	54938
single nucleotide variant	NM_007294.4(BRCA1):c.3640G>T (p.Glu1214Ter)	672	BRCA1	Pathogenic	GRCh38	54949
single nucleotide variant	NM_007294.4(BRCA1):c.3647T>G (p.Leu1216Ter)	672	BRCA1	Pathogenic	GRCh38	54951
single nucleotide variant	NM_007294.4(BRCA1):c.3661G>T (p.Glu1221Ter)	672	BRCA1	Pathogenic	GRCh38	54957
single nucleotide variant	NM_007294.4(BRCA1):c.3664G>T (p.Glu1222Ter)	672	BRCA1	Pathogenic	GRCh38	54959
single nucleotide variant	NM_007294.4(BRCA1):c.3718C>T (p.Gln1240Ter)	672	BRCA1	Pathogenic	GRCh38	54978
single nucleotide variant	NM_007294.4(BRCA1):c.3753T>A (p.Cys1251Ter)	672	BRCA1	Pathogenic	GRCh38	54988
single nucleotide variant	NM_007294.4(BRCA1):c.3772G>T (p.Glu1258Ter)	672	BRCA1	Pathogenic	GRCh38	55000
single nucleotide variant	NM_007294.4(BRCA1):c.3782T>G (p.Leu1261Ter)	672	BRCA1	Pathogenic	GRCh38	55003
single nucleotide variant	NM_007294.4(BRCA1):c.3785C>A (p.Ser1262Ter)	672	BRCA1	Pathogenic	GRCh38	55006
single nucleotide variant	NM_007294.4(BRCA1):c.3817C>T (p.Gln1273Ter)	672	BRCA1	Pathogenic	GRCh38	55015
single nucleotide variant	NM_007294.4(BRCA1):c.3841C>T (p.Gln1281Ter)	672	BRCA1	Pathogenic	GRCh38	55022
single nucleotide variant	NM_007294.4(BRCA1):c.3893C>A (p.Ser1298Ter)	672	BRCA1	Pathogenic	GRCh38	55039
single nucleotide variant	NM_007294.4(BRCA1):c.3895C>T (p.Gln1299Ter)	672	BRCA1	Pathogenic	GRCh38	55040
single nucleotide variant	NM_007294.4(BRCA1):c.3904G>T (p.Glu1302Ter)	672	BRCA1	Pathogenic	GRCh38	55045
single nucleotide variant	NM_007294.4(BRCA1):c.390C>A (p.Tyr130Ter)	672	BRCA1	Pathogenic	GRCh38	55046
single nucleotide variant	NM_007294.4(BRCA1):c.391A>T (p.Arg131Ter)	672	BRCA1	Pathogenic	GRCh38	55050
single nucleotide variant	NM_007294.4(BRCA1):c.3964A>T (p.Lys1322Ter)	672	BRCA1	Pathogenic	GRCh38	55059
single nucleotide variant	NM_007294.4(BRCA1):c.3967C>T (p.Gln1323Ter)	672	BRCA1	Pathogenic	GRCh38	55062
single nucleotide variant	NM_007294.4(BRCA1):c.3G>T (p.Met1Ile)	672	BRCA1	Pathogenic	GRCh38	55072
single nucleotide variant	NM_007294.4(BRCA1):c.4052T>A (p.Leu1351Ter)	672	BRCA1	Pathogenic	GRCh38	55087
single nucleotide variant	NM_007294.4(BRCA1):c.4057G>T (p.Glu1353Ter)	672	BRCA1	Pathogenic	GRCh38	55090
single nucleotide variant	NM_007294.4(BRCA1):c.4075C>T (p.Gln1359Ter)	672	BRCA1	Pathogenic	GRCh38	55098
single nucleotide variant	NM_007294.4(BRCA1):c.4097-2A>G	672	BRCA1	Pathogenic	GRCh38	55103
single nucleotide variant	NM_007294.4(BRCA1):c.4116T>A (p.Cys1372Ter)	672	BRCA1	Pathogenic	GRCh38	55106
single nucleotide variant	NM_007294.4(BRCA1):c.4123G>T (p.Glu1375Ter)	672	BRCA1	Pathogenic	GRCh38	55108
single nucleotide variant	NM_007294.4(BRCA1):c.415C>T (p.Gln139Ter)	672	BRCA1	Pathogenic	GRCh38	55114
single nucleotide variant	NM_007294.4(BRCA1):c.4183C>T (p.Gln1395Ter)	672	BRCA1	Pathogenic	GRCh38	55125
single nucleotide variant	NM_007294.4(BRCA1):c.4185+1G>T	672	BRCA1	Pathogenic/Likely pathogenic	GRCh38	55128
single nucleotide variant	NM_007294.4(BRCA1):c.4185G>A (p.Gln1395=)	672	BRCA1	Pathogenic	GRCh38	55131
single nucleotide variant	NM_007294.4(BRCA1):c.4186C>T (p.Gln1396Ter)	672	BRCA1	Pathogenic	GRCh38	55135
single nucleotide variant	NM_007294.4(BRCA1):c.4201C>T (p.Gln1401Ter)	672	BRCA1	Pathogenic	GRCh38	55139
single nucleotide variant	NM_007294.4(BRCA1):c.4222C>T (p.Gln1408Ter)	672	BRCA1	Pathogenic	GRCh38	55145
single nucleotide variant	NM_007294.4(BRCA1):c.4228G>T (p.Glu1410Ter)	672	BRCA1	Pathogenic	GRCh38	55146
single nucleotide variant	NM_007294.4(BRCA1):c.4232T>C (p.Met1411Thr)	672	BRCA1	Likely pathogenic	GRCh38	55147
single nucleotide variant	NM_007294.4(BRCA1):c.4237G>T (p.Glu1413Ter)	672	BRCA1	Pathogenic	GRCh38	55148
single nucleotide variant	NM_007294.4(BRCA1):c.4253T>G (p.Leu1418Ter)	672	BRCA1	Pathogenic	GRCh38	55153
single nucleotide variant	NM_007294.4(BRCA1):c.4258C>T (p.Gln1420Ter)	672	BRCA1	Pathogenic	GRCh38	55155
single nucleotide variant	NM_007294.4(BRCA1):c.4287C>A (p.Tyr1429Ter)	672	BRCA1	Pathogenic	GRCh38	55161
single nucleotide variant	NM_007294.4(BRCA1):c.4339C>T (p.Gln1447Ter)	672	BRCA1	Pathogenic	GRCh38	55173
single nucleotide variant	NM_007294.4(BRCA1):c.4357+1G>C	672	BRCA1	Pathogenic/Likely pathogenic	GRCh38	55177
single nucleotide variant	NM_007294.4(BRCA1):c.4357+1G>T	672	BRCA1	Pathogenic	GRCh38	55178
single nucleotide variant	NM_007294.4(BRCA1):c.4357+2T>C	672	BRCA1	Pathogenic	GRCh38	55180
single nucleotide variant	NM_007294.4(BRCA1):c.4370C>G (p.Ser1457Ter)	672	BRCA1	Pathogenic	GRCh38	55182
single nucleotide variant	NM_007294.4(BRCA1):c.4372C>T (p.Gln1458Ter)	672	BRCA1	Pathogenic	GRCh38	55183
single nucleotide variant	NM_007294.4(BRCA1):c.4389C>A (p.Tyr1463Ter)	672	BRCA1	Pathogenic	GRCh38	55187
single nucleotide variant	NM_007294.4(BRCA1):c.4399C>T (p.Gln1467Ter)	672	BRCA1	Pathogenic	GRCh38	55191
single nucleotide variant	NM_007294.4(BRCA1):c.441+1G>A	672	BRCA1	Pathogenic/Likely pathogenic	GRCh38	55195
single nucleotide variant	NM_007294.4(BRCA1):c.441+2T>A	672	BRCA1	Pathogenic/Likely pathogenic	GRCh38	55196
single nucleotide variant	NM_007294.4(BRCA1):c.4480G>T (p.Glu1494Ter)	672	BRCA1	Pathogenic	GRCh38	55209
single nucleotide variant	NM_007294.4(BRCA1):c.4485-1G>A	672	BRCA1	Pathogenic	GRCh38	55213
single nucleotide variant	NM_007294.4(BRCA1):c.4485-2A>G	672	BRCA1	Pathogenic/Likely pathogenic	GRCh38	55214
single nucleotide variant	NM_007294.4(BRCA1):c.4487C>A (p.Ser1496Ter)	672	BRCA1	Pathogenic	GRCh38	55215
single nucleotide variant	NM_007294.4(BRCA1):c.4487C>G (p.Ser1496Ter)	672	BRCA1	Pathogenic	GRCh38	55216
single nucleotide variant	NM_007294.4(BRCA1):c.4508C>A (p.Ser1503Ter)	672	BRCA1	Pathogenic	GRCh38	55219
single nucleotide variant	NM_007294.4(BRCA1):c.4524G>A (p.Trp1508Ter)	672	BRCA1	Pathogenic	GRCh38	55221
single nucleotide variant	NM_007294.4(BRCA1):c.4552C>T (p.Gln1518Ter)	672	BRCA1	Pathogenic	GRCh38	55226
single nucleotide variant	NM_007294.4(BRCA1):c.4603G>T (p.Glu1535Ter)	672	BRCA1	Pathogenic	GRCh38	55236
single nucleotide variant	NM_007294.4(BRCA1):c.4609C>T (p.Gln1537Ter)	672	BRCA1	Pathogenic	GRCh38	55237
single nucleotide variant	NM_007294.4(BRCA1):c.4612C>T (p.Gln1538Ter)	672	BRCA1	Pathogenic	GRCh38	55239
single nucleotide variant	NM_007294.4(BRCA1):c.4618G>T (p.Glu1540Ter)	672	BRCA1	Pathogenic	GRCh38	55240
single nucleotide variant	NM_007294.4(BRCA1):c.4621G>T (p.Glu1541Ter)	672	BRCA1	Pathogenic	GRCh38	55241
single nucleotide variant	NM_007294.4(BRCA1):c.463C>T (p.Gln155Ter)	672	BRCA1	Pathogenic	GRCh38	55248
single nucleotide variant	NM_007294.4(BRCA1):c.4656C>G (p.Tyr1552Ter)	672	BRCA1	Pathogenic	GRCh38	55253
single nucleotide variant	NM_007294.4(BRCA1):c.4675+1G>A	672	BRCA1	Pathogenic	GRCh38	55256
single nucleotide variant	NM_007294.4(BRCA1):c.4678G>T (p.Gly1560Ter)	672	BRCA1	Pathogenic	GRCh38	55257
single nucleotide variant	NM_007294.4(BRCA1):c.4741G>T (p.Glu1581Ter)	672	BRCA1	Pathogenic	GRCh38	55276
single nucleotide variant	NM_007294.4(BRCA1):c.4760C>G (p.Ser1587Ter)	672	BRCA1	Pathogenic	GRCh38	55281
single nucleotide variant	NM_007294.4(BRCA1):c.4801A>T (p.Lys1601Ter)	672	BRCA1	Pathogenic	GRCh38	55290
single nucleotide variant	NM_007294.4(BRCA1):c.4810C>T (p.Gln1604Ter)	672	BRCA1	Pathogenic	GRCh38	55291
single nucleotide variant	NM_007294.4(BRCA1):c.4903G>T (p.Glu1635Ter)	672	BRCA1	Pathogenic	GRCh38	55311
single nucleotide variant	NM_007294.4(BRCA1):c.4930G>T (p.Glu1644Ter)	672	BRCA1	Pathogenic	GRCh38	55317
single nucleotide variant	NM_007294.4(BRCA1):c.4964C>T (p.Ser1655Phe)	672	BRCA1	Pathogenic/Likely pathogenic	GRCh38	55333
single nucleotide variant	NM_007294.4(BRCA1):c.4981G>T (p.Glu1661Ter)	672	BRCA1	Pathogenic	GRCh38	55338
single nucleotide variant	NM_007294.4(BRCA1):c.4986+2T>C	672	BRCA1	Pathogenic	GRCh38	55340
single nucleotide variant	NM_007294.4(BRCA1):c.4986+3G>C	672	BRCA1	Pathogenic/Likely pathogenic	GRCh38	55341
single nucleotide variant	NM_007294.4(BRCA1):c.4986+4A>T	672	BRCA1	Pathogenic/Likely pathogenic	GRCh38	55342
single nucleotide variant	NM_007294.4(BRCA1):c.4986+6T>G	672	BRCA1	Pathogenic	GRCh38	55344
single nucleotide variant	NM_007294.4(BRCA1):c.4987-2A>G	672	BRCA1	Pathogenic	GRCh38	55345
single nucleotide variant	NM_007294.4(BRCA1):c.4987-3C>G	672	BRCA1	Pathogenic/Likely pathogenic	GRCh38	55346
single nucleotide variant	NM_007294.4(BRCA1):c.4987-5T>A	672	BRCA1	Pathogenic/Likely pathogenic	GRCh38	55347
single nucleotide variant	NM_007294.4(BRCA1):c.4999A>T (p.Lys1667Ter)	672	BRCA1	Pathogenic	GRCh38	55353
single nucleotide variant	NM_007294.4(BRCA1):c.5045A>T (p.Glu1682Val)	672	BRCA1	Likely pathogenic	GRCh38	55362
single nucleotide variant	NM_007294.4(BRCA1):c.5047G>T (p.Glu1683Ter)	672	BRCA1	Pathogenic	GRCh38	55363
single nucleotide variant	NM_007294.4(BRCA1):c.5053A>G (p.Thr1685Ala)	672	BRCA1	Pathogenic	GRCh38	55364
single nucleotide variant	NM_007294.4(BRCA1):c.5054C>T (p.Thr1685Ile)	672	BRCA1	Pathogenic	GRCh38	55365
single nucleotide variant	NM_007294.4(BRCA1):c.5058T>A (p.His1686Gln)	672	BRCA1	Pathogenic/Likely pathogenic	GRCh38	55366
single nucleotide variant	NM_007294.4(BRCA1):c.505C>T (p.Gln169Ter)	672	BRCA1	Pathogenic	GRCh38	55367
single nucleotide variant	NM_007294.4(BRCA1):c.5072C>G (p.Thr1691Arg)	672	BRCA1	Likely pathogenic	GRCh38	55373
single nucleotide variant	NM_007294.4(BRCA1):c.5074+3A>G	672	BRCA1	Pathogenic/Likely pathogenic	GRCh38	55375
single nucleotide variant	NM_007294.4(BRCA1):c.5074G>T (p.Asp1692Tyr)	672	BRCA1	Pathogenic	GRCh38	55376
single nucleotide variant	NM_007294.4(BRCA1):c.5075-1G>A	672	BRCA1	Pathogenic/Likely pathogenic	GRCh38	55377
single nucleotide variant	NM_007294.4(BRCA1):c.5075-1G>T	672	BRCA1	Pathogenic/Likely pathogenic	GRCh38	55378
single nucleotide variant	NM_007294.4(BRCA1):c.5075-2A>C	672	BRCA1	Pathogenic/Likely pathogenic	GRCh38	55379
single nucleotide variant	NM_007294.4(BRCA1):c.5075-2A>T	672	BRCA1	Pathogenic	GRCh38	55380
single nucleotide variant	NM_007294.4(BRCA1):c.5075A>T (p.Asp1692Val)	672	BRCA1	Likely pathogenic	GRCh38	55383
single nucleotide variant	NM_007294.4(BRCA1):c.5080G>T (p.Glu1694Ter)	672	BRCA1	Pathogenic	GRCh38	55387
single nucleotide variant	NM_007294.4(BRCA1):c.5089T>C (p.Cys1697Arg)	672	BRCA1	Pathogenic	GRCh38	55392
single nucleotide variant	NM_007294.4(BRCA1):c.5095C>T (p.Arg1699Trp)	672	BRCA1	Pathogenic	GRCh38	55396
single nucleotide variant	NM_007294.4(BRCA1):c.5096G>T (p.Arg1699Leu)	672	BRCA1	Likely pathogenic	GRCh38	55398
single nucleotide variant	NM_007294.4(BRCA1):c.5098A>G (p.Thr1700Ala)	672	BRCA1	Likely pathogenic	GRCh38	55399
single nucleotide variant	NM_007294.4(BRCA1):c.5109T>G (p.Tyr1703Ter)	672	BRCA1	Pathogenic	GRCh38	55403
single nucleotide variant	NM_007294.4(BRCA1):c.5123C>A (p.Ala1708Glu)	672	BRCA1	Pathogenic	GRCh38	55407
single nucleotide variant	NM_007294.4(BRCA1):c.5128G>T (p.Gly1710Ter)	672	BRCA1	Pathogenic	GRCh38	55409
single nucleotide variant	NM_007294.4(BRCA1):c.5136G>A (p.Trp1712Ter)	672	BRCA1	Pathogenic	GRCh38	55410
single nucleotide variant	NM_007294.4(BRCA1):c.5138T>C (p.Val1713Ala)	672	BRCA1	Likely pathogenic	GRCh38	55412
single nucleotide variant	NM_007294.4(BRCA1):c.5141T>G (p.Val1714Gly)	672	BRCA1	Pathogenic/Likely pathogenic	GRCh38	55413
single nucleotide variant	NM_007294.4(BRCA1):c.5143A>C (p.Ser1715Arg)	672	BRCA1	Pathogenic	GRCh38	55414
single nucleotide variant	NM_007294.4(BRCA1):c.5143A>T (p.Ser1715Cys)	672	BRCA1	Likely pathogenic	GRCh38	55415
single nucleotide variant	NM_007294.4(BRCA1):c.5144G>A (p.Ser1715Asn)	672	BRCA1	Pathogenic	GRCh38	55416
single nucleotide variant	NM_007294.4(BRCA1):c.5145C>A (p.Ser1715Arg)	672	BRCA1	Likely pathogenic	GRCh38	55417
single nucleotide variant	NM_007294.4(BRCA1):c.5145C>G (p.Ser1715Arg)	672	BRCA1	Pathogenic/Likely pathogenic	GRCh38	55418
single nucleotide variant	NM_007294.4(BRCA1):c.5148T>G (p.Tyr1716Ter)	672	BRCA1	Pathogenic	GRCh38	55419
single nucleotide variant	NM_007294.4(BRCA1):c.514C>T (p.Gln172Ter)	672	BRCA1	Pathogenic	GRCh38	55420
single nucleotide variant	NM_007294.4(BRCA1):c.5152+1G>T	672	BRCA1	Pathogenic	GRCh38	55423
single nucleotide variant	NM_007294.4(BRCA1):c.5152+3A>C	672	BRCA1	Pathogenic	GRCh38	55425
single nucleotide variant	NM_007294.4(BRCA1):c.5152+4A>G	672	BRCA1	Pathogenic/Likely pathogenic	GRCh38	55426
single nucleotide variant	NM_007294.4(BRCA1):c.5152+5G>A	672	BRCA1	Pathogenic/Likely pathogenic	GRCh38	55427
single nucleotide variant	NM_007294.4(BRCA1):c.5153-1G>A	672	BRCA1	Pathogenic	GRCh38	55429
single nucleotide variant	NM_007294.4(BRCA1):c.5153-1G>T	672	BRCA1	Pathogenic	GRCh38	55430
single nucleotide variant	NM_007294.4(BRCA1):c.5153G>A (p.Trp1718Ter)	672	BRCA1	Pathogenic	GRCh38	55432
single nucleotide variant	NM_007294.4(BRCA1):c.5154G>A (p.Trp1718Ter)	672	BRCA1	Pathogenic	GRCh38	55434
single nucleotide variant	NM_007294.4(BRCA1):c.5154G>T (p.Trp1718Cys)	672	BRCA1	Pathogenic/Likely pathogenic	GRCh38	55435
single nucleotide variant	NM_007294.4(BRCA1):c.5173G>T (p.Glu1725Ter)	672	BRCA1	Pathogenic	GRCh38	55442
single nucleotide variant	NM_007294.4(BRCA1):c.5193+1G>C	672	BRCA1	Pathogenic	GRCh38	55448
single nucleotide variant	NM_007294.4(BRCA1):c.5194-12G>A	672	BRCA1	Pathogenic	GRCh38	55451
single nucleotide variant	NM_007294.4(BRCA1):c.5194-2A>C	672	BRCA1	Likely pathogenic	GRCh38	55452
single nucleotide variant	NM_007294.4(BRCA1):c.5201T>C (p.Phe1734Ser)	672	BRCA1	Pathogenic	GRCh38	55454
single nucleotide variant	NM_007294.4(BRCA1):c.5207T>G (p.Val1736Gly)	672	BRCA1	Pathogenic/Likely pathogenic	GRCh38	55456
single nucleotide variant	NM_007294.4(BRCA1):c.5209A>T (p.Arg1737Ter)	672	BRCA1	Pathogenic	GRCh38	55458
single nucleotide variant	NM_007294.4(BRCA1):c.5212G>A (p.Gly1738Arg)	672	BRCA1	Pathogenic	GRCh38	55461
single nucleotide variant	NM_007294.4(BRCA1):c.5213G>A (p.Gly1738Glu)	672	BRCA1	Pathogenic/Likely pathogenic	GRCh38	55462
single nucleotide variant	NM_007294.4(BRCA1):c.5215G>T (p.Asp1739Tyr)	672	BRCA1	Pathogenic/Likely pathogenic	GRCh38	55464
single nucleotide variant	NM_007294.4(BRCA1):c.5216A>G (p.Asp1739Gly)	672	BRCA1	Pathogenic/Likely pathogenic	GRCh38	55465
single nucleotide variant	NM_007294.4(BRCA1):c.5216A>T (p.Asp1739Val)	672	BRCA1	Pathogenic/Likely pathogenic	GRCh38	55466
single nucleotide variant	NM_007294.4(BRCA1):c.5217T>G (p.Asp1739Glu)	672	BRCA1	Likely pathogenic	GRCh38	55467
single nucleotide variant	NM_007294.4(BRCA1):c.5239C>T (p.Gln1747Ter)	672	BRCA1	Pathogenic	GRCh38	55473
single nucleotide variant	NM_007294.4(BRCA1):c.5243G>A (p.Gly1748Asp)	672	BRCA1	Pathogenic/Likely pathogenic	GRCh38	55476
single nucleotide variant	NM_007294.4(BRCA1):c.5246C>G (p.Pro1749Arg)	672	BRCA1	Pathogenic	GRCh38	55479
single nucleotide variant	NM_007294.4(BRCA1):c.5251C>T (p.Arg1751Ter)	672	BRCA1	Pathogenic	GRCh38	55480
single nucleotide variant	NM_007294.4(BRCA1):c.5252G>C (p.Arg1751Pro)	672	BRCA1	Likely pathogenic	GRCh38	55482
single nucleotide variant	NM_007294.4(BRCA1):c.5254G>C (p.Ala1752Pro)	672	BRCA1	Pathogenic/Likely pathogenic	GRCh38	55483
single nucleotide variant	NM_007294.4(BRCA1):c.5258G>C (p.Arg1753Thr)	672	BRCA1	Likely pathogenic	GRCh38	55488
single nucleotide variant	NM_007294.4(BRCA1):c.5260G>T (p.Glu1754Ter)	672	BRCA1	Pathogenic	GRCh38	55489
single nucleotide variant	NM_007294.4(BRCA1):c.5266C>T (p.Gln1756Ter)	672	BRCA1	Pathogenic	GRCh38	55490
single nucleotide variant	NM_007294.4(BRCA1):c.5277+1G>C	672	BRCA1	Pathogenic	GRCh38	55494
single nucleotide variant	NM_007294.4(BRCA1):c.5278-1G>A	672	BRCA1	Pathogenic	GRCh38	55500
single nucleotide variant	NM_007294.4(BRCA1):c.5278-1G>C	672	BRCA1	Pathogenic	GRCh38	55501
single nucleotide variant	NM_007294.4(BRCA1):c.5278-1G>T	672	BRCA1	Pathogenic	GRCh38	55502
single nucleotide variant	NM_007294.4(BRCA1):c.5278-2A>T	672	BRCA1	Pathogenic/Likely pathogenic	GRCh38	55503
single nucleotide variant	NM_007294.4(BRCA1):c.5282T>C (p.Phe1761Ser)	672	BRCA1	Pathogenic	GRCh38	55505
single nucleotide variant	NM_007294.4(BRCA1):c.5291T>C (p.Leu1764Pro)	672	BRCA1	Pathogenic	GRCh38	55510
single nucleotide variant	NM_007294.4(BRCA1):c.5293G>T (p.Glu1765Ter)	672	BRCA1	Pathogenic	GRCh38	55511
single nucleotide variant	NM_007294.4(BRCA1):c.5307T>A (p.Tyr1769Ter)	672	BRCA1	Pathogenic	GRCh38	55514
single nucleotide variant	NM_007294.4(BRCA1):c.5332+1G>A	672	BRCA1	Pathogenic	GRCh38	55527
single nucleotide variant	NM_007294.4(BRCA1):c.5332+1G>C	672	BRCA1	Pathogenic	GRCh38	55528
single nucleotide variant	NM_007294.4(BRCA1):c.5332G>A (p.Asp1778Asn)	672	BRCA1	Pathogenic	GRCh38	55530
single nucleotide variant	NM_007294.4(BRCA1):c.5332G>T (p.Asp1778Tyr)	672	BRCA1	Likely pathogenic	GRCh38	55532
single nucleotide variant	NM_007294.4(BRCA1):c.5333-1G>A	672	BRCA1	Pathogenic	GRCh38	55533
single nucleotide variant	NM_007294.4(BRCA1):c.5333-1G>C	672	BRCA1	Pathogenic/Likely pathogenic	GRCh38	55534
single nucleotide variant	NM_007294.4(BRCA1):c.5333-2A>C	672	BRCA1	Pathogenic	GRCh38	55535
single nucleotide variant	NM_007294.4(BRCA1):c.5333-2A>T	672	BRCA1	Pathogenic/Likely pathogenic	GRCh38	55536
single nucleotide variant	NM_007294.4(BRCA1):c.5333-3T>G	672	BRCA1	Pathogenic	GRCh38	55537
single nucleotide variant	NM_007294.4(BRCA1):c.5335C>T (p.Gln1779Ter)	672	BRCA1	Pathogenic	GRCh38	55540
single nucleotide variant	NM_007294.4(BRCA1):c.5339T>C (p.Leu1780Pro)	672	BRCA1	Pathogenic/Likely pathogenic	GRCh38	55541
single nucleotide variant	NM_007294.4(BRCA1):c.5341G>T (p.Glu1781Ter)	672	BRCA1	Pathogenic	GRCh38	55542
single nucleotide variant	NM_007294.4(BRCA1):c.5345G>A (p.Trp1782Ter)	672	BRCA1	Pathogenic	GRCh38	55544
single nucleotide variant	NM_007294.4(BRCA1):c.5353C>T (p.Gln1785Ter)	672	BRCA1	Pathogenic	GRCh38	55546
single nucleotide variant	NM_007294.4(BRCA1):c.5362G>T (p.Gly1788Cys)	672	BRCA1	Likely pathogenic	GRCh38	55550
single nucleotide variant	NM_007294.4(BRCA1):c.5365G>A (p.Ala1789Thr)	672	BRCA1	Likely pathogenic	GRCh38	55552
single nucleotide variant	NM_007294.4(BRCA1):c.5377A>T (p.Lys1793Ter)	672	BRCA1	Pathogenic	GRCh38	55556
single nucleotide variant	NM_007294.4(BRCA1):c.53T>A (p.Met18Lys)	672	BRCA1	Pathogenic/Likely pathogenic	GRCh38	55559
single nucleotide variant	NM_007294.4(BRCA1):c.5406+3A>T	672	BRCA1	Pathogenic	GRCh38	55562
single nucleotide variant	NM_007294.4(BRCA1):c.5406+4A>G	672	BRCA1	Pathogenic/Likely pathogenic	GRCh38	55563
single nucleotide variant	NM_007294.4(BRCA1):c.5406+5G>A	672	BRCA1	Pathogenic/Likely pathogenic	GRCh38	55564
single nucleotide variant	NM_007294.4(BRCA1):c.5406+5G>C	672	BRCA1	Pathogenic/Likely pathogenic	GRCh38	55565
single nucleotide variant	NM_007294.4(BRCA1):c.5407-2A>G	672	BRCA1	Pathogenic/Likely pathogenic	GRCh38	55567
single nucleotide variant	NM_007294.4(BRCA1):c.5425G>T (p.Val1809Phe)	672	BRCA1	Likely pathogenic	GRCh38	55573
single nucleotide variant	NM_007294.4(BRCA1):c.5431C>T (p.Gln1811Ter)	672	BRCA1	Pathogenic	GRCh38	55577
single nucleotide variant	NM_007294.4(BRCA1):c.5432A>G (p.Gln1811Arg)	672	BRCA1	Pathogenic/Likely pathogenic	GRCh38	55578
single nucleotide variant	NM_007294.4(BRCA1):c.5444G>A (p.Trp1815Ter)	672	BRCA1	Pathogenic	GRCh38	55580
single nucleotide variant	NM_007294.4(BRCA1):c.5445G>A (p.Trp1815Ter)	672	BRCA1	Pathogenic	GRCh38	55581
single nucleotide variant	NM_007294.4(BRCA1):c.5449G>T (p.Glu1817Ter)	672	BRCA1	Pathogenic	GRCh38	55583
single nucleotide variant	NM_007294.4(BRCA1):c.5467+5G>C	672	BRCA1	Likely pathogenic	GRCh38	55586
single nucleotide variant	NM_007294.4(BRCA1):c.5467G>A (p.Ala1823Thr)	672	BRCA1	Pathogenic/Likely pathogenic	GRCh38	55588
single nucleotide variant	NM_007294.4(BRCA1):c.547+1G>T	672	BRCA1	Pathogenic	GRCh38	55590
single nucleotide variant	NM_007294.4(BRCA1):c.5497G>A (p.Val1833Met)	672	BRCA1	Pathogenic/Likely pathogenic	GRCh38	55598
single nucleotide variant	NM_007294.4(BRCA1):c.5503C>T (p.Arg1835Ter)	672	BRCA1	Pathogenic	GRCh38	55601
single nucleotide variant	NM_007294.4(BRCA1):c.5506G>T (p.Glu1836Ter)	672	BRCA1	Pathogenic	GRCh38	55606
single nucleotide variant	NM_007294.4(BRCA1):c.5509T>G (p.Trp1837Gly)	672	BRCA1	Pathogenic	GRCh38	55607
single nucleotide variant	NM_007294.4(BRCA1):c.5510G>A (p.Trp1837Ter)	672	BRCA1	Pathogenic	GRCh38	55608
single nucleotide variant	NM_007294.4(BRCA1):c.5511G>A (p.Trp1837Ter)	672	BRCA1	Pathogenic	GRCh38	55609
single nucleotide variant	NM_007294.4(BRCA1):c.5513T>A (p.Val1838Glu)	672	BRCA1	Pathogenic	GRCh38	55611
single nucleotide variant	NM_007294.4(BRCA1):c.5527G>C (p.Ala1843Pro)	672	BRCA1	Likely pathogenic	GRCh38	55614
single nucleotide variant	NM_007294.4(BRCA1):c.5535C>A (p.Tyr1845Ter)	672	BRCA1	Pathogenic	GRCh38	55619
single nucleotide variant	NM_007294.4(BRCA1):c.5536C>T (p.Gln1846Ter)	672	BRCA1	Pathogenic	GRCh38	55620
single nucleotide variant	NM_007294.4(BRCA1):c.5541C>A (p.Cys1847Ter)	672	BRCA1	Pathogenic	GRCh38	55622
single nucleotide variant	NM_007294.4(BRCA1):c.5558A>G (p.Tyr1853Cys)	672	BRCA1	Pathogenic/Likely pathogenic	GRCh38	55627
single nucleotide variant	NM_007294.4(BRCA1):c.5559C>A (p.Tyr1853Ter)	672	BRCA1	Pathogenic	GRCh38	55629
single nucleotide variant	NM_007294.4(BRCA1):c.5559C>G (p.Tyr1853Ter)	672	BRCA1	Pathogenic	GRCh38	55630
single nucleotide variant	NM_007294.4(BRCA1):c.5561T>C (p.Leu1854Pro)	672	BRCA1	Likely pathogenic	GRCh38	55631
single nucleotide variant	NM_007294.4(BRCA1):c.55C>T (p.Gln19Ter)	672	BRCA1	Pathogenic	GRCh38	55638
single nucleotide variant	NM_007294.4(BRCA1):c.65T>C (p.Leu22Ser)	672	BRCA1	Pathogenic	GRCh38	55656
single nucleotide variant	NM_007294.4(BRCA1):c.671-1G>A	672	BRCA1	Pathogenic	GRCh38	55662
single nucleotide variant	NM_007294.4(BRCA1):c.671-2A>C	672	BRCA1	Pathogenic/Likely pathogenic	GRCh38	55663
single nucleotide variant	NM_007294.4(BRCA1):c.678T>A (p.Cys226Ter)	672	BRCA1	Pathogenic	GRCh38	55665
single nucleotide variant	NM_007294.4(BRCA1):c.70T>C (p.Cys24Arg)	672	BRCA1	Pathogenic/Likely pathogenic	GRCh38	55674
single nucleotide variant	NM_007294.4(BRCA1):c.71G>A (p.Cys24Tyr)	672	BRCA1	Likely pathogenic	GRCh38	55678
single nucleotide variant	NM_007294.4(BRCA1):c.763G>T (p.Glu255Ter)	672	BRCA1	Pathogenic	GRCh38	55693
single nucleotide variant	NM_007294.4(BRCA1):c.80+1G>A	672	BRCA1	Pathogenic/Likely pathogenic	GRCh38	55710
single nucleotide variant	NM_007294.4(BRCA1):c.800C>G (p.Ser267Ter)	672	BRCA1	Pathogenic	GRCh38	55713
single nucleotide variant	NM_007294.4(BRCA1):c.81-1G>C	672	BRCA1	Pathogenic	GRCh38	55715
single nucleotide variant	NM_007294.4(BRCA1):c.81-2A>G	672	BRCA1	Pathogenic/Likely pathogenic	GRCh38	55716
single nucleotide variant	NM_007294.4(BRCA1):c.81-6T>A	672	BRCA1	Likely pathogenic	GRCh38	55718
single nucleotide variant	NM_007294.4(BRCA1):c.81-9C>G	672	BRCA1	Pathogenic	GRCh38	55719
single nucleotide variant	NM_007294.4(BRCA1):c.822T>A (p.Cys274Ter)	672	BRCA1	Pathogenic	GRCh38	55724
single nucleotide variant	NM_007294.4(BRCA1):c.848T>A (p.Leu283Ter)	672	BRCA1	Pathogenic	GRCh38	55736
single nucleotide variant	NM_007294.4(BRCA1):c.848T>G (p.Leu283Ter)	672	BRCA1	Pathogenic	GRCh38	55737
single nucleotide variant	NM_007294.4(BRCA1):c.850C>T (p.Gln284Ter)	672	BRCA1	Pathogenic	GRCh38	55738
single nucleotide variant	NM_007294.4(BRCA1):c.89T>A (p.Leu30Ter)	672	BRCA1	Pathogenic	GRCh38	55745
single nucleotide variant	NM_007294.4(BRCA1):c.8T>G (p.Leu3Ter)	672	BRCA1	Pathogenic	GRCh38	55746
single nucleotide variant	NM_007294.4(BRCA1):c.928C>T (p.Gln310Ter)	672	BRCA1	Pathogenic	GRCh38	55758
single nucleotide variant	NM_007294.4(BRCA1):c.949C>T (p.Gln317Ter)	672	BRCA1	Pathogenic	GRCh38	55762
single nucleotide variant	NM_007294.4(BRCA1):c.1093A>T (p.Arg365Ter)	672	BRCA1	Pathogenic	GRCh38	91540
single nucleotide variant	NM_007294.4(BRCA1):c.1327A>T (p.Lys443Ter)	672	BRCA1	Pathogenic	GRCh38	91545
single nucleotide variant	NM_007294.4(BRCA1):c.134+2T>C	672	BRCA1	Pathogenic	GRCh38	91547
single nucleotide variant	NM_007294.4(BRCA1):c.134+5G>A	672	BRCA1	Pathogenic/Likely pathogenic	GRCh38	91548
single nucleotide variant	NM_007294.4(BRCA1):c.141C>A (p.Cys47Ter)	672	BRCA1	Pathogenic	GRCh38	91553
single nucleotide variant	NM_007294.4(BRCA1):c.250G>T (p.Glu84Ter)	672	BRCA1	Pathogenic	GRCh38	91591
single nucleotide variant	NM_007294.4(BRCA1):c.4054G>T (p.Glu1352Ter)	672	BRCA1	Pathogenic	GRCh38	91620
single nucleotide variant	NM_007294.4(BRCA1):c.4094T>G (p.Leu1365Ter)	672	BRCA1	Pathogenic	GRCh38	91623
single nucleotide variant	NM_007294.4(BRCA1):c.4354A>T (p.Lys1452Ter)	672	BRCA1	Pathogenic	GRCh38	91628
single nucleotide variant	NM_007294.4(BRCA1):c.4357+2T>G	672	BRCA1	Pathogenic/Likely pathogenic	GRCh38	91629
single nucleotide variant	NM_007294.4(BRCA1):c.5193+1G>T	672	BRCA1	Pathogenic	GRCh38	91642
single nucleotide variant	NM_007294.4(BRCA1):c.5357T>C (p.Leu1786Pro)	672	BRCA1	Pathogenic	GRCh38	91649
single nucleotide variant	NM_007294.4(BRCA1):c.5468-2A>G	672	BRCA1	Pathogenic	GRCh38	91653
single nucleotide variant	NM_007294.4(BRCA1):c.5516T>C (p.Leu1839Ser)	672	BRCA1	Pathogenic	GRCh38	91656
single nucleotide variant	NM_007294.4(BRCA1):c.81-1G>A	672	BRCA1	Pathogenic	GRCh38	91668
single nucleotide variant	NM_007294.4(BRCA1):c.1214C>G (p.Ser405Ter)	672	BRCA1	Pathogenic	GRCh38	96896
single nucleotide variant	NM_007294.4(BRCA1):c.4072G>T (p.Glu1358Ter)	672	BRCA1	Pathogenic	GRCh38	96924
single nucleotide variant	NM_007294.4(BRCA1):c.4185+2T>A	672	BRCA1	Pathogenic	GRCh38	96928
single nucleotide variant	NM_007294.4(BRCA1):c.4986+5G>A	672	BRCA1	Pathogenic/Likely pathogenic	GRCh38	96936
single nucleotide variant	NM_007294.4(BRCA1):c.5193+1G>A	672	BRCA1	Pathogenic	GRCh38	96942
single nucleotide variant	NM_007294.4(BRCA1):c.5339T>G (p.Leu1780Arg)	672	BRCA1	Likely pathogenic	GRCh38	96949
single nucleotide variant	NM_007294.4(BRCA1):c.5407-10G>A	672	BRCA1	Likely pathogenic	GRCh38	96950
single nucleotide variant	NM_007294.4(BRCA1):c.80+1G>C	672	BRCA1	Pathogenic	GRCh38	125516
single nucleotide variant	NM_007294.4(BRCA1):c.80+1G>T	672	BRCA1	Pathogenic	GRCh38	125517
single nucleotide variant	NM_007294.4(BRCA1):c.80+2T>G	672	BRCA1	Pathogenic	GRCh38	125518
single nucleotide variant	NM_007294.4(BRCA1):c.80+4A>T	672	BRCA1	Pathogenic	GRCh38	125519
single nucleotide variant	NM_007294.4(BRCA1):c.134+1G>C	672	BRCA1	Pathogenic/Likely pathogenic	GRCh38	125563
single nucleotide variant	NM_007294.4(BRCA1):c.135-2A>G	672	BRCA1	Pathogenic	GRCh38	125567
single nucleotide variant	NM_007294.4(BRCA1):c.302-1G>T	672	BRCA1	Pathogenic/Likely pathogenic	GRCh38	125667
single nucleotide variant	NM_007294.4(BRCA1):c.302-2A>T	672	BRCA1	Pathogenic	GRCh38	125668
single nucleotide variant	NM_007294.4(BRCA1):c.4675+3A>T	672	BRCA1	Pathogenic	GRCh38	125722
single nucleotide variant	NM_007294.4(BRCA1):c.4676-1G>A	672	BRCA1	Pathogenic	GRCh38	125725
single nucleotide variant	NM_007294.4(BRCA1):c.4676-2A>G	672	BRCA1	Pathogenic/Likely pathogenic	GRCh38	125726
single nucleotide variant	NM_007294.4(BRCA1):c.4986+1G>A	672	BRCA1	Pathogenic	GRCh38	125738
single nucleotide variant	NM_007294.4(BRCA1):c.4987-1=	672	BRCA1	Pathogenic	GRCh38	125742
single nucleotide variant	NM_007294.4(BRCA1):c.5075-1G>C	672	BRCA1	Pathogenic	GRCh38	125759
single nucleotide variant	NM_007294.4(BRCA1):c.5152+1G>A	672	BRCA1	Pathogenic	GRCh38	125768
single nucleotide variant	NM_007294.4(BRCA1):c.5152+6T>A	672	BRCA1	Likely pathogenic	GRCh38	125776
single nucleotide variant	NM_007294.4(BRCA1):c.5152+6T>C	672	BRCA1	Pathogenic	GRCh38	125777
single nucleotide variant	NM_007294.4(BRCA1):c.5152+6T>G	672	BRCA1	Pathogenic/Likely pathogenic	GRCh38	125778
single nucleotide variant	NM_007294.4(BRCA1):c.5164T>C (p.Ser1722Pro)	672	BRCA1	Likely pathogenic	GRCh38	125791
single nucleotide variant	NM_007294.4(BRCA1):c.5194-1G>A	672	BRCA1	Pathogenic	GRCh38	125804
single nucleotide variant	NM_007294.4(BRCA1):c.5332+2T>A	672	BRCA1	Pathogenic/Likely pathogenic	GRCh38	125825
single nucleotide variant	NM_007294.4(BRCA1):c.5407-1G>A	672	BRCA1	Pathogenic	GRCh38	125845
single nucleotide variant	NM_007294.4(BRCA1):c.5407-1G>C	672	BRCA1	Pathogenic/Likely pathogenic	GRCh38	125846
single nucleotide variant	NM_007294.4(BRCA1):c.5407-2A>T	672	BRCA1	Pathogenic	GRCh38	125848
single nucleotide variant	NM_007294.4(BRCA1):c.5467+2T>C	672	BRCA1	Pathogenic/Likely pathogenic	GRCh38	125851
single nucleotide variant	NM_007294.4(BRCA1):c.5467+2T>G	672	BRCA1	Pathogenic/Likely pathogenic	GRCh38	125852
single nucleotide variant	NM_007294.4(BRCA1):c.5468-1G>A	672	BRCA1	Pathogenic	GRCh38	125856
single nucleotide variant	NM_007294.4(BRCA1):c.5468-40T>A	672	BRCA1	Likely pathogenic	GRCh38	125857
single nucleotide variant	NM_007294.4(BRCA1):c.442-2A>C	672	BRCA1	Pathogenic	GRCh38	125863
single nucleotide variant	NM_007294.4(BRCA1):c.547+1G>A	672	BRCA1	Pathogenic/Likely pathogenic	GRCh38	125881
single nucleotide variant	NM_007294.4(BRCA1):c.81-2A>C	672	BRCA1	Pathogenic/Likely pathogenic	GRCh38	136092
single nucleotide variant	NM_007294.4(BRCA1):c.192T>A (p.Cys64Ter)	672	BRCA1	Pathogenic	GRCh38	141286
single nucleotide variant	NM_007294.4(BRCA1):c.2593A>T (p.Lys865Ter)	672	BRCA1	Pathogenic	GRCh38	142666
single nucleotide variant	NM_007294.4(BRCA1):c.2056G>T (p.Glu686Ter)	672	BRCA1	Pathogenic	GRCh38	142776
single nucleotide variant	NM_007294.4(BRCA1):c.4389C>G (p.Tyr1463Ter)	672	BRCA1	Pathogenic	GRCh38	142836
single nucleotide variant	NM_007294.4(BRCA1):c.4468G>T (p.Glu1490Ter)	672	BRCA1	Pathogenic	GRCh38	162502
single nucleotide variant	NM_007294.4(BRCA1):c.5528C>A (p.Ala1843Glu)	672	BRCA1	Likely pathogenic	GRCh38	182082
single nucleotide variant	NM_007294.4(BRCA1):c.5332+2T>G	672	BRCA1	Pathogenic	GRCh38	182168
single nucleotide variant	NM_007294.4(BRCA1):c.4987-1G>A	672	BRCA1	Pathogenic	GRCh38	182165
single nucleotide variant	NM_007294.4(BRCA1):c.1714G>T (p.Glu572Ter)	672	BRCA1	Pathogenic	GRCh38	182135
single nucleotide variant	NM_007294.4(BRCA1):c.869T>G (p.Leu290Ter)	672	BRCA1	Pathogenic	GRCh38	182128
single nucleotide variant	NM_007294.4(BRCA1):c.5057A>G (p.His1686Arg)	672	BRCA1	Pathogenic/Likely pathogenic	GRCh38	183179
single nucleotide variant	NM_007294.4(BRCA1):c.4998C>A (p.Tyr1666Ter)	672	BRCA1	Pathogenic	GRCh38	183178
single nucleotide variant	NM_007294.4(BRCA1):c.3511A>T (p.Lys1171Ter)	672	BRCA1	Pathogenic	GRCh38	183177
single nucleotide variant	NM_007294.4(BRCA1):c.5153-2A>G	672	BRCA1	Pathogenic/Likely pathogenic	GRCh38	185900
single nucleotide variant	NM_007294.4(BRCA1):c.5027T>G (p.Leu1676Ter)	672	BRCA1	Pathogenic	GRCh38	187466
single nucleotide variant	NM_007294.4(BRCA1):c.4834C>T (p.Gln1612Ter)	672	BRCA1	Pathogenic	GRCh38	185295
single nucleotide variant	NM_007294.4(BRCA1):c.4675+1G>T	672	BRCA1	Pathogenic	GRCh38	185411
single nucleotide variant	NM_007294.4(BRCA1):c.4523G>A (p.Trp1508Ter)	672	BRCA1	Pathogenic	GRCh38	186016
single nucleotide variant	NM_007294.4(BRCA1):c.4185+1G>A	672	BRCA1	Pathogenic	GRCh38	186395
single nucleotide variant	NM_007294.4(BRCA1):c.4099G>T (p.Glu1367Ter)	672	BRCA1	Pathogenic	GRCh38	186497
single nucleotide variant	NM_007294.4(BRCA1):c.3626T>G (p.Leu1209Ter)	672	BRCA1	Pathogenic	GRCh38	187637
single nucleotide variant	NM_007294.4(BRCA1):c.3481G>T (p.Glu1161Ter)	672	BRCA1	Pathogenic	GRCh38	187055
single nucleotide variant	NM_007294.4(BRCA1):c.3157G>T (p.Glu1053Ter)	672	BRCA1	Pathogenic	GRCh38	187251
single nucleotide variant	NM_007294.4(BRCA1):c.212G>T (p.Arg71Met)	672	BRCA1	Pathogenic/Likely pathogenic	GRCh38	185705
single nucleotide variant	NM_007294.4(BRCA1):c.101C>T (p.Pro34Leu)	672	BRCA1	Likely pathogenic	GRCh38	186913
single nucleotide variant	NM_007294.4(BRCA1):c.4474G>T (p.Gly1492Ter)	672	BRCA1	Pathogenic	GRCh38	216105
single nucleotide variant	NM_007294.4(BRCA1):c.5152+5G>C	672	BRCA1	Pathogenic/Likely pathogenic	GRCh38	220736
single nucleotide variant	NM_007294.4(BRCA1):c.287A>G (p.Asp96Gly)	672	BRCA1	Pathogenic/Likely pathogenic	GRCh38	220258
single nucleotide variant	NM_007294.4(BRCA1):c.2570T>A (p.Leu857Ter)	672	BRCA1	Pathogenic	GRCh38	224421
single nucleotide variant	NM_007294.4(BRCA1):c.213-2A>G	672	BRCA1	Pathogenic	GRCh38	224426
single nucleotide variant	NM_007294.4(BRCA1):c.192T>G (p.Cys64Trp)	672	BRCA1	Pathogenic/Likely pathogenic	GRCh38	224427
single nucleotide variant	NM_007294.4(BRCA1):c.5202T>G (p.Phe1734Leu)	672	BRCA1	Likely pathogenic	GRCh38	225711
single nucleotide variant	NM_007294.4(BRCA1):c.5200T>A (p.Phe1734Ile)	672	BRCA1	Likely pathogenic	GRCh38	232047
single nucleotide variant	NM_007294.4(BRCA1):c.5135G>A (p.Trp1712Ter)	672	BRCA1	Pathogenic	GRCh38	230624
single nucleotide variant	NM_007294.4(BRCA1):c.5108A>G (p.Tyr1703Cys)	672	BRCA1	Likely pathogenic	GRCh38	232915
single nucleotide variant	NM_007294.4(BRCA1):c.4432G>T (p.Glu1478Ter)	672	BRCA1	Pathogenic	GRCh38	232619
single nucleotide variant	NM_007294.4(BRCA1):c.4185G>C (p.Gln1395His)	672	BRCA1	Likely pathogenic	GRCh38	232793
single nucleotide variant	NM_007294.4(BRCA1):c.4162C>T (p.Gln1388Ter)	672	BRCA1	Pathogenic	GRCh38	233727
single nucleotide variant	NM_007294.4(BRCA1):c.3979C>T (p.Gln1327Ter)	672	BRCA1	Pathogenic	GRCh38	232360
single nucleotide variant	NM_007294.4(BRCA1):c.2719G>T (p.Glu907Ter)	672	BRCA1	Pathogenic	GRCh38	230485
single nucleotide variant	NM_007294.4(BRCA1):c.2680A>T (p.Lys894Ter)	672	BRCA1	Pathogenic	GRCh38	231951
single nucleotide variant	NM_007294.4(BRCA1):c.2101A>T (p.Lys701Ter)	672	BRCA1	Pathogenic	GRCh38	233241
single nucleotide variant	NM_007294.4(BRCA1):c.1319T>G (p.Leu440Ter)	672	BRCA1	Pathogenic	GRCh38	230733
single nucleotide variant	NM_007294.4(BRCA1):c.1155G>A (p.Trp385Ter)	672	BRCA1	Pathogenic	GRCh38	233665
single nucleotide variant	NM_007294.4(BRCA1):c.132C>T (p.Cys44=)	672	BRCA1	Pathogenic	GRCh38	230061
single nucleotide variant	NM_007294.4(BRCA1):c.122A>T (p.His41Leu)	672	BRCA1	Likely pathogenic	GRCh38	230862
single nucleotide variant	NM_007294.4(BRCA1):c.74C>T (p.Pro25Leu)	672	BRCA1	Likely pathogenic	GRCh38	232955
single nucleotide variant	NM_007294.4(BRCA1):c.4576G>T (p.Glu1526Ter)	672	BRCA1	Pathogenic	GRCh38	236272
single nucleotide variant	NM_007294.4(BRCA1):c.1150G>T (p.Glu384Ter)	672	BRCA1	Pathogenic	GRCh38	236266
single nucleotide variant	NM_007294.4(BRCA1):c.441+2T>G	672	BRCA1	Pathogenic	GRCh38	236261
single nucleotide variant	NM_007294.4(BRCA1):c.5242G>C (p.Gly1748Arg)	672	BRCA1	Likely pathogenic	GRCh38	240819
single nucleotide variant	NM_007294.4(BRCA1):c.4987-2A>C	672	BRCA1	Pathogenic/Likely pathogenic	GRCh38	240810
single nucleotide variant	NM_007294.4(BRCA1):c.4370C>A (p.Ser1457Ter)	672	BRCA1	Pathogenic	GRCh38	240803
single nucleotide variant	NM_007294.4(BRCA1):c.3893C>G (p.Ser1298Ter)	672	BRCA1	Pathogenic	GRCh38	240798
single nucleotide variant	NM_007294.4(BRCA1):c.4986+4A>G	672	BRCA1	Likely pathogenic	GRCh38	246100
single nucleotide variant	NM_007294.4(BRCA1):c.4485-1G>T	672	BRCA1	Pathogenic	GRCh38	246501
single nucleotide variant	NM_007294.4(BRCA1):c.4484G>C (p.Arg1495Thr)	672	BRCA1	Pathogenic	GRCh38	245697
single nucleotide variant	NM_007294.4(BRCA1):c.3675C>A (p.Cys1225Ter)	672	BRCA1	Pathogenic	GRCh38	245968
single nucleotide variant	NM_007294.4(BRCA1):c.135-1G>A	672	BRCA1	Pathogenic/Likely pathogenic	GRCh38	245755
single nucleotide variant	NM_007294.4(BRCA1):c.32T>G (p.Val11Gly)	672	BRCA1	Likely pathogenic	GRCh38	245973
single nucleotide variant	NM_007294.4(BRCA1):c.5075-2A>G	672	BRCA1	Pathogenic	GRCh38	252381
single nucleotide variant	NM_007294.4(BRCA1):c.4675+2T>G	672	BRCA1	Pathogenic/Likely pathogenic	GRCh38	252396
single nucleotide variant	NM_007294.4(BRCA1):c.2983A>T (p.Lys995Ter)	672	BRCA1	Pathogenic	GRCh38	252431
single nucleotide variant	NM_007294.4(BRCA1):c.679G>T (p.Glu227Ter)	672	BRCA1	Pathogenic	GRCh38	252435
single nucleotide variant	NM_007294.4(BRCA1):c.65T>A (p.Leu22Ter)	672	BRCA1	Pathogenic	GRCh38	252428
single nucleotide variant	NM_007294.4(BRCA1):c.403A>T (p.Lys135Ter)	672	BRCA1	Pathogenic	GRCh38	252876
single nucleotide variant	NM_007294.4(BRCA1):c.5107T>G (p.Tyr1703Asp)	672	BRCA1	Likely pathogenic	GRCh38	252884
single nucleotide variant	NM_007294.4(BRCA1):c.77T>A (p.Ile26Asn)	672	BRCA1	Pathogenic	GRCh38	252890
single nucleotide variant	NM_007294.4(BRCA1):c.4088C>G (p.Ser1363Ter)	672	BRCA1	Pathogenic	GRCh38	254452
single nucleotide variant	NM_007294.4(BRCA1):c.3910G>T (p.Glu1304Ter)	672	BRCA1	Pathogenic	GRCh38	254447
single nucleotide variant	NM_007294.4(BRCA1):c.3779T>G (p.Leu1260Ter)	672	BRCA1	Pathogenic	GRCh38	254444
single nucleotide variant	NM_007294.4(BRCA1):c.3697A>T (p.Lys1233Ter)	672	BRCA1	Pathogenic	GRCh38	254440
single nucleotide variant	NM_007294.4(BRCA1):c.3635C>G (p.Ser1212Ter)	672	BRCA1	Pathogenic	GRCh38	254438
single nucleotide variant	NM_007294.4(BRCA1):c.3442G>T (p.Glu1148Ter)	672	BRCA1	Pathogenic	GRCh38	254427
single nucleotide variant	NM_007294.4(BRCA1):c.3226A>T (p.Arg1076Ter)	672	BRCA1	Pathogenic	GRCh38	254424
single nucleotide variant	NM_007294.4(BRCA1):c.3001G>T (p.Glu1001Ter)	672	BRCA1	Pathogenic	GRCh38	254422
single nucleotide variant	NM_007294.4(BRCA1):c.2599C>T (p.Gln867Ter)	672	BRCA1	Pathogenic	GRCh38	254414
single nucleotide variant	NM_007294.4(BRCA1):c.2138C>A (p.Ser713Ter)	672	BRCA1	Pathogenic	GRCh38	254406
single nucleotide variant	NM_007294.4(BRCA1):c.2095G>T (p.Glu699Ter)	672	BRCA1	Pathogenic	GRCh38	254405
single nucleotide variant	NM_007294.4(BRCA1):c.1543G>T (p.Glu515Ter)	672	BRCA1	Pathogenic	GRCh38	254395
single nucleotide variant	NM_007294.4(BRCA1):c.1080C>A (p.Cys360Ter)	672	BRCA1	Pathogenic	GRCh38	254389
single nucleotide variant	NM_007294.4(BRCA1):c.1044T>A (p.Cys348Ter)	672	BRCA1	Pathogenic	GRCh38	254388
single nucleotide variant	NM_007294.4(BRCA1):c.856G>T (p.Glu286Ter)	672	BRCA1	Pathogenic	GRCh38	254382
single nucleotide variant	NM_007294.4(BRCA1):c.784C>T (p.Gln262Ter)	672	BRCA1	Pathogenic	GRCh38	254380
single nucleotide variant	NM_007294.4(BRCA1):c.737T>A (p.Leu246Ter)	672	BRCA1	Pathogenic	GRCh38	254378
single nucleotide variant	NM_007294.4(BRCA1):c.390C>G (p.Tyr130Ter)	672	BRCA1	Pathogenic	GRCh38	254373
single nucleotide variant	NM_007294.4(BRCA1):c.280C>T (p.Gln94Ter)	672	BRCA1	Pathogenic	GRCh38	254372
single nucleotide variant	NM_007294.4(BRCA1):c.5513T>G (p.Val1838Gly)	672	BRCA1	Likely pathogenic	GRCh38	254643
single nucleotide variant	NM_007294.4(BRCA1):c.213-5T>A	672	BRCA1	Pathogenic/Likely pathogenic	GRCh38	254639
single nucleotide variant	NM_007294.4(BRCA1):c.5542C>T (p.Gln1848Ter)	672	BRCA1	Pathogenic	GRCh38	266562
single nucleotide variant	NM_007294.4(BRCA1):c.5535C>G (p.Tyr1845Ter)	672	BRCA1	Pathogenic	GRCh38	266559
single nucleotide variant	NM_007294.4(BRCA1):c.5390C>G (p.Ser1797Ter)	672	BRCA1	Pathogenic	GRCh38	266552
single nucleotide variant	NM_007294.4(BRCA1):c.5301T>A (p.Cys1767Ter)	672	BRCA1	Pathogenic	GRCh38	266544
single nucleotide variant	NM_007294.4(BRCA1):c.5212G>T (p.Gly1738Ter)	672	BRCA1	Pathogenic	GRCh38	266534
single nucleotide variant	NM_007294.4(BRCA1):c.5161C>T (p.Gln1721Ter)	672	BRCA1	Pathogenic	GRCh38	266529
single nucleotide variant	NM_007294.4(BRCA1):c.5148T>A (p.Tyr1716Ter)	672	BRCA1	Pathogenic	GRCh38	266526
single nucleotide variant	NM_007294.4(BRCA1):c.5131A>T (p.Lys1711Ter)	672	BRCA1	Pathogenic	GRCh38	266525
single nucleotide variant	NM_007294.4(BRCA1):c.5027T>A (p.Leu1676Ter)	672	BRCA1	Pathogenic	GRCh38	266513
single nucleotide variant	NM_007294.4(BRCA1):c.4875T>A (p.Tyr1625Ter)	672	BRCA1	Pathogenic	GRCh38	266499
single nucleotide variant	NM_007294.4(BRCA1):c.4573C>T (p.Gln1525Ter)	672	BRCA1	Pathogenic	GRCh38	266484
single nucleotide variant	NM_007294.4(BRCA1):c.4566C>G (p.Tyr1522Ter)	672	BRCA1	Pathogenic	GRCh38	266481
single nucleotide variant	NM_007294.4(BRCA1):c.4566C>A (p.Tyr1522Ter)	672	BRCA1	Pathogenic	GRCh38	266480
single nucleotide variant	NM_007294.4(BRCA1):c.4527C>A (p.Tyr1509Ter)	672	BRCA1	Pathogenic	GRCh38	266479
single nucleotide variant	NM_007294.4(BRCA1):c.4503C>A (p.Cys1501Ter)	672	BRCA1	Pathogenic	GRCh38	266478
single nucleotide variant	NM_007294.4(BRCA1):c.4408G>T (p.Glu1470Ter)	672	BRCA1	Pathogenic	GRCh38	266475
single nucleotide variant	NM_007294.4(BRCA1):c.4375A>T (p.Lys1459Ter)	672	BRCA1	Pathogenic	GRCh38	266473
single nucleotide variant	NM_007294.4(BRCA1):c.4364T>G (p.Leu1455Ter)	672	BRCA1	Pathogenic	GRCh38	266472
single nucleotide variant	NM_007294.4(BRCA1):c.4349C>G (p.Ser1450Ter)	672	BRCA1	Pathogenic	GRCh38	266471
single nucleotide variant	NM_007294.4(BRCA1):c.4270C>T (p.Gln1424Ter)	672	BRCA1	Pathogenic	GRCh38	266464
single nucleotide variant	NM_007294.4(BRCA1):c.4255G>T (p.Glu1419Ter)	672	BRCA1	Pathogenic	GRCh38	266463
single nucleotide variant	NM_007294.4(BRCA1):c.4225C>T (p.Gln1409Ter)	672	BRCA1	Pathogenic	GRCh38	266461
single nucleotide variant	NM_007294.4(BRCA1):c.4216A>T (p.Lys1406Ter)	672	BRCA1	Pathogenic	GRCh38	266459
single nucleotide variant	NM_007294.4(BRCA1):c.4069G>T (p.Glu1357Ter)	672	BRCA1	Pathogenic	GRCh38	266437
single nucleotide variant	NM_007294.4(BRCA1):c.4066C>T (p.Gln1356Ter)	672	BRCA1	Pathogenic	GRCh38	266435
single nucleotide variant	NM_007294.4(BRCA1):c.4042G>T (p.Gly1348Ter)	672	BRCA1	Pathogenic	GRCh38	266433
single nucleotide variant	NM_007294.4(BRCA1):c.4033G>T (p.Glu1345Ter)	672	BRCA1	Pathogenic	GRCh38	266430
single nucleotide variant	NM_007294.4(BRCA1):c.3862G>T (p.Glu1288Ter)	672	BRCA1	Pathogenic	GRCh38	266413
single nucleotide variant	NM_007294.4(BRCA1):c.3810C>A (p.Cys1270Ter)	672	BRCA1	Pathogenic	GRCh38	266406
single nucleotide variant	NM_007294.4(BRCA1):c.3679C>T (p.Gln1227Ter)	672	BRCA1	Pathogenic	GRCh38	266399
single nucleotide variant	NM_007294.4(BRCA1):c.3461T>G (p.Leu1154Ter)	672	BRCA1	Pathogenic	GRCh38	266371
single nucleotide variant	NM_007294.4(BRCA1):c.3412G>T (p.Gly1138Ter)	672	BRCA1	Pathogenic	GRCh38	266367
single nucleotide variant	NM_007294.4(BRCA1):c.3381T>G (p.Tyr1127Ter)	672	BRCA1	Pathogenic	GRCh38	266362
single nucleotide variant	NM_007294.4(BRCA1):c.3282T>G (p.Tyr1094Ter)	672	BRCA1	Pathogenic	GRCh38	266351
single nucleotide variant	NM_007294.4(BRCA1):c.3266T>A (p.Leu1089Ter)	672	BRCA1	Pathogenic	GRCh38	266350
single nucleotide variant	NM_007294.4(BRCA1):c.3010G>T (p.Glu1004Ter)	672	BRCA1	Pathogenic	GRCh38	266328
single nucleotide variant	NM_007294.4(BRCA1):c.2971A>T (p.Lys991Ter)	672	BRCA1	Pathogenic	GRCh38	266325
single nucleotide variant	NM_007294.4(BRCA1):c.2959A>T (p.Lys987Ter)	672	BRCA1	Pathogenic	GRCh38	266322
single nucleotide variant	NM_007294.4(BRCA1):c.2890G>T (p.Gly964Ter)	672	BRCA1	Pathogenic	GRCh38	266316
single nucleotide variant	NM_007294.4(BRCA1):c.2864C>G (p.Ser955Ter)	672	BRCA1	Pathogenic	GRCh38	266312
single nucleotide variant	NM_007294.4(BRCA1):c.2675T>G (p.Leu892Ter)	672	BRCA1	Pathogenic	GRCh38	266290
single nucleotide variant	NM_007294.4(BRCA1):c.2551G>T (p.Glu851Ter)	672	BRCA1	Pathogenic	GRCh38	266279
single nucleotide variant	NM_007294.4(BRCA1):c.2536G>T (p.Glu846Ter)	672	BRCA1	Pathogenic	GRCh38	266276
single nucleotide variant	NM_007294.4(BRCA1):c.2524G>T (p.Glu842Ter)	672	BRCA1	Pathogenic	GRCh38	266273
single nucleotide variant	NM_007294.4(BRCA1):c.2331T>G (p.Tyr777Ter)	672	BRCA1	Pathogenic	GRCh38	266250
single nucleotide variant	NM_007294.4(BRCA1):c.2309C>G (p.Ser770Ter)	672	BRCA1	Pathogenic	GRCh38	266246
single nucleotide variant	NM_007294.4(BRCA1):c.2149G>T (p.Glu717Ter)	672	BRCA1	Pathogenic	GRCh38	266226
single nucleotide variant	NM_007294.4(BRCA1):c.2068A>T (p.Lys690Ter)	672	BRCA1	Pathogenic	GRCh38	266211
single nucleotide variant	NM_007294.4(BRCA1):c.1965C>A (p.Tyr655Ter)	672	BRCA1	Pathogenic	GRCh38	266207
single nucleotide variant	NM_007294.4(BRCA1):c.1942G>T (p.Glu648Ter)	672	BRCA1	Pathogenic	GRCh38	266204
single nucleotide variant	NM_007294.4(BRCA1):c.1918C>T (p.Gln640Ter)	672	BRCA1	Pathogenic	GRCh38	266201
single nucleotide variant	NM_007294.4(BRCA1):c.1723G>T (p.Glu575Ter)	672	BRCA1	Pathogenic	GRCh38	266183
single nucleotide variant	NM_007294.4(BRCA1):c.1693G>T (p.Glu565Ter)	672	BRCA1	Pathogenic	GRCh38	266181
single nucleotide variant	NM_007294.4(BRCA1):c.1618G>T (p.Glu540Ter)	672	BRCA1	Pathogenic	GRCh38	266176
single nucleotide variant	NM_007294.4(BRCA1):c.1529C>A (p.Ser510Ter)	672	BRCA1	Pathogenic	GRCh38	266173
single nucleotide variant	NM_007294.4(BRCA1):c.1505T>G (p.Leu502Ter)	672	BRCA1	Pathogenic	GRCh38	266172
single nucleotide variant	NM_007294.4(BRCA1):c.1375A>T (p.Lys459Ter)	672	BRCA1	Pathogenic	GRCh38	266161
single nucleotide variant	NM_007294.4(BRCA1):c.1277C>G (p.Ser426Ter)	672	BRCA1	Pathogenic	GRCh38	266153
single nucleotide variant	NM_007294.4(BRCA1):c.1277C>A (p.Ser426Ter)	672	BRCA1	Pathogenic	GRCh38	266152
single nucleotide variant	NM_007294.4(BRCA1):c.1261G>T (p.Glu421Ter)	672	BRCA1	Pathogenic	GRCh38	266150
single nucleotide variant	NM_007294.4(BRCA1):c.1222A>T (p.Lys408Ter)	672	BRCA1	Pathogenic	GRCh38	266146
single nucleotide variant	NM_007294.4(BRCA1):c.1171G>T (p.Glu391Ter)	672	BRCA1	Pathogenic	GRCh38	266140
single nucleotide variant	NM_007294.4(BRCA1):c.963G>A (p.Trp321Ter)	672	BRCA1	Pathogenic	GRCh38	266597
single nucleotide variant	NM_007294.4(BRCA1):c.925A>T (p.Lys309Ter)	672	BRCA1	Pathogenic	GRCh38	266592
single nucleotide variant	NM_007294.4(BRCA1):c.898G>T (p.Glu300Ter)	672	BRCA1	Pathogenic	GRCh38	266590
single nucleotide variant	NM_007294.4(BRCA1):c.814G>T (p.Glu272Ter)	672	BRCA1	Pathogenic	GRCh38	266581
single nucleotide variant	NM_007294.4(BRCA1):c.718C>T (p.Gln240Ter)	672	BRCA1	Pathogenic	GRCh38	266573
single nucleotide variant	NM_007294.4(BRCA1):c.502A>T (p.Lys168Ter)	672	BRCA1	Pathogenic	GRCh38	266514
single nucleotide variant	NM_007294.4(BRCA1):c.355A>T (p.Lys119Ter)	672	BRCA1	Pathogenic	GRCh38	266383
single nucleotide variant	NM_007294.4(BRCA1):c.303T>A (p.Tyr101Ter)	672	BRCA1	Pathogenic	GRCh38	266331
single nucleotide variant	NM_007294.4(BRCA1):c.260T>A (p.Leu87Ter)	672	BRCA1	Pathogenic	GRCh38	266284
single nucleotide variant	NM_007294.4(BRCA1):c.176C>A (p.Ser59Ter)	672	BRCA1	Pathogenic	GRCh38	266186
single nucleotide variant	NM_007294.4(BRCA1):c.5116G>C (p.Gly1706Arg)	672	BRCA1	Pathogenic/Likely pathogenic	GRCh38	267219
single nucleotide variant	NM_007294.4(BRCA1):c.5116G>A (p.Gly1706Arg)	672	BRCA1	Pathogenic/Likely pathogenic	GRCh38	267221
single nucleotide variant	NM_007294.4(BRCA1):c.5468-2A>T	672	BRCA1	Pathogenic/Likely pathogenic	GRCh38	267606
single nucleotide variant	NM_007294.4(BRCA1):c.5333-1G>T	672	BRCA1	Pathogenic	GRCh38	267600
single nucleotide variant	NM_007294.4(BRCA1):c.5332+2T>C	672	BRCA1	Pathogenic	GRCh38	267598
single nucleotide variant	NM_007294.4(BRCA1):c.5332+1G>T	672	BRCA1	Pathogenic	GRCh38	267597
single nucleotide variant	NM_007294.4(BRCA1):c.5297T>A (p.Ile1766Asn)	672	BRCA1	Pathogenic/Likely pathogenic	GRCh38	267594
single nucleotide variant	NM_007294.4(BRCA1):c.5278-2A>G	672	BRCA1	Pathogenic	GRCh38	267593
single nucleotide variant	NM_007294.4(BRCA1):c.5194-1G>T	672	BRCA1	Pathogenic	GRCh38	267585
single nucleotide variant	NM_007294.4(BRCA1):c.5194-1G>C	672	BRCA1	Pathogenic	GRCh38	267584
single nucleotide variant	NM_007294.4(BRCA1):c.5193+2T>G	672	BRCA1	Pathogenic	GRCh38	267579
single nucleotide variant	NM_007294.4(BRCA1):c.5152+2T>A	672	BRCA1	Pathogenic	GRCh38	267577
single nucleotide variant	NM_007294.4(BRCA1):c.5074+1G>C	672	BRCA1	Pathogenic	GRCh38	267570
single nucleotide variant	NM_007294.4(BRCA1):c.4987-1G>T	672	BRCA1	Pathogenic	GRCh38	267565
single nucleotide variant	NM_007294.4(BRCA1):c.4986+5G>C	672	BRCA1	Pathogenic/Likely pathogenic	GRCh38	267562
single nucleotide variant	NM_007294.4(BRCA1):c.4676-1G>T	672	BRCA1	Pathogenic/Likely pathogenic	GRCh38	267560
single nucleotide variant	NM_007294.4(BRCA1):c.4675+2T>C	672	BRCA1	Pathogenic	GRCh38	267555
single nucleotide variant	NM_007294.4(BRCA1):c.4675+2T>A	672	BRCA1	Pathogenic	GRCh38	267554
single nucleotide variant	NM_007294.4(BRCA1):c.4675+1G>C	672	BRCA1	Pathogenic	GRCh38	267553
single nucleotide variant	NM_007294.4(BRCA1):c.4485-1G>C	672	BRCA1	Pathogenic	GRCh38	267551
single nucleotide variant	NM_007294.4(BRCA1):c.4484+1G>T	672	BRCA1	Pathogenic	GRCh38	267547
single nucleotide variant	NM_007294.4(BRCA1):c.4185+2T>C	672	BRCA1	Pathogenic	GRCh38	267525
single nucleotide variant	NM_007294.4(BRCA1):c.671-2A>T	672	BRCA1	Pathogenic	GRCh38	267618
single nucleotide variant	NM_007294.4(BRCA1):c.547+3A>T	672	BRCA1	Pathogenic	GRCh38	267607
single nucleotide variant	NM_007294.4(BRCA1):c.442-7T>A	672	BRCA1	Pathogenic	GRCh38	267545
single nucleotide variant	NM_007294.4(BRCA1):c.213-15A>G	672	BRCA1	Likely pathogenic	GRCh38	267514
single nucleotide variant	NM_007294.4(BRCA1):c.212G>C (p.Arg71Thr)	672	BRCA1	Pathogenic/Likely pathogenic	GRCh38	267512
single nucleotide variant	NM_007294.4(BRCA1):c.139T>A (p.Cys47Ser)	672	BRCA1	Pathogenic	GRCh38	267508
single nucleotide variant	NM_007294.4(BRCA1):c.134+1G>A	672	BRCA1	Pathogenic	GRCh38	267499
single nucleotide variant	NM_007294.4(BRCA1):c.117T>G (p.Cys39Trp)	672	BRCA1	Pathogenic	GRCh38	267497
single nucleotide variant	NM_007294.4(BRCA1):c.80+2T>A	672	BRCA1	Pathogenic	GRCh38	267620
single nucleotide variant	NM_007294.4(BRCA1):c.3G>C (p.Met1Ile)	672	BRCA1	Pathogenic	GRCh38	267523
single nucleotide variant	NM_007294.4(BRCA1):c.-19-2A>G	672	BRCA1	Pathogenic/Likely pathogenic	GRCh38	267511
single nucleotide variant	NM_007294.4(BRCA1):c.213-1G>T	672	BRCA1	Pathogenic	GRCh38	267728
single nucleotide variant	NM_007294.4(BRCA1):c.5307T>G (p.Tyr1769Ter)	672	BRCA1	Pathogenic	GRCh38	371864
single nucleotide variant	NM_007294.4(BRCA1):c.4146C>A (p.Cys1382Ter)	672	BRCA1	Pathogenic	GRCh38	371879
single nucleotide variant	NM_007294.4(BRCA1):c.869T>A (p.Leu290Ter)	672	BRCA1	Pathogenic	GRCh38	371981
single nucleotide variant	NM_007294.4(BRCA1):c.4963T>C (p.Ser1655Pro)	672	BRCA1	Likely pathogenic	GRCh38	373826
single nucleotide variant	NM_007294.4(BRCA1):c.4243G>T (p.Glu1415Ter)	672	BRCA1	Pathogenic	GRCh38	375546
single nucleotide variant	NM_007294.4(BRCA1):c.2273T>A (p.Leu758Ter)	672	BRCA1	Pathogenic	GRCh38	409317
single nucleotide variant	NM_007294.4(BRCA1):c.121C>A (p.His41Asn)	672	BRCA1	Likely pathogenic	GRCh38	409353
single nucleotide variant	NM_007294.4(BRCA1):c.5259A>T (p.Arg1753Ser)	672	BRCA1	Likely pathogenic	GRCh38	409370
single nucleotide variant	NM_007294.4(BRCA1):c.5309G>T (p.Gly1770Val)	672	BRCA1	Pathogenic	GRCh38	417832
single nucleotide variant	NM_007294.4(BRCA1):c.2185G>T (p.Glu729Ter)	672	BRCA1	Pathogenic	GRCh38	417823
single nucleotide variant	NM_007294.4(BRCA1):c.445G>T (p.Glu149Ter)	672	BRCA1	Pathogenic	GRCh38	417828
single nucleotide variant	NM_007294.4(BRCA1):c.5511G>C (p.Trp1837Cys)	672	BRCA1	Pathogenic/Likely pathogenic	GRCh38	421244
single nucleotide variant	NM_007294.4(BRCA1):c.4787C>A (p.Ser1596Ter)	672	BRCA1	Pathogenic	GRCh38	420037
single nucleotide variant	NM_007294.4(BRCA1):c.100C>T (p.Pro34Ser)	672	BRCA1	Likely pathogenic	GRCh38	418671
single nucleotide variant	NM_007294.4(BRCA1):c.376C>T (p.Gln126Ter)	672	BRCA1	Pathogenic	GRCh38	427022
single nucleotide variant	NM_007294.4(BRCA1):c.845C>A (p.Ser282Ter)	672	BRCA1	Pathogenic	GRCh38	427236
single nucleotide variant	NM_007294.4(BRCA1):c.541G>T (p.Glu181Ter)	672	BRCA1	Pathogenic	GRCh38	430632
single nucleotide variant	NM_007294.4(BRCA1):c.3647T>A (p.Leu1216Ter)	672	BRCA1	Pathogenic	GRCh38	431249
single nucleotide variant	NM_007294.4(BRCA1):c.3637G>T (p.Glu1213Ter)	672	BRCA1	Pathogenic	GRCh38	431248
single nucleotide variant	NM_007294.4(BRCA1):c.2934T>A (p.Tyr978Ter)	672	BRCA1	Pathogenic	GRCh38	431234
single nucleotide variant	NM_007294.4(BRCA1):c.2255T>A (p.Leu752Ter)	672	BRCA1	Pathogenic	GRCh38	431225
single nucleotide variant	NM_007294.4(BRCA1):c.2038A>T (p.Lys680Ter)	672	BRCA1	Pathogenic	GRCh38	431222
single nucleotide variant	NM_007294.4(BRCA1):c.886A>T (p.Arg296Ter)	672	BRCA1	Pathogenic	GRCh38	431203
single nucleotide variant	NM_007294.4(BRCA1):c.800C>A (p.Ser267Ter)	672	BRCA1	Pathogenic	GRCh38	431201
single nucleotide variant	NM_007294.4(BRCA1):c.3G>A (p.Met1Ile)	672	BRCA1	Pathogenic/Likely pathogenic	GRCh38	431194
single nucleotide variant	NM_007294.4(BRCA1):c.5557T>A (p.Tyr1853Asn)	672	BRCA1	Likely pathogenic	GRCh38	433738
single nucleotide variant	NM_007294.4(BRCA1):c.5380G>T (p.Glu1794Ter)	672	BRCA1	Pathogenic	GRCh38	433733
single nucleotide variant	NM_007294.4(BRCA1):c.5251C>G (p.Arg1751Gly)	672	BRCA1	Likely pathogenic	GRCh38	433728
single nucleotide variant	NM_007294.4(BRCA1):c.5060T>G (p.Val1687Gly)	672	BRCA1	Likely pathogenic	GRCh38	433721
single nucleotide variant	NM_007294.4(BRCA1):c.4666C>T (p.Gln1556Ter)	672	BRCA1	Pathogenic	GRCh38	433717
single nucleotide variant	NM_007294.4(BRCA1):c.4485-2A>T	672	BRCA1	Likely pathogenic	GRCh38	433715
single nucleotide variant	NM_007294.4(BRCA1):c.5282T>G (p.Phe1761Cys)	672	BRCA1	Likely pathogenic	GRCh38	440481
single nucleotide variant	NM_007294.4(BRCA1):c.4508C>G (p.Ser1503Ter)	672	BRCA1	Pathogenic	GRCh38	440476
single nucleotide variant	NM_007294.4(BRCA1):c.2809A>T (p.Lys937Ter)	672	BRCA1	Pathogenic	GRCh38	438921
single nucleotide variant	NM_007294.4(BRCA1):c.4676-1G>C	672	BRCA1	Likely pathogenic	GRCh38	441389
single nucleotide variant	NM_007294.4(BRCA1):c.4088C>A (p.Ser1363Ter)	672	BRCA1	Pathogenic	GRCh38	441374
single nucleotide variant	NM_007294.4(BRCA1):c.3196G>T (p.Glu1066Ter)	672	BRCA1	Pathogenic	GRCh38	441438
single nucleotide variant	NM_007294.4(BRCA1):c.5333-2A>G	672	BRCA1	Pathogenic/Likely pathogenic	GRCh38	449937
single nucleotide variant	NM_007294.4(BRCA1):c.5277+1G>T	672	BRCA1	Pathogenic	GRCh38	462668
single nucleotide variant	NM_007294.4(BRCA1):c.547+1G>C	672	BRCA1	Pathogenic/Likely pathogenic	GRCh38	462674
single nucleotide variant	NM_007294.4(BRCA1):c.5339T>A (p.Leu1780Gln)	672	BRCA1	Likely pathogenic	GRCh38	462670
single nucleotide variant	NM_007294.4(BRCA1):c.97G>T (p.Glu33Ter)	672	BRCA1	Pathogenic	GRCh38	462693
single nucleotide variant	NM_007294.4(BRCA1):c.191G>C (p.Cys64Ser)	672	BRCA1	Pathogenic/Likely pathogenic	GRCh38	462571
single nucleotide variant	NM_007294.4(BRCA1):c.5215G>C (p.Asp1739His)	672	BRCA1	Likely pathogenic	GRCh38	481487
single nucleotide variant	NM_007294.4(BRCA1):c.4987-1G>C	672	BRCA1	Pathogenic	GRCh38	481445
single nucleotide variant	NM_007294.4(BRCA1):c.5156T>G (p.Val1719Gly)	672	BRCA1	Likely pathogenic	GRCh38	482950
single nucleotide variant	NM_007294.4(BRCA1):c.1154G>A (p.Trp385Ter)	672	BRCA1	Pathogenic	GRCh38	479259
single nucleotide variant	NM_007294.4(BRCA1):c.1162A>T (p.Arg388Ter)	672	BRCA1	Pathogenic	GRCh38	482924
single nucleotide variant	NM_007294.4(BRCA1):c.80G>T (p.Cys27Phe)	672	BRCA1	Likely pathogenic	GRCh38	481469
single nucleotide variant	NM_007294.4(BRCA1):c.117T>A (p.Cys39Ter)	672	BRCA1	Pathogenic	GRCh38	479243
single nucleotide variant	NM_007294.4(BRCA1):c.2488A>T (p.Lys830Ter)	672	BRCA1	Pathogenic	GRCh38	481451
single nucleotide variant	NM_007294.4(BRCA1):c.441+2T>C	672	BRCA1	Pathogenic/Likely pathogenic	GRCh38	481461
single nucleotide variant	NM_007294.4(BRCA1):c.80+5G>T	672	BRCA1	Pathogenic/Likely pathogenic	GRCh38	479218
single nucleotide variant	NM_007294.4(BRCA1):c.4888G>T (p.Glu1630Ter)	672	BRCA1	Pathogenic	GRCh38	487415
single nucleotide variant	NM_007294.4(BRCA1):c.2351C>A (p.Ser784Ter)	672	BRCA1	Pathogenic/Likely pathogenic	GRCh38	487430
single nucleotide variant	NM_007294.4(BRCA1):c.5390C>A (p.Ser1797Ter)	672	BRCA1	Pathogenic	GRCh38	491173
single nucleotide variant	NM_007294.4(BRCA1):c.5152+2T>C	672	BRCA1	Pathogenic/Likely pathogenic	GRCh38	491096
single nucleotide variant	NM_007294.4(BRCA1):c.688G>T (p.Glu230Ter)	672	BRCA1	Pathogenic/Likely pathogenic	GRCh38	491185
single nucleotide variant	NM_007294.4(BRCA1):c.3253A>T (p.Arg1085Ter)	672	BRCA1	Pathogenic	GRCh38	491060
single nucleotide variant	NM_007294.4(BRCA1):c.3535A>T (p.Lys1179Ter)	672	BRCA1	Pathogenic	GRCh38	495091
single nucleotide variant	NM_007294.4(BRCA1):c.2709T>A (p.Cys903Ter)	672	BRCA1	Pathogenic	GRCh38	495221
single nucleotide variant	NM_007294.4(BRCA1):c.5056C>T (p.His1686Tyr)	672	BRCA1	Likely pathogenic	GRCh38	531444
single nucleotide variant	NM_007294.4(BRCA1):c.3800T>G (p.Leu1267Ter)	672	BRCA1	Pathogenic	GRCh38	531441
single nucleotide variant	NM_007294.4(BRCA1):c.53T>G (p.Met18Arg)	672	BRCA1	Likely pathogenic	GRCh38	531241
single nucleotide variant	NM_007294.4(BRCA1):c.5236C>G (p.His1746Asp)	672	BRCA1	Likely pathogenic	GRCh38	531399
single nucleotide variant	NM_007294.4(BRCA1):c.4676-2A>C	672	BRCA1	Likely pathogenic	GRCh38	531345
single nucleotide variant	NM_007294.4(BRCA1):c.4039A>T (p.Arg1347Ter)	672	BRCA1	Pathogenic	GRCh38	531295
single nucleotide variant	NM_007294.4(BRCA1):c.5363G>C (p.Gly1788Ala)	672	BRCA1	Likely pathogenic	GRCh38	531438
single nucleotide variant	NM_007294.4(BRCA1):c.134+3A>T	672	BRCA1	Likely pathogenic	GRCh38	531302
single nucleotide variant	NM_007294.4(BRCA1):c.2875A>T (p.Arg959Ter)	672	BRCA1	Pathogenic	GRCh38	545978
single nucleotide variant	NM_007294.4(BRCA1):c.1885A>T (p.Arg629Ter)	672	BRCA1	Pathogenic	GRCh38	548273
single nucleotide variant	NM_007294.4(BRCA1):c.4484+2T>C	672	BRCA1	Pathogenic	GRCh38	559970
single nucleotide variant	NM_007294.4(BRCA1):c.5176A>T (p.Arg1726Ter)	672	BRCA1	Pathogenic	GRCh38	570048
single nucleotide variant	NM_007294.4(BRCA1):c.121C>T (p.His41Tyr)	672	BRCA1	Pathogenic/Likely pathogenic	GRCh38	580736
single nucleotide variant	NM_007294.4(BRCA1):c.520C>T (p.Gln174Ter)	672	BRCA1	Pathogenic	GRCh38	575899
single nucleotide variant	NM_007294.4(BRCA1):c.4485-2A>C	672	BRCA1	Pathogenic/Likely pathogenic	GRCh38	567954
single nucleotide variant	NM_007294.4(BRCA1):c.5073A>T (p.Thr1691=)	672	BRCA1	Pathogenic	GRCh38	599302
single nucleotide variant	NM_007294.4(BRCA1):c.5152+2T>G	672	BRCA1	Pathogenic	GRCh38	617736
single nucleotide variant	NM_007294.4(BRCA1):c.5152T>G (p.Trp1718Gly)	672	BRCA1	Likely pathogenic	GRCh38	627968
single nucleotide variant	NM_007294.4(BRCA1):c.5140G>T (p.Val1714Phe)	672	BRCA1	Likely pathogenic	GRCh38	631061
single nucleotide variant	NM_007294.4(BRCA1):c.346G>T (p.Glu116Ter)	672	BRCA1	Pathogenic	GRCh38	634735
single nucleotide variant	NM_007294.4(BRCA1):c.5360G>A (p.Cys1787Tyr)	672	BRCA1	Likely pathogenic	GRCh38	662455
single nucleotide variant	NM_007294.4(BRCA1):c.4942A>T (p.Lys1648Ter)	672	BRCA1	Pathogenic	GRCh38	650624
single nucleotide variant	NM_007294.4(BRCA1):c.139T>C (p.Cys47Arg)	672	BRCA1	Pathogenic/Likely pathogenic	GRCh38	651975
single nucleotide variant	NM_007294.4(BRCA1):c.132C>G (p.Cys44Trp)	672	BRCA1	Likely pathogenic	GRCh38	647970
single nucleotide variant	NM_007294.4(BRCA1):c.72T>G (p.Cys24Trp)	672	BRCA1	Pathogenic	GRCh38	652430
single nucleotide variant	NM_007294.4(BRCA1):c.70T>G (p.Cys24Gly)	672	BRCA1	Pathogenic/Likely pathogenic	GRCh38	649351
single nucleotide variant	NM_007294.4(BRCA1):c.70T>A (p.Cys24Ser)	672	BRCA1	Likely pathogenic	GRCh38	638952
single nucleotide variant	NM_007294.4(BRCA1):c.213-2A>T	672	BRCA1	Pathogenic	GRCh38	662713
single nucleotide variant	NM_007294.4(BRCA1):c.5074+2T>A	672	BRCA1	Pathogenic	GRCh38	644935
single nucleotide variant	NM_007294.4(BRCA1):c.4224G>C (p.Gln1408His)	672	BRCA1	Likely pathogenic	GRCh38	694279
single nucleotide variant	NM_007294.4(BRCA1):c.5257A>G (p.Arg1753Gly)	672	BRCA1	Likely pathogenic	GRCh38	801086
single nucleotide variant	NM_007294.4(BRCA1):c.2T>A (p.Met1Lys)	672	BRCA1	Pathogenic	GRCh38	801069
single nucleotide variant	NM_007294.4(BRCA1):c.958A>T (p.Arg320Ter)	672	BRCA1	Pathogenic	GRCh38	803418
single nucleotide variant	NM_007294.4(BRCA1):c.5426T>A (p.Val1809Asp)	672	BRCA1	Likely pathogenic	GRCh38	825725
single nucleotide variant	NM_007294.4(BRCA1):c.3782T>A (p.Leu1261Ter)	672	BRCA1	Pathogenic	GRCh38	824201
single nucleotide variant	NM_007294.4(BRCA1):c.2839A>T (p.Lys947Ter)	672	BRCA1	Pathogenic	GRCh38	821794
single nucleotide variant	NM_007294.4(BRCA1):c.2415T>A (p.Cys805Ter)	672	BRCA1	Pathogenic	GRCh38	821145
single nucleotide variant	NM_007294.4(BRCA1):c.2029G>T (p.Gly677Ter)	672	BRCA1	Pathogenic	GRCh38	820554
single nucleotide variant	NM_007294.4(BRCA1):c.1965C>G (p.Tyr655Ter)	672	BRCA1	Pathogenic	GRCh38	820435
single nucleotide variant	NM_007294.4(BRCA1):c.80G>A (p.Cys27Tyr)	672	BRCA1	Likely pathogenic	GRCh38	827453
single nucleotide variant	NM_007294.4(BRCA1):c.5509T>A (p.Trp1837Arg)	672	BRCA1	Pathogenic/Likely pathogenic	GRCh38	853483
single nucleotide variant	NM_007294.4(BRCA1):c.5227G>T (p.Gly1743Ter)	672	BRCA1	Pathogenic	GRCh38	848155
single nucleotide variant	NM_007294.4(BRCA1):c.5213G>T (p.Gly1738Val)	672	BRCA1	Pathogenic	GRCh38	845528
single nucleotide variant	NM_007294.4(BRCA1):c.3686T>A (p.Leu1229Ter)	672	BRCA1	Pathogenic	GRCh38	843569
single nucleotide variant	NM_007294.4(BRCA1):c.2498T>A (p.Leu833Ter)	672	BRCA1	Pathogenic	GRCh38	838543
single nucleotide variant	NM_007294.4(BRCA1):c.1568T>A (p.Leu523Ter)	672	BRCA1	Pathogenic	GRCh38	847303
single nucleotide variant	NM_007294.4(BRCA1):c.1069A>T (p.Lys357Ter)	672	BRCA1	Pathogenic	GRCh38	848630
single nucleotide variant	NM_007294.4(BRCA1):c.778A>T (p.Lys260Ter)	672	BRCA1	Pathogenic	GRCh38	850337
single nucleotide variant	NM_007294.4(BRCA1):c.212+3A>T	672	BRCA1	Likely pathogenic	GRCh38	842403
single nucleotide variant	NM_007294.4(BRCA1):c.5558A>C (p.Tyr1853Ser)	672	BRCA1	Likely pathogenic	GRCh38	865016
single nucleotide variant	NM_007294.4(BRCA1):c.5557T>C (p.Tyr1853His)	672	BRCA1	Likely pathogenic	GRCh38	865014
single nucleotide variant	NM_007294.4(BRCA1):c.5545G>T (p.Glu1849Ter)	672	BRCA1	Likely pathogenic	GRCh38	869030
single nucleotide variant	NM_007294.4(BRCA1):c.5523T>G (p.Ser1841Arg)	672	BRCA1	Pathogenic	GRCh38	869006
single nucleotide variant	NM_007294.4(BRCA1):c.5522G>T (p.Ser1841Ile)	672	BRCA1	Likely pathogenic	GRCh38	869004
single nucleotide variant	NM_007294.4(BRCA1):c.5488G>T (p.Ala1830Ser)	672	BRCA1	Likely pathogenic	GRCh38	864931
single nucleotide variant	NM_007294.4(BRCA1):c.5484T>A (p.Cys1828Ter)	672	BRCA1	Pathogenic	GRCh38	868580
single nucleotide variant	NM_007294.4(BRCA1):c.5476C>T (p.Gln1826Ter)	672	BRCA1	Pathogenic	GRCh38	868969
single nucleotide variant	NM_007294.4(BRCA1):c.5467G>T (p.Ala1823Ser)	672	BRCA1	Pathogenic	GRCh38	868922
single nucleotide variant	NM_007294.4(BRCA1):c.5467G>C (p.Ala1823Pro)	672	BRCA1	Likely pathogenic	GRCh38	868921
single nucleotide variant	NM_007294.4(BRCA1):c.5432A>C (p.Gln1811Pro)	672	BRCA1	Likely pathogenic	GRCh38	868483
single nucleotide variant	NM_007294.4(BRCA1):c.5387C>G (p.Ser1796Ter)	672	BRCA1	Pathogenic	GRCh38	868408
single nucleotide variant	NM_007294.4(BRCA1):c.5366C>T (p.Ala1789Val)	672	BRCA1	Likely pathogenic	GRCh38	865385
single nucleotide variant	NM_007294.4(BRCA1):c.5366C>A (p.Ala1789Asp)	672	BRCA1	Likely pathogenic	GRCh38	868380
single nucleotide variant	NM_007294.4(BRCA1):c.5362G>A (p.Gly1788Ser)	672	BRCA1	Likely pathogenic	GRCh38	868033
single nucleotide variant	NM_007294.4(BRCA1):c.5351T>A (p.Val1784Glu)	672	BRCA1	Likely pathogenic	GRCh38	868026
single nucleotide variant	NM_007294.4(BRCA1):c.5323A>G (p.Met1775Val)	672	BRCA1	Likely pathogenic	GRCh38	868306
single nucleotide variant	NM_007294.4(BRCA1):c.5297T>C (p.Ile1766Thr)	672	BRCA1	Likely pathogenic	GRCh38	867965
single nucleotide variant	NM_007294.4(BRCA1):c.5259A>C (p.Arg1753Ser)	672	BRCA1	Pathogenic	GRCh38	865211
single nucleotide variant	NM_007294.4(BRCA1):c.5258G>T (p.Arg1753Ile)	672	BRCA1	Likely pathogenic	GRCh38	865210
single nucleotide variant	NM_007294.4(BRCA1):c.5255C>A (p.Ala1752Glu)	672	BRCA1	Pathogenic	GRCh38	868230
single nucleotide variant	NM_007294.4(BRCA1):c.5248A>T (p.Lys1750Ter)	672	BRCA1	Pathogenic	GRCh38	865201
single nucleotide variant	NM_007294.4(BRCA1):c.5228G>A (p.Gly1743Glu)	672	BRCA1	Likely pathogenic	GRCh38	867253
single nucleotide variant	NM_007294.4(BRCA1):c.5212G>C (p.Gly1738Arg)	672	BRCA1	Pathogenic	GRCh38	865165
single nucleotide variant	NM_007294.4(BRCA1):c.5206G>T (p.Val1736Phe)	672	BRCA1	Likely pathogenic	GRCh38	867843
single nucleotide variant	NM_007294.4(BRCA1):c.5154G>C (p.Trp1718Cys)	672	BRCA1	Pathogenic	GRCh38	865068
single nucleotide variant	NM_007294.4(BRCA1):c.5138T>G (p.Val1713Gly)	672	BRCA1	Pathogenic	GRCh38	868702
single nucleotide variant	NM_007294.4(BRCA1):c.5137G>T (p.Val1713Leu)	672	BRCA1	Likely pathogenic	GRCh38	868700
single nucleotide variant	NM_007294.4(BRCA1):c.5134T>G (p.Trp1712Gly)	672	BRCA1	Likely pathogenic	GRCh38	867686
single nucleotide variant	NM_007294.4(BRCA1):c.5131A>G (p.Lys1711Glu)	672	BRCA1	Likely pathogenic	GRCh38	864993
single nucleotide variant	NM_007294.4(BRCA1):c.5117G>T (p.Gly1706Val)	672	BRCA1	Likely pathogenic	GRCh38	868673
single nucleotide variant	NM_007294.4(BRCA1):c.5116G>T (p.Gly1706Ter)	672	BRCA1	Pathogenic	GRCh38	868672
single nucleotide variant	NM_007294.4(BRCA1):c.5106A>T (p.Lys1702Asn)	672	BRCA1	Likely pathogenic	GRCh38	868654
single nucleotide variant	NM_007294.4(BRCA1):c.5104A>C (p.Lys1702Gln)	672	BRCA1	Likely pathogenic	GRCh38	867649
single nucleotide variant	NM_007294.4(BRCA1):c.5092G>T (p.Glu1698Ter)	672	BRCA1	Likely pathogenic	GRCh38	868632
single nucleotide variant	NM_007294.4(BRCA1):c.5090G>T (p.Cys1697Phe)	672	BRCA1	Likely pathogenic	GRCh38	867631
single nucleotide variant	NM_007294.4(BRCA1):c.5083T>G (p.Phe1695Val)	672	BRCA1	Pathogenic	GRCh38	869009
single nucleotide variant	NM_007294.4(BRCA1):c.5066T>A (p.Met1689Lys)	672	BRCA1	Likely pathogenic	GRCh38	864899
single nucleotide variant	NM_007294.4(BRCA1):c.5062G>T (p.Val1688Phe)	672	BRCA1	Likely pathogenic	GRCh38	868976
single nucleotide variant	NM_007294.4(BRCA1):c.5056C>G (p.His1686Asp)	672	BRCA1	Likely pathogenic	GRCh38	867583
single nucleotide variant	NM_007294.4(BRCA1):c.4998C>G (p.Tyr1666Ter)	672	BRCA1	Pathogenic	GRCh38	868100
single nucleotide variant	NM_007294.4(BRCA1):c.4988T>G (p.Met1663Arg)	672	BRCA1	Likely pathogenic	GRCh38	868096
single nucleotide variant	NM_007294.4(BRCA1):c.4958T>A (p.Val1653Glu)	672	BRCA1	Likely pathogenic	GRCh38	868875
single nucleotide variant	NM_007294.4(BRCA1):c.4945A>T (p.Arg1649Ter)	672	BRCA1	Pathogenic	GRCh38	868864
single nucleotide variant	NM_007294.4(BRCA1):c.4925C>A (p.Ser1642Ter)	672	BRCA1	Pathogenic	GRCh38	868851
single nucleotide variant	NM_007294.4(BRCA1):c.4912G>T (p.Glu1638Ter)	672	BRCA1	Pathogenic	GRCh38	868400
single nucleotide variant	NM_007294.4(BRCA1):c.298G>T (p.Glu100Ter)	672	BRCA1	Likely pathogenic	GRCh38	868366
single nucleotide variant	NM_007294.4(BRCA1):c.287A>T (p.Asp96Val)	672	BRCA1	Pathogenic/Likely pathogenic	GRCh38	868827
single nucleotide variant	NM_007294.4(BRCA1):c.287A>C (p.Asp96Ala)	672	BRCA1	Likely pathogenic	GRCh38	868826
single nucleotide variant	NM_007294.4(BRCA1):c.284T>C (p.Leu95Pro)	672	BRCA1	Likely pathogenic	GRCh38	868350
single nucleotide variant	NM_007294.4(BRCA1):c.273T>A (p.Cys91Ter)	672	BRCA1	Pathogenic	GRCh38	868339
single nucleotide variant	NM_007294.4(BRCA1):c.223G>T (p.Glu75Ter)	672	BRCA1	Pathogenic	GRCh38	867358
single nucleotide variant	NM_007294.4(BRCA1):c.211A>T (p.Arg71Trp)	672	BRCA1	Likely pathogenic	GRCh38	867340
single nucleotide variant	NM_007294.4(BRCA1):c.190T>A (p.Cys64Ser)	672	BRCA1	Likely pathogenic	GRCh38	867317
single nucleotide variant	NM_007294.4(BRCA1):c.166A>T (p.Lys56Ter)	672	BRCA1	Pathogenic	GRCh38	867295
single nucleotide variant	NM_007294.4(BRCA1):c.131G>C (p.Cys44Ser)	672	BRCA1	Pathogenic	GRCh38	868170
single nucleotide variant	NM_007294.4(BRCA1):c.121C>G (p.His41Asp)	672	BRCA1	Likely pathogenic	GRCh38	868161
single nucleotide variant	NM_007294.4(BRCA1):c.109A>G (p.Thr37Ala)	672	BRCA1	Likely pathogenic	GRCh38	868146
single nucleotide variant	NM_007294.4(BRCA1):c.104T>C (p.Val35Ala)	672	BRCA1	Likely pathogenic	GRCh38	867804
single nucleotide variant	NM_007294.4(BRCA1):c.101C>G (p.Pro34Arg)	672	BRCA1	Likely pathogenic	GRCh38	867486
single nucleotide variant	NM_007294.4(BRCA1):c.94A>T (p.Lys32Ter)	672	BRCA1	Pathogenic	GRCh38	867794
single nucleotide variant	NM_007294.4(BRCA1):c.81T>G (p.Cys27Trp)	672	BRCA1	Likely pathogenic	GRCh38	867463
single nucleotide variant	NM_007294.4(BRCA1):c.79T>G (p.Cys27Gly)	672	BRCA1	Likely pathogenic	GRCh38	867751
single nucleotide variant	NM_007294.4(BRCA1):c.79T>C (p.Cys27Arg)	672	BRCA1	Likely pathogenic	GRCh38	867750
single nucleotide variant	NM_007294.4(BRCA1):c.72T>A (p.Cys24Ter)	672	BRCA1	Pathogenic/Likely pathogenic	GRCh38	868782
single nucleotide variant	NM_007294.4(BRCA1):c.71G>C (p.Cys24Ser)	672	BRCA1	Likely pathogenic	GRCh38	868780
single nucleotide variant	NM_007294.4(BRCA1):c.67G>T (p.Glu23Ter)	672	BRCA1	Pathogenic	GRCh38	868753
single nucleotide variant	NM_007294.4(BRCA1):c.65T>G (p.Leu22Ter)	672	BRCA1	Pathogenic	GRCh38	867737
single nucleotide variant	NM_007294.4(BRCA1):c.56A>C (p.Gln19Pro)	672	BRCA1	Likely pathogenic	GRCh38	867727
single nucleotide variant	NM_007294.4(BRCA1):c.25G>T (p.Glu9Ter)	672	BRCA1	Likely pathogenic	GRCh38	868705
single nucleotide variant	NM_007294.4(BRCA1):c.5468-9T>A	672	BRCA1	Likely pathogenic	GRCh38	864905
single nucleotide variant	NM_007294.4(BRCA1):c.5467+2T>A	672	BRCA1	Pathogenic	GRCh38	868925
single nucleotide variant	NM_007294.4(BRCA1):c.5406+2T>G	672	BRCA1	Likely pathogenic	GRCh38	868431
single nucleotide variant	NM_007294.4(BRCA1):c.5406+2T>A	672	BRCA1	Pathogenic	GRCh38	868429
single nucleotide variant	NM_007294.4(BRCA1):c.5406+1G>T	672	BRCA1	Pathogenic	GRCh38	868428
single nucleotide variant	NM_007294.4(BRCA1):c.5406+1G>C	672	BRCA1	Pathogenic	GRCh38	868427
single nucleotide variant	NM_007294.4(BRCA1):c.5332+3A>C	672	BRCA1	Pathogenic	GRCh38	868308
single nucleotide variant	NM_007294.4(BRCA1):c.5278-2A>C	672	BRCA1	Pathogenic/Likely pathogenic	GRCh38	868283
single nucleotide variant	NM_007294.4(BRCA1):c.5277+2T>G	672	BRCA1	Pathogenic/Likely pathogenic	GRCh38	865231
single nucleotide variant	NM_007294.4(BRCA1):c.5194-2A>T	672	BRCA1	Pathogenic	GRCh38	865149
single nucleotide variant	NM_007294.4(BRCA1):c.5153-2A>C	672	BRCA1	Pathogenic	GRCh38	868759
single nucleotide variant	NM_007294.4(BRCA1):c.5152+5G>T	672	BRCA1	Likely pathogenic	GRCh38	867708
single nucleotide variant	NM_007294.4(BRCA1):c.5074+3A>T	672	BRCA1	Likely pathogenic	GRCh38	867602
single nucleotide variant	NM_007294.4(BRCA1):c.4987-7A>G	672	BRCA1	Likely pathogenic	GRCh38	868490
single nucleotide variant	NM_007294.4(BRCA1):c.4986+3G>T	672	BRCA1	Likely pathogenic	GRCh38	868482
single nucleotide variant	NM_007294.4(BRCA1):c.4986+2T>A	672	BRCA1	Pathogenic	GRCh38	868086
single nucleotide variant	NM_007294.4(BRCA1):c.134+2T>A	672	BRCA1	Pathogenic	GRCh38	867519
single nucleotide variant	NM_007294.4(BRCA1):c.81-1G>T	672	BRCA1	Pathogenic	GRCh38	867461
single nucleotide variant	NM_007294.4(BRCA1):c.80+3A>C	672	BRCA1	Pathogenic	GRCh38	865069
single nucleotide variant	NM_007294.4(BRCA1):c.80+2T>C	672	BRCA1	Pathogenic	GRCh38	868761
single nucleotide variant	NM_007294.4(BRCA1):c.4756G>T (p.Glu1586Ter)	672	BRCA1	Pathogenic	GRCh38	919813
single nucleotide variant	NM_007294.4(BRCA1):c.4539C>A (p.Cys1513Ter)	672	BRCA1	Pathogenic	GRCh38	924702
single nucleotide variant	NM_007294.4(BRCA1):c.3205C>T (p.Gln1069Ter)	672	BRCA1	Pathogenic	GRCh38	923489
single nucleotide variant	NM_007294.4(BRCA1):c.2260G>T (p.Gly754Ter)	672	BRCA1	Pathogenic	GRCh38	919467
single nucleotide variant	NM_007294.4(BRCA1):c.1348A>T (p.Lys450Ter)	672	BRCA1	Pathogenic	GRCh38	924799
single nucleotide variant	NM_007294.4(BRCA1):c.4185+1G>C	672	BRCA1	Likely pathogenic	GRCh38	928510
single nucleotide variant	NM_007294.4(BRCA1):c.4606G>T (p.Glu1536Ter)	672	BRCA1	Pathogenic	GRCh38	935901
single nucleotide variant	NM_007294.4(BRCA1):c.3020C>A (p.Ser1007Ter)	672	BRCA1	Pathogenic	GRCh38	955754
single nucleotide variant	NM_007294.4(BRCA1):c.328A>T (p.Lys110Ter)	672	BRCA1	Pathogenic	GRCh38	963052
single nucleotide variant	NM_007294.4(BRCA1):c.3211G>T (p.Glu1071Ter)	672	BRCA1	Pathogenic	GRCh38	971124
single nucleotide variant	NM_007294.4(BRCA1):c.3037G>T (p.Glu1013Ter)	672	BRCA1	Pathogenic	GRCh38	986981
single nucleotide variant	NM_007294.4(BRCA1):c.4484+2T>G	672	BRCA1	Pathogenic	GRCh38	993049
single nucleotide variant	NM_007294.4(BRCA1):c.4019T>A (p.Leu1340Ter)	672	BRCA1	Pathogenic/Likely pathogenic	GRCh38	993165
single nucleotide variant	NM_007294.4(BRCA1):c.2921T>G (p.Leu974Ter)	672	BRCA1	Likely pathogenic	GRCh38	993201
single nucleotide variant	NM_007294.4(BRCA1):c.2827A>T (p.Lys943Ter)	672	BRCA1	Pathogenic	GRCh38	1049514
single nucleotide variant	NM_007294.4(BRCA1):c.1603G>T (p.Gly535Ter)	672	BRCA1	Pathogenic	GRCh38	1049776
single nucleotide variant	NM_007294.4(BRCA1):c.709G>T (p.Glu237Ter)	672	BRCA1	Pathogenic	GRCh38	1050371
single nucleotide variant	NM_007294.4(BRCA1):c.4357+2T>A	672	BRCA1	Pathogenic	GRCh38	1076429
single nucleotide variant	NM_007294.4(BRCA1):c.3381T>A (p.Tyr1127Ter)	672	BRCA1	Pathogenic	GRCh38	1071282
single nucleotide variant	NM_007294.4(BRCA1):c.2500G>T (p.Gly834Ter)	672	BRCA1	Pathogenic	GRCh38	1076402
single nucleotide variant	NM_007294.4(BRCA1):c.1009G>T (p.Glu337Ter)	672	BRCA1	Pathogenic	GRCh38	1074684
single nucleotide variant	NM_007294.4(BRCA1):c.1395T>G (p.Tyr465Ter)	672	BRCA1	Pathogenic/Likely pathogenic	GRCh38	1203083
single nucleotide variant	NM_007294.4(BRCA1):c.1369G>T (p.Glu457Ter)	672	BRCA1	Pathogenic	GRCh38	1255798
single nucleotide variant	NM_007294.4(BRCA1):c.1507A>T (p.Lys503Ter)	672	BRCA1	Pathogenic	GRCh38	4625641
single nucleotide variant	NM_007294.4(BRCA1):c.2008G>T (p.Glu670Ter)	672	BRCA1	Pathogenic	GRCh38	1255800
single nucleotide variant	NM_007294.4(BRCA1):c.2206G>T (p.Glu736Ter)	672	BRCA1	Pathogenic	GRCh38	2682150
single nucleotide variant	NM_007294.4(BRCA1):c.2281G>T (p.Glu761Ter)	672	BRCA1	Pathogenic	GRCh38	1788951
single nucleotide variant	NM_007294.4(BRCA1):c.3635C>A (p.Ser1212Ter)	672	BRCA1	Pathogenic	GRCh38	4689213
single nucleotide variant	NM_007294.4(BRCA1):c.4656C>A (p.Tyr1552Ter)	672	BRCA1	Pathogenic	GRCh38	2910428
single nucleotide variant	NM_007294.4(BRCA1):c.4185+2T>G	672	BRCA1	Pathogenic/Likely pathogenic	GRCh38	2152286
single nucleotide variant	NM_007294.4(BRCA1):c.4699G>T (p.Gly1567Ter)	672	BRCA1	Pathogenic	GRCh38	1285049
single nucleotide variant	NM_007294.4(BRCA1):c.315T>G (p.Tyr105Ter)	672	BRCA1	Likely pathogenic	GRCh38	1327150
single nucleotide variant	NM_007294.4(BRCA1):c.3136G>T (p.Glu1046Ter)	672	BRCA1	Pathogenic	GRCh38	1330044
single nucleotide variant	NM_007294.4(BRCA1):c.4987-1352A>G	672	BRCA1	Pathogenic	GRCh38	1383644
single nucleotide variant	NM_007294.4(BRCA1):c.3031G>T (p.Glu1011Ter)	672	BRCA1	Pathogenic	GRCh38	1452453
single nucleotide variant	NM_007294.4(BRCA1):c.3274G>T (p.Glu1092Ter)	672	BRCA1	Pathogenic	GRCh38	1452574
single nucleotide variant	NM_007294.4(BRCA1):c.1015A>T (p.Lys339Ter)	672	BRCA1	Likely pathogenic	GRCh38	2680230
single nucleotide variant	NM_007294.4(BRCA1):c.4588A>T (p.Lys1530Ter)	672	BRCA1	Pathogenic	GRCh38	1451288
single nucleotide variant	NM_007294.4(BRCA1):c.2233G>T (p.Glu745Ter)	672	BRCA1	Pathogenic	GRCh38	1434918
single nucleotide variant	NM_007294.4(BRCA1):c.-107A>T	672	BRCA1	Pathogenic	GRCh38	1685584
single nucleotide variant	NM_007294.4(BRCA1):c.1483G>T (p.Glu495Ter)	672	BRCA1	Pathogenic	GRCh38	1687137
single nucleotide variant	NM_007294.4(BRCA1):c.938T>G (p.Leu313Ter)	672	BRCA1	Pathogenic	GRCh38	1687139
single nucleotide variant	NM_007294.4(BRCA1):c.4987-16T>G	672	BRCA1	Likely pathogenic	GRCh38	1713197
single nucleotide variant	NM_007294.4(BRCA1):c.3235A>T (p.Lys1079Ter)	672	BRCA1	Pathogenic	GRCh38	1729232
single nucleotide variant	NM_007294.4(BRCA1):c.3550G>T (p.Gly1184Ter)	672	BRCA1	Pathogenic	GRCh38	1732595
single nucleotide variant	NM_007294.4(BRCA1):c.3900C>A (p.Cys1300Ter)	672	BRCA1	Pathogenic	GRCh38	1736019
single nucleotide variant	NM_007294.4(BRCA1):c.331G>T (p.Glu111Ter)	672	BRCA1	Pathogenic	GRCh38	1730189
single nucleotide variant	NM_007294.4(BRCA1):c.3844G>T (p.Glu1282Ter)	672	BRCA1	Pathogenic	GRCh38	1735457
single nucleotide variant	NM_007294.4(BRCA1):c.441+1G>C	672	BRCA1	Likely pathogenic	GRCh38	1740400
single nucleotide variant	NM_007294.4(BRCA1):c.4875T>G (p.Tyr1625Ter)	672	BRCA1	Pathogenic	GRCh38	1743748
single nucleotide variant	NM_007294.4(BRCA1):c.4825G>T (p.Glu1609Ter)	672	BRCA1	Pathogenic	GRCh38	1743383
single nucleotide variant	NM_007294.4(BRCA1):c.806T>A (p.Leu269Ter)	672	BRCA1	Pathogenic	GRCh38	1761872
single nucleotide variant	NM_007294.4(BRCA1):c.1312G>T (p.Glu438Ter)	672	BRCA1	Pathogenic/Likely pathogenic	GRCh38	1769706
single nucleotide variant	NM_007294.4(BRCA1):c.2341G>T (p.Glu781Ter)	672	BRCA1	Pathogenic	GRCh38	1789877
single nucleotide variant	NM_007294.4(BRCA1):c.2982T>A (p.Cys994Ter)	672	BRCA1	Pathogenic	GRCh38	1798415
single nucleotide variant	NM_007294.4(BRCA1):c.4579G>T (p.Glu1527Ter)	672	BRCA1	Pathogenic	GRCh38	1801551
single nucleotide variant	NM_007294.4(BRCA1):c.3873T>A (p.Cys1291Ter)	672	BRCA1	Pathogenic	GRCh38	1929513
single nucleotide variant	NM_007294.4(BRCA1):c.421G>T (p.Glu141Ter)	672	BRCA1	Pathogenic	GRCh38	2024556
single nucleotide variant	NM_007294.4(BRCA1):c.3220A>T (p.Arg1074Ter)	672	BRCA1	Pathogenic	GRCh38	2032848
single nucleotide variant	NM_007294.4(BRCA1):c.5498T>G (p.Val1833Gly)	672	BRCA1	Likely pathogenic	GRCh38	2135737
single nucleotide variant	NM_007294.4(BRCA1):c.1357G>T (p.Glu453Ter)	672	BRCA1	Pathogenic	GRCh38	2131509
single nucleotide variant	NM_007294.4(BRCA1):c.953A>T (p.His318Leu)	672	BRCA1	Likely pathogenic	GRCh38	2445397
single nucleotide variant	NM_007294.4(BRCA1):c.3689T>A (p.Leu1230Ter)	672	BRCA1	Pathogenic	GRCh38	2450679
single nucleotide variant	NM_007294.4(BRCA1):c.4012A>T (p.Lys1338Ter)	672	BRCA1	Pathogenic/Likely pathogenic	GRCh38	2450680
single nucleotide variant	NM_007294.4(BRCA1):c.2963C>G (p.Ser988Ter)	672	BRCA1	Pathogenic	GRCh38	2565331
single nucleotide variant	NM_007294.4(BRCA1):c.2646T>A (p.Cys882Ter)	672	BRCA1	Pathogenic	GRCh38	2573266
single nucleotide variant	NM_007294.4(BRCA1):c.4527C>G (p.Tyr1509Ter)	672	BRCA1	Pathogenic	GRCh38	2585829
single nucleotide variant	NM_007294.4(BRCA1):c.4511T>G (p.Leu1504Ter)	672	BRCA1	Likely pathogenic	GRCh38	2680220
single nucleotide variant	NM_007294.4(BRCA1):c.3343G>T (p.Glu1115Ter)	672	BRCA1	Likely pathogenic	GRCh38	2680235
single nucleotide variant	NM_007294.4(BRCA1):c.4321G>A (p.Asp1441Asn)	672	BRCA1	Likely pathogenic	GRCh38	2687847
single nucleotide variant	NM_007294.4(BRCA1):c.4336G>T (p.Glu1446Ter)	672	BRCA1	Pathogenic/Likely pathogenic	GRCh38	2691994
single nucleotide variant	NM_007294.4(BRCA1):c.4036G>T (p.Glu1346Ter)	672	BRCA1	Pathogenic	GRCh38	2774841
single nucleotide variant	NM_007294.4(BRCA1):c.2182A>T (p.Arg728Ter)	672	BRCA1	Pathogenic	GRCh38	2811747
single nucleotide variant	NM_007294.4(BRCA1):c.2312T>A (p.Leu771Ter)	672	BRCA1	Pathogenic	GRCh38	2826597
single nucleotide variant	NM_007294.4(BRCA1):c.1718C>G (p.Ser573Ter)	672	BRCA1	Pathogenic	GRCh38	2842766
single nucleotide variant	NM_007294.4(BRCA1):c.3760A>T (p.Lys1254Ter)	672	BRCA1	Pathogenic	GRCh38	2884071
single nucleotide variant	NM_007294.4(BRCA1):c.3013G>T (p.Glu1005Ter)	672	BRCA1	Pathogenic	GRCh38	2982228
single nucleotide variant	NM_007294.4(BRCA1):c.2131A>T (p.Lys711Ter)	672	BRCA1	Pathogenic/Likely pathogenic	GRCh38	3027457
single nucleotide variant	NM_007294.4(BRCA1):c.2626G>T (p.Gly876Ter)	672	BRCA1	Likely pathogenic	GRCh38	3075794
single nucleotide variant	NM_007294.4(BRCA1):c.3043G>T (p.Gly1015Ter)	672	BRCA1	Pathogenic	GRCh38	3226129
single nucleotide variant	NM_007294.4(BRCA1):c.2638G>T (p.Glu880Ter)	672	BRCA1	Pathogenic	GRCh38	3261455
single nucleotide variant	NM_007294.4(BRCA1):c.4459A>T (p.Lys1487Ter)	672	BRCA1	Pathogenic	GRCh38	3582082
single nucleotide variant	NM_007294.4(BRCA1):c.1501A>T (p.Lys501Ter)	672	BRCA1	Pathogenic	GRCh38	3646696
single nucleotide variant	NM_007294.4(BRCA1):c.2977A>T (p.Lys993Ter)	672	BRCA1	Pathogenic	GRCh38	3663152
single nucleotide variant	NM_007294.4(BRCA1):c.301+3A>C	672	BRCA1	Likely pathogenic	GRCh38	3725812
single nucleotide variant	NM_007294.4(BRCA1):c.315T>A (p.Tyr105Ter)	672	BRCA1	Pathogenic	GRCh38	3825315
single nucleotide variant	NM_007294.4(BRCA1):c.1753G>T (p.Glu585Ter)	672	BRCA1	Pathogenic	GRCh38	3893340
single nucleotide variant	NM_007294.4(BRCA1):c.1954A>T (p.Lys652Ter)	672	BRCA1	Pathogenic	GRCh38	3903711
single nucleotide variant	NM_007294.4(BRCA1):c.547+2T>G	672	BRCA1	Pathogenic	GRCh38	3904100
single nucleotide variant	NM_007294.4(BRCA1):c.3800T>A (p.Leu1267Ter)	672	BRCA1	Pathogenic	GRCh38	4071201
single nucleotide variant	NM_007294.4(BRCA1):c.1908T>A (p.Cys636Ter)	672	BRCA1	Pathogenic	GRCh38	4215072
single nucleotide variant	NM_007294.4(BRCA1):c.4675G>T (p.Glu1559Ter)	672	BRCA1	Pathogenic	GRCh38	4215086
single nucleotide variant	NM_007294.4(BRCA1):c.3994G>T (p.Gly1332Ter)	672	BRCA1	Pathogenic	GRCh38	4539187
single nucleotide variant	NM_007294.4(BRCA1):c.2704G>T (p.Glu902Ter)	672	BRCA1	Pathogenic	GRCh38	4625385
single nucleotide variant	NM_007294.4(BRCA1):c.1178T>G (p.Leu393Ter)	672	BRCA1	Pathogenic	GRCh38	4713082
single nucleotide variant	NM_007294.4(BRCA1):c.3461T>A (p.Leu1154Ter)	672	BRCA1	Pathogenic	GRCh38	4720000
single nucleotide variant	NM_007294.4(BRCA1):c.3282T>A (p.Tyr1094Ter)	672	BRCA1	Pathogenic	GRCh38	4795881
single nucleotide variant	NM_007294.4(BRCA1):c.3547A>T (p.Lys1183Ter)	672	BRCA1	Pathogenic	GRCh38	4851990
single nucleotide variant	NM_007294.4(BRCA1):c.2255T>G (p.Leu752Ter)	672	BRCA1	Pathogenic	GRCh38	4867744
