Type	Name	GeneID	GeneSymbol	ClinicalSignificance	Assembly	VariationID
single nucleotide variant	NM_033380.3(COL4A5):c.3428G>A (p.Gly1143Asp)	1287	COL4A5	Pathogenic	GRCh38	10458
single nucleotide variant	NM_033380.3(COL4A5):c.1561G>T (p.Gly521Cys)	1287	COL4A5	Pathogenic	GRCh38	10462
single nucleotide variant	NM_033380.3(COL4A5):c.974G>A (p.Gly325Glu)	1287	COL4A5	Pathogenic	GRCh38	10463
single nucleotide variant	NM_033380.3(COL4A5):c.161G>A (p.Gly54Asp)	1287	COL4A5	Pathogenic	GRCh38	10465
single nucleotide variant	NM_033380.3(COL4A5):c.4964T>G (p.Leu1655Arg)	1287	COL4A5	Pathogenic/Likely pathogenic	GRCh38	10466
single nucleotide variant	NM_033380.3(COL4A5):c.5048G>A (p.Arg1683Gln)	1287	COL4A5	Pathogenic/Likely pathogenic	GRCh38	10467
single nucleotide variant	NM_033380.3(COL4A5):c.81+1G>C	1287	COL4A5	Pathogenic	GRCh38	4292661
single nucleotide variant	NM_033380.3(COL4A5):c.1A>G (p.Met1Val)	1287	COL4A5	Pathogenic	GRCh38	24214
single nucleotide variant	NM_033380.3(COL4A5):c.90T>G (p.Tyr30Ter)	1287	COL4A5	Pathogenic	GRCh38	24239
single nucleotide variant	NM_033380.3(COL4A5):c.142G>A (p.Gly48Arg)	1287	COL4A5	Likely pathogenic	GRCh38	3254648
single nucleotide variant	NM_033380.3(COL4A5):c.231+1G>A	1287	COL4A5	Pathogenic	GRCh38	24248
single nucleotide variant	NM_033380.3(COL4A5):c.286G>A (p.Gly96Arg)	1287	COL4A5	Pathogenic	GRCh38	1458086
single nucleotide variant	NM_033380.3(COL4A5):c.385-1G>C	1287	COL4A5	Pathogenic	GRCh38	4056461
single nucleotide variant	NM_033380.3(COL4A5):c.385G>A (p.Gly129Arg)	1287	COL4A5	Pathogenic	GRCh38	24265
single nucleotide variant	NM_033380.3(COL4A5):c.386G>A (p.Gly129Glu)	1287	COL4A5	Likely pathogenic	GRCh38	4293984
single nucleotide variant	NM_033380.3(COL4A5):c.438+5G>A	1287	COL4A5	Likely pathogenic	GRCh38	2138681
single nucleotide variant	NM_033380.3(COL4A5):c.466-12G>A	1287	COL4A5	Likely pathogenic	GRCh38	24276
single nucleotide variant	NM_033380.3(COL4A5):c.529G>T (p.Gly177Cys)	1287	COL4A5	Pathogenic	GRCh38	1804616
single nucleotide variant	NM_033380.3(COL4A5):c.538G>A (p.Gly180Arg)	1287	COL4A5	Likely pathogenic	GRCh38	1804102
single nucleotide variant	NM_033380.3(COL4A5):c.546+1G>A	1287	COL4A5	Pathogenic/Likely pathogenic	GRCh38	2584372
single nucleotide variant	NM_033380.3(COL4A5):c.547-1G>A	1287	COL4A5	Pathogenic	GRCh38	2627802
single nucleotide variant	NM_033380.3(COL4A5):c.548G>T (p.Gly183Val)	1287	COL4A5	Likely pathogenic	GRCh38	3597862
single nucleotide variant	NM_033380.3(COL4A5):c.574G>A (p.Gly192Arg)	1287	COL4A5	Pathogenic/Likely pathogenic	GRCh38	24291
single nucleotide variant	NM_033380.3(COL4A5):c.584G>A (p.Gly195Asp)	1287	COL4A5	Pathogenic	GRCh38	24292
single nucleotide variant	NM_033380.3(COL4A5):c.609+1G>A	1287	COL4A5	Pathogenic	GRCh38	1804103
single nucleotide variant	NM_033380.3(COL4A5):c.611G>A (p.Gly204Asp)	1287	COL4A5	Pathogenic	GRCh38	24300
single nucleotide variant	NM_033380.3(COL4A5):c.638G>A (p.Gly213Glu)	1287	COL4A5	Likely pathogenic	GRCh38	2138685
single nucleotide variant	NM_033380.3(COL4A5):c.687+1G>A	1287	COL4A5	Pathogenic	GRCh38	24312
single nucleotide variant	NM_033380.3(COL4A5):c.688G>C (p.Gly230Arg)	1287	COL4A5	Pathogenic	GRCh38	3724379
single nucleotide variant	NM_033380.3(COL4A5):c.689G>A (p.Gly230Asp)	1287	COL4A5	Pathogenic	GRCh38	1443520
single nucleotide variant	NM_033380.3(COL4A5):c.716G>A (p.Gly239Glu)	1287	COL4A5	Likely pathogenic	GRCh38	2737327
single nucleotide variant	NM_033380.3(COL4A5):c.796C>T (p.Arg266Ter)	1287	COL4A5	Pathogenic	GRCh38	24325
single nucleotide variant	NM_033380.3(COL4A5):c.834+1G>A	1287	COL4A5	Pathogenic/Likely pathogenic	GRCh38	2138686
single nucleotide variant	NM_033380.3(COL4A5):c.866G>T (p.Gly289Val)	1287	COL4A5	Pathogenic	GRCh38	24330
single nucleotide variant	NM_033380.3(COL4A5):c.874G>C (p.Gly292Arg)	1287	COL4A5	Pathogenic	GRCh38	1460453
single nucleotide variant	NM_033380.3(COL4A5):c.884G>A (p.Gly295Asp)	1287	COL4A5	Pathogenic/Likely pathogenic	GRCh38	24336
single nucleotide variant	NM_033380.3(COL4A5):c.891+1G>A	1287	COL4A5	Pathogenic	GRCh38	2138687
single nucleotide variant	NM_033380.3(COL4A5):c.892-2A>G	1287	COL4A5	Pathogenic	GRCh38	2138688
single nucleotide variant	NM_033380.3(COL4A5):c.892-1G>C	1287	COL4A5	Pathogenic	GRCh38	4880481
single nucleotide variant	NM_033380.3(COL4A5):c.913G>T (p.Glu305Ter)	1287	COL4A5	Pathogenic	GRCh38	24341
single nucleotide variant	NM_033380.3(COL4A5):c.920G>A (p.Gly307Asp)	1287	COL4A5	Pathogenic/Likely pathogenic	GRCh38	24342
single nucleotide variant	NM_033380.3(COL4A5):c.928G>A (p.Gly310Arg)	1287	COL4A5	Likely pathogenic	GRCh38	2760638
single nucleotide variant	NM_033380.3(COL4A5):c.937-1G>A	1287	COL4A5	Likely pathogenic	GRCh38	4536381
single nucleotide variant	NM_033380.3(COL4A5):c.955G>C (p.Gly319Arg)	1287	COL4A5	Pathogenic	GRCh38	3724381
single nucleotide variant	NM_033380.3(COL4A5):c.956G>A (p.Gly319Asp)	1287	COL4A5	Likely pathogenic	GRCh38	24349
single nucleotide variant	NM_033380.3(COL4A5):c.973G>A (p.Gly325Arg)	1287	COL4A5	Pathogenic	GRCh38	24352
single nucleotide variant	NM_033380.3(COL4A5):c.992G>T (p.Gly331Val)	1287	COL4A5	Likely pathogenic	GRCh38	3597875
single nucleotide variant	NM_033380.3(COL4A5):c.1001G>T (p.Gly334Val)	1287	COL4A5	Pathogenic	GRCh38	24355
single nucleotide variant	NM_033380.3(COL4A5):c.1084G>A (p.Gly362Arg)	1287	COL4A5	Pathogenic	GRCh38	1807133
single nucleotide variant	NM_033380.3(COL4A5):c.1094G>A (p.Gly365Glu)	1287	COL4A5	Pathogenic/Likely pathogenic	GRCh38	24364
single nucleotide variant	NM_033380.3(COL4A5):c.1121G>C (p.Gly374Ala)	1287	COL4A5	Pathogenic	GRCh38	2737330
single nucleotide variant	NM_033380.3(COL4A5):c.1139G>A (p.Gly380Asp)	1287	COL4A5	Pathogenic	GRCh38	3373712
single nucleotide variant	NM_033380.3(COL4A5):c.1199G>A (p.Gly400Glu)	1287	COL4A5	Likely pathogenic	GRCh38	1333248
single nucleotide variant	NM_033380.3(COL4A5):c.1217G>T (p.Gly406Val)	1287	COL4A5	Pathogenic	GRCh38	24383
single nucleotide variant	NM_033380.3(COL4A5):c.1226G>A (p.Gly409Asp)	1287	COL4A5	Pathogenic	GRCh38	24386
single nucleotide variant	NM_033380.3(COL4A5):c.1259G>A (p.Gly420Glu)	1287	COL4A5	Pathogenic	GRCh38	4710862
single nucleotide variant	NM_033380.3(COL4A5):c.1276G>A (p.Gly426Arg)	1287	COL4A5	Pathogenic/Likely pathogenic	GRCh38	24393
single nucleotide variant	NM_033380.3(COL4A5):c.1286G>A (p.Gly429Glu)	1287	COL4A5	Pathogenic/Likely pathogenic	GRCh38	24395
single nucleotide variant	NM_033380.3(COL4A5):c.1294G>A (p.Gly432Arg)	1287	COL4A5	Pathogenic	GRCh38	24397
single nucleotide variant	NM_033380.3(COL4A5):c.1340-2A>G	1287	COL4A5	Pathogenic	GRCh38	2444109
single nucleotide variant	NM_033380.3(COL4A5):c.1397G>A (p.Gly466Glu)	1287	COL4A5	Likely pathogenic	GRCh38	24406
single nucleotide variant	NM_033380.3(COL4A5):c.1414G>A (p.Gly472Arg)	1287	COL4A5	Pathogenic	GRCh38	24408
single nucleotide variant	NM_033380.3(COL4A5):c.1423G>A (p.Gly475Ser)	1287	COL4A5	Pathogenic	GRCh38	24409
single nucleotide variant	NM_033380.3(COL4A5):c.1423+1G>A	1287	COL4A5	Pathogenic	GRCh38	2737333
single nucleotide variant	NM_033380.3(COL4A5):c.1424-20T>A	1287	COL4A5	Pathogenic/Likely pathogenic	GRCh38	24412
single nucleotide variant	NM_033380.3(COL4A5):c.1481G>A (p.Gly494Asp)	1287	COL4A5	Likely pathogenic	GRCh38	24416
single nucleotide variant	NM_033380.3(COL4A5):c.1498G>C (p.Gly500Arg)	1287	COL4A5	Pathogenic	GRCh38	24419
single nucleotide variant	NM_033380.3(COL4A5):c.1562G>A (p.Gly521Asp)	1287	COL4A5	Pathogenic	GRCh38	1457350
single nucleotide variant	NM_033380.3(COL4A5):c.1571G>A (p.Gly524Asp)	1287	COL4A5	Likely pathogenic	GRCh38	2737334
single nucleotide variant	NM_033380.3(COL4A5):c.1587+1G>A	1287	COL4A5	Pathogenic	GRCh38	1422502
single nucleotide variant	NM_033380.3(COL4A5):c.1607G>A (p.Gly536Asp)	1287	COL4A5	Pathogenic/Likely pathogenic	GRCh38	24429
single nucleotide variant	NM_033380.3(COL4A5):c.1643G>A (p.Gly548Asp)	1287	COL4A5	Pathogenic/Likely pathogenic	GRCh38	24432
single nucleotide variant	NM_033380.3(COL4A5):c.1672G>C (p.Gly558Arg)	1287	COL4A5	Likely pathogenic	GRCh38	3766541
single nucleotide variant	NM_033380.3(COL4A5):c.1681G>A (p.Gly561Arg)	1287	COL4A5	Pathogenic/Likely pathogenic	GRCh38	1520175
single nucleotide variant	NM_033380.3(COL4A5):c.1690G>T (p.Gly564Cys)	1287	COL4A5	Pathogenic/Likely pathogenic	GRCh38	24436
single nucleotide variant	NM_033380.3(COL4A5):c.1718G>A (p.Gly573Asp)	1287	COL4A5	Pathogenic	GRCh38	2737335
single nucleotide variant	NM_033380.3(COL4A5):c.1726G>A (p.Gly576Ser)	1287	COL4A5	Likely pathogenic	GRCh38	3597904
single nucleotide variant	NM_033380.3(COL4A5):c.1735G>A (p.Gly579Arg)	1287	COL4A5	Pathogenic	GRCh38	1391700
single nucleotide variant	NM_033380.3(COL4A5):c.1736G>A (p.Gly579Glu)	1287	COL4A5	Likely pathogenic	GRCh38	2439396
single nucleotide variant	NM_033380.3(COL4A5):c.1738C>T (p.Gln580Ter)	1287	COL4A5	Pathogenic	GRCh38	24442
single nucleotide variant	NM_033380.3(COL4A5):c.1780G>A (p.Gly594Ser)	1287	COL4A5	Pathogenic/Likely pathogenic	GRCh38	3597905
single nucleotide variant	NM_033380.3(COL4A5):c.1808G>T (p.Gly603Val)	1287	COL4A5	Pathogenic	GRCh38	1703357
single nucleotide variant	NM_033380.3(COL4A5):c.1856C>T (p.Pro619Leu)	1287	COL4A5	Likely pathogenic	GRCh38	2138696
single nucleotide variant	NM_033380.3(COL4A5):c.1871G>A (p.Gly624Asp)	1287	COL4A5	Pathogenic/Likely pathogenic	GRCh38	24455
single nucleotide variant	NM_033380.3(COL4A5):c.1886G>A (p.Gly629Asp)	1287	COL4A5	Pathogenic/Likely pathogenic	GRCh38	2737338
single nucleotide variant	NM_033380.3(COL4A5):c.1895G>A (p.Gly632Asp)	1287	COL4A5	Pathogenic	GRCh38	2138697
single nucleotide variant	NM_033380.3(COL4A5):c.1904G>A (p.Gly635Asp)	1287	COL4A5	Pathogenic/Likely pathogenic	GRCh38	1335788
single nucleotide variant	NM_033380.3(COL4A5):c.1912G>A (p.Gly638Ser)	1287	COL4A5	Pathogenic	GRCh38	24461
single nucleotide variant	NM_033380.3(COL4A5):c.1913G>C (p.Gly638Ala)	1287	COL4A5	Pathogenic	GRCh38	3346167
single nucleotide variant	NM_033380.3(COL4A5):c.1957G>A (p.Gly653Arg)	1287	COL4A5	Pathogenic/Likely pathogenic	GRCh38	4710866
single nucleotide variant	NM_033380.3(COL4A5):c.1997G>A (p.Gly666Asp)	1287	COL4A5	Likely pathogenic	GRCh38	24470
single nucleotide variant	NM_033380.3(COL4A5):c.2005G>C (p.Gly669Arg)	1287	COL4A5	Pathogenic	GRCh38	2138699
single nucleotide variant	NM_033380.3(COL4A5):c.2023G>A (p.Gly675Ser)	1287	COL4A5	Pathogenic/Likely pathogenic	GRCh38	1508138
single nucleotide variant	NM_033380.3(COL4A5):c.2042-18A>G	1287	COL4A5	Pathogenic	GRCh38	3255205
single nucleotide variant	NM_033380.3(COL4A5):c.2042G>A (p.Gly681Asp)	1287	COL4A5	Pathogenic	GRCh38	2138701
single nucleotide variant	NM_033380.3(COL4A5):c.2147-2A>G	1287	COL4A5	Pathogenic	GRCh38	3382700
single nucleotide variant	NM_033380.3(COL4A5):c.2228G>A (p.Gly743Asp)	1287	COL4A5	Pathogenic	GRCh38	1803636
single nucleotide variant	NM_033380.3(COL4A5):c.2244+1G>T	1287	COL4A5	Pathogenic	GRCh38	24499
single nucleotide variant	NM_033380.3(COL4A5):c.2245-1G>A	1287	COL4A5	Pathogenic	GRCh38	1384528
single nucleotide variant	NM_033380.3(COL4A5):c.2288G>A (p.Gly763Glu)	1287	COL4A5	Pathogenic/Likely pathogenic	GRCh38	24503
single nucleotide variant	NM_033380.3(COL4A5):c.2315G>C (p.Gly772Ala)	1287	COL4A5	Likely pathogenic	GRCh38	24507
single nucleotide variant	NM_033380.3(COL4A5):c.2332G>A (p.Gly778Ser)	1287	COL4A5	Pathogenic/Likely pathogenic	GRCh38	24509
single nucleotide variant	NM_033380.3(COL4A5):c.2386G>A (p.Gly796Arg)	1287	COL4A5	Pathogenic	GRCh38	24513
single nucleotide variant	NM_033380.3(COL4A5):c.2404G>A (p.Gly802Arg)	1287	COL4A5	Pathogenic/Likely pathogenic	GRCh38	2737343
single nucleotide variant	NM_033380.3(COL4A5):c.2423G>A (p.Gly808Glu)	1287	COL4A5	Pathogenic	GRCh38	1412850
single nucleotide variant	NM_033380.3(COL4A5):c.2431G>A (p.Gly811Arg)	1287	COL4A5	Pathogenic	GRCh38	24520
single nucleotide variant	NM_033380.3(COL4A5):c.2432G>T (p.Gly811Val)	1287	COL4A5	Pathogenic	GRCh38	24521
single nucleotide variant	NM_033380.3(COL4A5):c.2473G>T (p.Gly825Ter)	1287	COL4A5	Pathogenic	GRCh38	4532141
single nucleotide variant	NM_033380.3(COL4A5):c.2500G>C (p.Gly834Arg)	1287	COL4A5	Pathogenic	GRCh38	24529
single nucleotide variant	NM_033380.3(COL4A5):c.2509G>A (p.Gly837Ser)	1287	COL4A5	Pathogenic	GRCh38	3597931
single nucleotide variant	NM_033380.3(COL4A5):c.2554G>A (p.Gly852Arg)	1287	COL4A5	Likely pathogenic	GRCh38	2138702
single nucleotide variant	NM_033380.3(COL4A5):c.2555G>A (p.Gly852Glu)	1287	COL4A5	Pathogenic	GRCh38	2737346
single nucleotide variant	NM_033380.3(COL4A5):c.2578G>C (p.Gly860Arg)	1287	COL4A5	Pathogenic	GRCh38	3356563
single nucleotide variant	NM_033380.3(COL4A5):c.2597G>A (p.Gly866Glu)	1287	COL4A5	Likely pathogenic	GRCh38	24541
single nucleotide variant	NM_033380.3(COL4A5):c.2605G>A (p.Gly869Arg)	1287	COL4A5	Pathogenic/Likely pathogenic	GRCh38	24543
single nucleotide variant	NM_033380.3(COL4A5):c.2624G>A (p.Gly875Glu)	1287	COL4A5	Likely pathogenic	GRCh38	1508169
single nucleotide variant	NM_033380.3(COL4A5):c.2660G>T (p.Gly887Val)	1287	COL4A5	Pathogenic	GRCh38	1508191
single nucleotide variant	NM_033380.3(COL4A5):c.2722G>A (p.Gly908Arg)	1287	COL4A5	Likely pathogenic	GRCh38	24557
single nucleotide variant	NM_033380.3(COL4A5):c.2732G>A (p.Gly911Glu)	1287	COL4A5	Pathogenic/Likely pathogenic	GRCh38	1705496
single nucleotide variant	NM_033380.3(COL4A5):c.2746A>G (p.Ser916Gly)	1287	COL4A5	Likely pathogenic	GRCh38	3389457
single nucleotide variant	NM_033380.3(COL4A5):c.2804G>A (p.Gly935Asp)	1287	COL4A5	Pathogenic/Likely pathogenic	GRCh38	24567
single nucleotide variant	NM_033380.3(COL4A5):c.2821G>T (p.Gly941Cys)	1287	COL4A5	Pathogenic	GRCh38	24568
single nucleotide variant	NM_033380.3(COL4A5):c.2917+1G>C	1287	COL4A5	Pathogenic	GRCh38	24574
single nucleotide variant	NM_033380.3(COL4A5):c.3017-1G>A	1287	COL4A5	Pathogenic	GRCh38	1353996
single nucleotide variant	NM_033380.3(COL4A5):c.3017G>T (p.Gly1006Val)	1287	COL4A5	Pathogenic	GRCh38	2138704
single nucleotide variant	NM_033380.3(COL4A5):c.3088G>A (p.Gly1030Ser)	1287	COL4A5	Pathogenic/Likely pathogenic	GRCh38	24591
single nucleotide variant	NM_033380.3(COL4A5):c.3115G>A (p.Gly1039Ser)	1287	COL4A5	Pathogenic/Likely pathogenic	GRCh38	2506495
single nucleotide variant	NM_033380.3(COL4A5):c.3178G>T (p.Gly1060Ter)	1287	COL4A5	Pathogenic	GRCh38	24599
single nucleotide variant	NM_033380.3(COL4A5):c.3181C>T (p.Gln1061Ter)	1287	COL4A5	Pathogenic	GRCh38	1333704
single nucleotide variant	NM_033380.3(COL4A5):c.3196G>A (p.Gly1066Ser)	1287	COL4A5	Pathogenic	GRCh38	24603
single nucleotide variant	NM_033380.3(COL4A5):c.3197G>C (p.Gly1066Ala)	1287	COL4A5	Pathogenic	GRCh38	3597951
single nucleotide variant	NM_033380.3(COL4A5):c.3206G>T (p.Gly1069Val)	1287	COL4A5	Pathogenic	GRCh38	24605
single nucleotide variant	NM_033380.3(COL4A5):c.3256G>C (p.Gly1086Arg)	1287	COL4A5	Pathogenic	GRCh38	24613
single nucleotide variant	NM_033380.3(COL4A5):c.3319G>A (p.Gly1107Arg)	1287	COL4A5	Pathogenic	GRCh38	24617
single nucleotide variant	NM_033380.3(COL4A5):c.3347G>T (p.Gly1116Val)	1287	COL4A5	Pathogenic/Likely pathogenic	GRCh38	24621
single nucleotide variant	NM_033380.3(COL4A5):c.3427G>A (p.Gly1143Ser)	1287	COL4A5	Pathogenic/Likely pathogenic	GRCh38	24630
single nucleotide variant	NM_033380.3(COL4A5):c.3455-9A>G	1287	COL4A5	Pathogenic	GRCh38	24633
single nucleotide variant	NM_033380.3(COL4A5):c.3481G>A (p.Gly1161Arg)	1287	COL4A5	Pathogenic	GRCh38	1455643
single nucleotide variant	NM_033380.3(COL4A5):c.3499G>A (p.Gly1167Ser)	1287	COL4A5	Likely pathogenic	GRCh38	1803953
single nucleotide variant	NM_033380.3(COL4A5):c.3535G>A (p.Gly1179Arg)	1287	COL4A5	Pathogenic	GRCh38	3384336
single nucleotide variant	NM_033380.3(COL4A5):c.3538C>T (p.Gln1180Ter)	1287	COL4A5	Pathogenic	GRCh38	1810141
single nucleotide variant	NM_033380.3(COL4A5):c.3554-3C>G	1287	COL4A5	Likely pathogenic	GRCh38	2633926
single nucleotide variant	NM_033380.3(COL4A5):c.3586G>A (p.Gly1196Arg)	1287	COL4A5	Pathogenic/Likely pathogenic	GRCh38	24651
single nucleotide variant	NM_033380.3(COL4A5):c.3587G>A (p.Gly1196Glu)	1287	COL4A5	Pathogenic	GRCh38	2737348
single nucleotide variant	NM_033380.3(COL4A5):c.3605-2A>G	1287	COL4A5	Pathogenic	GRCh38	2138707
single nucleotide variant	NM_033380.3(COL4A5):c.3613G>A (p.Gly1205Ser)	1287	COL4A5	Pathogenic	GRCh38	1360173
single nucleotide variant	NM_033380.3(COL4A5):c.3632G>A (p.Gly1211Glu)	1287	COL4A5	Likely pathogenic	GRCh38	24662
single nucleotide variant	NM_033380.3(COL4A5):c.3659G>A (p.Gly1220Asp)	1287	COL4A5	Pathogenic/Likely pathogenic	GRCh38	24666
single nucleotide variant	NM_033380.3(COL4A5):c.3686G>A (p.Gly1229Asp)	1287	COL4A5	Pathogenic/Likely pathogenic	GRCh38	2737349
single nucleotide variant	NM_033380.3(COL4A5):c.3721G>T (p.Gly1241Cys)	1287	COL4A5	Pathogenic	GRCh38	24676
single nucleotide variant	NM_033380.3(COL4A5):c.3731G>A (p.Gly1244Asp)	1287	COL4A5	Pathogenic/Likely pathogenic	GRCh38	24678
single nucleotide variant	NM_033380.3(COL4A5):c.3754G>A (p.Gly1252Ser)	1287	COL4A5	Likely pathogenic	GRCh38	2737351
single nucleotide variant	NM_033380.3(COL4A5):c.3782G>A (p.Gly1261Glu)	1287	COL4A5	Pathogenic	GRCh38	1458106
single nucleotide variant	NM_033380.3(COL4A5):c.3942G>C (p.Gln1314His)	1287	COL4A5	Pathogenic	GRCh38	3597969
single nucleotide variant	NM_033380.3(COL4A5):c.3943-1G>A	1287	COL4A5	Likely pathogenic	GRCh38	2737352
single nucleotide variant	NM_033380.3(COL4A5):c.4015G>A (p.Gly1339Ser)	1287	COL4A5	Pathogenic	GRCh38	2138709
single nucleotide variant	NM_033380.3(COL4A5):c.4016-2A>T	1287	COL4A5	Likely pathogenic	GRCh38	4851291
single nucleotide variant	NM_033380.3(COL4A5):c.4024G>T (p.Gly1342Ter)	1287	COL4A5	Pathogenic	GRCh38	3255174
single nucleotide variant	NM_033380.3(COL4A5):c.4087G>A (p.Gly1363Ser)	1287	COL4A5	Likely pathogenic	GRCh38	4539053
single nucleotide variant	NM_033380.3(COL4A5):c.4087+1G>A	1287	COL4A5	Pathogenic	GRCh38	24702
single nucleotide variant	NM_033380.3(COL4A5):c.4154G>T (p.Gly1385Val)	1287	COL4A5	Likely pathogenic	GRCh38	3255212
single nucleotide variant	NM_033380.3(COL4A5):c.4165C>T (p.Gln1389Ter)	1287	COL4A5	Pathogenic	GRCh38	1374408
single nucleotide variant	NM_033380.3(COL4A5):c.4217-1G>A	1287	COL4A5	Pathogenic/Likely pathogenic	GRCh38	24714
single nucleotide variant	NM_033380.3(COL4A5):c.4279G>T (p.Gly1427Trp)	1287	COL4A5	Likely pathogenic	GRCh38	4818589
single nucleotide variant	NM_033380.3(COL4A5):c.4298G>T (p.Gly1433Val)	1287	COL4A5	Likely pathogenic	GRCh38	4854006
single nucleotide variant	NM_033380.3(COL4A5):c.4315+1G>A	1287	COL4A5	Pathogenic	GRCh38	24725
single nucleotide variant	NM_033380.2(COL4A5):c.4316-1G>C (p.?)	1287	COL4A5	Pathogenic/Likely pathogenic	GRCh38	4686432
single nucleotide variant	NM_033380.3(COL4A5):c.4342G>C (p.Gly1448Arg)	1287	COL4A5	Pathogenic	GRCh38	1458965
single nucleotide variant	NM_033380.3(COL4A5):c.4369G>A (p.Gly1457Ser)	1287	COL4A5	Likely pathogenic	GRCh38	3234581
single nucleotide variant	NM_033380.3(COL4A5):c.4360G>A (p.Gly1454Ser)	1287	COL4A5	Pathogenic/Likely pathogenic	GRCh38	1459581
single nucleotide variant	NM_033380.3(COL4A5):c.4475G>C (p.Gly1492Ala)	1287	COL4A5	Pathogenic	GRCh38	24739
single nucleotide variant	NM_033380.3(COL4A5):c.4519C>T (p.Gln1507Ter)	1287	COL4A5	Pathogenic	GRCh38	4292199
single nucleotide variant	NM_033380.3(COL4A5):c.4528+1G>C	1287	COL4A5	Pathogenic	GRCh38	2681730
single nucleotide variant	NM_033380.3(COL4A5):c.4631G>C (p.Trp1544Ser)	1287	COL4A5	Pathogenic	GRCh38	24751
single nucleotide variant	NM_033380.3(COL4A5):c.4705C>T (p.Arg1569Ter)	1287	COL4A5	Pathogenic	GRCh38	24755
single nucleotide variant	NM_033380.3(COL4A5):c.4706G>A (p.Arg1569Gln)	1287	COL4A5	Pathogenic/Likely pathogenic	GRCh38	24757
single nucleotide variant	NM_033380.3(COL4A5):c.4709G>C (p.Cys1570Ser)	1287	COL4A5	Pathogenic	GRCh38	24761
single nucleotide variant	NM_033380.3(COL4A5):c.4717T>C (p.Cys1573Arg)	1287	COL4A5	Pathogenic	GRCh38	3597997
single nucleotide variant	NM_033380.3(COL4A5):c.4769C>T (p.Pro1590Leu)	1287	COL4A5	Likely pathogenic	GRCh38	1508349
single nucleotide variant	NM_033380.3(COL4A5):c.4786T>G (p.Trp1596Gly)	1287	COL4A5	Likely pathogenic	GRCh38	4888000
single nucleotide variant	NM_033380.3(COL4A5):c.4808A>G (p.Tyr1603Cys)	1287	COL4A5	Pathogenic/Likely pathogenic	GRCh38	1803954
single nucleotide variant	NM_033380.3(COL4A5):c.4821G>A (p.Met1607Ile)	1287	COL4A5	Pathogenic/Likely pathogenic	GRCh38	24773
single nucleotide variant	NM_033380.3(COL4A5):c.4821+1G>A	1287	COL4A5	Pathogenic	GRCh38	24775
single nucleotide variant	NM_033380.3(COL4A5):c.4931G>A (p.Cys1644Tyr)	1287	COL4A5	Pathogenic/Likely pathogenic	GRCh38	24780
single nucleotide variant	NM_033380.3(COL4A5):c.4994G>A (p.Ser1665Asn)	1287	COL4A5	Pathogenic	GRCh38	1443814
single nucleotide variant	NM_033380.3(COL4A5):c.5038C>T (p.Arg1680Ter)	1287	COL4A5	Pathogenic	GRCh38	24785
single nucleotide variant	NM_033380.3(COL4A5):c.5047C>T (p.Arg1683Ter)	1287	COL4A5	Pathogenic	GRCh38	24786
single nucleotide variant	NM_033380.3(COL4A5):c.438+2T>C	1287	COL4A5	Likely pathogenic	GRCh38	3391289
single nucleotide variant	NM_033380.3(COL4A5):c.665T>G (p.Phe222Cys)	1287	COL4A5	Pathogenic	GRCh38	38751
single nucleotide variant	NM_033380.3(COL4A5):c.1589G>A (p.Gly530Asp)	1287	COL4A5	Pathogenic	GRCh38	38756
single nucleotide variant	NM_033380.3(COL4A5):c.1835G>A (p.Gly612Asp)	1287	COL4A5	Pathogenic	GRCh38	1455636
single nucleotide variant	NM_033380.3(COL4A5):c.2678G>T (p.Gly893Val)	1287	COL4A5	Pathogenic/Likely pathogenic	GRCh38	3383046
single nucleotide variant	NM_033380.3(COL4A5):c.3107-4A>G	1287	COL4A5	Likely pathogenic	GRCh38	1465065
single nucleotide variant	NM_033380.3(COL4A5):c.637G>A (p.Gly213Arg)	1287	COL4A5	Likely pathogenic	GRCh38	4081617
single nucleotide variant	NM_033380.3(COL4A5):c.1844G>A (p.Gly615Glu)	1287	COL4A5	Pathogenic	GRCh38	195859
single nucleotide variant	NM_033380.3(COL4A5):c.4016-1G>A	1287	COL4A5	Pathogenic/Likely pathogenic	GRCh38	209142
single nucleotide variant	NM_033380.3(COL4A5):c.82G>T (p.Ala28Ser)	1287	COL4A5	Pathogenic	GRCh38	222061
single nucleotide variant	NM_033380.3(COL4A5):c.1010G>T (p.Gly337Val)	1287	COL4A5	Pathogenic	GRCh38	222062
single nucleotide variant	NM_033380.3(COL4A5):c.1780-1G>T	1287	COL4A5	Pathogenic	GRCh38	222057
single nucleotide variant	NM_033380.3(COL4A5):c.2395+1G>A	1287	COL4A5	Pathogenic	GRCh38	222059
single nucleotide variant	NM_033380.3(COL4A5):c.2741G>A (p.Gly914Asp)	1287	COL4A5	Pathogenic	GRCh38	222060
single nucleotide variant	NM_033380.3(COL4A5):c.1111G>A (p.Gly371Arg)	1287	COL4A5	Likely pathogenic	GRCh38	235348
single nucleotide variant	NM_033380.3(COL4A5):c.2723G>A (p.Gly908Glu)	1287	COL4A5	Likely pathogenic	GRCh38	235662
single nucleotide variant	NM_033380.3(COL4A5):c.1339+1G>A	1287	COL4A5	Pathogenic/Likely pathogenic	GRCh38	235810
single nucleotide variant	NM_033380.3(COL4A5):c.1690G>C (p.Gly564Arg)	1287	COL4A5	Pathogenic/Likely pathogenic	GRCh38	242342
single nucleotide variant	NM_033380.3(COL4A5):c.2722G>T (p.Gly908Ter)	1287	COL4A5	Pathogenic	GRCh38	280889
single nucleotide variant	NM_033380.3(COL4A5):c.2396-1G>T	1287	COL4A5	Pathogenic	GRCh38	280273
single nucleotide variant	NM_033380.3(COL4A5):c.3490G>T (p.Gly1164Cys)	1287	COL4A5	Pathogenic/Likely pathogenic	GRCh38	372992
single nucleotide variant	NM_033380.3(COL4A5):c.3604G>T (p.Gly1202Cys)	1287	COL4A5	Pathogenic/Likely pathogenic	GRCh38	384756
single nucleotide variant	NM_033380.3(COL4A5):c.3509G>A (p.Gly1170Asp)	1287	COL4A5	Likely pathogenic	GRCh38	397601
single nucleotide variant	NM_033380.3(COL4A5):c.3410G>A (p.Gly1137Asp)	1287	COL4A5	Pathogenic/Likely pathogenic	GRCh38	430135
single nucleotide variant	NM_033380.3(COL4A5):c.1960G>T (p.Asp654Tyr)	1287	COL4A5	Likely pathogenic	GRCh38	430716
single nucleotide variant	NM_033380.3(COL4A5):c.679G>A (p.Gly227Ser)	1287	COL4A5	Pathogenic	GRCh38	431809
single nucleotide variant	NM_033380.3(COL4A5):c.687+5G>A	1287	COL4A5	Likely pathogenic	GRCh38	432038
single nucleotide variant	NM_033380.3(COL4A5):c.421G>A (p.Gly141Ser)	1287	COL4A5	Likely pathogenic	GRCh38	433187
single nucleotide variant	NM_033380.3(COL4A5):c.547G>A (p.Gly183Ser)	1287	COL4A5	Likely pathogenic	GRCh38	438706
single nucleotide variant	NM_033380.3(COL4A5):c.929G>T (p.Gly310Val)	1287	COL4A5	Likely pathogenic	GRCh38	438707
single nucleotide variant	NM_033380.3(COL4A5):c.800G>T (p.Gly267Val)	1287	COL4A5	Likely pathogenic	GRCh38	439519
single nucleotide variant	NM_033380.3(COL4A5):c.2696G>A (p.Gly899Asp)	1287	COL4A5	Pathogenic/Likely pathogenic	GRCh38	439521
single nucleotide variant	NM_033380.3(COL4A5):c.2821G>C (p.Gly941Arg)	1287	COL4A5	Likely pathogenic	GRCh38	439523
single nucleotide variant	NM_033380.3(COL4A5):c.4475G>T (p.Gly1492Val)	1287	COL4A5	Likely pathogenic	GRCh38	444822
single nucleotide variant	NM_033380.3(COL4A5):c.404G>A (p.Gly135Asp)	1287	COL4A5	Pathogenic	GRCh38	447209
single nucleotide variant	NM_033380.3(COL4A5):c.511G>C (p.Gly171Arg)	1287	COL4A5	Pathogenic/Likely pathogenic	GRCh38	447213
single nucleotide variant	NM_033380.3(COL4A5):c.1111G>T (p.Gly371Ter)	1287	COL4A5	Pathogenic/Likely pathogenic	GRCh38	447198
single nucleotide variant	NM_033380.3(COL4A5):c.1258G>A (p.Gly420Arg)	1287	COL4A5	Pathogenic	GRCh38	447199
single nucleotide variant	NM_033380.3(COL4A5):c.2414G>A (p.Gly805Glu)	1287	COL4A5	Pathogenic/Likely pathogenic	GRCh38	447200
single nucleotide variant	NM_033380.3(COL4A5):c.2509+1G>A	1287	COL4A5	Pathogenic	GRCh38	447201
single nucleotide variant	NM_033380.3(COL4A5):c.3238G>C (p.Gly1080Arg)	1287	COL4A5	Likely pathogenic	GRCh38	447204
single nucleotide variant	NM_033380.3(COL4A5):c.3427G>T (p.Gly1143Cys)	1287	COL4A5	Pathogenic/Likely pathogenic	GRCh38	447205
single nucleotide variant	NM_033380.3(COL4A5):c.4707-1G>C	1287	COL4A5	Pathogenic	GRCh38	447212
single nucleotide variant	NM_033380.3(COL4A5):c.574G>T (p.Gly192Trp)	1287	COL4A5	Pathogenic	GRCh38	452664
single nucleotide variant	NM_033380.3(COL4A5):c.584G>T (p.Gly195Val)	1287	COL4A5	Pathogenic/Likely pathogenic	GRCh38	451889
single nucleotide variant	NM_033380.3(COL4A5):c.990+1G>T	1287	COL4A5	Pathogenic/Likely pathogenic	GRCh38	451503
single nucleotide variant	NM_033380.3(COL4A5):c.1570G>T (p.Gly524Cys)	1287	COL4A5	Pathogenic	GRCh38	452626
single nucleotide variant	NM_033380.3(COL4A5):c.3659G>T (p.Gly1220Val)	1287	COL4A5	Likely pathogenic	GRCh38	453113
single nucleotide variant	NM_033380.3(COL4A5):c.707G>A (p.Gly236Asp)	1287	COL4A5	Likely pathogenic	GRCh38	522498
single nucleotide variant	NM_033380.3(COL4A5):c.835-2A>G	1287	COL4A5	Likely pathogenic	GRCh38	522545
single nucleotide variant	NM_033380.3(COL4A5):c.1387G>C (p.Gly463Arg)	1287	COL4A5	Likely pathogenic	GRCh38	522539
single nucleotide variant	NM_033380.3(COL4A5):c.2579G>A (p.Gly860Asp)	1287	COL4A5	Likely pathogenic	GRCh38	522544
single nucleotide variant	NM_033380.3(COL4A5):c.2615G>C (p.Gly872Ala)	1287	COL4A5	Likely pathogenic	GRCh38	522409
single nucleotide variant	NM_033380.3(COL4A5):c.2642G>T (p.Gly881Val)	1287	COL4A5	Likely pathogenic	GRCh38	522552
single nucleotide variant	NM_033380.3(COL4A5):c.2686G>A (p.Gly896Ser)	1287	COL4A5	Pathogenic/Likely pathogenic	GRCh38	522413
single nucleotide variant	NM_033380.3(COL4A5):c.2695G>A (p.Gly899Ser)	1287	COL4A5	Likely pathogenic	GRCh38	522481
single nucleotide variant	NM_033380.3(COL4A5):c.3314T>A (p.Leu1105Ter)	1287	COL4A5	Pathogenic	GRCh38	522457
single nucleotide variant	NM_033380.3(COL4A5):c.3614G>T (p.Gly1205Val)	1287	COL4A5	Pathogenic	GRCh38	523547
single nucleotide variant	NM_033380.3(COL4A5):c.1508G>T (p.Gly503Val)	1287	COL4A5	Likely pathogenic	GRCh38	562256
single nucleotide variant	NM_033380.3(COL4A5):c.3310G>T (p.Gly1104Cys)	1287	COL4A5	Likely pathogenic	GRCh38	562329
single nucleotide variant	NM_033380.3(COL4A5):c.3017G>A (p.Gly1006Asp)	1287	COL4A5	Likely pathogenic	GRCh38	562330
single nucleotide variant	NM_033380.3(COL4A5):c.2395+1G>C	1287	COL4A5	Pathogenic	GRCh38	562340
single nucleotide variant	NM_033380.3(COL4A5):c.4315G>C (p.Gly1439Arg)	1287	COL4A5	Likely pathogenic	GRCh38	562348
single nucleotide variant	NM_033380.3(COL4A5):c.3409G>T (p.Gly1137Cys)	1287	COL4A5	Likely pathogenic	GRCh38	562369
single nucleotide variant	NM_033380.3(COL4A5):c.3685G>A (p.Gly1229Ser)	1287	COL4A5	Pathogenic	GRCh38	562403
single nucleotide variant	NM_033380.3(COL4A5):c.3170G>T (p.Gly1057Val)	1287	COL4A5	Likely pathogenic	GRCh38	562405
single nucleotide variant	NM_033380.3(COL4A5):c.2510-2A>G	1287	COL4A5	Pathogenic/Likely pathogenic	GRCh38	562406
single nucleotide variant	NM_033380.3(COL4A5):c.4528+1G>A	1287	COL4A5	Pathogenic	GRCh38	562410
single nucleotide variant	NM_033380.3(COL4A5):c.647G>A (p.Gly216Glu)	1287	COL4A5	Pathogenic	GRCh38	562417
single nucleotide variant	NM_033380.3(COL4A5):c.698G>C (p.Gly233Ala)	1287	COL4A5	Likely pathogenic	GRCh38	562428
single nucleotide variant	NM_033380.3(COL4A5):c.395G>A (p.Gly132Glu)	1287	COL4A5	Likely pathogenic	GRCh38	562431
single nucleotide variant	NM_033380.3(COL4A5):c.530G>A (p.Gly177Asp)	1287	COL4A5	Pathogenic	GRCh38	562438
single nucleotide variant	NM_033380.3(COL4A5):c.4315+1G>C	1287	COL4A5	Likely pathogenic	GRCh38	562440
single nucleotide variant	NM_033380.3(COL4A5):c.1032+1G>C	1287	COL4A5	Pathogenic/Likely pathogenic	GRCh38	585536
single nucleotide variant	NM_033380.3(COL4A5):c.1340-1G>A	1287	COL4A5	Likely pathogenic	GRCh38	585537
single nucleotide variant	NM_033380.3(COL4A5):c.1779+1G>A	1287	COL4A5	Pathogenic/Likely pathogenic	GRCh38	585538
single nucleotide variant	NM_033380.3(COL4A5):c.2095G>T (p.Gly699Ter)	1287	COL4A5	Pathogenic	GRCh38	585541
single nucleotide variant	NM_033380.3(COL4A5):c.2332G>C (p.Gly778Arg)	1287	COL4A5	Likely pathogenic	GRCh38	586956
single nucleotide variant	NM_033380.3(COL4A5):c.2T>A (p.Met1Lys)	1287	COL4A5	Pathogenic	GRCh38	1694470
single nucleotide variant	NM_033380.3(COL4A5):c.81+4A>C	1287	COL4A5	Likely pathogenic	GRCh38	3724345
single nucleotide variant	NM_033380.3(COL4A5):c.367G>A (p.Gly123Arg)	1287	COL4A5	Pathogenic	GRCh38	587093
single nucleotide variant	NM_033380.3(COL4A5):c.368G>A (p.Gly123Glu)	1287	COL4A5	Pathogenic	GRCh38	4710860
single nucleotide variant	NM_033380.3(COL4A5):c.384G>A (p.Lys128=)	1287	COL4A5	Likely pathogenic	GRCh38	3341967
single nucleotide variant	NM_033380.3(COL4A5):c.384+1G>A	1287	COL4A5	Pathogenic/Likely pathogenic	GRCh38	1697087
single nucleotide variant	NM_033380.3(COL4A5):c.412G>A (p.Gly138Ser)	1287	COL4A5	Pathogenic/Likely pathogenic	GRCh38	587139
single nucleotide variant	NM_033380.3(COL4A5):c.547-3C>A	1287	COL4A5	Pathogenic	GRCh38	3724363
single nucleotide variant	NM_033380.3(COL4A5):c.609+875G>T	1287	COL4A5	Pathogenic/Likely pathogenic	GRCh38	2138684
single nucleotide variant	NM_033380.3(COL4A5):c.698G>T (p.Gly233Val)	1287	COL4A5	Likely pathogenic	GRCh38	587140
single nucleotide variant	NM_033380.3(COL4A5):c.780+5G>A	1287	COL4A5	Pathogenic	GRCh38	4710861
single nucleotide variant	NM_033380.3(COL4A5):c.834+5G>A	1287	COL4A5	Likely pathogenic	GRCh38	4281246
single nucleotide variant	NM_033380.3(COL4A5):c.893G>A (p.Gly298Asp)	1287	COL4A5	Pathogenic	GRCh38	2200158
single nucleotide variant	NM_033380.3(COL4A5):c.929G>A (p.Gly310Glu)	1287	COL4A5	Pathogenic/Likely pathogenic	GRCh38	1455625
single nucleotide variant	NM_033380.3(COL4A5):c.936+1G>A	1287	COL4A5	Pathogenic	GRCh38	587199
single nucleotide variant	NM_033380.3(COL4A5):c.965G>T (p.Gly322Val)	1287	COL4A5	Likely pathogenic	GRCh38	3772659
single nucleotide variant	NM_033380.3(COL4A5):c.991-1G>A	1287	COL4A5	Likely pathogenic	GRCh38	3597873
single nucleotide variant	NM_033380.3(COL4A5):c.1009G>A (p.Gly337Ser)	1287	COL4A5	Likely pathogenic	GRCh38	3381207
single nucleotide variant	NM_033380.3(COL4A5):c.1166-1G>A	1287	COL4A5	Likely pathogenic	GRCh38	587120
single nucleotide variant	NM_033380.3(COL4A5):c.1259G>T (p.Gly420Val)	1287	COL4A5	Pathogenic	GRCh38	587088
single nucleotide variant	NM_033380.3(COL4A5):c.1499G>T (p.Gly500Val)	1287	COL4A5	Likely pathogenic	GRCh38	2627801
single nucleotide variant	NM_033380.3(COL4A5):c.1780-6T>G	1287	COL4A5	Pathogenic	GRCh38	587252
single nucleotide variant	NM_033380.3(COL4A5):c.1781G>A (p.Gly594Asp)	1287	COL4A5	Pathogenic	GRCh38	3597906
single nucleotide variant	NM_033380.3(COL4A5):c.1913G>A (p.Gly638Asp)	1287	COL4A5	Likely pathogenic	GRCh38	4854059
single nucleotide variant	NM_033380.3(COL4A5):c.1922G>A (p.Gly641Glu)	1287	COL4A5	Likely pathogenic	GRCh38	587191
single nucleotide variant	NM_033380.3(COL4A5):c.1931G>A (p.Gly644Asp)	1287	COL4A5	Pathogenic	GRCh38	2138698
single nucleotide variant	NM_033380.3(COL4A5):c.1948G>A (p.Gly650Ser)	1287	COL4A5	Pathogenic/Likely pathogenic	GRCh38	587099
single nucleotide variant	NM_033380.3(COL4A5):c.2077G>A (p.Gly693Arg)	1287	COL4A5	Pathogenic	GRCh38	1457360
single nucleotide variant	NM_033380.3(COL4A5):c.2095G>A (p.Gly699Arg)	1287	COL4A5	Pathogenic	GRCh38	2737340
single nucleotide variant	NM_033380.3(COL4A5):c.2145A>G (p.Lys715=)	1287	COL4A5	Pathogenic	GRCh38	587206
single nucleotide variant	NM_033380.3(COL4A5):c.2237G>A (p.Gly746Glu)	1287	COL4A5	Pathogenic/Likely pathogenic	GRCh38	587146
single nucleotide variant	NM_033380.3(COL4A5):c.2396-1G>A	1287	COL4A5	Likely pathogenic	GRCh38	2671633
single nucleotide variant	NM_033380.3(COL4A5):c.2677G>A (p.Gly893Ser)	1287	COL4A5	Likely pathogenic	GRCh38	587115
single nucleotide variant	NM_033380.3(COL4A5):c.2918-1G>A	1287	COL4A5	Pathogenic	GRCh38	587182
single nucleotide variant	NM_033380.3(COL4A5):c.3053G>A (p.Gly1018Asp)	1287	COL4A5	Pathogenic/Likely pathogenic	GRCh38	1705447
single nucleotide variant	NM_033380.3(COL4A5):c.3206G>A (p.Gly1069Asp)	1287	COL4A5	Pathogenic	GRCh38	4710870
single nucleotide variant	NM_033380.3(COL4A5):c.3246+1G>A	1287	COL4A5	Pathogenic	GRCh38	1457088
single nucleotide variant	NM_033380.3(COL4A5):c.3526G>A (p.Gly1176Arg)	1287	COL4A5	Likely pathogenic	GRCh38	2737347
single nucleotide variant	NM_033380.3(COL4A5):c.3650G>A (p.Gly1217Asp)	1287	COL4A5	Pathogenic	GRCh38	1805498
single nucleotide variant	NM_033380.3(COL4A5):c.3668G>A (p.Gly1223Asp)	1287	COL4A5	Pathogenic	GRCh38	587106
single nucleotide variant	NM_033380.3(COL4A5):c.3685G>T (p.Gly1229Cys)	1287	COL4A5	Likely pathogenic	GRCh38	4526641
single nucleotide variant	NM_033380.3(COL4A5):c.3721G>C (p.Gly1241Arg)	1287	COL4A5	Likely pathogenic	GRCh38	4710871
single nucleotide variant	NM_033380.3(COL4A5):c.4042G>A (p.Gly1348Arg)	1287	COL4A5	Likely pathogenic	GRCh38	587107
single nucleotide variant	NM_033380.3(COL4A5):c.4360G>C (p.Gly1454Arg)	1287	COL4A5	Pathogenic	GRCh38	2737353
single nucleotide variant	NM_033380.3(COL4A5):c.4370G>A (p.Gly1457Asp)	1287	COL4A5	Pathogenic	GRCh38	4819435
single nucleotide variant	NM_033380.3(COL4A5):c.4706+1G>A	1287	COL4A5	Pathogenic	GRCh38	3724409
single nucleotide variant	NM_033380.3(COL4A5):c.4811C>T (p.Ser1604Phe)	1287	COL4A5	Likely pathogenic	GRCh38	587217
single nucleotide variant	NM_033380.3(COL4A5):c.4913G>A (p.Cys1638Tyr)	1287	COL4A5	Pathogenic/Likely pathogenic	GRCh38	1508377
single nucleotide variant	NM_033380.3(COL4A5):c.4994+2T>C	1287	COL4A5	Likely pathogenic	GRCh38	4291749
single nucleotide variant	NM_033380.3(COL4A5):c.3769C>T (p.Gln1257Ter)	1287	COL4A5	Pathogenic	GRCh38	590263
single nucleotide variant	NM_033380.3(COL4A5):c.645+2T>C	1287	COL4A5	Likely pathogenic	GRCh38	593573
single nucleotide variant	NM_033380.3(COL4A5):c.619G>A (p.Gly207Ser)	1287	COL4A5	Likely pathogenic	GRCh38	599140
single nucleotide variant	NM_033380.3(COL4A5):c.638G>T (p.Gly213Val)	1287	COL4A5	Likely pathogenic	GRCh38	599058
single nucleotide variant	NM_033380.3(COL4A5):c.834+2T>G	1287	COL4A5	Pathogenic	GRCh38	599107
single nucleotide variant	NM_033380.3(COL4A5):c.1771G>A (p.Gly591Arg)	1287	COL4A5	Likely pathogenic	GRCh38	599104
single nucleotide variant	NM_033380.3(COL4A5):c.1843G>A (p.Gly615Arg)	1287	COL4A5	Pathogenic	GRCh38	599064
single nucleotide variant	NM_033380.3(COL4A5):c.2537G>A (p.Gly846Glu)	1287	COL4A5	Likely pathogenic	GRCh38	599105
single nucleotide variant	NM_033380.3(COL4A5):c.2963G>A (p.Gly988Glu)	1287	COL4A5	Likely pathogenic	GRCh38	599106
single nucleotide variant	NM_033380.3(COL4A5):c.3247-1G>A	1287	COL4A5	Pathogenic	GRCh38	599056
single nucleotide variant	NM_033380.3(COL4A5):c.3604+2T>A	1287	COL4A5	Pathogenic	GRCh38	599120
single nucleotide variant	NM_033380.3(COL4A5):c.619G>C (p.Gly207Arg)	1287	COL4A5	Pathogenic/Likely pathogenic	GRCh38	618579
single nucleotide variant	NM_033380.3(COL4A5):c.902G>A (p.Gly301Asp)	1287	COL4A5	Likely pathogenic	GRCh38	618580
single nucleotide variant	NM_033380.3(COL4A5):c.3257G>T (p.Gly1086Val)	1287	COL4A5	Likely pathogenic	GRCh38	618581
single nucleotide variant	NM_033380.3(COL4A5):c.1480G>C (p.Gly494Arg)	1287	COL4A5	Likely pathogenic	GRCh38	623126
single nucleotide variant	NM_033380.3(COL4A5):c.2509+2T>G	1287	COL4A5	Pathogenic	GRCh38	633835
single nucleotide variant	NM_033380.3(COL4A5):c.1147G>C (p.Gly383Arg)	1287	COL4A5	Pathogenic	GRCh38	635111
single nucleotide variant	NM_033380.3(COL4A5):c.1708G>A (p.Gly570Arg)	1287	COL4A5	Likely pathogenic	GRCh38	635535
single nucleotide variant	NM_033380.3(COL4A5):c.2183G>A (p.Gly728Glu)	1287	COL4A5	Likely pathogenic	GRCh38	635479
single nucleotide variant	NM_033380.3(COL4A5):c.2587G>A (p.Gly863Ser)	1287	COL4A5	Likely pathogenic	GRCh38	635542
single nucleotide variant	NM_033380.3(COL4A5):c.3319G>T (p.Gly1107Ter)	1287	COL4A5	Pathogenic	GRCh38	635552
single nucleotide variant	NM_033380.3(COL4A5):c.3475C>T (p.Gln1159Ter)	1287	COL4A5	Pathogenic	GRCh38	635495
single nucleotide variant	NM_033380.3(COL4A5):c.3481G>C (p.Gly1161Arg)	1287	COL4A5	Pathogenic	GRCh38	635512
single nucleotide variant	NM_033380.3(COL4A5):c.3482G>A (p.Gly1161Glu)	1287	COL4A5	Pathogenic	GRCh38	635536
single nucleotide variant	NM_033380.3(COL4A5):c.4804G>A (p.Gly1602Ser)	1287	COL4A5	Likely pathogenic	GRCh38	638646
single nucleotide variant	NM_033380.3(COL4A5):c.438+1G>A	1287	COL4A5	Pathogenic	GRCh38	666560
single nucleotide variant	NM_033380.3(COL4A5):c.2378G>C (p.Gly793Ala)	1287	COL4A5	Likely pathogenic	GRCh38	691807
single nucleotide variant	NM_033380.3(COL4A5):c.321+2T>G	1287	COL4A5	Pathogenic	GRCh38	804070
single nucleotide variant	NM_033380.3(COL4A5):c.412G>T (p.Gly138Cys)	1287	COL4A5	Likely pathogenic	GRCh38	804071
single nucleotide variant	NM_033380.3(COL4A5):c.2005G>T (p.Gly669Cys)	1287	COL4A5	Likely pathogenic	GRCh38	804073
single nucleotide variant	NM_033380.3(COL4A5):c.2395+2T>A	1287	COL4A5	Pathogenic	GRCh38	804074
single nucleotide variant	NM_033380.3(COL4A5):c.4822-1G>T	1287	COL4A5	Pathogenic	GRCh38	804076
single nucleotide variant	NM_033380.3(COL4A5):c.458G>T (p.Gly153Val)	1287	COL4A5	Pathogenic/Likely pathogenic	GRCh38	804590
single nucleotide variant	NM_033380.3(COL4A5):c.2513T>G (p.Leu838Ter)	1287	COL4A5	Pathogenic	GRCh38	804585
single nucleotide variant	NM_033380.3(COL4A5):c.3197G>T (p.Gly1066Val)	1287	COL4A5	Pathogenic	GRCh38	804587
single nucleotide variant	NM_033380.3(COL4A5):c.3614G>A (p.Gly1205Asp)	1287	COL4A5	Pathogenic	GRCh38	804588
single nucleotide variant	NM_033380.3(COL4A5):c.781-1G>A	1287	COL4A5	Pathogenic	GRCh38	804591
single nucleotide variant	NM_033380.3(COL4A5):c.2767+1G>C	1287	COL4A5	Pathogenic	GRCh38	804586
single nucleotide variant	NM_033380.3(COL4A5):c.4441C>T (p.Gln1481Ter)	1287	COL4A5	Pathogenic	GRCh38	805941
single nucleotide variant	NM_033380.3(COL4A5):c.2315G>T (p.Gly772Val)	1287	COL4A5	Pathogenic/Likely pathogenic	GRCh38	807800
single nucleotide variant	NM_033380.3(COL4A5):c.645+1G>T	1287	COL4A5	Likely pathogenic	GRCh38	807393
single nucleotide variant	NM_033380.3(COL4A5):c.973G>C (p.Gly325Arg)	1287	COL4A5	Pathogenic	GRCh38	807568
single nucleotide variant	NM_033380.3(COL4A5):c.1402C>T (p.Gln468Ter)	1287	COL4A5	Pathogenic	GRCh38	807569
single nucleotide variant	NM_033380.3(COL4A5):c.1424-2A>C	1287	COL4A5	Pathogenic	GRCh38	807570
single nucleotide variant	NM_033380.3(COL4A5):c.1673G>A (p.Gly558Asp)	1287	COL4A5	Pathogenic	GRCh38	807571
single nucleotide variant	NM_033380.3(COL4A5):c.1807G>A (p.Gly603Ser)	1287	COL4A5	Pathogenic	GRCh38	807573
single nucleotide variant	NM_033380.3(COL4A5):c.1904G>T (p.Gly635Val)	1287	COL4A5	Pathogenic	GRCh38	807574
single nucleotide variant	NM_033380.3(COL4A5):c.2314G>A (p.Gly772Ser)	1287	COL4A5	Pathogenic/Likely pathogenic	GRCh38	807578
single nucleotide variant	NM_033380.3(COL4A5):c.2359G>A (p.Gly787Arg)	1287	COL4A5	Pathogenic	GRCh38	807579
single nucleotide variant	NM_033380.3(COL4A5):c.2378G>A (p.Gly793Glu)	1287	COL4A5	Likely pathogenic	GRCh38	807580
single nucleotide variant	NM_033380.3(COL4A5):c.2465G>T (p.Gly822Val)	1287	COL4A5	Pathogenic/Likely pathogenic	GRCh38	807581
single nucleotide variant	NM_033380.3(COL4A5):c.2606G>T (p.Gly869Val)	1287	COL4A5	Pathogenic	GRCh38	807394
single nucleotide variant	NM_033380.3(COL4A5):c.3197G>A (p.Gly1066Asp)	1287	COL4A5	Pathogenic	GRCh38	807395
single nucleotide variant	NM_033380.3(COL4A5):c.3772G>A (p.Gly1258Ser)	1287	COL4A5	Pathogenic	GRCh38	807396
single nucleotide variant	NM_033380.3(COL4A5):c.4470T>G (p.Tyr1490Ter)	1287	COL4A5	Pathogenic	GRCh38	807397
single nucleotide variant	NM_033380.3(COL4A5):c.875G>A (p.Gly292Glu)	1287	COL4A5	Likely pathogenic	GRCh38	811376
single nucleotide variant	NM_033380.3(COL4A5):c.4316-1G>T	1287	COL4A5	Pathogenic	GRCh38	812148
single nucleotide variant	NM_033380.3(COL4A5):c.674C>T (p.Pro225Leu)	1287	COL4A5	Likely pathogenic	GRCh38	812906
single nucleotide variant	NM_033380.3(COL4A5):c.799G>A (p.Gly267Arg)	1287	COL4A5	Likely pathogenic	GRCh38	829853
single nucleotide variant	NM_033380.3(COL4A5):c.1129G>A (p.Gly377Arg)	1287	COL4A5	Likely pathogenic	GRCh38	830001
single nucleotide variant	NM_033380.3(COL4A5):c.1933C>T (p.Gln645Ter)	1287	COL4A5	Pathogenic	GRCh38	829955
single nucleotide variant	NM_033380.3(COL4A5):c.2510-1G>T	1287	COL4A5	Pathogenic	GRCh38	829947
single nucleotide variant	NM_033380.3(COL4A5):c.2927G>A (p.Gly976Glu)	1287	COL4A5	Likely pathogenic	GRCh38	829976
single nucleotide variant	NM_033380.3(COL4A5):c.3052G>T (p.Gly1018Cys)	1287	COL4A5	Likely pathogenic	GRCh38	829934
single nucleotide variant	NM_033380.3(COL4A5):c.3293G>A (p.Gly1098Asp)	1287	COL4A5	Pathogenic/Likely pathogenic	GRCh38	829910
single nucleotide variant	NM_033380.3(COL4A5):c.4709G>T (p.Cys1570Phe)	1287	COL4A5	Likely pathogenic	GRCh38	830040
single nucleotide variant	NM_033380.3(COL4A5):c.946G>A (p.Gly316Ser)	1287	COL4A5	Likely pathogenic	GRCh38	851082
single nucleotide variant	NM_033380.3(COL4A5):c.1276G>T (p.Gly426Ter)	1287	COL4A5	Pathogenic	GRCh38	848823
single nucleotide variant	NM_033380.3(COL4A5):c.2041G>A (p.Gly681Ser)	1287	COL4A5	Pathogenic	GRCh38	840783
single nucleotide variant	NM_033380.3(COL4A5):c.2614G>T (p.Gly872Cys)	1287	COL4A5	Pathogenic	GRCh38	845467
single nucleotide variant	NM_033380.3(COL4A5):c.3437G>A (p.Gly1146Glu)	1287	COL4A5	Likely pathogenic	GRCh38	847283
single nucleotide variant	NM_033380.3(COL4A5):c.3686G>T (p.Gly1229Val)	1287	COL4A5	Likely pathogenic	GRCh38	857172
single nucleotide variant	NM_033380.3(COL4A5):c.4847C>A (p.Ser1616Ter)	1287	COL4A5	Pathogenic/Likely pathogenic	GRCh38	854603
single nucleotide variant	NM_033380.3(COL4A5):c.4962G>A (p.Trp1654Ter)	1287	COL4A5	Pathogenic/Likely pathogenic	GRCh38	860456
single nucleotide variant	NM_033380.3(COL4A5):c.1517-1G>C	1287	COL4A5	Pathogenic	GRCh38	845765
single nucleotide variant	NM_033380.3(COL4A5):c.385-2A>G	1287	COL4A5	Pathogenic/Likely pathogenic	GRCh38	841674
single nucleotide variant	NM_033380.3(COL4A5):c.1517-1G>A	1287	COL4A5	Pathogenic	GRCh38	852912
single nucleotide variant	NM_033380.3(COL4A5):c.2917+1G>A	1287	COL4A5	Pathogenic	GRCh38	869161
single nucleotide variant	NM_033380.3(COL4A5):c.865G>A (p.Gly289Ser)	1287	COL4A5	Likely pathogenic	GRCh38	870353
single nucleotide variant	NM_033380.3(COL4A5):c.1120G>A (p.Gly374Arg)	1287	COL4A5	Pathogenic/Likely pathogenic	GRCh38	870363
single nucleotide variant	NM_033380.3(COL4A5):c.1799G>T (p.Gly600Val)	1287	COL4A5	Likely pathogenic	GRCh38	870364
single nucleotide variant	NM_033380.3(COL4A5):c.3473G>A (p.Gly1158Glu)	1287	COL4A5	Likely pathogenic	GRCh38	870365
single nucleotide variant	NM_033380.3(COL4A5):c.3623G>A (p.Gly1208Glu)	1287	COL4A5	Likely pathogenic	GRCh38	870366
single nucleotide variant	NM_033380.3(COL4A5):c.465+2T>C	1287	COL4A5	Pathogenic	GRCh38	870777
single nucleotide variant	NM_033380.3(COL4A5):c.689G>T (p.Gly230Val)	1287	COL4A5	Pathogenic/Likely pathogenic	GRCh38	930192
single nucleotide variant	NM_033380.3(COL4A5):c.1295G>A (p.Gly432Glu)	1287	COL4A5	Likely pathogenic	GRCh38	930191
single nucleotide variant	NM_033380.3(COL4A5):c.2464G>A (p.Gly822Arg)	1287	COL4A5	Pathogenic/Likely pathogenic	GRCh38	930190
single nucleotide variant	NM_033380.3(COL4A5):c.287G>T (p.Gly96Val)	1287	COL4A5	Likely pathogenic	GRCh38	930480
single nucleotide variant	NM_033380.3(COL4A5):c.1033-1G>A	1287	COL4A5	Pathogenic	GRCh38	931906
single nucleotide variant	NM_033380.3(COL4A5):c.1138G>C (p.Gly380Arg)	1287	COL4A5	Pathogenic/Likely pathogenic	GRCh38	949477
single nucleotide variant	NM_033380.3(COL4A5):c.1949G>A (p.Gly650Asp)	1287	COL4A5	Pathogenic/Likely pathogenic	GRCh38	939371
single nucleotide variant	NM_033380.3(COL4A5):c.2246G>A (p.Gly749Asp)	1287	COL4A5	Likely pathogenic	GRCh38	940057
single nucleotide variant	NM_033380.3(COL4A5):c.3605G>T (p.Gly1202Val)	1287	COL4A5	Likely pathogenic	GRCh38	938543
single nucleotide variant	NM_033380.3(COL4A5):c.3722G>A (p.Gly1241Asp)	1287	COL4A5	Pathogenic	GRCh38	934057
single nucleotide variant	NM_033380.3(COL4A5):c.3970G>A (p.Gly1324Arg)	1287	COL4A5	Likely pathogenic	GRCh38	939990
single nucleotide variant	NM_033380.3(COL4A5):c.314G>C (p.Gly105Ala)	1287	COL4A5	Likely pathogenic	GRCh38	959357
single nucleotide variant	NM_033380.3(COL4A5):c.3587G>T (p.Gly1196Val)	1287	COL4A5	Pathogenic	GRCh38	961447
single nucleotide variant	NM_033380.3(COL4A5):c.1111G>C (p.Gly371Arg)	1287	COL4A5	Likely pathogenic	GRCh38	972323
single nucleotide variant	NM_033380.3(COL4A5):c.2386G>C (p.Gly796Arg)	1287	COL4A5	Pathogenic/Likely pathogenic	GRCh38	966589
single nucleotide variant	NM_033380.3(COL4A5):c.2633G>A (p.Gly878Glu)	1287	COL4A5	Pathogenic	GRCh38	968858
single nucleotide variant	NM_033380.3(COL4A5):c.1424-2A>G	1287	COL4A5	Likely pathogenic	GRCh38	958660
single nucleotide variant	NM_033380.3(COL4A5):c.385-2A>T	1287	COL4A5	Pathogenic/Likely pathogenic	GRCh38	966248
single nucleotide variant	NM_033380.3(COL4A5):c.983G>A (p.Gly328Asp)	1287	COL4A5	Pathogenic/Likely pathogenic	GRCh38	974474
single nucleotide variant	NM_033380.3(COL4A5):c.1234G>C (p.Gly412Arg)	1287	COL4A5	Likely pathogenic	GRCh38	974386
single nucleotide variant	NM_033380.3(COL4A5):c.1768A>T (p.Lys590Ter)	1287	COL4A5	Pathogenic	GRCh38	974423
single nucleotide variant	NM_033380.3(COL4A5):c.1826G>C (p.Gly609Ala)	1287	COL4A5	Likely pathogenic	GRCh38	974424
single nucleotide variant	NM_033380.3(COL4A5):c.2668G>A (p.Gly890Arg)	1287	COL4A5	Likely pathogenic	GRCh38	974427
single nucleotide variant	NM_033380.3(COL4A5):c.3373G>A (p.Gly1125Arg)	1287	COL4A5	Likely pathogenic	GRCh38	974429
single nucleotide variant	NM_033380.3(COL4A5):c.3511C>T (p.Gln1171Ter)	1287	COL4A5	Pathogenic	GRCh38	974430
single nucleotide variant	NM_033380.3(COL4A5):c.141+1G>A	1287	COL4A5	Pathogenic	GRCh38	974387
single nucleotide variant	NM_033380.3(COL4A5):c.232-2A>G	1287	COL4A5	Pathogenic	GRCh38	974426
single nucleotide variant	NM_033380.3(COL4A5):c.465+1G>A	1287	COL4A5	Pathogenic	GRCh38	974468
single nucleotide variant	NM_033380.3(COL4A5):c.465+2T>G	1287	COL4A5	Pathogenic	GRCh38	974469
single nucleotide variant	NM_033380.3(COL4A5):c.546+2T>G	1287	COL4A5	Pathogenic	GRCh38	974471
single nucleotide variant	NM_033380.3(COL4A5):c.4316-20T>A	1287	COL4A5	Likely pathogenic	GRCh38	974467
single nucleotide variant	NM_033380.3(COL4A5):c.295G>A (p.Gly99Arg)	1287	COL4A5	Likely pathogenic	GRCh38	975062
single nucleotide variant	NM_033380.3(COL4A5):c.659T>A (p.Leu220Ter)	1287	COL4A5	Pathogenic	GRCh38	975087
single nucleotide variant	NM_033380.3(COL4A5):c.2333G>A (p.Gly778Asp)	1287	COL4A5	Pathogenic	GRCh38	975075
single nucleotide variant	NM_033380.3(COL4A5):c.2473G>A (p.Gly825Arg)	1287	COL4A5	Pathogenic/Likely pathogenic	GRCh38	975055
single nucleotide variant	NM_033380.3(COL4A5):c.3704G>T (p.Gly1235Val)	1287	COL4A5	Pathogenic	GRCh38	975852
single nucleotide variant	NM_033380.3(COL4A5):c.4938C>G (p.Tyr1646Ter)	1287	COL4A5	Pathogenic	GRCh38	975080
single nucleotide variant	NM_033380.3(COL4A5):c.182T>A (p.Leu61Ter)	1287	COL4A5	Likely pathogenic	GRCh38	983608
single nucleotide variant	NM_033380.3(COL4A5):c.439G>T (p.Gly147Ter)	1287	COL4A5	Likely pathogenic	GRCh38	983609
single nucleotide variant	NM_033380.3(COL4A5):c.494C>G (p.Ser165Ter)	1287	COL4A5	Likely pathogenic	GRCh38	983610
single nucleotide variant	NM_033380.3(COL4A5):c.745A>T (p.Arg249Ter)	1287	COL4A5	Likely pathogenic	GRCh38	983611
single nucleotide variant	NM_033380.3(COL4A5):c.1075G>T (p.Gly359Ter)	1287	COL4A5	Likely pathogenic	GRCh38	983612
single nucleotide variant	NM_033380.3(COL4A5):c.1198G>T (p.Gly400Ter)	1287	COL4A5	Likely pathogenic	GRCh38	983613
single nucleotide variant	NM_033380.3(COL4A5):c.1378G>T (p.Gly460Ter)	1287	COL4A5	Likely pathogenic	GRCh38	983614
single nucleotide variant	NM_033380.3(COL4A5):c.2392A>T (p.Lys798Ter)	1287	COL4A5	Likely pathogenic	GRCh38	983615
single nucleotide variant	NM_033380.3(COL4A5):c.2422G>T (p.Gly808Ter)	1287	COL4A5	Likely pathogenic	GRCh38	983895
single nucleotide variant	NM_033380.3(COL4A5):c.2653A>T (p.Lys885Ter)	1287	COL4A5	Likely pathogenic	GRCh38	983896
single nucleotide variant	NM_033380.3(COL4A5):c.2764A>T (p.Lys922Ter)	1287	COL4A5	Likely pathogenic	GRCh38	983897
single nucleotide variant	NM_033380.3(COL4A5):c.2926G>T (p.Gly976Ter)	1287	COL4A5	Likely pathogenic	GRCh38	983898
single nucleotide variant	NM_033380.3(COL4A5):c.2949T>A (p.Tyr983Ter)	1287	COL4A5	Pathogenic/Likely pathogenic	GRCh38	983899
single nucleotide variant	NM_033380.3(COL4A5):c.2957T>A (p.Leu986Ter)	1287	COL4A5	Likely pathogenic	GRCh38	983900
single nucleotide variant	NM_033380.3(COL4A5):c.2992C>T (p.Gln998Ter)	1287	COL4A5	Likely pathogenic	GRCh38	983901
single nucleotide variant	NM_033380.3(COL4A5):c.3043G>T (p.Gly1015Ter)	1287	COL4A5	Likely pathogenic	GRCh38	983902
single nucleotide variant	NM_033380.3(COL4A5):c.3151G>T (p.Gly1051Ter)	1287	COL4A5	Likely pathogenic	GRCh38	984060
single nucleotide variant	NM_033380.3(COL4A5):c.3244A>T (p.Lys1082Ter)	1287	COL4A5	Likely pathogenic	GRCh38	984061
single nucleotide variant	NM_033380.3(COL4A5):c.3270C>A (p.Tyr1090Ter)	1287	COL4A5	Likely pathogenic	GRCh38	984062
single nucleotide variant	NM_033380.3(COL4A5):c.3535G>T (p.Gly1179Ter)	1287	COL4A5	Likely pathogenic	GRCh38	984063
single nucleotide variant	NM_033380.3(COL4A5):c.3619G>T (p.Gly1207Ter)	1287	COL4A5	Likely pathogenic	GRCh38	984064
single nucleotide variant	NM_033380.3(COL4A5):c.4021A>T (p.Lys1341Ter)	1287	COL4A5	Likely pathogenic	GRCh38	984065
single nucleotide variant	NM_033380.3(COL4A5):c.4309C>T (p.Gln1437Ter)	1287	COL4A5	Likely pathogenic	GRCh38	984066
single nucleotide variant	NM_033380.3(COL4A5):c.4631G>A (p.Trp1544Ter)	1287	COL4A5	Pathogenic/Likely pathogenic	GRCh38	984067
single nucleotide variant	NM_033380.3(COL4A5):c.1525G>C (p.Gly509Arg)	1287	COL4A5	Pathogenic/Likely pathogenic	GRCh38	988118
single nucleotide variant	NM_033380.3(COL4A5):c.2042-2A>C	1287	COL4A5	Likely pathogenic	GRCh38	988154
single nucleotide variant	NM_033380.3(COL4A5):c.2129G>A (p.Gly710Glu)	1287	COL4A5	Likely pathogenic	GRCh38	988156
single nucleotide variant	NM_033380.3(COL4A5):c.2387G>A (p.Gly796Glu)	1287	COL4A5	Pathogenic	GRCh38	988185
single nucleotide variant	NM_033380.3(COL4A5):c.2678G>C (p.Gly893Ala)	1287	COL4A5	Pathogenic	GRCh38	988158
single nucleotide variant	NM_033380.3(COL4A5):c.3310G>C (p.Gly1104Arg)	1287	COL4A5	Pathogenic	GRCh38	988114
single nucleotide variant	NM_033380.3(COL4A5):c.3374-1G>A	1287	COL4A5	Pathogenic	GRCh38	988180
single nucleotide variant	NM_033380.3(COL4A5):c.3556C>T (p.Gln1186Ter)	1287	COL4A5	Pathogenic	GRCh38	988256
single nucleotide variant	NM_033380.3(COL4A5):c.3883C>T (p.Gln1295Ter)	1287	COL4A5	Pathogenic	GRCh38	988157
single nucleotide variant	NM_033380.3(COL4A5):c.3942+2T>C	1287	COL4A5	Pathogenic	GRCh38	988112
single nucleotide variant	NM_033380.3(COL4A5):c.4769C>A (p.Pro1590His)	1287	COL4A5	Pathogenic	GRCh38	988255
single nucleotide variant	NM_033380.3(COL4A5):c.3554G>T (p.Gly1185Val)	1287	COL4A5	Likely pathogenic	GRCh38	992389
single nucleotide variant	NM_033380.3(COL4A5):c.2396-1G>C	1287	COL4A5	Pathogenic	GRCh38	994527
single nucleotide variant	NM_033380.3(COL4A5):c.4316G>A (p.Gly1439Asp)	1287	COL4A5	Pathogenic/Likely pathogenic	GRCh38	996230
single nucleotide variant	NM_033380.3(COL4A5):c.671G>T (p.Gly224Val)	1287	COL4A5	Likely pathogenic	GRCh38	1048761
single nucleotide variant	NM_033380.3(COL4A5):c.4632G>C (p.Trp1544Cys)	1287	COL4A5	Pathogenic	GRCh38	1053313
single nucleotide variant	NM_033380.3(COL4A5):c.151G>A (p.Gly51Arg)	1287	COL4A5	Likely pathogenic	GRCh38	1067481
single nucleotide variant	NM_033380.3(COL4A5):c.413G>A (p.Gly138Asp)	1287	COL4A5	Likely pathogenic	GRCh38	1067097
single nucleotide variant	NM_033380.3(COL4A5):c.637G>C (p.Gly213Arg)	1287	COL4A5	Pathogenic/Likely pathogenic	GRCh38	1066320
single nucleotide variant	NM_033380.3(COL4A5):c.818G>A (p.Gly273Glu)	1287	COL4A5	Likely pathogenic	GRCh38	1066754
single nucleotide variant	NM_033380.3(COL4A5):c.1103G>A (p.Gly368Glu)	1287	COL4A5	Likely pathogenic	GRCh38	1066838
single nucleotide variant	NM_033380.3(COL4A5):c.1370G>A (p.Gly457Asp)	1287	COL4A5	Pathogenic/Likely pathogenic	GRCh38	1067067
single nucleotide variant	NM_033380.3(COL4A5):c.1378G>C (p.Gly460Arg)	1287	COL4A5	Likely pathogenic	GRCh38	1067870
single nucleotide variant	NM_033380.3(COL4A5):c.2033G>A (p.Gly678Asp)	1287	COL4A5	Likely pathogenic	GRCh38	1068352
single nucleotide variant	NM_033380.3(COL4A5):c.2042-2A>G	1287	COL4A5	Pathogenic/Likely pathogenic	GRCh38	1066653
single nucleotide variant	NM_033380.3(COL4A5):c.2998G>A (p.Gly1000Arg)	1287	COL4A5	Pathogenic/Likely pathogenic	GRCh38	1066338
single nucleotide variant	NM_033380.3(COL4A5):c.3079G>A (p.Gly1027Arg)	1287	COL4A5	Likely pathogenic	GRCh38	1067288
single nucleotide variant	NM_033380.3(COL4A5):c.3080G>A (p.Gly1027Glu)	1287	COL4A5	Likely pathogenic	GRCh38	1066731
single nucleotide variant	NM_033380.3(COL4A5):c.3107G>A (p.Gly1036Glu)	1287	COL4A5	Pathogenic/Likely pathogenic	GRCh38	1066759
single nucleotide variant	NM_033380.3(COL4A5):c.3347G>A (p.Gly1116Glu)	1287	COL4A5	Pathogenic/Likely pathogenic	GRCh38	1066732
single nucleotide variant	NM_033380.3(COL4A5):c.3445G>C (p.Gly1149Arg)	1287	COL4A5	Likely pathogenic	GRCh38	1066834
single nucleotide variant	NM_033380.3(COL4A5):c.3640G>A (p.Gly1214Arg)	1287	COL4A5	Likely pathogenic	GRCh38	1067445
single nucleotide variant	NM_033380.3(COL4A5):c.3721G>A (p.Gly1241Ser)	1287	COL4A5	Likely pathogenic	GRCh38	1066996
single nucleotide variant	NM_033380.3(COL4A5):c.3755G>A (p.Gly1252Asp)	1287	COL4A5	Likely pathogenic	GRCh38	1067667
single nucleotide variant	NM_033380.3(COL4A5):c.3809G>T (p.Gly1270Val)	1287	COL4A5	Likely pathogenic	GRCh38	1066230
single nucleotide variant	NM_033380.3(COL4A5):c.3827G>A (p.Gly1276Asp)	1287	COL4A5	Pathogenic	GRCh38	1066898
single nucleotide variant	NM_033380.3(COL4A5):c.3827G>T (p.Gly1276Val)	1287	COL4A5	Likely pathogenic	GRCh38	1067523
single nucleotide variant	NM_033380.3(COL4A5):c.3898G>A (p.Gly1300Ser)	1287	COL4A5	Likely pathogenic	GRCh38	1067226
single nucleotide variant	NM_033380.3(COL4A5):c.3907G>T (p.Gly1303Cys)	1287	COL4A5	Likely pathogenic	GRCh38	1066396
single nucleotide variant	NM_033380.3(COL4A5):c.4015+2T>C	1287	COL4A5	Pathogenic	GRCh38	1066187
single nucleotide variant	NM_033380.3(COL4A5):c.136G>T (p.Glu46Ter)	1287	COL4A5	Pathogenic	GRCh38	1069897
single nucleotide variant	NM_033380.3(COL4A5):c.466-1G>C	1287	COL4A5	Pathogenic	GRCh38	1075983
single nucleotide variant	NM_033380.3(COL4A5):c.781-2A>G	1287	COL4A5	Pathogenic	GRCh38	1072212
single nucleotide variant	NM_033380.3(COL4A5):c.834+1G>C	1287	COL4A5	Pathogenic	GRCh38	1072610
single nucleotide variant	NM_033380.3(COL4A5):c.874G>A (p.Gly292Arg)	1287	COL4A5	Pathogenic	GRCh38	1076557
single nucleotide variant	NM_033380.3(COL4A5):c.994C>T (p.Gln332Ter)	1287	COL4A5	Pathogenic	GRCh38	1070457
single nucleotide variant	NM_033380.3(COL4A5):c.1093G>A (p.Gly365Arg)	1287	COL4A5	Pathogenic/Likely pathogenic	GRCh38	1074914
single nucleotide variant	NM_033380.3(COL4A5):c.1217G>A (p.Gly406Asp)	1287	COL4A5	Pathogenic	GRCh38	1075944
single nucleotide variant	NM_033380.3(COL4A5):c.1396G>T (p.Gly466Ter)	1287	COL4A5	Pathogenic	GRCh38	1074092
single nucleotide variant	NM_033380.3(COL4A5):c.1633G>A (p.Gly545Ser)	1287	COL4A5	Pathogenic	GRCh38	1073886
single nucleotide variant	NM_033380.3(COL4A5):c.1808G>A (p.Gly603Asp)	1287	COL4A5	Pathogenic/Likely pathogenic	GRCh38	1076952
single nucleotide variant	NM_033380.3(COL4A5):c.1862G>A (p.Gly621Asp)	1287	COL4A5	Pathogenic/Likely pathogenic	GRCh38	1072946
single nucleotide variant	NM_033380.3(COL4A5):c.1940G>T (p.Gly647Val)	1287	COL4A5	Pathogenic	GRCh38	1073034
single nucleotide variant	NM_033380.3(COL4A5):c.2042-1G>A	1287	COL4A5	Pathogenic	GRCh38	1071493
single nucleotide variant	NM_033380.3(COL4A5):c.2615G>A (p.Gly872Asp)	1287	COL4A5	Pathogenic	GRCh38	1075130
single nucleotide variant	NM_033380.3(COL4A5):c.2950C>T (p.Gln984Ter)	1287	COL4A5	Pathogenic	GRCh38	1074887
single nucleotide variant	NM_033380.3(COL4A5):c.3373G>C (p.Gly1125Arg)	1287	COL4A5	Pathogenic	GRCh38	1069146
single nucleotide variant	NM_033380.3(COL4A5):c.3491G>A (p.Gly1164Asp)	1287	COL4A5	Pathogenic	GRCh38	1070190
single nucleotide variant	NM_033380.3(COL4A5):c.3922C>T (p.Gln1308Ter)	1287	COL4A5	Pathogenic	GRCh38	1070191
single nucleotide variant	NM_033380.3(COL4A5):c.4079G>A (p.Gly1360Asp)	1287	COL4A5	Pathogenic	GRCh38	1072947
single nucleotide variant	NM_033380.3(COL4A5):c.4446C>G (p.Cys1482Trp)	1287	COL4A5	Pathogenic	GRCh38	1074048
single nucleotide variant	NM_033380.3(COL4A5):c.4462C>T (p.Gln1488Ter)	1287	COL4A5	Pathogenic	GRCh38	1070192
single nucleotide variant	NM_033380.3(COL4A5):c.4528+2T>C	1287	COL4A5	Pathogenic/Likely pathogenic	GRCh38	1068943
single nucleotide variant	NM_033380.3(COL4A5):c.4706+1G>T	1287	COL4A5	Pathogenic	GRCh38	1073893
single nucleotide variant	NM_033380.3(COL4A5):c.4706+2T>C	1287	COL4A5	Pathogenic	GRCh38	1073265
single nucleotide variant	NM_033380.3(COL4A5):c.5023G>T (p.Gly1675Ter)	1287	COL4A5	Pathogenic	GRCh38	1070103
single nucleotide variant	NM_033380.3(COL4A5):c.5030T>A (p.Leu1677Ter)	1287	COL4A5	Pathogenic	GRCh38	1074994
single nucleotide variant	NM_033380.3(COL4A5):c.322-1G>T	1287	COL4A5	Pathogenic	GRCh38	1077055
single nucleotide variant	NM_033380.3(COL4A5):c.439-1G>A	1287	COL4A5	Pathogenic/Likely pathogenic	GRCh38	1077037
single nucleotide variant	NM_033380.3(COL4A5):c.539G>A (p.Gly180Glu)	1287	COL4A5	Likely pathogenic	GRCh38	1077054
single nucleotide variant	NM_033380.3(COL4A5):c.937G>T (p.Gly313Cys)	1287	COL4A5	Likely pathogenic	GRCh38	1077048
single nucleotide variant	NM_033380.3(COL4A5):c.1033-2A>G	1287	COL4A5	Pathogenic/Likely pathogenic	GRCh38	1077047
single nucleotide variant	NM_033380.3(COL4A5):c.1480G>T (p.Gly494Cys)	1287	COL4A5	Pathogenic	GRCh38	1077050
single nucleotide variant	NM_033380.3(COL4A5):c.1871G>T (p.Gly624Val)	1287	COL4A5	Pathogenic/Likely pathogenic	GRCh38	1077043
single nucleotide variant	NM_033380.3(COL4A5):c.1930G>T (p.Gly644Cys)	1287	COL4A5	Likely pathogenic	GRCh38	1077049
single nucleotide variant	NM_033380.3(COL4A5):c.2146G>A (p.Gly716Ser)	1287	COL4A5	Pathogenic	GRCh38	1077046
single nucleotide variant	NM_033380.3(COL4A5):c.2395+3A>G	1287	COL4A5	Likely pathogenic	GRCh38	1077045
single nucleotide variant	NM_033380.3(COL4A5):c.3311G>A (p.Gly1104Asp)	1287	COL4A5	Likely pathogenic	GRCh38	1077057
single nucleotide variant	NM_033380.3(COL4A5):c.3670G>T (p.Glu1224Ter)	1287	COL4A5	Pathogenic	GRCh38	1077053
single nucleotide variant	NM_033380.3(COL4A5):c.3791G>T (p.Gly1264Val)	1287	COL4A5	Likely pathogenic	GRCh38	1077052
single nucleotide variant	NM_033380.3(COL4A5):c.3817G>A (p.Gly1273Ser)	1287	COL4A5	Likely pathogenic	GRCh38	1077059
single nucleotide variant	NM_033380.3(COL4A5):c.4528G>C (p.Gly1510Arg)	1287	COL4A5	Pathogenic	GRCh38	1077051
single nucleotide variant	NM_033380.3(COL4A5):c.4787G>A (p.Trp1596Ter)	1287	COL4A5	Pathogenic	GRCh38	1077056
single nucleotide variant	NM_033380.3(COL4A5):c.91G>T (p.Gly31Trp)	1287	COL4A5	Likely pathogenic	GRCh38	1179119
single nucleotide variant	NM_033380.3(COL4A5):c.367G>C (p.Gly123Arg)	1287	COL4A5	Likely pathogenic	GRCh38	1179130
single nucleotide variant	NM_033380.3(COL4A5):c.1226G>C (p.Gly409Ala)	1287	COL4A5	Likely pathogenic	GRCh38	1179155
single nucleotide variant	NM_033380.3(COL4A5):c.3016+2T>C	1287	COL4A5	Likely pathogenic	GRCh38	1179044
single nucleotide variant	NM_033380.3(COL4A5):c.3152G>T (p.Gly1051Val)	1287	COL4A5	Likely pathogenic	GRCh38	1179037
single nucleotide variant	NM_033380.3(COL4A5):c.4325G>A (p.Gly1442Asp)	1287	COL4A5	Likely pathogenic	GRCh38	1179036
single nucleotide variant	NM_033380.3(COL4A5):c.1001G>A (p.Gly334Asp)	1287	COL4A5	Pathogenic	GRCh38	1184578
single nucleotide variant	NM_033380.3(COL4A5):c.4315+2T>A	1287	COL4A5	Likely pathogenic	GRCh38	1184579
single nucleotide variant	NM_033380.3(COL4A5):c.1861G>A (p.Gly621Ser)	1287	COL4A5	Pathogenic/Likely pathogenic	GRCh38	1191044
single nucleotide variant	NM_033380.3(COL4A5):c.3940C>T (p.Gln1314Ter)	1287	COL4A5	Pathogenic	GRCh38	1256326
single nucleotide variant	NM_033380.3(COL4A5):c.1525G>T (p.Gly509Cys)	1287	COL4A5	Pathogenic	GRCh38	1285134
single nucleotide variant	NM_033380.3(COL4A5):c.228A>T (p.Gln76His)	1287	COL4A5	Likely pathogenic	GRCh38	1299530
single nucleotide variant	NM_033380.3(COL4A5):c.2974C>T (p.Gln992Ter)	1287	COL4A5	Pathogenic	GRCh38	1300189
single nucleotide variant	NM_033380.3(COL4A5):c.4995-1G>T	1287	COL4A5	Pathogenic/Likely pathogenic	GRCh38	1301329
single nucleotide variant	NM_033380.3(COL4A5):c.2087G>A (p.Gly696Asp)	1287	COL4A5	Pathogenic	GRCh38	1322135
single nucleotide variant	NM_033380.3(COL4A5):c.866G>A (p.Gly289Asp)	1287	COL4A5	Pathogenic/Likely pathogenic	GRCh38	1322136
single nucleotide variant	NM_033380.3(COL4A5):c.3809G>A (p.Gly1270Asp)	1287	COL4A5	Likely pathogenic	GRCh38	1324124
single nucleotide variant	NM_033380.3(COL4A5):c.3553G>C (p.Gly1185Arg)	1287	COL4A5	Likely pathogenic	GRCh38	1328468
single nucleotide variant	NM_033380.3(COL4A5):c.936+2T>C	1287	COL4A5	Pathogenic	GRCh38	1328471
single nucleotide variant	NM_033380.3(COL4A5):c.3703G>T (p.Gly1235Cys)	1287	COL4A5	Likely pathogenic	GRCh38	1328473
single nucleotide variant	NM_033380.3(COL4A5):c.2440G>A (p.Gly814Arg)	1287	COL4A5	Likely pathogenic	GRCh38	1333485
single nucleotide variant	NM_033380.3(COL4A5):c.1090C>T (p.Pro364Ser)	1287	COL4A5	Likely pathogenic	GRCh38	1333642
single nucleotide variant	NM_033380.3(COL4A5):c.4788G>A (p.Trp1596Ter)	1287	COL4A5	Likely pathogenic	GRCh38	1339094
single nucleotide variant	NM_033380.3(COL4A5):c.3508G>C (p.Gly1170Arg)	1287	COL4A5	Likely pathogenic	GRCh38	1341995
single nucleotide variant	NM_033380.3(COL4A5):c.3106+1G>A	1287	COL4A5	Likely pathogenic	GRCh38	1342005
single nucleotide variant	NM_033380.3(COL4A5):c.3554-2A>G	1287	COL4A5	Likely pathogenic	GRCh38	1342014
single nucleotide variant	NM_033380.3(COL4A5):c.4809T>G (p.Tyr1603Ter)	1287	COL4A5	Pathogenic	GRCh38	1344647
single nucleotide variant	NM_033380.3(COL4A5):c.2396G>A (p.Gly799Asp)	1287	COL4A5	Likely pathogenic	GRCh38	1344657
single nucleotide variant	NM_033380.3(COL4A5):c.1423+1G>T	1287	COL4A5	Pathogenic	GRCh38	1344659
single nucleotide variant	NM_033380.3(COL4A5):c.5050T>G (p.Cys1684Gly)	1287	COL4A5	Likely pathogenic	GRCh38	1504190
single nucleotide variant	NM_033380.3(COL4A5):c.891+1G>T	1287	COL4A5	Pathogenic/Likely pathogenic	GRCh38	1448875
single nucleotide variant	NM_033380.3(COL4A5):c.3436G>A (p.Gly1146Arg)	1287	COL4A5	Likely pathogenic	GRCh38	1521811
single nucleotide variant	NM_033380.3(COL4A5):c.3346G>A (p.Gly1116Arg)	1287	COL4A5	Pathogenic/Likely pathogenic	GRCh38	1412256
single nucleotide variant	NM_033380.3(COL4A5):c.557G>A (p.Gly186Asp)	1287	COL4A5	Likely pathogenic	GRCh38	1465592
single nucleotide variant	NM_033380.3(COL4A5):c.3536G>T (p.Gly1179Val)	1287	COL4A5	Likely pathogenic	GRCh38	1493509
single nucleotide variant	NM_033380.3(COL4A5):c.2510-1G>A	1287	COL4A5	Likely pathogenic	GRCh38	1467363
single nucleotide variant	NM_033380.3(COL4A5):c.3730G>C (p.Gly1244Arg)	1287	COL4A5	Likely pathogenic	GRCh38	1525020
single nucleotide variant	NM_033380.3(COL4A5):c.2660G>A (p.Gly887Asp)	1287	COL4A5	Pathogenic	GRCh38	1452536
single nucleotide variant	NM_033380.3(COL4A5):c.1940G>A (p.Gly647Glu)	1287	COL4A5	Likely pathogenic	GRCh38	1509321
single nucleotide variant	NM_033380.3(COL4A5):c.1543G>A (p.Gly515Arg)	1287	COL4A5	Pathogenic	GRCh38	1372042
single nucleotide variant	NM_033380.3(COL4A5):c.3454G>T (p.Gly1152Cys)	1287	COL4A5	Likely pathogenic	GRCh38	1481511
single nucleotide variant	NM_033380.3(COL4A5):c.4088G>C (p.Gly1363Ala)	1287	COL4A5	Likely pathogenic	GRCh38	1495154
single nucleotide variant	NM_033380.3(COL4A5):c.439G>A (p.Gly147Arg)	1287	COL4A5	Likely pathogenic	GRCh38	1495185
single nucleotide variant	NM_033380.3(COL4A5):c.2227G>A (p.Gly743Ser)	1287	COL4A5	Likely pathogenic	GRCh38	1495278
single nucleotide variant	NM_033380.3(COL4A5):c.919G>A (p.Gly307Ser)	1287	COL4A5	Pathogenic/Likely pathogenic	GRCh38	1522243
single nucleotide variant	NM_033380.3(COL4A5):c.4821+2T>C	1287	COL4A5	Pathogenic	GRCh38	1388280
single nucleotide variant	NM_033380.3(COL4A5):c.3686G>C (p.Gly1229Ala)	1287	COL4A5	Likely pathogenic	GRCh38	1470320
single nucleotide variant	NM_033380.3(COL4A5):c.2659G>A (p.Gly887Ser)	1287	COL4A5	Pathogenic	GRCh38	1455953
single nucleotide variant	NM_033380.3(COL4A5):c.983G>T (p.Gly328Val)	1287	COL4A5	Likely pathogenic	GRCh38	1512682
single nucleotide variant	NM_033380.3(COL4A5):c.1549A>T (p.Lys517Ter)	1287	COL4A5	Pathogenic	GRCh38	1391710
single nucleotide variant	NM_033380.3(COL4A5):c.5006C>G (p.Ser1669Ter)	1287	COL4A5	Pathogenic	GRCh38	1391400
single nucleotide variant	NM_033380.3(COL4A5):c.314G>A (p.Gly105Asp)	1287	COL4A5	Likely pathogenic	GRCh38	1472489
single nucleotide variant	NM_033380.3(COL4A5):c.3247-2A>G	1287	COL4A5	Pathogenic	GRCh38	1448421
single nucleotide variant	NM_033380.3(COL4A5):c.602G>A (p.Gly201Asp)	1287	COL4A5	Pathogenic	GRCh38	1392961
single nucleotide variant	NM_033380.3(COL4A5):c.1727G>A (p.Gly576Asp)	1287	COL4A5	Pathogenic/Likely pathogenic	GRCh38	1475138
single nucleotide variant	NM_033380.3(COL4A5):c.4070G>A (p.Gly1357Glu)	1287	COL4A5	Likely pathogenic	GRCh38	1475236
single nucleotide variant	NM_033380.3(COL4A5):c.3373+2T>C	1287	COL4A5	Likely pathogenic	GRCh38	1500305
single nucleotide variant	NM_033380.3(COL4A5):c.439-7A>G	1287	COL4A5	Likely pathogenic	GRCh38	1395099
single nucleotide variant	NM_033380.3(COL4A5):c.2501G>T (p.Gly834Val)	1287	COL4A5	Pathogenic	GRCh38	1424204
single nucleotide variant	NM_033380.3(COL4A5):c.1411C>T (p.Gln471Ter)	1287	COL4A5	Pathogenic	GRCh38	1453501
single nucleotide variant	NM_033380.3(COL4A5):c.4474G>A (p.Gly1492Ser)	1287	COL4A5	Pathogenic	GRCh38	1519304
single nucleotide variant	NM_033380.3(COL4A5):c.494C>A (p.Ser165Ter)	1287	COL4A5	Pathogenic	GRCh38	1424708
single nucleotide variant	NM_033380.3(COL4A5):c.659T>G (p.Leu220Ter)	1287	COL4A5	Pathogenic	GRCh38	1451992
single nucleotide variant	NM_033380.3(COL4A5):c.575G>A (p.Gly192Glu)	1287	COL4A5	Likely pathogenic	GRCh38	1508006
single nucleotide variant	NM_033380.3(COL4A5):c.3781G>A (p.Gly1261Arg)	1287	COL4A5	Likely pathogenic	GRCh38	1508303
single nucleotide variant	NM_033380.3(COL4A5):c.321+1G>A	1287	COL4A5	Likely pathogenic	GRCh38	1482121
single nucleotide variant	NM_033380.3(COL4A5):c.231+2T>C	1287	COL4A5	Pathogenic/Likely pathogenic	GRCh38	1438782
single nucleotide variant	NM_033380.3(COL4A5):c.799G>C (p.Gly267Arg)	1287	COL4A5	Pathogenic/Likely pathogenic	GRCh38	1507208
single nucleotide variant	NM_033380.3(COL4A5):c.278G>T (p.Gly93Val)	1287	COL4A5	Likely pathogenic	GRCh38	1481136
single nucleotide variant	NM_033380.3(COL4A5):c.2359G>C (p.Gly787Arg)	1287	COL4A5	Pathogenic	GRCh38	1508829
single nucleotide variant	NM_033380.3(COL4A5):c.394G>A (p.Gly132Arg)	1287	COL4A5	Likely pathogenic	GRCh38	1346943
single nucleotide variant	NM_033380.3(COL4A5):c.161G>T (p.Gly54Val)	1287	COL4A5	Likely pathogenic	GRCh38	1347197
single nucleotide variant	NM_033380.3(COL4A5):c.1948+1G>C	1287	COL4A5	Pathogenic	GRCh38	1401996
single nucleotide variant	NM_033380.3(COL4A5):c.782G>A (p.Gly261Glu)	1287	COL4A5	Likely pathogenic	GRCh38	1346769
single nucleotide variant	NM_033380.3(COL4A5):c.2518G>T (p.Gly840Ter)	1287	COL4A5	Pathogenic	GRCh38	1456266
single nucleotide variant	NM_033380.3(COL4A5):c.1490G>A (p.Gly497Asp)	1287	COL4A5	Pathogenic/Likely pathogenic	GRCh38	1522713
single nucleotide variant	NM_033380.3(COL4A5):c.3106G>C (p.Gly1036Arg)	1287	COL4A5	Pathogenic	GRCh38	1440595
single nucleotide variant	NM_033380.3(COL4A5):c.1190G>T (p.Gly397Val)	1287	COL4A5	Pathogenic/Likely pathogenic	GRCh38	1455628
single nucleotide variant	NM_033380.3(COL4A5):c.1369G>A (p.Gly457Ser)	1287	COL4A5	Likely pathogenic	GRCh38	1347378
single nucleotide variant	NM_033380.3(COL4A5):c.891+2T>A	1287	COL4A5	Pathogenic	GRCh38	1513579
single nucleotide variant	NM_033380.3(COL4A5):c.1543G>C (p.Gly515Arg)	1287	COL4A5	Pathogenic	GRCh38	1442092
single nucleotide variant	NM_033380.3(COL4A5):c.991-14A>G	1287	COL4A5	Likely pathogenic	GRCh38	1484602
single nucleotide variant	NM_033380.3(COL4A5):c.687+1G>C	1287	COL4A5	Pathogenic	GRCh38	1376555
single nucleotide variant	NM_033380.3(COL4A5):c.2908G>A (p.Gly970Ser)	1287	COL4A5	Likely pathogenic	GRCh38	1487710
single nucleotide variant	NM_033380.3(COL4A5):c.2833G>T (p.Glu945Ter)	1287	COL4A5	Pathogenic	GRCh38	1459457
single nucleotide variant	NM_033380.3(COL4A5):c.2786G>A (p.Gly929Asp)	1287	COL4A5	Likely pathogenic	GRCh38	1514624
single nucleotide variant	NM_033380.3(COL4A5):c.5051G>A (p.Cys1684Tyr)	1287	COL4A5	Pathogenic/Likely pathogenic	GRCh38	1458972
single nucleotide variant	NM_033380.3(COL4A5):c.3850G>T (p.Gly1284Ter)	1287	COL4A5	Pathogenic/Likely pathogenic	GRCh38	1350803
single nucleotide variant	NM_033380.3(COL4A5):c.3944G>T (p.Gly1315Val)	1287	COL4A5	Likely pathogenic	GRCh38	1489240
single nucleotide variant	NM_033380.3(COL4A5):c.2306G>A (p.Gly769Glu)	1287	COL4A5	Likely pathogenic	GRCh38	1516172
single nucleotide variant	NM_033380.3(COL4A5):c.141+2T>C	1287	COL4A5	Pathogenic	GRCh38	1392439
single nucleotide variant	NM_033380.3(COL4A5):c.3508G>T (p.Gly1170Cys)	1287	COL4A5	Pathogenic/Likely pathogenic	GRCh38	1502533
single nucleotide variant	NM_033380.3(COL4A5):c.3035G>A (p.Gly1012Asp)	1287	COL4A5	Pathogenic	GRCh38	1434827
single nucleotide variant	NM_033380.3(COL4A5):c.3605G>A (p.Gly1202Asp)	1287	COL4A5	Pathogenic	GRCh38	1438045
single nucleotide variant	NM_033380.3(COL4A5):c.3989G>C (p.Gly1330Ala)	1287	COL4A5	Likely pathogenic	GRCh38	1464935
single nucleotide variant	NM_033380.3(COL4A5):c.3730G>A (p.Gly1244Ser)	1287	COL4A5	Likely pathogenic	GRCh38	1517348
single nucleotide variant	NM_033380.3(COL4A5):c.1234G>A (p.Gly412Arg)	1287	COL4A5	Likely pathogenic	GRCh38	1520095
single nucleotide variant	NM_033380.3(COL4A5):c.2794G>A (p.Gly932Arg)	1287	COL4A5	Likely pathogenic	GRCh38	1520447
single nucleotide variant	NM_033380.3(COL4A5):c.991-7T>A	1287	COL4A5	Likely pathogenic	GRCh38	1526147
single nucleotide variant	NM_033380.3(COL4A5):c.2713G>C (p.Gly905Arg)	1287	COL4A5	Likely pathogenic	GRCh38	1527901
single nucleotide variant	NM_033380.3(COL4A5):c.1226G>T (p.Gly409Val)	1287	COL4A5	Pathogenic/Likely pathogenic	GRCh38	1676179
single nucleotide variant	NM_033380.3(COL4A5):c.1138G>T (p.Gly380Cys)	1287	COL4A5	Pathogenic	GRCh38	1685655
single nucleotide variant	NM_033380.3(COL4A5):c.1817G>A (p.Gly606Glu)	1287	COL4A5	Pathogenic	GRCh38	1685656
single nucleotide variant	NM_033380.3(COL4A5):c.321+5G>A	1287	COL4A5	Pathogenic	GRCh38	1691826
single nucleotide variant	NM_033380.3(COL4A5):c.427C>T (p.Gln143Ter)	1287	COL4A5	Likely pathogenic	GRCh38	1700009
single nucleotide variant	NM_033380.3(COL4A5):c.1312G>C (p.Gly438Arg)	1287	COL4A5	Likely pathogenic	GRCh38	1700014
single nucleotide variant	NM_033380.3(COL4A5):c.385-716G>A	1287	COL4A5	Pathogenic	GRCh38	1703256
single nucleotide variant	NM_033380.3(COL4A5):c.511G>T (p.Gly171Cys)	1287	COL4A5	Likely pathogenic	GRCh38	1705311
single nucleotide variant	NM_033380.3(COL4A5):c.835-9T>A	1287	COL4A5	Pathogenic	GRCh38	1711171
single nucleotide variant	NM_033380.3(COL4A5):c.1762G>A (p.Gly588Ser)	1287	COL4A5	Likely pathogenic	GRCh38	1711716
single nucleotide variant	NM_033380.3(COL4A5):c.3622G>C (p.Gly1208Arg)	1287	COL4A5	Likely pathogenic	GRCh38	1723183
single nucleotide variant	NM_033380.3(COL4A5):c.4504A>T (p.Lys1502Ter)	1287	COL4A5	Likely pathogenic	GRCh38	1724058
single nucleotide variant	NM_033380.3(COL4A5):c.367G>T (p.Gly123Ter)	1287	COL4A5	Likely pathogenic	GRCh38	1724363
single nucleotide variant	NM_033380.3(COL4A5):c.694C>T (p.Gln232Ter)	1287	COL4A5	Likely pathogenic	GRCh38	1724426
single nucleotide variant	NM_033380.3(COL4A5):c.4783G>T (p.Gly1595Ter)	1287	COL4A5	Pathogenic/Likely pathogenic	GRCh38	1724536
single nucleotide variant	NM_033380.3(COL4A5):c.4057G>T (p.Glu1353Ter)	1287	COL4A5	Likely pathogenic	GRCh38	1724781
single nucleotide variant	NM_033380.3(COL4A5):c.2668G>T (p.Gly890Ter)	1287	COL4A5	Likely pathogenic	GRCh38	1724859
single nucleotide variant	NM_033380.3(COL4A5):c.2683A>T (p.Lys895Ter)	1287	COL4A5	Likely pathogenic	GRCh38	1724884
single nucleotide variant	NM_033380.3(COL4A5):c.1748T>A (p.Leu583Ter)	1287	COL4A5	Likely pathogenic	GRCh38	1725104
single nucleotide variant	NM_033380.3(COL4A5):c.4762C>T (p.Gln1588Ter)	1287	COL4A5	Likely pathogenic	GRCh38	1725154
single nucleotide variant	NM_033380.3(COL4A5):c.3002T>A (p.Leu1001Ter)	1287	COL4A5	Likely pathogenic	GRCh38	1725244
single nucleotide variant	NM_033380.3(COL4A5):c.703C>T (p.Gln235Ter)	1287	COL4A5	Likely pathogenic	GRCh38	1725442
single nucleotide variant	NM_033380.3(COL4A5):c.4211T>A (p.Leu1404Ter)	1287	COL4A5	Likely pathogenic	GRCh38	1725787
single nucleotide variant	NM_033380.3(COL4A5):c.3460G>T (p.Gly1154Ter)	1287	COL4A5	Likely pathogenic	GRCh38	1725953
single nucleotide variant	NM_033380.3(COL4A5):c.469G>T (p.Glu157Ter)	1287	COL4A5	Likely pathogenic	GRCh38	1726240
single nucleotide variant	NM_033380.3(COL4A5):c.3784A>T (p.Arg1262Ter)	1287	COL4A5	Likely pathogenic	GRCh38	1726362
single nucleotide variant	NM_033380.3(COL4A5):c.3008G>T (p.Gly1003Val)	1287	COL4A5	Likely pathogenic	GRCh38	1803952
single nucleotide variant	NM_033380.3(COL4A5):c.817G>A (p.Gly273Arg)	1287	COL4A5	Likely pathogenic	GRCh38	1804104
single nucleotide variant	NM_033380.3(COL4A5):c.919G>C (p.Gly307Arg)	1287	COL4A5	Likely pathogenic	GRCh38	1804105
single nucleotide variant	NM_033380.3(COL4A5):c.956G>T (p.Gly319Val)	1287	COL4A5	Likely pathogenic	GRCh38	1804106
single nucleotide variant	NM_033380.3(COL4A5):c.2104G>C (p.Gly702Arg)	1287	COL4A5	Likely pathogenic	GRCh38	1805490
single nucleotide variant	NM_033380.3(COL4A5):c.3773G>T (p.Gly1258Val)	1287	COL4A5	Likely pathogenic	GRCh38	1805492
single nucleotide variant	NM_033380.3(COL4A5):c.1625G>T (p.Gly542Val)	1287	COL4A5	Likely pathogenic	GRCh38	1806082
single nucleotide variant	NM_033380.3(COL4A5):c.4180G>C (p.Gly1394Arg)	1287	COL4A5	Likely pathogenic	GRCh38	1806169
single nucleotide variant	NM_033380.3(COL4A5):c.231+1G>T	1287	COL4A5	Likely pathogenic	GRCh38	1810201
single nucleotide variant	NM_033380.3(COL4A5):c.2785G>A (p.Gly929Ser)	1287	COL4A5	Likely pathogenic	GRCh38	2149550
single nucleotide variant	NM_033380.3(COL4A5):c.556G>A (p.Gly186Ser)	1287	COL4A5	Pathogenic/Likely pathogenic	GRCh38	2138683
single nucleotide variant	NM_033380.3(COL4A5):c.1807G>T (p.Gly603Cys)	1287	COL4A5	Pathogenic	GRCh38	2138694
single nucleotide variant	NM_033380.3(COL4A5):c.2024G>A (p.Gly675Asp)	1287	COL4A5	Pathogenic/Likely pathogenic	GRCh38	2138700
single nucleotide variant	NM_033380.3(COL4A5):c.2641G>A (p.Gly881Arg)	1287	COL4A5	Pathogenic	GRCh38	2138703
single nucleotide variant	NM_033380.3(COL4A5):c.3509G>T (p.Gly1170Val)	1287	COL4A5	Likely pathogenic	GRCh38	2138706
single nucleotide variant	NM_033380.3(COL4A5):c.3809-1G>A	1287	COL4A5	Pathogenic	GRCh38	2138708
single nucleotide variant	NM_033380.3(COL4A5):c.1870G>C (p.Gly624Arg)	1287	COL4A5	Likely pathogenic	GRCh38	2155539
single nucleotide variant	NM_033380.3(COL4A5):c.2713G>A (p.Gly905Ser)	1287	COL4A5	Likely pathogenic	GRCh38	2188378
single nucleotide variant	NM_033380.3(COL4A5):c.3017-2A>G	1287	COL4A5	Pathogenic/Likely pathogenic	GRCh38	1878364
single nucleotide variant	NM_033380.3(COL4A5):c.1267G>T (p.Gly423Ter)	1287	COL4A5	Pathogenic	GRCh38	1878686
single nucleotide variant	NM_033380.3(COL4A5):c.646-2A>G	1287	COL4A5	Pathogenic/Likely pathogenic	GRCh38	2419218
single nucleotide variant	NM_033380.3(COL4A5):c.2210G>A (p.Gly737Asp)	1287	COL4A5	Pathogenic/Likely pathogenic	GRCh38	2419219
single nucleotide variant	NM_033380.3(COL4A5):c.3604+1G>A	1287	COL4A5	Pathogenic	GRCh38	2419220
single nucleotide variant	NM_033380.3(COL4A5):c.340G>A (p.Gly114Arg)	1287	COL4A5	Likely pathogenic	GRCh38	1925306
single nucleotide variant	NM_033380.3(COL4A5):c.133G>A (p.Gly45Arg)	1287	COL4A5	Likely pathogenic	GRCh38	1958991
single nucleotide variant	NM_033380.3(COL4A5):c.2245G>A (p.Gly749Ser)	1287	COL4A5	Pathogenic	GRCh38	1992310
single nucleotide variant	NM_033380.3(COL4A5):c.4598G>T (p.Cys1533Phe)	1287	COL4A5	Likely pathogenic	GRCh38	1992369
single nucleotide variant	NM_033380.3(COL4A5):c.2936G>A (p.Gly979Glu)	1287	COL4A5	Likely pathogenic	GRCh38	2002208
single nucleotide variant	NM_033380.3(COL4A5):c.3500G>A (p.Gly1167Asp)	1287	COL4A5	Likely pathogenic	GRCh38	2003824
single nucleotide variant	NM_033380.3(COL4A5):c.4707-1G>A	1287	COL4A5	Likely pathogenic	GRCh38	1994581
single nucleotide variant	NM_033380.3(COL4A5):c.2078G>T (p.Gly693Val)	1287	COL4A5	Pathogenic	GRCh38	1998125
single nucleotide variant	NM_033380.3(COL4A5):c.1682G>A (p.Gly561Glu)	1287	COL4A5	Likely pathogenic	GRCh38	1993770
single nucleotide variant	NM_033380.3(COL4A5):c.826G>A (p.Gly276Ser)	1287	COL4A5	Likely pathogenic	GRCh38	1993856
single nucleotide variant	NM_033380.3(COL4A5):c.2530G>T (p.Glu844Ter)	1287	COL4A5	Pathogenic	GRCh38	2000602
single nucleotide variant	NM_033380.3(COL4A5):c.1753G>A (p.Gly585Arg)	1287	COL4A5	Pathogenic	GRCh38	2015063
single nucleotide variant	NM_033380.3(COL4A5):c.3917G>T (p.Gly1306Val)	1287	COL4A5	Likely pathogenic	GRCh38	2005933
single nucleotide variant	NM_033380.3(COL4A5):c.440G>A (p.Gly147Glu)	1287	COL4A5	Likely pathogenic	GRCh38	2007884
single nucleotide variant	NM_033380.3(COL4A5):c.4088-2A>G	1287	COL4A5	Pathogenic/Likely pathogenic	GRCh38	2014736
single nucleotide variant	NM_033380.3(COL4A5):c.3454+1G>A	1287	COL4A5	Pathogenic	GRCh38	2022873
single nucleotide variant	NM_033380.3(COL4A5):c.2741G>C (p.Gly914Ala)	1287	COL4A5	Likely pathogenic	GRCh38	2031218
single nucleotide variant	NM_033380.3(COL4A5):c.1304G>A (p.Gly435Glu)	1287	COL4A5	Likely pathogenic	GRCh38	2031252
single nucleotide variant	NM_033380.3(COL4A5):c.2740G>A (p.Gly914Ser)	1287	COL4A5	Likely pathogenic	GRCh38	2032817
single nucleotide variant	NM_033380.3(COL4A5):c.620G>T (p.Gly207Val)	1287	COL4A5	Likely pathogenic	GRCh38	2023909
single nucleotide variant	NM_033380.3(COL4A5):c.1958G>C (p.Gly653Ala)	1287	COL4A5	Pathogenic	GRCh38	2027560
single nucleotide variant	NM_033380.3(COL4A5):c.937-2A>G	1287	COL4A5	Pathogenic	GRCh38	2032606
single nucleotide variant	NM_033380.3(COL4A5):c.3320G>A (p.Gly1107Glu)	1287	COL4A5	Likely pathogenic	GRCh38	2021989
single nucleotide variant	NM_033380.3(COL4A5):c.2962G>T (p.Gly988Ter)	1287	COL4A5	Pathogenic/Likely pathogenic	GRCh38	2026325
single nucleotide variant	NM_033380.3(COL4A5):c.4016G>A (p.Gly1339Asp)	1287	COL4A5	Likely pathogenic	GRCh38	2028029
single nucleotide variant	NM_033380.3(COL4A5):c.2146+1G>T	1287	COL4A5	Pathogenic	GRCh38	2031452
single nucleotide variant	NM_033380.3(COL4A5):c.643A>T (p.Lys215Ter)	1287	COL4A5	Pathogenic	GRCh38	2035677
single nucleotide variant	NM_033380.3(COL4A5):c.1780-2A>G	1287	COL4A5	Pathogenic	GRCh38	2053049
single nucleotide variant	NM_033380.3(COL4A5):c.835-1G>C	1287	COL4A5	Likely pathogenic	GRCh38	2067400
single nucleotide variant	NM_033380.3(COL4A5):c.2069G>T (p.Gly690Val)	1287	COL4A5	Likely pathogenic	GRCh38	2069619
single nucleotide variant	NM_033380.3(COL4A5):c.1834G>C (p.Gly612Arg)	1287	COL4A5	Pathogenic	GRCh38	2099251
single nucleotide variant	NM_033380.3(COL4A5):c.3844G>A (p.Gly1282Arg)	1287	COL4A5	Likely pathogenic	GRCh38	2093247
single nucleotide variant	NM_033380.3(COL4A5):c.1587+1G>C	1287	COL4A5	Pathogenic	GRCh38	2098477
single nucleotide variant	NM_033380.3(COL4A5):c.2032G>A (p.Gly678Ser)	1287	COL4A5	Likely pathogenic	GRCh38	2100121
single nucleotide variant	NM_033380.3(COL4A5):c.1763G>A (p.Gly588Asp)	1287	COL4A5	Likely pathogenic	GRCh38	2106379
single nucleotide variant	NM_033380.3(COL4A5):c.2750G>A (p.Gly917Asp)	1287	COL4A5	Likely pathogenic	GRCh38	2107712
single nucleotide variant	NM_033380.3(COL4A5):c.160G>C (p.Gly54Arg)	1287	COL4A5	Pathogenic/Likely pathogenic	GRCh38	2122283
single nucleotide variant	NM_033380.3(COL4A5):c.2086G>T (p.Gly696Cys)	1287	COL4A5	Likely pathogenic	GRCh38	2129081
single nucleotide variant	NM_033380.3(COL4A5):c.3400G>A (p.Gly1134Ser)	1287	COL4A5	Likely pathogenic	GRCh38	2119767
single nucleotide variant	NM_033380.3(COL4A5):c.1588-2A>T	1287	COL4A5	Likely pathogenic	GRCh38	2124961
single nucleotide variant	NM_033380.3(COL4A5):c.4623T>G (p.Tyr1541Ter)	1287	COL4A5	Pathogenic	GRCh38	2125952
single nucleotide variant	NM_033380.3(COL4A5):c.4069G>T (p.Gly1357Ter)	1287	COL4A5	Pathogenic	GRCh38	2133557
single nucleotide variant	NM_033380.3(COL4A5):c.4087+1G>C	1287	COL4A5	Pathogenic/Likely pathogenic	GRCh38	2431735
single nucleotide variant	NM_033380.3(COL4A5):c.2422G>A (p.Gly808Arg)	1287	COL4A5	Likely pathogenic	GRCh38	2444150
single nucleotide variant	NM_033380.3(COL4A5):c.1634G>A (p.Gly545Asp)	1287	COL4A5	Likely pathogenic	GRCh38	2444297
single nucleotide variant	NM_033380.3(COL4A5):c.1990A>T (p.Lys664Ter)	1287	COL4A5	Pathogenic	GRCh38	2499149
single nucleotide variant	NM_033380.3(COL4A5):c.82-1G>A	1287	COL4A5	Pathogenic	GRCh38	2506474
single nucleotide variant	NM_033380.3(COL4A5):c.4446C>A (p.Cys1482Ter)	1287	COL4A5	Likely pathogenic	GRCh38	2506494
single nucleotide variant	NM_033380.3(COL4A5):c.439G>C (p.Gly147Arg)	1287	COL4A5	Pathogenic	GRCh38	2572406
single nucleotide variant	NM_033380.3(COL4A5):c.1718G>T (p.Gly573Val)	1287	COL4A5	Pathogenic	GRCh38	2577423
single nucleotide variant	NM_033380.3(COL4A5):c.3097G>T (p.Gly1033Cys)	1287	COL4A5	Pathogenic	GRCh38	2577448
single nucleotide variant	NM_033380.3(COL4A5):c.3791-41A>G	1287	COL4A5	Pathogenic	GRCh38	2584402
single nucleotide variant	NM_033380.3(COL4A5):c.2980G>A (p.Gly994Arg)	1287	COL4A5	Likely pathogenic	GRCh38	2585041
single nucleotide variant	NM_033380.3(COL4A5):c.107C>A (p.Ser36Ter)	1287	COL4A5	Pathogenic	GRCh38	2585333
single nucleotide variant	NM_033380.3(COL4A5):c.404G>T (p.Gly135Val)	1287	COL4A5	Likely pathogenic	GRCh38	2609904
single nucleotide variant	NM_033380.3(COL4A5):c.60G>A (p.Trp20Ter)	1287	COL4A5	Pathogenic/Likely pathogenic	GRCh38	2626949
single nucleotide variant	NM_033380.3(COL4A5):c.3365G>A (p.Gly1122Glu)	1287	COL4A5	Likely pathogenic	GRCh38	2627146
single nucleotide variant	NM_033380.3(COL4A5):c.2096G>A (p.Gly699Glu)	1287	COL4A5	Likely pathogenic	GRCh38	2627800
single nucleotide variant	NM_033380.3(COL4A5):c.3053G>T (p.Gly1018Val)	1287	COL4A5	Likely pathogenic	GRCh38	2627907
single nucleotide variant	NM_033380.3(COL4A5):c.3170G>A (p.Gly1057Glu)	1287	COL4A5	Likely pathogenic	GRCh38	2634407
single nucleotide variant	NM_033380.3(COL4A5):c.1717G>A (p.Gly573Ser)	1287	COL4A5	Likely pathogenic	GRCh38	2636191
single nucleotide variant	NM_033380.3(COL4A5):c.4847C>G (p.Ser1616Ter)	1287	COL4A5	Likely pathogenic	GRCh38	2633714
single nucleotide variant	NM_033380.3(COL4A5):c.4342G>T (p.Gly1448Cys)	1287	COL4A5	Likely pathogenic	GRCh38	2633972
single nucleotide variant	NM_033380.3(COL4A5):c.706G>A (p.Gly236Ser)	1287	COL4A5	Likely pathogenic	GRCh38	2629848
single nucleotide variant	NM_033380.3(COL4A5):c.3107-1G>A	1287	COL4A5	Likely pathogenic	GRCh38	2635212
single nucleotide variant	NM_033380.3(COL4A5):c.3115G>T (p.Gly1039Cys)	1287	COL4A5	Likely pathogenic	GRCh38	2636792
single nucleotide variant	NM_033380.3(COL4A5):c.4706+5G>T	1287	COL4A5	Likely pathogenic	GRCh38	2661169
single nucleotide variant	NM_033380.3(COL4A5):c.1443C>A (p.Cys481Ter)	1287	COL4A5	Likely pathogenic	GRCh38	2664328
single nucleotide variant	NM_033380.3(COL4A5):c.2917+2T>A	1287	COL4A5	Pathogenic	GRCh38	2664740
single nucleotide variant	NM_033380.3(COL4A5):c.3016+1G>A	1287	COL4A5	Pathogenic/Likely pathogenic	GRCh38	2664748
single nucleotide variant	NM_033380.3(COL4A5):c.834+1G>T	1287	COL4A5	Likely pathogenic	GRCh38	2664804
single nucleotide variant	NM_033380.3(COL4A5):c.4529-1G>C	1287	COL4A5	Pathogenic	GRCh38	2681732
single nucleotide variant	NM_033380.3(COL4A5):c.1207G>A (p.Gly403Arg)	1287	COL4A5	Likely pathogenic	GRCh38	2681735
single nucleotide variant	NM_033380.3(COL4A5):c.276+3A>C	1287	COL4A5	Likely pathogenic	GRCh38	2681737
single nucleotide variant	NM_033380.3(COL4A5):c.827G>T (p.Gly276Val)	1287	COL4A5	Likely pathogenic	GRCh38	2682387
single nucleotide variant	NM_033380.3(COL4A5):c.1895G>T (p.Gly632Val)	1287	COL4A5	Pathogenic/Likely pathogenic	GRCh38	2684109
single nucleotide variant	NM_033380.3(COL4A5):c.3098G>T (p.Gly1033Val)	1287	COL4A5	Likely pathogenic	GRCh38	2692323
single nucleotide variant	NM_033380.3(COL4A5):c.4145G>A (p.Gly1382Asp)	1287	COL4A5	Likely pathogenic	GRCh38	2696250
single nucleotide variant	NM_033380.3(COL4A5):c.3773G>A (p.Gly1258Asp)	1287	COL4A5	Likely pathogenic	GRCh38	2706610
single nucleotide variant	NM_033380.3(COL4A5):c.902G>T (p.Gly301Val)	1287	COL4A5	Likely pathogenic	GRCh38	2706119
single nucleotide variant	NM_033380.3(COL4A5):c.4180G>T (p.Gly1394Cys)	1287	COL4A5	Likely pathogenic	GRCh38	2732386
single nucleotide variant	NM_033380.3(COL4A5):c.1208G>A (p.Gly403Glu)	1287	COL4A5	Likely pathogenic	GRCh38	2732395
single nucleotide variant	NM_033380.3(COL4A5):c.3052G>A (p.Gly1018Ser)	1287	COL4A5	Likely pathogenic	GRCh38	2734471
single nucleotide variant	NM_033380.3(COL4A5):c.857G>C (p.Gly286Ala)	1287	COL4A5	Likely pathogenic	GRCh38	2733476
single nucleotide variant	NM_033380.3(COL4A5):c.2244+2T>C	1287	COL4A5	Likely pathogenic	GRCh38	2737341
single nucleotide variant	NM_033380.3(COL4A5):c.2509+1G>T	1287	COL4A5	Likely pathogenic	GRCh38	2737345
single nucleotide variant	NM_033380.3(COL4A5):c.4172G>T (p.Gly1391Val)	1287	COL4A5	Likely pathogenic	GRCh38	2747780
single nucleotide variant	NM_033380.3(COL4A5):c.4060G>T (p.Gly1354Trp)	1287	COL4A5	Likely pathogenic	GRCh38	2746481
single nucleotide variant	NM_033380.3(COL4A5):c.2377G>A (p.Gly793Arg)	1287	COL4A5	Likely pathogenic	GRCh38	2752543
single nucleotide variant	NM_033380.3(COL4A5):c.224G>T (p.Gly75Val)	1287	COL4A5	Likely pathogenic	GRCh38	2757600
single nucleotide variant	NM_033380.3(COL4A5):c.1339+2T>A	1287	COL4A5	Likely pathogenic	GRCh38	2753591
single nucleotide variant	NM_033380.3(COL4A5):c.780+1G>A	1287	COL4A5	Pathogenic/Likely pathogenic	GRCh38	2765752
single nucleotide variant	NM_033380.3(COL4A5):c.3169G>C (p.Gly1057Arg)	1287	COL4A5	Likely pathogenic	GRCh38	2766704
single nucleotide variant	NM_033380.3(COL4A5):c.476G>T (p.Gly159Val)	1287	COL4A5	Likely pathogenic	GRCh38	2768084
single nucleotide variant	NM_033380.3(COL4A5):c.3G>T (p.Met1Ile)	1287	COL4A5	Pathogenic	GRCh38	2770173
single nucleotide variant	NM_033380.3(COL4A5):c.4069G>A (p.Gly1357Arg)	1287	COL4A5	Likely pathogenic	GRCh38	2773229
single nucleotide variant	NM_033380.3(COL4A5):c.2759G>T (p.Gly920Val)	1287	COL4A5	Likely pathogenic	GRCh38	2767798
single nucleotide variant	NM_033380.3(COL4A5):c.3097G>A (p.Gly1033Ser)	1287	COL4A5	Pathogenic	GRCh38	2772780
single nucleotide variant	NM_033380.3(COL4A5):c.4352G>A (p.Gly1451Glu)	1287	COL4A5	Likely pathogenic	GRCh38	2775428
single nucleotide variant	NM_033380.3(COL4A5):c.629G>A (p.Gly210Glu)	1287	COL4A5	Pathogenic	GRCh38	2780479
single nucleotide variant	NM_033380.3(COL4A5):c.2015G>A (p.Gly672Asp)	1287	COL4A5	Likely pathogenic	GRCh38	2780480
single nucleotide variant	NM_033380.3(COL4A5):c.4994+1G>A	1287	COL4A5	Pathogenic/Likely pathogenic	GRCh38	2808353
single nucleotide variant	NM_033380.3(COL4A5):c.2687G>T (p.Gly896Val)	1287	COL4A5	Pathogenic	GRCh38	2816516
single nucleotide variant	NM_033380.3(COL4A5):c.178G>A (p.Gly60Arg)	1287	COL4A5	Likely pathogenic	GRCh38	2826673
single nucleotide variant	NM_033380.3(COL4A5):c.2794G>C (p.Gly932Arg)	1287	COL4A5	Likely pathogenic	GRCh38	2829664
single nucleotide variant	NM_033380.3(COL4A5):c.3713G>A (p.Gly1238Asp)	1287	COL4A5	Likely pathogenic	GRCh38	2832913
single nucleotide variant	NM_033380.3(COL4A5):c.1817G>T (p.Gly606Val)	1287	COL4A5	Likely pathogenic	GRCh38	2842591
single nucleotide variant	NM_033380.3(COL4A5):c.2510G>A (p.Gly837Asp)	1287	COL4A5	Likely pathogenic	GRCh38	2831715
single nucleotide variant	NM_033380.3(COL4A5):c.4706+1G>C	1287	COL4A5	Pathogenic	GRCh38	2838308
single nucleotide variant	NM_033380.3(COL4A5):c.868G>T (p.Glu290Ter)	1287	COL4A5	Pathogenic	GRCh38	2849746
single nucleotide variant	NM_033380.3(COL4A5):c.2287G>C (p.Gly763Arg)	1287	COL4A5	Likely pathogenic	GRCh38	2845836
single nucleotide variant	NM_033380.3(COL4A5):c.1190G>A (p.Gly397Asp)	1287	COL4A5	Pathogenic	GRCh38	2850977
single nucleotide variant	NM_033380.3(COL4A5):c.3890G>T (p.Gly1297Val)	1287	COL4A5	Likely pathogenic	GRCh38	2857217
single nucleotide variant	NM_033380.3(COL4A5):c.2981G>C (p.Gly994Ala)	1287	COL4A5	Likely pathogenic	GRCh38	2861242
single nucleotide variant	NM_033380.3(COL4A5):c.2296G>C (p.Gly766Arg)	1287	COL4A5	Likely pathogenic	GRCh38	2864665
single nucleotide variant	NM_033380.3(COL4A5):c.2927G>T (p.Gly976Val)	1287	COL4A5	Likely pathogenic	GRCh38	2864863
single nucleotide variant	NM_033380.3(COL4A5):c.296G>C (p.Gly99Ala)	1287	COL4A5	Likely pathogenic	GRCh38	2857287
single nucleotide variant	NM_033380.3(COL4A5):c.3695G>A (p.Gly1232Asp)	1287	COL4A5	Likely pathogenic	GRCh38	2858852
single nucleotide variant	NM_033380.3(COL4A5):c.1606G>A (p.Gly536Ser)	1287	COL4A5	Likely pathogenic	GRCh38	2862472
single nucleotide variant	NM_033380.3(COL4A5):c.760G>T (p.Glu254Ter)	1287	COL4A5	Pathogenic	GRCh38	2864159
single nucleotide variant	NM_033380.3(COL4A5):c.232G>A (p.Gly78Ser)	1287	COL4A5	Likely pathogenic	GRCh38	2874060
single nucleotide variant	NM_033380.3(COL4A5):c.1075G>C (p.Gly359Arg)	1287	COL4A5	Likely pathogenic	GRCh38	2884116
single nucleotide variant	NM_033380.3(COL4A5):c.2431G>T (p.Gly811Ter)	1287	COL4A5	Pathogenic	GRCh38	2884117
single nucleotide variant	NM_033380.3(COL4A5):c.4270G>A (p.Gly1424Ser)	1287	COL4A5	Likely pathogenic	GRCh38	2894892
single nucleotide variant	NM_033380.3(COL4A5):c.2351G>T (p.Gly784Val)	1287	COL4A5	Pathogenic	GRCh38	2907593
single nucleotide variant	NM_033380.3(COL4A5):c.3704G>C (p.Gly1235Ala)	1287	COL4A5	Pathogenic	GRCh38	2915529
single nucleotide variant	NM_033380.3(COL4A5):c.3310G>A (p.Gly1104Ser)	1287	COL4A5	Likely pathogenic	GRCh38	3017907
single nucleotide variant	NM_033380.3(COL4A5):c.1294G>C (p.Gly432Arg)	1287	COL4A5	Pathogenic	GRCh38	3026506
single nucleotide variant	NM_033380.3(COL4A5):c.4198G>T (p.Gly1400Ter)	1287	COL4A5	Likely pathogenic	GRCh38	3039415
single nucleotide variant	NM_033380.3(COL4A5):c.3098G>A (p.Gly1033Asp)	1287	COL4A5	Pathogenic	GRCh38	3064726
single nucleotide variant	NM_033380.3(COL4A5):c.2998G>T (p.Gly1000Ter)	1287	COL4A5	Pathogenic	GRCh38	3066178
single nucleotide variant	NM_033380.3(COL4A5):c.3329G>T (p.Gly1110Val)	1287	COL4A5	Likely pathogenic	GRCh38	3066217
single nucleotide variant	NM_033380.3(COL4A5):c.1033-10G>A	1287	COL4A5	Likely pathogenic	GRCh38	3066242
single nucleotide variant	NM_033380.3(COL4A5):c.3553+2T>C	1287	COL4A5	Pathogenic	GRCh38	3066356
single nucleotide variant	NM_033380.3(COL4A5):c.4581C>G (p.Cys1527Trp)	1287	COL4A5	Likely pathogenic	GRCh38	3068581
single nucleotide variant	NM_033380.3(COL4A5):c.2678-1G>T	1287	COL4A5	Likely pathogenic	GRCh38	3068585
single nucleotide variant	NM_033380.3(COL4A5):c.359G>A (p.Gly120Asp)	1287	COL4A5	Likely pathogenic	GRCh38	3068625
single nucleotide variant	NM_033380.3(COL4A5):c.1931G>T (p.Gly644Val)	1287	COL4A5	Likely pathogenic	GRCh38	3147610
single nucleotide variant	NM_033380.3(COL4A5):c.2492G>A (p.Gly831Glu)	1287	COL4A5	Pathogenic/Likely pathogenic	GRCh38	3234030
single nucleotide variant	NM_033380.3(COL4A5):c.1312G>A (p.Gly438Ser)	1287	COL4A5	Likely pathogenic	GRCh38	3235208
single nucleotide variant	NM_033380.3(COL4A5):c.4706G>C (p.Arg1569Pro)	1287	COL4A5	Likely pathogenic	GRCh38	3235211
single nucleotide variant	NM_033380.3(COL4A5):c.4135G>A (p.Gly1379Arg)	1287	COL4A5	Likely pathogenic	GRCh38	3235212
single nucleotide variant	NM_033380.3(COL4A5):c.321+1G>C	1287	COL4A5	Pathogenic/Likely pathogenic	GRCh38	3236019
single nucleotide variant	NM_033380.3(COL4A5):c.3356G>A (p.Gly1119Asp)	1287	COL4A5	Likely pathogenic	GRCh38	3236026
single nucleotide variant	NM_033380.3(COL4A5):c.1208G>C (p.Gly403Ala)	1287	COL4A5	Likely pathogenic	GRCh38	3236033
single nucleotide variant	NM_033380.3(COL4A5):c.2041+1G>A	1287	COL4A5	Pathogenic	GRCh38	3236211
single nucleotide variant	NM_033380.3(COL4A5):c.2360G>A (p.Gly787Glu)	1287	COL4A5	Likely pathogenic	GRCh38	3236218
single nucleotide variant	NM_033380.3(COL4A5):c.2165G>T (p.Gly722Val)	1287	COL4A5	Likely pathogenic	GRCh38	3236219
single nucleotide variant	NM_033380.3(COL4A5):c.3595G>A (p.Gly1199Arg)	1287	COL4A5	Pathogenic	GRCh38	3236227
single nucleotide variant	NM_033380.3(COL4A5):c.2146+1G>C	1287	COL4A5	Pathogenic	GRCh38	3236228
single nucleotide variant	NM_033380.3(COL4A5):c.3329G>A (p.Gly1110Glu)	1287	COL4A5	Likely pathogenic	GRCh38	3236230
single nucleotide variant	NM_033380.3(COL4A5):c.3043G>A (p.Gly1015Arg)	1287	COL4A5	Pathogenic	GRCh38	3236235
single nucleotide variant	NM_033380.3(COL4A5):c.892G>T (p.Gly298Cys)	1287	COL4A5	Likely pathogenic	GRCh38	3236354
single nucleotide variant	NM_033380.3(COL4A5):c.4912T>C (p.Cys1638Arg)	1287	COL4A5	Pathogenic/Likely pathogenic	GRCh38	3236356
single nucleotide variant	NM_033380.3(COL4A5):c.382A>T (p.Lys128Ter)	1287	COL4A5	Likely pathogenic	GRCh38	3242083
single nucleotide variant	NM_033380.3(COL4A5):c.2848G>C (p.Gly950Arg)	1287	COL4A5	Likely pathogenic	GRCh38	3251895
single nucleotide variant	NM_033380.3(COL4A5):c.422G>A (p.Gly141Asp)	1287	COL4A5	Likely pathogenic	GRCh38	3252034
single nucleotide variant	NM_033380.3(COL4A5):c.4334G>A (p.Gly1445Asp)	1287	COL4A5	Likely pathogenic	GRCh38	3254905
single nucleotide variant	NM_033380.3(COL4A5):c.1028G>A (p.Gly343Glu)	1287	COL4A5	Likely pathogenic	GRCh38	3255166
single nucleotide variant	NM_033380.3(COL4A5):c.2173G>T (p.Gly725Ter)	1287	COL4A5	Pathogenic	GRCh38	3255208
single nucleotide variant	NM_033380.3(COL4A5):c.3247-1G>C	1287	COL4A5	Pathogenic	GRCh38	3255209
single nucleotide variant	NM_033380.3(COL4A5):c.1537C>T (p.Gln513Ter)	1287	COL4A5	Pathogenic	GRCh38	3256659
single nucleotide variant	NM_033380.3(COL4A5):c.4769C>G (p.Pro1590Arg)	1287	COL4A5	Likely pathogenic	GRCh38	3256876
single nucleotide variant	NM_033380.3(COL4A5):c.809G>T (p.Gly270Val)	1287	COL4A5	Likely pathogenic	GRCh38	3256885
single nucleotide variant	NM_033380.3(COL4A5):c.1525G>A (p.Gly509Ser)	1287	COL4A5	Likely pathogenic	GRCh38	3336415
single nucleotide variant	NM_033380.3(COL4A5):c.1894G>A (p.Gly632Ser)	1287	COL4A5	Likely pathogenic	GRCh38	3340120
single nucleotide variant	NM_033380.3(COL4A5):c.3703G>A (p.Gly1235Ser)	1287	COL4A5	Likely pathogenic	GRCh38	3342298
single nucleotide variant	NM_033380.3(COL4A5):c.1345G>T (p.Glu449Ter)	1287	COL4A5	Pathogenic	GRCh38	3346374
single nucleotide variant	NM_033380.3(COL4A5):c.3026G>A (p.Gly1009Asp)	1287	COL4A5	Likely pathogenic	GRCh38	3347859
single nucleotide variant	NM_033380.3(COL4A5):c.556G>C (p.Gly186Arg)	1287	COL4A5	Pathogenic	GRCh38	3349521
single nucleotide variant	NM_033380.3(COL4A5):c.1807G>C (p.Gly603Arg)	1287	COL4A5	Pathogenic/Likely pathogenic	GRCh38	3367289
single nucleotide variant	NM_033380.3(COL4A5):c.3337G>A (p.Gly1113Arg)	1287	COL4A5	Pathogenic	GRCh38	3369277
single nucleotide variant	NM_033380.3(COL4A5):c.3445G>A (p.Gly1149Ser)	1287	COL4A5	Likely pathogenic	GRCh38	3370330
single nucleotide variant	NM_033380.3(COL4A5):c.3553+1G>T	1287	COL4A5	Likely pathogenic	GRCh38	3375378
single nucleotide variant	NM_033380.3(COL4A5):c.901G>A (p.Gly301Ser)	1287	COL4A5	Pathogenic	GRCh38	3380927
single nucleotide variant	NM_033380.3(COL4A5):c.1912G>C (p.Gly638Arg)	1287	COL4A5	Pathogenic/Likely pathogenic	GRCh38	3380928
single nucleotide variant	NM_033380.3(COL4A5):c.2482G>C (p.Gly828Arg)	1287	COL4A5	Likely pathogenic	GRCh38	3380929
single nucleotide variant	NM_033380.3(COL4A5):c.3400G>C (p.Gly1134Arg)	1287	COL4A5	Likely pathogenic	GRCh38	3382355
single nucleotide variant	NM_033380.3(COL4A5):c.2228G>T (p.Gly743Val)	1287	COL4A5	Likely pathogenic	GRCh38	3382913
single nucleotide variant	NM_033380.3(COL4A5):c.2933C>A (p.Ser978Ter)	1287	COL4A5	Pathogenic	GRCh38	3382934
single nucleotide variant	NM_033380.3(COL4A5):c.1216G>T (p.Gly406Cys)	1287	COL4A5	Likely pathogenic	GRCh38	3382944
single nucleotide variant	NM_033380.3(COL4A5):c.3997G>C (p.Gly1333Arg)	1287	COL4A5	Likely pathogenic	GRCh38	3383220
single nucleotide variant	NM_033380.3(COL4A5):c.215G>T (p.Gly72Val)	1287	COL4A5	Likely pathogenic	GRCh38	3392544
single nucleotide variant	NM_033380.3(COL4A5):c.2T>G (p.Met1Arg)	1287	COL4A5	Likely pathogenic	GRCh38	3597846
single nucleotide variant	NM_033380.3(COL4A5):c.385-2A>C	1287	COL4A5	Likely pathogenic	GRCh38	3597854
single nucleotide variant	NM_033380.3(COL4A5):c.465+1G>C	1287	COL4A5	Pathogenic/Likely pathogenic	GRCh38	3597857
single nucleotide variant	NM_033380.3(COL4A5):c.566G>T (p.Gly189Val)	1287	COL4A5	Pathogenic	GRCh38	3597864
single nucleotide variant	NM_033380.3(COL4A5):c.583G>T (p.Gly195Cys)	1287	COL4A5	Likely pathogenic	GRCh38	3597866
single nucleotide variant	NM_033380.3(COL4A5):c.780+1G>T	1287	COL4A5	Likely pathogenic	GRCh38	3597868
single nucleotide variant	NM_033380.3(COL4A5):c.790G>A (p.Gly264Ser)	1287	COL4A5	Likely pathogenic	GRCh38	3597869
single nucleotide variant	NM_033380.3(COL4A5):c.991G>A (p.Gly331Ser)	1287	COL4A5	Pathogenic	GRCh38	3597874
single nucleotide variant	NM_033380.3(COL4A5):c.1010G>A (p.Gly337Asp)	1287	COL4A5	Pathogenic	GRCh38	3597876
single nucleotide variant	NM_033380.3(COL4A5):c.1084G>T (p.Gly362Trp)	1287	COL4A5	Likely pathogenic	GRCh38	3597880
single nucleotide variant	NM_033380.3(COL4A5):c.1102G>A (p.Gly368Arg)	1287	COL4A5	Likely pathogenic	GRCh38	3597882
single nucleotide variant	NM_033380.3(COL4A5):c.1138G>A (p.Gly380Ser)	1287	COL4A5	Pathogenic/Likely pathogenic	GRCh38	3597884
single nucleotide variant	NM_033380.3(COL4A5):c.1148G>T (p.Gly383Val)	1287	COL4A5	Pathogenic	GRCh38	3597886
single nucleotide variant	NM_033380.3(COL4A5):c.1156G>A (p.Gly386Arg)	1287	COL4A5	Likely pathogenic	GRCh38	3597887
single nucleotide variant	NM_033380.3(COL4A5):c.1199G>T (p.Gly400Val)	1287	COL4A5	Likely pathogenic	GRCh38	3597889
single nucleotide variant	NM_033380.3(COL4A5):c.1267G>A (p.Gly423Arg)	1287	COL4A5	Likely pathogenic	GRCh38	3597890
single nucleotide variant	NM_033380.3(COL4A5):c.1369G>T (p.Gly457Cys)	1287	COL4A5	Likely pathogenic	GRCh38	3597894
single nucleotide variant	NM_033380.3(COL4A5):c.1588-6T>G	1287	COL4A5	Likely pathogenic	GRCh38	3597899
single nucleotide variant	NM_033380.3(COL4A5):c.1682G>T (p.Gly561Val)	1287	COL4A5	Likely pathogenic	GRCh38	3597901
single nucleotide variant	NM_033380.3(COL4A5):c.1717G>C (p.Gly573Arg)	1287	COL4A5	Pathogenic	GRCh38	3597902
single nucleotide variant	NM_033380.3(COL4A5):c.1825G>A (p.Gly609Ser)	1287	COL4A5	Pathogenic	GRCh38	3597907
single nucleotide variant	NM_033380.3(COL4A5):c.1834G>A (p.Gly612Ser)	1287	COL4A5	Likely pathogenic	GRCh38	3597908
single nucleotide variant	NM_033380.3(COL4A5):c.1852G>C (p.Gly618Arg)	1287	COL4A5	Likely pathogenic	GRCh38	3597909
single nucleotide variant	NM_033380.3(COL4A5):c.2218G>A (p.Gly740Arg)	1287	COL4A5	Likely pathogenic	GRCh38	3597918
single nucleotide variant	NM_033380.3(COL4A5):c.2236G>A (p.Gly746Arg)	1287	COL4A5	Pathogenic	GRCh38	3597920
single nucleotide variant	NM_033380.3(COL4A5):c.2269G>A (p.Gly757Arg)	1287	COL4A5	Likely pathogenic	GRCh38	3597923
single nucleotide variant	NM_033380.3(COL4A5):c.2323G>A (p.Gly775Ser)	1287	COL4A5	Pathogenic/Likely pathogenic	GRCh38	3597924
single nucleotide variant	NM_033380.3(COL4A5):c.2351G>A (p.Gly784Asp)	1287	COL4A5	Likely pathogenic	GRCh38	3597925
single nucleotide variant	NM_033380.3(COL4A5):c.2431G>C (p.Gly811Arg)	1287	COL4A5	Likely pathogenic	GRCh38	3597928
single nucleotide variant	NM_033380.3(COL4A5):c.2474G>A (p.Gly825Glu)	1287	COL4A5	Pathogenic/Likely pathogenic	GRCh38	3597930
single nucleotide variant	NM_033380.3(COL4A5):c.2606G>C (p.Gly869Ala)	1287	COL4A5	Likely pathogenic	GRCh38	3597935
single nucleotide variant	NM_033380.3(COL4A5):c.2633G>C (p.Gly878Ala)	1287	COL4A5	Pathogenic/Likely pathogenic	GRCh38	3597937
single nucleotide variant	NM_033380.3(COL4A5):c.2650G>A (p.Gly884Arg)	1287	COL4A5	Likely pathogenic	GRCh38	3597939
single nucleotide variant	NM_033380.3(COL4A5):c.2831G>A (p.Gly944Glu)	1287	COL4A5	Likely pathogenic	GRCh38	3597941
single nucleotide variant	NM_033380.3(COL4A5):c.3061G>A (p.Gly1021Arg)	1287	COL4A5	Likely pathogenic	GRCh38	3597947
single nucleotide variant	NM_033380.3(COL4A5):c.3070G>A (p.Gly1024Arg)	1287	COL4A5	Likely pathogenic	GRCh38	3597948
single nucleotide variant	NM_033380.3(COL4A5):c.3400G>T (p.Gly1134Cys)	1287	COL4A5	Likely pathogenic	GRCh38	3597957
single nucleotide variant	NM_033380.3(COL4A5):c.3454+1G>C	1287	COL4A5	Pathogenic/Likely pathogenic	GRCh38	3597960
single nucleotide variant	NM_033380.3(COL4A5):c.3490G>A (p.Gly1164Ser)	1287	COL4A5	Pathogenic	GRCh38	3597961
single nucleotide variant	NM_033380.3(COL4A5):c.3553+1G>A	1287	COL4A5	Likely pathogenic	GRCh38	3597964
single nucleotide variant	NM_033380.3(COL4A5):c.3998G>C (p.Gly1333Ala)	1287	COL4A5	Likely pathogenic	GRCh38	3597972
single nucleotide variant	NM_033380.3(COL4A5):c.4052G>T (p.Gly1351Val)	1287	COL4A5	Likely pathogenic	GRCh38	3597973
single nucleotide variant	NM_033380.3(COL4A5):c.4060G>A (p.Gly1354Arg)	1287	COL4A5	Likely pathogenic	GRCh38	3597974
single nucleotide variant	NM_033380.3(COL4A5):c.4097G>A (p.Gly1366Glu)	1287	COL4A5	Likely pathogenic	GRCh38	3597975
single nucleotide variant	NM_033380.3(COL4A5):c.4171G>A (p.Gly1391Arg)	1287	COL4A5	Likely pathogenic	GRCh38	3597976
single nucleotide variant	NM_033380.3(COL4A5):c.4190G>T (p.Gly1397Val)	1287	COL4A5	Likely pathogenic	GRCh38	3597978
single nucleotide variant	NM_033380.3(COL4A5):c.4217-1G>C	1287	COL4A5	Likely pathogenic	GRCh38	3597980
single nucleotide variant	NM_033380.3(COL4A5):c.4306G>A (p.Gly1436Arg)	1287	COL4A5	Likely pathogenic	GRCh38	3597983
single nucleotide variant	NM_033380.3(COL4A5):c.4315G>A (p.Gly1439Ser)	1287	COL4A5	Likely pathogenic	GRCh38	3597984
single nucleotide variant	NM_033380.3(COL4A5):c.4342G>A (p.Gly1448Ser)	1287	COL4A5	Pathogenic	GRCh38	3597986
single nucleotide variant	NM_033380.3(COL4A5):c.4369G>T (p.Gly1457Cys)	1287	COL4A5	Likely pathogenic	GRCh38	3597988
single nucleotide variant	NM_033380.3(COL4A5):c.4528G>A (p.Gly1510Arg)	1287	COL4A5	Likely pathogenic	GRCh38	3597992
single nucleotide variant	NM_033380.3(COL4A5):c.3275G>A (p.Gly1092Glu)	1287	COL4A5	Likely pathogenic	GRCh38	3572889
single nucleotide variant	NM_033380.3(COL4A5):c.1516+1G>C	1287	COL4A5	Pathogenic	GRCh38	3572897
single nucleotide variant	NM_033380.3(COL4A5):c.937G>C (p.Gly313Arg)	1287	COL4A5	Pathogenic/Likely pathogenic	GRCh38	3572993
single nucleotide variant	NM_033380.3(COL4A5):c.2885C>A (p.Ser962Ter)	1287	COL4A5	Pathogenic	GRCh38	3601982
single nucleotide variant	NM_033380.3(COL4A5):c.3293G>T (p.Gly1098Val)	1287	COL4A5	Pathogenic	GRCh38	3613730
single nucleotide variant	NM_033380.3(COL4A5):c.637G>T (p.Gly213Ter)	1287	COL4A5	Pathogenic	GRCh38	3632992
single nucleotide variant	NM_033380.3(COL4A5):c.955G>A (p.Gly319Ser)	1287	COL4A5	Pathogenic	GRCh38	3636312
single nucleotide variant	NM_033380.3(COL4A5):c.1189G>C (p.Gly397Arg)	1287	COL4A5	Pathogenic	GRCh38	3636313
single nucleotide variant	NM_033380.3(COL4A5):c.1268G>T (p.Gly423Val)	1287	COL4A5	Likely pathogenic	GRCh38	3636314
single nucleotide variant	NM_033380.3(COL4A5):c.1388G>A (p.Gly463Asp)	1287	COL4A5	Likely pathogenic	GRCh38	3636315
single nucleotide variant	NM_033380.3(COL4A5):c.1642G>T (p.Gly548Cys)	1287	COL4A5	Likely pathogenic	GRCh38	3636317
single nucleotide variant	NM_033380.3(COL4A5):c.1709G>A (p.Gly570Glu)	1287	COL4A5	Likely pathogenic	GRCh38	3636318
single nucleotide variant	NM_033380.3(COL4A5):c.1754G>A (p.Gly585Glu)	1287	COL4A5	Likely pathogenic	GRCh38	3636320
single nucleotide variant	NM_033380.3(COL4A5):c.2519G>T (p.Gly840Val)	1287	COL4A5	Likely pathogenic	GRCh38	3636325
single nucleotide variant	NM_033380.3(COL4A5):c.2695G>T (p.Gly899Cys)	1287	COL4A5	Likely pathogenic	GRCh38	3636326
single nucleotide variant	NM_033380.3(COL4A5):c.3188G>C (p.Gly1063Ala)	1287	COL4A5	Likely pathogenic	GRCh38	3636328
single nucleotide variant	NM_033380.3(COL4A5):c.3536G>C (p.Gly1179Ala)	1287	COL4A5	Likely pathogenic	GRCh38	3636330
single nucleotide variant	NM_033380.3(COL4A5):c.4361G>T (p.Gly1454Val)	1287	COL4A5	Likely pathogenic	GRCh38	3636332
single nucleotide variant	NM_033380.3(COL4A5):c.276+1G>A	1287	COL4A5	Likely pathogenic	GRCh38	3639736
single nucleotide variant	NM_033380.3(COL4A5):c.276+1G>C	1287	COL4A5	Likely pathogenic	GRCh38	3640072
single nucleotide variant	NM_033380.3(COL4A5):c.2989G>T (p.Gly997Ter)	1287	COL4A5	Pathogenic	GRCh38	3641435
single nucleotide variant	NM_033380.3(COL4A5):c.3553+1G>C	1287	COL4A5	Likely pathogenic	GRCh38	3644635
single nucleotide variant	NM_033380.3(COL4A5):c.781G>C (p.Gly261Arg)	1287	COL4A5	Likely pathogenic	GRCh38	3645306
single nucleotide variant	NM_033380.3(COL4A5):c.2677+1G>A	1287	COL4A5	Likely pathogenic	GRCh38	3649849
single nucleotide variant	NM_033380.3(COL4A5):c.982G>A (p.Gly328Ser)	1287	COL4A5	Pathogenic	GRCh38	3677203
single nucleotide variant	NM_033380.3(COL4A5):c.2350G>C (p.Gly784Arg)	1287	COL4A5	Pathogenic	GRCh38	3677204
single nucleotide variant	NM_033380.3(COL4A5):c.4953C>A (p.Tyr1651Ter)	1287	COL4A5	Pathogenic	GRCh38	3721676
single nucleotide variant	NM_033380.3(COL4A5):c.2244+1G>A	1287	COL4A5	Pathogenic	GRCh38	3724391
single nucleotide variant	NM_033380.3(COL4A5):c.1969C>T (p.Gln657Ter)	1287	COL4A5	Pathogenic	GRCh38	3727365
single nucleotide variant	NM_033380.3(COL4A5):c.2042G>T (p.Gly681Val)	1287	COL4A5	Likely pathogenic	GRCh38	3729049
single nucleotide variant	NM_033380.3(COL4A5):c.3971G>A (p.Gly1324Glu)	1287	COL4A5	Likely pathogenic	GRCh38	3730354
single nucleotide variant	NM_033380.3(COL4A5):c.3800G>A (p.Gly1267Asp)	1287	COL4A5	Likely pathogenic	GRCh38	3774587
single nucleotide variant	NM_033380.3(COL4A5):c.3943-1G>C	1287	COL4A5	Likely pathogenic	GRCh38	3775107
single nucleotide variant	NM_033380.3(COL4A5):c.2615G>T (p.Gly872Val)	1287	COL4A5	Likely pathogenic	GRCh38	3775232
single nucleotide variant	NM_033380.3(COL4A5):c.4885G>T (p.Glu1629Ter)	1287	COL4A5	Likely pathogenic	GRCh38	3775297
single nucleotide variant	NM_033380.3(COL4A5):c.81+2T>G	1287	COL4A5	Likely pathogenic	GRCh38	3776106
single nucleotide variant	NM_033380.3(COL4A5):c.3034G>T (p.Gly1012Cys)	1287	COL4A5	Likely pathogenic	GRCh38	3776111
single nucleotide variant	NM_033380.3(COL4A5):c.1921G>C (p.Gly641Arg)	1287	COL4A5	Likely pathogenic	GRCh38	3776137
single nucleotide variant	NM_033380.3(COL4A5):c.3865G>T (p.Glu1289Ter)	1287	COL4A5	Likely pathogenic	GRCh38	3776237
single nucleotide variant	NM_033380.3(COL4A5):c.3979G>T (p.Gly1327Ter)	1287	COL4A5	Likely pathogenic	GRCh38	3776251
single nucleotide variant	NM_033380.3(COL4A5):c.4423C>T (p.Gln1475Ter)	1287	COL4A5	Likely pathogenic	GRCh38	3894584
single nucleotide variant	NM_033380.3(COL4A5):c.3500G>C (p.Gly1167Ala)	1287	COL4A5	Likely pathogenic	GRCh38	3895486
single nucleotide variant	NM_033380.3(COL4A5):c.4495C>T (p.Gln1499Ter)	1287	COL4A5	Pathogenic	GRCh38	3906520
single nucleotide variant	NM_033380.3(COL4A5):c.3817G>T (p.Gly1273Cys)	1287	COL4A5	Likely pathogenic	GRCh38	3907664
single nucleotide variant	NM_033380.3(COL4A5):c.1091C>T (p.Pro364Leu)	1287	COL4A5	Likely pathogenic	GRCh38	4065099
single nucleotide variant	NM_033380.3(COL4A5):c.3293G>C (p.Gly1098Ala)	1287	COL4A5	Likely pathogenic	GRCh38	4065115
single nucleotide variant	NM_033380.3(COL4A5):c.911G>A (p.Gly304Glu)	1287	COL4A5	Likely pathogenic	GRCh38	4065117
single nucleotide variant	NM_033380.3(COL4A5):c.3455-1G>A	1287	COL4A5	Pathogenic	GRCh38	4072049
single nucleotide variant	NM_033380.3(COL4A5):c.2105G>A (p.Gly702Asp)	1287	COL4A5	Likely pathogenic	GRCh38	4076645
single nucleotide variant	NM_033380.3(COL4A5):c.4444T>G (p.Cys1482Gly)	1287	COL4A5	Likely pathogenic	GRCh38	4277232
single nucleotide variant	NM_033380.3(COL4A5):c.2050G>A (p.Gly684Arg)	1287	COL4A5	Likely pathogenic	GRCh38	4277260
single nucleotide variant	NM_033380.3(COL4A5):c.3353C>G (p.Pro1118Arg)	1287	COL4A5	Likely pathogenic	GRCh38	4277605
single nucleotide variant	NM_033380.3(COL4A5):c.1339+1G>C	1287	COL4A5	Likely pathogenic	GRCh38	4277656
single nucleotide variant	NM_033380.3(COL4A5):c.143G>A (p.Gly48Glu)	1287	COL4A5	Pathogenic	GRCh38	4278145
single nucleotide variant	NM_033380.3(COL4A5):c.3284G>T (p.Gly1095Val)	1287	COL4A5	Likely pathogenic	GRCh38	4280671
single nucleotide variant	NM_033380.3(COL4A5):c.412G>C (p.Gly138Arg)	1287	COL4A5	Pathogenic/Likely pathogenic	GRCh38	4281540
single nucleotide variant	NM_033380.3(COL4A5):c.698G>A (p.Gly233Asp)	1287	COL4A5	Likely pathogenic	GRCh38	4292640
single nucleotide variant	NM_033380.3(COL4A5):c.4599C>A (p.Cys1533Ter)	1287	COL4A5	Likely pathogenic	GRCh38	4293016
single nucleotide variant	NM_033380.3(COL4A5):c.990+1G>A	1287	COL4A5	Likely pathogenic	GRCh38	4293023
single nucleotide variant	NM_033380.3(COL4A5):c.1726G>C (p.Gly576Arg)	1287	COL4A5	Likely pathogenic	GRCh38	4293430
single nucleotide variant	NM_033380.3(COL4A5):c.809G>A (p.Gly270Glu)	1287	COL4A5	Likely pathogenic	GRCh38	4293573
single nucleotide variant	NM_033380.3(COL4A5):c.574G>C (p.Gly192Arg)	1287	COL4A5	Likely pathogenic	GRCh38	4293664
single nucleotide variant	NM_033380.3(COL4A5):c.4822-2A>G	1287	COL4A5	Pathogenic	GRCh38	4464011
single nucleotide variant	NM_033380.3(COL4A5):c.835G>T (p.Gly279Cys)	1287	COL4A5	Likely pathogenic	GRCh38	4463793
single nucleotide variant	NM_033380.3(COL4A5):c.4171G>T (p.Gly1391Trp)	1287	COL4A5	Likely pathogenic	GRCh38	4525740
single nucleotide variant	NM_033380.3(COL4A5):c.3578G>A (p.Gly1193Glu)	1287	COL4A5	Likely pathogenic	GRCh38	4525996
single nucleotide variant	NM_033380.3(COL4A5):c.1027G>A (p.Gly343Arg)	1287	COL4A5	Likely pathogenic	GRCh38	4526560
single nucleotide variant	NM_033380.3(COL4A5):c.609+879A>G	1287	COL4A5	Pathogenic	GRCh38	4532138
single nucleotide variant	NM_033380.3(COL4A5):c.610G>A (p.Gly204Ser)	1287	COL4A5	Likely pathogenic	GRCh38	4532139
single nucleotide variant	NM_033380.3(COL4A5):c.3845G>A (p.Gly1282Glu)	1287	COL4A5	Likely pathogenic	GRCh38	4532143
single nucleotide variant	NM_033380.3(COL4A5):c.4297G>A (p.Gly1433Ser)	1287	COL4A5	Pathogenic	GRCh38	4532144
single nucleotide variant	NM_033380.3(COL4A5):c.4852C>T (p.Gln1618Ter)	1287	COL4A5	Pathogenic	GRCh38	4532145
single nucleotide variant	NM_033380.3(COL4A5):c.4930T>G (p.Cys1644Gly)	1287	COL4A5	Pathogenic	GRCh38	4532146
single nucleotide variant	NM_033380.3(COL4A5):c.3908G>A (p.Gly1303Asp)	1287	COL4A5	Likely pathogenic	GRCh38	4532255
single nucleotide variant	NM_033380.3(COL4A5):c.4967C>A (p.Ala1656Glu)	1287	COL4A5	Likely pathogenic	GRCh38	4533196
single nucleotide variant	NM_033380.3(COL4A5):c.4528+1754T>G	1287	COL4A5	Pathogenic	GRCh38	4534695
single nucleotide variant	NM_033380.3(COL4A5):c.4406T>G (p.Leu1469Arg)	1287	COL4A5	Likely pathogenic	GRCh38	4537369
single nucleotide variant	NM_033380.3(COL4A5):c.4351G>T (p.Gly1451Ter)	1287	COL4A5	Likely pathogenic	GRCh38	4540438
single nucleotide variant	NM_033380.3(COL4A5):c.619G>T (p.Gly207Cys)	1287	COL4A5	Pathogenic	GRCh38	4542494
single nucleotide variant	NM_033380.3(COL4A5):c.3868A>T (p.Lys1290Ter)	1287	COL4A5	Pathogenic	GRCh38	4684989
single nucleotide variant	NM_033380.3(COL4A5):c.3401G>A (p.Gly1134Asp)	1287	COL4A5	Likely pathogenic	GRCh38	4705906
single nucleotide variant	NM_033380.3(COL4A5):c.439-2A>C	1287	COL4A5	Likely pathogenic	GRCh38	4713967
single nucleotide variant	NM_033380.3(COL4A5):c.1483C>T (p.Gln495Ter)	1287	COL4A5	Pathogenic	GRCh38	4715420
single nucleotide variant	NM_033380.3(COL4A5):c.3016+1G>C	1287	COL4A5	Pathogenic	GRCh38	4710856
single nucleotide variant	NM_033380.3(COL4A5):c.2005G>A (p.Gly669Ser)	1287	COL4A5	Pathogenic	GRCh38	4710867
single nucleotide variant	NM_033380.3(COL4A5):c.739C>T (p.Gln247Ter)	1287	COL4A5	Pathogenic	GRCh38	4712772
single nucleotide variant	NM_033380.3(COL4A5):c.4015G>T (p.Gly1339Cys)	1287	COL4A5	Pathogenic	GRCh38	4724832
single nucleotide variant	NM_033380.3(COL4A5):c.1339+2T>C	1287	COL4A5	Likely pathogenic	GRCh38	4729357
single nucleotide variant	NM_033380.3(COL4A5):c.2918G>T (p.Gly973Val)	1287	COL4A5	Likely pathogenic	GRCh38	4733854
single nucleotide variant	NM_033380.3(COL4A5):c.1844G>C (p.Gly615Ala)	1287	COL4A5	Likely pathogenic	GRCh38	4755486
single nucleotide variant	NM_033380.3(COL4A5):c.4369G>C (p.Gly1457Arg)	1287	COL4A5	Likely pathogenic	GRCh38	4755487
single nucleotide variant	NM_033380.3(COL4A5):c.277-559A>G	1287	COL4A5	Pathogenic	GRCh38	4795930
single nucleotide variant	NM_033380.3(COL4A5):c.3722G>C (p.Gly1241Ala)	1287	COL4A5	Likely pathogenic	GRCh38	4796777
single nucleotide variant	NM_033380.3(COL4A5):c.628G>A (p.Gly210Arg)	1287	COL4A5	Likely pathogenic	GRCh38	4802178
single nucleotide variant	NM_033380.3(COL4A5):c.1157G>A (p.Gly386Glu)	1287	COL4A5	Likely pathogenic	GRCh38	4802179
single nucleotide variant	NM_033380.3(COL4A5):c.1753G>T (p.Gly585Trp)	1287	COL4A5	Pathogenic	GRCh38	4802181
single nucleotide variant	NM_033380.3(COL4A5):c.1870G>T (p.Gly624Cys)	1287	COL4A5	Likely pathogenic	GRCh38	4802182
single nucleotide variant	NM_033380.3(COL4A5):c.2059G>T (p.Gly687Trp)	1287	COL4A5	Likely pathogenic	GRCh38	4802183
single nucleotide variant	NM_033380.3(COL4A5):c.2059G>A (p.Gly687Arg)	1287	COL4A5	Likely pathogenic	GRCh38	4802184
single nucleotide variant	NM_033380.3(COL4A5):c.3089G>T (p.Gly1030Val)	1287	COL4A5	Likely pathogenic	GRCh38	4802187
single nucleotide variant	NM_033380.3(COL4A5):c.3169G>A (p.Gly1057Arg)	1287	COL4A5	Likely pathogenic	GRCh38	4802188
single nucleotide variant	NM_033380.3(COL4A5):c.3713G>T (p.Gly1238Val)	1287	COL4A5	Likely pathogenic	GRCh38	4802189
single nucleotide variant	NM_033380.3(COL4A5):c.1587+6T>G	1287	COL4A5	Pathogenic	GRCh38	4813578
single nucleotide variant	NM_033380.3(COL4A5):c.4096G>A (p.Gly1366Arg)	1287	COL4A5	Likely pathogenic	GRCh38	4814123
single nucleotide variant	NM_033380.3(COL4A5):c.4702A>C (p.Ser1568Arg)	1287	COL4A5	Likely pathogenic	GRCh38	4814252
single nucleotide variant	NM_033380.3(COL4A5):c.835G>C (p.Gly279Arg)	1287	COL4A5	Likely pathogenic	GRCh38	4818592
single nucleotide variant	NM_033380.3(COL4A5):c.2228G>C (p.Gly743Ala)	1287	COL4A5	Likely pathogenic	GRCh38	4818581
single nucleotide variant	NM_033380.3(COL4A5):c.2536G>A (p.Gly846Arg)	1287	COL4A5	Likely pathogenic	GRCh38	4818583
single nucleotide variant	NM_033380.3(COL4A5):c.2776G>A (p.Gly926Ser)	1287	COL4A5	Likely pathogenic	GRCh38	4818584
single nucleotide variant	NM_033380.3(COL4A5):c.3134G>T (p.Gly1045Val)	1287	COL4A5	Likely pathogenic	GRCh38	4818585
single nucleotide variant	NM_033380.3(COL4A5):c.4163G>A (p.Gly1388Asp)	1287	COL4A5	Likely pathogenic	GRCh38	4818587
single nucleotide variant	NM_033380.3(COL4A5):c.4172G>A (p.Gly1391Glu)	1287	COL4A5	Likely pathogenic	GRCh38	4818588
single nucleotide variant	NM_033380.3(COL4A5):c.439-2A>G	1287	COL4A5	Likely pathogenic	GRCh38	4818590
single nucleotide variant	NM_033380.3(COL4A5):c.512G>A (p.Gly171Asp)	1287	COL4A5	Likely pathogenic	GRCh38	4818591
single nucleotide variant	NM_033380.3(COL4A5):c.2641G>C (p.Gly881Arg)	1287	COL4A5	Pathogenic	GRCh38	4819040
single nucleotide variant	NM_033380.3(COL4A5):c.1526G>T (p.Gly509Val)	1287	COL4A5	Likely pathogenic	GRCh38	4820328
single nucleotide variant	NM_033380.3(COL4A5):c.4718G>A (p.Cys1573Tyr)	1287	COL4A5	Pathogenic/Likely pathogenic	GRCh38	4849515
single nucleotide variant	NM_033380.3(COL4A5):c.2768G>A (p.Gly923Asp)	1287	COL4A5	Likely pathogenic	GRCh38	4850526
single nucleotide variant	NM_033380.3(COL4A5):c.3374-3T>G	1287	COL4A5	Likely pathogenic	GRCh38	4850880
single nucleotide variant	NM_033380.3(COL4A5):c.3751A>T (p.Lys1251Ter)	1287	COL4A5	Likely pathogenic	GRCh38	4850887
single nucleotide variant	NM_033380.3(COL4A5):c.2605G>T (p.Gly869Ter)	1287	COL4A5	Likely pathogenic	GRCh38	4850890
single nucleotide variant	NM_033380.3(COL4A5):c.1588-1G>C	1287	COL4A5	Likely pathogenic	GRCh38	4851296
single nucleotide variant	NM_033380.3(COL4A5):c.491C>A (p.Ser164Ter)	1287	COL4A5	Likely pathogenic	GRCh38	4851298
single nucleotide variant	NM_033380.3(COL4A5):c.3667G>A (p.Gly1223Ser)	1287	COL4A5	Pathogenic	GRCh38	4852334
single nucleotide variant	NM_033380.3(COL4A5):c.2051G>C (p.Gly684Ala)	1287	COL4A5	Likely pathogenic	GRCh38	4852343
single nucleotide variant	NM_033380.3(COL4A5):c.2642G>A (p.Gly881Glu)	1287	COL4A5	Likely pathogenic	GRCh38	4852359
single nucleotide variant	NM_033380.3(COL4A5):c.2164G>A (p.Gly722Arg)	1287	COL4A5	Likely pathogenic	GRCh38	4852360
single nucleotide variant	NM_033380.3(COL4A5):c.1085G>T (p.Gly362Val)	1287	COL4A5	Pathogenic	GRCh38	4852872
single nucleotide variant	NM_033380.3(COL4A5):c.2767+2T>G	1287	COL4A5	Likely pathogenic	GRCh38	4854087
single nucleotide variant	NM_033380.3(COL4A5):c.1625G>A (p.Gly542Glu)	1287	COL4A5	Likely pathogenic	GRCh38	4854374
single nucleotide variant	NM_033380.3(COL4A5):c.4580G>A (p.Cys1527Tyr)	1287	COL4A5	Likely pathogenic	GRCh38	4854402
single nucleotide variant	NM_033380.3(COL4A5):c.4316-1G>A	1287	COL4A5	Pathogenic	GRCh38	4854765
single nucleotide variant	NM_033380.3(COL4A5):c.3545G>A (p.Gly1182Asp)	1287	COL4A5	Likely pathogenic	GRCh38	4855535
single nucleotide variant	NM_033380.3(COL4A5):c.3871G>T (p.Gly1291Ter)	1287	COL4A5	Likely pathogenic	GRCh38	4856286
single nucleotide variant	NM_033380.3(COL4A5):c.1691G>A (p.Gly564Asp)	1287	COL4A5	Pathogenic	GRCh38	4857278
single nucleotide variant	NM_033380.3(COL4A5):c.1996G>A (p.Gly666Ser)	1287	COL4A5	Likely pathogenic	GRCh38	4857305
single nucleotide variant	NM_033380.3(COL4A5):c.4244G>T (p.Gly1415Val)	1287	COL4A5	Likely pathogenic	GRCh38	4879882
single nucleotide variant	NM_033380.3(COL4A5):c.3178G>A (p.Gly1060Arg)	1287	COL4A5	Likely pathogenic	GRCh38	4879883
single nucleotide variant	NM_033380.3(COL4A5):c.974G>T (p.Gly325Val)	1287	COL4A5	Likely pathogenic	GRCh38	4885703
single nucleotide variant	NM_033380.3(COL4A5):c.385-707G>T	1287	COL4A5	Likely pathogenic	GRCh38	4886904
single nucleotide variant	NM_033380.3(COL4A5):c.3881G>C (p.Gly1294Ala)	1287	COL4A5	Likely pathogenic	GRCh38	4888667
single nucleotide variant	NM_033380.3(COL4A5):c.3889G>T (p.Gly1297Trp)	1287	COL4A5	Likely pathogenic	GRCh38	4890141
