Type	Name	GeneID	GeneSymbol	ClinicalSignificance	Assembly	VariationID
single nucleotide variant	NM_004006.3(DMD):c.3469G>T (p.Glu1157Ter)	1756	DMD	Pathogenic	GRCh38	11207
single nucleotide variant	NM_004006.3(DMD):c.2791G>T (p.Glu931Ter)	1756	DMD	Pathogenic	GRCh38	11209
single nucleotide variant	NM_004006.3(DMD):c.5551C>T (p.Gln1851Ter)	1756	DMD	Pathogenic	GRCh38	11210
single nucleotide variant	NM_004006.3(DMD):c.8944C>T (p.Arg2982Ter)	1756	DMD	Pathogenic	GRCh38	11211
single nucleotide variant	NM_004006.3(DMD):c.9974+2T>A	1756	DMD	Pathogenic	GRCh38	11212
single nucleotide variant	NM_004006.3(DMD):c.10108C>T (p.Arg3370Ter)	1756	DMD	Pathogenic	GRCh38	11213
single nucleotide variant	NM_004006.3(DMD):c.6955C>T (p.Gln2319Ter)	1756	DMD	Pathogenic	GRCh38	11220
single nucleotide variant	NM_004006.3(DMD):c.253C>T (p.Gln85Ter)	1756	DMD	Pathogenic	GRCh38	11221
single nucleotide variant	NM_004006.3(DMD):c.2302C>T (p.Arg768Ter)	1756	DMD	Pathogenic	GRCh38	11222
single nucleotide variant	NM_004006.3(DMD):c.2314G>T (p.Glu772Ter)	1756	DMD	Pathogenic	GRCh38	11224
single nucleotide variant	NM_004006.3(DMD):c.433C>T (p.Arg145Ter)	1756	DMD	Pathogenic	GRCh38	11225
single nucleotide variant	NM_004006.3(DMD):c.2380+3A>C	1756	DMD	Pathogenic	GRCh38	11226
single nucleotide variant	NM_004006.3(DMD):c.8548-1G>C	1756	DMD	Pathogenic	GRCh38	11227
single nucleotide variant	NM_004006.3(DMD):c.161T>G (p.Leu54Arg)	1756	DMD	Pathogenic	GRCh38	11228
single nucleotide variant	NM_004006.3(DMD):c.3603+2T>G	1756	DMD	Pathogenic	GRCh38	11229
single nucleotide variant	NM_004006.3(DMD):c.2017C>T (p.Gln673Ter)	1756	DMD	Pathogenic	GRCh38	11233
single nucleotide variant	NM_004006.3(DMD):c.10019G>A (p.Cys3340Tyr)	1756	DMD	Pathogenic	GRCh38	11236
single nucleotide variant	NM_004006.3(DMD):c.178C>T (p.Gln60Ter)	1756	DMD	Pathogenic	GRCh38	11239
single nucleotide variant	NM_004006.3(DMD):c.691T>A (p.Tyr231Asn)	1756	DMD	Pathogenic	GRCh38	11241
single nucleotide variant	NM_004006.3(DMD):c.724C>T (p.Gln242Ter)	1756	DMD	Pathogenic	GRCh38	11242
single nucleotide variant	NM_004006.3(DMD):c.748G>T (p.Glu250Ter)	1756	DMD	Pathogenic	GRCh38	11243
single nucleotide variant	NM_004006.3(DMD):c.1438G>T (p.Gly480Ter)	1756	DMD	Pathogenic	GRCh38	11246
single nucleotide variant	NM_004006.3(DMD):c.1489C>T (p.Gln497Ter)	1756	DMD	Pathogenic	GRCh38	11247
single nucleotide variant	NM_004006.3(DMD):c.1602G>T (p.Lys534Asn)	1756	DMD	Pathogenic	GRCh38	11248
single nucleotide variant	NM_004006.3(DMD):c.1952G>A (p.Trp651Ter)	1756	DMD	Pathogenic	GRCh38	11249
single nucleotide variant	NM_004006.3(DMD):c.2308A>T (p.Lys770Ter)	1756	DMD	Pathogenic	GRCh38	11250
single nucleotide variant	NM_004006.3(DMD):c.2317A>G (p.Lys773Glu)	1756	DMD	Pathogenic	GRCh38	11251
single nucleotide variant	NM_004006.3(DMD):c.3121C>T (p.Gln1041Ter)	1756	DMD	Pathogenic	GRCh38	11254
single nucleotide variant	NM_004006.3(DMD):c.3188G>A (p.Trp1063Ter)	1756	DMD	Pathogenic	GRCh38	11255
single nucleotide variant	NM_004006.3(DMD):c.4213C>T (p.Gln1405Ter)	1756	DMD	Pathogenic	GRCh38	11256
single nucleotide variant	NM_004006.3(DMD):c.4414C>T (p.Gln1472Ter)	1756	DMD	Pathogenic	GRCh38	11257
single nucleotide variant	NM_004006.3(DMD):c.5899C>T (p.Arg1967Ter)	1756	DMD	Pathogenic	GRCh38	11258
single nucleotide variant	NM_004006.3(DMD):c.6292C>T (p.Arg2098Ter)	1756	DMD	Pathogenic	GRCh38	11260
single nucleotide variant	NM_004006.3(DMD):c.6373C>T (p.Gln2125Ter)	1756	DMD	Pathogenic	GRCh38	11261
single nucleotide variant	NM_004006.3(DMD):c.6790C>T (p.Gln2264Ter)	1756	DMD	Pathogenic	GRCh38	11263
single nucleotide variant	NM_004006.3(DMD):c.7402G>T (p.Glu2468Ter)	1756	DMD	Pathogenic	GRCh38	11266
single nucleotide variant	NM_004006.3(DMD):c.9197C>A (p.Ser3066Ter)	1756	DMD	Pathogenic	GRCh38	11270
single nucleotide variant	NM_004006.3(DMD):c.10141C>T (p.Arg3381Ter)	1756	DMD	Pathogenic	GRCh38	11273
single nucleotide variant	NM_004006.3(DMD):c.3631G>T (p.Glu1211Ter)	1756	DMD	Pathogenic	GRCh38	11280
single nucleotide variant	NM_004006.3(DMD):c.9568C>T (p.Arg3190Ter)	1756	DMD	Pathogenic	GRCh38	11282
single nucleotide variant	NM_004006.3(DMD):c.3940C>T (p.Arg1314Ter)	1756	DMD	Pathogenic	GRCh38	11283
single nucleotide variant	NM_004006.3(DMD):c.9225-285A>G	1756	DMD	Pathogenic/Likely pathogenic	GRCh38	11286
single nucleotide variant	NM_004006.3(DMD):c.8713C>T (p.Arg2905Ter)	1756	DMD	Pathogenic	GRCh38	11288
single nucleotide variant	NM_004006.3(DMD):c.5985T>G (p.Tyr1995Ter)	1756	DMD	Pathogenic	GRCh38	11290
single nucleotide variant	NM_004006.3(DMD):c.9G>A (p.Trp3Ter)	1756	DMD	Pathogenic	GRCh38	29962
single nucleotide variant	NM_004006.3(DMD):c.10033C>T (p.Arg3345Ter)	1756	DMD	Pathogenic	GRCh38	94421
single nucleotide variant	NM_004006.3(DMD):c.10086+1G>A	1756	DMD	Pathogenic	GRCh38	94422
single nucleotide variant	NM_004006.3(DMD):c.1012G>T (p.Glu338Ter)	1756	DMD	Pathogenic	GRCh38	94426
single nucleotide variant	NM_004006.3(DMD):c.10171C>T (p.Arg3391Ter)	1756	DMD	Pathogenic	GRCh38	94428
single nucleotide variant	NM_004006.3(DMD):c.10192C>T (p.Gln3398Ter)	1756	DMD	Pathogenic	GRCh38	1453123
single nucleotide variant	NM_004006.3(DMD):c.10223+1G>A	1756	DMD	Pathogenic	GRCh38	94430
single nucleotide variant	NM_004006.3(DMD):c.1048G>T (p.Glu350Ter)	1756	DMD	Pathogenic	GRCh38	94437
single nucleotide variant	NM_004006.3(DMD):c.10797+5G>A	1756	DMD	Pathogenic/Likely pathogenic	GRCh38	94447
single nucleotide variant	NM_004006.3(DMD):c.1261C>T (p.Gln421Ter)	1756	DMD	Pathogenic	GRCh38	94454
single nucleotide variant	NM_004006.3(DMD):c.1286C>A (p.Ser429Ter)	1756	DMD	Pathogenic	GRCh38	94455
single nucleotide variant	NM_004006.3(DMD):c.1332-9A>G	1756	DMD	Pathogenic	GRCh38	94460
single nucleotide variant	NM_004006.3(DMD):c.1465C>T (p.Gln489Ter)	1756	DMD	Pathogenic	GRCh38	94468
single nucleotide variant	NM_004006.3(DMD):c.1482+1G>T	1756	DMD	Pathogenic	GRCh38	94469
single nucleotide variant	NM_004006.3(DMD):c.1615C>T (p.Arg539Ter)	1756	DMD	Pathogenic	GRCh38	94475
single nucleotide variant	NM_004006.3(DMD):c.1886C>A (p.Ser629Ter)	1756	DMD	Pathogenic	GRCh38	94483
single nucleotide variant	NM_004006.3(DMD):c.1900A>T (p.Lys634Ter)	1756	DMD	Pathogenic	GRCh38	2435909
single nucleotide variant	NM_004006.3(DMD):c.1990C>T (p.Gln664Ter)	1756	DMD	Pathogenic	GRCh38	94486
single nucleotide variant	NM_004006.3(DMD):c.2032C>T (p.Gln678Ter)	1756	DMD	Pathogenic	GRCh38	94489
single nucleotide variant	NM_004006.3(DMD):c.2332C>T (p.Gln778Ter)	1756	DMD	Pathogenic	GRCh38	94504
single nucleotide variant	NM_004006.3(DMD):c.2380+1G>C	1756	DMD	Pathogenic	GRCh38	94505
single nucleotide variant	NM_004006.3(DMD):c.2380+2T>C	1756	DMD	Pathogenic	GRCh38	3725907
single nucleotide variant	NM_004006.3(DMD):c.2381-1G>T	1756	DMD	Pathogenic/Likely pathogenic	GRCh38	94508
single nucleotide variant	NM_004006.3(DMD):c.2419C>T (p.Gln807Ter)	1756	DMD	Pathogenic	GRCh38	94511
single nucleotide variant	NM_004006.3(DMD):c.2436G>A (p.Trp812Ter)	1756	DMD	Pathogenic	GRCh38	94512
single nucleotide variant	NM_004006.3(DMD):c.2518C>T (p.Gln840Ter)	1756	DMD	Pathogenic	GRCh38	1322235
single nucleotide variant	NM_004006.3(DMD):c.2622+1G>A	1756	DMD	Pathogenic	GRCh38	94526
single nucleotide variant	NM_004006.3(DMD):c.2650C>T (p.Gln884Ter)	1756	DMD	Pathogenic	GRCh38	94530
single nucleotide variant	NM_004006.3(DMD):c.2758C>T (p.Gln920Ter)	1756	DMD	Pathogenic	GRCh38	94532
single nucleotide variant	NM_004006.3(DMD):c.2803+1G>T	1756	DMD	Pathogenic	GRCh38	94536
single nucleotide variant	NM_004006.3(DMD):c.2804-1G>A	1756	DMD	Pathogenic	GRCh38	94537
single nucleotide variant	NM_004006.3(DMD):c.2816T>A (p.Leu939Ter)	1756	DMD	Pathogenic	GRCh38	94538
single nucleotide variant	NM_004006.3(DMD):c.2866C>T (p.Gln956Ter)	1756	DMD	Pathogenic	GRCh38	94542
single nucleotide variant	NM_004006.3(DMD):c.2950-2A>G	1756	DMD	Pathogenic	GRCh38	94545
single nucleotide variant	NM_004006.3(DMD):c.2954T>A (p.Leu985Ter)	1756	DMD	Pathogenic	GRCh38	1322429
single nucleotide variant	NM_004006.3(DMD):c.2977C>T (p.Gln993Ter)	1756	DMD	Pathogenic	GRCh38	4710688
single nucleotide variant	NM_004006.3(DMD):c.3059C>G (p.Ser1020Ter)	1756	DMD	Pathogenic	GRCh38	94550
single nucleotide variant	NM_004006.3(DMD):c.3076G>T (p.Glu1026Ter)	1756	DMD	Pathogenic	GRCh38	94551
single nucleotide variant	NM_004006.3(DMD):c.31+1G>T	1756	DMD	Pathogenic	GRCh38	94554
single nucleotide variant	NM_004006.3(DMD):c.3151C>T (p.Arg1051Ter)	1756	DMD	Pathogenic	GRCh38	94576
single nucleotide variant	NM_004006.3(DMD):c.3276+1G>A	1756	DMD	Pathogenic	GRCh38	94583
single nucleotide variant	NM_004006.3(DMD):c.3295C>T (p.Gln1099Ter)	1756	DMD	Pathogenic	GRCh38	94584
single nucleotide variant	NM_004006.3(DMD):c.336G>A (p.Trp112Ter)	1756	DMD	Pathogenic	GRCh38	94585
single nucleotide variant	NM_004006.3(DMD):c.3432+1G>A	1756	DMD	Pathogenic	GRCh38	94589
single nucleotide variant	NM_004006.3(DMD):c.3432+3A>G	1756	DMD	Pathogenic/Likely pathogenic	GRCh38	94592
single nucleotide variant	NM_004006.3(DMD):c.3433-1G>A	1756	DMD	Pathogenic	GRCh38	1322378
single nucleotide variant	NM_004006.3(DMD):c.3580C>T (p.Gln1194Ter)	1756	DMD	Pathogenic	GRCh38	94597
single nucleotide variant	NM_004006.3(DMD):c.3603+2T>A	1756	DMD	Pathogenic	GRCh38	94598
single nucleotide variant	NM_004006.3(DMD):c.4117C>T (p.Gln1373Ter)	1756	DMD	Pathogenic	GRCh38	94612
single nucleotide variant	NM_004006.3(DMD):c.434G>C (p.Arg145Pro)	1756	DMD	Pathogenic/Likely pathogenic	GRCh38	94622
single nucleotide variant	NM_004006.3(DMD):c.4375C>T (p.Arg1459Ter)	1756	DMD	Pathogenic	GRCh38	94623
single nucleotide variant	NM_004006.3(DMD):c.4405C>T (p.Gln1469Ter)	1756	DMD	Pathogenic	GRCh38	94624
single nucleotide variant	NM_004006.3(DMD):c.4518+5G>A	1756	DMD	Pathogenic	GRCh38	94630
single nucleotide variant	NM_004006.3(DMD):c.4843A>T (p.Lys1615Ter)	1756	DMD	Pathogenic	GRCh38	94641
single nucleotide variant	NM_004006.3(DMD):c.489G>A (p.Trp163Ter)	1756	DMD	Pathogenic	GRCh38	2664331
single nucleotide variant	NM_004006.3(DMD):c.4996C>T (p.Arg1666Ter)	1756	DMD	Pathogenic	GRCh38	94646
single nucleotide variant	NM_004006.3(DMD):c.5134C>T (p.Gln1712Ter)	1756	DMD	Pathogenic	GRCh38	94654
single nucleotide variant	NM_004006.3(DMD):c.5287C>T (p.Arg1763Ter)	1756	DMD	Pathogenic	GRCh38	94658
single nucleotide variant	NM_004006.3(DMD):c.531-2A>C	1756	DMD	Likely pathogenic	GRCh38	3241343
single nucleotide variant	NM_004006.3(DMD):c.5353C>T (p.Gln1785Ter)	1756	DMD	Pathogenic	GRCh38	94668
single nucleotide variant	NM_004006.3(DMD):c.5530C>T (p.Arg1844Ter)	1756	DMD	Pathogenic	GRCh38	94669
single nucleotide variant	NM_004006.3(DMD):c.5554C>T (p.Gln1852Ter)	1756	DMD	Pathogenic	GRCh38	94670
single nucleotide variant	NM_004006.3(DMD):c.5640T>A (p.Tyr1880Ter)	1756	DMD	Pathogenic	GRCh38	94676
single nucleotide variant	NM_004006.3(DMD):c.5773G>T (p.Glu1925Ter)	1756	DMD	Pathogenic	GRCh38	94681
single nucleotide variant	NM_004006.3(DMD):c.583C>T (p.Arg195Ter)	1756	DMD	Pathogenic	GRCh38	94684
single nucleotide variant	NM_004006.3(DMD):c.5938G>T (p.Glu1980Ter)	1756	DMD	Pathogenic	GRCh38	94686
single nucleotide variant	NM_004006.3(DMD):c.6000T>A (p.Tyr2000Ter)	1756	DMD	Pathogenic	GRCh38	94688
single nucleotide variant	NM_004006.3(DMD):c.6072T>A (p.Cys2024Ter)	1756	DMD	Pathogenic	GRCh38	94691
single nucleotide variant	NM_004006.3(DMD):c.615T>A (p.Tyr205Ter)	1756	DMD	Pathogenic	GRCh38	94693
single nucleotide variant	NM_004006.3(DMD):c.6226G>T (p.Glu2076Ter)	1756	DMD	Pathogenic	GRCh38	2825797
single nucleotide variant	NM_004006.3(DMD):c.6283C>T (p.Arg2095Ter)	1756	DMD	Pathogenic	GRCh38	94697
single nucleotide variant	NM_004006.3(DMD):c.649+1G>A	1756	DMD	Pathogenic	GRCh38	94743
single nucleotide variant	NM_004006.3(DMD):c.6763-2A>G	1756	DMD	Likely pathogenic	GRCh38	1324238
single nucleotide variant	NM_004006.3(DMD):c.6906G>A (p.Trp2302Ter)	1756	DMD	Pathogenic	GRCh38	94750
single nucleotide variant	NM_004006.3(DMD):c.6943G>T (p.Glu2315Ter)	1756	DMD	Pathogenic	GRCh38	3724151
single nucleotide variant	NM_004006.3(DMD):c.7189C>T (p.Gln2397Ter)	1756	DMD	Pathogenic	GRCh38	94758
single nucleotide variant	NM_004006.3(DMD):c.7309+1G>A	1756	DMD	Pathogenic	GRCh38	94760
single nucleotide variant	NM_004006.3(DMD):c.7657C>T (p.Arg2553Ter)	1756	DMD	Pathogenic	GRCh38	94772
single nucleotide variant	NM_004006.3(DMD):c.7672C>T (p.Gln2558Ter)	1756	DMD	Pathogenic	GRCh38	94773
single nucleotide variant	NM_004006.3(DMD):c.7682G>A (p.Trp2561Ter)	1756	DMD	Pathogenic	GRCh38	94774
single nucleotide variant	NM_004006.3(DMD):c.7683G>A (p.Trp2561Ter)	1756	DMD	Pathogenic	GRCh38	94775
single nucleotide variant	NM_004006.3(DMD):c.7771G>T (p.Glu2591Ter)	1756	DMD	Pathogenic	GRCh38	94778
single nucleotide variant	NM_004006.3(DMD):c.7894C>T (p.Gln2632Ter)	1756	DMD	Pathogenic	GRCh38	94781
single nucleotide variant	NM_004006.3(DMD):c.8069T>G (p.Leu2690Ter)	1756	DMD	Pathogenic	GRCh38	94786
single nucleotide variant	NM_004006.3(DMD):c.831G>T (p.Gln277His)	1756	DMD	Likely pathogenic	GRCh38	94798
single nucleotide variant	NM_004006.3(DMD):c.8358G>A (p.Trp2786Ter)	1756	DMD	Pathogenic	GRCh38	2032773
single nucleotide variant	NM_004006.3(DMD):c.8443C>T (p.Gln2815Ter)	1756	DMD	Pathogenic	GRCh38	94807
single nucleotide variant	NM_004006.3(DMD):c.8464C>T (p.Gln2822Ter)	1756	DMD	Pathogenic	GRCh38	3724144
single nucleotide variant	NM_004006.3(DMD):c.8608C>T (p.Arg2870Ter)	1756	DMD	Pathogenic	GRCh38	94810
single nucleotide variant	NM_004006.3(DMD):c.9164-1G>T	1756	DMD	Pathogenic	GRCh38	3241340
single nucleotide variant	NM_004006.3(DMD):c.9225-647A>G	1756	DMD	Pathogenic/Likely pathogenic	GRCh38	94837
single nucleotide variant	NM_004006.3(DMD):c.9337C>T (p.Arg3113Ter)	1756	DMD	Pathogenic	GRCh38	94839
single nucleotide variant	NM_004006.3(DMD):c.9361+1G>A	1756	DMD	Pathogenic/Likely pathogenic	GRCh38	94841
single nucleotide variant	NM_004006.3(DMD):c.9361+1G>C	1756	DMD	Pathogenic/Likely pathogenic	GRCh38	94842
single nucleotide variant	NM_004006.3(DMD):c.9564-1G>A	1756	DMD	Pathogenic/Likely pathogenic	GRCh38	94845
single nucleotide variant	NM_004006.3(DMD):c.961-5831C>T	1756	DMD	Pathogenic	GRCh38	94849
single nucleotide variant	NM_004006.3(DMD):c.9650-2A>G	1756	DMD	Pathogenic	GRCh38	94855
single nucleotide variant	NM_004006.3(DMD):c.9851G>A (p.Trp3284Ter)	1756	DMD	Pathogenic	GRCh38	1322632
single nucleotide variant	NM_004006.3(DMD):c.9862G>T (p.Glu3288Ter)	1756	DMD	Pathogenic	GRCh38	94864
single nucleotide variant	NM_004006.3(DMD):c.1812+1G>A	1756	DMD	Pathogenic/Likely pathogenic	GRCh38	162497
single nucleotide variant	NM_004006.3(DMD):c.2755A>T (p.Lys919Ter)	1756	DMD	Pathogenic	GRCh38	166824
single nucleotide variant	NM_004006.3(DMD):c.2956C>T (p.Gln986Ter)	1756	DMD	Pathogenic	GRCh38	166817
single nucleotide variant	NM_004006.3(DMD):c.8680G>T (p.Glu2894Ter)	1756	DMD	Pathogenic	GRCh38	166668
single nucleotide variant	NM_004006.3(DMD):c.3532G>T (p.Glu1178Ter)	1756	DMD	Pathogenic	GRCh38	166784
single nucleotide variant	NM_004006.3(DMD):c.883C>T (p.Arg295Ter)	1756	DMD	Pathogenic/Likely pathogenic	GRCh38	166864
single nucleotide variant	NM_004006.3(DMD):c.9164-1G>C	1756	DMD	Pathogenic	GRCh38	166661
single nucleotide variant	NM_004006.3(DMD):c.5363C>G (p.Ser1788Ter)	1756	DMD	Pathogenic	GRCh38	166756
single nucleotide variant	NM_004006.3(DMD):c.4806A>T (p.Gly1602=)	1756	DMD	Pathogenic	GRCh38	166763
single nucleotide variant	NM_004006.3(DMD):c.2484T>G (p.Tyr828Ter)	1756	DMD	Pathogenic	GRCh38	166854
single nucleotide variant	NM_004006.3(DMD):c.1093C>T (p.Gln365Ter)	1756	DMD	Pathogenic	GRCh38	193663
single nucleotide variant	NM_004006.3(DMD):c.1286C>G (p.Ser429Ter)	1756	DMD	Pathogenic	GRCh38	193869
single nucleotide variant	NM_004006.3(DMD):c.1150-2A>G	1756	DMD	Pathogenic	GRCh38	193870
single nucleotide variant	NM_004006.3(DMD):c.1704+1G>A	1756	DMD	Pathogenic	GRCh38	194384
single nucleotide variant	NM_004006.3(DMD):c.1912C>T (p.Gln638Ter)	1756	DMD	Pathogenic	GRCh38	194636
single nucleotide variant	NM_004006.3(DMD):c.2479G>T (p.Glu827Ter)	1756	DMD	Pathogenic	GRCh38	195495
single nucleotide variant	NM_004006.3(DMD):c.2803+1G>C	1756	DMD	Pathogenic	GRCh38	195600
single nucleotide variant	NM_004006.3(DMD):c.2804-2A>T	1756	DMD	Pathogenic	GRCh38	195678
single nucleotide variant	NM_004006.3(DMD):c.3535G>T (p.Glu1179Ter)	1756	DMD	Pathogenic	GRCh38	195967
single nucleotide variant	NM_004006.3(DMD):c.3838A>T (p.Lys1280Ter)	1756	DMD	Pathogenic	GRCh38	196126
single nucleotide variant	NM_004006.3(DMD):c.133C>T (p.Gln45Ter)	1756	DMD	Pathogenic	GRCh38	196372
single nucleotide variant	NM_004006.3(DMD):c.4315A>T (p.Arg1439Ter)	1756	DMD	Pathogenic	GRCh38	196695
single nucleotide variant	NM_004006.3(DMD):c.4675-2A>G	1756	DMD	Pathogenic	GRCh38	196897
single nucleotide variant	NM_004006.3(DMD):c.5868G>A (p.Trp1956Ter)	1756	DMD	Pathogenic	GRCh38	197434
single nucleotide variant	NM_004006.3(DMD):c.6982A>T (p.Lys2328Ter)	1756	DMD	Pathogenic	GRCh38	197593
single nucleotide variant	NM_004006.3(DMD):c.8656C>T (p.Gln2886Ter)	1756	DMD	Pathogenic	GRCh38	198011
single nucleotide variant	NM_004006.3(DMD):c.8669-2A>C	1756	DMD	Pathogenic	GRCh38	198020
single nucleotide variant	NM_004006.3(DMD):c.9216C>G (p.Tyr3072Ter)	1756	DMD	Pathogenic	GRCh38	198320
single nucleotide variant	NM_004006.3(DMD):c.9978C>G (p.Tyr3326Ter)	1756	DMD	Pathogenic	GRCh38	198374
single nucleotide variant	NM_004006.3(DMD):c.565C>T (p.Gln189Ter)	1756	DMD	Pathogenic	GRCh38	198501
single nucleotide variant	NM_004006.3(DMD):c.572C>G (p.Ser191Ter)	1756	DMD	Pathogenic	GRCh38	198504
single nucleotide variant	NM_004006.3(DMD):c.10554-2A>G	1756	DMD	Pathogenic/Likely pathogenic	GRCh38	198665
single nucleotide variant	NM_004006.3(DMD):c.2623-1G>T	1756	DMD	Pathogenic/Likely pathogenic	GRCh38	201759
single nucleotide variant	NM_004006.3(DMD):c.6614+3310G>T	1756	DMD	Likely pathogenic	GRCh38	210853
single nucleotide variant	NM_004006.3(DMD):c.4000G>T (p.Gly1334Ter)	1756	DMD	Pathogenic/Likely pathogenic	GRCh38	216919
single nucleotide variant	NM_004006.3(DMD):c.10504G>T (p.Glu3502Ter)	1756	DMD	Pathogenic	GRCh38	217174
single nucleotide variant	NM_004006.3(DMD):c.10412T>G (p.Leu3471Ter)	1756	DMD	Pathogenic	GRCh38	217173
single nucleotide variant	NM_004006.3(DMD):c.10223+1G>C	1756	DMD	Pathogenic	GRCh38	217172
single nucleotide variant	NM_004006.3(DMD):c.8390+2T>C	1756	DMD	Pathogenic	GRCh38	217215
single nucleotide variant	NM_004006.3(DMD):c.8357G>A (p.Trp2786Ter)	1756	DMD	Pathogenic	GRCh38	217214
single nucleotide variant	NM_004006.3(DMD):c.8038C>T (p.Arg2680Ter)	1756	DMD	Pathogenic	GRCh38	217213
single nucleotide variant	NM_004006.3(DMD):c.8027+2T>A	1756	DMD	Pathogenic/Likely pathogenic	GRCh38	217212
single nucleotide variant	NM_004006.3(DMD):c.7817G>A (p.Trp2606Ter)	1756	DMD	Pathogenic	GRCh38	217211
single nucleotide variant	NM_004006.3(DMD):c.7755G>A (p.Trp2585Ter)	1756	DMD	Pathogenic	GRCh38	217210
single nucleotide variant	NM_004006.3(DMD):c.7105G>T (p.Glu2369Ter)	1756	DMD	Pathogenic	GRCh38	217209
single nucleotide variant	NM_004006.3(DMD):c.5917C>T (p.Gln1973Ter)	1756	DMD	Pathogenic	GRCh38	217206
single nucleotide variant	NM_004006.3(DMD):c.5641C>T (p.Gln1881Ter)	1756	DMD	Pathogenic	GRCh38	217205
single nucleotide variant	NM_004006.3(DMD):c.5461G>T (p.Glu1821Ter)	1756	DMD	Pathogenic	GRCh38	217203
single nucleotide variant	NM_004006.3(DMD):c.5350G>T (p.Glu1784Ter)	1756	DMD	Pathogenic	GRCh38	217202
single nucleotide variant	NM_004006.3(DMD):c.5131C>T (p.Gln1711Ter)	1756	DMD	Pathogenic	GRCh38	217201
single nucleotide variant	NM_004006.3(DMD):c.4729C>T (p.Arg1577Ter)	1756	DMD	Pathogenic	GRCh38	217199
single nucleotide variant	NM_004006.3(DMD):c.4606G>T (p.Glu1536Ter)	1756	DMD	Pathogenic	GRCh38	217198
single nucleotide variant	NM_004006.3(DMD):c.4240C>T (p.Gln1414Ter)	1756	DMD	Pathogenic	GRCh38	217197
single nucleotide variant	NM_004006.3(DMD):c.3427C>T (p.Gln1143Ter)	1756	DMD	Pathogenic	GRCh38	217193
single nucleotide variant	NM_004006.3(DMD):c.2991C>G (p.Tyr997Ter)	1756	DMD	Pathogenic	GRCh38	217192
single nucleotide variant	NM_004006.3(DMD):c.2804-2A>C	1756	DMD	Pathogenic/Likely pathogenic	GRCh38	217190
single nucleotide variant	NM_004006.3(DMD):c.2797C>T (p.Gln933Ter)	1756	DMD	Pathogenic	GRCh38	217188
single nucleotide variant	NM_004006.3(DMD):c.2623-3C>G	1756	DMD	Pathogenic/Likely pathogenic	GRCh38	217186
single nucleotide variant	NM_004006.3(DMD):c.2611A>T (p.Lys871Ter)	1756	DMD	Pathogenic	GRCh38	217185
single nucleotide variant	NM_004006.3(DMD):c.2407C>T (p.Gln803Ter)	1756	DMD	Pathogenic	GRCh38	217184
single nucleotide variant	NM_004006.3(DMD):c.2368C>T (p.Gln790Ter)	1756	DMD	Pathogenic	GRCh38	217183
single nucleotide variant	NM_004006.3(DMD):c.2215G>T (p.Glu739Ter)	1756	DMD	Pathogenic	GRCh38	217182
single nucleotide variant	NM_004006.3(DMD):c.1683G>A (p.Trp561Ter)	1756	DMD	Pathogenic	GRCh38	217181
single nucleotide variant	NM_004006.3(DMD):c.1663C>T (p.Gln555Ter)	1756	DMD	Pathogenic	GRCh38	217180
single nucleotide variant	NM_004006.3(DMD):c.1483-1G>C	1756	DMD	Pathogenic	GRCh38	217179
single nucleotide variant	NM_004006.3(DMD):c.1388G>A (p.Trp463Ter)	1756	DMD	Pathogenic	GRCh38	217178
single nucleotide variant	NM_004006.3(DMD):c.1331+1G>A	1756	DMD	Pathogenic	GRCh38	217177
single nucleotide variant	NM_004006.3(DMD):c.1324C>T (p.Gln442Ter)	1756	DMD	Pathogenic	GRCh38	217176
single nucleotide variant	NM_004006.3(DMD):c.358-2A>G	1756	DMD	Pathogenic	GRCh38	217196
single nucleotide variant	NM_004006.3(DMD):c.355C>T (p.Gln119Ter)	1756	DMD	Pathogenic	GRCh38	217195
single nucleotide variant	NM_004006.3(DMD):c.265-2A>G	1756	DMD	Pathogenic	GRCh38	217187
single nucleotide variant	NM_004006.3(DMD):c.94-1G>A	1756	DMD	Pathogenic	GRCh38	217218
single nucleotide variant	NM_004006.3(DMD):c.6502G>T (p.Glu2168Ter)	1756	DMD	Pathogenic	GRCh38	225615
single nucleotide variant	NM_004006.3(DMD):c.5506C>T (p.Gln1836Ter)	1756	DMD	Pathogenic	GRCh38	239608
single nucleotide variant	NM_004006.3(DMD):c.4870C>T (p.Gln1624Ter)	1756	DMD	Pathogenic	GRCh38	239606
single nucleotide variant	NM_004006.3(DMD):c.1705-1G>T	1756	DMD	Pathogenic/Likely pathogenic	GRCh38	239601
single nucleotide variant	NM_004006.3(DMD):c.1504C>T (p.Gln502Ter)	1756	DMD	Pathogenic	GRCh38	239599
single nucleotide variant	NM_004006.3(DMD):c.9148C>T (p.Gln3050Ter)	1756	DMD	Pathogenic	GRCh38	265411
single nucleotide variant	NM_004006.3(DMD):c.8218-2A>G	1756	DMD	Pathogenic	GRCh38	265325
single nucleotide variant	NM_004006.3(DMD):c.6762+1G>T	1756	DMD	Pathogenic	GRCh38	265412
single nucleotide variant	NM_004006.3(DMD):c.5314A>T (p.Lys1772Ter)	1756	DMD	Pathogenic	GRCh38	265413
single nucleotide variant	NM_004006.3(DMD):c.3259C>T (p.Gln1087Ter)	1756	DMD	Pathogenic	GRCh38	265414
single nucleotide variant	NM_004006.3(DMD):c.8459G>A (p.Trp2820Ter)	1756	DMD	Likely pathogenic	GRCh38	266038
single nucleotide variant	NM_004006.3(DMD):c.1288A>T (p.Arg430Ter)	1756	DMD	Pathogenic	GRCh38	280633
single nucleotide variant	NM_004006.3(DMD):c.6290+1G>C	1756	DMD	Pathogenic	GRCh38	280296
single nucleotide variant	NM_004006.3(DMD):c.1865C>G (p.Ser622Ter)	1756	DMD	Pathogenic	GRCh38	280051
single nucleotide variant	NM_004006.3(DMD):c.31+36947G>A	1756	DMD	Pathogenic/Likely pathogenic	GRCh38	281179
single nucleotide variant	NM_004006.3(DMD):c.8217+18052A>G	1756	DMD	Likely pathogenic	GRCh38	281195
single nucleotide variant	NM_004006.3(DMD):c.5032C>T (p.Gln1678Ter)	1756	DMD	Pathogenic	GRCh38	281412
single nucleotide variant	NM_004006.3(DMD):c.5089C>T (p.Gln1697Ter)	1756	DMD	Pathogenic/Likely pathogenic	GRCh38	282229
single nucleotide variant	NM_004006.3(DMD):c.2512C>T (p.Gln838Ter)	1756	DMD	Pathogenic	GRCh38	282233
single nucleotide variant	NM_004006.3(DMD):c.10477C>T (p.Gln3493Ter)	1756	DMD	Pathogenic	GRCh38	282841
single nucleotide variant	NM_004006.3(DMD):c.1417A>T (p.Lys473Ter)	1756	DMD	Pathogenic	GRCh38	282849
single nucleotide variant	NM_004006.3(DMD):c.93+1G>A	1756	DMD	Pathogenic	GRCh38	283346
single nucleotide variant	NM_004006.3(DMD):c.2168+2T>G	1756	DMD	Pathogenic	GRCh38	283413
single nucleotide variant	NM_004006.3(DMD):c.10279C>T (p.Gln3427Ter)	1756	DMD	Pathogenic	GRCh38	283713
single nucleotide variant	NM_004006.3(DMD):c.5140G>T (p.Glu1714Ter)	1756	DMD	Pathogenic	GRCh38	283945
single nucleotide variant	NM_004006.3(DMD):c.10062T>A (p.Tyr3354Ter)	1756	DMD	Pathogenic	GRCh38	284461
single nucleotide variant	NM_004006.3(DMD):c.649+1G>T	1756	DMD	Pathogenic	GRCh38	284862
single nucleotide variant	NM_004006.3(DMD):c.457C>T (p.Gln153Ter)	1756	DMD	Pathogenic	GRCh38	284924
single nucleotide variant	NM_004006.3(DMD):c.5739+1G>T	1756	DMD	Pathogenic/Likely pathogenic	GRCh38	285195
single nucleotide variant	NM_004006.3(DMD):c.1594C>T (p.Gln532Ter)	1756	DMD	Pathogenic	GRCh38	285784
single nucleotide variant	NM_004006.3(DMD):c.1150-1G>A	1756	DMD	Pathogenic	GRCh38	285921
single nucleotide variant	NM_004006.3(DMD):c.1482+1G>C	1756	DMD	Pathogenic	GRCh38	286155
single nucleotide variant	NM_004006.3(DMD):c.6223C>T (p.Gln2075Ter)	1756	DMD	Pathogenic	GRCh38	286577
single nucleotide variant	NM_004006.3(DMD):c.4174C>T (p.Gln1392Ter)	1756	DMD	Pathogenic	GRCh38	286833
single nucleotide variant	NM_004006.3(DMD):c.3747G>A (p.Trp1249Ter)	1756	DMD	Pathogenic	GRCh38	287438
single nucleotide variant	NM_004006.3(DMD):c.10572T>A (p.Tyr3524Ter)	1756	DMD	Pathogenic	GRCh38	288164
single nucleotide variant	NM_004006.3(DMD):c.186+2T>A	1756	DMD	Pathogenic	GRCh38	288177
single nucleotide variant	NM_004006.3(DMD):c.2861G>A (p.Trp954Ter)	1756	DMD	Pathogenic	GRCh38	288476
single nucleotide variant	NM_004006.3(DMD):c.9563+1G>A	1756	DMD	Pathogenic	GRCh38	288725
single nucleotide variant	NM_004006.3(DMD):c.4483C>T (p.Gln1495Ter)	1756	DMD	Pathogenic	GRCh38	288923
single nucleotide variant	NM_004006.3(DMD):c.8669-1G>C	1756	DMD	Pathogenic	GRCh38	289992
single nucleotide variant	NM_004006.3(DMD):c.4312C>T (p.Gln1438Ter)	1756	DMD	Pathogenic	GRCh38	290261
single nucleotide variant	NM_004006.3(DMD):c.3413G>A (p.Trp1138Ter)	1756	DMD	Pathogenic	GRCh38	290270
single nucleotide variant	NM_004006.3(DMD):c.5344G>T (p.Glu1782Ter)	1756	DMD	Pathogenic	GRCh38	290445
single nucleotide variant	NM_004006.3(DMD):c.4845+1G>T	1756	DMD	Pathogenic	GRCh38	290599
single nucleotide variant	NM_004006.3(DMD):c.9975-2A>C	1756	DMD	Pathogenic	GRCh38	290604
single nucleotide variant	NM_004006.3(DMD):c.358-1G>A	1756	DMD	Pathogenic	GRCh38	290909
single nucleotide variant	NM_004006.3(DMD):c.9527A>G (p.Asp3176Gly)	1756	DMD	Likely pathogenic	GRCh38	291316
single nucleotide variant	NM_004006.3(DMD):c.6139C>T (p.Gln2047Ter)	1756	DMD	Pathogenic	GRCh38	369655
single nucleotide variant	NM_004006.3(DMD):c.1602+1G>A	1756	DMD	Pathogenic	GRCh38	372742
single nucleotide variant	NM_004006.3(DMD):c.2168+1G>A	1756	DMD	Pathogenic	GRCh38	373091
single nucleotide variant	NM_004006.3(DMD):c.5699T>G (p.Leu1900Ter)	1756	DMD	Pathogenic	GRCh38	374059
single nucleotide variant	NM_004006.3(DMD):c.1637G>A (p.Trp546Ter)	1756	DMD	Pathogenic	GRCh38	374191
single nucleotide variant	NM_004006.3(DMD):c.5758C>T (p.Gln1920Ter)	1756	DMD	Pathogenic	GRCh38	379872
single nucleotide variant	NM_004006.3(DMD):c.5872G>T (p.Glu1958Ter)	1756	DMD	Pathogenic	GRCh38	393178
single nucleotide variant	NM_004006.3(DMD):c.511G>C (p.Ala171Pro)	1756	DMD	Likely pathogenic	GRCh38	381571
single nucleotide variant	NM_004006.3(DMD):c.4222C>T (p.Gln1408Ter)	1756	DMD	Likely pathogenic	GRCh38	391925
single nucleotide variant	NM_004006.3(DMD):c.8209C>T (p.Gln2737Ter)	1756	DMD	Pathogenic	GRCh38	409889
single nucleotide variant	NM_004006.3(DMD):c.5110G>T (p.Glu1704Ter)	1756	DMD	Pathogenic	GRCh38	409924
single nucleotide variant	NM_004006.3(DMD):c.4858G>T (p.Glu1620Ter)	1756	DMD	Pathogenic	GRCh38	409919
single nucleotide variant	NM_004006.3(DMD):c.4071+1G>A	1756	DMD	Pathogenic	GRCh38	409917
single nucleotide variant	NM_004006.3(DMD):c.6614+2T>C	1756	DMD	Pathogenic	GRCh38	409914
single nucleotide variant	NM_004006.3(DMD):c.2665C>T (p.Arg889Ter)	1756	DMD	Pathogenic	GRCh38	409911
single nucleotide variant	NM_004006.3(DMD):c.2202G>A (p.Trp734Ter)	1756	DMD	Pathogenic	GRCh38	409907
single nucleotide variant	NM_004006.3(DMD):c.2077C>T (p.Gln693Ter)	1756	DMD	Pathogenic	GRCh38	409942
single nucleotide variant	NM_004006.3(DMD):c.1653G>A (p.Trp551Ter)	1756	DMD	Pathogenic/Likely pathogenic	GRCh38	409899
single nucleotide variant	NM_004006.3(DMD):c.1061G>A (p.Trp354Ter)	1756	DMD	Pathogenic	GRCh38	409918
single nucleotide variant	NM_004006.3(DMD):c.832-15A>G	1756	DMD	Likely pathogenic	GRCh38	409886
single nucleotide variant	NM_004006.3(DMD):c.10797+1G>A	1756	DMD	Pathogenic	GRCh38	409896
single nucleotide variant	NM_004006.3(DMD):c.9621T>A (p.Cys3207Ter)	1756	DMD	Pathogenic	GRCh38	409890
single nucleotide variant	NM_004006.3(DMD):c.8914C>T (p.Gln2972Ter)	1756	DMD	Pathogenic	GRCh38	409903
single nucleotide variant	NM_004006.3(DMD):c.6118-1G>A	1756	DMD	Pathogenic	GRCh38	409937
single nucleotide variant	NM_004006.3(DMD):c.5647A>T (p.Lys1883Ter)	1756	DMD	Pathogenic	GRCh38	409892
single nucleotide variant	NM_004006.3(DMD):c.4072-1G>T	1756	DMD	Likely pathogenic	GRCh38	409908
single nucleotide variant	NM_004006.3(DMD):c.1149+1G>A	1756	DMD	Pathogenic	GRCh38	409904
single nucleotide variant	NM_004006.3(DMD):c.3603+3A>T	1756	DMD	Pathogenic	GRCh38	409882
single nucleotide variant	NM_004006.3(DMD):c.2276T>A (p.Leu759Ter)	1756	DMD	Pathogenic	GRCh38	409897
single nucleotide variant	NM_004006.3(DMD):c.10651C>T (p.Gln3551Ter)	1756	DMD	Pathogenic	GRCh38	419240
single nucleotide variant	NM_004006.3(DMD):c.8390+1G>A	1756	DMD	Pathogenic	GRCh38	420583
single nucleotide variant	NM_004006.3(DMD):c.5448+1G>A	1756	DMD	Likely pathogenic	GRCh38	424045
single nucleotide variant	NM_004006.3(DMD):c.3487C>T (p.Gln1163Ter)	1756	DMD	Pathogenic	GRCh38	419607
single nucleotide variant	NM_004006.3(DMD):c.2555G>A (p.Trp852Ter)	1756	DMD	Pathogenic	GRCh38	419572
single nucleotide variant	NM_004006.3(DMD):c.9958C>A (p.Pro3320Thr)	1756	DMD	Likely pathogenic	GRCh38	429926
single nucleotide variant	NM_004006.3(DMD):c.8782A>T (p.Lys2928Ter)	1756	DMD	Pathogenic	GRCh38	439616
single nucleotide variant	NM_004006.3(DMD):c.8391-2A>G	1756	DMD	Pathogenic/Likely pathogenic	GRCh38	439613
single nucleotide variant	NM_004006.3(DMD):c.2485C>T (p.Gln829Ter)	1756	DMD	Pathogenic/Likely pathogenic	GRCh38	439617
single nucleotide variant	NM_004006.3(DMD):c.2416G>T (p.Glu806Ter)	1756	DMD	Pathogenic	GRCh38	439615
single nucleotide variant	NM_004006.3(DMD):c.2101G>T (p.Glu701Ter)	1756	DMD	Pathogenic	GRCh38	439606
single nucleotide variant	NM_004006.3(DMD):c.4845+2T>G	1756	DMD	Pathogenic	GRCh38	439607
single nucleotide variant	NM_004006.3(DMD):c.9560A>G (p.Asp3187Gly)	1756	DMD	Pathogenic/Likely pathogenic	GRCh38	439608
single nucleotide variant	NM_004006.3(DMD):c.7899G>A (p.Trp2633Ter)	1756	DMD	Pathogenic	GRCh38	439610
single nucleotide variant	NM_004006.3(DMD):c.8880G>A (p.Trp2960Ter)	1756	DMD	Pathogenic	GRCh38	439612
single nucleotide variant	NM_004006.3(DMD):c.8197G>T (p.Glu2733Ter)	1756	DMD	Pathogenic	GRCh38	439618
single nucleotide variant	NM_004006.3(DMD):c.650-39498A>G	1756	DMD	Pathogenic/Likely pathogenic	GRCh38	446469
single nucleotide variant	NM_004006.3(DMD):c.9163+2T>G	1756	DMD	Pathogenic	GRCh38	447268
single nucleotide variant	NM_004006.3(DMD):c.7661-2A>G	1756	DMD	Pathogenic	GRCh38	447265
single nucleotide variant	NM_004006.3(DMD):c.6423C>A (p.Tyr2141Ter)	1756	DMD	Pathogenic	GRCh38	447262
single nucleotide variant	NM_004006.3(DMD):c.5851C>T (p.Gln1951Ter)	1756	DMD	Pathogenic	GRCh38	447260
single nucleotide variant	NM_004006.3(DMD):c.5586+1G>A	1756	DMD	Likely pathogenic	GRCh38	447259
single nucleotide variant	NM_004006.3(DMD):c.3217G>T (p.Glu1073Ter)	1756	DMD	Pathogenic	GRCh38	447256
single nucleotide variant	NM_004006.3(DMD):c.1310C>G (p.Ala437Gly)	1756	DMD	Pathogenic/Likely pathogenic	GRCh38	447251
single nucleotide variant	NM_004006.3(DMD):c.589G>T (p.Glu197Ter)	1756	DMD	Pathogenic	GRCh38	447261
single nucleotide variant	NM_004006.3(DMD):c.8575G>T (p.Glu2859Ter)	1756	DMD	Pathogenic	GRCh38	450806
single nucleotide variant	NM_004006.3(DMD):c.6317G>A (p.Trp2106Ter)	1756	DMD	Pathogenic	GRCh38	451763
single nucleotide variant	NM_004006.3(DMD):c.4675-11A>G	1756	DMD	Pathogenic/Likely pathogenic	GRCh38	449381
single nucleotide variant	NM_004006.3(DMD):c.531-2A>G	1756	DMD	Pathogenic	GRCh38	449832
single nucleotide variant	NM_004006.3(DMD):c.9649+1G>A	1756	DMD	Pathogenic	GRCh38	455947
single nucleotide variant	NM_004006.3(DMD):c.7098+1G>T	1756	DMD	Pathogenic	GRCh38	455929
single nucleotide variant	NM_004006.3(DMD):c.6615-2A>T	1756	DMD	Pathogenic	GRCh38	455923
single nucleotide variant	NM_004006.3(DMD):c.2804-1G>T	1756	DMD	Pathogenic	GRCh38	455886
single nucleotide variant	NM_004006.3(DMD):c.686T>G (p.Leu229Ter)	1756	DMD	Pathogenic	GRCh38	455925
single nucleotide variant	NM_004006.3(DMD):c.9928C>T (p.Gln3310Ter)	1756	DMD	Pathogenic	GRCh38	455949
single nucleotide variant	NM_004006.3(DMD):c.8547+1G>A	1756	DMD	Likely pathogenic	GRCh38	455935
single nucleotide variant	NM_004006.3(DMD):c.3432+2036A>G	1756	DMD	Pathogenic/Likely pathogenic	GRCh38	455893
single nucleotide variant	NM_004006.3(DMD):c.1865C>A (p.Ser622Ter)	1756	DMD	Pathogenic	GRCh38	455871
single nucleotide variant	NM_004006.3(DMD):c.6424A>T (p.Lys2142Ter)	1756	DMD	Pathogenic	GRCh38	455919
single nucleotide variant	NM_004006.3(DMD):c.831+1G>A	1756	DMD	Pathogenic	GRCh38	455934
single nucleotide variant	NM_004006.3(DMD):c.186+1G>A	1756	DMD	Pathogenic	GRCh38	455870
single nucleotide variant	NM_004006.3(DMD):c.10109G>C (p.Arg3370Pro)	1756	DMD	Likely pathogenic	GRCh38	455851
single nucleotide variant	NM_004006.3(DMD):c.7310-1G>A	1756	DMD	Pathogenic	GRCh38	492825
single nucleotide variant	NM_004006.3(DMD):c.2669T>A (p.Leu890Ter)	1756	DMD	Pathogenic	GRCh38	492823
single nucleotide variant	NM_004006.3(DMD):c.2292+2T>G	1756	DMD	Likely pathogenic	GRCh38	495113
single nucleotide variant	NM_004006.3(DMD):c.2950-2A>T	1756	DMD	Pathogenic	GRCh38	496923
single nucleotide variant	NM_004006.3(DMD):c.4618G>T (p.Glu1540Ter)	1756	DMD	Pathogenic	GRCh38	497172
single nucleotide variant	NM_004006.3(DMD):c.1602+1G>T	1756	DMD	Pathogenic/Likely pathogenic	GRCh38	497183
single nucleotide variant	NM_004006.3(DMD):c.7661-1G>C	1756	DMD	Pathogenic	GRCh38	497229
single nucleotide variant	NM_004006.3(DMD):c.4120G>T (p.Glu1374Ter)	1756	DMD	Pathogenic	GRCh38	497353
single nucleotide variant	NM_004006.3(DMD):c.7170C>G (p.Tyr2390Ter)	1756	DMD	Pathogenic/Likely pathogenic	GRCh38	497971
single nucleotide variant	NM_004006.3(DMD):c.6544C>T (p.Gln2182Ter)	1756	DMD	Pathogenic	GRCh38	498985
single nucleotide variant	NM_004006.3(DMD):c.5800G>T (p.Glu1934Ter)	1756	DMD	Pathogenic	GRCh38	499187
single nucleotide variant	NM_004006.3(DMD):c.4591C>T (p.Gln1531Ter)	1756	DMD	Pathogenic	GRCh38	499188
single nucleotide variant	NM_004006.3(DMD):c.2968C>T (p.Gln990Ter)	1756	DMD	Pathogenic	GRCh38	499537
single nucleotide variant	NM_004006.3(DMD):c.5407C>T (p.Gln1803Ter)	1756	DMD	Pathogenic	GRCh38	499610
single nucleotide variant	NM_004006.3(DMD):c.4495C>T (p.Gln1499Ter)	1756	DMD	Pathogenic	GRCh38	499729
single nucleotide variant	NM_004006.3(DMD):c.5713G>T (p.Glu1905Ter)	1756	DMD	Pathogenic	GRCh38	499880
single nucleotide variant	NM_004006.3(DMD):c.8937+1G>T	1756	DMD	Pathogenic	GRCh38	500710
single nucleotide variant	NM_004006.3(DMD):c.10086+1G>T	1756	DMD	Pathogenic	GRCh38	501095
single nucleotide variant	NM_004006.3(DMD):c.1255G>T (p.Glu419Ter)	1756	DMD	Pathogenic	GRCh38	501260
single nucleotide variant	NM_004006.3(DMD):c.8647A>T (p.Lys2883Ter)	1756	DMD	Pathogenic	GRCh38	501337
single nucleotide variant	NM_004006.3(DMD):c.283G>T (p.Gly95Ter)	1756	DMD	Pathogenic	GRCh38	501437
single nucleotide variant	NM_004006.3(DMD):c.1812+2T>A	1756	DMD	Pathogenic	GRCh38	501780
single nucleotide variant	NM_004006.3(DMD):c.7159C>T (p.Gln2387Ter)	1756	DMD	Pathogenic	GRCh38	502009
single nucleotide variant	NM_004006.3(DMD):c.10519G>T (p.Glu3507Ter)	1756	DMD	Pathogenic	GRCh38	502556
single nucleotide variant	NM_004006.3(DMD):c.4838G>A (p.Trp1613Ter)	1756	DMD	Pathogenic	GRCh38	523468
single nucleotide variant	NM_004006.3(DMD):c.357+1G>A	1756	DMD	Likely pathogenic	GRCh38	523467
single nucleotide variant	NM_004006.3(DMD):c.93+1G>C	1756	DMD	Pathogenic	GRCh38	523470
single nucleotide variant	NM_004006.3(DMD):c.9691C>T (p.Gln3231Ter)	1756	DMD	Pathogenic	GRCh38	523784
single nucleotide variant	NM_004006.3(DMD):c.8077C>T (p.Gln2693Ter)	1756	DMD	Pathogenic	GRCh38	523910
single nucleotide variant	NM_004006.3(DMD):c.6408G>A (p.Trp2136Ter)	1756	DMD	Pathogenic	GRCh38	526076
single nucleotide variant	NM_004006.3(DMD):c.3268C>T (p.Gln1090Ter)	1756	DMD	Pathogenic	GRCh38	526089
single nucleotide variant	NM_004006.3(DMD):c.2949+1G>A	1756	DMD	Pathogenic	GRCh38	526061
single nucleotide variant	NM_004006.3(DMD):c.2776C>T (p.Gln926Ter)	1756	DMD	Pathogenic	GRCh38	526072
single nucleotide variant	NM_004006.3(DMD):c.9975-1G>A	1756	DMD	Pathogenic	GRCh38	526079
single nucleotide variant	NM_004006.3(DMD):c.5602A>T (p.Arg1868Ter)	1756	DMD	Pathogenic	GRCh38	526083
single nucleotide variant	NM_004006.3(DMD):c.4231C>T (p.Gln1411Ter)	1756	DMD	Pathogenic	GRCh38	526046
single nucleotide variant	NM_004006.3(DMD):c.5266C>T (p.Gln1756Ter)	1756	DMD	Pathogenic	GRCh38	526093
single nucleotide variant	NM_004006.3(DMD):c.1992+1G>T	1756	DMD	Pathogenic	GRCh38	526103
single nucleotide variant	NM_004006.3(DMD):c.323T>C (p.Leu108Pro)	1756	DMD	Likely pathogenic	GRCh38	526094
single nucleotide variant	NM_004006.3(DMD):c.10783C>T (p.Gln3595Ter)	1756	DMD	Pathogenic	GRCh38	526051
single nucleotide variant	NM_004006.3(DMD):c.9183G>A (p.Trp3061Ter)	1756	DMD	Pathogenic	GRCh38	526087
single nucleotide variant	NM_004006.3(DMD):c.8027+1G>A	1756	DMD	Pathogenic	GRCh38	526091
single nucleotide variant	NM_004006.3(DMD):c.4501C>T (p.Gln1501Ter)	1756	DMD	Pathogenic	GRCh38	526064
single nucleotide variant	NM_004006.3(DMD):c.1366A>T (p.Lys456Ter)	1756	DMD	Pathogenic	GRCh38	526066
single nucleotide variant	NM_004006.3(DMD):c.1292G>A (p.Trp431Ter)	1756	DMD	Pathogenic	GRCh38	526062
single nucleotide variant	NM_004006.3(DMD):c.1075G>T (p.Glu359Ter)	1756	DMD	Pathogenic/Likely pathogenic	GRCh38	526084
single nucleotide variant	NM_004006.3(DMD):c.31+1G>C	1756	DMD	Pathogenic	GRCh38	526056
single nucleotide variant	NM_004006.3(DMD):c.5533G>T (p.Glu1845Ter)	1756	DMD	Pathogenic	GRCh38	545963
single nucleotide variant	NM_004006.3(DMD):c.5024T>A (p.Leu1675Ter)	1756	DMD	Pathogenic	GRCh38	546041
single nucleotide variant	NM_004006.3(DMD):c.2257G>T (p.Glu753Ter)	1756	DMD	Pathogenic	GRCh38	545973
single nucleotide variant	NM_004006.3(DMD):c.1602G>A (p.Lys534=)	1756	DMD	Pathogenic/Likely pathogenic	GRCh38	546214
single nucleotide variant	NM_004006.3(DMD):c.7660+1G>C	1756	DMD	Pathogenic/Likely pathogenic	GRCh38	547070
single nucleotide variant	NM_004006.3(DMD):c.9807+5G>A	1756	DMD	Likely pathogenic	GRCh38	578413
single nucleotide variant	NM_004006.3(DMD):c.9100C>T (p.Arg3034Ter)	1756	DMD	Pathogenic	GRCh38	569802
single nucleotide variant	NM_004006.3(DMD):c.7252C>T (p.Gln2418Ter)	1756	DMD	Pathogenic	GRCh38	582905
single nucleotide variant	NM_004006.3(DMD):c.7247T>A (p.Leu2416Ter)	1756	DMD	Pathogenic/Likely pathogenic	GRCh38	568924
single nucleotide variant	NM_004006.3(DMD):c.3020C>A (p.Ser1007Ter)	1756	DMD	Pathogenic	GRCh38	574223
single nucleotide variant	NM_004006.3(DMD):c.9224+1G>A	1756	DMD	Pathogenic	GRCh38	576087
single nucleotide variant	NM_004006.3(DMD):c.3679C>T (p.Gln1227Ter)	1756	DMD	Pathogenic	GRCh38	572550
single nucleotide variant	NM_004006.3(DMD):c.1619G>A (p.Trp540Ter)	1756	DMD	Pathogenic	GRCh38	580058
single nucleotide variant	NM_004006.3(DMD):c.5154+2T>C	1756	DMD	Likely pathogenic	GRCh38	576144
single nucleotide variant	NM_004006.3(DMD):c.531-1G>C	1756	DMD	Pathogenic	GRCh38	571814
single nucleotide variant	NM_004006.3(DMD):c.8655C>A (p.Tyr2885Ter)	1756	DMD	Pathogenic	GRCh38	577742
single nucleotide variant	NM_004006.3(DMD):c.5026-2A>G	1756	DMD	Pathogenic/Likely pathogenic	GRCh38	570910
single nucleotide variant	NM_004006.3(DMD):c.3742C>T (p.Gln1248Ter)	1756	DMD	Pathogenic	GRCh38	575026
single nucleotide variant	NM_004006.3(DMD):c.3604-1G>C	1756	DMD	Pathogenic	GRCh38	578444
single nucleotide variant	NM_004006.3(DMD):c.1006G>T (p.Glu336Ter)	1756	DMD	Pathogenic	GRCh38	575704
single nucleotide variant	NM_004006.3(DMD):c.918T>A (p.Tyr306Ter)	1756	DMD	Pathogenic	GRCh38	575175
single nucleotide variant	NM_004006.3(DMD):c.10546G>T (p.Glu3516Ter)	1756	DMD	Pathogenic	GRCh38	585779
single nucleotide variant	NM_004006.3(DMD):c.4758G>A (p.Trp1586Ter)	1756	DMD	Pathogenic	GRCh38	585785
single nucleotide variant	NM_004006.3(DMD):c.3804G>A (p.Trp1268Ter)	1756	DMD	Pathogenic	GRCh38	585783
single nucleotide variant	NM_004006.3(DMD):c.3603+1G>T	1756	DMD	Pathogenic	GRCh38	585781
single nucleotide variant	NM_004006.3(DMD):c.100A>T (p.Lys34Ter)	1756	DMD	Pathogenic	GRCh38	585778
single nucleotide variant	NM_004006.3(DMD):c.3358G>T (p.Glu1120Ter)	1756	DMD	Pathogenic/Likely pathogenic	GRCh38	587510
single nucleotide variant	NM_004006.3(DMD):c.4486G>T (p.Glu1496Ter)	1756	DMD	Pathogenic	GRCh38	590902
single nucleotide variant	NM_004006.3(DMD):c.8775G>A (p.Trp2925Ter)	1756	DMD	Pathogenic	GRCh38	592600
single nucleotide variant	NM_004006.3(DMD):c.1652G>A (p.Trp551Ter)	1756	DMD	Pathogenic	GRCh38	593031
single nucleotide variant	NM_004006.3(DMD):c.9807+1G>T	1756	DMD	Pathogenic	GRCh38	593221
single nucleotide variant	NM_004006.3(DMD):c.3220G>T (p.Glu1074Ter)	1756	DMD	Pathogenic	GRCh38	593295
single nucleotide variant	NM_004006.3(DMD):c.5371C>T (p.Gln1791Ter)	1756	DMD	Pathogenic	GRCh38	593327
single nucleotide variant	NM_004006.3(DMD):c.8010G>A (p.Trp2670Ter)	1756	DMD	Pathogenic	GRCh38	593328
single nucleotide variant	NM_004006.3(DMD):c.5867G>A (p.Trp1956Ter)	1756	DMD	Pathogenic	GRCh38	593723
single nucleotide variant	NM_004006.3(DMD):c.264+1G>A	1756	DMD	Pathogenic	GRCh38	593815
single nucleotide variant	NM_004006.3(DMD):c.5563C>T (p.Gln1855Ter)	1756	DMD	Pathogenic	GRCh38	594248
single nucleotide variant	NM_004006.3(DMD):c.8390+1G>C	1756	DMD	Pathogenic	GRCh38	594953
single nucleotide variant	NM_004006.3(DMD):c.831+1G>T	1756	DMD	Pathogenic	GRCh38	595152
single nucleotide variant	NM_004006.3(DMD):c.3923C>A (p.Ser1308Ter)	1756	DMD	Pathogenic	GRCh38	595153
single nucleotide variant	NM_004006.3(DMD):c.6580G>T (p.Glu2194Ter)	1756	DMD	Pathogenic	GRCh38	595841
single nucleotide variant	NM_004006.3(DMD):c.3500C>G (p.Ser1167Ter)	1756	DMD	Pathogenic	GRCh38	595842
single nucleotide variant	NM_004006.3(DMD):c.2556G>A (p.Trp852Ter)	1756	DMD	Pathogenic	GRCh38	595843
single nucleotide variant	NM_004006.3(DMD):c.1062G>A (p.Trp354Ter)	1756	DMD	Pathogenic	GRCh38	595844
single nucleotide variant	NM_004006.3(DMD):c.1603-2A>C	1756	DMD	Pathogenic/Likely pathogenic	GRCh38	595916
single nucleotide variant	NM_004006.3(DMD):c.9727C>T (p.Gln3243Ter)	1756	DMD	Pathogenic	GRCh38	595953
single nucleotide variant	NM_004006.3(DMD):c.6025C>T (p.Gln2009Ter)	1756	DMD	Pathogenic	GRCh38	596350
single nucleotide variant	NM_004006.3(DMD):c.10087-2A>G	1756	DMD	Pathogenic/Likely pathogenic	GRCh38	596803
single nucleotide variant	NM_004006.3(DMD):c.1620G>A (p.Trp540Ter)	1756	DMD	Pathogenic	GRCh38	597288
single nucleotide variant	NM_004006.3(DMD):c.6649C>T (p.Gln2217Ter)	1756	DMD	Pathogenic	GRCh38	597691
single nucleotide variant	NM_004006.3(DMD):c.3374C>A (p.Ser1125Ter)	1756	DMD	Pathogenic	GRCh38	598713
single nucleotide variant	NM_004006.3(DMD):c.9634G>T (p.Glu3212Ter)	1756	DMD	Pathogenic	GRCh38	618599
single nucleotide variant	NM_004006.3(DMD):c.8524C>T (p.Gln2842Ter)	1756	DMD	Pathogenic	GRCh38	618063
single nucleotide variant	NM_004006.3(DMD):c.6874G>T (p.Glu2292Ter)	1756	DMD	Pathogenic	GRCh38	618600
single nucleotide variant	NM_004006.3(DMD):c.6276C>G (p.Tyr2092Ter)	1756	DMD	Pathogenic	GRCh38	618598
single nucleotide variant	NM_004006.3(DMD):c.3856G>T (p.Glu1286Ter)	1756	DMD	Pathogenic	GRCh38	618065
single nucleotide variant	NM_004006.3(DMD):c.1638G>A (p.Trp546Ter)	1756	DMD	Pathogenic	GRCh38	618597
single nucleotide variant	NM_004006.3(DMD):c.5082G>A (p.Trp1694Ter)	1756	DMD	Pathogenic	GRCh38	620196
single nucleotide variant	NM_004006.3(DMD):c.4546A>T (p.Lys1516Ter)	1756	DMD	Pathogenic	GRCh38	620249
single nucleotide variant	NM_004006.3(DMD):c.9974+175T>A	1756	DMD	Pathogenic/Likely pathogenic	GRCh38	638586
single nucleotide variant	NM_004006.3(DMD):c.10765C>T (p.Gln3589Ter)	1756	DMD	Pathogenic	GRCh38	654722
single nucleotide variant	NM_004006.3(DMD):c.10182C>A (p.Tyr3394Ter)	1756	DMD	Pathogenic	GRCh38	661830
single nucleotide variant	NM_004006.3(DMD):c.9938G>T (p.Cys3313Phe)	1756	DMD	Likely pathogenic	GRCh38	658297
single nucleotide variant	NM_004006.3(DMD):c.9094G>T (p.Glu3032Ter)	1756	DMD	Pathogenic/Likely pathogenic	GRCh38	650214
single nucleotide variant	NM_004006.3(DMD):c.8881C>T (p.Gln2961Ter)	1756	DMD	Pathogenic	GRCh38	643851
single nucleotide variant	NM_004006.3(DMD):c.8390G>A (p.Arg2797Lys)	1756	DMD	Likely pathogenic	GRCh38	642578
single nucleotide variant	NM_004006.3(DMD):c.7454G>A (p.Trp2485Ter)	1756	DMD	Pathogenic	GRCh38	640083
single nucleotide variant	NM_004006.3(DMD):c.7400T>A (p.Leu2467Ter)	1756	DMD	Pathogenic	GRCh38	639544
single nucleotide variant	NM_004006.3(DMD):c.7066C>T (p.Gln2356Ter)	1756	DMD	Pathogenic	GRCh38	640322
single nucleotide variant	NM_004006.3(DMD):c.6614G>T (p.Arg2205Met)	1756	DMD	Likely pathogenic	GRCh38	650688
single nucleotide variant	NM_004006.3(DMD):c.4433T>G (p.Leu1478Ter)	1756	DMD	Pathogenic	GRCh38	640379
single nucleotide variant	NM_004006.3(DMD):c.2869C>T (p.Gln957Ter)	1756	DMD	Pathogenic	GRCh38	643749
single nucleotide variant	NM_004006.3(DMD):c.2704C>T (p.Gln902Ter)	1756	DMD	Pathogenic	GRCh38	661628
single nucleotide variant	NM_004006.3(DMD):c.1351G>T (p.Asp451Tyr)	1756	DMD	Pathogenic/Likely pathogenic	GRCh38	642449
single nucleotide variant	NM_004006.3(DMD):c.616C>T (p.Gln206Ter)	1756	DMD	Pathogenic	GRCh38	659785
single nucleotide variant	NM_004006.3(DMD):c.187-1G>T	1756	DMD	Pathogenic	GRCh38	649535
single nucleotide variant	NM_004006.3(DMD):c.4846-1G>T	1756	DMD	Likely pathogenic	GRCh38	663374
single nucleotide variant	NM_004006.3(DMD):c.1705-2A>G	1756	DMD	Pathogenic/Likely pathogenic	GRCh38	653035
single nucleotide variant	NM_004006.3(DMD):c.831+1G>C	1756	DMD	Pathogenic	GRCh38	653791
single nucleotide variant	NM_004006.3(DMD):c.9563+2T>A	1756	DMD	Pathogenic	GRCh38	656754
single nucleotide variant	NM_004006.3(DMD):c.8800G>T (p.Glu2934Ter)	1756	DMD	Pathogenic	GRCh38	689489
single nucleotide variant	NM_004006.3(DMD):c.7580T>A (p.Leu2527Ter)	1756	DMD	Pathogenic	GRCh38	689572
single nucleotide variant	NM_004006.3(DMD):c.10429C>T (p.Gln3477Ter)	1756	DMD	Pathogenic/Likely pathogenic	GRCh38	803786
single nucleotide variant	NM_004006.3(DMD):c.10304C>G (p.Ser3435Ter)	1756	DMD	Pathogenic	GRCh38	803787
single nucleotide variant	NM_004006.3(DMD):c.10087-1G>A	1756	DMD	Pathogenic	GRCh38	803789
single nucleotide variant	NM_004006.3(DMD):c.10077T>G (p.Tyr3359Ter)	1756	DMD	Pathogenic	GRCh38	803790
single nucleotide variant	NM_004006.3(DMD):c.9959C>T (p.Pro3320Leu)	1756	DMD	Likely pathogenic	GRCh38	803792
single nucleotide variant	NM_004006.3(DMD):c.9808-2A>T	1756	DMD	Pathogenic	GRCh38	803796
single nucleotide variant	NM_004006.3(DMD):c.9564-2A>G	1756	DMD	Pathogenic/Likely pathogenic	GRCh38	803801
single nucleotide variant	NM_004006.3(DMD):c.9563+1G>T	1756	DMD	Pathogenic	GRCh38	803802
single nucleotide variant	NM_004006.3(DMD):c.9380C>A (p.Ser3127Ter)	1756	DMD	Pathogenic	GRCh38	803804
single nucleotide variant	NM_004006.3(DMD):c.9022C>T (p.Gln3008Ter)	1756	DMD	Pathogenic	GRCh38	803809
single nucleotide variant	NM_004006.3(DMD):c.8937+1G>C	1756	DMD	Pathogenic	GRCh38	803810
single nucleotide variant	NM_004006.3(DMD):c.8744G>A (p.Trp2915Ter)	1756	DMD	Pathogenic	GRCh38	803815
single nucleotide variant	NM_004006.3(DMD):c.8669-2A>T	1756	DMD	Pathogenic	GRCh38	803818
single nucleotide variant	NM_004006.3(DMD):c.8460G>A (p.Trp2820Ter)	1756	DMD	Pathogenic	GRCh38	803821
single nucleotide variant	NM_004006.3(DMD):c.8391-1G>A	1756	DMD	Pathogenic	GRCh38	803824
single nucleotide variant	NM_004006.3(DMD):c.8299G>T (p.Glu2767Ter)	1756	DMD	Pathogenic	GRCh38	803826
single nucleotide variant	NM_004006.3(DMD):c.8278C>T (p.Gln2760Ter)	1756	DMD	Pathogenic	GRCh38	803827
single nucleotide variant	NM_004006.3(DMD):c.8146C>T (p.Gln2716Ter)	1756	DMD	Pathogenic	GRCh38	803828
single nucleotide variant	NM_004006.3(DMD):c.8027+1G>T	1756	DMD	Pathogenic	GRCh38	803830
single nucleotide variant	NM_004006.3(DMD):c.7872+2T>A	1756	DMD	Pathogenic	GRCh38	803831
single nucleotide variant	NM_004006.3(DMD):c.7872+1G>A	1756	DMD	Pathogenic/Likely pathogenic	GRCh38	803832
single nucleotide variant	NM_004006.3(DMD):c.7717C>T (p.Gln2573Ter)	1756	DMD	Pathogenic	GRCh38	803834
single nucleotide variant	NM_004006.3(DMD):c.7705C>T (p.Gln2569Ter)	1756	DMD	Pathogenic	GRCh38	803835
single nucleotide variant	NM_004006.3(DMD):c.7564C>T (p.Gln2522Ter)	1756	DMD	Pathogenic	GRCh38	803836
single nucleotide variant	NM_004006.3(DMD):c.7309+1G>T	1756	DMD	Pathogenic	GRCh38	803838
single nucleotide variant	NM_004006.3(DMD):c.7309+1G>C	1756	DMD	Pathogenic/Likely pathogenic	GRCh38	803837
single nucleotide variant	NM_004006.3(DMD):c.7098+1G>A	1756	DMD	Pathogenic	GRCh38	803839
single nucleotide variant	NM_004006.3(DMD):c.7029G>A (p.Trp2343Ter)	1756	DMD	Pathogenic	GRCh38	803841
single nucleotide variant	NM_004006.3(DMD):c.7028G>A (p.Trp2343Ter)	1756	DMD	Pathogenic	GRCh38	803842
single nucleotide variant	NM_004006.3(DMD):c.6913-1G>T	1756	DMD	Pathogenic	GRCh38	803844
single nucleotide variant	NM_004006.3(DMD):c.6913-2A>T	1756	DMD	Pathogenic	GRCh38	803845
single nucleotide variant	NM_004006.3(DMD):c.6760A>T (p.Lys2254Ter)	1756	DMD	Pathogenic	GRCh38	803846
single nucleotide variant	NM_004006.3(DMD):c.6754C>T (p.Gln2252Ter)	1756	DMD	Pathogenic	GRCh38	803847
single nucleotide variant	NM_004006.3(DMD):c.6407G>A (p.Trp2136Ter)	1756	DMD	Pathogenic/Likely pathogenic	GRCh38	803849
single nucleotide variant	NM_004006.3(DMD):c.6357G>A (p.Trp2119Ter)	1756	DMD	Pathogenic	GRCh38	803851
single nucleotide variant	NM_004006.3(DMD):c.6356G>A (p.Trp2119Ter)	1756	DMD	Pathogenic	GRCh38	803852
single nucleotide variant	NM_004006.3(DMD):c.6023C>G (p.Ser2008Ter)	1756	DMD	Pathogenic	GRCh38	803855
single nucleotide variant	NM_004006.3(DMD):c.5689G>T (p.Glu1897Ter)	1756	DMD	Pathogenic	GRCh38	803858
single nucleotide variant	NM_004006.3(DMD):c.5636G>A (p.Trp1879Ter)	1756	DMD	Pathogenic	GRCh38	803859
single nucleotide variant	NM_004006.3(DMD):c.5255T>G (p.Leu1752Ter)	1756	DMD	Pathogenic	GRCh38	803863
single nucleotide variant	NM_004006.3(DMD):c.5167G>T (p.Glu1723Ter)	1756	DMD	Pathogenic	GRCh38	803864
single nucleotide variant	NM_004006.3(DMD):c.5056C>T (p.Gln1686Ter)	1756	DMD	Pathogenic	GRCh38	803865
single nucleotide variant	NM_004006.3(DMD):c.4980G>A (p.Trp1660Ter)	1756	DMD	Pathogenic	GRCh38	803866
single nucleotide variant	NM_004006.3(DMD):c.4693C>T (p.Gln1565Ter)	1756	DMD	Pathogenic	GRCh38	803868
single nucleotide variant	NM_004006.3(DMD):c.4684A>T (p.Arg1562Ter)	1756	DMD	Pathogenic	GRCh38	803870
single nucleotide variant	NM_004006.3(DMD):c.4660G>T (p.Glu1554Ter)	1756	DMD	Pathogenic	GRCh38	803871
single nucleotide variant	NM_004006.3(DMD):c.4438G>T (p.Glu1480Ter)	1756	DMD	Pathogenic/Likely pathogenic	GRCh38	803874
single nucleotide variant	NM_004006.3(DMD):c.4423A>T (p.Lys1475Ter)	1756	DMD	Pathogenic	GRCh38	803875
single nucleotide variant	NM_004006.3(DMD):c.4352T>G (p.Leu1451Ter)	1756	DMD	Pathogenic	GRCh38	803876
single nucleotide variant	NM_004006.3(DMD):c.4327C>T (p.Gln1443Ter)	1756	DMD	Pathogenic	GRCh38	803878
single nucleotide variant	NM_004006.3(DMD):c.4294C>T (p.Gln1432Ter)	1756	DMD	Pathogenic	GRCh38	803881
single nucleotide variant	NM_004006.3(DMD):c.3843G>A (p.Trp1281Ter)	1756	DMD	Pathogenic	GRCh38	803885
single nucleotide variant	NM_004006.3(DMD):c.3795G>A (p.Trp1265Ter)	1756	DMD	Pathogenic	GRCh38	803886
single nucleotide variant	NM_004006.3(DMD):c.3697C>T (p.Gln1233Ter)	1756	DMD	Pathogenic	GRCh38	803887
single nucleotide variant	NM_004006.3(DMD):c.3603+1G>A	1756	DMD	Pathogenic	GRCh38	803890
single nucleotide variant	NM_004006.3(DMD):c.3460G>T (p.Gly1154Ter)	1756	DMD	Pathogenic	GRCh38	803893
single nucleotide variant	NM_004006.3(DMD):c.3013G>T (p.Glu1005Ter)	1756	DMD	Pathogenic	GRCh38	803899
single nucleotide variant	NM_004006.3(DMD):c.2803+5G>C	1756	DMD	Likely pathogenic	GRCh38	803902
single nucleotide variant	NM_004006.3(DMD):c.2642C>A (p.Ser881Ter)	1756	DMD	Pathogenic	GRCh38	803906
single nucleotide variant	NM_004006.3(DMD):c.2622+1G>T	1756	DMD	Pathogenic	GRCh38	803907
single nucleotide variant	NM_004006.3(DMD):c.2461G>T (p.Glu821Ter)	1756	DMD	Pathogenic	GRCh38	803912
single nucleotide variant	NM_004006.3(DMD):c.2448C>A (p.Cys816Ter)	1756	DMD	Pathogenic	GRCh38	803913
single nucleotide variant	NM_004006.3(DMD):c.2380+1G>A	1756	DMD	Pathogenic	GRCh38	803916
single nucleotide variant	NM_004006.3(DMD):c.2169-1G>A	1756	DMD	Pathogenic	GRCh38	803918
single nucleotide variant	NM_004006.3(DMD):c.1966C>T (p.Gln656Ter)	1756	DMD	Pathogenic	GRCh38	803922
single nucleotide variant	NM_004006.3(DMD):c.1894A>T (p.Lys632Ter)	1756	DMD	Pathogenic/Likely pathogenic	GRCh38	803923
single nucleotide variant	NM_004006.3(DMD):c.1777C>T (p.Gln593Ter)	1756	DMD	Pathogenic	GRCh38	803926
single nucleotide variant	NM_004006.3(DMD):c.1750A>T (p.Lys584Ter)	1756	DMD	Pathogenic	GRCh38	803927
single nucleotide variant	NM_004006.3(DMD):c.1150-2A>T	1756	DMD	Pathogenic	GRCh38	803932
single nucleotide variant	NM_004006.3(DMD):c.1147G>T (p.Glu383Ter)	1756	DMD	Pathogenic	GRCh38	803933
single nucleotide variant	NM_004006.3(DMD):c.998C>A (p.Ser333Ter)	1756	DMD	Pathogenic	GRCh38	803936
single nucleotide variant	NM_004006.3(DMD):c.961-1G>A	1756	DMD	Pathogenic	GRCh38	803938
single nucleotide variant	NM_004006.3(DMD):c.822T>A (p.Tyr274Ter)	1756	DMD	Pathogenic	GRCh38	803940
single nucleotide variant	NM_004006.3(DMD):c.693C>G (p.Tyr231Ter)	1756	DMD	Pathogenic	GRCh38	803943
single nucleotide variant	NM_004006.3(DMD):c.666T>G (p.Tyr222Ter)	1756	DMD	Pathogenic	GRCh38	803944
single nucleotide variant	NM_004006.3(DMD):c.572C>A (p.Ser191Ter)	1756	DMD	Pathogenic	GRCh38	803946
single nucleotide variant	NM_004006.3(DMD):c.453T>G (p.Tyr151Ter)	1756	DMD	Pathogenic	GRCh38	803948
single nucleotide variant	NM_004006.3(DMD):c.265-463A>G	1756	DMD	Pathogenic	GRCh38	803951
single nucleotide variant	NM_004006.3(DMD):c.196A>T (p.Lys66Ter)	1756	DMD	Pathogenic/Likely pathogenic	GRCh38	803954
single nucleotide variant	NM_004006.3(DMD):c.93+1G>T	1756	DMD	Pathogenic	GRCh38	803957
single nucleotide variant	NM_004006.3(DMD):c.31+5G>A	1756	DMD	Pathogenic	GRCh38	803961
single nucleotide variant	NM_004006.3(DMD):c.2530C>T (p.Gln844Ter)	1756	DMD	Pathogenic	GRCh38	804333
single nucleotide variant	NM_004006.3(DMD):c.3276+1G>C	1756	DMD	Pathogenic/Likely pathogenic	GRCh38	804746
single nucleotide variant	NM_004006.3(DMD):c.93+2T>A	1756	DMD	Pathogenic/Likely pathogenic	GRCh38	804749
single nucleotide variant	NM_004006.3(DMD):c.5922+4A>G	1756	DMD	Likely pathogenic	GRCh38	811846
single nucleotide variant	NM_004006.3(DMD):c.10395-1G>A	1756	DMD	Likely pathogenic	GRCh38	813444
single nucleotide variant	NM_004006.3(DMD):c.5922+1G>T	1756	DMD	Likely pathogenic	GRCh38	813446
single nucleotide variant	NM_004006.3(DMD):c.2381-2A>C	1756	DMD	Likely pathogenic	GRCh38	813447
single nucleotide variant	NM_004006.3(DMD):c.8362G>T (p.Glu2788Ter)	1756	DMD	Pathogenic	GRCh38	817525
single nucleotide variant	NM_004006.3(DMD):c.10248G>A (p.Trp3416Ter)	1756	DMD	Pathogenic/Likely pathogenic	GRCh38	854585
single nucleotide variant	NM_004006.3(DMD):c.9852G>A (p.Trp3284Ter)	1756	DMD	Pathogenic	GRCh38	858516
single nucleotide variant	NM_004006.3(DMD):c.8821G>T (p.Glu2941Ter)	1756	DMD	Pathogenic/Likely pathogenic	GRCh38	838351
single nucleotide variant	NM_004006.3(DMD):c.8626C>T (p.Gln2876Ter)	1756	DMD	Pathogenic	GRCh38	851918
single nucleotide variant	NM_004006.3(DMD):c.8214G>A (p.Trp2738Ter)	1756	DMD	Pathogenic	GRCh38	852294
single nucleotide variant	NM_004006.3(DMD):c.7378G>T (p.Glu2460Ter)	1756	DMD	Pathogenic	GRCh38	838434
single nucleotide variant	NM_004006.3(DMD):c.6901C>T (p.Gln2301Ter)	1756	DMD	Pathogenic	GRCh38	856607
single nucleotide variant	NM_004006.3(DMD):c.6622G>T (p.Glu2208Ter)	1756	DMD	Pathogenic	GRCh38	864502
single nucleotide variant	NM_004006.3(DMD):c.6423C>G (p.Tyr2141Ter)	1756	DMD	Pathogenic	GRCh38	864809
single nucleotide variant	NM_004006.3(DMD):c.2227C>T (p.Gln743Ter)	1756	DMD	Pathogenic	GRCh38	848438
single nucleotide variant	NM_004006.3(DMD):c.2804-1G>C	1756	DMD	Pathogenic	GRCh38	840853
single nucleotide variant	NM_004006.3(DMD):c.6290+2T>A	1756	DMD	Pathogenic	GRCh38	845533
single nucleotide variant	NM_004006.3(DMD):c.3277-2A>T	1756	DMD	Pathogenic	GRCh38	847190
single nucleotide variant	NM_004006.3(DMD):c.832-2A>C	1756	DMD	Likely pathogenic	GRCh38	851300
single nucleotide variant	NM_004006.3(DMD):c.187-2A>G	1756	DMD	Pathogenic	GRCh38	852346
single nucleotide variant	NM_004006.3(DMD):c.10797+2T>A	1756	DMD	Pathogenic	GRCh38	837336
single nucleotide variant	NM_004006.3(DMD):c.650-1G>A	1756	DMD	Likely pathogenic	GRCh38	844999
single nucleotide variant	NM_004006.3(DMD):c.6615-2A>G	1756	DMD	Pathogenic	GRCh38	870594
single nucleotide variant	NM_004006.3(DMD):c.4003G>C (p.Val1335Leu)	1756	DMD	Likely pathogenic	GRCh38	871126
single nucleotide variant	NM_004006.3(DMD):c.4402G>T (p.Glu1468Ter)	1756	DMD	Pathogenic	GRCh38	917478
single nucleotide variant	NM_004006.3(DMD):c.9461T>A (p.Leu3154Ter)	1756	DMD	Likely pathogenic	GRCh38	929015
single nucleotide variant	NM_004006.3(DMD):c.5448+1G>T	1756	DMD	Likely pathogenic	GRCh38	929016
single nucleotide variant	NM_004006.3(DMD):c.6889C>T (p.Gln2297Ter)	1756	DMD	Pathogenic	GRCh38	932486
single nucleotide variant	NM_004006.3(DMD):c.9868C>T (p.Gln3290Ter)	1756	DMD	Pathogenic	GRCh38	949535
single nucleotide variant	NM_004006.3(DMD):c.5452G>T (p.Glu1818Ter)	1756	DMD	Pathogenic	GRCh38	952118
single nucleotide variant	NM_004006.3(DMD):c.488G>A (p.Trp163Ter)	1756	DMD	Pathogenic	GRCh38	951145
single nucleotide variant	NM_004006.3(DMD):c.7736T>A (p.Leu2579Ter)	1756	DMD	Pathogenic	GRCh38	935691
single nucleotide variant	NM_004006.3(DMD):c.7720C>T (p.Gln2574Ter)	1756	DMD	Pathogenic	GRCh38	941725
single nucleotide variant	NM_004006.3(DMD):c.5653C>T (p.Gln1885Ter)	1756	DMD	Pathogenic	GRCh38	936227
single nucleotide variant	NM_004006.3(DMD):c.4600C>T (p.Gln1534Ter)	1756	DMD	Pathogenic	GRCh38	937223
single nucleotide variant	NM_004006.3(DMD):c.4057G>T (p.Glu1353Ter)	1756	DMD	Pathogenic	GRCh38	934553
single nucleotide variant	NM_004006.3(DMD):c.2926G>T (p.Glu976Ter)	1756	DMD	Pathogenic	GRCh38	938083
single nucleotide variant	NM_004006.3(DMD):c.2440G>T (p.Glu814Ter)	1756	DMD	Pathogenic	GRCh38	943312
single nucleotide variant	NM_004006.3(DMD):c.1837A>T (p.Lys613Ter)	1756	DMD	Pathogenic/Likely pathogenic	GRCh38	933803
single nucleotide variant	NM_004006.3(DMD):c.976G>T (p.Glu326Ter)	1756	DMD	Pathogenic	GRCh38	936169
single nucleotide variant	NM_004006.3(DMD):c.9807+2T>G	1756	DMD	Likely pathogenic	GRCh38	951643
single nucleotide variant	NM_004006.3(DMD):c.9563+5G>C	1756	DMD	Likely pathogenic	GRCh38	947912
single nucleotide variant	NM_004006.3(DMD):c.3162+1G>A	1756	DMD	Pathogenic/Likely pathogenic	GRCh38	945133
single nucleotide variant	NM_004006.3(DMD):c.10813A>T (p.Lys3605Ter)	1756	DMD	Pathogenic	GRCh38	959273
single nucleotide variant	NM_004006.3(DMD):c.4903G>T (p.Gly1635Ter)	1756	DMD	Pathogenic/Likely pathogenic	GRCh38	958650
single nucleotide variant	NM_004006.3(DMD):c.4897G>T (p.Glu1633Ter)	1756	DMD	Pathogenic	GRCh38	954964
single nucleotide variant	NM_004006.3(DMD):c.7852A>T (p.Lys2618Ter)	1756	DMD	Pathogenic	GRCh38	971334
single nucleotide variant	NM_004006.3(DMD):c.1855A>T (p.Lys619Ter)	1756	DMD	Pathogenic	GRCh38	965439
single nucleotide variant	NM_004006.3(DMD):c.1357C>T (p.Gln453Ter)	1756	DMD	Pathogenic	GRCh38	969322
single nucleotide variant	NM_004006.3(DMD):c.1238C>A (p.Ser413Ter)	1756	DMD	Pathogenic	GRCh38	966170
single nucleotide variant	NM_004006.3(DMD):c.7661-1G>A	1756	DMD	Pathogenic	GRCh38	953669
single nucleotide variant	NM_004006.3(DMD):c.2949+2T>C	1756	DMD	Pathogenic/Likely pathogenic	GRCh38	953819
single nucleotide variant	NM_004006.3(DMD):c.3603+2T>C	1756	DMD	Pathogenic	GRCh38	964684
single nucleotide variant	NM_004006.3(DMD):c.1087C>T (p.Gln363Ter)	1756	DMD	Pathogenic	GRCh38	973532
single nucleotide variant	NM_004006.3(DMD):c.811C>T (p.Gln271Ter)	1756	DMD	Pathogenic	GRCh38	975106
single nucleotide variant	NM_004006.3(DMD):c.8548-2A>G	1756	DMD	Pathogenic	GRCh38	978050
single nucleotide variant	NM_004006.3(DMD):c.3982C>T (p.Gln1328Ter)	1756	DMD	Pathogenic	GRCh38	982037
single nucleotide variant	NM_004006.3(DMD):c.4519-2A>C	1756	DMD	Pathogenic	GRCh38	982294
single nucleotide variant	NM_004006.3(DMD):c.10807G>T (p.Glu3603Ter)	1756	DMD	Likely pathogenic	GRCh38	984094
single nucleotide variant	NM_004006.3(DMD):c.10699C>T (p.Gln3567Ter)	1756	DMD	Likely pathogenic	GRCh38	984095
single nucleotide variant	NM_004006.3(DMD):c.9743T>A (p.Leu3248Ter)	1756	DMD	Likely pathogenic	GRCh38	984096
single nucleotide variant	NM_004006.3(DMD):c.9362T>A (p.Leu3121Ter)	1756	DMD	Likely pathogenic	GRCh38	984097
single nucleotide variant	NM_004006.3(DMD):c.9014T>A (p.Leu3005Ter)	1756	DMD	Pathogenic/Likely pathogenic	GRCh38	984098
single nucleotide variant	NM_004006.3(DMD):c.8659G>T (p.Glu2887Ter)	1756	DMD	Likely pathogenic	GRCh38	984213
single nucleotide variant	NM_004006.3(DMD):c.8483T>A (p.Leu2828Ter)	1756	DMD	Likely pathogenic	GRCh38	984214
single nucleotide variant	NM_004006.3(DMD):c.8329A>T (p.Arg2777Ter)	1756	DMD	Likely pathogenic	GRCh38	984215
single nucleotide variant	NM_004006.3(DMD):c.8023A>T (p.Lys2675Ter)	1756	DMD	Likely pathogenic	GRCh38	984216
single nucleotide variant	NM_004006.3(DMD):c.7833T>A (p.Tyr2611Ter)	1756	DMD	Likely pathogenic	GRCh38	984217
single nucleotide variant	NM_004006.3(DMD):c.6428G>A (p.Trp2143Ter)	1756	DMD	Likely pathogenic	GRCh38	984218
single nucleotide variant	NM_004006.3(DMD):c.6217A>T (p.Lys2073Ter)	1756	DMD	Likely pathogenic	GRCh38	984219
single nucleotide variant	NM_004006.3(DMD):c.6175A>T (p.Lys2059Ter)	1756	DMD	Likely pathogenic	GRCh38	984220
single nucleotide variant	NM_004006.3(DMD):c.6124A>T (p.Lys2042Ter)	1756	DMD	Likely pathogenic	GRCh38	983654
single nucleotide variant	NM_004006.3(DMD):c.5860A>T (p.Lys1954Ter)	1756	DMD	Likely pathogenic	GRCh38	983655
single nucleotide variant	NM_004006.3(DMD):c.5794C>T (p.Gln1932Ter)	1756	DMD	Pathogenic/Likely pathogenic	GRCh38	983656
single nucleotide variant	NM_004006.3(DMD):c.5383G>T (p.Glu1795Ter)	1756	DMD	Pathogenic/Likely pathogenic	GRCh38	983657
single nucleotide variant	NM_004006.3(DMD):c.5114C>G (p.Ser1705Ter)	1756	DMD	Likely pathogenic	GRCh38	983658
single nucleotide variant	NM_004006.3(DMD):c.5026G>T (p.Glu1676Ter)	1756	DMD	Likely pathogenic	GRCh38	983659
single nucleotide variant	NM_004006.3(DMD):c.5012T>A (p.Leu1671Ter)	1756	DMD	Likely pathogenic	GRCh38	983660
single nucleotide variant	NM_004006.3(DMD):c.4979G>A (p.Trp1660Ter)	1756	DMD	Pathogenic/Likely pathogenic	GRCh38	983942
single nucleotide variant	NM_004006.3(DMD):c.4656T>A (p.Tyr1552Ter)	1756	DMD	Likely pathogenic	GRCh38	983943
single nucleotide variant	NM_004006.3(DMD):c.4649T>A (p.Leu1550Ter)	1756	DMD	Likely pathogenic	GRCh38	983944
single nucleotide variant	NM_004006.3(DMD):c.4454T>A (p.Leu1485Ter)	1756	DMD	Likely pathogenic	GRCh38	983945
single nucleotide variant	NM_004006.3(DMD):c.4342C>T (p.Gln1448Ter)	1756	DMD	Likely pathogenic	GRCh38	983946
single nucleotide variant	NM_004006.3(DMD):c.3898G>T (p.Glu1300Ter)	1756	DMD	Likely pathogenic	GRCh38	983947
single nucleotide variant	NM_004006.3(DMD):c.3892G>T (p.Gly1298Ter)	1756	DMD	Likely pathogenic	GRCh38	983948
single nucleotide variant	NM_004006.3(DMD):c.3824T>A (p.Leu1275Ter)	1756	DMD	Likely pathogenic	GRCh38	984107
single nucleotide variant	NM_004006.3(DMD):c.3457A>T (p.Lys1153Ter)	1756	DMD	Pathogenic/Likely pathogenic	GRCh38	984108
single nucleotide variant	NM_004006.3(DMD):c.3059C>A (p.Ser1020Ter)	1756	DMD	Likely pathogenic	GRCh38	984109
single nucleotide variant	NM_004006.3(DMD):c.2626G>T (p.Glu876Ter)	1756	DMD	Likely pathogenic	GRCh38	984110
single nucleotide variant	NM_004006.3(DMD):c.1819A>T (p.Lys607Ter)	1756	DMD	Likely pathogenic	GRCh38	984111
single nucleotide variant	NM_004006.3(DMD):c.1501G>T (p.Glu501Ter)	1756	DMD	Pathogenic/Likely pathogenic	GRCh38	984112
single nucleotide variant	NM_004006.3(DMD):c.1405G>T (p.Glu469Ter)	1756	DMD	Likely pathogenic	GRCh38	984113
single nucleotide variant	NM_004006.3(DMD):c.4840G>T (p.Gly1614Ter)	1756	DMD	Pathogenic	GRCh38	984427
single nucleotide variant	NM_004006.3(DMD):c.2945T>A (p.Leu982Ter)	1756	DMD	Pathogenic	GRCh38	984428
single nucleotide variant	NM_004006.3(DMD):c.3490A>T (p.Lys1164Ter)	1756	DMD	Pathogenic	GRCh38	984440
single nucleotide variant	NM_004006.3(DMD):c.2348C>G (p.Ser783Ter)	1756	DMD	Pathogenic	GRCh38	984441
single nucleotide variant	NM_004006.3(DMD):c.5812G>T (p.Glu1938Ter)	1756	DMD	Pathogenic	GRCh38	984679
single nucleotide variant	NM_004006.3(DMD):c.7768G>T (p.Glu2590Ter)	1756	DMD	Pathogenic	GRCh38	984681
single nucleotide variant	NM_004006.3(DMD):c.4675-1G>A	1756	DMD	Pathogenic	GRCh38	984682
single nucleotide variant	NM_004006.3(DMD):c.5521G>T (p.Glu1841Ter)	1756	DMD	Pathogenic	GRCh38	989348
single nucleotide variant	NM_004006.3(DMD):c.4271T>A (p.Leu1424Ter)	1756	DMD	Pathogenic/Likely pathogenic	GRCh38	989453
single nucleotide variant	NM_004006.3(DMD):c.6868A>T (p.Lys2290Ter)	1756	DMD	Pathogenic	GRCh38	993336
single nucleotide variant	NM_004006.3(DMD):c.1249G>T (p.Glu417Ter)	1756	DMD	Pathogenic	GRCh38	994144
single nucleotide variant	NM_004006.3(DMD):c.6823G>T (p.Gly2275Ter)	1756	DMD	Likely pathogenic	GRCh38	996225
single nucleotide variant	NM_004006.3(DMD):c.5476G>T (p.Glu1826Ter)	1756	DMD	Pathogenic/Likely pathogenic	GRCh38	996267
single nucleotide variant	NM_004006.3(DMD):c.1812+5G>A	1756	DMD	Likely pathogenic	GRCh38	1064632
single nucleotide variant	NM_004006.3(DMD):c.9225-2A>T	1756	DMD	Pathogenic/Likely pathogenic	GRCh38	1067593
single nucleotide variant	NM_004006.3(DMD):c.9224+5G>C	1756	DMD	Likely pathogenic	GRCh38	1068103
single nucleotide variant	NM_004006.3(DMD):c.961-2A>G	1756	DMD	Pathogenic	GRCh38	1066543
single nucleotide variant	NM_004006.3(DMD):c.831G>C (p.Gln277His)	1756	DMD	Likely pathogenic	GRCh38	1067707
single nucleotide variant	NM_004006.3(DMD):c.10425C>G (p.Tyr3475Ter)	1756	DMD	Pathogenic/Likely pathogenic	GRCh38	1075347
single nucleotide variant	NM_004006.3(DMD):c.9415A>T (p.Lys3139Ter)	1756	DMD	Pathogenic	GRCh38	1072908
single nucleotide variant	NM_004006.3(DMD):c.8745G>A (p.Trp2915Ter)	1756	DMD	Pathogenic	GRCh38	1071899
single nucleotide variant	NM_004006.3(DMD):c.8491C>T (p.Gln2831Ter)	1756	DMD	Pathogenic	GRCh38	1071900
single nucleotide variant	NM_004006.3(DMD):c.8421G>A (p.Trp2807Ter)	1756	DMD	Pathogenic	GRCh38	1075853
single nucleotide variant	NM_004006.3(DMD):c.8416C>T (p.Gln2806Ter)	1756	DMD	Pathogenic	GRCh38	1071901
single nucleotide variant	NM_004006.3(DMD):c.7822G>T (p.Glu2608Ter)	1756	DMD	Pathogenic	GRCh38	1071903
single nucleotide variant	NM_004006.3(DMD):c.6913-2A>C	1756	DMD	Pathogenic	GRCh38	1072778
single nucleotide variant	NM_004006.3(DMD):c.6677G>A (p.Trp2226Ter)	1756	DMD	Pathogenic	GRCh38	1072046
single nucleotide variant	NM_004006.3(DMD):c.6254G>A (p.Trp2085Ter)	1756	DMD	Pathogenic	GRCh38	1072763
single nucleotide variant	NM_004006.3(DMD):c.6146C>G (p.Ser2049Ter)	1756	DMD	Pathogenic	GRCh38	1076848
single nucleotide variant	NM_004006.3(DMD):c.5404C>T (p.Gln1802Ter)	1756	DMD	Pathogenic	GRCh38	1069895
single nucleotide variant	NM_004006.3(DMD):c.4864G>T (p.Glu1622Ter)	1756	DMD	Pathogenic	GRCh38	1071902
single nucleotide variant	NM_004006.3(DMD):c.4777G>T (p.Glu1593Ter)	1756	DMD	Pathogenic	GRCh38	1069896
single nucleotide variant	NM_004006.3(DMD):c.4518+2T>G	1756	DMD	Pathogenic	GRCh38	1071576
single nucleotide variant	NM_004006.3(DMD):c.4384C>T (p.Gln1462Ter)	1756	DMD	Pathogenic	GRCh38	1075942
single nucleotide variant	NM_004006.3(DMD):c.4171A>T (p.Lys1391Ter)	1756	DMD	Pathogenic	GRCh38	1074767
single nucleotide variant	NM_004006.3(DMD):c.4147C>T (p.Gln1383Ter)	1756	DMD	Pathogenic	GRCh38	1075943
single nucleotide variant	NM_004006.3(DMD):c.3511G>T (p.Glu1171Ter)	1756	DMD	Pathogenic	GRCh38	1070053
single nucleotide variant	NM_004006.3(DMD):c.3426C>A (p.Cys1142Ter)	1756	DMD	Pathogenic	GRCh38	1069390
single nucleotide variant	NM_004006.3(DMD):c.3088A>T (p.Lys1030Ter)	1756	DMD	Pathogenic	GRCh38	1071406
single nucleotide variant	NM_004006.3(DMD):c.2994T>A (p.Tyr998Ter)	1756	DMD	Pathogenic	GRCh38	1070054
single nucleotide variant	NM_004006.3(DMD):c.2917G>T (p.Glu973Ter)	1756	DMD	Pathogenic	GRCh38	1073408
single nucleotide variant	NM_004006.3(DMD):c.2695G>T (p.Glu899Ter)	1756	DMD	Pathogenic	GRCh38	1073002
single nucleotide variant	NM_004006.3(DMD):c.2605C>T (p.Gln869Ter)	1756	DMD	Pathogenic	GRCh38	1072121
single nucleotide variant	NM_004006.3(DMD):c.2521C>T (p.Gln841Ter)	1756	DMD	Pathogenic	GRCh38	1072122
single nucleotide variant	NM_004006.3(DMD):c.2353C>T (p.Gln785Ter)	1756	DMD	Pathogenic	GRCh38	1072123
single nucleotide variant	NM_004006.3(DMD):c.1961T>A (p.Leu654Ter)	1756	DMD	Pathogenic	GRCh38	1074008
single nucleotide variant	NM_004006.3(DMD):c.1721G>A (p.Trp574Ter)	1756	DMD	Pathogenic	GRCh38	1074010
single nucleotide variant	NM_004006.3(DMD):c.1696G>T (p.Glu566Ter)	1756	DMD	Pathogenic	GRCh38	1070671
single nucleotide variant	NM_004006.3(DMD):c.1603-2A>T	1756	DMD	Pathogenic	GRCh38	1072276
single nucleotide variant	NM_004006.3(DMD):c.1339A>T (p.Arg447Ter)	1756	DMD	Pathogenic	GRCh38	1074009
single nucleotide variant	NM_004006.3(DMD):c.1240G>T (p.Glu414Ter)	1756	DMD	Pathogenic	GRCh38	1071092
single nucleotide variant	NM_004006.3(DMD):c.790G>T (p.Glu264Ter)	1756	DMD	Pathogenic	GRCh38	1073030
single nucleotide variant	NM_004006.3(DMD):c.568C>T (p.Gln190Ter)	1756	DMD	Pathogenic	GRCh38	1071032
single nucleotide variant	NM_004006.3(DMD):c.388G>T (p.Gly130Ter)	1756	DMD	Pathogenic/Likely pathogenic	GRCh38	1072628
single nucleotide variant	NM_004006.3(DMD):c.94-2A>C	1756	DMD	Pathogenic	GRCh38	1072167
single nucleotide variant	NM_004006.3(DMD):c.31+1G>A	1756	DMD	Pathogenic	GRCh38	1070319
single nucleotide variant	NM_004006.3(DMD):c.6576G>A (p.Trp2192Ter)	1756	DMD	Pathogenic	GRCh38	1180800
single nucleotide variant	NM_004006.3(DMD):c.5503C>T (p.Gln1835Ter)	1756	DMD	Pathogenic	GRCh38	1180603
single nucleotide variant	NM_004006.3(DMD):c.4643T>A (p.Leu1548Ter)	1756	DMD	Likely pathogenic	GRCh38	1180608
single nucleotide variant	NM_004006.3(DMD):c.2698A>T (p.Lys900Ter)	1756	DMD	Pathogenic	GRCh38	1180846
single nucleotide variant	NM_004006.3(DMD):c.2584G>T (p.Glu862Ter)	1756	DMD	Pathogenic	GRCh38	1180642
single nucleotide variant	NM_004006.3(DMD):c.3163-1G>T	1756	DMD	Likely pathogenic	GRCh38	1190497
single nucleotide variant	NM_004006.3(DMD):c.9975-1G>T	1756	DMD	Pathogenic	GRCh38	1192503
single nucleotide variant	NM_004006.3(DMD):c.10588C>T (p.Gln3530Ter)	1756	DMD	Pathogenic/Likely pathogenic	GRCh38	1196103
single nucleotide variant	NM_004006.3(DMD):c.9224+5G>A	1756	DMD	Likely pathogenic	GRCh38	1213207
single nucleotide variant	NM_004006.3(DMD):c.71G>A (p.Trp24Ter)	1756	DMD	Pathogenic/Likely pathogenic	GRCh38	1299643
single nucleotide variant	NM_004006.3(DMD):c.265-1G>A	1756	DMD	Pathogenic	GRCh38	1299654
single nucleotide variant	NM_004006.3(DMD):c.5632C>T (p.Gln1878Ter)	1756	DMD	Pathogenic	GRCh38	1319977
single nucleotide variant	NM_004006.3(DMD):c.530+1G>T	1756	DMD	Likely pathogenic	GRCh38	3768149
single nucleotide variant	NM_004006.3(DMD):c.313A>T (p.Lys105Ter)	1756	DMD	Pathogenic/Likely pathogenic	GRCh38	2588890
single nucleotide variant	NM_004006.3(DMD):c.907C>T (p.Gln303Ter)	1756	DMD	Pathogenic/Likely pathogenic	GRCh38	1322213
single nucleotide variant	NM_004006.3(DMD):c.1033C>T (p.Gln345Ter)	1756	DMD	Pathogenic	GRCh38	1322214
single nucleotide variant	NM_004006.3(DMD):c.1032T>A (p.Tyr344Ter)	1756	DMD	Pathogenic	GRCh38	1322216
single nucleotide variant	NM_004006.3(DMD):c.1843C>T (p.Gln615Ter)	1756	DMD	Pathogenic	GRCh38	1322224
single nucleotide variant	NM_004006.3(DMD):c.2169-2A>T	1756	DMD	Pathogenic	GRCh38	1322228
single nucleotide variant	NM_004006.3(DMD):c.2293-2A>G	1756	DMD	Pathogenic	GRCh38	2631358
single nucleotide variant	NM_004006.3(DMD):c.2293-1G>A	1756	DMD	Pathogenic	GRCh38	4294028
single nucleotide variant	NM_004006.3(DMD):c.2873C>G (p.Ser958Ter)	1756	DMD	Pathogenic	GRCh38	1322237
single nucleotide variant	NM_004006.3(DMD):c.3337C>T (p.Gln1113Ter)	1756	DMD	Pathogenic	GRCh38	4710687
single nucleotide variant	NM_004006.3(DMD):c.3304C>T (p.Gln1102Ter)	1756	DMD	Pathogenic	GRCh38	2737163
single nucleotide variant	NM_004006.3(DMD):c.9249G>A (p.Trp3083Ter)	1756	DMD	Pathogenic	GRCh38	1322243
single nucleotide variant	NM_004006.3(DMD):c.9182G>A (p.Trp3061Ter)	1756	DMD	Pathogenic	GRCh38	4710669
single nucleotide variant	NM_004006.3(DMD):c.9109C>T (p.Gln3037Ter)	1756	DMD	Pathogenic	GRCh38	1322249
single nucleotide variant	NM_004006.3(DMD):c.9072G>A (p.Trp3024Ter)	1756	DMD	Pathogenic	GRCh38	4532188
single nucleotide variant	NM_004006.3(DMD):c.3556G>T (p.Glu1186Ter)	1756	DMD	Pathogenic	GRCh38	1322265
single nucleotide variant	NM_004006.3(DMD):c.5637G>A (p.Trp1879Ter)	1756	DMD	Pathogenic	GRCh38	3381849
single nucleotide variant	NM_004006.3(DMD):c.6432T>A (p.Tyr2144Ter)	1756	DMD	Likely pathogenic	GRCh38	4884802
single nucleotide variant	NM_004006.3(DMD):c.7318C>T (p.Gln2440Ter)	1756	DMD	Pathogenic	GRCh38	4737668
single nucleotide variant	NM_004006.3(DMD):c.6973C>T (p.Gln2325Ter)	1756	DMD	Pathogenic	GRCh38	1322300
single nucleotide variant	NM_004006.3(DMD):c.7750C>T (p.Gln2584Ter)	1756	DMD	Pathogenic	GRCh38	1322307
single nucleotide variant	NM_004006.3(DMD):c.8215C>T (p.Gln2739Ter)	1756	DMD	Pathogenic	GRCh38	1322311
single nucleotide variant	NM_004006.3(DMD):c.8224C>T (p.Gln2742Ter)	1756	DMD	Pathogenic	GRCh38	2501294
single nucleotide variant	NM_004006.3(DMD):c.1682G>A (p.Trp561Ter)	1756	DMD	Pathogenic	GRCh38	1322317
single nucleotide variant	NM_004006.3(DMD):c.9808-1G>A	1756	DMD	Pathogenic	GRCh38	1322318
single nucleotide variant	NM_004006.3(DMD):c.358-1G>T	1756	DMD	Pathogenic	GRCh38	1322319
single nucleotide variant	NM_004006.3(DMD):c.960+1G>T	1756	DMD	Likely pathogenic	GRCh38	1322321
single nucleotide variant	NM_004006.3(DMD):c.3276+1G>T	1756	DMD	Pathogenic	GRCh38	1322322
single nucleotide variant	NM_004006.3(DMD):c.354G>A (p.Trp118Ter)	1756	DMD	Pathogenic/Likely pathogenic	GRCh38	1322326
single nucleotide variant	NM_004006.3(DMD):c.826C>T (p.Gln276Ter)	1756	DMD	Pathogenic	GRCh38	1322328
single nucleotide variant	NM_004006.3(DMD):c.701C>G (p.Ser234Ter)	1756	DMD	Likely pathogenic	GRCh38	3910014
single nucleotide variant	NM_004006.3(DMD):c.1177C>T (p.Gln393Ter)	1756	DMD	Pathogenic	GRCh38	2884100
single nucleotide variant	NM_004006.3(DMD):c.1201C>T (p.Gln401Ter)	1756	DMD	Pathogenic	GRCh38	1322337
single nucleotide variant	NM_004006.3(DMD):c.1132C>T (p.Gln378Ter)	1756	DMD	Pathogenic	GRCh38	4710699
single nucleotide variant	NM_004006.3(DMD):c.1429G>T (p.Glu477Ter)	1756	DMD	Pathogenic	GRCh38	1322339
single nucleotide variant	NM_004006.3(DMD):c.1375G>T (p.Glu459Ter)	1756	DMD	Pathogenic/Likely pathogenic	GRCh38	1322340
single nucleotide variant	NM_004006.3(DMD):c.745C>T (p.Gln249Ter)	1756	DMD	Pathogenic	GRCh38	1322342
single nucleotide variant	NM_004006.3(DMD):c.1564G>T (p.Gly522Ter)	1756	DMD	Pathogenic	GRCh38	2737175
single nucleotide variant	NM_004006.3(DMD):c.903C>A (p.Tyr301Ter)	1756	DMD	Pathogenic	GRCh38	1322345
single nucleotide variant	NM_004006.3(DMD):c.2098C>T (p.Gln700Ter)	1756	DMD	Pathogenic	GRCh38	3724176
single nucleotide variant	NM_004006.3(DMD):c.2168+1G>T	1756	DMD	Likely pathogenic	GRCh38	3362469
single nucleotide variant	NM_004006.3(DMD):c.1928G>A (p.Trp643Ter)	1756	DMD	Pathogenic	GRCh38	1322351
single nucleotide variant	NM_004006.3(DMD):c.2276T>G (p.Leu759Ter)	1756	DMD	Pathogenic	GRCh38	1322352
single nucleotide variant	NM_004006.3(DMD):c.2299G>T (p.Glu767Ter)	1756	DMD	Pathogenic	GRCh38	2737170
single nucleotide variant	NM_004006.3(DMD):c.2213C>G (p.Ser738Ter)	1756	DMD	Pathogenic	GRCh38	3724174
single nucleotide variant	NM_004006.3(DMD):c.2365G>T (p.Glu789Ter)	1756	DMD	Pathogenic	GRCh38	1322358
single nucleotide variant	NM_004006.3(DMD):c.2669T>G (p.Leu890Ter)	1756	DMD	Pathogenic	GRCh38	1322359
single nucleotide variant	NM_004006.3(DMD):c.3136C>T (p.Gln1046Ter)	1756	DMD	Pathogenic	GRCh38	1322363
single nucleotide variant	NM_004006.3(DMD):c.3430C>T (p.Gln1144Ter)	1756	DMD	Likely pathogenic	GRCh38	1322364
single nucleotide variant	NM_004006.3(DMD):c.3622C>T (p.Gln1208Ter)	1756	DMD	Pathogenic	GRCh38	1322366
single nucleotide variant	NM_004006.3(DMD):c.5398G>T (p.Glu1800Ter)	1756	DMD	Pathogenic	GRCh38	1322380
single nucleotide variant	NM_004006.3(DMD):c.2947C>T (p.Gln983Ter)	1756	DMD	Likely pathogenic	GRCh38	4487371
single nucleotide variant	NM_004006.3(DMD):c.2974C>T (p.Gln992Ter)	1756	DMD	Pathogenic	GRCh38	1322386
single nucleotide variant	NM_004006.3(DMD):c.4518+1G>T	1756	DMD	Pathogenic	GRCh38	1322392
single nucleotide variant	NM_004006.3(DMD):c.6286C>T (p.Gln2096Ter)	1756	DMD	Pathogenic	GRCh38	1322393
single nucleotide variant	NM_004006.3(DMD):c.5646C>A (p.Tyr1882Ter)	1756	DMD	Pathogenic	GRCh38	2737153
single nucleotide variant	NM_004006.3(DMD):c.7075C>T (p.Gln2359Ter)	1756	DMD	Pathogenic	GRCh38	1322400
single nucleotide variant	NM_004006.3(DMD):c.7437G>A (p.Trp2479Ter)	1756	DMD	Pathogenic	GRCh38	2737145
single nucleotide variant	NM_004006.3(DMD):c.6721G>T (p.Gly2241Ter)	1756	DMD	Pathogenic	GRCh38	2737147
single nucleotide variant	NM_004006.3(DMD):c.2642C>G (p.Ser881Ter)	1756	DMD	Pathogenic	GRCh38	1322431
single nucleotide variant	NM_004006.3(DMD):c.5878G>T (p.Glu1960Ter)	1756	DMD	Pathogenic	GRCh38	1322437
single nucleotide variant	NM_004006.3(DMD):c.6136C>T (p.Gln2046Ter)	1756	DMD	Pathogenic/Likely pathogenic	GRCh38	1322444
single nucleotide variant	NM_004006.3(DMD):c.4845+2T>C	1756	DMD	Pathogenic	GRCh38	3391814
single nucleotide variant	NM_004006.3(DMD):c.5449-1G>C	1756	DMD	Pathogenic	GRCh38	1322451
single nucleotide variant	NM_004006.3(DMD):c.6592C>T (p.Gln2198Ter)	1756	DMD	Pathogenic	GRCh38	1322455
single nucleotide variant	NM_004006.3(DMD):c.5646C>G (p.Tyr1882Ter)	1756	DMD	Pathogenic	GRCh38	3340709
single nucleotide variant	NM_004006.3(DMD):c.7855A>T (p.Lys2619Ter)	1756	DMD	Pathogenic	GRCh38	2674869
single nucleotide variant	NM_004006.3(DMD):c.8176G>T (p.Glu2726Ter)	1756	DMD	Pathogenic	GRCh38	4710672
single nucleotide variant	NM_004006.3(DMD):c.8692C>T (p.Gln2898Ter)	1756	DMD	Pathogenic	GRCh38	2737142
single nucleotide variant	NM_004006.3(DMD):c.8483T>G (p.Leu2828Ter)	1756	DMD	Pathogenic	GRCh38	1322465
single nucleotide variant	NM_004006.3(DMD):c.7585G>T (p.Glu2529Ter)	1756	DMD	Pathogenic	GRCh38	1322468
single nucleotide variant	NM_004006.3(DMD):c.9829G>T (p.Glu3277Ter)	1756	DMD	Pathogenic	GRCh38	1322477
single nucleotide variant	NM_004006.3(DMD):c.3850G>T (p.Glu1284Ter)	1756	DMD	Pathogenic/Likely pathogenic	GRCh38	1322482
single nucleotide variant	NM_004006.3(DMD):c.394C>T (p.Gln132Ter)	1756	DMD	Pathogenic	GRCh38	1322486
single nucleotide variant	NM_004006.3(DMD):c.353G>A (p.Trp118Ter)	1756	DMD	Pathogenic	GRCh38	4710706
single nucleotide variant	NM_004006.3(DMD):c.649+2T>C	1756	DMD	Pathogenic	GRCh38	4710702
single nucleotide variant	NM_004006.3(DMD):c.709C>T (p.Gln237Ter)	1756	DMD	Pathogenic	GRCh38	1322491
single nucleotide variant	NM_004006.3(DMD):c.1267C>T (p.Gln423Ter)	1756	DMD	Pathogenic	GRCh38	1322493
single nucleotide variant	NM_004006.3(DMD):c.1207G>T (p.Gly403Ter)	1756	DMD	Pathogenic	GRCh38	2737177
single nucleotide variant	NM_004006.3(DMD):c.1149+2T>C	1756	DMD	Pathogenic	GRCh38	1322497
single nucleotide variant	NM_004006.3(DMD):c.1783G>T (p.Glu595Ter)	1756	DMD	Pathogenic	GRCh38	2737174
single nucleotide variant	NM_004006.3(DMD):c.1727C>A (p.Ser576Ter)	1756	DMD	Pathogenic	GRCh38	3338844
single nucleotide variant	NM_004006.3(DMD):c.1704+1G>T	1756	DMD	Pathogenic	GRCh38	1322507
single nucleotide variant	NM_004006.3(DMD):c.2292+2T>C	1756	DMD	Pathogenic	GRCh38	2737172
single nucleotide variant	NM_004006.3(DMD):c.2380G>T (p.Glu794Ter)	1756	DMD	Pathogenic	GRCh38	1322510
single nucleotide variant	NM_004006.3(DMD):c.2125C>T (p.Gln709Ter)	1756	DMD	Pathogenic	GRCh38	1322514
single nucleotide variant	NM_004006.3(DMD):c.2623-2A>G	1756	DMD	Pathogenic	GRCh38	2737168
single nucleotide variant	NM_004006.3(DMD):c.103C>T (p.Gln35Ter)	1756	DMD	Pathogenic	GRCh38	1322519
single nucleotide variant	NM_004006.3(DMD):c.3774C>A (p.Cys1258Ter)	1756	DMD	Pathogenic	GRCh38	1322520
single nucleotide variant	NM_004006.3(DMD):c.3432+1G>C	1756	DMD	Pathogenic	GRCh38	4710686
single nucleotide variant	NM_004006.3(DMD):c.4499C>A (p.Ser1500Ter)	1756	DMD	Pathogenic	GRCh38	1322524
single nucleotide variant	NM_004006.3(DMD):c.3086G>A (p.Trp1029Ter)	1756	DMD	Pathogenic	GRCh38	3724172
single nucleotide variant	NM_004006.3(DMD):c.3172C>T (p.Gln1058Ter)	1756	DMD	Pathogenic	GRCh38	1322535
single nucleotide variant	NM_004006.3(DMD):c.10077T>A (p.Tyr3359Ter)	1756	DMD	Pathogenic	GRCh38	4884302
single nucleotide variant	NM_004006.3(DMD):c.2270C>A (p.Ser757Ter)	1756	DMD	Pathogenic	GRCh38	1322539
single nucleotide variant	NM_004006.3(DMD):c.5002G>T (p.Glu1668Ter)	1756	DMD	Pathogenic	GRCh38	1322542
single nucleotide variant	NM_004006.3(DMD):c.208A>T (p.Arg70Ter)	1756	DMD	Pathogenic	GRCh38	1322544
single nucleotide variant	NM_004006.3(DMD):c.4354C>T (p.Gln1452Ter)	1756	DMD	Pathogenic	GRCh38	1322546
single nucleotide variant	NM_004006.3(DMD):c.2292+2T>A	1756	DMD	Pathogenic	GRCh38	1322547
single nucleotide variant	NM_004006.3(DMD):c.2449C>T (p.Gln817Ter)	1756	DMD	Pathogenic	GRCh38	1322548
single nucleotide variant	NM_004006.3(DMD):c.10086+2T>C	1756	DMD	Pathogenic	GRCh38	1322551
single nucleotide variant	NM_004006.3(DMD):c.163G>T (p.Glu55Ter)	1756	DMD	Pathogenic	GRCh38	1322556
single nucleotide variant	NM_004006.3(DMD):c.11G>A (p.Trp4Ter)	1756	DMD	Pathogenic	GRCh38	1322557
single nucleotide variant	NM_004006.3(DMD):c.549G>A (p.Trp183Ter)	1756	DMD	Pathogenic	GRCh38	4710703
single nucleotide variant	NM_004006.3(DMD):c.531-1G>A	1756	DMD	Pathogenic	GRCh38	2737178
single nucleotide variant	NM_004006.3(DMD):c.1510C>T (p.Gln504Ter)	1756	DMD	Pathogenic	GRCh38	1322567
single nucleotide variant	NM_004006.3(DMD):c.1474C>T (p.Gln492Ter)	1756	DMD	Pathogenic	GRCh38	2737176
single nucleotide variant	NM_004006.3(DMD):c.3516G>A (p.Trp1172Ter)	1756	DMD	Pathogenic	GRCh38	1322577
single nucleotide variant	NM_004006.3(DMD):c.3544G>T (p.Glu1182Ter)	1756	DMD	Pathogenic	GRCh38	2737162
single nucleotide variant	NM_004006.3(DMD):c.2949+1G>T	1756	DMD	Pathogenic	GRCh38	2626777
single nucleotide variant	NM_004006.3(DMD):c.4690C>T (p.Gln1564Ter)	1756	DMD	Pathogenic	GRCh38	4710679
single nucleotide variant	NM_004006.3(DMD):c.3277-1G>C	1756	DMD	Pathogenic	GRCh38	2737164
single nucleotide variant	NM_004006.3(DMD):c.6035T>G (p.Leu2012Ter)	1756	DMD	Pathogenic	GRCh38	4820646
single nucleotide variant	NM_004006.3(DMD):c.6238C>T (p.Gln2080Ter)	1756	DMD	Pathogenic	GRCh38	2737150
single nucleotide variant	NM_004006.3(DMD):c.6259A>T (p.Lys2087Ter)	1756	DMD	Pathogenic	GRCh38	1322609
single nucleotide variant	NM_004006.3(DMD):c.6370G>T (p.Glu2124Ter)	1756	DMD	Pathogenic	GRCh38	1322610
single nucleotide variant	NM_004006.3(DMD):c.6949G>T (p.Glu2317Ter)	1756	DMD	Pathogenic	GRCh38	1322616
single nucleotide variant	NM_004006.3(DMD):c.7873C>T (p.Gln2625Ter)	1756	DMD	Likely pathogenic	GRCh38	2502038
single nucleotide variant	NM_004006.3(DMD):c.2281G>T (p.Glu761Ter)	1756	DMD	Pathogenic	GRCh38	4241383
single nucleotide variant	NM_004006.3(DMD):c.9913G>T (p.Glu3305Ter)	1756	DMD	Pathogenic	GRCh38	1322631
single nucleotide variant	NM_004006.3(DMD):c.8111G>A (p.Trp2704Ter)	1756	DMD	Pathogenic	GRCh38	3598267
single nucleotide variant	NM_004006.3(DMD):c.8074C>T (p.Gln2692Ter)	1756	DMD	Pathogenic	GRCh38	1322638
single nucleotide variant	NM_004006.3(DMD):c.8420G>A (p.Trp2807Ter)	1756	DMD	Pathogenic	GRCh38	1322639
single nucleotide variant	NM_004006.3(DMD):c.7576C>T (p.Gln2526Ter)	1756	DMD	Pathogenic	GRCh38	1322642
single nucleotide variant	NM_004006.3(DMD):c.8776C>T (p.Gln2926Ter)	1756	DMD	Pathogenic	GRCh38	2737141
single nucleotide variant	NM_004006.3(DMD):c.9001C>T (p.Gln3001Ter)	1756	DMD	Pathogenic	GRCh38	3252347
single nucleotide variant	NM_004006.3(DMD):c.8479G>T (p.Glu2827Ter)	1756	DMD	Pathogenic	GRCh38	1322652
single nucleotide variant	NM_004006.3(DMD):c.8668+1G>A	1756	DMD	Pathogenic	GRCh38	1322653
single nucleotide variant	NM_004006.3(DMD):c.1483-2A>G	1756	DMD	Pathogenic	GRCh38	1322654
single nucleotide variant	NM_004006.3(DMD):c.7872+1G>T	1756	DMD	Pathogenic	GRCh38	1322655
single nucleotide variant	NM_004006.3(DMD):c.7510G>T (p.Glu2504Ter)	1756	DMD	Pathogenic	GRCh38	1322656
single nucleotide variant	NM_004006.3(DMD):c.831+2T>C	1756	DMD	Pathogenic	GRCh38	4710700
single nucleotide variant	NM_004006.3(DMD):c.721C>T (p.Gln241Ter)	1756	DMD	Pathogenic	GRCh38	3724189
single nucleotide variant	NM_004006.3(DMD):c.960+2T>G	1756	DMD	Likely pathogenic	GRCh38	3339833
single nucleotide variant	NM_004006.3(DMD):c.1603-1G>A	1756	DMD	Likely pathogenic	GRCh38	4066335
single nucleotide variant	NM_004006.3(DMD):c.1873C>T (p.Gln625Ter)	1756	DMD	Pathogenic	GRCh38	1322674
single nucleotide variant	NM_004006.3(DMD):c.2317A>T (p.Lys773Ter)	1756	DMD	Pathogenic	GRCh38	2737169
single nucleotide variant	NM_004006.3(DMD):c.2971G>T (p.Glu991Ter)	1756	DMD	Pathogenic	GRCh38	1322686
single nucleotide variant	NM_004006.3(DMD):c.3189G>A (p.Trp1063Ter)	1756	DMD	Pathogenic	GRCh38	1322689
single nucleotide variant	NM_004006.3(DMD):c.3256A>T (p.Lys1086Ter)	1756	DMD	Pathogenic	GRCh38	1322694
single nucleotide variant	NM_004006.3(DMD):c.3274A>T (p.Arg1092Ter)	1756	DMD	Pathogenic	GRCh38	1322695
single nucleotide variant	NM_004006.3(DMD):c.3562A>T (p.Lys1188Ter)	1756	DMD	Pathogenic	GRCh38	2674868
single nucleotide variant	NM_004006.3(DMD):c.4150G>T (p.Glu1384Ter)	1756	DMD	Pathogenic	GRCh38	1322707
single nucleotide variant	NM_004006.3(DMD):c.4793C>A (p.Ser1598Ter)	1756	DMD	Pathogenic	GRCh38	1322709
single nucleotide variant	NM_004006.3(DMD):c.4852C>T (p.Gln1618Ter)	1756	DMD	Pathogenic	GRCh38	1322710
single nucleotide variant	NM_004006.3(DMD):c.3432+1G>T	1756	DMD	Pathogenic	GRCh38	3724171
single nucleotide variant	NM_004006.3(DMD):c.5209C>T (p.Gln1737Ter)	1756	DMD	Pathogenic	GRCh38	1322715
single nucleotide variant	NM_004006.3(DMD):c.5009G>A (p.Trp1670Ter)	1756	DMD	Pathogenic	GRCh38	1322717
single nucleotide variant	NM_004006.3(DMD):c.4071+1G>T	1756	DMD	Pathogenic	GRCh38	3724163
single nucleotide variant	NM_004006.3(DMD):c.4518+1G>A	1756	DMD	Pathogenic	GRCh38	4815309
single nucleotide variant	NM_004006.3(DMD):c.6250C>T (p.Gln2084Ter)	1756	DMD	Pathogenic	GRCh38	1322722
single nucleotide variant	NM_004006.3(DMD):c.5611A>T (p.Lys1871Ter)	1756	DMD	Pathogenic	GRCh38	4081625
single nucleotide variant	NM_004006.3(DMD):c.6391C>T (p.Gln2131Ter)	1756	DMD	Pathogenic	GRCh38	3724153
single nucleotide variant	NM_004006.3(DMD):c.4675-1G>T	1756	DMD	Pathogenic	GRCh38	1322726
single nucleotide variant	NM_004006.3(DMD):c.5449-1G>A	1756	DMD	Likely pathogenic	GRCh38	4066196
single nucleotide variant	NM_004006.3(DMD):c.7471C>T (p.Gln2491Ter)	1756	DMD	Pathogenic	GRCh38	1322730
single nucleotide variant	NM_004006.3(DMD):c.6659T>G (p.Leu2220Ter)	1756	DMD	Pathogenic	GRCh38	3368273
single nucleotide variant	NM_004006.3(DMD):c.8371A>T (p.Lys2791Ter)	1756	DMD	Likely pathogenic	GRCh38	1322737
single nucleotide variant	NM_004006.3(DMD):c.9445C>T (p.Gln3149Ter)	1756	DMD	Pathogenic	GRCh38	1322740
single nucleotide variant	NM_004006.3(DMD):c.9739C>T (p.Gln3247Ter)	1756	DMD	Pathogenic	GRCh38	1322742
single nucleotide variant	NM_004006.3(DMD):c.9164-2A>G	1756	DMD	Pathogenic	GRCh38	1322744
single nucleotide variant	NM_004006.3(DMD):c.5444A>G (p.Asp1815Gly)	1756	DMD	Likely pathogenic	GRCh38	2737156
single nucleotide variant	NM_004006.3(DMD):c.8217+32103G>T	1756	DMD	Likely pathogenic	GRCh38	2499125
single nucleotide variant	NM_004006.3(DMD):c.1A>T (p.Met1Leu)	1756	DMD	Pathogenic	GRCh38	4774215
single nucleotide variant	NM_004006.3(DMD):c.4519-5C>G	1756	DMD	Likely pathogenic	GRCh38	1324247
single nucleotide variant	NM_004006.3(DMD):c.9362-1215A>G	1756	DMD	Pathogenic/Likely pathogenic	GRCh38	1324248
single nucleotide variant	NM_004006.3(DMD):c.9085-15519G>T	1756	DMD	Likely pathogenic	GRCh38	4710670
single nucleotide variant	NM_004006.3(DMD):c.649+5G>A	1756	DMD	Likely pathogenic	GRCh38	1324254
single nucleotide variant	NM_004006.3(DMD):c.4846-1G>C	1756	DMD	Likely pathogenic	GRCh38	1329014
single nucleotide variant	NM_004006.3(DMD):c.8028-1G>T	1756	DMD	Pathogenic	GRCh38	1332690
single nucleotide variant	NM_004006.3(DMD):c.9484G>T (p.Glu3162Ter)	1756	DMD	Likely pathogenic	GRCh38	1333487
single nucleotide variant	NM_004006.3(DMD):c.5114C>A (p.Ser1705Ter)	1756	DMD	Likely pathogenic	GRCh38	1342919
single nucleotide variant	NM_004006.3(DMD):c.6614+1G>C	1756	DMD	Pathogenic	GRCh38	1344498
single nucleotide variant	NM_004006.3(DMD):c.3786+2T>A	1756	DMD	Likely pathogenic	GRCh38	1504071
single nucleotide variant	NM_004006.3(DMD):c.10395-1G>C	1756	DMD	Pathogenic	GRCh38	1504099
single nucleotide variant	NM_004006.3(DMD):c.10223+3G>C	1756	DMD	Likely pathogenic	GRCh38	1504110
single nucleotide variant	NM_004006.3(DMD):c.1591G>T (p.Glu531Ter)	1756	DMD	Pathogenic/Likely pathogenic	GRCh38	1394335
single nucleotide variant	NM_004006.3(DMD):c.5273C>A (p.Ser1758Ter)	1756	DMD	Pathogenic	GRCh38	1412003
single nucleotide variant	NM_004006.3(DMD):c.9311C>A (p.Ser3104Ter)	1756	DMD	Pathogenic/Likely pathogenic	GRCh38	1424825
single nucleotide variant	NM_004006.3(DMD):c.5155-1G>C	1756	DMD	Likely pathogenic	GRCh38	1496261
single nucleotide variant	NM_004006.3(DMD):c.5155-1G>T	1756	DMD	Likely pathogenic	GRCh38	1468325
single nucleotide variant	NM_004006.3(DMD):c.646G>T (p.Glu216Ter)	1756	DMD	Pathogenic	GRCh38	1452322
single nucleotide variant	NM_004006.3(DMD):c.3010A>T (p.Lys1004Ter)	1756	DMD	Pathogenic	GRCh38	1399550
single nucleotide variant	NM_004006.3(DMD):c.1389G>A (p.Trp463Ter)	1756	DMD	Pathogenic	GRCh38	1390017
single nucleotide variant	NM_004006.3(DMD):c.2950-1G>T	1756	DMD	Pathogenic	GRCh38	1444971
single nucleotide variant	NM_004006.3(DMD):c.6762+1G>A	1756	DMD	Pathogenic	GRCh38	1363886
single nucleotide variant	NM_004006.3(DMD):c.5740-1G>T	1756	DMD	Pathogenic	GRCh38	1365986
single nucleotide variant	NM_004006.3(DMD):c.8965A>T (p.Lys2989Ter)	1756	DMD	Pathogenic/Likely pathogenic	GRCh38	1448296
single nucleotide variant	NM_004006.3(DMD):c.9163+2T>C	1756	DMD	Likely pathogenic	GRCh38	1475827
single nucleotide variant	NM_004006.3(DMD):c.9287-2A>T	1756	DMD	Pathogenic	GRCh38	1420741
single nucleotide variant	NM_004006.3(DMD):c.1299C>A (p.Cys433Ter)	1756	DMD	Pathogenic/Likely pathogenic	GRCh38	1419831
single nucleotide variant	NM_004006.3(DMD):c.1483-1G>T	1756	DMD	Pathogenic	GRCh38	1395065
single nucleotide variant	NM_004006.3(DMD):c.7543-2A>G	1756	DMD	Likely pathogenic	GRCh38	1477229
single nucleotide variant	NM_004006.3(DMD):c.9645C>G (p.Tyr3215Ter)	1756	DMD	Pathogenic	GRCh38	1423723
single nucleotide variant	NM_004006.3(DMD):c.7603C>T (p.Gln2535Ter)	1756	DMD	Pathogenic	GRCh38	1451409
single nucleotide variant	NM_004006.3(DMD):c.2870A>C (p.Gln957Pro)	1756	DMD	Likely pathogenic	GRCh38	1480548
single nucleotide variant	NM_004006.3(DMD):c.7048C>T (p.Gln2350Ter)	1756	DMD	Pathogenic	GRCh38	1410046
single nucleotide variant	NM_004006.3(DMD):c.4345-1G>C	1756	DMD	Likely pathogenic	GRCh38	1508710
single nucleotide variant	NM_004006.3(DMD):c.1603-2A>G	1756	DMD	Pathogenic	GRCh38	1454799
single nucleotide variant	NM_004006.3(DMD):c.10753C>T (p.Gln3585Ter)	1756	DMD	Pathogenic/Likely pathogenic	GRCh38	1383957
single nucleotide variant	NM_004006.3(DMD):c.4273G>T (p.Glu1425Ter)	1756	DMD	Pathogenic	GRCh38	1384039
single nucleotide variant	NM_004006.3(DMD):c.9807+1G>A	1756	DMD	Pathogenic	GRCh38	1371555
single nucleotide variant	NM_004006.3(DMD):c.5699T>A (p.Leu1900Ter)	1756	DMD	Pathogenic	GRCh38	1429262
single nucleotide variant	NM_004006.3(DMD):c.10224-1G>C	1756	DMD	Likely pathogenic	GRCh38	1348525
single nucleotide variant	NM_004006.3(DMD):c.4515T>A (p.Cys1505Ter)	1756	DMD	Pathogenic	GRCh38	1357994
single nucleotide variant	NM_004006.3(DMD):c.10855C>T (p.Gln3619Ter)	1756	DMD	Pathogenic	GRCh38	1455386
single nucleotide variant	NM_004006.3(DMD):c.8217+2T>G	1756	DMD	Pathogenic	GRCh38	1455458
single nucleotide variant	NM_004006.3(DMD):c.6118-1G>C	1756	DMD	Pathogenic/Likely pathogenic	GRCh38	1455557
single nucleotide variant	NM_004006.3(DMD):c.531-2A>T	1756	DMD	Pathogenic	GRCh38	1455624
single nucleotide variant	NM_004006.3(DMD):c.9807+1G>C	1756	DMD	Pathogenic	GRCh38	1377945
single nucleotide variant	NM_004006.3(DMD):c.3103C>T (p.Gln1035Ter)	1756	DMD	Pathogenic	GRCh38	1458082
single nucleotide variant	NM_004006.3(DMD):c.6937C>T (p.Gln2313Ter)	1756	DMD	Pathogenic	GRCh38	1387479
single nucleotide variant	NM_004006.3(DMD):c.10921+2T>C	1756	DMD	Likely pathogenic	GRCh38	1497480
single nucleotide variant	NM_004006.3(DMD):c.961-1G>C	1756	DMD	Pathogenic	GRCh38	1457263
single nucleotide variant	NM_004006.3(DMD):c.4345A>T (p.Lys1449Ter)	1756	DMD	Pathogenic/Likely pathogenic	GRCh38	1432376
single nucleotide variant	NM_004006.3(DMD):c.7542+1G>A	1756	DMD	Pathogenic	GRCh38	1458670
single nucleotide variant	NM_004006.3(DMD):c.4627G>T (p.Glu1543Ter)	1756	DMD	Pathogenic	GRCh38	1458696
single nucleotide variant	NM_004006.3(DMD):c.7792C>T (p.Gln2598Ter)	1756	DMD	Pathogenic	GRCh38	1458766
single nucleotide variant	NM_004006.3(DMD):c.9807+5G>C	1756	DMD	Pathogenic	GRCh38	1378468
single nucleotide variant	NM_004006.3(DMD):c.3603+2053G>C	1756	DMD	Likely pathogenic	GRCh38	1516868
single nucleotide variant	NM_004006.3(DMD):c.10135A>T (p.Lys3379Ter)	1756	DMD	Pathogenic	GRCh38	1409231
single nucleotide variant	NM_004006.3(DMD):c.9268G>T (p.Glu3090Ter)	1756	DMD	Pathogenic	GRCh38	1380174
single nucleotide variant	NM_004006.3(DMD):c.8572A>T (p.Lys2858Ter)	1756	DMD	Pathogenic	GRCh38	1355682
single nucleotide variant	NM_004006.3(DMD):c.650-1G>T	1756	DMD	Likely pathogenic	GRCh38	1520379
single nucleotide variant	NM_004006.3(DMD):c.5363C>A (p.Ser1788Ter)	1756	DMD	Likely pathogenic	GRCh38	1526196
single nucleotide variant	NM_004006.3(DMD):c.6912+1G>A	1756	DMD	Likely pathogenic	GRCh38	1677942
single nucleotide variant	NM_004006.3(DMD):c.631A>T (p.Lys211Ter)	1756	DMD	Pathogenic/Likely pathogenic	GRCh38	1679454
single nucleotide variant	NM_004006.3(DMD):c.3787-2A>G	1756	DMD	Likely pathogenic	GRCh38	1685299
single nucleotide variant	NM_004006.3(DMD):c.10223+5G>C	1756	DMD	Pathogenic	GRCh38	1685697
single nucleotide variant	NM_004006.3(DMD):c.9974+2T>C	1756	DMD	Pathogenic	GRCh38	1685701
single nucleotide variant	NM_004006.3(DMD):c.9808-2A>G	1756	DMD	Pathogenic/Likely pathogenic	GRCh38	1685704
single nucleotide variant	NM_004006.3(DMD):c.9487C>T (p.Gln3163Ter)	1756	DMD	Pathogenic	GRCh38	1685708
single nucleotide variant	NM_004006.3(DMD):c.9362-1G>C	1756	DMD	Pathogenic	GRCh38	1685709
single nucleotide variant	NM_004006.3(DMD):c.9287-1G>A	1756	DMD	Pathogenic	GRCh38	1685711
single nucleotide variant	NM_004006.3(DMD):c.8446G>T (p.Glu2816Ter)	1756	DMD	Pathogenic	GRCh38	1685715
single nucleotide variant	NM_004006.3(DMD):c.8206A>T (p.Lys2736Ter)	1756	DMD	Pathogenic/Likely pathogenic	GRCh38	1685717
single nucleotide variant	NM_004006.3(DMD):c.8028-1G>A	1756	DMD	Pathogenic	GRCh38	1685719
single nucleotide variant	NM_004006.3(DMD):c.7661-2A>C	1756	DMD	Pathogenic	GRCh38	1685720
single nucleotide variant	NM_004006.3(DMD):c.7010T>G (p.Leu2337Ter)	1756	DMD	Pathogenic	GRCh38	1685722
single nucleotide variant	NM_004006.3(DMD):c.6814G>T (p.Glu2272Ter)	1756	DMD	Pathogenic	GRCh38	1685723
single nucleotide variant	NM_004006.3(DMD):c.6514C>T (p.Gln2172Ter)	1756	DMD	Pathogenic	GRCh38	1685724
single nucleotide variant	NM_004006.3(DMD):c.4786A>T (p.Lys1596Ter)	1756	DMD	Pathogenic	GRCh38	1685731
single nucleotide variant	NM_004006.3(DMD):c.4723A>T (p.Lys1575Ter)	1756	DMD	Pathogenic	GRCh38	1685733
single nucleotide variant	NM_004006.3(DMD):c.2305G>T (p.Glu769Ter)	1756	DMD	Pathogenic	GRCh38	1685739
single nucleotide variant	NM_004006.3(DMD):c.1863T>G (p.Tyr621Ter)	1756	DMD	Pathogenic	GRCh38	1685743
single nucleotide variant	NM_004006.3(DMD):c.1602+2T>A	1756	DMD	Pathogenic	GRCh38	1685745
single nucleotide variant	NM_004006.3(DMD):c.1480A>T (p.Lys494Ter)	1756	DMD	Pathogenic	GRCh38	1685746
single nucleotide variant	NM_004006.3(DMD):c.8401G>T (p.Glu2801Ter)	1756	DMD	Likely pathogenic	GRCh38	1687589
single nucleotide variant	NM_004006.3(DMD):c.2622G>C (p.Lys874Asn)	1756	DMD	Likely pathogenic	GRCh38	1698519
single nucleotide variant	NM_004006.3(DMD):c.6485T>A (p.Leu2162Ter)	1756	DMD	Pathogenic	GRCh38	1704414
single nucleotide variant	NM_004006.3(DMD):c.2168+2T>C	1756	DMD	Pathogenic/Likely pathogenic	GRCh38	1704540
single nucleotide variant	NM_004006.3(DMD):c.3455T>A (p.Leu1152Ter)	1756	DMD	Pathogenic	GRCh38	1708325
single nucleotide variant	NM_004006.3(DMD):c.5740-1G>A	1756	DMD	Pathogenic	GRCh38	1708419
single nucleotide variant	NM_004006.3(DMD):c.1929G>A (p.Trp643Ter)	1756	DMD	Pathogenic	GRCh38	1708439
single nucleotide variant	NM_004006.3(DMD):c.2873C>A (p.Ser958Ter)	1756	DMD	Likely pathogenic	GRCh38	1724180
single nucleotide variant	NM_004006.3(DMD):c.5584A>T (p.Lys1862Ter)	1756	DMD	Likely pathogenic	GRCh38	1724183
single nucleotide variant	NM_004006.3(DMD):c.1346T>A (p.Leu449Ter)	1756	DMD	Likely pathogenic	GRCh38	1724244
single nucleotide variant	NM_004006.3(DMD):c.3184A>T (p.Lys1062Ter)	1756	DMD	Pathogenic/Likely pathogenic	GRCh38	1724259
single nucleotide variant	NM_004006.3(DMD):c.4715T>A (p.Leu1572Ter)	1756	DMD	Likely pathogenic	GRCh38	1724304
single nucleotide variant	NM_004006.3(DMD):c.5767A>T (p.Lys1923Ter)	1756	DMD	Likely pathogenic	GRCh38	1724713
single nucleotide variant	NM_004006.3(DMD):c.5548A>T (p.Lys1850Ter)	1756	DMD	Likely pathogenic	GRCh38	1724896
single nucleotide variant	NM_004006.3(DMD):c.9534T>A (p.Cys3178Ter)	1756	DMD	Likely pathogenic	GRCh38	1724995
single nucleotide variant	NM_004006.3(DMD):c.5251A>T (p.Lys1751Ter)	1756	DMD	Likely pathogenic	GRCh38	1725030
single nucleotide variant	NM_004006.3(DMD):c.1840A>T (p.Lys614Ter)	1756	DMD	Likely pathogenic	GRCh38	1725239
single nucleotide variant	NM_004006.3(DMD):c.2692A>T (p.Lys898Ter)	1756	DMD	Likely pathogenic	GRCh38	1725491
single nucleotide variant	NM_004006.3(DMD):c.3928G>T (p.Glu1310Ter)	1756	DMD	Likely pathogenic	GRCh38	1725516
single nucleotide variant	NM_004006.3(DMD):c.9856A>T (p.Arg3286Ter)	1756	DMD	Likely pathogenic	GRCh38	1725520
single nucleotide variant	NM_004006.3(DMD):c.9284T>A (p.Leu3095Ter)	1756	DMD	Likely pathogenic	GRCh38	1725526
single nucleotide variant	NM_004006.3(DMD):c.986C>A (p.Ser329Ter)	1756	DMD	Pathogenic/Likely pathogenic	GRCh38	1725751
single nucleotide variant	NM_004006.3(DMD):c.3160C>T (p.Gln1054Ter)	1756	DMD	Pathogenic/Likely pathogenic	GRCh38	1725855
single nucleotide variant	NM_004006.3(DMD):c.4943T>A (p.Leu1648Ter)	1756	DMD	Likely pathogenic	GRCh38	1726596
single nucleotide variant	NM_004006.3(DMD):c.9957T>A (p.Cys3319Ter)	1756	DMD	Likely pathogenic	GRCh38	1726630
single nucleotide variant	NM_004006.3(DMD):c.9219T>A (p.Tyr3073Ter)	1756	DMD	Likely pathogenic	GRCh38	1726854
single nucleotide variant	NM_004006.3(DMD):c.357+1G>T	1756	DMD	Pathogenic	GRCh38	1732788
single nucleotide variant	NM_004006.3(DMD):c.859G>T (p.Glu287Ter)	1756	DMD	Pathogenic	GRCh38	1763983
single nucleotide variant	NM_004006.3(DMD):c.3037G>T (p.Glu1013Ter)	1756	DMD	Likely pathogenic	GRCh38	1804756
single nucleotide variant	NM_004006.3(DMD):c.181A>T (p.Lys61Ter)	1756	DMD	Likely pathogenic	GRCh38	1806400
single nucleotide variant	NM_004006.3(DMD):c.2566C>T (p.Gln856Ter)	1756	DMD	Likely pathogenic	GRCh38	1806408
single nucleotide variant	NM_004006.3(DMD):c.4198A>T (p.Lys1400Ter)	1756	DMD	Likely pathogenic	GRCh38	1806416
single nucleotide variant	NM_004006.3(DMD):c.6382A>T (p.Arg2128Ter)	1756	DMD	Pathogenic	GRCh38	1806425
single nucleotide variant	NM_004006.3(DMD):c.7000G>T (p.Glu2334Ter)	1756	DMD	Likely pathogenic	GRCh38	1806426
single nucleotide variant	NM_004006.3(DMD):c.7819A>T (p.Lys2607Ter)	1756	DMD	Likely pathogenic	GRCh38	1806428
single nucleotide variant	NM_004006.3(DMD):c.9163+2T>A	1756	DMD	Likely pathogenic	GRCh38	1806431
single nucleotide variant	NM_004006.3(DMD):c.3277-1G>A	1756	DMD	Pathogenic	GRCh38	1806435
single nucleotide variant	NM_004006.3(DMD):c.9224+2T>A	1756	DMD	Likely pathogenic	GRCh38	1806436
single nucleotide variant	NM_004006.3(DMD):c.9361+1G>T	1756	DMD	Pathogenic/Likely pathogenic	GRCh38	1806437
single nucleotide variant	NM_004006.3(DMD):c.1704+2T>C	1756	DMD	Likely pathogenic	GRCh38	1806439
single nucleotide variant	NM_004006.3(DMD):c.9974+1G>C	1756	DMD	Likely pathogenic	GRCh38	1806444
single nucleotide variant	NM_004006.3(DMD):c.5449-2A>T	1756	DMD	Likely pathogenic	GRCh38	1806445
single nucleotide variant	NM_004006.3(DMD):c.9563+1215A>G	1756	DMD	Pathogenic/Likely pathogenic	GRCh38	2138505
single nucleotide variant	NM_004006.3(DMD):c.8560G>T (p.Glu2854Ter)	1756	DMD	Pathogenic	GRCh38	2138507
single nucleotide variant	NM_004006.3(DMD):c.8390+2T>G	1756	DMD	Pathogenic	GRCh38	2138508
single nucleotide variant	NM_004006.3(DMD):c.4234-2A>G	1756	DMD	Likely pathogenic	GRCh38	2158303
single nucleotide variant	NM_004006.3(DMD):c.6290G>T (p.Gly2097Val)	1756	DMD	Likely pathogenic	GRCh38	2169639
single nucleotide variant	NM_004006.3(DMD):c.397C>T (p.Gln133Ter)	1756	DMD	Pathogenic	GRCh38	2180393
single nucleotide variant	NM_004006.3(DMD):c.9649+5G>A	1756	DMD	Pathogenic	GRCh38	2419193
single nucleotide variant	NM_004006.3(DMD):c.1812+1G>T	1756	DMD	Pathogenic	GRCh38	1919125
single nucleotide variant	NM_004006.3(DMD):c.7201-1G>C	1756	DMD	Likely pathogenic	GRCh38	1929571
single nucleotide variant	NM_004006.3(DMD):c.10554-1G>C	1756	DMD	Likely pathogenic	GRCh38	1955129
single nucleotide variant	NM_004006.3(DMD):c.3741C>A (p.Tyr1247Ter)	1756	DMD	Pathogenic	GRCh38	1968475
single nucleotide variant	NM_004006.3(DMD):c.6912+1G>T	1756	DMD	Likely pathogenic	GRCh38	1973466
single nucleotide variant	NM_004006.3(DMD):c.9225-1G>T	1756	DMD	Pathogenic	GRCh38	1999520
single nucleotide variant	NM_004006.3(DMD):c.5081G>A (p.Trp1694Ter)	1756	DMD	Pathogenic	GRCh38	2007436
single nucleotide variant	NM_004006.3(DMD):c.6046C>T (p.Gln2016Ter)	1756	DMD	Pathogenic	GRCh38	2012249
single nucleotide variant	NM_004006.3(DMD):c.1993-2A>G	1756	DMD	Likely pathogenic	GRCh38	2017685
single nucleotide variant	NM_004006.3(DMD):c.7062T>A (p.Tyr2354Ter)	1756	DMD	Pathogenic/Likely pathogenic	GRCh38	2019310
single nucleotide variant	NM_004006.3(DMD):c.3523C>T (p.Gln1175Ter)	1756	DMD	Pathogenic	GRCh38	2019438
single nucleotide variant	NM_004006.3(DMD):c.6751G>T (p.Glu2251Ter)	1756	DMD	Pathogenic	GRCh38	2018784
single nucleotide variant	NM_004006.3(DMD):c.3433-1G>C	1756	DMD	Pathogenic	GRCh38	2009490
single nucleotide variant	NM_004006.3(DMD):c.3921+2T>C	1756	DMD	Likely pathogenic	GRCh38	2032805
single nucleotide variant	NM_004006.3(DMD):c.9974+2T>G	1756	DMD	Pathogenic	GRCh38	2023567
single nucleotide variant	NM_004006.3(DMD):c.5021T>A (p.Leu1674Ter)	1756	DMD	Pathogenic	GRCh38	2027026
single nucleotide variant	NM_004006.3(DMD):c.7660+2T>G	1756	DMD	Pathogenic	GRCh38	2028179
single nucleotide variant	NM_004006.3(DMD):c.3225G>A (p.Trp1075Ter)	1756	DMD	Pathogenic	GRCh38	2042011
single nucleotide variant	NM_004006.3(DMD):c.3637A>T (p.Lys1213Ter)	1756	DMD	Pathogenic	GRCh38	2051622
single nucleotide variant	NM_004006.3(DMD):c.8937+1G>A	1756	DMD	Likely pathogenic	GRCh38	2051623
single nucleotide variant	NM_004006.3(DMD):c.548G>A (p.Trp183Ter)	1756	DMD	Pathogenic	GRCh38	2048935
single nucleotide variant	NM_004006.3(DMD):c.10155T>G (p.Tyr3385Ter)	1756	DMD	Pathogenic	GRCh38	2072255
single nucleotide variant	NM_004006.3(DMD):c.3277-2A>G	1756	DMD	Pathogenic	GRCh38	2068753
single nucleotide variant	NM_004006.3(DMD):c.6859G>T (p.Glu2287Ter)	1756	DMD	Pathogenic	GRCh38	2088495
single nucleotide variant	NM_004006.3(DMD):c.5031C>G (p.Tyr1677Ter)	1756	DMD	Pathogenic	GRCh38	2093621
single nucleotide variant	NM_004006.3(DMD):c.3922-1G>A	1756	DMD	Likely pathogenic	GRCh38	2093840
single nucleotide variant	NM_004006.3(DMD):c.615T>G (p.Tyr205Ter)	1756	DMD	Pathogenic	GRCh38	2097258
single nucleotide variant	NM_004006.3(DMD):c.2284A>T (p.Lys762Ter)	1756	DMD	Pathogenic	GRCh38	2098488
single nucleotide variant	NM_004006.3(DMD):c.8564T>A (p.Leu2855Ter)	1756	DMD	Pathogenic	GRCh38	2109846
single nucleotide variant	NM_004006.3(DMD):c.7098+1G>C	1756	DMD	Pathogenic	GRCh38	2110804
single nucleotide variant	NM_004006.3(DMD):c.7231A>T (p.Lys2411Ter)	1756	DMD	Pathogenic	GRCh38	2120109
single nucleotide variant	NM_004006.3(DMD):c.620T>A (p.Leu207Ter)	1756	DMD	Pathogenic/Likely pathogenic	GRCh38	2119299
single nucleotide variant	NM_004006.3(DMD):c.1975G>T (p.Glu659Ter)	1756	DMD	Pathogenic	GRCh38	2122812
single nucleotide variant	NM_004006.3(DMD):c.5428G>T (p.Glu1810Ter)	1756	DMD	Pathogenic	GRCh38	2126154
single nucleotide variant	NM_004006.3(DMD):c.1149+1G>T	1756	DMD	Likely pathogenic	GRCh38	2430380
single nucleotide variant	NM_004006.3(DMD):c.3603+820G>T	1756	DMD	Pathogenic	GRCh38	2435921
single nucleotide variant	NM_004006.3(DMD):c.10087-1G>T	1756	DMD	Likely pathogenic	GRCh38	2439738
single nucleotide variant	NM_004006.3(DMD):c.2292+1G>A	1756	DMD	Likely pathogenic	GRCh38	2439753
single nucleotide variant	NM_004006.3(DMD):c.4855A>T (p.Lys1619Ter)	1756	DMD	Likely pathogenic	GRCh38	2439758
single nucleotide variant	NM_004006.3(DMD):c.2292+1024G>T	1756	DMD	Likely pathogenic	GRCh38	2439770
single nucleotide variant	NM_004006.3(DMD):c.961-2A>C	1756	DMD	Likely pathogenic	GRCh38	2439778
single nucleotide variant	NM_004006.3(DMD):c.9978C>A (p.Tyr3326Ter)	1756	DMD	Pathogenic	GRCh38	2435903
single nucleotide variant	NM_004006.3(DMD):c.1999C>T (p.Gln667Ter)	1756	DMD	Likely pathogenic	GRCh38	2444075
single nucleotide variant	NM_004006.3(DMD):c.6291-13537A>G	1756	DMD	Likely pathogenic	GRCh38	2499487
single nucleotide variant	NM_004006.3(DMD):c.5448+67A>G	1756	DMD	Pathogenic/Likely pathogenic	GRCh38	2571778
single nucleotide variant	NM_004006.3(DMD):c.3276+2T>C	1756	DMD	Likely pathogenic	GRCh38	2578379
single nucleotide variant	NM_004006.3(DMD):c.2622+2T>G	1756	DMD	Likely pathogenic	GRCh38	2583136
single nucleotide variant	NM_004006.3(DMD):c.5012T>G (p.Leu1671Ter)	1756	DMD	Likely pathogenic	GRCh38	2584989
single nucleotide variant	NM_004006.3(DMD):c.4053G>A (p.Trp1351Ter)	1756	DMD	Likely pathogenic	GRCh38	2584997
single nucleotide variant	NM_004006.3(DMD):c.3949G>T (p.Glu1317Ter)	1756	DMD	Likely pathogenic	GRCh38	2627919
single nucleotide variant	NM_004006.3(DMD):c.8391-305A>T	1756	DMD	Likely pathogenic	GRCh38	2637520
single nucleotide variant	NM_004006.3(DMD):c.1603-1G>T	1756	DMD	Pathogenic	GRCh38	2674865
single nucleotide variant	NM_004006.3(DMD):c.832-2A>G	1756	DMD	Likely pathogenic	GRCh38	2674866
single nucleotide variant	NM_004006.3(DMD):c.960+1G>A	1756	DMD	Likely pathogenic	GRCh38	2674867
single nucleotide variant	NM_004006.3(DMD):c.11046+2T>C	1756	DMD	Likely pathogenic	GRCh38	2674873
single nucleotide variant	NM_004006.3(DMD):c.9564-30A>G	1756	DMD	Pathogenic	GRCh38	3359242
single nucleotide variant	NM_004006.3(DMD):c.8218-1G>C	1756	DMD	Likely pathogenic	GRCh38	2690586
single nucleotide variant	NM_004006.3(DMD):c.7661-1G>T	1756	DMD	Likely pathogenic	GRCh38	2690591
single nucleotide variant	NM_004006.3(DMD):c.1318G>T (p.Glu440Ter)	1756	DMD	Pathogenic	GRCh38	2700518
single nucleotide variant	NM_004006.3(DMD):c.6985A>T (p.Lys2329Ter)	1756	DMD	Pathogenic	GRCh38	2710430
single nucleotide variant	NM_004006.3(DMD):c.8530C>T (p.Gln2844Ter)	1756	DMD	Pathogenic	GRCh38	2706542
single nucleotide variant	NM_004006.3(DMD):c.6615-1G>A	1756	DMD	Pathogenic	GRCh38	2706644
single nucleotide variant	NM_004006.3(DMD):c.10224-2A>G	1756	DMD	Likely pathogenic	GRCh38	2712735
single nucleotide variant	NM_004006.3(DMD):c.6614+1G>A	1756	DMD	Pathogenic	GRCh38	2737148
single nucleotide variant	NM_004006.3(DMD):c.9084+2T>C	1756	DMD	Likely pathogenic	GRCh38	2752837
single nucleotide variant	NM_004006.3(DMD):c.8833G>T (p.Glu2945Ter)	1756	DMD	Pathogenic	GRCh38	2768044
single nucleotide variant	NM_004006.3(DMD):c.2201G>A (p.Trp734Ter)	1756	DMD	Pathogenic	GRCh38	2780463
single nucleotide variant	NM_004006.3(DMD):c.9808-1G>T	1756	DMD	Pathogenic	GRCh38	2808476
single nucleotide variant	NM_004006.3(DMD):c.9318T>A (p.Tyr3106Ter)	1756	DMD	Pathogenic	GRCh38	2811630
single nucleotide variant	NM_004006.3(DMD):c.956C>A (p.Ser319Ter)	1756	DMD	Pathogenic	GRCh38	2827783
single nucleotide variant	NM_004006.3(DMD):c.9172C>T (p.Gln3058Ter)	1756	DMD	Pathogenic	GRCh38	2818610
single nucleotide variant	NM_004006.3(DMD):c.9286+2T>G	1756	DMD	Likely pathogenic	GRCh38	2826704
single nucleotide variant	NM_004006.3(DMD):c.1993-1G>A	1756	DMD	Likely pathogenic	GRCh38	2823209
single nucleotide variant	NM_004006.3(DMD):c.9807+2T>A	1756	DMD	Pathogenic	GRCh38	2834331
single nucleotide variant	NM_004006.3(DMD):c.958C>T (p.Gln320Ter)	1756	DMD	Pathogenic	GRCh38	2837044
single nucleotide variant	NM_004006.3(DMD):c.7310-2A>G	1756	DMD	Pathogenic	GRCh38	2845709
single nucleotide variant	NM_004006.3(DMD):c.7522G>T (p.Glu2508Ter)	1756	DMD	Pathogenic	GRCh38	2847466
single nucleotide variant	NM_004006.3(DMD):c.6913-1G>C	1756	DMD	Pathogenic	GRCh38	2865093
single nucleotide variant	NM_004006.3(DMD):c.832-186T>G	1756	DMD	Pathogenic	GRCh38	3062012
single nucleotide variant	NM_004006.3(DMD):c.4444A>T (p.Lys1482Ter)	1756	DMD	Likely pathogenic	GRCh38	3065860
single nucleotide variant	NM_004006.3(DMD):c.10554-1G>A	1756	DMD	Likely pathogenic	GRCh38	3251959
single nucleotide variant	NM_004006.3(DMD):c.6117+1G>T	1756	DMD	Likely pathogenic	GRCh38	3254563
single nucleotide variant	NM_004006.3(DMD):c.2381-1G>A	1756	DMD	Pathogenic	GRCh38	3256567
single nucleotide variant	NM_004006.3(DMD):c.1992+1G>A	1756	DMD	Likely pathogenic	GRCh38	3337036
single nucleotide variant	NM_004006.3(DMD):c.31+7A>T	1756	DMD	Likely pathogenic	GRCh38	3337037
single nucleotide variant	NM_004006.3(DMD):c.3574G>T (p.Glu1192Ter)	1756	DMD	Likely pathogenic	GRCh38	3340530
single nucleotide variant	NM_004006.3(DMD):c.6290+5G>T	1756	DMD	Likely pathogenic	GRCh38	3362232
single nucleotide variant	NM_004006.3(DMD):c.3794G>A (p.Trp1265Ter)	1756	DMD	Pathogenic/Likely pathogenic	GRCh38	3375032
single nucleotide variant	NM_004006.3(DMD):c.6290+3076A>G	1756	DMD	Pathogenic	GRCh38	3377324
single nucleotide variant	NM_004006.3(DMD):c.10484T>A (p.Leu3495Ter)	1756	DMD	Pathogenic	GRCh38	3382794
single nucleotide variant	NM_004006.3(DMD):c.32-2A>C	1756	DMD	Likely pathogenic	GRCh38	3383510
single nucleotide variant	NM_004006.3(DMD):c.6438+1G>A	1756	DMD	Pathogenic	GRCh38	3391221
single nucleotide variant	NM_004006.3(DMD):c.1001T>A (p.Leu334Ter)	1756	DMD	Likely pathogenic	GRCh38	3393455
single nucleotide variant	NM_004006.3(DMD):c.5586+1G>T	1756	DMD	Pathogenic/Likely pathogenic	GRCh38	3502589
single nucleotide variant	NM_004006.3(DMD):c.9974+1G>A	1756	DMD	Likely pathogenic	GRCh38	3502635
single nucleotide variant	NM_004006.3(DMD):c.2292+1G>T	1756	DMD	Likely pathogenic	GRCh38	3598272
single nucleotide variant	NM_004006.3(DMD):c.832-1G>T	1756	DMD	Likely pathogenic	GRCh38	3598274
single nucleotide variant	NM_004006.3(DMD):c.10554-2996T>G	1756	DMD	Likely pathogenic	GRCh38	3573467
single nucleotide variant	NM_004006.3(DMD):c.5326-5219T>G	1756	DMD	Likely pathogenic	GRCh38	3573468
single nucleotide variant	NM_004006.3(DMD):c.1813-733A>G	1756	DMD	Likely pathogenic	GRCh38	3573469
single nucleotide variant	NM_004006.3(DMD):c.9163+2510G>A	1756	DMD	Likely pathogenic	GRCh38	3600320
single nucleotide variant	NM_004006.3(DMD):c.1804A>T (p.Lys602Ter)	1756	DMD	Pathogenic	GRCh38	3611029
single nucleotide variant	NM_004006.3(DMD):c.3877G>T (p.Glu1293Ter)	1756	DMD	Pathogenic	GRCh38	3640879
single nucleotide variant	NM_004006.3(DMD):c.3529G>T (p.Glu1177Ter)	1756	DMD	Pathogenic	GRCh38	3642446
single nucleotide variant	NM_004006.3(DMD):c.530+2T>A	1756	DMD	Pathogenic	GRCh38	3653053
single nucleotide variant	NM_004006.3(DMD):c.6615-2A>C	1756	DMD	Pathogenic	GRCh38	3647067
single nucleotide variant	NM_004006.3(DMD):c.9164-2A>T	1756	DMD	Pathogenic	GRCh38	3650433
single nucleotide variant	NM_004006.3(DMD):c.1155C>G (p.Tyr385Ter)	1756	DMD	Pathogenic	GRCh38	3651879
single nucleotide variant	NM_004006.3(DMD):c.961-1G>T	1756	DMD	Pathogenic	GRCh38	3659332
single nucleotide variant	NM_004006.3(DMD):c.8326C>T (p.Gln2776Ter)	1756	DMD	Pathogenic	GRCh38	3659411
single nucleotide variant	NM_004006.3(DMD):c.8669-1G>A	1756	DMD	Pathogenic	GRCh38	3661783
single nucleotide variant	NM_004006.3(DMD):c.7660+1G>A	1756	DMD	Pathogenic	GRCh38	3677198
single nucleotide variant	NM_004006.3(DMD):c.850C>T (p.Gln284Ter)	1756	DMD	Pathogenic	GRCh38	3677199
single nucleotide variant	NM_004006.3(DMD):c.5152A>T (p.Lys1718Ter)	1756	DMD	Pathogenic	GRCh38	3691630
single nucleotide variant	NM_004006.3(DMD):c.1483-2A>T	1756	DMD	Pathogenic	GRCh38	3723532
single nucleotide variant	NM_004006.3(DMD):c.7754G>A (p.Trp2585Ter)	1756	DMD	Pathogenic	GRCh38	3725266
single nucleotide variant	NM_004006.3(DMD):c.3162+1G>T	1756	DMD	Pathogenic	GRCh38	3728709
single nucleotide variant	NM_004006.3(DMD):c.9563+2T>C	1756	DMD	Pathogenic	GRCh38	3728116
single nucleotide variant	NM_004006.3(DMD):c.10129A>T (p.Lys3377Ter)	1756	DMD	Pathogenic	GRCh38	3724137
single nucleotide variant	NM_004006.3(DMD):c.9975-2A>G	1756	DMD	Pathogenic	GRCh38	3724140
single nucleotide variant	NM_004006.3(DMD):c.7201-2A>G	1756	DMD	Likely pathogenic	GRCh38	3725881
single nucleotide variant	NM_004006.3(DMD):c.5339T>A (p.Leu1780Ter)	1756	DMD	Pathogenic	GRCh38	3726191
single nucleotide variant	NM_004006.3(DMD):c.6409G>T (p.Glu2137Ter)	1756	DMD	Pathogenic	GRCh38	3727399
single nucleotide variant	NM_004006.3(DMD):c.10080C>A (p.Cys3360Ter)	1756	DMD	Likely pathogenic	GRCh38	3775698
single nucleotide variant	NM_004006.3(DMD):c.10223+1G>T	1756	DMD	Pathogenic	GRCh38	3776203
single nucleotide variant	NM_004006.3(DMD):c.3364G>T (p.Glu1122Ter)	1756	DMD	Likely pathogenic	GRCh38	3777053
single nucleotide variant	NM_004006.3(DMD):c.3786+1G>T	1756	DMD	Pathogenic	GRCh38	3840495
single nucleotide variant	NM_004006.3(DMD):c.7309+2T>G	1756	DMD	Pathogenic/Likely pathogenic	GRCh38	3896668
single nucleotide variant	NM_004006.3(DMD):c.10594G>T (p.Glu3532Ter)	1756	DMD	Likely pathogenic	GRCh38	3896837
single nucleotide variant	NM_004006.3(DMD):c.4839G>A (p.Trp1613Ter)	1756	DMD	Pathogenic	GRCh38	3896840
single nucleotide variant	NM_004006.3(DMD):c.1863T>A (p.Tyr621Ter)	1756	DMD	Likely pathogenic	GRCh38	3900623
single nucleotide variant	NM_004006.3(DMD):c.10417C>T (p.Gln3473Ter)	1756	DMD	Likely pathogenic	GRCh38	4066464
single nucleotide variant	NM_004006.3(DMD):c.7873-1G>A	1756	DMD	Likely pathogenic	GRCh38	4066541
single nucleotide variant	NM_004006.3(DMD):c.832-1G>C	1756	DMD	Likely pathogenic	GRCh38	4066544
single nucleotide variant	NM_004006.3(DMD):c.3432G>A (p.Gln1144=)	1756	DMD	Likely pathogenic	GRCh38	4066549
single nucleotide variant	NM_004006.3(DMD):c.6641C>G (p.Ser2214Ter)	1756	DMD	Likely pathogenic	GRCh38	4066070
single nucleotide variant	NM_004006.3(DMD):c.2623-1G>A	1756	DMD	Pathogenic	GRCh38	4078471
single nucleotide variant	NM_004006.3(DMD):c.7436G>A (p.Trp2479Ter)	1756	DMD	Pathogenic	GRCh38	4078474
single nucleotide variant	NM_004006.3(DMD):c.2991C>A (p.Tyr997Ter)	1756	DMD	Pathogenic	GRCh38	4078504
single nucleotide variant	NM_004006.3(DMD):c.5739+362A>G	1756	DMD	Pathogenic	GRCh38	4078506
single nucleotide variant	NM_004006.3(DMD):c.5449-1159A>G	1756	DMD	Likely pathogenic	GRCh38	4081313
single nucleotide variant	NM_004006.3(DMD):c.31+84433C>G	1756	DMD	Likely pathogenic	GRCh38	4081326
single nucleotide variant	NM_004006.3(DMD):c.4846-1469A>G	1756	DMD	Likely pathogenic	GRCh38	4081327
single nucleotide variant	NM_004006.3(DMD):c.31+36938T>A	1756	DMD	Likely pathogenic	GRCh38	4081329
single nucleotide variant	NM_004006.3(DMD):c.6291-1G>T	1756	DMD	Likely pathogenic	GRCh38	4081626
single nucleotide variant	NM_004006.3(DMD):c.3432G>C (p.Gln1144His)	1756	DMD	Likely pathogenic	GRCh38	4241393
single nucleotide variant	NM_004006.3(DMD):c.7610T>A (p.Leu2537Ter)	1756	DMD	Pathogenic	GRCh38	4279609
single nucleotide variant	NM_004006.3(DMD):c.3826G>T (p.Glu1276Ter)	1756	DMD	Likely pathogenic	GRCh38	4280599
single nucleotide variant	NM_004006.3(DMD):c.4233+1G>C	1756	DMD	Likely pathogenic	GRCh38	4291915
single nucleotide variant	NM_004006.3(DMD):c.4136T>G (p.Leu1379Ter)	1756	DMD	Likely pathogenic	GRCh38	4292718
single nucleotide variant	NM_004006.3(DMD):c.1950T>A (p.Cys650Ter)	1756	DMD	Likely pathogenic	GRCh38	4293327
single nucleotide variant	NM_004006.3(DMD):c.3432G>T (p.Gln1144His)	1756	DMD	Likely pathogenic	GRCh38	4613965
single nucleotide variant	NM_004006.3(DMD):c.4519-1G>T	1756	DMD	Likely pathogenic	GRCh38	4680874
single nucleotide variant	NM_004006.3(DMD):c.7543-1G>A	1756	DMD	Likely pathogenic	GRCh38	4687554
single nucleotide variant	NM_004006.3(DMD):c.3787-107A>G	1756	DMD	Likely pathogenic	GRCh38	4688942
single nucleotide variant	NM_004006.3(DMD):c.9225-1G>A	1756	DMD	Pathogenic	GRCh38	4710668
single nucleotide variant	NM_004006.3(DMD):c.357+1G>C	1756	DMD	Pathogenic	GRCh38	4710705
single nucleotide variant	NM_004006.3(DMD):c.335G>T (p.Trp112Leu)	1756	DMD	Likely pathogenic	GRCh38	4710707
single nucleotide variant	NM_004006.3(DMD):c.7678C>T (p.Gln2560Ter)	1756	DMD	Pathogenic	GRCh38	4717307
single nucleotide variant	NM_004006.3(DMD):c.3561T>G (p.Tyr1187Ter)	1756	DMD	Pathogenic	GRCh38	4719189
single nucleotide variant	NM_004006.3(DMD):c.7486C>T (p.Gln2496Ter)	1756	DMD	Pathogenic	GRCh38	4716426
single nucleotide variant	NM_004006.3(DMD):c.7117C>T (p.Gln2373Ter)	1756	DMD	Pathogenic	GRCh38	4733297
single nucleotide variant	NM_004006.3(DMD):c.8547+2T>C	1756	DMD	Likely pathogenic	GRCh38	4734645
single nucleotide variant	NM_004006.3(DMD):c.264+1G>C	1756	DMD	Pathogenic	GRCh38	4723631
single nucleotide variant	NM_004006.3(DMD):c.265-1G>T	1756	DMD	Pathogenic	GRCh38	4750663
single nucleotide variant	NM_004006.3(DMD):c.8818C>T (p.Gln2940Ter)	1756	DMD	Likely pathogenic	GRCh38	4813720
single nucleotide variant	NM_004006.3(DMD):c.265-513C>T	1756	DMD	Likely pathogenic	GRCh38	4813722
single nucleotide variant	NM_004006.3(DMD):c.10099G>T (p.Glu3367Ter)	1756	DMD	Likely pathogenic	GRCh38	4815295
single nucleotide variant	NM_004006.3(DMD):c.10888C>T (p.Arg3630Ter)	1756	DMD	Likely pathogenic	GRCh38	4815297
single nucleotide variant	NM_004006.3(DMD):c.1483-1G>A	1756	DMD	Likely pathogenic	GRCh38	4815298
single nucleotide variant	NM_004006.3(DMD):c.1735G>T (p.Glu579Ter)	1756	DMD	Likely pathogenic	GRCh38	4815299
single nucleotide variant	NM_004006.3(DMD):c.1801C>T (p.Gln601Ter)	1756	DMD	Likely pathogenic	GRCh38	4815300
single nucleotide variant	NM_004006.3(DMD):c.1993-2A>T	1756	DMD	Likely pathogenic	GRCh38	4815302
single nucleotide variant	NM_004006.3(DMD):c.3432+2240A>G	1756	DMD	Likely pathogenic	GRCh38	4815304
single nucleotide variant	NM_004006.3(DMD):c.3842G>A (p.Trp1281Ter)	1756	DMD	Likely pathogenic	GRCh38	4815307
single nucleotide variant	NM_004006.3(DMD):c.4913T>A (p.Leu1638Ter)	1756	DMD	Likely pathogenic	GRCh38	4815312
single nucleotide variant	NM_004006.3(DMD):c.5449-1G>T	1756	DMD	Likely pathogenic	GRCh38	4815314
single nucleotide variant	NM_004006.3(DMD):c.93+2T>C	1756	DMD	Pathogenic	GRCh38	4815323
single nucleotide variant	NM_004006.3(DMD):c.1149+250C>T	1756	DMD	Likely pathogenic	GRCh38	4819116
single nucleotide variant	NM_004006.3(DMD):c.4072-1G>A	1756	DMD	Likely pathogenic	GRCh38	4847332
single nucleotide variant	NM_004006.3(DMD):c.1150-3C>G	1756	DMD	Likely pathogenic	GRCh38	4854224
single nucleotide variant	NM_004006.3(DMD):c.9802C>T (p.Gln3268Ter)	1756	DMD	Likely pathogenic	GRCh38	4854330
single nucleotide variant	NM_004006.3(DMD):c.10600A>T (p.Lys3534Ter)	1756	DMD	Likely pathogenic	GRCh38	4855150
single nucleotide variant	NM_004006.3(DMD):c.4344+1G>A	1756	DMD	Likely pathogenic	GRCh38	4855516
single nucleotide variant	NM_004006.3(DMD):c.5695A>T (p.Lys1899Ter)	1756	DMD	Likely pathogenic	GRCh38	4855661
single nucleotide variant	NM_004006.3(DMD):c.8027+1G>C	1756	DMD	Pathogenic	GRCh38	4876774
single nucleotide variant	NM_004006.3(DMD):c.5509A>T (p.Arg1837Ter)	1756	DMD	Likely pathogenic	GRCh38	4879342
single nucleotide variant	NM_004006.3(DMD):c.2623-2A>T	1756	DMD	Pathogenic	GRCh38	4879408
single nucleotide variant	NM_004006.3(DMD):c.8027G>T (p.Arg2676Met)	1756	DMD	Likely pathogenic	GRCh38	4884714
single nucleotide variant	NM_004006.3(DMD):c.667C>T (p.Pro223Ser)	1756	DMD	Likely pathogenic	GRCh38	4886884
single nucleotide variant	NM_004006.3(DMD):c.23A>G (p.Glu8Gly)	1756	DMD	Likely pathogenic	GRCh38	4890842
