Type	Name	GeneID	GeneSymbol	ClinicalSignificance	Assembly	VariationID
single nucleotide variant	NM_000138.5(FBN1):c.3410G>C (p.Arg1137Pro)	2200	FBN1	Likely pathogenic	GRCh38	16421
single nucleotide variant	NM_000138.5(FBN1):c.6920G>C (p.Cys2307Ser)	2200	FBN1	Pathogenic	GRCh38	16422
single nucleotide variant	NM_000138.5(FBN1):c.8268G>A (p.Trp2756Ter)	2200	FBN1	Pathogenic	GRCh38	16424
single nucleotide variant	NM_000138.5(FBN1):c.3746G>C (p.Cys1249Ser)	2200	FBN1	Likely pathogenic	GRCh38	16425
single nucleotide variant	NM_000138.5(FBN1):c.4987T>C (p.Cys1663Arg)	2200	FBN1	Pathogenic	GRCh38	16426
single nucleotide variant	NM_000138.5(FBN1):c.6662G>C (p.Cys2221Ser)	2200	FBN1	Pathogenic	GRCh38	16427
single nucleotide variant	NM_000138.5(FBN1):c.3350G>A (p.Cys1117Tyr)	2200	FBN1	Pathogenic	GRCh38	16428
single nucleotide variant	NM_000138.5(FBN1):c.3725G>A (p.Cys1242Tyr)	2200	FBN1	Pathogenic	GRCh38	16429
single nucleotide variant	NM_000138.5(FBN1):c.6339T>G (p.Tyr2113Ter)	2200	FBN1	Pathogenic	GRCh38	16430
single nucleotide variant	NM_000138.5(FBN1):c.6431A>G (p.Asn2144Ser)	2200	FBN1	Pathogenic/Likely pathogenic	GRCh38	16431
single nucleotide variant	NM_000138.5(FBN1):c.1643A>T (p.Asn548Ile)	2200	FBN1	Pathogenic/Likely pathogenic	GRCh38	16432
single nucleotide variant	NM_000138.5(FBN1):c.2168A>C (p.Asp723Ala)	2200	FBN1	Pathogenic/Likely pathogenic	GRCh38	16433
single nucleotide variant	NM_000138.5(FBN1):c.6739+1G>C	2200	FBN1	Likely pathogenic	GRCh38	16436
single nucleotide variant	NM_000138.5(FBN1):c.7339G>A (p.Glu2447Lys)	2200	FBN1	Pathogenic/Likely pathogenic	GRCh38	16437
single nucleotide variant	NM_000138.5(FBN1):c.3220T>C (p.Cys1074Arg)	2200	FBN1	Pathogenic	GRCh38	16438
single nucleotide variant	NM_000138.5(FBN1):c.8326C>T (p.Arg2776Ter)	2200	FBN1	Pathogenic	GRCh38	16439
single nucleotide variant	NM_000138.5(FBN1):c.364C>T (p.Arg122Cys)	2200	FBN1	Pathogenic	GRCh38	16440
single nucleotide variant	NM_000138.5(FBN1):c.3965-2A>T	2200	FBN1	Pathogenic	GRCh38	16441
single nucleotide variant	NM_000138.5(FBN1):c.4087+1G>A	2200	FBN1	Pathogenic	GRCh38	16442
single nucleotide variant	NM_000138.5(FBN1):c.3668G>A (p.Cys1223Tyr)	2200	FBN1	Pathogenic	GRCh38	16444
single nucleotide variant	NM_000138.5(FBN1):c.3391A>T (p.Asn1131Tyr)	2200	FBN1	Pathogenic	GRCh38	16447
single nucleotide variant	NM_000138.5(FBN1):c.6354C>T (p.Ile2118=)	2200	FBN1	Pathogenic	GRCh38	16449
single nucleotide variant	NM_000138.5(FBN1):c.3793T>C (p.Cys1265Arg)	2200	FBN1	Pathogenic	GRCh38	16450
single nucleotide variant	NM_000138.5(FBN1):c.1585C>T (p.Arg529Ter)	2200	FBN1	Pathogenic	GRCh38	16452
single nucleotide variant	NM_000138.5(FBN1):c.2954G>A (p.Gly985Glu)	2200	FBN1	Likely pathogenic	GRCh38	16453
single nucleotide variant	NM_000138.5(FBN1):c.3037G>C (p.Gly1013Arg)	2200	FBN1	Pathogenic	GRCh38	16455
single nucleotide variant	NM_000138.5(FBN1):c.5788+1G>A	2200	FBN1	Pathogenic	GRCh38	16456
single nucleotide variant	NM_000138.5(FBN1):c.3217G>A (p.Glu1073Lys)	2200	FBN1	Pathogenic	GRCh38	16457
single nucleotide variant	NM_000138.5(FBN1):c.2261A>G (p.Tyr754Cys)	2200	FBN1	Pathogenic	GRCh38	16460
single nucleotide variant	NM_000138.5(FBN1):c.718C>T (p.Arg240Cys)	2200	FBN1	Pathogenic/Likely pathogenic	GRCh38	16461
single nucleotide variant	NM_000138.5(FBN1):c.3095G>A (p.Cys1032Tyr)	2200	FBN1	Pathogenic	GRCh38	16462
single nucleotide variant	NM_000138.5(FBN1):c.3386G>A (p.Cys1129Tyr)	2200	FBN1	Pathogenic	GRCh38	16463
single nucleotide variant	NM_000138.5(FBN1):c.3662G>A (p.Cys1221Tyr)	2200	FBN1	Pathogenic	GRCh38	16464
single nucleotide variant	NM_000138.5(FBN1):c.3257G>A (p.Cys1086Tyr)	2200	FBN1	Pathogenic	GRCh38	16465
single nucleotide variant	NM_000138.5(FBN1):c.1453C>T (p.Arg485Cys)	2200	FBN1	Pathogenic	GRCh38	16466
single nucleotide variant	NM_000138.5(FBN1):c.4710G>T (p.Trp1570Cys)	2200	FBN1	Pathogenic	GRCh38	16469
single nucleotide variant	NM_000138.5(FBN1):c.4710G>C (p.Trp1570Cys)	2200	FBN1	Pathogenic	GRCh38	16470
single nucleotide variant	NM_000138.5(FBN1):c.4691G>C (p.Cys1564Ser)	2200	FBN1	Pathogenic	GRCh38	16471
single nucleotide variant	NM_000138.5(FBN1):c.4729T>G (p.Cys1577Gly)	2200	FBN1	Pathogenic	GRCh38	16472
single nucleotide variant	NM_000138.5(FBN1):c.5096A>G (p.Tyr1699Cys)	2200	FBN1	Pathogenic	GRCh38	29696
single nucleotide variant	NM_000138.5(FBN1):c.5284G>A (p.Gly1762Ser)	2200	FBN1	Pathogenic	GRCh38	29697
single nucleotide variant	NM_000138.5(FBN1):c.5182G>A (p.Ala1728Thr)	2200	FBN1	Pathogenic	GRCh38	29698
single nucleotide variant	NM_000138.5(FBN1):c.5087A>G (p.Tyr1696Cys)	2200	FBN1	Pathogenic/Likely pathogenic	GRCh38	29699
single nucleotide variant	NM_000138.5(FBN1):c.5250T>G (p.Ser1750Arg)	2200	FBN1	Pathogenic	GRCh38	29700
single nucleotide variant	NM_000138.5(FBN1):c.5099A>G (p.Tyr1700Cys)	2200	FBN1	Pathogenic/Likely pathogenic	GRCh38	29701
single nucleotide variant	NM_000138.5(FBN1):c.1710T>A (p.Cys570Ter)	2200	FBN1	Pathogenic/Likely pathogenic	GRCh38	36039
single nucleotide variant	NM_000138.5(FBN1):c.1948C>T (p.Arg650Cys)	2200	FBN1	Pathogenic/Likely pathogenic	GRCh38	36042
single nucleotide variant	NM_000138.5(FBN1):c.2055C>G (p.Cys685Trp)	2200	FBN1	Pathogenic/Likely pathogenic	GRCh38	36043
single nucleotide variant	NM_000138.5(FBN1):c.2369G>C (p.Cys790Ser)	2200	FBN1	Pathogenic/Likely pathogenic	GRCh38	36047
single nucleotide variant	NM_000138.5(FBN1):c.2433C>A (p.Cys811Ter)	2200	FBN1	Pathogenic	GRCh38	36049
single nucleotide variant	NM_000138.5(FBN1):c.266G>C (p.Cys89Ser)	2200	FBN1	Likely pathogenic	GRCh38	36055
single nucleotide variant	NM_000138.5(FBN1):c.2677G>C (p.Asp893His)	2200	FBN1	Likely pathogenic	GRCh38	36056
single nucleotide variant	NM_000138.5(FBN1):c.2855-1G>C	2200	FBN1	Pathogenic/Likely pathogenic	GRCh38	36058
single nucleotide variant	NM_000138.5(FBN1):c.3478G>T (p.Glu1160Ter)	2200	FBN1	Likely pathogenic	GRCh38	36066
single nucleotide variant	NM_000138.5(FBN1):c.4165T>G (p.Cys1389Gly)	2200	FBN1	Likely pathogenic	GRCh38	36073
single nucleotide variant	NM_000138.5(FBN1):c.4460-8G>A	2200	FBN1	Pathogenic/Likely pathogenic	GRCh38	36075
single nucleotide variant	NM_000138.5(FBN1):c.4467T>A (p.Asn1489Lys)	2200	FBN1	Pathogenic/Likely pathogenic	GRCh38	36076
single nucleotide variant	NM_000138.5(FBN1):c.4588C>T (p.Arg1530Cys)	2200	FBN1	Pathogenic/Likely pathogenic	GRCh38	36078
single nucleotide variant	NM_000138.5(FBN1):c.4684T>A (p.Cys1562Ser)	2200	FBN1	Likely pathogenic	GRCh38	36079
single nucleotide variant	NM_000138.5(FBN1):c.4786C>T (p.Arg1596Ter)	2200	FBN1	Pathogenic	GRCh38	36082
single nucleotide variant	NM_000138.5(FBN1):c.510C>G (p.Tyr170Ter)	2200	FBN1	Pathogenic/Likely pathogenic	GRCh38	36085
single nucleotide variant	NM_000138.5(FBN1):c.556T>C (p.Cys186Arg)	2200	FBN1	Likely pathogenic	GRCh38	36091
single nucleotide variant	NM_000138.5(FBN1):c.5671G>C (p.Asp1891His)	2200	FBN1	Likely pathogenic	GRCh38	36092
single nucleotide variant	NM_000138.5(FBN1):c.5788+5G>T	2200	FBN1	Pathogenic/Likely pathogenic	GRCh38	36095
single nucleotide variant	NM_000138.5(FBN1):c.6385G>T (p.Asp2129Tyr)	2200	FBN1	Likely pathogenic	GRCh38	36100
single nucleotide variant	NM_000138.5(FBN1):c.649T>G (p.Trp217Gly)	2200	FBN1	Likely pathogenic	GRCh38	36101
single nucleotide variant	NM_000138.5(FBN1):c.6806T>C (p.Ile2269Thr)	2200	FBN1	Pathogenic/Likely pathogenic	GRCh38	36107
single nucleotide variant	NM_000138.5(FBN1):c.7229A>C (p.His2410Pro)	2200	FBN1	Likely pathogenic	GRCh38	36112
single nucleotide variant	NM_000138.5(FBN1):c.7726C>T (p.Arg2576Cys)	2200	FBN1	Pathogenic	GRCh38	36118
single nucleotide variant	NM_000138.5(FBN1):c.7806G>A (p.Trp2602Ter)	2200	FBN1	Pathogenic/Likely pathogenic	GRCh38	36119
single nucleotide variant	NM_000138.5(FBN1):c.7879G>A (p.Gly2627Arg)	2200	FBN1	Pathogenic/Likely pathogenic	GRCh38	36122
single nucleotide variant	NM_000138.5(FBN1):c.7898G>C (p.Cys2633Ser)	2200	FBN1	Likely pathogenic	GRCh38	36123
single nucleotide variant	NM_000138.5(FBN1):c.2920C>T (p.Arg974Cys)	2200	FBN1	Pathogenic/Likely pathogenic	GRCh38	39667
single nucleotide variant	NM_000138.5(FBN1):c.8226+1G>T	2200	FBN1	Pathogenic	GRCh38	40245
single nucleotide variant	NM_000138.5(FBN1):c.1051C>T (p.Gln351Ter)	2200	FBN1	Pathogenic	GRCh38	42280
single nucleotide variant	NM_000138.5(FBN1):c.1192A>T (p.Arg398Ter)	2200	FBN1	Pathogenic	GRCh38	42281
single nucleotide variant	NM_000138.5(FBN1):c.1095C>A (p.Cys365Ter)	2200	FBN1	Pathogenic	GRCh38	42282
single nucleotide variant	NM_000138.5(FBN1):c.1148-2A>G	2200	FBN1	Pathogenic/Likely pathogenic	GRCh38	42283
single nucleotide variant	NM_000138.5(FBN1):c.1468+5G>A	2200	FBN1	Pathogenic/Likely pathogenic	GRCh38	42284
single nucleotide variant	NM_000138.5(FBN1):c.1546C>T (p.Arg516Ter)	2200	FBN1	Pathogenic	GRCh38	42285
single nucleotide variant	NM_000138.5(FBN1):c.1601G>A (p.Cys534Tyr)	2200	FBN1	Pathogenic/Likely pathogenic	GRCh38	42288
single nucleotide variant	NM_000138.5(FBN1):c.1837+1G>T	2200	FBN1	Pathogenic/Likely pathogenic	GRCh38	42292
single nucleotide variant	NM_000138.5(FBN1):c.184C>T (p.Arg62Cys)	2200	FBN1	Pathogenic	GRCh38	42295
single nucleotide variant	NM_000138.5(FBN1):c.2242T>C (p.Cys748Arg)	2200	FBN1	Pathogenic/Likely pathogenic	GRCh38	42300
single nucleotide variant	NM_000138.5(FBN1):c.2341T>C (p.Cys781Arg)	2200	FBN1	Pathogenic	GRCh38	42301
single nucleotide variant	NM_000138.5(FBN1):c.239G>A (p.Cys80Tyr)	2200	FBN1	Pathogenic/Likely pathogenic	GRCh38	42302
single nucleotide variant	NM_000138.5(FBN1):c.2407A>T (p.Lys803Ter)	2200	FBN1	Pathogenic	GRCh38	42303
single nucleotide variant	NM_000138.5(FBN1):c.2447G>C (p.Cys816Ser)	2200	FBN1	Likely pathogenic	GRCh38	42305
single nucleotide variant	NM_000138.5(FBN1):c.2448C>G (p.Cys816Trp)	2200	FBN1	Likely pathogenic	GRCh38	42306
single nucleotide variant	NM_000138.5(FBN1):c.247+1G>A	2200	FBN1	Pathogenic	GRCh38	42307
single nucleotide variant	NM_000138.5(FBN1):c.2488T>G (p.Cys830Gly)	2200	FBN1	Likely pathogenic	GRCh38	42309
single nucleotide variant	NM_000138.5(FBN1):c.2489G>C (p.Cys830Ser)	2200	FBN1	Pathogenic/Likely pathogenic	GRCh38	42310
single nucleotide variant	NM_000138.5(FBN1):c.2495G>A (p.Cys832Tyr)	2200	FBN1	Pathogenic/Likely pathogenic	GRCh38	42311
single nucleotide variant	NM_000138.5(FBN1):c.2496T>G (p.Cys832Trp)	2200	FBN1	Pathogenic/Likely pathogenic	GRCh38	42312
single nucleotide variant	NM_000138.5(FBN1):c.2855-1G>A	2200	FBN1	Pathogenic	GRCh38	42318
single nucleotide variant	NM_000138.5(FBN1):c.299G>T (p.Cys100Phe)	2200	FBN1	Likely pathogenic	GRCh38	42322
single nucleotide variant	NM_000138.5(FBN1):c.3012C>G (p.Tyr1004Ter)	2200	FBN1	Pathogenic/Likely pathogenic	GRCh38	42324
single nucleotide variant	NM_000138.5(FBN1):c.3164G>A (p.Cys1055Tyr)	2200	FBN1	Pathogenic/Likely pathogenic	GRCh38	42327
single nucleotide variant	NM_000138.5(FBN1):c.3337+1G>A	2200	FBN1	Pathogenic/Likely pathogenic	GRCh38	42331
single nucleotide variant	NM_000138.5(FBN1):c.3392A>G (p.Asn1131Ser)	2200	FBN1	Likely pathogenic	GRCh38	42332
single nucleotide variant	NM_000138.5(FBN1):c.3413G>T (p.Cys1138Phe)	2200	FBN1	Pathogenic/Likely pathogenic	GRCh38	42333
single nucleotide variant	NM_000138.5(FBN1):c.3463+1G>T	2200	FBN1	Pathogenic	GRCh38	42336
single nucleotide variant	NM_000138.5(FBN1):c.3589G>A (p.Asp1197Asn)	2200	FBN1	Likely pathogenic	GRCh38	42339
single nucleotide variant	NM_000138.5(FBN1):c.368G>A (p.Cys123Tyr)	2200	FBN1	Pathogenic	GRCh38	42340
single nucleotide variant	NM_000138.5(FBN1):c.3886T>C (p.Cys1296Arg)	2200	FBN1	Likely pathogenic	GRCh38	42344
single nucleotide variant	NM_000138.5(FBN1):c.4016G>C (p.Cys1339Ser)	2200	FBN1	Pathogenic/Likely pathogenic	GRCh38	42346
single nucleotide variant	NM_000138.5(FBN1):c.4048T>A (p.Cys1350Ser)	2200	FBN1	Likely pathogenic	GRCh38	42347
single nucleotide variant	NM_000138.5(FBN1):c.4160A>G (p.Tyr1387Cys)	2200	FBN1	Likely pathogenic	GRCh38	42350
single nucleotide variant	NM_000138.5(FBN1):c.4222T>C (p.Cys1408Arg)	2200	FBN1	Pathogenic	GRCh38	42351
single nucleotide variant	NM_000138.5(FBN1):c.4259G>A (p.Cys1420Tyr)	2200	FBN1	Pathogenic/Likely pathogenic	GRCh38	42354
single nucleotide variant	NM_000138.5(FBN1):c.4367G>A (p.Cys1456Tyr)	2200	FBN1	Likely pathogenic	GRCh38	42357
single nucleotide variant	NM_000138.5(FBN1):c.4367G>C (p.Cys1456Ser)	2200	FBN1	Pathogenic/Likely pathogenic	GRCh38	42360
single nucleotide variant	NM_000138.5(FBN1):c.4406G>C (p.Arg1469Pro)	2200	FBN1	Likely pathogenic	GRCh38	42361
single nucleotide variant	NM_000138.5(FBN1):c.4505G>A (p.Cys1502Tyr)	2200	FBN1	Pathogenic/Likely pathogenic	GRCh38	42363
single nucleotide variant	NM_000138.5(FBN1):c.4531T>C (p.Cys1511Arg)	2200	FBN1	Pathogenic/Likely pathogenic	GRCh38	42364
single nucleotide variant	NM_000138.5(FBN1):c.4567C>T (p.Arg1523Ter)	2200	FBN1	Pathogenic/Likely pathogenic	GRCh38	42365
single nucleotide variant	NM_000138.5(FBN1):c.4615C>T (p.Arg1539Ter)	2200	FBN1	Pathogenic	GRCh38	42366
single nucleotide variant	NM_000138.5(FBN1):c.4937G>A (p.Cys1646Tyr)	2200	FBN1	Pathogenic/Likely pathogenic	GRCh38	42372
single nucleotide variant	NM_000138.5(FBN1):c.493C>T (p.Arg165Ter)	2200	FBN1	Pathogenic/Likely pathogenic	GRCh38	42373
single nucleotide variant	NM_000138.5(FBN1):c.4942G>A (p.Asp1648Asn)	2200	FBN1	Pathogenic/Likely pathogenic	GRCh38	42375
single nucleotide variant	NM_000138.5(FBN1):c.4955G>A (p.Cys1652Tyr)	2200	FBN1	Pathogenic/Likely pathogenic	GRCh38	42376
single nucleotide variant	NM_000138.5(FBN1):c.497G>C (p.Cys166Ser)	2200	FBN1	Likely pathogenic	GRCh38	42377
single nucleotide variant	NM_000138.5(FBN1):c.5066-1G>C	2200	FBN1	Pathogenic	GRCh38	42378
single nucleotide variant	NM_000138.5(FBN1):c.5251C>T (p.Gln1751Ter)	2200	FBN1	Likely pathogenic	GRCh38	42379
single nucleotide variant	NM_000138.5(FBN1):c.529T>C (p.Cys177Arg)	2200	FBN1	Likely pathogenic	GRCh38	42380
single nucleotide variant	NM_000138.5(FBN1):c.5368C>T (p.Arg1790Ter)	2200	FBN1	Pathogenic	GRCh38	42382
single nucleotide variant	NM_000138.5(FBN1):c.5437C>T (p.Gln1813Ter)	2200	FBN1	Pathogenic/Likely pathogenic	GRCh38	42383
single nucleotide variant	NM_000138.5(FBN1):c.5504G>A (p.Cys1835Tyr)	2200	FBN1	Pathogenic/Likely pathogenic	GRCh38	42385
single nucleotide variant	NM_000138.5(FBN1):c.5512G>T (p.Gly1838Cys)	2200	FBN1	Likely pathogenic	GRCh38	42386
single nucleotide variant	NM_000138.5(FBN1):c.5719A>G (p.Asn1907Asp)	2200	FBN1	Likely pathogenic	GRCh38	42387
single nucleotide variant	NM_000138.5(FBN1):c.5588G>A (p.Gly1863Glu)	2200	FBN1	Pathogenic/Likely pathogenic	GRCh38	42388
single nucleotide variant	NM_000138.5(FBN1):c.5721C>G (p.Asn1907Lys)	2200	FBN1	Likely pathogenic	GRCh38	42390
single nucleotide variant	NM_000138.5(FBN1):c.5747G>A (p.Cys1916Tyr)	2200	FBN1	Likely pathogenic	GRCh38	42391
single nucleotide variant	NM_000138.5(FBN1):c.5863C>T (p.Gln1955Ter)	2200	FBN1	Pathogenic	GRCh38	42393
single nucleotide variant	NM_000138.5(FBN1):c.5788+5G>A	2200	FBN1	Pathogenic/Likely pathogenic	GRCh38	42394
single nucleotide variant	NM_000138.5(FBN1):c.5840G>A (p.Cys1947Tyr)	2200	FBN1	Pathogenic/Likely pathogenic	GRCh38	42395
single nucleotide variant	NM_000138.5(FBN1):c.5869C>T (p.Gln1957Ter)	2200	FBN1	Pathogenic/Likely pathogenic	GRCh38	42396
single nucleotide variant	NM_000138.5(FBN1):c.6119G>A (p.Cys2040Tyr)	2200	FBN1	Pathogenic/Likely pathogenic	GRCh38	42397
single nucleotide variant	NM_000138.5(FBN1):c.6289G>T (p.Glu2097Ter)	2200	FBN1	Likely pathogenic	GRCh38	42398
single nucleotide variant	NM_000138.5(FBN1):c.6379+1G>A	2200	FBN1	Pathogenic/Likely pathogenic	GRCh38	42400
single nucleotide variant	NM_000138.5(FBN1):c.643C>T (p.Arg215Ter)	2200	FBN1	Pathogenic	GRCh38	42401
single nucleotide variant	NM_000138.5(FBN1):c.6446A>G (p.Tyr2149Cys)	2200	FBN1	Pathogenic	GRCh38	42402
single nucleotide variant	NM_000138.5(FBN1):c.6630T>G (p.Cys2210Trp)	2200	FBN1	Likely pathogenic	GRCh38	42405
single nucleotide variant	NM_000138.5(FBN1):c.6658C>T (p.Arg2220Ter)	2200	FBN1	Pathogenic/Likely pathogenic	GRCh38	42407
single nucleotide variant	NM_000138.5(FBN1):c.6841C>T (p.Gln2281Ter)	2200	FBN1	Likely pathogenic	GRCh38	42411
single nucleotide variant	NM_000138.5(FBN1):c.6920G>A (p.Cys2307Tyr)	2200	FBN1	Likely pathogenic	GRCh38	42414
single nucleotide variant	NM_000138.5(FBN1):c.7094G>A (p.Cys2365Tyr)	2200	FBN1	Likely pathogenic	GRCh38	42419
single nucleotide variant	NM_000138.5(FBN1):c.7168T>C (p.Cys2390Arg)	2200	FBN1	Pathogenic/Likely pathogenic	GRCh38	42421
single nucleotide variant	NM_000138.5(FBN1):c.7180C>T (p.Arg2394Ter)	2200	FBN1	Pathogenic	GRCh38	42422
single nucleotide variant	NM_000138.5(FBN1):c.7453+1G>T	2200	FBN1	Likely pathogenic	GRCh38	42426
single nucleotide variant	NM_000138.5(FBN1):c.7580A>C (p.Glu2527Ala)	2200	FBN1	Likely pathogenic	GRCh38	42428
single nucleotide variant	NM_000138.5(FBN1):c.7606G>A (p.Gly2536Arg)	2200	FBN1	Pathogenic/Likely pathogenic	GRCh38	42429
single nucleotide variant	NM_000138.5(FBN1):c.7892G>A (p.Cys2631Tyr)	2200	FBN1	Pathogenic	GRCh38	42436
single nucleotide variant	NM_000138.5(FBN1):c.7955G>A (p.Cys2652Tyr)	2200	FBN1	Pathogenic/Likely pathogenic	GRCh38	42438
single nucleotide variant	NM_000138.5(FBN1):c.8267G>A (p.Trp2756Ter)	2200	FBN1	Pathogenic	GRCh38	42441
single nucleotide variant	NM_000138.5(FBN1):c.8378A>G (p.Tyr2793Cys)	2200	FBN1	Likely pathogenic	GRCh38	42443
single nucleotide variant	NM_000138.5(FBN1):c.8483C>G (p.Ser2828Ter)	2200	FBN1	Likely pathogenic	GRCh38	42445
single nucleotide variant	NM_000138.5(FBN1):c.8600A>C (p.Gln2867Pro)	2200	FBN1	Likely pathogenic	GRCh38	42446
single nucleotide variant	NM_000138.5(FBN1):c.385T>G (p.Cys129Gly)	2200	FBN1	Pathogenic	GRCh38	126960
single nucleotide variant	NM_000138.5(FBN1):c.1496G>A (p.Cys499Tyr)	2200	FBN1	Pathogenic	GRCh38	155791
single nucleotide variant	NM_000138.5(FBN1):c.5783G>T (p.Cys1928Phe)	2200	FBN1	Pathogenic	GRCh38	155794
single nucleotide variant	NM_000138.5(FBN1):c.8521G>T (p.Glu2841Ter)	2200	FBN1	Pathogenic/Likely pathogenic	GRCh38	155795
single nucleotide variant	NM_000138.5(FBN1):c.7754T>C (p.Ile2585Thr)	2200	FBN1	Pathogenic/Likely pathogenic	GRCh38	163462
single nucleotide variant	NM_000138.5(FBN1):c.6354C>G (p.Ile2118Met)	2200	FBN1	Pathogenic/Likely pathogenic	GRCh38	180039
single nucleotide variant	NM_000138.5(FBN1):c.3546C>A (p.Cys1182Ter)	2200	FBN1	Pathogenic	GRCh38	177940
single nucleotide variant	NM_000138.5(FBN1):c.3037G>A (p.Gly1013Arg)	2200	FBN1	Pathogenic/Likely pathogenic	GRCh38	177648
single nucleotide variant	NM_000138.5(FBN1):c.1879C>T (p.Arg627Cys)	2200	FBN1	Pathogenic	GRCh38	163480
single nucleotide variant	NM_000138.5(FBN1):c.8080C>T (p.Arg2694Ter)	2200	FBN1	Pathogenic	GRCh38	163461
single nucleotide variant	NM_000138.5(FBN1):c.7540G>A (p.Gly2514Arg)	2200	FBN1	Pathogenic	GRCh38	178034
single nucleotide variant	NM_000138.5(FBN1):c.6886C>T (p.Gln2296Ter)	2200	FBN1	Pathogenic	GRCh38	177938
single nucleotide variant	NM_000138.5(FBN1):c.6509G>A (p.Cys2170Tyr)	2200	FBN1	Pathogenic/Likely pathogenic	GRCh38	163467
single nucleotide variant	NM_000138.5(FBN1):c.3589G>C (p.Asp1197His)	2200	FBN1	Likely pathogenic	GRCh38	179244
single nucleotide variant	NM_000138.5(FBN1):c.3373C>T (p.Arg1125Ter)	2200	FBN1	Pathogenic/Likely pathogenic	GRCh38	179632
single nucleotide variant	NM_000138.5(FBN1):c.2942G>C (p.Cys981Ser)	2200	FBN1	Likely pathogenic	GRCh38	179765
single nucleotide variant	NM_000138.5(FBN1):c.164+2T>C	2200	FBN1	Pathogenic/Likely pathogenic	GRCh38	163485
single nucleotide variant	NM_000138.5(FBN1):c.6739+2T>A	2200	FBN1	Pathogenic	GRCh38	180360
single nucleotide variant	NM_000138.5(FBN1):c.5861T>G (p.Phe1954Cys)	2200	FBN1	Likely pathogenic	GRCh38	180357
single nucleotide variant	NM_000138.5(FBN1):c.4526A>G (p.Tyr1509Cys)	2200	FBN1	Likely pathogenic	GRCh38	180355
single nucleotide variant	NM_000138.5(FBN1):c.4453T>C (p.Cys1485Arg)	2200	FBN1	Pathogenic/Likely pathogenic	GRCh38	180354
single nucleotide variant	NM_000138.5(FBN1):c.4210+1G>A	2200	FBN1	Pathogenic/Likely pathogenic	GRCh38	180359
single nucleotide variant	NM_000138.5(FBN1):c.3131G>A (p.Cys1044Tyr)	2200	FBN1	Pathogenic	GRCh38	180353
single nucleotide variant	NM_000138.5(FBN1):c.2113+2T>C	2200	FBN1	Pathogenic	GRCh38	180358
single nucleotide variant	NM_000138.5(FBN1):c.1633C>T (p.Arg545Cys)	2200	FBN1	Pathogenic/Likely pathogenic	GRCh38	180352
single nucleotide variant	NM_000138.5(FBN1):c.1285C>T (p.Arg429Ter)	2200	FBN1	Pathogenic/Likely pathogenic	GRCh38	180351
single nucleotide variant	NM_000138.5(FBN1):c.1A>G (p.Met1Val)	2200	FBN1	Pathogenic	GRCh38	180349
single nucleotide variant	NM_000138.5(FBN1):c.8599C>T (p.Gln2867Ter)	2200	FBN1	Pathogenic/Likely pathogenic	GRCh38	3893252
single nucleotide variant	NM_000138.5(FBN1):c.8226+5G>A	2200	FBN1	Pathogenic/Likely pathogenic	GRCh38	200129
single nucleotide variant	NM_000138.5(FBN1):c.8038C>T (p.Arg2680Cys)	2200	FBN1	Pathogenic/Likely pathogenic	GRCh38	200127
single nucleotide variant	NM_000138.5(FBN1):c.8010C>G (p.Tyr2670Ter)	2200	FBN1	Pathogenic	GRCh38	200126
single nucleotide variant	NM_000138.5(FBN1):c.8009A>G (p.Tyr2670Cys)	2200	FBN1	Likely pathogenic	GRCh38	200201
single nucleotide variant	NM_000138.5(FBN1):c.8005G>T (p.Gly2669Cys)	2200	FBN1	Pathogenic/Likely pathogenic	GRCh38	200125
single nucleotide variant	NM_000138.5(FBN1):c.7916A>G (p.Tyr2639Cys)	2200	FBN1	Pathogenic/Likely pathogenic	GRCh38	200123
single nucleotide variant	NM_000138.5(FBN1):c.7832G>A (p.Cys2611Tyr)	2200	FBN1	Pathogenic/Likely pathogenic	GRCh38	200199
single nucleotide variant	NM_000138.5(FBN1):c.7775G>A (p.Cys2592Tyr)	2200	FBN1	Pathogenic	GRCh38	200120
single nucleotide variant	NM_000138.5(FBN1):c.7624C>T (p.Gln2542Ter)	2200	FBN1	Pathogenic	GRCh38	200119
single nucleotide variant	NM_000138.5(FBN1):c.7604G>A (p.Cys2535Tyr)	2200	FBN1	Pathogenic/Likely pathogenic	GRCh38	200118
single nucleotide variant	NM_000138.5(FBN1):c.7600C>A (p.Leu2534Met)	2200	FBN1	Likely pathogenic	GRCh38	200117
single nucleotide variant	NM_000138.5(FBN1):c.7577A>G (p.Asn2526Ser)	2200	FBN1	Likely pathogenic	GRCh38	200198
single nucleotide variant	NM_000138.5(FBN1):c.7531T>C (p.Cys2511Arg)	2200	FBN1	Pathogenic	GRCh38	200115
single nucleotide variant	NM_000138.5(FBN1):c.7499G>A (p.Cys2500Tyr)	2200	FBN1	Pathogenic/Likely pathogenic	GRCh38	199953
single nucleotide variant	NM_000138.5(FBN1):c.7267G>T (p.Gly2423Ter)	2200	FBN1	Pathogenic/Likely pathogenic	GRCh38	200111
single nucleotide variant	NM_000138.5(FBN1):c.7253G>A (p.Cys2418Tyr)	2200	FBN1	Pathogenic/Likely pathogenic	GRCh38	200110
single nucleotide variant	NM_000138.5(FBN1):c.7246G>A (p.Gly2416Arg)	2200	FBN1	Pathogenic/Likely pathogenic	GRCh38	200109
single nucleotide variant	NM_000138.5(FBN1):c.7205-1G>A	2200	FBN1	Pathogenic	GRCh38	200106
single nucleotide variant	NM_000138.5(FBN1):c.7132T>C (p.Cys2378Arg)	2200	FBN1	Likely pathogenic	GRCh38	200107
single nucleotide variant	NM_000138.5(FBN1):c.7125T>A (p.Cys2375Ter)	2200	FBN1	Pathogenic	GRCh38	200105
single nucleotide variant	NM_000138.5(FBN1):c.7003C>T (p.Arg2335Trp)	2200	FBN1	Likely pathogenic	GRCh38	200100
single nucleotide variant	NM_000138.5(FBN1):c.6871+1G>T	2200	FBN1	Pathogenic	GRCh38	200095
single nucleotide variant	NM_000138.5(FBN1):c.6752G>A (p.Cys2251Tyr)	2200	FBN1	Pathogenic/Likely pathogenic	GRCh38	200093
single nucleotide variant	NM_000138.5(FBN1):c.6656T>G (p.Phe2219Cys)	2200	FBN1	Likely pathogenic	GRCh38	200196
single nucleotide variant	NM_000138.5(FBN1):c.6650G>A (p.Cys2217Tyr)	2200	FBN1	Pathogenic/Likely pathogenic	GRCh38	200090
single nucleotide variant	NM_000138.5(FBN1):c.6630T>A (p.Cys2210Ter)	2200	FBN1	Pathogenic	GRCh38	200077
single nucleotide variant	NM_000138.5(FBN1):c.6628T>C (p.Cys2210Arg)	2200	FBN1	Pathogenic/Likely pathogenic	GRCh38	200089
single nucleotide variant	NM_000138.5(FBN1):c.6496G>T (p.Asp2166Tyr)	2200	FBN1	Likely pathogenic	GRCh38	200194
single nucleotide variant	NM_000138.5(FBN1):c.6453C>T (p.Cys2151=)	2200	FBN1	Pathogenic	GRCh38	200193
single nucleotide variant	NM_000138.5(FBN1):c.6453C>G (p.Cys2151Trp)	2200	FBN1	Pathogenic	GRCh38	200086
single nucleotide variant	NM_000138.5(FBN1):c.6448C>T (p.Arg2150Cys)	2200	FBN1	Pathogenic	GRCh38	200084
single nucleotide variant	NM_000138.5(FBN1):c.6425G>A (p.Cys2142Tyr)	2200	FBN1	Pathogenic/Likely pathogenic	GRCh38	200192
single nucleotide variant	NM_000138.5(FBN1):c.6418G>A (p.Gly2140Arg)	2200	FBN1	Pathogenic/Likely pathogenic	GRCh38	200083
single nucleotide variant	NM_000138.5(FBN1):c.6388G>A (p.Glu2130Lys)	2200	FBN1	Pathogenic/Likely pathogenic	GRCh38	200191
single nucleotide variant	NM_000138.5(FBN1):c.6313G>C (p.Glu2105Gln)	2200	FBN1	Likely pathogenic	GRCh38	200080
single nucleotide variant	NM_000138.5(FBN1):c.6274T>C (p.Trp2092Arg)	2200	FBN1	Pathogenic/Likely pathogenic	GRCh38	200079
single nucleotide variant	NM_000138.5(FBN1):c.6251G>T (p.Cys2084Phe)	2200	FBN1	Likely pathogenic	GRCh38	200078
single nucleotide variant	NM_000138.5(FBN1):c.6169C>T (p.Arg2057Ter)	2200	FBN1	Pathogenic	GRCh38	200076
single nucleotide variant	NM_000138.5(FBN1):c.6164-2A>T	2200	FBN1	Pathogenic	GRCh38	200075
single nucleotide variant	NM_000138.5(FBN1):c.5825G>T (p.Cys1942Phe)	2200	FBN1	Likely pathogenic	GRCh38	200070
single nucleotide variant	NM_000138.5(FBN1):c.5801G>A (p.Cys1934Tyr)	2200	FBN1	Pathogenic	GRCh38	200069
single nucleotide variant	NM_000138.5(FBN1):c.5726T>C (p.Ile1909Thr)	2200	FBN1	Pathogenic/Likely pathogenic	GRCh38	200189
single nucleotide variant	NM_000138.5(FBN1):c.5700T>A (p.Cys1900Ter)	2200	FBN1	Pathogenic	GRCh38	200062
single nucleotide variant	NM_000138.5(FBN1):c.5699G>A (p.Cys1900Tyr)	2200	FBN1	Pathogenic	GRCh38	200066
single nucleotide variant	NM_000138.5(FBN1):c.5431G>A (p.Glu1811Lys)	2200	FBN1	Pathogenic/Likely pathogenic	GRCh38	200063
single nucleotide variant	NM_000138.5(FBN1):c.5208T>A (p.Cys1736Ter)	2200	FBN1	Pathogenic	GRCh38	200060
single nucleotide variant	NM_000138.5(FBN1):c.5197T>G (p.Cys1733Gly)	2200	FBN1	Pathogenic	GRCh38	200061
single nucleotide variant	NM_000138.5(FBN1):c.5097C>G (p.Tyr1699Ter)	2200	FBN1	Pathogenic	GRCh38	200059
single nucleotide variant	NM_000138.5(FBN1):c.5021G>T (p.Cys1674Phe)	2200	FBN1	Pathogenic	GRCh38	200058
single nucleotide variant	NM_000138.5(FBN1):c.5015G>A (p.Cys1672Tyr)	2200	FBN1	Pathogenic/Likely pathogenic	GRCh38	200187
single nucleotide variant	NM_000138.5(FBN1):c.4930C>T (p.Arg1644Ter)	2200	FBN1	Pathogenic/Likely pathogenic	GRCh38	200186
single nucleotide variant	NM_000138.5(FBN1):c.4888C>T (p.Gln1630Ter)	2200	FBN1	Pathogenic	GRCh38	200056
single nucleotide variant	NM_000138.5(FBN1):c.4621C>T (p.Arg1541Ter)	2200	FBN1	Pathogenic	GRCh38	200052
single nucleotide variant	NM_000138.5(FBN1):c.4520G>A (p.Gly1507Asp)	2200	FBN1	Pathogenic/Likely pathogenic	GRCh38	200049
single nucleotide variant	NM_000138.5(FBN1):c.4337-2A>G	2200	FBN1	Pathogenic/Likely pathogenic	GRCh38	200034
single nucleotide variant	NM_000138.5(FBN1):c.4336G>A (p.Asp1446Asn)	2200	FBN1	Pathogenic/Likely pathogenic	GRCh38	200042
single nucleotide variant	NM_000138.5(FBN1):c.4096G>A (p.Glu1366Lys)	2200	FBN1	Pathogenic/Likely pathogenic	GRCh38	200036
single nucleotide variant	NM_000138.5(FBN1):c.4062G>A (p.Trp1354Ter)	2200	FBN1	Pathogenic	GRCh38	200033
single nucleotide variant	NM_000138.5(FBN1):c.4050C>A (p.Cys1350Ter)	2200	FBN1	Pathogenic	GRCh38	200032
single nucleotide variant	NM_000138.5(FBN1):c.3975A>C (p.Glu1325Asp)	2200	FBN1	Likely pathogenic	GRCh38	200031
single nucleotide variant	NM_000138.5(FBN1):c.3964+1G>A	2200	FBN1	Pathogenic	GRCh38	200028
single nucleotide variant	NM_000138.5(FBN1):c.3839-1G>T	2200	FBN1	Pathogenic	GRCh38	200026
single nucleotide variant	NM_000138.5(FBN1):c.3838G>A (p.Asp1280Asn)	2200	FBN1	Likely pathogenic	GRCh38	200025
single nucleotide variant	NM_000138.5(FBN1):c.3712+1G>A	2200	FBN1	Pathogenic	GRCh38	200023
single nucleotide variant	NM_000138.5(FBN1):c.3712G>A (p.Asp1238Asn)	2200	FBN1	Pathogenic	GRCh38	200022
single nucleotide variant	NM_000138.5(FBN1):c.3668G>T (p.Cys1223Phe)	2200	FBN1	Likely pathogenic	GRCh38	200184
single nucleotide variant	NM_000138.5(FBN1):c.3596A>G (p.Asp1199Gly)	2200	FBN1	Pathogenic/Likely pathogenic	GRCh38	200020
single nucleotide variant	NM_000138.5(FBN1):c.3513C>A (p.Cys1171Ter)	2200	FBN1	Pathogenic	GRCh38	200019
single nucleotide variant	NM_000138.5(FBN1):c.3475T>A (p.Cys1159Ser)	2200	FBN1	Likely pathogenic	GRCh38	200018
single nucleotide variant	NM_000138.5(FBN1):c.3463G>A (p.Asp1155Asn)	2200	FBN1	Pathogenic/Likely pathogenic	GRCh38	200017
single nucleotide variant	NM_000138.5(FBN1):c.3344A>G (p.Asp1115Gly)	2200	FBN1	Pathogenic/Likely pathogenic	GRCh38	200015
single nucleotide variant	NM_000138.5(FBN1):c.3173G>T (p.Gly1058Val)	2200	FBN1	Pathogenic	GRCh38	200013
single nucleotide variant	NM_000138.5(FBN1):c.3145G>T (p.Gly1049Cys)	2200	FBN1	Likely pathogenic	GRCh38	200012
single nucleotide variant	NM_000138.5(FBN1):c.2953G>A (p.Gly985Arg)	2200	FBN1	Pathogenic/Likely pathogenic	GRCh38	200008
single nucleotide variant	NM_000138.5(FBN1):c.2806C>T (p.Gln936Ter)	2200	FBN1	Pathogenic/Likely pathogenic	GRCh38	200003
single nucleotide variant	NM_000138.5(FBN1):c.2728+1G>C	2200	FBN1	Pathogenic	GRCh38	200174
single nucleotide variant	NM_000138.5(FBN1):c.2671C>T (p.Gln891Ter)	2200	FBN1	Pathogenic	GRCh38	200002
single nucleotide variant	NM_000138.5(FBN1):c.2645C>T (p.Ala882Val)	2200	FBN1	Pathogenic/Likely pathogenic	GRCh38	200001
single nucleotide variant	NM_000138.5(FBN1):c.2638G>A (p.Gly880Ser)	2200	FBN1	Pathogenic/Likely pathogenic	GRCh38	200000
single nucleotide variant	NM_000138.5(FBN1):c.2627G>A (p.Cys876Tyr)	2200	FBN1	Pathogenic/Likely pathogenic	GRCh38	199999
single nucleotide variant	NM_000138.5(FBN1):c.2539+1G>A	2200	FBN1	Pathogenic/Likely pathogenic	GRCh38	199998
single nucleotide variant	NM_000138.5(FBN1):c.2306G>A (p.Cys769Tyr)	2200	FBN1	Pathogenic/Likely pathogenic	GRCh38	199995
single nucleotide variant	NM_000138.5(FBN1):c.2293+5G>A	2200	FBN1	Likely pathogenic	GRCh38	200180
single nucleotide variant	NM_000138.5(FBN1):c.2201G>T (p.Cys734Phe)	2200	FBN1	Pathogenic	GRCh38	199992
single nucleotide variant	NM_000138.5(FBN1):c.2180G>A (p.Cys727Tyr)	2200	FBN1	Pathogenic/Likely pathogenic	GRCh38	199991
single nucleotide variant	NM_000138.5(FBN1):c.2055C>A (p.Cys685Ter)	2200	FBN1	Pathogenic	GRCh38	199980
single nucleotide variant	NM_000138.5(FBN1):c.1890C>A (p.Asn630Lys)	2200	FBN1	Pathogenic	GRCh38	199983
single nucleotide variant	NM_000138.5(FBN1):c.1889A>T (p.Asn630Ile)	2200	FBN1	Pathogenic	GRCh38	199982
single nucleotide variant	NM_000138.5(FBN1):c.1817C>A (p.Ser606Ter)	2200	FBN1	Pathogenic/Likely pathogenic	GRCh38	199979
single nucleotide variant	NM_000138.5(FBN1):c.1759T>G (p.Cys587Gly)	2200	FBN1	Pathogenic/Likely pathogenic	GRCh38	199978
single nucleotide variant	NM_000138.5(FBN1):c.1726T>G (p.Cys576Gly)	2200	FBN1	Pathogenic	GRCh38	199977
single nucleotide variant	NM_000138.5(FBN1):c.1693C>T (p.Arg565Ter)	2200	FBN1	Pathogenic	GRCh38	199975
single nucleotide variant	NM_000138.5(FBN1):c.1664G>T (p.Cys555Phe)	2200	FBN1	Pathogenic	GRCh38	199974
single nucleotide variant	NM_000138.5(FBN1):c.1583G>A (p.Cys528Tyr)	2200	FBN1	Likely pathogenic	GRCh38	199972
single nucleotide variant	NM_000138.5(FBN1):c.1468+2T>C	2200	FBN1	Pathogenic	GRCh38	199969
single nucleotide variant	NM_000138.5(FBN1):c.1426T>G (p.Cys476Gly)	2200	FBN1	Pathogenic	GRCh38	200179
single nucleotide variant	NM_000138.5(FBN1):c.1421G>A (p.Cys474Tyr)	2200	FBN1	Pathogenic/Likely pathogenic	GRCh38	199967
single nucleotide variant	NM_000138.5(FBN1):c.1148-2A>C	2200	FBN1	Pathogenic	GRCh38	199965
single nucleotide variant	NM_000138.5(FBN1):c.1147G>A (p.Glu383Lys)	2200	FBN1	Likely pathogenic	GRCh38	200177
single nucleotide variant	NM_000138.5(FBN1):c.1090C>T (p.Arg364Ter)	2200	FBN1	Pathogenic/Likely pathogenic	GRCh38	199963
single nucleotide variant	NM_000138.5(FBN1):c.640G>A (p.Gly214Ser)	2200	FBN1	Pathogenic/Likely pathogenic	GRCh38	199956
single nucleotide variant	NM_000138.5(FBN1):c.539-1G>A	2200	FBN1	Pathogenic	GRCh38	199955
single nucleotide variant	NM_000138.5(FBN1):c.305G>T (p.Cys102Phe)	2200	FBN1	Likely pathogenic	GRCh38	200143
single nucleotide variant	NM_000138.5(FBN1):c.266G>A (p.Cys89Tyr)	2200	FBN1	Pathogenic/Likely pathogenic	GRCh38	200141
single nucleotide variant	NM_000138.5(FBN1):c.212G>C (p.Trp71Ser)	2200	FBN1	Pathogenic	GRCh38	200139
single nucleotide variant	NM_000138.5(FBN1):c.164+1G>A	2200	FBN1	Pathogenic/Likely pathogenic	GRCh38	200030
single nucleotide variant	NM_000138.5(FBN1):c.7169G>A (p.Cys2390Tyr)	2200	FBN1	Pathogenic/Likely pathogenic	GRCh38	221117
single nucleotide variant	NM_000138.5(FBN1):c.5555A>G (p.Glu1852Gly)	2200	FBN1	Pathogenic	GRCh38	220855
single nucleotide variant	NM_000138.5(FBN1):c.8148C>G (p.Tyr2716Ter)	2200	FBN1	Pathogenic	GRCh38	222615
single nucleotide variant	NM_000138.5(FBN1):c.7769G>A (p.Cys2590Tyr)	2200	FBN1	Pathogenic/Likely pathogenic	GRCh38	222614
single nucleotide variant	NM_000138.5(FBN1):c.7421A>G (p.Tyr2474Cys)	2200	FBN1	Likely pathogenic	GRCh38	222613
single nucleotide variant	NM_000138.5(FBN1):c.7141C>T (p.Gln2381Ter)	2200	FBN1	Pathogenic	GRCh38	222612
single nucleotide variant	NM_000138.5(FBN1):c.6820T>C (p.Cys2274Arg)	2200	FBN1	Likely pathogenic	GRCh38	222610
single nucleotide variant	NM_000138.5(FBN1):c.6739+1G>A	2200	FBN1	Pathogenic	GRCh38	222618
single nucleotide variant	NM_000138.5(FBN1):c.6694T>C (p.Cys2232Arg)	2200	FBN1	Pathogenic	GRCh38	222609
single nucleotide variant	NM_000138.5(FBN1):c.5918-2A>G	2200	FBN1	Pathogenic/Likely pathogenic	GRCh38	222617
single nucleotide variant	NM_000138.5(FBN1):c.4330T>A (p.Cys1444Ser)	2200	FBN1	Pathogenic	GRCh38	222604
single nucleotide variant	NM_000138.5(FBN1):c.338C>G (p.Ser113Cys)	2200	FBN1	Likely pathogenic	GRCh38	222600
single nucleotide variant	NM_000138.5(FBN1):c.8226+1G>A	2200	FBN1	Pathogenic/Likely pathogenic	GRCh38	225629
single nucleotide variant	NM_000138.5(FBN1):c.299G>A (p.Cys100Tyr)	2200	FBN1	Pathogenic/Likely pathogenic	GRCh38	228262
single nucleotide variant	NM_000138.5(FBN1):c.6272G>A (p.Gly2091Asp)	2200	FBN1	Likely pathogenic	GRCh38	237101
single nucleotide variant	NM_000138.5(FBN1):c.5683T>C (p.Cys1895Arg)	2200	FBN1	Pathogenic/Likely pathogenic	GRCh38	237100
single nucleotide variant	NM_000138.5(FBN1):c.5504G>C (p.Cys1835Ser)	2200	FBN1	Pathogenic	GRCh38	237099
single nucleotide variant	NM_000138.5(FBN1):c.5038C>T (p.Gln1680Ter)	2200	FBN1	Pathogenic	GRCh38	237094
single nucleotide variant	NM_000138.5(FBN1):c.4454G>C (p.Cys1485Ser)	2200	FBN1	Pathogenic	GRCh38	237092
single nucleotide variant	NM_000138.5(FBN1):c.1916G>A (p.Cys639Tyr)	2200	FBN1	Pathogenic	GRCh38	237083
single nucleotide variant	NM_000138.5(FBN1):c.732T>A (p.Cys244Ter)	2200	FBN1	Pathogenic	GRCh38	237104
single nucleotide variant	NM_000138.5(FBN1):c.434G>A (p.Cys145Tyr)	2200	FBN1	Pathogenic/Likely pathogenic	GRCh38	237091
single nucleotide variant	NM_000138.5(FBN1):c.8488C>T (p.Gln2830Ter)	2200	FBN1	Likely pathogenic	GRCh38	263414
single nucleotide variant	NM_000138.5(FBN1):c.8149G>T (p.Glu2717Ter)	2200	FBN1	Pathogenic	GRCh38	263433
single nucleotide variant	NM_000138.5(FBN1):c.7939C>T (p.Gln2647Ter)	2200	FBN1	Pathogenic	GRCh38	263644
single nucleotide variant	NM_000138.5(FBN1):c.8006G>T (p.Gly2669Val)	2200	FBN1	Pathogenic/Likely pathogenic	GRCh38	263642
single nucleotide variant	NM_000138.5(FBN1):c.7792C>T (p.Gln2598Ter)	2200	FBN1	Pathogenic	GRCh38	263920
single nucleotide variant	NM_000138.5(FBN1):c.7708G>A (p.Glu2570Lys)	2200	FBN1	Pathogenic/Likely pathogenic	GRCh38	263398
single nucleotide variant	NM_000138.5(FBN1):c.7363T>C (p.Cys2455Arg)	2200	FBN1	Likely pathogenic	GRCh38	263805
single nucleotide variant	NM_000138.5(FBN1):c.6707A>G (p.Tyr2236Cys)	2200	FBN1	Pathogenic/Likely pathogenic	GRCh38	264354
single nucleotide variant	NM_000138.5(FBN1):c.6904T>A (p.Cys2302Ser)	2200	FBN1	Pathogenic/Likely pathogenic	GRCh38	264235
single nucleotide variant	NM_000138.5(FBN1):c.6611G>A (p.Cys2204Tyr)	2200	FBN1	Pathogenic/Likely pathogenic	GRCh38	264438
single nucleotide variant	NM_000138.5(FBN1):c.6991T>A (p.Cys2331Ser)	2200	FBN1	Likely pathogenic	GRCh38	263688
single nucleotide variant	NM_000138.5(FBN1):c.6430A>C (p.Asn2144His)	2200	FBN1	Likely pathogenic	GRCh38	263837
single nucleotide variant	NM_000138.5(FBN1):c.6884G>A (p.Cys2295Tyr)	2200	FBN1	Pathogenic/Likely pathogenic	GRCh38	263849
single nucleotide variant	NM_000138.5(FBN1):c.6032G>A (p.Cys2011Tyr)	2200	FBN1	Likely pathogenic	GRCh38	263898
single nucleotide variant	NM_000138.5(FBN1):c.6583G>A (p.Gly2195Arg)	2200	FBN1	Pathogenic/Likely pathogenic	GRCh38	263922
single nucleotide variant	NM_000138.5(FBN1):c.6773G>A (p.Cys2258Tyr)	2200	FBN1	Likely pathogenic	GRCh38	264106
single nucleotide variant	NM_000138.5(FBN1):c.6492T>A (p.Cys2164Ter)	2200	FBN1	Pathogenic	GRCh38	263864
single nucleotide variant	NM_000138.5(FBN1):c.5825G>C (p.Cys1942Ser)	2200	FBN1	Pathogenic	GRCh38	263804
single nucleotide variant	NM_000138.5(FBN1):c.5789-2A>G	2200	FBN1	Pathogenic	GRCh38	263403
single nucleotide variant	NM_000138.5(FBN1):c.5372G>A (p.Cys1791Tyr)	2200	FBN1	Pathogenic/Likely pathogenic	GRCh38	263568
single nucleotide variant	NM_000138.5(FBN1):c.4577G>A (p.Cys1526Tyr)	2200	FBN1	Pathogenic/Likely pathogenic	GRCh38	264314
single nucleotide variant	NM_000138.5(FBN1):c.4331G>A (p.Cys1444Tyr)	2200	FBN1	Pathogenic/Likely pathogenic	GRCh38	263831
single nucleotide variant	NM_000138.5(FBN1):c.3669T>A (p.Cys1223Ter)	2200	FBN1	Pathogenic	GRCh38	264578
single nucleotide variant	NM_000138.5(FBN1):c.3584G>A (p.Cys1195Tyr)	2200	FBN1	Likely pathogenic	GRCh38	263427
single nucleotide variant	NM_000138.5(FBN1):c.3209-1G>C	2200	FBN1	Pathogenic/Likely pathogenic	GRCh38	263860
single nucleotide variant	NM_000138.5(FBN1):c.3082+1G>C	2200	FBN1	Pathogenic	GRCh38	263975
single nucleotide variant	NM_000138.5(FBN1):c.3457T>C (p.Cys1153Arg)	2200	FBN1	Likely pathogenic	GRCh38	263660
single nucleotide variant	NM_000138.5(FBN1):c.3159C>A (p.Cys1053Ter)	2200	FBN1	Pathogenic	GRCh38	264131
single nucleotide variant	NM_000138.5(FBN1):c.2728+2T>C	2200	FBN1	Likely pathogenic	GRCh38	263694
single nucleotide variant	NM_000138.5(FBN1):c.2624G>A (p.Cys875Tyr)	2200	FBN1	Likely pathogenic	GRCh38	264089
single nucleotide variant	NM_000138.5(FBN1):c.2524A>T (p.Lys842Ter)	2200	FBN1	Pathogenic	GRCh38	263834
single nucleotide variant	NM_000138.5(FBN1):c.2375G>T (p.Cys792Phe)	2200	FBN1	Likely pathogenic	GRCh38	263937
single nucleotide variant	NM_000138.5(FBN1):c.2201G>A (p.Cys734Tyr)	2200	FBN1	Likely pathogenic	GRCh38	263790
single nucleotide variant	NM_000138.5(FBN1):c.1807C>T (p.Gln603Ter)	2200	FBN1	Pathogenic/Likely pathogenic	GRCh38	263880
single nucleotide variant	NM_000138.5(FBN1):c.526C>T (p.Gln176Ter)	2200	FBN1	Pathogenic	GRCh38	263325
single nucleotide variant	NM_000138.5(FBN1):c.439C>T (p.Gln147Ter)	2200	FBN1	Pathogenic	GRCh38	264081
single nucleotide variant	NM_000138.5(FBN1):c.3G>T (p.Met1Ile)	2200	FBN1	Pathogenic/Likely pathogenic	GRCh38	264175
single nucleotide variant	NM_000138.5(FBN1):c.1129T>C (p.Cys377Arg)	2200	FBN1	Likely pathogenic	GRCh38	264158
single nucleotide variant	NM_000138.5(FBN1):c.7C>T (p.Arg3Ter)	2200	FBN1	Pathogenic	GRCh38	263416
single nucleotide variant	NM_000138.5(FBN1):c.3834T>G (p.Cys1278Trp)	2200	FBN1	Pathogenic/Likely pathogenic	GRCh38	265347
single nucleotide variant	NM_000138.5(FBN1):c.2581C>T (p.Arg861Ter)	2200	FBN1	Pathogenic/Likely pathogenic	GRCh38	265401
single nucleotide variant	NM_000138.5(FBN1):c.1042C>T (p.Gln348Ter)	2200	FBN1	Pathogenic/Likely pathogenic	GRCh38	265446
single nucleotide variant	NM_000138.5(FBN1):c.6625G>T (p.Glu2209Ter)	2200	FBN1	Pathogenic	GRCh38	280702
single nucleotide variant	NM_000138.5(FBN1):c.2114-2A>C	2200	FBN1	Pathogenic	GRCh38	280189
single nucleotide variant	NM_000138.5(FBN1):c.2T>G (p.Met1Arg)	2200	FBN1	Pathogenic	GRCh38	280307
single nucleotide variant	NM_000138.5(FBN1):c.6380-2A>C	2200	FBN1	Pathogenic/Likely pathogenic	GRCh38	280242
single nucleotide variant	NM_000138.5(FBN1):c.6186T>G (p.Tyr2062Ter)	2200	FBN1	Pathogenic	GRCh38	280057
single nucleotide variant	NM_000138.5(FBN1):c.5917+1G>A	2200	FBN1	Pathogenic/Likely pathogenic	GRCh38	280287
single nucleotide variant	NM_000138.5(FBN1):c.539-1G>T	2200	FBN1	Pathogenic	GRCh38	280279
single nucleotide variant	NM_000138.5(FBN1):c.8275G>T (p.Glu2759Ter)	2200	FBN1	Likely pathogenic	GRCh38	372849
single nucleotide variant	NM_000138.5(FBN1):c.7879G>C (p.Gly2627Arg)	2200	FBN1	Pathogenic/Likely pathogenic	GRCh38	372606
single nucleotide variant	NM_000138.5(FBN1):c.6164-2A>G	2200	FBN1	Pathogenic	GRCh38	373085
single nucleotide variant	NM_000138.5(FBN1):c.6086G>A (p.Cys2029Tyr)	2200	FBN1	Likely pathogenic	GRCh38	372558
single nucleotide variant	NM_000138.5(FBN1):c.3789C>G (p.Cys1263Trp)	2200	FBN1	Likely pathogenic	GRCh38	373490
single nucleotide variant	NM_000138.5(FBN1):c.8016T>G (p.Cys2672Trp)	2200	FBN1	Likely pathogenic	GRCh38	374081
single nucleotide variant	NM_000138.5(FBN1):c.7274A>G (p.Tyr2425Cys)	2200	FBN1	Likely pathogenic	GRCh38	373976
single nucleotide variant	NM_000138.5(FBN1):c.6800A>T (p.Asn2267Ile)	2200	FBN1	Pathogenic	GRCh38	373981
single nucleotide variant	NM_000138.5(FBN1):c.1481G>T (p.Cys494Phe)	2200	FBN1	Likely pathogenic	GRCh38	374079
single nucleotide variant	NM_000138.5(FBN1):c.478T>C (p.Cys160Arg)	2200	FBN1	Pathogenic/Likely pathogenic	GRCh38	374203
single nucleotide variant	NM_000138.5(FBN1):c.6004C>T (p.Pro2002Ser)	2200	FBN1	Likely pathogenic	GRCh38	375299
single nucleotide variant	NM_000138.5(FBN1):c.2563C>T (p.Gln855Ter)	2200	FBN1	Pathogenic/Likely pathogenic	GRCh38	375466
single nucleotide variant	NM_000138.5(FBN1):c.1786T>G (p.Cys596Gly)	2200	FBN1	Pathogenic	GRCh38	377096
single nucleotide variant	NM_000138.5(FBN1):c.3563C>A (p.Ser1188Ter)	2200	FBN1	Pathogenic	GRCh38	377280
single nucleotide variant	NM_000138.5(FBN1):c.8002G>T (p.Gly2668Cys)	2200	FBN1	Likely pathogenic	GRCh38	381609
single nucleotide variant	NM_000138.5(FBN1):c.7204G>C (p.Asp2402His)	2200	FBN1	Likely pathogenic	GRCh38	393048
single nucleotide variant	NM_000138.5(FBN1):c.6794G>A (p.Cys2265Tyr)	2200	FBN1	Pathogenic	GRCh38	379655
single nucleotide variant	NM_000138.5(FBN1):c.6379+2T>C	2200	FBN1	Pathogenic/Likely pathogenic	GRCh38	379519
single nucleotide variant	NM_000138.5(FBN1):c.4382G>T (p.Cys1461Phe)	2200	FBN1	Pathogenic/Likely pathogenic	GRCh38	387780
single nucleotide variant	NM_000138.5(FBN1):c.4211-1G>A	2200	FBN1	Pathogenic/Likely pathogenic	GRCh38	390493
single nucleotide variant	NM_000138.5(FBN1):c.1670G>A (p.Cys557Tyr)	2200	FBN1	Pathogenic	GRCh38	381611
single nucleotide variant	NM_000138.5(FBN1):c.1522C>T (p.Gln508Ter)	2200	FBN1	Pathogenic/Likely pathogenic	GRCh38	384106
single nucleotide variant	NM_000138.5(FBN1):c.1481G>A (p.Cys494Tyr)	2200	FBN1	Pathogenic/Likely pathogenic	GRCh38	381612
single nucleotide variant	NM_000138.5(FBN1):c.7465T>C (p.Cys2489Arg)	2200	FBN1	Pathogenic	GRCh38	379778
single nucleotide variant	NM_000138.5(FBN1):c.3635G>C (p.Cys1212Ser)	2200	FBN1	Pathogenic	GRCh38	387797
single nucleotide variant	NM_000138.5(FBN1):c.2945G>C (p.Cys982Ser)	2200	FBN1	Pathogenic/Likely pathogenic	GRCh38	392364
single nucleotide variant	NM_000138.5(FBN1):c.2810G>A (p.Cys937Tyr)	2200	FBN1	Pathogenic	GRCh38	389041
single nucleotide variant	NM_000138.5(FBN1):c.2113+2T>G	2200	FBN1	Pathogenic/Likely pathogenic	GRCh38	384222
single nucleotide variant	NM_000138.5(FBN1):c.1774G>T (p.Gly592Cys)	2200	FBN1	Likely pathogenic	GRCh38	381934
single nucleotide variant	NM_000138.5(FBN1):c.6793T>G (p.Cys2265Gly)	2200	FBN1	Pathogenic/Likely pathogenic	GRCh38	385605
single nucleotide variant	NM_000138.5(FBN1):c.6772T>C (p.Cys2258Arg)	2200	FBN1	Pathogenic/Likely pathogenic	GRCh38	379489
single nucleotide variant	NM_000138.5(FBN1):c.5595C>A (p.Cys1865Ter)	2200	FBN1	Pathogenic	GRCh38	379460
single nucleotide variant	NM_000138.5(FBN1):c.1011C>A (p.Tyr337Ter)	2200	FBN1	Pathogenic	GRCh38	379590
single nucleotide variant	NM_000138.5(FBN1):c.461G>C (p.Cys154Ser)	2200	FBN1	Pathogenic/Likely pathogenic	GRCh38	381613
single nucleotide variant	NM_000138.5(FBN1):c.306C>A (p.Cys102Ter)	2200	FBN1	Likely pathogenic	GRCh38	388980
single nucleotide variant	NM_000138.5(FBN1):c.5680G>A (p.Glu1894Lys)	2200	FBN1	Pathogenic/Likely pathogenic	GRCh38	381610
single nucleotide variant	NM_000138.5(FBN1):c.2723G>C (p.Cys908Ser)	2200	FBN1	Likely pathogenic	GRCh38	389343
single nucleotide variant	NM_000138.5(FBN1):c.60C>A (p.Tyr20Ter)	2200	FBN1	Likely pathogenic	GRCh38	392998
single nucleotide variant	NM_000138.5(FBN1):c.8051+375G>T	2200	FBN1	Pathogenic	GRCh38	406327
single nucleotide variant	NM_000138.5(FBN1):c.8020T>C (p.Cys2674Arg)	2200	FBN1	Pathogenic/Likely pathogenic	GRCh38	406263
single nucleotide variant	NM_000138.5(FBN1):c.7852G>T (p.Gly2618Ter)	2200	FBN1	Pathogenic	GRCh38	406331
single nucleotide variant	NM_000138.5(FBN1):c.7466G>A (p.Cys2489Tyr)	2200	FBN1	Pathogenic	GRCh38	406349
single nucleotide variant	NM_000138.5(FBN1):c.7331A>G (p.Asp2444Gly)	2200	FBN1	Pathogenic	GRCh38	406366
single nucleotide variant	NM_000138.5(FBN1):c.6948T>A (p.Cys2316Ter)	2200	FBN1	Pathogenic	GRCh38	406266
single nucleotide variant	NM_000138.5(FBN1):c.6576C>G (p.Cys2192Trp)	2200	FBN1	Pathogenic	GRCh38	406333
single nucleotide variant	NM_000138.5(FBN1):c.6471T>A (p.Tyr2157Ter)	2200	FBN1	Pathogenic	GRCh38	406286
single nucleotide variant	NM_000138.5(FBN1):c.5672-2A>G	2200	FBN1	Pathogenic	GRCh38	406314
single nucleotide variant	NM_000138.5(FBN1):c.5330G>A (p.Cys1777Tyr)	2200	FBN1	Likely pathogenic	GRCh38	406341
single nucleotide variant	NM_000138.5(FBN1):c.4583-5A>G	2200	FBN1	Likely pathogenic	GRCh38	406332
single nucleotide variant	NM_000138.5(FBN1):c.4367G>T (p.Cys1456Phe)	2200	FBN1	Likely pathogenic	GRCh38	406329
single nucleotide variant	NM_000138.5(FBN1):c.2089C>T (p.Gln697Ter)	2200	FBN1	Pathogenic	GRCh38	406355
single nucleotide variant	NM_000138.5(FBN1):c.1849T>G (p.Cys617Gly)	2200	FBN1	Pathogenic	GRCh38	406267
single nucleotide variant	NM_000138.5(FBN1):c.592C>T (p.Gln198Ter)	2200	FBN1	Pathogenic	GRCh38	406287
single nucleotide variant	NM_000138.5(FBN1):c.5720A>G (p.Asn1907Ser)	2200	FBN1	Pathogenic	GRCh38	406360
single nucleotide variant	NM_000138.5(FBN1):c.5672-87A>G	2200	FBN1	Likely pathogenic	GRCh38	406280
single nucleotide variant	NM_000138.5(FBN1):c.4532G>A (p.Cys1511Tyr)	2200	FBN1	Pathogenic/Likely pathogenic	GRCh38	406346
single nucleotide variant	NM_000138.5(FBN1):c.3419G>A (p.Cys1140Tyr)	2200	FBN1	Likely pathogenic	GRCh38	406347
single nucleotide variant	NM_000138.5(FBN1):c.3165T>A (p.Cys1055Ter)	2200	FBN1	Pathogenic/Likely pathogenic	GRCh38	406294
single nucleotide variant	NM_000138.5(FBN1):c.2420-2A>G	2200	FBN1	Likely pathogenic	GRCh38	406313
single nucleotide variant	NM_000138.5(FBN1):c.1915T>A (p.Cys639Ser)	2200	FBN1	Pathogenic	GRCh38	406351
single nucleotide variant	NM_000138.5(FBN1):c.6695G>A (p.Cys2232Tyr)	2200	FBN1	Pathogenic/Likely pathogenic	GRCh38	406315
single nucleotide variant	NM_000138.5(FBN1):c.6209G>T (p.Cys2070Phe)	2200	FBN1	Likely pathogenic	GRCh38	406303
single nucleotide variant	NM_000138.5(FBN1):c.6164-1G>A	2200	FBN1	Pathogenic	GRCh38	406308
single nucleotide variant	NM_000138.5(FBN1):c.6159C>A (p.Cys2053Ter)	2200	FBN1	Pathogenic	GRCh38	406369
single nucleotide variant	NM_000138.5(FBN1):c.5627G>A (p.Cys1876Tyr)	2200	FBN1	Pathogenic	GRCh38	406296
single nucleotide variant	NM_000138.5(FBN1):c.5207G>A (p.Cys1736Tyr)	2200	FBN1	Likely pathogenic	GRCh38	406342
single nucleotide variant	NM_000138.5(FBN1):c.4468G>T (p.Glu1490Ter)	2200	FBN1	Pathogenic	GRCh38	406348
single nucleotide variant	NM_000138.5(FBN1):c.4061G>A (p.Trp1354Ter)	2200	FBN1	Pathogenic	GRCh38	406293
single nucleotide variant	NM_000138.5(FBN1):c.2305T>C (p.Cys769Arg)	2200	FBN1	Pathogenic/Likely pathogenic	GRCh38	406272
single nucleotide variant	NM_000138.5(FBN1):c.2293+1G>A	2200	FBN1	Pathogenic	GRCh38	406365
single nucleotide variant	NM_000138.5(FBN1):c.2080G>T (p.Glu694Ter)	2200	FBN1	Pathogenic/Likely pathogenic	GRCh38	406275
single nucleotide variant	NM_000138.5(FBN1):c.1982G>A (p.Cys661Tyr)	2200	FBN1	Pathogenic/Likely pathogenic	GRCh38	406359
single nucleotide variant	NM_000138.5(FBN1):c.1538G>T (p.Cys513Phe)	2200	FBN1	Likely pathogenic	GRCh38	406288
single nucleotide variant	NM_000138.5(FBN1):c.1525G>T (p.Gly509Cys)	2200	FBN1	Likely pathogenic	GRCh38	406345
single nucleotide variant	NM_000138.5(FBN1):c.1426T>C (p.Cys476Arg)	2200	FBN1	Pathogenic/Likely pathogenic	GRCh38	406325
single nucleotide variant	NM_000138.5(FBN1):c.811T>G (p.Cys271Gly)	2200	FBN1	Likely pathogenic	GRCh38	406269
single nucleotide variant	NM_000138.5(FBN1):c.7525T>G (p.Cys2509Gly)	2200	FBN1	Likely pathogenic	GRCh38	406317
single nucleotide variant	NM_000138.5(FBN1):c.6784C>T (p.Gln2262Ter)	2200	FBN1	Pathogenic	GRCh38	406274
single nucleotide variant	NM_000138.5(FBN1):c.4166G>C (p.Cys1389Ser)	2200	FBN1	Pathogenic	GRCh38	406277
single nucleotide variant	NM_000138.5(FBN1):c.2722T>C (p.Cys908Arg)	2200	FBN1	Pathogenic/Likely pathogenic	GRCh38	406271
single nucleotide variant	NM_000138.5(FBN1):c.2638G>C (p.Gly880Arg)	2200	FBN1	Pathogenic/Likely pathogenic	GRCh38	406335
single nucleotide variant	NM_000138.5(FBN1):c.2369G>T (p.Cys790Phe)	2200	FBN1	Pathogenic	GRCh38	406322
single nucleotide variant	NM_000138.5(FBN1):c.409C>T (p.Gln137Ter)	2200	FBN1	Pathogenic	GRCh38	406307
single nucleotide variant	NM_000138.5(FBN1):c.7775G>T (p.Cys2592Phe)	2200	FBN1	Pathogenic	GRCh38	423498
single nucleotide variant	NM_000138.5(FBN1):c.7770C>G (p.Cys2590Trp)	2200	FBN1	Likely pathogenic	GRCh38	423862
single nucleotide variant	NM_000138.5(FBN1):c.6872-2A>G	2200	FBN1	Pathogenic	GRCh38	419834
single nucleotide variant	NM_000138.5(FBN1):c.6616+1G>A	2200	FBN1	Pathogenic/Likely pathogenic	GRCh38	419595
single nucleotide variant	NM_000138.5(FBN1):c.6419G>A (p.Gly2140Glu)	2200	FBN1	Likely pathogenic	GRCh38	418200
single nucleotide variant	NM_000138.5(FBN1):c.6112T>G (p.Cys2038Gly)	2200	FBN1	Likely pathogenic	GRCh38	423987
single nucleotide variant	NM_000138.5(FBN1):c.6037+1G>A	2200	FBN1	Likely pathogenic	GRCh38	423795
single nucleotide variant	NM_000138.5(FBN1):c.5422+1G>A	2200	FBN1	Pathogenic	GRCh38	418198
single nucleotide variant	NM_000138.5(FBN1):c.5177G>A (p.Gly1726Asp)	2200	FBN1	Pathogenic/Likely pathogenic	GRCh38	424594
single nucleotide variant	NM_000138.5(FBN1):c.4936T>G (p.Cys1646Gly)	2200	FBN1	Likely pathogenic	GRCh38	418197
single nucleotide variant	NM_000138.5(FBN1):c.4252G>T (p.Gly1418Cys)	2200	FBN1	Likely pathogenic	GRCh38	418196
single nucleotide variant	NM_000138.5(FBN1):c.3496T>C (p.Cys1166Arg)	2200	FBN1	Likely pathogenic	GRCh38	420926
single nucleotide variant	NM_000138.5(FBN1):c.3380G>T (p.Gly1127Val)	2200	FBN1	Pathogenic/Likely pathogenic	GRCh38	421062
single nucleotide variant	NM_000138.5(FBN1):c.3283T>A (p.Cys1095Ser)	2200	FBN1	Likely pathogenic	GRCh38	418194
single nucleotide variant	NM_000138.5(FBN1):c.2294-1G>T	2200	FBN1	Pathogenic/Likely pathogenic	GRCh38	419500
single nucleotide variant	NM_000138.5(FBN1):c.2243G>A (p.Cys748Tyr)	2200	FBN1	Pathogenic/Likely pathogenic	GRCh38	420086
single nucleotide variant	NM_000138.5(FBN1):c.2179T>C (p.Cys727Arg)	2200	FBN1	Pathogenic/Likely pathogenic	GRCh38	419660
single nucleotide variant	NM_000138.5(FBN1):c.736+1G>A	2200	FBN1	Likely pathogenic	GRCh38	424217
single nucleotide variant	NM_000138.5(FBN1):c.8170C>T (p.Pro2724Ser)	2200	FBN1	Likely pathogenic	GRCh38	427024
single nucleotide variant	NM_000138.5(FBN1):c.7862C>G (p.Ser2621Cys)	2200	FBN1	Likely pathogenic	GRCh38	426992
single nucleotide variant	NM_000138.5(FBN1):c.7454A>G (p.Asp2485Gly)	2200	FBN1	Likely pathogenic	GRCh38	427047
single nucleotide variant	NM_000138.5(FBN1):c.7402T>C (p.Cys2468Arg)	2200	FBN1	Pathogenic/Likely pathogenic	GRCh38	427179
single nucleotide variant	NM_000138.5(FBN1):c.5993G>A (p.Cys1998Tyr)	2200	FBN1	Pathogenic/Likely pathogenic	GRCh38	426268
single nucleotide variant	NM_000138.5(FBN1):c.4259G>T (p.Cys1420Phe)	2200	FBN1	Pathogenic/Likely pathogenic	GRCh38	427006
single nucleotide variant	NM_000138.5(FBN1):c.2677+5G>C	2200	FBN1	Likely pathogenic	GRCh38	427082
single nucleotide variant	NM_000138.5(FBN1):c.629G>A (p.Cys210Tyr)	2200	FBN1	Likely pathogenic	GRCh38	426140
single nucleotide variant	NM_000138.5(FBN1):c.7819+1G>A	2200	FBN1	Pathogenic	GRCh38	430010
single nucleotide variant	NM_000138.5(FBN1):c.7217G>A (p.Cys2406Tyr)	2200	FBN1	Pathogenic/Likely pathogenic	GRCh38	429595
single nucleotide variant	NM_000138.5(FBN1):c.6997+2T>C	2200	FBN1	Pathogenic	GRCh38	430009
single nucleotide variant	NM_000138.5(FBN1):c.6541T>C (p.Cys2181Arg)	2200	FBN1	Likely pathogenic	GRCh38	429425
single nucleotide variant	NM_000138.5(FBN1):c.6332G>A (p.Cys2111Tyr)	2200	FBN1	Pathogenic/Likely pathogenic	GRCh38	429578
single nucleotide variant	NM_000138.5(FBN1):c.6296G>T (p.Cys2099Phe)	2200	FBN1	Pathogenic	GRCh38	430149
single nucleotide variant	NM_000138.5(FBN1):c.5839T>C (p.Cys1947Arg)	2200	FBN1	Pathogenic/Likely pathogenic	GRCh38	430389
single nucleotide variant	NM_000138.5(FBN1):c.5470T>C (p.Cys1824Arg)	2200	FBN1	Pathogenic/Likely pathogenic	GRCh38	429594
single nucleotide variant	NM_000138.5(FBN1):c.5183C>T (p.Ala1728Val)	2200	FBN1	Pathogenic/Likely pathogenic	GRCh38	430150
single nucleotide variant	NM_000138.5(FBN1):c.4688G>C (p.Cys1563Ser)	2200	FBN1	Likely pathogenic	GRCh38	430267
single nucleotide variant	NM_000138.5(FBN1):c.4429G>T (p.Glu1477Ter)	2200	FBN1	Pathogenic	GRCh38	429983
single nucleotide variant	NM_000138.5(FBN1):c.4382G>C (p.Cys1461Ser)	2200	FBN1	Pathogenic/Likely pathogenic	GRCh38	430423
single nucleotide variant	NM_000138.5(FBN1):c.4138T>C (p.Cys1380Arg)	2200	FBN1	Likely pathogenic	GRCh38	429778
single nucleotide variant	NM_000138.5(FBN1):c.3761G>A (p.Cys1254Tyr)	2200	FBN1	Likely pathogenic	GRCh38	430151
single nucleotide variant	NM_000138.5(FBN1):c.3757C>T (p.Gln1253Ter)	2200	FBN1	Pathogenic	GRCh38	429308
single nucleotide variant	NM_000138.5(FBN1):c.3713-2A>T	2200	FBN1	Pathogenic	GRCh38	429807
single nucleotide variant	NM_000138.5(FBN1):c.3412T>C (p.Cys1138Arg)	2200	FBN1	Pathogenic	GRCh38	430152
single nucleotide variant	NM_000138.5(FBN1):c.3289T>C (p.Cys1097Arg)	2200	FBN1	Likely pathogenic	GRCh38	429763
single nucleotide variant	NM_000138.5(FBN1):c.3083A>G (p.Asp1028Gly)	2200	FBN1	Likely pathogenic	GRCh38	429319
single nucleotide variant	NM_000138.5(FBN1):c.737-2A>G	2200	FBN1	Likely pathogenic	GRCh38	430086
single nucleotide variant	NM_000138.5(FBN1):c.8021G>A (p.Cys2674Tyr)	2200	FBN1	Pathogenic/Likely pathogenic	GRCh38	432086
single nucleotide variant	NM_000138.5(FBN1):c.6487G>T (p.Glu2163Ter)	2200	FBN1	Pathogenic/Likely pathogenic	GRCh38	432112
single nucleotide variant	NM_000138.5(FBN1):c.6113G>A (p.Cys2038Tyr)	2200	FBN1	Pathogenic	GRCh38	431924
single nucleotide variant	NM_000138.5(FBN1):c.4489T>C (p.Cys1497Arg)	2200	FBN1	Likely pathogenic	GRCh38	432128
single nucleotide variant	NM_000138.5(FBN1):c.3977G>A (p.Cys1326Tyr)	2200	FBN1	Pathogenic/Likely pathogenic	GRCh38	432123
single nucleotide variant	NM_000138.5(FBN1):c.3094T>C (p.Cys1032Arg)	2200	FBN1	Likely pathogenic	GRCh38	432164
single nucleotide variant	NM_000138.5(FBN1):c.3091G>A (p.Glu1031Lys)	2200	FBN1	Pathogenic	GRCh38	432343
single nucleotide variant	NM_000138.5(FBN1):c.2669G>A (p.Cys890Tyr)	2200	FBN1	Likely pathogenic	GRCh38	431935
single nucleotide variant	NM_000138.5(FBN1):c.1846G>T (p.Glu616Ter)	2200	FBN1	Pathogenic/Likely pathogenic	GRCh38	432209
single nucleotide variant	NM_000138.5(FBN1):c.1783A>T (p.Lys595Ter)	2200	FBN1	Likely pathogenic	GRCh38	432188
single nucleotide variant	NM_000138.5(FBN1):c.7656C>A (p.Cys2552Ter)	2200	FBN1	Pathogenic	GRCh38	439701
single nucleotide variant	NM_000138.5(FBN1):c.6087C>A (p.Cys2029Ter)	2200	FBN1	Pathogenic	GRCh38	439704
single nucleotide variant	NM_000138.5(FBN1):c.1961-2A>G	2200	FBN1	Pathogenic	GRCh38	439714
single nucleotide variant	NM_000138.5(FBN1):c.3221G>A (p.Cys1074Tyr)	2200	FBN1	Pathogenic	GRCh38	439705
single nucleotide variant	NM_000138.5(FBN1):c.6661T>C (p.Cys2221Arg)	2200	FBN1	Pathogenic	GRCh38	439708
single nucleotide variant	NM_000138.5(FBN1):c.5783G>A (p.Cys1928Tyr)	2200	FBN1	Pathogenic/Likely pathogenic	GRCh38	439719
single nucleotide variant	NM_000138.5(FBN1):c.1532A>G (p.Tyr511Cys)	2200	FBN1	Pathogenic	GRCh38	439720
single nucleotide variant	NM_000138.5(FBN1):c.1883G>T (p.Cys628Phe)	2200	FBN1	Pathogenic	GRCh38	446121
single nucleotide variant	NM_000138.5(FBN1):c.8021G>C (p.Cys2674Ser)	2200	FBN1	Likely pathogenic	GRCh38	451315
single nucleotide variant	NM_000138.5(FBN1):c.7880G>A (p.Gly2627Glu)	2200	FBN1	Likely pathogenic	GRCh38	449756
single nucleotide variant	NM_000138.5(FBN1):c.7376G>A (p.Cys2459Tyr)	2200	FBN1	Pathogenic/Likely pathogenic	GRCh38	449794
single nucleotide variant	NM_000138.5(FBN1):c.7364G>A (p.Cys2455Tyr)	2200	FBN1	Pathogenic/Likely pathogenic	GRCh38	449435
single nucleotide variant	NM_000138.5(FBN1):c.6953G>A (p.Cys2318Tyr)	2200	FBN1	Pathogenic	GRCh38	449436
single nucleotide variant	NM_000138.5(FBN1):c.6503A>G (p.Asp2168Gly)	2200	FBN1	Pathogenic/Likely pathogenic	GRCh38	449437
single nucleotide variant	NM_000138.5(FBN1):c.6313+2T>C	2200	FBN1	Pathogenic	GRCh38	449672
single nucleotide variant	NM_000138.5(FBN1):c.5371T>C (p.Cys1791Arg)	2200	FBN1	Pathogenic/Likely pathogenic	GRCh38	449439
single nucleotide variant	NM_000138.5(FBN1):c.4831C>T (p.Gln1611Ter)	2200	FBN1	Pathogenic/Likely pathogenic	GRCh38	452168
single nucleotide variant	NM_000138.5(FBN1):c.4280A>G (p.Tyr1427Cys)	2200	FBN1	Likely pathogenic	GRCh38	449440
single nucleotide variant	NM_000138.5(FBN1):c.3851G>A (p.Cys1284Tyr)	2200	FBN1	Pathogenic/Likely pathogenic	GRCh38	449441
single nucleotide variant	NM_000138.5(FBN1):c.3253C>T (p.Gln1085Ter)	2200	FBN1	Pathogenic	GRCh38	449815
single nucleotide variant	NM_000138.5(FBN1):c.3131G>T (p.Cys1044Phe)	2200	FBN1	Likely pathogenic	GRCh38	449897
single nucleotide variant	NM_000138.5(FBN1):c.3082G>A (p.Asp1028Asn)	2200	FBN1	Likely pathogenic	GRCh38	452428
single nucleotide variant	NM_000138.5(FBN1):c.2854+1G>T	2200	FBN1	Pathogenic	GRCh38	452451
single nucleotide variant	NM_000138.5(FBN1):c.2668T>A (p.Cys890Ser)	2200	FBN1	Pathogenic	GRCh38	453168
single nucleotide variant	NM_000138.5(FBN1):c.1606C>T (p.Gln536Ter)	2200	FBN1	Pathogenic/Likely pathogenic	GRCh38	449442
single nucleotide variant	NM_000138.5(FBN1):c.1420T>C (p.Cys474Arg)	2200	FBN1	Likely pathogenic	GRCh38	449898
single nucleotide variant	NM_000138.5(FBN1):c.1148-1G>A	2200	FBN1	Likely pathogenic	GRCh38	450336
single nucleotide variant	NM_000138.5(FBN1):c.503G>T (p.Cys168Phe)	2200	FBN1	Pathogenic/Likely pathogenic	GRCh38	449282
single nucleotide variant	NM_000138.5(FBN1):c.871G>T (p.Glu291Ter)	2200	FBN1	Pathogenic	GRCh38	453293
single nucleotide variant	NM_000138.5(FBN1):c.8042T>G (p.Ile2681Arg)	2200	FBN1	Likely pathogenic	GRCh38	457267
single nucleotide variant	NM_000138.5(FBN1):c.7112G>A (p.Trp2371Ter)	2200	FBN1	Pathogenic	GRCh38	457257
single nucleotide variant	NM_000138.5(FBN1):c.6906T>G (p.Cys2302Trp)	2200	FBN1	Likely pathogenic	GRCh38	457256
single nucleotide variant	NM_000138.5(FBN1):c.6616+1G>C	2200	FBN1	Pathogenic	GRCh38	457247
single nucleotide variant	NM_000138.5(FBN1):c.6049T>C (p.Cys2017Arg)	2200	FBN1	Pathogenic/Likely pathogenic	GRCh38	457240
single nucleotide variant	NM_000138.5(FBN1):c.4891T>A (p.Cys1631Ser)	2200	FBN1	Likely pathogenic	GRCh38	457227
single nucleotide variant	NM_000138.5(FBN1):c.4694C>T (p.Ser1565Phe)	2200	FBN1	Likely pathogenic	GRCh38	457222
single nucleotide variant	NM_000138.5(FBN1):c.4691G>A (p.Cys1564Tyr)	2200	FBN1	Pathogenic/Likely pathogenic	GRCh38	457221
single nucleotide variant	NM_000138.5(FBN1):c.4582+1G>T	2200	FBN1	Pathogenic	GRCh38	457217
single nucleotide variant	NM_000138.5(FBN1):c.4459+2T>G	2200	FBN1	Likely pathogenic	GRCh38	457214
single nucleotide variant	NM_000138.5(FBN1):c.7819+1G>T	2200	FBN1	Pathogenic	GRCh38	457265
single nucleotide variant	NM_000138.5(FBN1):c.7605C>G (p.Cys2535Trp)	2200	FBN1	Pathogenic/Likely pathogenic	GRCh38	457264
single nucleotide variant	NM_000138.5(FBN1):c.6391T>A (p.Cys2131Ser)	2200	FBN1	Pathogenic	GRCh38	457245
single nucleotide variant	NM_000138.5(FBN1):c.5824T>G (p.Cys1942Gly)	2200	FBN1	Likely pathogenic	GRCh38	457237
single nucleotide variant	NM_000138.5(FBN1):c.4539C>G (p.Cys1513Trp)	2200	FBN1	Pathogenic/Likely pathogenic	GRCh38	457215
single nucleotide variant	NM_000138.5(FBN1):c.4293C>G (p.Cys1431Trp)	2200	FBN1	Pathogenic/Likely pathogenic	GRCh38	457207
single nucleotide variant	NM_000138.5(FBN1):c.4293C>A (p.Cys1431Ter)	2200	FBN1	Pathogenic	GRCh38	457201
single nucleotide variant	NM_000138.5(FBN1):c.4244G>A (p.Cys1415Tyr)	2200	FBN1	Likely pathogenic	GRCh38	457206
single nucleotide variant	NM_000138.5(FBN1):c.4043G>A (p.Cys1348Tyr)	2200	FBN1	Pathogenic/Likely pathogenic	GRCh38	457202
single nucleotide variant	NM_000138.5(FBN1):c.2873G>C (p.Cys958Ser)	2200	FBN1	Likely pathogenic	GRCh38	457182
single nucleotide variant	NM_000138.5(FBN1):c.2738A>C (p.Glu913Ala)	2200	FBN1	Likely pathogenic	GRCh38	457180
single nucleotide variant	NM_000138.5(FBN1):c.2626T>C (p.Cys876Arg)	2200	FBN1	Pathogenic	GRCh38	457173
single nucleotide variant	NM_000138.5(FBN1):c.1670G>T (p.Cys557Phe)	2200	FBN1	Pathogenic	GRCh38	457166
single nucleotide variant	NM_000138.5(FBN1):c.443-1G>A	2200	FBN1	Pathogenic/Likely pathogenic	GRCh38	457213
single nucleotide variant	NM_000138.5(FBN1):c.5431G>T (p.Glu1811Ter)	2200	FBN1	Pathogenic	GRCh38	457230
single nucleotide variant	NM_000138.5(FBN1):c.4337-2A>T	2200	FBN1	Pathogenic	GRCh38	457210
single nucleotide variant	NM_000138.5(FBN1):c.3458G>A (p.Cys1153Tyr)	2200	FBN1	Pathogenic/Likely pathogenic	GRCh38	457194
single nucleotide variant	NM_000138.5(FBN1):c.2953G>T (p.Gly985Trp)	2200	FBN1	Likely pathogenic	GRCh38	457185
single nucleotide variant	NM_000138.5(FBN1):c.2647T>C (p.Trp883Arg)	2200	FBN1	Pathogenic	GRCh38	457174
single nucleotide variant	NM_000138.5(FBN1):c.1983C>G (p.Cys661Trp)	2200	FBN1	Pathogenic	GRCh38	457168
single nucleotide variant	NM_000138.5(FBN1):c.1462T>C (p.Cys488Arg)	2200	FBN1	Pathogenic/Likely pathogenic	GRCh38	457162
single nucleotide variant	NM_000138.5(FBN1):c.8335G>T (p.Glu2779Ter)	2200	FBN1	Pathogenic	GRCh38	457271
single nucleotide variant	NM_000138.5(FBN1):c.7999G>T (p.Glu2667Ter)	2200	FBN1	Pathogenic	GRCh38	457266
single nucleotide variant	NM_000138.5(FBN1):c.433T>C (p.Cys145Arg)	2200	FBN1	Likely pathogenic	GRCh38	457211
single nucleotide variant	NM_000138.5(FBN1):c.406T>G (p.Cys136Gly)	2200	FBN1	Pathogenic	GRCh38	457203
single nucleotide variant	NM_000138.5(FBN1):c.6038-1G>A	2200	FBN1	Pathogenic	GRCh38	457238
single nucleotide variant	NM_000138.5(FBN1):c.5788+2T>C	2200	FBN1	Likely pathogenic	GRCh38	457234
single nucleotide variant	NM_000138.5(FBN1):c.4817-2A>G	2200	FBN1	Likely pathogenic	GRCh38	457225
single nucleotide variant	NM_000138.5(FBN1):c.4747+5G>T	2200	FBN1	Pathogenic	GRCh38	457224
single nucleotide variant	NM_000138.5(FBN1):c.3794G>C (p.Cys1265Ser)	2200	FBN1	Likely pathogenic	GRCh38	457199
single nucleotide variant	NM_000138.5(FBN1):c.3616G>C (p.Gly1206Arg)	2200	FBN1	Pathogenic	GRCh38	457198
single nucleotide variant	NM_000138.5(FBN1):c.1079G>A (p.Cys360Tyr)	2200	FBN1	Likely pathogenic	GRCh38	457157
single nucleotide variant	NM_000138.5(FBN1):c.6325C>T (p.Gln2109Ter)	2200	FBN1	Pathogenic	GRCh38	488820
single nucleotide variant	NM_000138.5(FBN1):c.3G>A (p.Met1Ile)	2200	FBN1	Pathogenic/Likely pathogenic	GRCh38	488792
single nucleotide variant	NM_000138.5(FBN1):c.6662G>A (p.Cys2221Tyr)	2200	FBN1	Pathogenic	GRCh38	492830
single nucleotide variant	NM_000138.5(FBN1):c.4088-2A>C	2200	FBN1	Pathogenic	GRCh38	492829
single nucleotide variant	NM_000138.5(FBN1):c.3513C>G (p.Cys1171Trp)	2200	FBN1	Likely pathogenic	GRCh38	492828
single nucleotide variant	NM_000138.5(FBN1):c.2248T>C (p.Cys750Arg)	2200	FBN1	Pathogenic/Likely pathogenic	GRCh38	492826
single nucleotide variant	NM_000138.5(FBN1):c.6689G>A (p.Cys2230Tyr)	2200	FBN1	Pathogenic/Likely pathogenic	GRCh38	493158
single nucleotide variant	NM_000138.5(FBN1):c.5587G>A (p.Gly1863Arg)	2200	FBN1	Likely pathogenic	GRCh38	495624
single nucleotide variant	NM_000138.5(FBN1):c.5422+2T>C	2200	FBN1	Pathogenic/Likely pathogenic	GRCh38	495620
single nucleotide variant	NM_000138.5(FBN1):c.4337-1G>A	2200	FBN1	Pathogenic/Likely pathogenic	GRCh38	495608
single nucleotide variant	NM_000138.5(FBN1):c.3707G>A (p.Cys1236Tyr)	2200	FBN1	Pathogenic	GRCh38	495599
single nucleotide variant	NM_000138.5(FBN1):c.3024T>A (p.Cys1008Ter)	2200	FBN1	Likely pathogenic	GRCh38	495584
single nucleotide variant	NM_000138.5(FBN1):c.2939G>T (p.Cys980Phe)	2200	FBN1	Likely pathogenic	GRCh38	495583
single nucleotide variant	NM_000138.5(FBN1):c.2860C>T (p.Arg954Cys)	2200	FBN1	Pathogenic/Likely pathogenic	GRCh38	495582
single nucleotide variant	NM_000138.5(FBN1):c.1916G>C (p.Cys639Ser)	2200	FBN1	Likely pathogenic	GRCh38	495566
single nucleotide variant	NM_000138.5(FBN1):c.1511G>C (p.Cys504Ser)	2200	FBN1	Likely pathogenic	GRCh38	495557
single nucleotide variant	NM_000138.5(FBN1):c.911G>A (p.Cys304Tyr)	2200	FBN1	Likely pathogenic	GRCh38	495662
single nucleotide variant	NM_000138.5(FBN1):c.401G>A (p.Cys134Tyr)	2200	FBN1	Pathogenic/Likely pathogenic	GRCh38	495602
single nucleotide variant	NM_000138.5(FBN1):c.385T>A (p.Cys129Ser)	2200	FBN1	Likely pathogenic	GRCh38	495600
single nucleotide variant	NM_000138.5(FBN1):c.7016G>A (p.Cys2339Tyr)	2200	FBN1	Likely pathogenic	GRCh38	495644
single nucleotide variant	NM_000138.5(FBN1):c.3557A>G (p.Tyr1186Cys)	2200	FBN1	Pathogenic	GRCh38	495594
single nucleotide variant	NM_000138.5(FBN1):c.164+2T>A	2200	FBN1	Likely pathogenic	GRCh38	495559
single nucleotide variant	NM_000138.5(FBN1):c.6276G>A (p.Trp2092Ter)	2200	FBN1	Pathogenic/Likely pathogenic	GRCh38	495636
single nucleotide variant	NM_000138.5(FBN1):c.5743C>T (p.Arg1915Cys)	2200	FBN1	Pathogenic	GRCh38	495629
single nucleotide variant	NM_000138.5(FBN1):c.5540G>A (p.Cys1847Tyr)	2200	FBN1	Pathogenic/Likely pathogenic	GRCh38	495623
single nucleotide variant	NM_000138.5(FBN1):c.5014T>G (p.Cys1672Gly)	2200	FBN1	Pathogenic/Likely pathogenic	GRCh38	495617
single nucleotide variant	NM_000138.5(FBN1):c.7732C>T (p.Gln2578Ter)	2200	FBN1	Likely pathogenic	GRCh38	495650
single nucleotide variant	NM_000138.5(FBN1):c.5874C>A (p.Cys1958Ter)	2200	FBN1	Pathogenic/Likely pathogenic	GRCh38	495630
single nucleotide variant	NM_000138.5(FBN1):c.3413G>C (p.Cys1138Ser)	2200	FBN1	Pathogenic/Likely pathogenic	GRCh38	495590
single nucleotide variant	NM_000138.5(FBN1):c.1A>C (p.Met1Leu)	2200	FBN1	Pathogenic	GRCh38	495569
single nucleotide variant	NM_000138.5(FBN1):c.2237A>G (p.Tyr746Cys)	2200	FBN1	Pathogenic/Likely pathogenic	GRCh38	495574
single nucleotide variant	NM_000138.5(FBN1):c.2131T>C (p.Cys711Arg)	2200	FBN1	Pathogenic/Likely pathogenic	GRCh38	495572
single nucleotide variant	NM_000138.5(FBN1):c.1888A>T (p.Asn630Tyr)	2200	FBN1	Likely pathogenic	GRCh38	495565
single nucleotide variant	NM_000138.5(FBN1):c.1850G>A (p.Cys617Tyr)	2200	FBN1	Pathogenic	GRCh38	495563
single nucleotide variant	NM_000138.5(FBN1):c.1630G>A (p.Gly544Arg)	2200	FBN1	Pathogenic	GRCh38	495558
single nucleotide variant	NM_000138.5(FBN1):c.1459G>T (p.Glu487Ter)	2200	FBN1	Pathogenic/Likely pathogenic	GRCh38	495556
single nucleotide variant	NM_000138.5(FBN1):c.1481G>C (p.Cys494Ser)	2200	FBN1	Likely pathogenic	GRCh38	502478
single nucleotide variant	NM_000138.5(FBN1):c.5672-1G>C	2200	FBN1	Pathogenic/Likely pathogenic	GRCh38	504315
single nucleotide variant	NM_000138.5(FBN1):c.7498T>A (p.Cys2500Ser)	2200	FBN1	Likely pathogenic	GRCh38	504529
single nucleotide variant	NM_000138.5(FBN1):c.7956T>A (p.Cys2652Ter)	2200	FBN1	Pathogenic	GRCh38	517125
single nucleotide variant	NM_000138.5(FBN1):c.7788C>A (p.Tyr2596Ter)	2200	FBN1	Pathogenic	GRCh38	517133
single nucleotide variant	NM_000138.5(FBN1):c.5917+6T>C	2200	FBN1	Pathogenic/Likely pathogenic	GRCh38	517120
single nucleotide variant	NM_000138.5(FBN1):c.2896G>T (p.Glu966Ter)	2200	FBN1	Pathogenic	GRCh38	517122
single nucleotide variant	NM_000138.5(FBN1):c.2168-1G>T	2200	FBN1	Pathogenic	GRCh38	517130
single nucleotide variant	NM_000138.5(FBN1):c.1422T>G (p.Cys474Trp)	2200	FBN1	Likely pathogenic	GRCh38	517124
single nucleotide variant	NM_000138.5(FBN1):c.626G>A (p.Cys209Tyr)	2200	FBN1	Likely pathogenic	GRCh38	517135
single nucleotide variant	NM_000138.5(FBN1):c.8014T>G (p.Cys2672Gly)	2200	FBN1	Likely pathogenic	GRCh38	519693
single nucleotide variant	NM_000138.5(FBN1):c.8003G>A (p.Gly2668Asp)	2200	FBN1	Likely pathogenic	GRCh38	519752
single nucleotide variant	NM_000138.5(FBN1):c.7977C>A (p.Cys2659Ter)	2200	FBN1	Pathogenic	GRCh38	519801
single nucleotide variant	NM_000138.5(FBN1):c.7897T>C (p.Cys2633Arg)	2200	FBN1	Pathogenic/Likely pathogenic	GRCh38	520232
single nucleotide variant	NM_000138.5(FBN1):c.7865G>A (p.Cys2622Tyr)	2200	FBN1	Likely pathogenic	GRCh38	519697
single nucleotide variant	NM_000138.5(FBN1):c.7742G>T (p.Cys2581Phe)	2200	FBN1	Likely pathogenic	GRCh38	519750
single nucleotide variant	NM_000138.5(FBN1):c.7649G>C (p.Cys2550Ser)	2200	FBN1	Likely pathogenic	GRCh38	519756
single nucleotide variant	NM_000138.5(FBN1):c.7403G>A (p.Cys2468Tyr)	2200	FBN1	Pathogenic/Likely pathogenic	GRCh38	519787
single nucleotide variant	NM_000138.5(FBN1):c.7330+1G>A	2200	FBN1	Pathogenic	GRCh38	519742
single nucleotide variant	NM_000138.5(FBN1):c.7240C>T (p.Arg2414Ter)	2200	FBN1	Pathogenic	GRCh38	519729
single nucleotide variant	NM_000138.5(FBN1):c.6751T>A (p.Cys2251Ser)	2200	FBN1	Pathogenic/Likely pathogenic	GRCh38	519780
single nucleotide variant	NM_000138.5(FBN1):c.6740-1G>A	2200	FBN1	Pathogenic	GRCh38	519724
single nucleotide variant	NM_000138.5(FBN1):c.6410G>C (p.Cys2137Ser)	2200	FBN1	Pathogenic	GRCh38	519770
single nucleotide variant	NM_000138.5(FBN1):c.6313G>T (p.Glu2105Ter)	2200	FBN1	Pathogenic	GRCh38	519755
single nucleotide variant	NM_000138.5(FBN1):c.6268G>T (p.Glu2090Ter)	2200	FBN1	Pathogenic	GRCh38	519776
single nucleotide variant	NM_000138.5(FBN1):c.5967T>G (p.Cys1989Trp)	2200	FBN1	Pathogenic/Likely pathogenic	GRCh38	519772
single nucleotide variant	NM_000138.5(FBN1):c.5951G>A (p.Cys1984Tyr)	2200	FBN1	Pathogenic/Likely pathogenic	GRCh38	519792
single nucleotide variant	NM_000138.5(FBN1):c.5927A>C (p.Glu1976Ala)	2200	FBN1	Pathogenic/Likely pathogenic	GRCh38	519761
single nucleotide variant	NM_000138.5(FBN1):c.5698T>A (p.Cys1900Ser)	2200	FBN1	Likely pathogenic	GRCh38	519797
single nucleotide variant	NM_000138.5(FBN1):c.5518C>T (p.Arg1840Cys)	2200	FBN1	Likely pathogenic	GRCh38	519783
single nucleotide variant	NM_000138.5(FBN1):c.5345G>A (p.Cys1782Tyr)	2200	FBN1	Pathogenic/Likely pathogenic	GRCh38	519757
single nucleotide variant	NM_000138.5(FBN1):c.4816+1G>T	2200	FBN1	Pathogenic/Likely pathogenic	GRCh38	519695
single nucleotide variant	NM_000138.5(FBN1):c.4589G>C (p.Arg1530Pro)	2200	FBN1	Likely pathogenic	GRCh38	519692
single nucleotide variant	NM_000138.5(FBN1):c.4520G>T (p.Gly1507Val)	2200	FBN1	Likely pathogenic	GRCh38	519730
single nucleotide variant	NM_000138.5(FBN1):c.4243T>C (p.Cys1415Arg)	2200	FBN1	Likely pathogenic	GRCh38	519707
single nucleotide variant	NM_000138.5(FBN1):c.4205G>A (p.Cys1402Tyr)	2200	FBN1	Pathogenic	GRCh38	519799
single nucleotide variant	NM_000138.5(FBN1):c.4082G>A (p.Cys1361Tyr)	2200	FBN1	Pathogenic	GRCh38	519726
single nucleotide variant	NM_000138.5(FBN1):c.3963A>G (p.Thr1321=)	2200	FBN1	Likely pathogenic	GRCh38	520237
single nucleotide variant	NM_000138.5(FBN1):c.3623G>T (p.Cys1208Phe)	2200	FBN1	Pathogenic/Likely pathogenic	GRCh38	519748
single nucleotide variant	NM_000138.5(FBN1):c.3400G>T (p.Gly1134Ter)	2200	FBN1	Pathogenic	GRCh38	519789
single nucleotide variant	NM_000138.5(FBN1):c.3125G>A (p.Gly1042Asp)	2200	FBN1	Likely pathogenic	GRCh38	519740
single nucleotide variant	NM_000138.5(FBN1):c.3124G>A (p.Gly1042Ser)	2200	FBN1	Pathogenic/Likely pathogenic	GRCh38	519571
single nucleotide variant	NM_000138.5(FBN1):c.2740T>G (p.Cys914Gly)	2200	FBN1	Likely pathogenic	GRCh38	520236
single nucleotide variant	NM_000138.5(FBN1):c.2723G>A (p.Cys908Tyr)	2200	FBN1	Pathogenic/Likely pathogenic	GRCh38	519733
single nucleotide variant	NM_000138.5(FBN1):c.2673A>G (p.Gln891=)	2200	FBN1	Pathogenic/Likely pathogenic	GRCh38	520242
single nucleotide variant	NM_000138.5(FBN1):c.2463C>G (p.Cys821Trp)	2200	FBN1	Likely pathogenic	GRCh38	519723
single nucleotide variant	NM_000138.5(FBN1):c.2419+1G>A	2200	FBN1	Likely pathogenic	GRCh38	519714
single nucleotide variant	NM_000138.5(FBN1):c.2287T>C (p.Cys763Arg)	2200	FBN1	Likely pathogenic	GRCh38	519758
single nucleotide variant	NM_000138.5(FBN1):c.2168-2A>G	2200	FBN1	Pathogenic	GRCh38	519725
single nucleotide variant	NM_000138.5(FBN1):c.2050T>C (p.Cys684Arg)	2200	FBN1	Pathogenic/Likely pathogenic	GRCh38	519705
single nucleotide variant	NM_000138.5(FBN1):c.1512T>A (p.Cys504Ter)	2200	FBN1	Pathogenic	GRCh38	519798
single nucleotide variant	NM_000138.5(FBN1):c.650G>A (p.Trp217Ter)	2200	FBN1	Pathogenic	GRCh38	519741
single nucleotide variant	NM_000138.5(FBN1):c.558T>A (p.Cys186Ter)	2200	FBN1	Pathogenic	GRCh38	519718
single nucleotide variant	NM_000138.5(FBN1):c.496T>A (p.Cys166Ser)	2200	FBN1	Pathogenic/Likely pathogenic	GRCh38	519737
single nucleotide variant	NM_000138.5(FBN1):c.448T>C (p.Cys150Arg)	2200	FBN1	Pathogenic/Likely pathogenic	GRCh38	519727
single nucleotide variant	NM_000138.5(FBN1):c.412A>T (p.Lys138Ter)	2200	FBN1	Pathogenic	GRCh38	520241
single nucleotide variant	NM_000138.5(FBN1):c.408C>G (p.Cys136Trp)	2200	FBN1	Likely pathogenic	GRCh38	520235
single nucleotide variant	NM_000138.5(FBN1):c.347-2A>G	2200	FBN1	Pathogenic/Likely pathogenic	GRCh38	519716
single nucleotide variant	NM_000138.5(FBN1):c.202T>A (p.Cys68Ser)	2200	FBN1	Likely pathogenic	GRCh38	520234
single nucleotide variant	NM_000138.5(FBN1):c.8530C>T (p.Gln2844Ter)	2200	FBN1	Likely pathogenic	GRCh38	520501
single nucleotide variant	NM_000138.5(FBN1):c.5626T>C (p.Cys1876Arg)	2200	FBN1	Pathogenic/Likely pathogenic	GRCh38	520499
single nucleotide variant	NM_000138.5(FBN1):c.5016T>G (p.Cys1672Trp)	2200	FBN1	Likely pathogenic	GRCh38	520497
single nucleotide variant	NM_000138.5(FBN1):c.2696G>A (p.Gly899Glu)	2200	FBN1	Likely pathogenic	GRCh38	520494
single nucleotide variant	NM_000138.5(FBN1):c.2216G>A (p.Cys739Tyr)	2200	FBN1	Pathogenic	GRCh38	520498
single nucleotide variant	NM_000138.5(FBN1):c.1904A>G (p.Tyr635Cys)	2200	FBN1	Pathogenic/Likely pathogenic	GRCh38	520493
single nucleotide variant	NM_000138.5(FBN1):c.7006G>T (p.Glu2336Ter)	2200	FBN1	Pathogenic	GRCh38	521084
single nucleotide variant	NM_000138.5(FBN1):c.5999G>A (p.Cys2000Tyr)	2200	FBN1	Pathogenic/Likely pathogenic	GRCh38	521729
single nucleotide variant	NM_000138.5(FBN1):c.7829A>G (p.Glu2610Gly)	2200	FBN1	Likely pathogenic	GRCh38	523335
single nucleotide variant	NM_000138.5(FBN1):c.6982C>T (p.Gln2328Ter)	2200	FBN1	Pathogenic/Likely pathogenic	GRCh38	523797
single nucleotide variant	NM_000138.5(FBN1):c.3795T>A (p.Cys1265Ter)	2200	FBN1	Pathogenic	GRCh38	523795
single nucleotide variant	NM_000138.5(FBN1):c.1074C>A (p.Cys358Ter)	2200	FBN1	Pathogenic	GRCh38	523911
single nucleotide variant	NM_000138.5(FBN1):c.7532G>A (p.Cys2511Tyr)	2200	FBN1	Pathogenic/Likely pathogenic	GRCh38	527160
single nucleotide variant	NM_000138.5(FBN1):c.7134C>G (p.Cys2378Trp)	2200	FBN1	Likely pathogenic	GRCh38	527188
single nucleotide variant	NM_000138.5(FBN1):c.5590C>T (p.Gln1864Ter)	2200	FBN1	Pathogenic	GRCh38	527195
single nucleotide variant	NM_000138.5(FBN1):c.4099T>A (p.Cys1367Ser)	2200	FBN1	Likely pathogenic	GRCh38	527159
single nucleotide variant	NM_000138.5(FBN1):c.4031G>A (p.Gly1344Glu)	2200	FBN1	Pathogenic/Likely pathogenic	GRCh38	527181
single nucleotide variant	NM_000138.5(FBN1):c.3408C>A (p.Tyr1136Ter)	2200	FBN1	Pathogenic	GRCh38	527176
single nucleotide variant	NM_000138.5(FBN1):c.5417G>T (p.Cys1806Phe)	2200	FBN1	Pathogenic/Likely pathogenic	GRCh38	527203
single nucleotide variant	NM_000138.5(FBN1):c.4816+1G>C	2200	FBN1	Pathogenic	GRCh38	527140
single nucleotide variant	NM_000138.5(FBN1):c.4510A>T (p.Asn1504Tyr)	2200	FBN1	Likely pathogenic	GRCh38	527168
single nucleotide variant	NM_000138.5(FBN1):c.2342G>A (p.Cys781Tyr)	2200	FBN1	Pathogenic/Likely pathogenic	GRCh38	527217
single nucleotide variant	NM_000138.5(FBN1):c.1915T>C (p.Cys639Arg)	2200	FBN1	Pathogenic	GRCh38	527206
single nucleotide variant	NM_000138.5(FBN1):c.400T>C (p.Cys134Arg)	2200	FBN1	Pathogenic	GRCh38	527141
single nucleotide variant	NM_000138.5(FBN1):c.7605C>A (p.Cys2535Ter)	2200	FBN1	Pathogenic	GRCh38	527183
single nucleotide variant	NM_000138.5(FBN1):c.7298A>G (p.Tyr2433Cys)	2200	FBN1	Likely pathogenic	GRCh38	527193
single nucleotide variant	NM_000138.5(FBN1):c.6380-2A>G	2200	FBN1	Likely pathogenic	GRCh38	527170
single nucleotide variant	NM_000138.5(FBN1):c.6158G>A (p.Cys2053Tyr)	2200	FBN1	Pathogenic	GRCh38	527145
single nucleotide variant	NM_000138.5(FBN1):c.5930G>A (p.Cys1977Tyr)	2200	FBN1	Pathogenic/Likely pathogenic	GRCh38	527152
single nucleotide variant	NM_000138.5(FBN1):c.4460A>G (p.Asp1487Gly)	2200	FBN1	Pathogenic/Likely pathogenic	GRCh38	527205
single nucleotide variant	NM_000138.5(FBN1):c.4044T>G (p.Cys1348Trp)	2200	FBN1	Pathogenic	GRCh38	527200
single nucleotide variant	NM_000138.5(FBN1):c.3012C>A (p.Tyr1004Ter)	2200	FBN1	Pathogenic	GRCh38	527177
single nucleotide variant	NM_000138.5(FBN1):c.2986T>C (p.Cys996Arg)	2200	FBN1	Pathogenic	GRCh38	527151
single nucleotide variant	NM_000138.5(FBN1):c.2777G>A (p.Cys926Tyr)	2200	FBN1	Pathogenic	GRCh38	527216
single nucleotide variant	NM_000138.5(FBN1):c.2651G>A (p.Gly884Glu)	2200	FBN1	Pathogenic/Likely pathogenic	GRCh38	527201
single nucleotide variant	NM_000138.5(FBN1):c.701G>A (p.Gly234Asp)	2200	FBN1	Pathogenic	GRCh38	527174
single nucleotide variant	NM_000138.5(FBN1):c.8333T>G (p.Leu2778Arg)	2200	FBN1	Likely pathogenic	GRCh38	527186
single nucleotide variant	NM_000138.5(FBN1):c.8173A>T (p.Lys2725Ter)	2200	FBN1	Pathogenic	GRCh38	527171
single nucleotide variant	NM_000138.5(FBN1):c.7954T>C (p.Cys2652Arg)	2200	FBN1	Pathogenic	GRCh38	527194
single nucleotide variant	NM_000138.5(FBN1):c.7365C>G (p.Cys2455Trp)	2200	FBN1	Likely pathogenic	GRCh38	527210
single nucleotide variant	NM_000138.5(FBN1):c.7092C>A (p.Cys2364Ter)	2200	FBN1	Pathogenic	GRCh38	527162
single nucleotide variant	NM_000138.5(FBN1):c.6998-2A>T	2200	FBN1	Pathogenic	GRCh38	527142
single nucleotide variant	NM_000138.5(FBN1):c.6610T>C (p.Cys2204Arg)	2200	FBN1	Pathogenic/Likely pathogenic	GRCh38	527154
single nucleotide variant	NM_000138.5(FBN1):c.4973G>A (p.Cys1658Tyr)	2200	FBN1	Pathogenic	GRCh38	527218
single nucleotide variant	NM_000138.5(FBN1):c.3778G>T (p.Glu1260Ter)	2200	FBN1	Pathogenic	GRCh38	527164
single nucleotide variant	NM_000138.5(FBN1):c.3337+1G>T	2200	FBN1	Pathogenic	GRCh38	527150
single nucleotide variant	NM_000138.5(FBN1):c.2258G>A (p.Gly753Glu)	2200	FBN1	Likely pathogenic	GRCh38	527163
single nucleotide variant	NM_000138.5(FBN1):c.1837+5G>A	2200	FBN1	Pathogenic/Likely pathogenic	GRCh38	527158
single nucleotide variant	NM_000138.5(FBN1):c.1589-1G>A	2200	FBN1	Pathogenic	GRCh38	527198
single nucleotide variant	NM_000138.5(FBN1):c.2737G>A (p.Glu913Lys)	2200	FBN1	Likely pathogenic	GRCh38	546242
single nucleotide variant	NM_000138.5(FBN1):c.7800C>G (p.Tyr2600Ter)	2200	FBN1	Pathogenic/Likely pathogenic	GRCh38	547347
single nucleotide variant	NM_000138.5(FBN1):c.7498T>C (p.Cys2500Arg)	2200	FBN1	Pathogenic	GRCh38	547346
single nucleotide variant	NM_000138.5(FBN1):c.7205-2A>C	2200	FBN1	Likely pathogenic	GRCh38	547345
single nucleotide variant	NM_000138.5(FBN1):c.7015T>C (p.Cys2339Arg)	2200	FBN1	Pathogenic/Likely pathogenic	GRCh38	547343
single nucleotide variant	NM_000138.5(FBN1):c.6491G>A (p.Cys2164Tyr)	2200	FBN1	Pathogenic	GRCh38	547340
single nucleotide variant	NM_000138.5(FBN1):c.6254G>A (p.Cys2085Tyr)	2200	FBN1	Likely pathogenic	GRCh38	547338
single nucleotide variant	NM_000138.5(FBN1):c.6244G>T (p.Glu2082Ter)	2200	FBN1	Pathogenic/Likely pathogenic	GRCh38	547337
single nucleotide variant	NM_000138.5(FBN1):c.5826C>A (p.Cys1942Ter)	2200	FBN1	Pathogenic	GRCh38	547334
single nucleotide variant	NM_000138.5(FBN1):c.5788G>A (p.Asp1930Asn)	2200	FBN1	Pathogenic/Likely pathogenic	GRCh38	547333
single nucleotide variant	NM_000138.5(FBN1):c.5416T>C (p.Cys1806Arg)	2200	FBN1	Pathogenic/Likely pathogenic	GRCh38	547331
single nucleotide variant	NM_000138.5(FBN1):c.5065+1G>T	2200	FBN1	Pathogenic/Likely pathogenic	GRCh38	547328
single nucleotide variant	NM_000138.5(FBN1):c.5065+1G>C	2200	FBN1	Pathogenic/Likely pathogenic	GRCh38	547327
single nucleotide variant	NM_000138.5(FBN1):c.5021G>A (p.Cys1674Tyr)	2200	FBN1	Pathogenic	GRCh38	547326
single nucleotide variant	NM_000138.5(FBN1):c.4988G>T (p.Cys1663Phe)	2200	FBN1	Pathogenic	GRCh38	547325
single nucleotide variant	NM_000138.5(FBN1):c.4943-1G>A	2200	FBN1	Likely pathogenic	GRCh38	547324
single nucleotide variant	NM_000138.5(FBN1):c.4538G>A (p.Cys1513Tyr)	2200	FBN1	Likely pathogenic	GRCh38	547322
single nucleotide variant	NM_000138.5(FBN1):c.4490G>A (p.Cys1497Tyr)	2200	FBN1	Pathogenic/Likely pathogenic	GRCh38	547321
single nucleotide variant	NM_000138.5(FBN1):c.3617G>A (p.Gly1206Asp)	2200	FBN1	Likely pathogenic	GRCh38	547312
single nucleotide variant	NM_000138.5(FBN1):c.3558C>G (p.Tyr1186Ter)	2200	FBN1	Pathogenic/Likely pathogenic	GRCh38	547311
single nucleotide variant	NM_000138.5(FBN1):c.3518A>C (p.Asn1173Thr)	2200	FBN1	Likely pathogenic	GRCh38	547310
single nucleotide variant	NM_000138.5(FBN1):c.3476G>A (p.Cys1159Tyr)	2200	FBN1	Pathogenic	GRCh38	547309
single nucleotide variant	NM_000138.5(FBN1):c.3157T>G (p.Cys1053Gly)	2200	FBN1	Likely pathogenic	GRCh38	547307
single nucleotide variant	NM_000138.5(FBN1):c.2051G>T (p.Cys684Phe)	2200	FBN1	Pathogenic/Likely pathogenic	GRCh38	547301
single nucleotide variant	NM_000138.5(FBN1):c.8536G>T (p.Glu2846Ter)	2200	FBN1	Pathogenic	GRCh38	549468
single nucleotide variant	NM_000138.5(FBN1):c.8447A>C (p.His2816Pro)	2200	FBN1	Likely pathogenic	GRCh38	549464
single nucleotide variant	NM_000138.5(FBN1):c.8015G>C (p.Cys2672Ser)	2200	FBN1	Likely pathogenic	GRCh38	549450
single nucleotide variant	NM_000138.5(FBN1):c.8015G>A (p.Cys2672Tyr)	2200	FBN1	Likely pathogenic	GRCh38	549449
single nucleotide variant	NM_000138.5(FBN1):c.7982A>G (p.Tyr2661Cys)	2200	FBN1	Pathogenic/Likely pathogenic	GRCh38	549448
single nucleotide variant	NM_000138.5(FBN1):c.7975T>G (p.Cys2659Gly)	2200	FBN1	Pathogenic	GRCh38	549447
single nucleotide variant	NM_000138.5(FBN1):c.7936T>C (p.Cys2646Arg)	2200	FBN1	Likely pathogenic	GRCh38	549444
single nucleotide variant	NM_000138.5(FBN1):c.7921C>T (p.Gln2641Ter)	2200	FBN1	Pathogenic	GRCh38	549441
single nucleotide variant	NM_000138.5(FBN1):c.7892G>T (p.Cys2631Phe)	2200	FBN1	Pathogenic/Likely pathogenic	GRCh38	549439
single nucleotide variant	NM_000138.5(FBN1):c.7871A>G (p.Asn2624Ser)	2200	FBN1	Pathogenic/Likely pathogenic	GRCh38	549437
single nucleotide variant	NM_000138.5(FBN1):c.7864T>C (p.Cys2622Arg)	2200	FBN1	Pathogenic	GRCh38	549436
single nucleotide variant	NM_000138.5(FBN1):c.7864T>A (p.Cys2622Ser)	2200	FBN1	Likely pathogenic	GRCh38	549435
single nucleotide variant	NM_000138.5(FBN1):c.7850G>A (p.Cys2617Tyr)	2200	FBN1	Likely pathogenic	GRCh38	549434
single nucleotide variant	NM_000138.5(FBN1):c.7829A>T (p.Glu2610Val)	2200	FBN1	Likely pathogenic	GRCh38	549433
single nucleotide variant	NM_000138.5(FBN1):c.7780C>T (p.Gln2594Ter)	2200	FBN1	Pathogenic	GRCh38	549429
single nucleotide variant	NM_000138.5(FBN1):c.7746G>A (p.Gln2582=)	2200	FBN1	Likely pathogenic	GRCh38	549427
single nucleotide variant	NM_000138.5(FBN1):c.7742G>A (p.Cys2581Tyr)	2200	FBN1	Likely pathogenic	GRCh38	549426
single nucleotide variant	NM_000138.5(FBN1):c.7712G>T (p.Cys2571Phe)	2200	FBN1	Likely pathogenic	GRCh38	549423
single nucleotide variant	NM_000138.5(FBN1):c.7712G>A (p.Cys2571Tyr)	2200	FBN1	Pathogenic/Likely pathogenic	GRCh38	549422
single nucleotide variant	NM_000138.5(FBN1):c.7699+1G>A	2200	FBN1	Pathogenic/Likely pathogenic	GRCh38	549421
single nucleotide variant	NM_000138.5(FBN1):c.7603T>C (p.Cys2535Arg)	2200	FBN1	Likely pathogenic	GRCh38	549418
single nucleotide variant	NM_000138.5(FBN1):c.7566C>A (p.Cys2522Ter)	2200	FBN1	Likely pathogenic	GRCh38	549415
single nucleotide variant	NM_000138.5(FBN1):c.7487G>T (p.Cys2496Phe)	2200	FBN1	Pathogenic	GRCh38	549414
single nucleotide variant	NM_000138.5(FBN1):c.7486T>A (p.Cys2496Ser)	2200	FBN1	Likely pathogenic	GRCh38	549413
single nucleotide variant	NM_000138.5(FBN1):c.7465T>G (p.Cys2489Gly)	2200	FBN1	Likely pathogenic	GRCh38	549412
single nucleotide variant	NM_000138.5(FBN1):c.7448G>C (p.Cys2483Ser)	2200	FBN1	Pathogenic	GRCh38	549411
single nucleotide variant	NM_000138.5(FBN1):c.7447T>C (p.Cys2483Arg)	2200	FBN1	Pathogenic/Likely pathogenic	GRCh38	549410
single nucleotide variant	NM_000138.5(FBN1):c.7432G>T (p.Glu2478Ter)	2200	FBN1	Pathogenic	GRCh38	549409
single nucleotide variant	NM_000138.5(FBN1):c.7410C>G (p.Cys2470Trp)	2200	FBN1	Pathogenic/Likely pathogenic	GRCh38	549408
single nucleotide variant	NM_000138.5(FBN1):c.7409G>A (p.Cys2470Tyr)	2200	FBN1	Pathogenic	GRCh38	549407
single nucleotide variant	NM_000138.5(FBN1):c.7408T>C (p.Cys2470Arg)	2200	FBN1	Likely pathogenic	GRCh38	549406
single nucleotide variant	NM_000138.5(FBN1):c.7398C>A (p.Tyr2466Ter)	2200	FBN1	Pathogenic	GRCh38	549405
single nucleotide variant	NM_000138.5(FBN1):c.7331-1G>C	2200	FBN1	Likely pathogenic	GRCh38	549402
single nucleotide variant	NM_000138.5(FBN1):c.7324T>A (p.Cys2442Ser)	2200	FBN1	Pathogenic/Likely pathogenic	GRCh38	549400
single nucleotide variant	NM_000138.5(FBN1):c.7252T>C (p.Cys2418Arg)	2200	FBN1	Pathogenic	GRCh38	549398
single nucleotide variant	NM_000138.5(FBN1):c.7204+2T>C	2200	FBN1	Likely pathogenic	GRCh38	549395
single nucleotide variant	NM_000138.5(FBN1):c.7204+1G>T	2200	FBN1	Pathogenic	GRCh38	549394
single nucleotide variant	NM_000138.5(FBN1):c.7084G>T (p.Glu2362Ter)	2200	FBN1	Likely pathogenic	GRCh38	549390
single nucleotide variant	NM_000138.5(FBN1):c.7082C>A (p.Ser2361Ter)	2200	FBN1	Pathogenic	GRCh38	549389
single nucleotide variant	NM_000138.5(FBN1):c.7014C>G (p.Tyr2338Ter)	2200	FBN1	Likely pathogenic	GRCh38	549383
single nucleotide variant	NM_000138.5(FBN1):c.6993C>A (p.Cys2331Ter)	2200	FBN1	Pathogenic	GRCh38	549382
single nucleotide variant	NM_000138.5(FBN1):c.6952T>C (p.Cys2318Arg)	2200	FBN1	Pathogenic	GRCh38	549381
single nucleotide variant	NM_000138.5(FBN1):c.6949G>T (p.Glu2317Ter)	2200	FBN1	Likely pathogenic	GRCh38	549380
single nucleotide variant	NM_000138.5(FBN1):c.6947G>T (p.Cys2316Phe)	2200	FBN1	Pathogenic	GRCh38	549379
single nucleotide variant	NM_000138.5(FBN1):c.6947G>A (p.Cys2316Tyr)	2200	FBN1	Pathogenic	GRCh38	549378
single nucleotide variant	NM_000138.5(FBN1):c.6883T>G (p.Cys2295Gly)	2200	FBN1	Likely pathogenic	GRCh38	549374
single nucleotide variant	NM_000138.5(FBN1):c.6881A>C (p.Glu2294Ala)	2200	FBN1	Likely pathogenic	GRCh38	549373
single nucleotide variant	NM_000138.5(FBN1):c.6856G>T (p.Gly2286Ter)	2200	FBN1	Likely pathogenic	GRCh38	549372
single nucleotide variant	NM_000138.5(FBN1):c.6801C>A (p.Asn2267Lys)	2200	FBN1	Likely pathogenic	GRCh38	549370
single nucleotide variant	NM_000138.5(FBN1):c.6688T>C (p.Cys2230Arg)	2200	FBN1	Pathogenic/Likely pathogenic	GRCh38	549360
single nucleotide variant	NM_000138.5(FBN1):c.6628T>A (p.Cys2210Ser)	2200	FBN1	Likely pathogenic	GRCh38	549354
single nucleotide variant	NM_000138.5(FBN1):c.6611G>T (p.Cys2204Phe)	2200	FBN1	Pathogenic	GRCh38	549353
single nucleotide variant	NM_000138.5(FBN1):c.6583G>T (p.Gly2195Ter)	2200	FBN1	Pathogenic	GRCh38	549351
single nucleotide variant	NM_000138.5(FBN1):c.6496+2T>G	2200	FBN1	Pathogenic	GRCh38	549347
single nucleotide variant	NM_000138.5(FBN1):c.6496+1G>A	2200	FBN1	Pathogenic	GRCh38	549346
single nucleotide variant	NM_000138.5(FBN1):c.6424T>A (p.Cys2142Ser)	2200	FBN1	Likely pathogenic	GRCh38	549344
single nucleotide variant	NM_000138.5(FBN1):c.6388G>T (p.Glu2130Ter)	2200	FBN1	Pathogenic	GRCh38	549342
single nucleotide variant	NM_000138.5(FBN1):c.6331T>C (p.Cys2111Arg)	2200	FBN1	Pathogenic/Likely pathogenic	GRCh38	549340
single nucleotide variant	NM_000138.5(FBN1):c.6322C>T (p.Arg2108Cys)	2200	FBN1	Pathogenic/Likely pathogenic	GRCh38	549339
single nucleotide variant	NM_000138.5(FBN1):c.6254G>C (p.Cys2085Ser)	2200	FBN1	Likely pathogenic	GRCh38	549337
single nucleotide variant	NM_000138.5(FBN1):c.6251G>A (p.Cys2084Tyr)	2200	FBN1	Likely pathogenic	GRCh38	549336
single nucleotide variant	NM_000138.5(FBN1):c.6236C>G (p.Ser2079Cys)	2200	FBN1	Likely pathogenic	GRCh38	549335
single nucleotide variant	NM_000138.5(FBN1):c.6181T>C (p.Cys2061Arg)	2200	FBN1	Pathogenic/Likely pathogenic	GRCh38	549333
single nucleotide variant	NM_000138.5(FBN1):c.6164-1G>C	2200	FBN1	Likely pathogenic	GRCh38	549332
single nucleotide variant	NM_000138.5(FBN1):c.6160C>T (p.Gln2054Ter)	2200	FBN1	Pathogenic	GRCh38	549331
single nucleotide variant	NM_000138.5(FBN1):c.6087C>G (p.Cys2029Trp)	2200	FBN1	Likely pathogenic	GRCh38	549330
single nucleotide variant	NM_000138.5(FBN1):c.6064G>T (p.Glu2022Ter)	2200	FBN1	Pathogenic	GRCh38	549329
single nucleotide variant	NM_000138.5(FBN1):c.6037G>C (p.Asp2013His)	2200	FBN1	Likely pathogenic	GRCh38	549325
single nucleotide variant	NM_000138.5(FBN1):c.6019C>T (p.Gln2007Ter)	2200	FBN1	Likely pathogenic	GRCh38	549324
single nucleotide variant	NM_000138.5(FBN1):c.5994C>G (p.Cys1998Trp)	2200	FBN1	Pathogenic	GRCh38	549323
single nucleotide variant	NM_000138.5(FBN1):c.5950T>C (p.Cys1984Arg)	2200	FBN1	Pathogenic/Likely pathogenic	GRCh38	549320
single nucleotide variant	NM_000138.5(FBN1):c.5912G>A (p.Cys1971Tyr)	2200	FBN1	Likely pathogenic	GRCh38	549316
single nucleotide variant	NM_000138.5(FBN1):c.5911T>G (p.Cys1971Gly)	2200	FBN1	Likely pathogenic	GRCh38	549315
single nucleotide variant	NM_000138.5(FBN1):c.5809G>T (p.Gly1937Ter)	2200	FBN1	Pathogenic	GRCh38	549309
single nucleotide variant	NM_000138.5(FBN1):c.5800T>A (p.Cys1934Ser)	2200	FBN1	Pathogenic	GRCh38	549308
single nucleotide variant	NM_000138.5(FBN1):c.5788+1G>T	2200	FBN1	Pathogenic/Likely pathogenic	GRCh38	549304
single nucleotide variant	NM_000138.5(FBN1):c.5788G>T (p.Asp1930Tyr)	2200	FBN1	Likely pathogenic	GRCh38	549306
single nucleotide variant	NM_000138.5(FBN1):c.5699G>T (p.Cys1900Phe)	2200	FBN1	Likely pathogenic	GRCh38	549298
single nucleotide variant	NM_000138.5(FBN1):c.5672-1G>A	2200	FBN1	Pathogenic/Likely pathogenic	GRCh38	549295
single nucleotide variant	NM_000138.5(FBN1):c.5593T>C (p.Cys1865Arg)	2200	FBN1	Pathogenic	GRCh38	549291
single nucleotide variant	NM_000138.5(FBN1):c.5558G>C (p.Cys1853Ser)	2200	FBN1	Pathogenic	GRCh38	549290
single nucleotide variant	NM_000138.5(FBN1):c.5557T>A (p.Cys1853Ser)	2200	FBN1	Pathogenic	GRCh38	549289
single nucleotide variant	NM_000138.5(FBN1):c.5545+1G>A	2200	FBN1	Likely pathogenic	GRCh38	549288
single nucleotide variant	NM_000138.5(FBN1):c.5539T>C (p.Cys1847Arg)	2200	FBN1	Likely pathogenic	GRCh38	549286
single nucleotide variant	NM_000138.5(FBN1):c.5504G>T (p.Cys1835Phe)	2200	FBN1	Likely pathogenic	GRCh38	549284
single nucleotide variant	NM_000138.5(FBN1):c.5503T>C (p.Cys1835Arg)	2200	FBN1	Pathogenic	GRCh38	549283
single nucleotide variant	NM_000138.5(FBN1):c.5503T>A (p.Cys1835Ser)	2200	FBN1	Pathogenic	GRCh38	549282
single nucleotide variant	NM_000138.5(FBN1):c.5493C>G (p.Tyr1831Ter)	2200	FBN1	Pathogenic	GRCh38	549280
single nucleotide variant	NM_000138.5(FBN1):c.5435G>A (p.Cys1812Tyr)	2200	FBN1	Likely pathogenic	GRCh38	549277
single nucleotide variant	NM_000138.5(FBN1):c.5377T>A (p.Cys1793Ser)	2200	FBN1	Pathogenic	GRCh38	549275
single nucleotide variant	NM_000138.5(FBN1):c.5373T>G (p.Cys1791Trp)	2200	FBN1	Pathogenic	GRCh38	549274
single nucleotide variant	NM_000138.5(FBN1):c.5297-1G>A	2200	FBN1	Pathogenic	GRCh38	549269
single nucleotide variant	NM_000138.5(FBN1):c.5296+1G>C	2200	FBN1	Likely pathogenic	GRCh38	549268
single nucleotide variant	NM_000138.5(FBN1):c.5225-2A>C	2200	FBN1	Likely pathogenic	GRCh38	549266
single nucleotide variant	NM_000138.5(FBN1):c.5156G>A (p.Cys1719Tyr)	2200	FBN1	Pathogenic	GRCh38	549263
single nucleotide variant	NM_000138.5(FBN1):c.5061C>A (p.Cys1687Ter)	2200	FBN1	Pathogenic	GRCh38	549260
single nucleotide variant	NM_000138.5(FBN1):c.5020T>C (p.Cys1674Arg)	2200	FBN1	Likely pathogenic	GRCh38	549258
single nucleotide variant	NM_000138.5(FBN1):c.5015G>C (p.Cys1672Ser)	2200	FBN1	Pathogenic	GRCh38	549257
single nucleotide variant	NM_000138.5(FBN1):c.4914C>A (p.Tyr1638Ter)	2200	FBN1	Pathogenic	GRCh38	549254
single nucleotide variant	NM_000138.5(FBN1):c.4898G>A (p.Cys1633Tyr)	2200	FBN1	Likely pathogenic	GRCh38	549253
single nucleotide variant	NM_000138.5(FBN1):c.4787G>C (p.Arg1596Pro)	2200	FBN1	Likely pathogenic	GRCh38	549248
single nucleotide variant	NM_000138.5(FBN1):c.4766G>T (p.Cys1589Phe)	2200	FBN1	Pathogenic/Likely pathogenic	GRCh38	549246
single nucleotide variant	NM_000138.5(FBN1):c.4602C>G (p.Cys1534Trp)	2200	FBN1	Likely pathogenic	GRCh38	549243
single nucleotide variant	NM_000138.5(FBN1):c.4583-1G>A	2200	FBN1	Likely pathogenic	GRCh38	549242
single nucleotide variant	NM_000138.5(FBN1):c.4582+2T>G	2200	FBN1	Pathogenic	GRCh38	549241
single nucleotide variant	NM_000138.5(FBN1):c.4531T>G (p.Cys1511Gly)	2200	FBN1	Pathogenic	GRCh38	549240
single nucleotide variant	NM_000138.5(FBN1):c.4511A>G (p.Asn1504Ser)	2200	FBN1	Pathogenic	GRCh38	549239
single nucleotide variant	NM_000138.5(FBN1):c.4490G>C (p.Cys1497Ser)	2200	FBN1	Pathogenic	GRCh38	549237
single nucleotide variant	NM_000138.5(FBN1):c.4468G>A (p.Glu1490Lys)	2200	FBN1	Pathogenic/Likely pathogenic	GRCh38	549235
single nucleotide variant	NM_000138.5(FBN1):c.4460-1G>C	2200	FBN1	Likely pathogenic	GRCh38	549233
single nucleotide variant	NM_000138.5(FBN1):c.4459G>A (p.Asp1487Asn)	2200	FBN1	Pathogenic	GRCh38	549232
single nucleotide variant	NM_000138.5(FBN1):c.4454G>A (p.Cys1485Tyr)	2200	FBN1	Likely pathogenic	GRCh38	549231
single nucleotide variant	NM_000138.5(FBN1):c.4414T>C (p.Cys1472Arg)	2200	FBN1	Pathogenic	GRCh38	549229
single nucleotide variant	NM_000138.5(FBN1):c.4349G>A (p.Cys1450Tyr)	2200	FBN1	Pathogenic	GRCh38	549227
single nucleotide variant	NM_000138.5(FBN1):c.4348T>A (p.Cys1450Ser)	2200	FBN1	Likely pathogenic	GRCh38	549226
single nucleotide variant	NM_000138.5(FBN1):c.4337-1G>T	2200	FBN1	Pathogenic	GRCh38	549222
single nucleotide variant	NM_000138.5(FBN1):c.4292G>A (p.Cys1431Tyr)	2200	FBN1	Pathogenic	GRCh38	549219
single nucleotide variant	NM_000138.5(FBN1):c.4287T>G (p.Cys1429Trp)	2200	FBN1	Pathogenic	GRCh38	549218
single nucleotide variant	NM_000138.5(FBN1):c.4286G>A (p.Cys1429Tyr)	2200	FBN1	Pathogenic/Likely pathogenic	GRCh38	549216
single nucleotide variant	NM_000138.5(FBN1):c.4285T>A (p.Cys1429Ser)	2200	FBN1	Pathogenic	GRCh38	549215
single nucleotide variant	NM_000138.5(FBN1):c.4099T>C (p.Cys1367Arg)	2200	FBN1	Likely pathogenic	GRCh38	549209
single nucleotide variant	NM_000138.5(FBN1):c.4087+5G>A	2200	FBN1	Likely pathogenic	GRCh38	549207
single nucleotide variant	NM_000138.5(FBN1):c.4049G>T (p.Cys1350Phe)	2200	FBN1	Pathogenic	GRCh38	549204
single nucleotide variant	NM_000138.5(FBN1):c.4049G>A (p.Cys1350Tyr)	2200	FBN1	Pathogenic	GRCh38	549203
single nucleotide variant	NM_000138.5(FBN1):c.4016G>A (p.Cys1339Tyr)	2200	FBN1	Pathogenic	GRCh38	549200
single nucleotide variant	NM_000138.5(FBN1):c.3959G>T (p.Cys1320Phe)	2200	FBN1	Likely pathogenic	GRCh38	549197
single nucleotide variant	NM_000138.5(FBN1):c.3959G>C (p.Cys1320Ser)	2200	FBN1	Pathogenic	GRCh38	549196
single nucleotide variant	NM_000138.5(FBN1):c.3932A>G (p.Tyr1311Cys)	2200	FBN1	Pathogenic/Likely pathogenic	GRCh38	549194
single nucleotide variant	NM_000138.5(FBN1):c.3915C>A (p.Cys1305Ter)	2200	FBN1	Likely pathogenic	GRCh38	549193
single nucleotide variant	NM_000138.5(FBN1):c.3847G>A (p.Glu1283Lys)	2200	FBN1	Likely pathogenic	GRCh38	549190
single nucleotide variant	NM_000138.5(FBN1):c.3839A>T (p.Asp1280Val)	2200	FBN1	Likely pathogenic	GRCh38	549189
single nucleotide variant	NM_000138.5(FBN1):c.3706T>C (p.Cys1236Arg)	2200	FBN1	Likely pathogenic	GRCh38	549182
single nucleotide variant	NM_000138.5(FBN1):c.3656A>G (p.Tyr1219Cys)	2200	FBN1	Pathogenic/Likely pathogenic	GRCh38	549181
single nucleotide variant	NM_000138.5(FBN1):c.3650G>A (p.Gly1217Asp)	2200	FBN1	Likely pathogenic	GRCh38	549180
single nucleotide variant	NM_000138.5(FBN1):c.3641A>G (p.Asn1214Ser)	2200	FBN1	Likely pathogenic	GRCh38	549179
single nucleotide variant	NM_000138.5(FBN1):c.3602G>A (p.Cys1201Tyr)	2200	FBN1	Likely pathogenic	GRCh38	549176
single nucleotide variant	NM_000138.5(FBN1):c.3589+1G>T	2200	FBN1	Pathogenic	GRCh38	549175
single nucleotide variant	NM_000138.5(FBN1):c.3554G>A (p.Gly1185Asp)	2200	FBN1	Likely pathogenic	GRCh38	549173
single nucleotide variant	NM_000138.5(FBN1):c.3539G>A (p.Cys1180Tyr)	2200	FBN1	Pathogenic	GRCh38	549172
single nucleotide variant	NM_000138.5(FBN1):c.3533A>G (p.Tyr1178Cys)	2200	FBN1	Likely pathogenic	GRCh38	549171
single nucleotide variant	NM_000138.5(FBN1):c.3512G>A (p.Cys1171Tyr)	2200	FBN1	Pathogenic	GRCh38	549170
single nucleotide variant	NM_000138.5(FBN1):c.3475T>C (p.Cys1159Arg)	2200	FBN1	Pathogenic/Likely pathogenic	GRCh38	549168
single nucleotide variant	NM_000138.5(FBN1):c.3419G>T (p.Cys1140Phe)	2200	FBN1	Likely pathogenic	GRCh38	549164
single nucleotide variant	NM_000138.5(FBN1):c.3346G>A (p.Glu1116Lys)	2200	FBN1	Likely pathogenic	GRCh38	549159
single nucleotide variant	NM_000138.5(FBN1):c.3338A>G (p.Asp1113Gly)	2200	FBN1	Pathogenic/Likely pathogenic	GRCh38	549158
single nucleotide variant	NM_000138.5(FBN1):c.3303T>A (p.Tyr1101Ter)	2200	FBN1	Pathogenic	GRCh38	549155
single nucleotide variant	NM_000138.5(FBN1):c.3302A>G (p.Tyr1101Cys)	2200	FBN1	Pathogenic/Likely pathogenic	GRCh38	549154
single nucleotide variant	NM_000138.5(FBN1):c.3299G>T (p.Gly1100Val)	2200	FBN1	Likely pathogenic	GRCh38	549152
single nucleotide variant	NM_000138.5(FBN1):c.3299G>C (p.Gly1100Ala)	2200	FBN1	Likely pathogenic	GRCh38	549151
single nucleotide variant	NM_000138.5(FBN1):c.3290G>A (p.Cys1097Tyr)	2200	FBN1	Pathogenic	GRCh38	549150
single nucleotide variant	NM_000138.5(FBN1):c.3268C>T (p.Pro1090Ser)	2200	FBN1	Likely pathogenic	GRCh38	549149
single nucleotide variant	NM_000138.5(FBN1):c.3256T>C (p.Cys1086Arg)	2200	FBN1	Pathogenic	GRCh38	549147
single nucleotide variant	NM_000138.5(FBN1):c.3214G>C (p.Asp1072His)	2200	FBN1	Likely pathogenic	GRCh38	549143
single nucleotide variant	NM_000138.5(FBN1):c.3203G>A (p.Cys1068Tyr)	2200	FBN1	Pathogenic	GRCh38	549138
single nucleotide variant	NM_000138.5(FBN1):c.3202T>C (p.Cys1068Arg)	2200	FBN1	Pathogenic	GRCh38	549137
single nucleotide variant	NM_000138.5(FBN1):c.3165T>G (p.Cys1055Trp)	2200	FBN1	Likely pathogenic	GRCh38	549136
single nucleotide variant	NM_000138.5(FBN1):c.3157T>A (p.Cys1053Ser)	2200	FBN1	Likely pathogenic	GRCh38	549135
single nucleotide variant	NM_000138.5(FBN1):c.3149G>T (p.Ser1050Ile)	2200	FBN1	Likely pathogenic	GRCh38	549133
single nucleotide variant	NM_000138.5(FBN1):c.3143T>C (p.Ile1048Thr)	2200	FBN1	Pathogenic/Likely pathogenic	GRCh38	549131
single nucleotide variant	NM_000138.5(FBN1):c.3132C>A (p.Cys1044Ter)	2200	FBN1	Pathogenic	GRCh38	549130
single nucleotide variant	NM_000138.5(FBN1):c.3022T>C (p.Cys1008Arg)	2200	FBN1	Pathogenic/Likely pathogenic	GRCh38	549125
single nucleotide variant	NM_000138.5(FBN1):c.2988T>A (p.Cys996Ter)	2200	FBN1	Likely pathogenic	GRCh38	549123
single nucleotide variant	NM_000138.5(FBN1):c.2942G>A (p.Cys981Tyr)	2200	FBN1	Likely pathogenic	GRCh38	549121
single nucleotide variant	NM_000138.5(FBN1):c.2849G>T (p.Cys950Phe)	2200	FBN1	Pathogenic	GRCh38	549117
single nucleotide variant	NM_000138.5(FBN1):c.2849G>A (p.Cys950Tyr)	2200	FBN1	Likely pathogenic	GRCh38	549116
single nucleotide variant	NM_000138.5(FBN1):c.2740T>A (p.Cys914Ser)	2200	FBN1	Pathogenic	GRCh38	549110
single nucleotide variant	NM_000138.5(FBN1):c.2738A>G (p.Glu913Gly)	2200	FBN1	Likely pathogenic	GRCh38	549109
single nucleotide variant	NM_000138.5(FBN1):c.2737G>T (p.Glu913Ter)	2200	FBN1	Pathogenic	GRCh38	549108
single nucleotide variant	NM_000138.5(FBN1):c.2695G>C (p.Gly899Arg)	2200	FBN1	Likely pathogenic	GRCh38	549105
single nucleotide variant	NM_000138.5(FBN1):c.2678-2A>G	2200	FBN1	Pathogenic	GRCh38	549102
single nucleotide variant	NM_000138.5(FBN1):c.2585G>A (p.Cys862Tyr)	2200	FBN1	Pathogenic	GRCh38	549097
single nucleotide variant	NM_000138.5(FBN1):c.2562G>A (p.Trp854Ter)	2200	FBN1	Pathogenic	GRCh38	549096
single nucleotide variant	NM_000138.5(FBN1):c.2557T>A (p.Cys853Ser)	2200	FBN1	Likely pathogenic	GRCh38	549093
single nucleotide variant	NM_000138.5(FBN1):c.2489G>A (p.Cys830Tyr)	2200	FBN1	Pathogenic	GRCh38	549090
single nucleotide variant	NM_000138.5(FBN1):c.2446T>C (p.Cys816Arg)	2200	FBN1	Pathogenic/Likely pathogenic	GRCh38	549084
single nucleotide variant	NM_000138.5(FBN1):c.2434G>T (p.Glu812Ter)	2200	FBN1	Pathogenic	GRCh38	549083
single nucleotide variant	NM_000138.5(FBN1):c.2433C>G (p.Cys811Trp)	2200	FBN1	Pathogenic	GRCh38	549082
single nucleotide variant	NM_000138.5(FBN1):c.2432G>A (p.Cys811Tyr)	2200	FBN1	Pathogenic/Likely pathogenic	GRCh38	549081
single nucleotide variant	NM_000138.5(FBN1):c.2420-1G>T	2200	FBN1	Likely pathogenic	GRCh38	549079
single nucleotide variant	NM_000138.5(FBN1):c.2369G>A (p.Cys790Tyr)	2200	FBN1	Pathogenic/Likely pathogenic	GRCh38	549076
single nucleotide variant	NM_000138.5(FBN1):c.2368T>A (p.Cys790Ser)	2200	FBN1	Likely pathogenic	GRCh38	549075
single nucleotide variant	NM_000138.5(FBN1):c.2341T>A (p.Cys781Ser)	2200	FBN1	Pathogenic	GRCh38	549074
single nucleotide variant	NM_000138.5(FBN1):c.2327G>A (p.Cys776Tyr)	2200	FBN1	Pathogenic	GRCh38	549073
single nucleotide variant	NM_000138.5(FBN1):c.2287T>G (p.Cys763Gly)	2200	FBN1	Pathogenic	GRCh38	549070
single nucleotide variant	NM_000138.5(FBN1):c.2167G>T (p.Asp723Tyr)	2200	FBN1	Likely pathogenic	GRCh38	549067
single nucleotide variant	NM_000138.5(FBN1):c.2114-1G>C	2200	FBN1	Pathogenic	GRCh38	549064
single nucleotide variant	NM_000138.5(FBN1):c.2054G>A (p.Cys685Tyr)	2200	FBN1	Pathogenic/Likely pathogenic	GRCh38	549062
single nucleotide variant	NM_000138.5(FBN1):c.2051G>C (p.Cys684Ser)	2200	FBN1	Likely pathogenic	GRCh38	549061
single nucleotide variant	NM_000138.5(FBN1):c.1960+2T>C	2200	FBN1	Likely pathogenic	GRCh38	549057
single nucleotide variant	NM_000138.5(FBN1):c.1960+1G>C	2200	FBN1	Pathogenic	GRCh38	549056
single nucleotide variant	NM_000138.5(FBN1):c.1849T>C (p.Cys617Arg)	2200	FBN1	Pathogenic/Likely pathogenic	GRCh38	549054
single nucleotide variant	NM_000138.5(FBN1):c.1838-1G>A	2200	FBN1	Likely pathogenic	GRCh38	549052
single nucleotide variant	NM_000138.5(FBN1):c.1837+2T>C	2200	FBN1	Pathogenic	GRCh38	549051
single nucleotide variant	NM_000138.5(FBN1):c.1837+1G>A	2200	FBN1	Likely pathogenic	GRCh38	549050
single nucleotide variant	NM_000138.5(FBN1):c.1831T>C (p.Cys611Arg)	2200	FBN1	Pathogenic	GRCh38	549049
single nucleotide variant	NM_000138.5(FBN1):c.1801G>T (p.Gly601Ter)	2200	FBN1	Pathogenic	GRCh38	549046
single nucleotide variant	NM_000138.5(FBN1):c.1794C>G (p.Cys598Trp)	2200	FBN1	Pathogenic	GRCh38	549045
single nucleotide variant	NM_000138.5(FBN1):c.1793G>A (p.Cys598Tyr)	2200	FBN1	Likely pathogenic	GRCh38	549044
single nucleotide variant	NM_000138.5(FBN1):c.1775G>A (p.Gly592Asp)	2200	FBN1	Likely pathogenic	GRCh38	549043
single nucleotide variant	NM_000138.5(FBN1):c.1766A>G (p.Asn589Ser)	2200	FBN1	Pathogenic/Likely pathogenic	GRCh38	549041
single nucleotide variant	NM_000138.5(FBN1):c.1760G>A (p.Cys587Tyr)	2200	FBN1	Pathogenic	GRCh38	549040
single nucleotide variant	NM_000138.5(FBN1):c.1754G>A (p.Gly585Glu)	2200	FBN1	Likely pathogenic	GRCh38	549039
single nucleotide variant	NM_000138.5(FBN1):c.1727G>A (p.Cys576Tyr)	2200	FBN1	Pathogenic	GRCh38	549038
single nucleotide variant	NM_000138.5(FBN1):c.1715A>T (p.Asp572Val)	2200	FBN1	Likely pathogenic	GRCh38	549037
single nucleotide variant	NM_000138.5(FBN1):c.1715-1G>A	2200	FBN1	Pathogenic	GRCh38	549036
single nucleotide variant	NM_000138.5(FBN1):c.1709G>A (p.Cys570Tyr)	2200	FBN1	Pathogenic	GRCh38	549035
single nucleotide variant	NM_000138.5(FBN1):c.1664G>A (p.Cys555Tyr)	2200	FBN1	Pathogenic	GRCh38	549033
single nucleotide variant	NM_000138.5(FBN1):c.1636T>C (p.Cys546Arg)	2200	FBN1	Likely pathogenic	GRCh38	549030
single nucleotide variant	NM_000138.5(FBN1):c.1622G>T (p.Cys541Phe)	2200	FBN1	Likely pathogenic	GRCh38	549029
single nucleotide variant	NM_000138.5(FBN1):c.1579G>T (p.Glu527Ter)	2200	FBN1	Pathogenic	GRCh38	549027
single nucleotide variant	NM_000138.5(FBN1):c.1556A>G (p.Tyr519Cys)	2200	FBN1	Pathogenic	GRCh38	549024
single nucleotide variant	NM_000138.5(FBN1):c.1552G>T (p.Gly518Ter)	2200	FBN1	Pathogenic	GRCh38	549023
single nucleotide variant	NM_000138.5(FBN1):c.1537T>C (p.Cys513Arg)	2200	FBN1	Pathogenic/Likely pathogenic	GRCh38	549022
single nucleotide variant	NM_000138.5(FBN1):c.1511G>A (p.Cys504Tyr)	2200	FBN1	Pathogenic	GRCh38	549021
single nucleotide variant	NM_000138.5(FBN1):c.1510T>C (p.Cys504Arg)	2200	FBN1	Pathogenic/Likely pathogenic	GRCh38	549020
single nucleotide variant	NM_000138.5(FBN1):c.1468G>T (p.Asp490Tyr)	2200	FBN1	Likely pathogenic	GRCh38	549019
single nucleotide variant	NM_000138.5(FBN1):c.1463G>T (p.Cys488Phe)	2200	FBN1	Likely pathogenic	GRCh38	549018
single nucleotide variant	NM_000138.5(FBN1):c.1463G>A (p.Cys488Tyr)	2200	FBN1	Pathogenic/Likely pathogenic	GRCh38	549017
single nucleotide variant	NM_000138.5(FBN1):c.1421G>T (p.Cys474Phe)	2200	FBN1	Pathogenic/Likely pathogenic	GRCh38	549015
single nucleotide variant	NM_000138.5(FBN1):c.1390C>T (p.Arg464Cys)	2200	FBN1	Likely pathogenic	GRCh38	549013
single nucleotide variant	NM_000138.5(FBN1):c.1360C>T (p.Gln454Ter)	2200	FBN1	Pathogenic	GRCh38	549012
single nucleotide variant	NM_000138.5(FBN1):c.1318G>T (p.Glu440Ter)	2200	FBN1	Pathogenic	GRCh38	549010
single nucleotide variant	NM_000138.5(FBN1):c.1270C>T (p.Gln424Ter)	2200	FBN1	Pathogenic	GRCh38	549009
single nucleotide variant	NM_000138.5(FBN1):c.1167C>A (p.Cys389Ter)	2200	FBN1	Likely pathogenic	GRCh38	549006
single nucleotide variant	NM_000138.5(FBN1):c.1098G>T (p.Trp366Cys)	2200	FBN1	Pathogenic/Likely pathogenic	GRCh38	549004
single nucleotide variant	NM_000138.5(FBN1):c.1076G>A (p.Cys359Tyr)	2200	FBN1	Likely pathogenic	GRCh38	549003
single nucleotide variant	NM_000138.5(FBN1):c.1075T>C (p.Cys359Arg)	2200	FBN1	Likely pathogenic	GRCh38	549002
single nucleotide variant	NM_000138.5(FBN1):c.1073G>A (p.Cys358Tyr)	2200	FBN1	Likely pathogenic	GRCh38	549001
single nucleotide variant	NM_000138.5(FBN1):c.1030C>T (p.Arg344Cys)	2200	FBN1	Likely pathogenic	GRCh38	548999
single nucleotide variant	NM_000138.5(FBN1):c.1006T>C (p.Cys336Arg)	2200	FBN1	Pathogenic	GRCh38	548997
single nucleotide variant	NM_000138.5(FBN1):c.989-1G>C	2200	FBN1	Pathogenic	GRCh38	549476
single nucleotide variant	NM_000138.5(FBN1):c.960C>A (p.Tyr320Ter)	2200	FBN1	Pathogenic	GRCh38	549474
single nucleotide variant	NM_000138.5(FBN1):c.939C>G (p.Cys313Trp)	2200	FBN1	Pathogenic	GRCh38	549472
single nucleotide variant	NM_000138.5(FBN1):c.772C>T (p.Gln258Ter)	2200	FBN1	Pathogenic	GRCh38	549425
single nucleotide variant	NM_000138.5(FBN1):c.733C>T (p.Gln245Ter)	2200	FBN1	Pathogenic	GRCh38	549403
single nucleotide variant	NM_000138.5(FBN1):c.670T>C (p.Cys224Arg)	2200	FBN1	Likely pathogenic	GRCh38	549362
single nucleotide variant	NM_000138.5(FBN1):c.626G>C (p.Cys209Ser)	2200	FBN1	Pathogenic	GRCh38	549338
single nucleotide variant	NM_000138.5(FBN1):c.538+2T>C	2200	FBN1	Pathogenic	GRCh38	549276
single nucleotide variant	NM_000138.5(FBN1):c.504C>G (p.Cys168Trp)	2200	FBN1	Pathogenic	GRCh38	549259
single nucleotide variant	NM_000138.5(FBN1):c.479G>A (p.Cys160Tyr)	2200	FBN1	Pathogenic/Likely pathogenic	GRCh38	549250
single nucleotide variant	NM_000138.5(FBN1):c.433T>G (p.Cys145Gly)	2200	FBN1	Likely pathogenic	GRCh38	549223
single nucleotide variant	NM_000138.5(FBN1):c.408C>A (p.Cys136Ter)	2200	FBN1	Pathogenic	GRCh38	549208
single nucleotide variant	NM_000138.5(FBN1):c.406T>C (p.Cys136Arg)	2200	FBN1	Likely pathogenic	GRCh38	549206
single nucleotide variant	NM_000138.5(FBN1):c.406T>A (p.Cys136Ser)	2200	FBN1	Likely pathogenic	GRCh38	549205
single nucleotide variant	NM_000138.5(FBN1):c.305G>C (p.Cys102Ser)	2200	FBN1	Likely pathogenic	GRCh38	549127
single nucleotide variant	NM_000138.5(FBN1):c.265T>C (p.Cys89Arg)	2200	FBN1	Likely pathogenic	GRCh38	549100
single nucleotide variant	NM_000138.5(FBN1):c.255C>A (p.Cys85Ter)	2200	FBN1	Pathogenic	GRCh38	549095
single nucleotide variant	NM_000138.5(FBN1):c.248-3C>G	2200	FBN1	Likely pathogenic	GRCh38	549089
single nucleotide variant	NM_000138.5(FBN1):c.247+1G>T	2200	FBN1	Pathogenic/Likely pathogenic	GRCh38	549086
single nucleotide variant	NM_000138.5(FBN1):c.238T>G (p.Cys80Gly)	2200	FBN1	Likely pathogenic	GRCh38	549077
single nucleotide variant	NM_000138.5(FBN1):c.211T>C (p.Trp71Arg)	2200	FBN1	Pathogenic	GRCh38	549066
single nucleotide variant	NM_000138.5(FBN1):c.211T>A (p.Trp71Arg)	2200	FBN1	Pathogenic	GRCh38	549065
single nucleotide variant	NM_000138.5(FBN1):c.197A>G (p.Tyr66Cys)	2200	FBN1	Likely pathogenic	GRCh38	549059
single nucleotide variant	NM_000138.5(FBN1):c.176G>T (p.Cys59Phe)	2200	FBN1	Likely pathogenic	GRCh38	549042
single nucleotide variant	NM_000138.5(FBN1):c.164+1G>T	2200	FBN1	Likely pathogenic	GRCh38	549032
single nucleotide variant	NM_000138.5(FBN1):c.32T>G (p.Leu11Arg)	2200	FBN1	Pathogenic/Likely pathogenic	GRCh38	549153
single nucleotide variant	NM_000138.5(FBN1):c.2T>C (p.Met1Thr)	2200	FBN1	Pathogenic/Likely pathogenic	GRCh38	549124
single nucleotide variant	NM_000138.5(FBN1):c.1956T>G (p.Cys652Trp)	2200	FBN1	Pathogenic	GRCh38	560218
single nucleotide variant	NM_000138.5(FBN1):c.8056T>C (p.Cys2686Arg)	2200	FBN1	Pathogenic	GRCh38	582674
single nucleotide variant	NM_000138.5(FBN1):c.7664G>T (p.Gly2555Val)	2200	FBN1	Pathogenic	GRCh38	572714
single nucleotide variant	NM_000138.5(FBN1):c.7279T>C (p.Cys2427Arg)	2200	FBN1	Likely pathogenic	GRCh38	576527
single nucleotide variant	NM_000138.5(FBN1):c.7204+1G>A	2200	FBN1	Pathogenic/Likely pathogenic	GRCh38	567869
single nucleotide variant	NM_000138.5(FBN1):c.6163+1G>A	2200	FBN1	Likely pathogenic	GRCh38	565539
single nucleotide variant	NM_000138.5(FBN1):c.6051T>G (p.Cys2017Trp)	2200	FBN1	Pathogenic	GRCh38	576463
single nucleotide variant	NM_000138.5(FBN1):c.5296+5G>C	2200	FBN1	Pathogenic	GRCh38	571937
single nucleotide variant	NM_000138.5(FBN1):c.4942+1G>A	2200	FBN1	Pathogenic	GRCh38	570762
single nucleotide variant	NM_000138.5(FBN1):c.3624T>A (p.Cys1208Ter)	2200	FBN1	Pathogenic	GRCh38	579992
single nucleotide variant	NM_000138.5(FBN1):c.3347A>G (p.Glu1116Gly)	2200	FBN1	Likely pathogenic	GRCh38	573764
single nucleotide variant	NM_000138.5(FBN1):c.2306G>T (p.Cys769Phe)	2200	FBN1	Likely pathogenic	GRCh38	571004
single nucleotide variant	NM_000138.5(FBN1):c.1710T>G (p.Cys570Trp)	2200	FBN1	Pathogenic	GRCh38	575196
single nucleotide variant	NM_000138.5(FBN1):c.1538G>C (p.Cys513Ser)	2200	FBN1	Likely pathogenic	GRCh38	581985
single nucleotide variant	NM_000138.5(FBN1):c.530G>A (p.Cys177Tyr)	2200	FBN1	Pathogenic/Likely pathogenic	GRCh38	574053
single nucleotide variant	NM_000138.5(FBN1):c.7663G>A (p.Gly2555Arg)	2200	FBN1	Pathogenic/Likely pathogenic	GRCh38	567107
single nucleotide variant	NM_000138.5(FBN1):c.7342T>C (p.Cys2448Arg)	2200	FBN1	Pathogenic	GRCh38	574697
single nucleotide variant	NM_000138.5(FBN1):c.6740-3C>G	2200	FBN1	Likely pathogenic	GRCh38	579934
single nucleotide variant	NM_000138.5(FBN1):c.5885A>G (p.Tyr1962Cys)	2200	FBN1	Likely pathogenic	GRCh38	570737
single nucleotide variant	NM_000138.5(FBN1):c.4911C>A (p.Tyr1637Ter)	2200	FBN1	Pathogenic	GRCh38	581702
single nucleotide variant	NM_000138.5(FBN1):c.4348T>C (p.Cys1450Arg)	2200	FBN1	Pathogenic/Likely pathogenic	GRCh38	576549
single nucleotide variant	NM_000138.5(FBN1):c.1302T>A (p.Tyr434Ter)	2200	FBN1	Pathogenic	GRCh38	571414
single nucleotide variant	NM_000138.5(FBN1):c.671G>A (p.Cys224Tyr)	2200	FBN1	Pathogenic/Likely pathogenic	GRCh38	570805
single nucleotide variant	NM_000138.5(FBN1):c.7571-1G>A	2200	FBN1	Likely pathogenic	GRCh38	567522
single nucleotide variant	NM_000138.5(FBN1):c.7549C>T (p.Gln2517Ter)	2200	FBN1	Pathogenic	GRCh38	574342
single nucleotide variant	NM_000138.5(FBN1):c.7238G>C (p.Cys2413Ser)	2200	FBN1	Likely pathogenic	GRCh38	566266
single nucleotide variant	NM_000138.5(FBN1):c.6757G>T (p.Glu2253Ter)	2200	FBN1	Pathogenic	GRCh38	566067
single nucleotide variant	NM_000138.5(FBN1):c.6751T>C (p.Cys2251Arg)	2200	FBN1	Pathogenic/Likely pathogenic	GRCh38	573034
single nucleotide variant	NM_000138.5(FBN1):c.6698C>T (p.Pro2233Leu)	2200	FBN1	Pathogenic/Likely pathogenic	GRCh38	583258
single nucleotide variant	NM_000138.5(FBN1):c.6568T>A (p.Cys2190Ser)	2200	FBN1	Likely pathogenic	GRCh38	566383
single nucleotide variant	NM_000138.5(FBN1):c.5825G>A (p.Cys1942Tyr)	2200	FBN1	Likely pathogenic	GRCh38	567503
single nucleotide variant	NM_000138.5(FBN1):c.5801G>C (p.Cys1934Ser)	2200	FBN1	Pathogenic	GRCh38	565697
single nucleotide variant	NM_000138.5(FBN1):c.5666G>T (p.Cys1889Phe)	2200	FBN1	Pathogenic	GRCh38	576709
single nucleotide variant	NM_000138.5(FBN1):c.5536C>T (p.Gln1846Ter)	2200	FBN1	Pathogenic	GRCh38	580013
single nucleotide variant	NM_000138.5(FBN1):c.3518A>T (p.Asn1173Ile)	2200	FBN1	Pathogenic	GRCh38	570671
single nucleotide variant	NM_000138.5(FBN1):c.3272G>A (p.Gly1091Glu)	2200	FBN1	Likely pathogenic	GRCh38	575810
single nucleotide variant	NM_000138.5(FBN1):c.3013G>T (p.Glu1005Ter)	2200	FBN1	Pathogenic	GRCh38	581386
single nucleotide variant	NM_000138.5(FBN1):c.2113+1G>T	2200	FBN1	Pathogenic/Likely pathogenic	GRCh38	580926
single nucleotide variant	NM_000138.5(FBN1):c.1868G>A (p.Cys623Tyr)	2200	FBN1	Pathogenic	GRCh38	572039
single nucleotide variant	NM_000138.5(FBN1):c.1138A>T (p.Arg380Ter)	2200	FBN1	Pathogenic	GRCh38	583096
single nucleotide variant	NM_000138.5(FBN1):c.247+3A>C	2200	FBN1	Likely pathogenic	GRCh38	577165
single nucleotide variant	NM_000138.5(FBN1):c.1A>T (p.Met1Leu)	2200	FBN1	Pathogenic	GRCh38	577426
single nucleotide variant	NM_000138.5(FBN1):c.7822G>T (p.Glu2608Ter)	2200	FBN1	Pathogenic	GRCh38	579718
single nucleotide variant	NM_000138.5(FBN1):c.7399C>T (p.Gln2467Ter)	2200	FBN1	Pathogenic	GRCh38	566434
single nucleotide variant	NM_000138.5(FBN1):c.7398C>G (p.Tyr2466Ter)	2200	FBN1	Pathogenic	GRCh38	569834
single nucleotide variant	NM_000138.5(FBN1):c.6883T>C (p.Cys2295Arg)	2200	FBN1	Pathogenic	GRCh38	567978
single nucleotide variant	NM_000138.5(FBN1):c.5918-1G>C	2200	FBN1	Pathogenic	GRCh38	567577
single nucleotide variant	NM_000138.5(FBN1):c.5788+6T>G	2200	FBN1	Pathogenic	GRCh38	577457
single nucleotide variant	NM_000138.5(FBN1):c.4172G>A (p.Cys1391Tyr)	2200	FBN1	Pathogenic/Likely pathogenic	GRCh38	565385
single nucleotide variant	NM_000138.5(FBN1):c.2113+1G>C	2200	FBN1	Pathogenic	GRCh38	568188
single nucleotide variant	NM_000138.5(FBN1):c.2113+1G>A	2200	FBN1	Pathogenic	GRCh38	582881
single nucleotide variant	NM_000138.5(FBN1):c.2087G>T (p.Cys696Phe)	2200	FBN1	Likely pathogenic	GRCh38	581299
single nucleotide variant	NM_000138.5(FBN1):c.626G>T (p.Cys209Phe)	2200	FBN1	Pathogenic/Likely pathogenic	GRCh38	579559
single nucleotide variant	NM_000138.5(FBN1):c.386G>A (p.Cys129Tyr)	2200	FBN1	Pathogenic	GRCh38	574616
single nucleotide variant	NM_000138.5(FBN1):c.7649G>A (p.Cys2550Tyr)	2200	FBN1	Pathogenic/Likely pathogenic	GRCh38	590852
single nucleotide variant	NM_000138.5(FBN1):c.5243G>T (p.Cys1748Phe)	2200	FBN1	Pathogenic	GRCh38	590974
single nucleotide variant	NM_000138.5(FBN1):c.1793G>C (p.Cys598Ser)	2200	FBN1	Pathogenic	GRCh38	617616
single nucleotide variant	NM_000138.5(FBN1):c.6866G>T (p.Cys2289Phe)	2200	FBN1	Likely pathogenic	GRCh38	617871
single nucleotide variant	NM_000138.5(FBN1):c.813C>G (p.Cys271Trp)	2200	FBN1	Likely pathogenic	GRCh38	617870
single nucleotide variant	NM_000138.5(FBN1):c.7787A>G (p.Tyr2596Cys)	2200	FBN1	Pathogenic/Likely pathogenic	GRCh38	618118
single nucleotide variant	NM_000138.5(FBN1):c.7217G>T (p.Cys2406Phe)	2200	FBN1	Likely pathogenic	GRCh38	618653
single nucleotide variant	NM_000138.5(FBN1):c.5729G>A (p.Gly1910Asp)	2200	FBN1	Pathogenic/Likely pathogenic	GRCh38	618650
single nucleotide variant	NM_000138.5(FBN1):c.5009A>G (p.Tyr1670Cys)	2200	FBN1	Likely pathogenic	GRCh38	618120
single nucleotide variant	NM_000138.5(FBN1):c.1868G>T (p.Cys623Phe)	2200	FBN1	Pathogenic/Likely pathogenic	GRCh38	618646
single nucleotide variant	NM_000138.5(FBN1):c.387C>G (p.Cys129Trp)	2200	FBN1	Likely pathogenic	GRCh38	618647
single nucleotide variant	NM_000138.5(FBN1):c.163G>T (p.Gly55Ter)	2200	FBN1	Pathogenic	GRCh38	618122
single nucleotide variant	NM_000138.5(FBN1):c.6569G>T (p.Cys2190Phe)	2200	FBN1	Likely pathogenic	GRCh38	623167
single nucleotide variant	NM_000138.5(FBN1):c.7694G>A (p.Cys2565Tyr)	2200	FBN1	Pathogenic	GRCh38	625128
single nucleotide variant	NM_000138.5(FBN1):c.7582T>C (p.Cys2528Arg)	2200	FBN1	Pathogenic/Likely pathogenic	GRCh38	625127
single nucleotide variant	NM_000138.5(FBN1):c.6386A>G (p.Asp2129Gly)	2200	FBN1	Likely pathogenic	GRCh38	625125
single nucleotide variant	NM_000138.5(FBN1):c.4036T>G (p.Phe1346Val)	2200	FBN1	Pathogenic	GRCh38	625121
single nucleotide variant	NM_000138.5(FBN1):c.3599A>T (p.Glu1200Val)	2200	FBN1	Likely pathogenic	GRCh38	625120
single nucleotide variant	NM_000138.5(FBN1):c.3332G>A (p.Cys1111Tyr)	2200	FBN1	Pathogenic	GRCh38	625119
single nucleotide variant	NM_000138.5(FBN1):c.2557T>C (p.Cys853Arg)	2200	FBN1	Pathogenic	GRCh38	625118
single nucleotide variant	NM_000138.5(FBN1):c.304T>C (p.Cys102Arg)	2200	FBN1	Likely pathogenic	GRCh38	625115
single nucleotide variant	NM_000138.5(FBN1):c.5066-1G>A	2200	FBN1	Pathogenic	GRCh38	625123
single nucleotide variant	NM_000138.5(FBN1):c.1589-14A>G	2200	FBN1	Likely pathogenic	GRCh38	625117
single nucleotide variant	NM_000138.5(FBN1):c.6183T>A (p.Cys2061Ter)	2200	FBN1	Likely pathogenic	GRCh38	626100
single nucleotide variant	NM_000138.5(FBN1):c.5546-1G>A	2200	FBN1	Pathogenic/Likely pathogenic	GRCh38	626102
single nucleotide variant	NM_000138.5(FBN1):c.7654T>C (p.Cys2552Arg)	2200	FBN1	Likely pathogenic	GRCh38	626876
single nucleotide variant	NM_000138.5(FBN1):c.7648T>A (p.Cys2550Ser)	2200	FBN1	Likely pathogenic	GRCh38	626877
single nucleotide variant	NM_000138.5(FBN1):c.7299C>G (p.Tyr2433Ter)	2200	FBN1	Likely pathogenic	GRCh38	626585
single nucleotide variant	NM_000138.5(FBN1):c.4349G>T (p.Cys1450Phe)	2200	FBN1	Pathogenic/Likely pathogenic	GRCh38	626880
single nucleotide variant	NM_000138.5(FBN1):c.4081T>C (p.Cys1361Arg)	2200	FBN1	Likely pathogenic	GRCh38	626882
single nucleotide variant	NM_000138.5(FBN1):c.3290G>T (p.Cys1097Phe)	2200	FBN1	Likely pathogenic	GRCh38	626596
single nucleotide variant	NM_000138.5(FBN1):c.5423-2A>G	2200	FBN1	Pathogenic/Likely pathogenic	GRCh38	626595
single nucleotide variant	NM_000138.5(FBN1):c.2539+1G>T	2200	FBN1	Likely pathogenic	GRCh38	626599
single nucleotide variant	NM_000138.5(FBN1):c.7387G>T (p.Glu2463Ter)	2200	FBN1	Pathogenic	GRCh38	632815
single nucleotide variant	NM_000138.5(FBN1):c.6866G>C (p.Cys2289Ser)	2200	FBN1	Likely pathogenic	GRCh38	632813
single nucleotide variant	NM_000138.5(FBN1):c.6827G>A (p.Cys2276Tyr)	2200	FBN1	Pathogenic	GRCh38	632805
single nucleotide variant	NM_000138.5(FBN1):c.6410G>A (p.Cys2137Tyr)	2200	FBN1	Pathogenic	GRCh38	633211
single nucleotide variant	NM_000138.5(FBN1):c.5558G>A (p.Cys1853Tyr)	2200	FBN1	Pathogenic	GRCh38	632819
single nucleotide variant	NM_000138.5(FBN1):c.4224C>A (p.Cys1408Ter)	2200	FBN1	Pathogenic	GRCh38	633218
single nucleotide variant	NM_000138.5(FBN1):c.7570+5G>A	2200	FBN1	Pathogenic	GRCh38	633778
single nucleotide variant	NM_000138.5(FBN1):c.4937G>T (p.Cys1646Phe)	2200	FBN1	Likely pathogenic	GRCh38	635278
single nucleotide variant	NM_000138.5(FBN1):c.7819G>A (p.Asp2607Asn)	2200	FBN1	Likely pathogenic	GRCh38	636638
single nucleotide variant	NM_000138.5(FBN1):c.6751T>G (p.Cys2251Gly)	2200	FBN1	Likely pathogenic	GRCh38	636543
single nucleotide variant	NM_000138.5(FBN1):c.6508T>C (p.Cys2170Arg)	2200	FBN1	Pathogenic/Likely pathogenic	GRCh38	636895
single nucleotide variant	NM_000138.5(FBN1):c.5541C>A (p.Cys1847Ter)	2200	FBN1	Likely pathogenic	GRCh38	636748
single nucleotide variant	NM_000138.5(FBN1):c.2534G>C (p.Cys845Ser)	2200	FBN1	Likely pathogenic	GRCh38	637004
single nucleotide variant	NM_000138.5(FBN1):c.1538G>A (p.Cys513Tyr)	2200	FBN1	Likely pathogenic	GRCh38	636447
single nucleotide variant	NM_000138.5(FBN1):c.1379G>A (p.Cys460Tyr)	2200	FBN1	Likely pathogenic	GRCh38	636640
single nucleotide variant	NM_000138.5(FBN1):c.7204G>A (p.Asp2402Asn)	2200	FBN1	Likely pathogenic	GRCh38	638157
single nucleotide variant	NM_000138.5(FBN1):c.8512A>T (p.Lys2838Ter)	2200	FBN1	Pathogenic	GRCh38	638158
single nucleotide variant	NM_000138.5(FBN1):c.6828T>G (p.Cys2276Trp)	2200	FBN1	Likely pathogenic	GRCh38	638555
single nucleotide variant	NM_000138.5(FBN1):c.1558C>T (p.Gln520Ter)	2200	FBN1	Pathogenic/Likely pathogenic	GRCh38	638556
single nucleotide variant	NM_000138.5(FBN1):c.5966G>T (p.Cys1989Phe)	2200	FBN1	Pathogenic	GRCh38	638559
single nucleotide variant	NM_000138.5(FBN1):c.2217T>G (p.Cys739Trp)	2200	FBN1	Pathogenic	GRCh38	638563
single nucleotide variant	NM_000138.5(FBN1):c.2761T>C (p.Cys921Arg)	2200	FBN1	Pathogenic	GRCh38	638643
single nucleotide variant	NM_000138.5(FBN1):c.2438C>G (p.Ser813Ter)	2200	FBN1	Pathogenic	GRCh38	638667
single nucleotide variant	NM_000138.5(FBN1):c.2849G>C (p.Cys950Ser)	2200	FBN1	Pathogenic	GRCh38	638676
single nucleotide variant	NM_000138.5(FBN1):c.8591T>C (p.Met2864Thr)	2200	FBN1	Likely pathogenic	GRCh38	662665
single nucleotide variant	NM_000138.5(FBN1):c.8145T>A (p.Cys2715Ter)	2200	FBN1	Pathogenic	GRCh38	648036
single nucleotide variant	NM_000138.5(FBN1):c.8092G>T (p.Glu2698Ter)	2200	FBN1	Pathogenic	GRCh38	665604
single nucleotide variant	NM_000138.5(FBN1):c.7988G>A (p.Cys2663Tyr)	2200	FBN1	Pathogenic/Likely pathogenic	GRCh38	661431
single nucleotide variant	NM_000138.5(FBN1):c.7937G>A (p.Cys2646Tyr)	2200	FBN1	Pathogenic	GRCh38	653296
single nucleotide variant	NM_000138.5(FBN1):c.7936T>A (p.Cys2646Ser)	2200	FBN1	Pathogenic	GRCh38	659715
single nucleotide variant	NM_000138.5(FBN1):c.7801C>T (p.Gln2601Ter)	2200	FBN1	Pathogenic	GRCh38	657481
single nucleotide variant	NM_000138.5(FBN1):c.7376G>T (p.Cys2459Phe)	2200	FBN1	Likely pathogenic	GRCh38	664702
single nucleotide variant	NM_000138.5(FBN1):c.7325G>A (p.Cys2442Tyr)	2200	FBN1	Pathogenic/Likely pathogenic	GRCh38	646261
single nucleotide variant	NM_000138.5(FBN1):c.6916C>T (p.Arg2306Cys)	2200	FBN1	Pathogenic/Likely pathogenic	GRCh38	662097
single nucleotide variant	NM_000138.5(FBN1):c.6866G>A (p.Cys2289Tyr)	2200	FBN1	Pathogenic	GRCh38	653363
single nucleotide variant	NM_000138.5(FBN1):c.6584G>T (p.Gly2195Val)	2200	FBN1	Pathogenic	GRCh38	647088
single nucleotide variant	NM_000138.5(FBN1):c.6452G>A (p.Cys2151Tyr)	2200	FBN1	Pathogenic	GRCh38	662658
single nucleotide variant	NM_000138.5(FBN1):c.6393C>G (p.Cys2131Trp)	2200	FBN1	Pathogenic/Likely pathogenic	GRCh38	664437
single nucleotide variant	NM_000138.5(FBN1):c.5728G>T (p.Gly1910Cys)	2200	FBN1	Likely pathogenic	GRCh38	641330
single nucleotide variant	NM_000138.5(FBN1):c.5679T>G (p.Asn1893Lys)	2200	FBN1	Likely pathogenic	GRCh38	659198
single nucleotide variant	NM_000138.5(FBN1):c.5579G>A (p.Cys1860Tyr)	2200	FBN1	Pathogenic	GRCh38	645309
single nucleotide variant	NM_000138.5(FBN1):c.5493C>A (p.Tyr1831Ter)	2200	FBN1	Pathogenic	GRCh38	647484
single nucleotide variant	NM_000138.5(FBN1):c.5485G>C (p.Gly1829Arg)	2200	FBN1	Likely pathogenic	GRCh38	649332
single nucleotide variant	NM_000138.5(FBN1):c.5471G>A (p.Cys1824Tyr)	2200	FBN1	Pathogenic	GRCh38	660084
single nucleotide variant	NM_000138.5(FBN1):c.5434T>C (p.Cys1812Arg)	2200	FBN1	Pathogenic	GRCh38	655979
single nucleotide variant	NM_000138.5(FBN1):c.5377T>C (p.Cys1793Arg)	2200	FBN1	Pathogenic	GRCh38	647812
single nucleotide variant	NM_000138.5(FBN1):c.5015G>T (p.Cys1672Phe)	2200	FBN1	Pathogenic	GRCh38	640108
single nucleotide variant	NM_000138.5(FBN1):c.4893C>A (p.Cys1631Ter)	2200	FBN1	Pathogenic	GRCh38	646299
single nucleotide variant	NM_000138.5(FBN1):c.3958T>C (p.Cys1320Arg)	2200	FBN1	Pathogenic	GRCh38	639403
single nucleotide variant	NM_000138.5(FBN1):c.3473A>G (p.Glu1158Gly)	2200	FBN1	Pathogenic	GRCh38	647760
single nucleotide variant	NM_000138.5(FBN1):c.3203G>C (p.Cys1068Ser)	2200	FBN1	Likely pathogenic	GRCh38	665324
single nucleotide variant	NM_000138.5(FBN1):c.3173G>A (p.Gly1058Asp)	2200	FBN1	Pathogenic	GRCh38	646221
single nucleotide variant	NM_000138.5(FBN1):c.3052G>T (p.Glu1018Ter)	2200	FBN1	Pathogenic	GRCh38	656145
single nucleotide variant	NM_000138.5(FBN1):c.2740T>C (p.Cys914Arg)	2200	FBN1	Pathogenic	GRCh38	652247
single nucleotide variant	NM_000138.5(FBN1):c.2719C>T (p.Gln907Ter)	2200	FBN1	Pathogenic	GRCh38	650262
single nucleotide variant	NM_000138.5(FBN1):c.2649G>A (p.Trp883Ter)	2200	FBN1	Pathogenic	GRCh38	654218
single nucleotide variant	NM_000138.5(FBN1):c.2623T>A (p.Cys875Ser)	2200	FBN1	Pathogenic	GRCh38	642667
single nucleotide variant	NM_000138.5(FBN1):c.2495G>C (p.Cys832Ser)	2200	FBN1	Pathogenic	GRCh38	647275
single nucleotide variant	NM_000138.5(FBN1):c.2414G>A (p.Cys805Tyr)	2200	FBN1	Pathogenic	GRCh38	656190
single nucleotide variant	NM_000138.5(FBN1):c.2113G>A (p.Ala705Thr)	2200	FBN1	Pathogenic	GRCh38	642750
single nucleotide variant	NM_000138.5(FBN1):c.2053T>A (p.Cys685Ser)	2200	FBN1	Pathogenic	GRCh38	646759
single nucleotide variant	NM_000138.5(FBN1):c.1510T>A (p.Cys504Ser)	2200	FBN1	Pathogenic	GRCh38	653004
single nucleotide variant	NM_000138.5(FBN1):c.1098G>C (p.Trp366Cys)	2200	FBN1	Pathogenic/Likely pathogenic	GRCh38	647600
single nucleotide variant	NM_000138.5(FBN1):c.1035C>A (p.Cys345Ter)	2200	FBN1	Pathogenic	GRCh38	658857
single nucleotide variant	NM_000138.5(FBN1):c.203G>A (p.Cys68Tyr)	2200	FBN1	Pathogenic/Likely pathogenic	GRCh38	649153
single nucleotide variant	NM_000138.5(FBN1):c.5918-1G>A	2200	FBN1	Pathogenic	GRCh38	644021
single nucleotide variant	NM_000138.5(FBN1):c.165-2A>C	2200	FBN1	Pathogenic	GRCh38	642384
single nucleotide variant	NM_000138.5(FBN1):c.6617-2A>C	2200	FBN1	Pathogenic	GRCh38	639352
single nucleotide variant	NM_000138.5(FBN1):c.6872-961A>G	2200	FBN1	Pathogenic/Likely pathogenic	GRCh38	643480
single nucleotide variant	NM_000138.5(FBN1):c.6871+1G>A	2200	FBN1	Pathogenic/Likely pathogenic	GRCh38	653360
single nucleotide variant	NM_000138.5(FBN1):c.5671+1G>T	2200	FBN1	Pathogenic	GRCh38	648091
single nucleotide variant	NM_000138.5(FBN1):c.543C>G (p.Tyr181Ter)	2200	FBN1	Pathogenic	GRCh38	666551
single nucleotide variant	NM_000138.5(FBN1):c.3413G>A (p.Cys1138Tyr)	2200	FBN1	Likely pathogenic	GRCh38	667006
single nucleotide variant	NM_000138.5(FBN1):c.7951G>T (p.Glu2651Ter)	2200	FBN1	Pathogenic	GRCh38	684611
single nucleotide variant	NM_000138.5(FBN1):c.7099G>T (p.Gly2367Ter)	2200	FBN1	Pathogenic	GRCh38	684609
single nucleotide variant	NM_000138.5(FBN1):c.6885T>G (p.Cys2295Trp)	2200	FBN1	Likely pathogenic	GRCh38	684608
single nucleotide variant	NM_000138.5(FBN1):c.6634C>T (p.Gln2212Ter)	2200	FBN1	Pathogenic	GRCh38	684603
single nucleotide variant	NM_000138.5(FBN1):c.6118T>C (p.Cys2040Arg)	2200	FBN1	Likely pathogenic	GRCh38	684599
single nucleotide variant	NM_000138.5(FBN1):c.5678A>G (p.Asn1893Ser)	2200	FBN1	Likely pathogenic	GRCh38	684598
single nucleotide variant	NM_000138.5(FBN1):c.5498G>A (p.Cys1833Tyr)	2200	FBN1	Pathogenic	GRCh38	684597
single nucleotide variant	NM_000138.5(FBN1):c.5416T>G (p.Cys1806Gly)	2200	FBN1	Likely pathogenic	GRCh38	684596
single nucleotide variant	NM_000138.5(FBN1):c.3096C>A (p.Cys1032Ter)	2200	FBN1	Pathogenic	GRCh38	684591
single nucleotide variant	NM_000138.5(FBN1):c.2886C>A (p.Tyr962Ter)	2200	FBN1	Pathogenic	GRCh38	684589
single nucleotide variant	NM_000138.5(FBN1):c.2638G>T (p.Gly880Cys)	2200	FBN1	Likely pathogenic	GRCh38	684588
single nucleotide variant	NM_000138.5(FBN1):c.2561G>A (p.Trp854Ter)	2200	FBN1	Pathogenic	GRCh38	684587
single nucleotide variant	NM_000138.5(FBN1):c.2053T>C (p.Cys685Arg)	2200	FBN1	Likely pathogenic	GRCh38	684582
single nucleotide variant	NM_000138.5(FBN1):c.1888A>C (p.Asn630His)	2200	FBN1	Likely pathogenic	GRCh38	684580
single nucleotide variant	NM_000138.5(FBN1):c.1634G>C (p.Arg545Pro)	2200	FBN1	Likely pathogenic	GRCh38	684577
single nucleotide variant	NM_000138.5(FBN1):c.1378T>A (p.Cys460Ser)	2200	FBN1	Likely pathogenic	GRCh38	684576
single nucleotide variant	NM_000138.5(FBN1):c.634A>C (p.Thr212Pro)	2200	FBN1	Likely pathogenic	GRCh38	684574
single nucleotide variant	NM_000138.5(FBN1):c.376G>T (p.Gly126Ter)	2200	FBN1	Pathogenic	GRCh38	684572
single nucleotide variant	NM_000138.5(FBN1):c.298T>C (p.Cys100Arg)	2200	FBN1	Pathogenic	GRCh38	684571
single nucleotide variant	NM_000138.5(FBN1):c.202T>C (p.Cys68Arg)	2200	FBN1	Likely pathogenic	GRCh38	684570
single nucleotide variant	NM_000138.5(FBN1):c.189T>G (p.Tyr63Ter)	2200	FBN1	Pathogenic	GRCh38	684569
single nucleotide variant	NM_000138.5(FBN1):c.6872-1G>T	2200	FBN1	Pathogenic	GRCh38	684607
single nucleotide variant	NM_000138.5(FBN1):c.6740-1G>T	2200	FBN1	Pathogenic	GRCh38	684605
single nucleotide variant	NM_000138.5(FBN1):c.6380-1G>T	2200	FBN1	Pathogenic	GRCh38	684601
single nucleotide variant	NM_000138.5(FBN1):c.2539+2T>G	2200	FBN1	Pathogenic	GRCh38	684586
single nucleotide variant	NM_000138.5(FBN1):c.2419+2T>G	2200	FBN1	Pathogenic	GRCh38	684585
single nucleotide variant	NM_000138.5(FBN1):c.3284G>C (p.Cys1095Ser)	2200	FBN1	Pathogenic	GRCh38	684730
single nucleotide variant	NM_000138.5(FBN1):c.5187G>A (p.Trp1729Ter)	2200	FBN1	Pathogenic	GRCh38	684761
single nucleotide variant	NM_000138.5(FBN1):c.3535C>T (p.Gln1179Ter)	2200	FBN1	Pathogenic	GRCh38	684764
single nucleotide variant	NM_000138.5(FBN1):c.4219G>T (p.Glu1407Ter)	2200	FBN1	Pathogenic	GRCh38	684765
single nucleotide variant	NM_000138.5(FBN1):c.5378G>A (p.Cys1793Tyr)	2200	FBN1	Pathogenic	GRCh38	684777
single nucleotide variant	NM_000138.5(FBN1):c.859G>T (p.Glu287Ter)	2200	FBN1	Pathogenic	GRCh38	684778
single nucleotide variant	NM_000138.5(FBN1):c.2415T>G (p.Cys805Trp)	2200	FBN1	Pathogenic	GRCh38	684779
single nucleotide variant	NM_000138.5(FBN1):c.5666G>A (p.Cys1889Tyr)	2200	FBN1	Pathogenic/Likely pathogenic	GRCh38	684790
single nucleotide variant	NM_000138.5(FBN1):c.4192G>A (p.Asp1398Asn)	2200	FBN1	Likely pathogenic	GRCh38	684789
single nucleotide variant	NM_000138.5(FBN1):c.2114-2A>G	2200	FBN1	Likely pathogenic	GRCh38	684826
single nucleotide variant	NM_000138.5(FBN1):c.5627G>C (p.Cys1876Ser)	2200	FBN1	Pathogenic	GRCh38	689478
single nucleotide variant	NM_000138.5(FBN1):c.5471G>T (p.Cys1824Phe)	2200	FBN1	Pathogenic	GRCh38	689491
single nucleotide variant	NM_000138.5(FBN1):c.7774T>G (p.Cys2592Gly)	2200	FBN1	Likely pathogenic	GRCh38	689583
single nucleotide variant	NM_000138.5(FBN1):c.7168T>A (p.Cys2390Ser)	2200	FBN1	Pathogenic/Likely pathogenic	GRCh38	690431
single nucleotide variant	NM_000138.5(FBN1):c.7087T>G (p.Cys2363Gly)	2200	FBN1	Likely pathogenic	GRCh38	690432
single nucleotide variant	NM_000138.5(FBN1):c.5329T>C (p.Cys1777Arg)	2200	FBN1	Likely pathogenic	GRCh38	690486
single nucleotide variant	NM_000138.5(FBN1):c.5540G>C (p.Cys1847Ser)	2200	FBN1	Likely pathogenic	GRCh38	694262
single nucleotide variant	NM_000138.5(FBN1):c.7820-1G>C	2200	FBN1	Pathogenic	GRCh38	803080
single nucleotide variant	NM_000138.5(FBN1):c.6079G>T (p.Gly2027Cys)	2200	FBN1	Likely pathogenic	GRCh38	803082
single nucleotide variant	NM_000138.5(FBN1):c.5125G>T (p.Glu1709Ter)	2200	FBN1	Pathogenic	GRCh38	803085
single nucleotide variant	NM_000138.5(FBN1):c.5083T>G (p.Cys1695Gly)	2200	FBN1	Likely pathogenic	GRCh38	803086
single nucleotide variant	NM_000138.5(FBN1):c.4988G>C (p.Cys1663Ser)	2200	FBN1	Likely pathogenic	GRCh38	803087
single nucleotide variant	NM_000138.5(FBN1):c.4687T>A (p.Cys1563Ser)	2200	FBN1	Likely pathogenic	GRCh38	803088
single nucleotide variant	NM_000138.5(FBN1):c.4048T>G (p.Cys1350Gly)	2200	FBN1	Likely pathogenic	GRCh38	803089
single nucleotide variant	NM_000138.5(FBN1):c.4048T>C (p.Cys1350Arg)	2200	FBN1	Pathogenic/Likely pathogenic	GRCh38	803090
single nucleotide variant	NM_000138.5(FBN1):c.3545G>A (p.Cys1182Tyr)	2200	FBN1	Pathogenic/Likely pathogenic	GRCh38	803091
single nucleotide variant	NM_000138.5(FBN1):c.3217G>T (p.Glu1073Ter)	2200	FBN1	Pathogenic	GRCh38	803093
single nucleotide variant	NM_000138.5(FBN1):c.1759T>C (p.Cys587Arg)	2200	FBN1	Pathogenic	GRCh38	803095
single nucleotide variant	NM_000138.5(FBN1):c.1679G>T (p.Gly560Val)	2200	FBN1	Pathogenic/Likely pathogenic	GRCh38	803096
single nucleotide variant	NM_000138.5(FBN1):c.1130G>A (p.Cys377Tyr)	2200	FBN1	Pathogenic/Likely pathogenic	GRCh38	803097
single nucleotide variant	NM_000138.5(FBN1):c.496T>C (p.Cys166Arg)	2200	FBN1	Pathogenic/Likely pathogenic	GRCh38	803098
single nucleotide variant	NM_000138.5(FBN1):c.5158T>C (p.Cys1720Arg)	2200	FBN1	Likely pathogenic	GRCh38	807244
single nucleotide variant	NM_000138.5(FBN1):c.895T>C (p.Cys299Arg)	2200	FBN1	Likely pathogenic	GRCh38	807250
single nucleotide variant	NM_000138.5(FBN1):c.6113G>C (p.Cys2038Ser)	2200	FBN1	Likely pathogenic	GRCh38	810672
single nucleotide variant	NM_000138.5(FBN1):c.6071G>A (p.Cys2024Tyr)	2200	FBN1	Pathogenic/Likely pathogenic	GRCh38	811957
single nucleotide variant	NM_000138.5(FBN1):c.5824T>C (p.Cys1942Arg)	2200	FBN1	Pathogenic/Likely pathogenic	GRCh38	811411
single nucleotide variant	NM_000138.5(FBN1):c.4816+2T>C	2200	FBN1	Pathogenic/Likely pathogenic	GRCh38	811710
single nucleotide variant	NM_000138.5(FBN1):c.503G>A (p.Cys168Tyr)	2200	FBN1	Pathogenic/Likely pathogenic	GRCh38	812041
single nucleotide variant	NM_000138.5(FBN1):c.2627G>T (p.Cys876Phe)	2200	FBN1	Pathogenic/Likely pathogenic	GRCh38	828129
single nucleotide variant	NM_000138.5(FBN1):c.5917+1G>T	2200	FBN1	Pathogenic/Likely pathogenic	GRCh38	828137
single nucleotide variant	NM_000138.5(FBN1):c.8014T>C (p.Cys2672Arg)	2200	FBN1	Pathogenic	GRCh38	857658
single nucleotide variant	NM_000138.5(FBN1):c.7865G>C (p.Cys2622Ser)	2200	FBN1	Pathogenic/Likely pathogenic	GRCh38	844728
single nucleotide variant	NM_000138.5(FBN1):c.7851C>A (p.Cys2617Ter)	2200	FBN1	Pathogenic	GRCh38	850223
single nucleotide variant	NM_000138.5(FBN1):c.7655G>T (p.Cys2552Phe)	2200	FBN1	Likely pathogenic	GRCh38	843462
single nucleotide variant	NM_000138.5(FBN1):c.7249G>T (p.Glu2417Ter)	2200	FBN1	Pathogenic	GRCh38	849713
single nucleotide variant	NM_000138.5(FBN1):c.7216T>C (p.Cys2406Arg)	2200	FBN1	Likely pathogenic	GRCh38	842263
single nucleotide variant	NM_000138.5(FBN1):c.6905G>A (p.Cys2302Tyr)	2200	FBN1	Pathogenic	GRCh38	856730
single nucleotide variant	NM_000138.5(FBN1):c.6735C>A (p.Cys2245Ter)	2200	FBN1	Pathogenic	GRCh38	853202
single nucleotide variant	NM_000138.5(FBN1):c.6296G>A (p.Cys2099Tyr)	2200	FBN1	Pathogenic/Likely pathogenic	GRCh38	855800
single nucleotide variant	NM_000138.5(FBN1):c.6180C>G (p.Tyr2060Ter)	2200	FBN1	Pathogenic	GRCh38	837810
single nucleotide variant	NM_000138.5(FBN1):c.5911T>C (p.Cys1971Arg)	2200	FBN1	Pathogenic/Likely pathogenic	GRCh38	852975
single nucleotide variant	NM_000138.5(FBN1):c.5839T>G (p.Cys1947Gly)	2200	FBN1	Pathogenic	GRCh38	854432
single nucleotide variant	NM_000138.5(FBN1):c.5309G>A (p.Cys1770Tyr)	2200	FBN1	Pathogenic/Likely pathogenic	GRCh38	842482
single nucleotide variant	NM_000138.5(FBN1):c.5157C>A (p.Cys1719Ter)	2200	FBN1	Pathogenic	GRCh38	858650
single nucleotide variant	NM_000138.5(FBN1):c.4689C>G (p.Cys1563Trp)	2200	FBN1	Pathogenic	GRCh38	857217
single nucleotide variant	NM_000138.5(FBN1):c.4688G>A (p.Cys1563Tyr)	2200	FBN1	Pathogenic/Likely pathogenic	GRCh38	847866
single nucleotide variant	NM_000138.5(FBN1):c.4660G>T (p.Gly1554Ter)	2200	FBN1	Pathogenic	GRCh38	857210
single nucleotide variant	NM_000138.5(FBN1):c.3928G>T (p.Gly1310Cys)	2200	FBN1	Likely pathogenic	GRCh38	857099
single nucleotide variant	NM_000138.5(FBN1):c.3850T>C (p.Cys1284Arg)	2200	FBN1	Pathogenic	GRCh38	847403
single nucleotide variant	NM_000138.5(FBN1):c.3722A>G (p.Glu1241Gly)	2200	FBN1	Likely pathogenic	GRCh38	851489
single nucleotide variant	NM_000138.5(FBN1):c.3497G>A (p.Cys1166Tyr)	2200	FBN1	Pathogenic/Likely pathogenic	GRCh38	863722
single nucleotide variant	NM_000138.5(FBN1):c.3385T>C (p.Cys1129Arg)	2200	FBN1	Pathogenic	GRCh38	855960
single nucleotide variant	NM_000138.5(FBN1):c.3091G>T (p.Glu1031Ter)	2200	FBN1	Pathogenic	GRCh38	840727
single nucleotide variant	NM_000138.5(FBN1):c.2986T>A (p.Cys996Ser)	2200	FBN1	Pathogenic	GRCh38	858220
single nucleotide variant	NM_000138.5(FBN1):c.2644G>A (p.Ala882Thr)	2200	FBN1	Pathogenic/Likely pathogenic	GRCh38	853703
single nucleotide variant	NM_000138.5(FBN1):c.2584T>C (p.Cys862Arg)	2200	FBN1	Pathogenic/Likely pathogenic	GRCh38	857483
single nucleotide variant	NM_000138.5(FBN1):c.2561G>C (p.Trp854Ser)	2200	FBN1	Likely pathogenic	GRCh38	864732
single nucleotide variant	NM_000138.5(FBN1):c.2096G>C (p.Cys699Ser)	2200	FBN1	Likely pathogenic	GRCh38	854807
single nucleotide variant	NM_000138.5(FBN1):c.2051G>A (p.Cys684Tyr)	2200	FBN1	Pathogenic/Likely pathogenic	GRCh38	854113
single nucleotide variant	NM_000138.5(FBN1):c.1955G>A (p.Cys652Tyr)	2200	FBN1	Pathogenic	GRCh38	858022
single nucleotide variant	NM_000138.5(FBN1):c.1954T>C (p.Cys652Arg)	2200	FBN1	Pathogenic	GRCh38	839687
single nucleotide variant	NM_000138.5(FBN1):c.1663T>C (p.Cys555Arg)	2200	FBN1	Pathogenic/Likely pathogenic	GRCh38	836596
single nucleotide variant	NM_000138.5(FBN1):c.1495T>A (p.Cys499Ser)	2200	FBN1	Pathogenic	GRCh38	846906
single nucleotide variant	NM_000138.5(FBN1):c.1069C>T (p.Gln357Ter)	2200	FBN1	Pathogenic	GRCh38	834308
single nucleotide variant	NM_000138.5(FBN1):c.679C>T (p.Gln227Ter)	2200	FBN1	Pathogenic	GRCh38	844924
single nucleotide variant	NM_000138.5(FBN1):c.616A>T (p.Lys206Ter)	2200	FBN1	Pathogenic	GRCh38	855231
single nucleotide variant	NM_000138.5(FBN1):c.502T>C (p.Cys168Arg)	2200	FBN1	Pathogenic/Likely pathogenic	GRCh38	841509
single nucleotide variant	NM_000138.5(FBN1):c.203G>T (p.Cys68Phe)	2200	FBN1	Pathogenic	GRCh38	841878
single nucleotide variant	NM_000138.5(FBN1):c.198C>G (p.Tyr66Ter)	2200	FBN1	Pathogenic	GRCh38	841972
single nucleotide variant	NM_000138.5(FBN1):c.6997+1G>C	2200	FBN1	Pathogenic	GRCh38	852129
single nucleotide variant	NM_000138.5(FBN1):c.6037+2T>C	2200	FBN1	Pathogenic	GRCh38	843770
single nucleotide variant	NM_000138.5(FBN1):c.3463+1G>A	2200	FBN1	Pathogenic	GRCh38	837133
single nucleotide variant	NM_000138.5(FBN1):c.2854+2T>C	2200	FBN1	Pathogenic	GRCh38	857560
single nucleotide variant	NM_000138.5(FBN1):c.6496+1G>T	2200	FBN1	Pathogenic	GRCh38	863764
single nucleotide variant	NM_000138.5(FBN1):c.5671+1G>A	2200	FBN1	Pathogenic	GRCh38	845016
single nucleotide variant	NM_000138.5(FBN1):c.5065+1G>A	2200	FBN1	Pathogenic	GRCh38	848649
single nucleotide variant	NM_000138.5(FBN1):c.3590-2A>G	2200	FBN1	Likely pathogenic	GRCh38	859510
single nucleotide variant	NM_000138.5(FBN1):c.3209-2A>C	2200	FBN1	Likely pathogenic	GRCh38	843847
single nucleotide variant	NM_000138.5(FBN1):c.7454-2A>G	2200	FBN1	Pathogenic	GRCh38	856210
single nucleotide variant	NM_000138.5(FBN1):c.7205-1G>C	2200	FBN1	Pathogenic	GRCh38	836625
single nucleotide variant	NM_000138.5(FBN1):c.3083-2A>C	2200	FBN1	Pathogenic	GRCh38	834974
single nucleotide variant	NM_000138.5(FBN1):c.1468+2T>G	2200	FBN1	Pathogenic	GRCh38	846428
single nucleotide variant	NM_000138.5(FBN1):c.6997+1G>A	2200	FBN1	Pathogenic/Likely pathogenic	GRCh38	841704
single nucleotide variant	NM_000138.5(FBN1):c.6872-3C>G	2200	FBN1	Pathogenic	GRCh38	846175
single nucleotide variant	NM_000138.5(FBN1):c.4582+1G>A	2200	FBN1	Pathogenic/Likely pathogenic	GRCh38	850911
single nucleotide variant	NM_000138.5(FBN1):c.2539+1G>C	2200	FBN1	Pathogenic	GRCh38	860190
single nucleotide variant	NM_000138.5(FBN1):c.1715-2A>G	2200	FBN1	Pathogenic	GRCh38	834883
single nucleotide variant	NM_000138.5(FBN1):c.3159C>G (p.Cys1053Trp)	2200	FBN1	Pathogenic	GRCh38	864854
single nucleotide variant	NM_000138.5(FBN1):c.4489T>A (p.Cys1497Ser)	2200	FBN1	Likely pathogenic	GRCh38	870137
single nucleotide variant	NM_000138.5(FBN1):c.6816T>G (p.Tyr2272Ter)	2200	FBN1	Pathogenic	GRCh38	872710
single nucleotide variant	NM_000138.5(FBN1):c.6662G>T (p.Cys2221Phe)	2200	FBN1	Likely pathogenic	GRCh38	915547
single nucleotide variant	NM_000138.5(FBN1):c.5840G>T (p.Cys1947Phe)	2200	FBN1	Likely pathogenic	GRCh38	915611
single nucleotide variant	NM_000138.5(FBN1):c.4780G>T (p.Gly1594Cys)	2200	FBN1	Likely pathogenic	GRCh38	915678
single nucleotide variant	NM_000138.5(FBN1):c.2660G>A (p.Cys887Tyr)	2200	FBN1	Likely pathogenic	GRCh38	915814
single nucleotide variant	NM_000138.5(FBN1):c.2488T>A (p.Cys830Ser)	2200	FBN1	Likely pathogenic	GRCh38	915815
single nucleotide variant	NM_000138.5(FBN1):c.1787G>A (p.Cys596Tyr)	2200	FBN1	Pathogenic/Likely pathogenic	GRCh38	915551
single nucleotide variant	NM_000138.5(FBN1):c.5789-1G>A	2200	FBN1	Pathogenic/Likely pathogenic	GRCh38	915612
single nucleotide variant	NM_000138.5(FBN1):c.1961-1G>A	2200	FBN1	Pathogenic/Likely pathogenic	GRCh38	915817
single nucleotide variant	NM_000138.5(FBN1):c.177T>A (p.Cys59Ter)	2200	FBN1	Pathogenic	GRCh38	920806
single nucleotide variant	NM_000138.5(FBN1):c.349C>T (p.Gln117Ter)	2200	FBN1	Pathogenic	GRCh38	928670
single nucleotide variant	NM_000138.5(FBN1):c.1714+1G>T	2200	FBN1	Likely pathogenic	GRCh38	928669
single nucleotide variant	NM_000138.5(FBN1):c.1402A>G (p.Thr468Ala)	2200	FBN1	Likely pathogenic	GRCh38	929865
single nucleotide variant	NM_000138.5(FBN1):c.3222C>A (p.Cys1074Ter)	2200	FBN1	Pathogenic	GRCh38	930751
single nucleotide variant	NM_000138.5(FBN1):c.2111C>G (p.Ser704Ter)	2200	FBN1	Pathogenic	GRCh38	931858
single nucleotide variant	NM_000138.5(FBN1):c.1147G>T (p.Glu383Ter)	2200	FBN1	Pathogenic	GRCh38	931435
single nucleotide variant	NM_000138.5(FBN1):c.3083-2A>G	2200	FBN1	Pathogenic	GRCh38	931144
single nucleotide variant	NM_000138.5(FBN1):c.945T>A (p.Cys315Ter)	2200	FBN1	Likely pathogenic	GRCh38	932195
single nucleotide variant	NM_000138.5(FBN1):c.8444T>A (p.Leu2815His)	2200	FBN1	Likely pathogenic	GRCh38	949976
single nucleotide variant	NM_000138.5(FBN1):c.7465T>A (p.Cys2489Ser)	2200	FBN1	Likely pathogenic	GRCh38	948459
single nucleotide variant	NM_000138.5(FBN1):c.7088G>T (p.Cys2363Phe)	2200	FBN1	Likely pathogenic	GRCh38	951009
single nucleotide variant	NM_000138.5(FBN1):c.6992G>T (p.Cys2331Phe)	2200	FBN1	Likely pathogenic	GRCh38	946365
single nucleotide variant	NM_000138.5(FBN1):c.6752G>T (p.Cys2251Phe)	2200	FBN1	Pathogenic	GRCh38	947549
single nucleotide variant	NM_000138.5(FBN1):c.6215C>A (p.Ser2072Ter)	2200	FBN1	Pathogenic	GRCh38	952869
single nucleotide variant	NM_000138.5(FBN1):c.5960G>C (p.Gly1987Ala)	2200	FBN1	Pathogenic	GRCh38	945021
single nucleotide variant	NM_000138.5(FBN1):c.3634T>C (p.Cys1212Arg)	2200	FBN1	Likely pathogenic	GRCh38	944924
single nucleotide variant	NM_000138.5(FBN1):c.3284G>A (p.Cys1095Tyr)	2200	FBN1	Likely pathogenic	GRCh38	949264
single nucleotide variant	NM_000138.5(FBN1):c.3256T>G (p.Cys1086Gly)	2200	FBN1	Pathogenic	GRCh38	946172
single nucleotide variant	NM_000138.5(FBN1):c.3158G>A (p.Cys1053Tyr)	2200	FBN1	Pathogenic	GRCh38	946557
single nucleotide variant	NM_000138.5(FBN1):c.1665C>A (p.Cys555Ter)	2200	FBN1	Pathogenic/Likely pathogenic	GRCh38	945745
single nucleotide variant	NM_000138.5(FBN1):c.266G>T (p.Cys89Phe)	2200	FBN1	Pathogenic	GRCh38	944581
single nucleotide variant	NM_000138.5(FBN1):c.7810C>T (p.Gln2604Ter)	2200	FBN1	Pathogenic	GRCh38	943096
single nucleotide variant	NM_000138.5(FBN1):c.7477C>T (p.Gln2493Ter)	2200	FBN1	Pathogenic	GRCh38	936805
single nucleotide variant	NM_000138.5(FBN1):c.6575G>A (p.Cys2192Tyr)	2200	FBN1	Likely pathogenic	GRCh38	937068
single nucleotide variant	NM_000138.5(FBN1):c.5965T>G (p.Cys1989Gly)	2200	FBN1	Likely pathogenic	GRCh38	940889
single nucleotide variant	NM_000138.5(FBN1):c.5782T>C (p.Cys1928Arg)	2200	FBN1	Pathogenic/Likely pathogenic	GRCh38	934403
single nucleotide variant	NM_000138.5(FBN1):c.5747G>T (p.Cys1916Phe)	2200	FBN1	Pathogenic	GRCh38	939999
single nucleotide variant	NM_000138.5(FBN1):c.5418T>G (p.Cys1806Trp)	2200	FBN1	Pathogenic/Likely pathogenic	GRCh38	939548
single nucleotide variant	NM_000138.5(FBN1):c.4511A>T (p.Asn1504Ile)	2200	FBN1	Likely pathogenic	GRCh38	933374
single nucleotide variant	NM_000138.5(FBN1):c.2559C>A (p.Cys853Ter)	2200	FBN1	Pathogenic	GRCh38	938696
single nucleotide variant	NM_000138.5(FBN1):c.2413T>C (p.Cys805Arg)	2200	FBN1	Pathogenic	GRCh38	935238
single nucleotide variant	NM_000138.5(FBN1):c.1728C>G (p.Cys576Trp)	2200	FBN1	Pathogenic	GRCh38	943899
single nucleotide variant	NM_000138.5(FBN1):c.1622G>A (p.Cys541Tyr)	2200	FBN1	Pathogenic	GRCh38	939149
single nucleotide variant	NM_000138.5(FBN1):c.1006T>G (p.Cys336Gly)	2200	FBN1	Likely pathogenic	GRCh38	934678
single nucleotide variant	NM_000138.5(FBN1):c.5296+3G>T	2200	FBN1	Pathogenic	GRCh38	942055
single nucleotide variant	NM_000138.5(FBN1):c.2168-1G>C	2200	FBN1	Pathogenic	GRCh38	941577
single nucleotide variant	NM_000138.5(FBN1):c.7711T>C (p.Cys2571Arg)	2200	FBN1	Pathogenic/Likely pathogenic	GRCh38	963925
single nucleotide variant	NM_000138.5(FBN1):c.7113G>A (p.Trp2371Ter)	2200	FBN1	Pathogenic	GRCh38	962745
single nucleotide variant	NM_000138.5(FBN1):c.6826T>G (p.Cys2276Gly)	2200	FBN1	Likely pathogenic	GRCh38	953581
single nucleotide variant	NM_000138.5(FBN1):c.5746T>G (p.Cys1916Gly)	2200	FBN1	Pathogenic	GRCh38	963629
single nucleotide variant	NM_000138.5(FBN1):c.5162G>A (p.Cys1721Tyr)	2200	FBN1	Pathogenic/Likely pathogenic	GRCh38	955920
single nucleotide variant	NM_000138.5(FBN1):c.5016T>A (p.Cys1672Ter)	2200	FBN1	Pathogenic	GRCh38	960277
single nucleotide variant	NM_000138.5(FBN1):c.4473C>G (p.Cys1491Trp)	2200	FBN1	Pathogenic	GRCh38	953342
single nucleotide variant	NM_000138.5(FBN1):c.2861G>C (p.Arg954Pro)	2200	FBN1	Pathogenic	GRCh38	961251
single nucleotide variant	NM_000138.5(FBN1):c.2686T>C (p.Cys896Arg)	2200	FBN1	Pathogenic	GRCh38	961950
single nucleotide variant	NM_000138.5(FBN1):c.2495G>T (p.Cys832Phe)	2200	FBN1	Pathogenic	GRCh38	963640
single nucleotide variant	NM_000138.5(FBN1):c.2462G>A (p.Cys821Tyr)	2200	FBN1	Pathogenic	GRCh38	962932
single nucleotide variant	NM_000138.5(FBN1):c.2375G>A (p.Cys792Tyr)	2200	FBN1	Pathogenic/Likely pathogenic	GRCh38	960384
single nucleotide variant	NM_000138.5(FBN1):c.2249G>A (p.Cys750Tyr)	2200	FBN1	Pathogenic/Likely pathogenic	GRCh38	963306
single nucleotide variant	NM_000138.5(FBN1):c.1999A>T (p.Arg667Ter)	2200	FBN1	Pathogenic	GRCh38	956219
single nucleotide variant	NM_000138.5(FBN1):c.1793G>T (p.Cys598Phe)	2200	FBN1	Pathogenic	GRCh38	963295
single nucleotide variant	NM_000138.5(FBN1):c.1708T>C (p.Cys570Arg)	2200	FBN1	Pathogenic	GRCh38	956400
single nucleotide variant	NM_000138.5(FBN1):c.355T>C (p.Cys119Arg)	2200	FBN1	Likely pathogenic	GRCh38	959605
single nucleotide variant	NM_000138.5(FBN1):c.200G>T (p.Cys67Phe)	2200	FBN1	Pathogenic/Likely pathogenic	GRCh38	953109
single nucleotide variant	NM_000138.5(FBN1):c.7988G>C (p.Cys2663Ser)	2200	FBN1	Pathogenic	GRCh38	971524
single nucleotide variant	NM_000138.5(FBN1):c.6734G>A (p.Cys2245Tyr)	2200	FBN1	Pathogenic	GRCh38	968455
single nucleotide variant	NM_000138.5(FBN1):c.6655T>G (p.Phe2219Val)	2200	FBN1	Pathogenic	GRCh38	966095
single nucleotide variant	NM_000138.5(FBN1):c.3250G>C (p.Gly1084Arg)	2200	FBN1	Likely pathogenic	GRCh38	967533
single nucleotide variant	NM_000138.5(FBN1):c.2639G>T (p.Gly880Val)	2200	FBN1	Likely pathogenic	GRCh38	970113
single nucleotide variant	NM_000138.5(FBN1):c.1427G>A (p.Cys476Tyr)	2200	FBN1	Pathogenic/Likely pathogenic	GRCh38	970337
single nucleotide variant	NM_000138.5(FBN1):c.238T>C (p.Cys80Arg)	2200	FBN1	Pathogenic/Likely pathogenic	GRCh38	966048
single nucleotide variant	NM_000138.5(FBN1):c.4747+3A>T	2200	FBN1	Likely pathogenic	GRCh38	960597
single nucleotide variant	NM_000138.5(FBN1):c.4217A>G (p.Asp1406Gly)	2200	FBN1	Pathogenic/Likely pathogenic	GRCh38	973318
single nucleotide variant	NM_000138.5(FBN1):c.5636G>A (p.Gly1879Asp)	2200	FBN1	Pathogenic	GRCh38	973570
single nucleotide variant	NM_000138.5(FBN1):c.3921T>G (p.Cys1307Trp)	2200	FBN1	Likely pathogenic	GRCh38	973868
single nucleotide variant	NM_000138.5(FBN1):c.7453+1G>A	2200	FBN1	Pathogenic/Likely pathogenic	GRCh38	982346
single nucleotide variant	NM_000138.5(FBN1):c.7448G>A (p.Cys2483Tyr)	2200	FBN1	Pathogenic/Likely pathogenic	GRCh38	982347
single nucleotide variant	NM_000138.5(FBN1):c.7247G>A (p.Gly2416Glu)	2200	FBN1	Likely pathogenic	GRCh38	982348
single nucleotide variant	NM_000138.5(FBN1):c.7205-2A>G	2200	FBN1	Pathogenic/Likely pathogenic	GRCh38	982349
single nucleotide variant	NM_000138.5(FBN1):c.6953G>C (p.Cys2318Ser)	2200	FBN1	Pathogenic/Likely pathogenic	GRCh38	982350
single nucleotide variant	NM_000138.5(FBN1):c.6050G>A (p.Cys2017Tyr)	2200	FBN1	Pathogenic/Likely pathogenic	GRCh38	982358
single nucleotide variant	NM_000138.5(FBN1):c.6033T>G (p.Cys2011Trp)	2200	FBN1	Likely pathogenic	GRCh38	982359
single nucleotide variant	NM_000138.5(FBN1):c.5735T>G (p.Phe1912Cys)	2200	FBN1	Likely pathogenic	GRCh38	982360
single nucleotide variant	NM_000138.5(FBN1):c.5560C>T (p.Gln1854Ter)	2200	FBN1	Pathogenic/Likely pathogenic	GRCh38	982361
single nucleotide variant	NM_000138.5(FBN1):c.5472C>A (p.Cys1824Ter)	2200	FBN1	Likely pathogenic	GRCh38	982362
single nucleotide variant	NM_000138.5(FBN1):c.4472G>T (p.Cys1491Phe)	2200	FBN1	Pathogenic/Likely pathogenic	GRCh38	982319
single nucleotide variant	NM_000138.5(FBN1):c.4366T>C (p.Cys1456Arg)	2200	FBN1	Likely pathogenic	GRCh38	982320
single nucleotide variant	NM_000138.5(FBN1):c.2668T>G (p.Cys890Gly)	2200	FBN1	Likely pathogenic	GRCh38	982336
single nucleotide variant	NM_000138.5(FBN1):c.2374T>C (p.Cys792Arg)	2200	FBN1	Likely pathogenic	GRCh38	982337
single nucleotide variant	NM_000138.5(FBN1):c.2293+1G>C	2200	FBN1	Likely pathogenic	GRCh38	982339
single nucleotide variant	NM_000138.5(FBN1):c.2201G>C (p.Cys734Ser)	2200	FBN1	Likely pathogenic	GRCh38	982340
single nucleotide variant	NM_000138.5(FBN1):c.2133C>A (p.Cys711Ter)	2200	FBN1	Likely pathogenic	GRCh38	982342
single nucleotide variant	NM_000138.5(FBN1):c.1147+1G>A	2200	FBN1	Likely pathogenic	GRCh38	982351
single nucleotide variant	NM_000138.5(FBN1):c.984C>A (p.Cys328Ter)	2200	FBN1	Likely pathogenic	GRCh38	982353
single nucleotide variant	NM_000138.5(FBN1):c.164G>A (p.Gly55Glu)	2200	FBN1	Likely pathogenic	GRCh38	982354
single nucleotide variant	NM_000138.5(FBN1):c.7897T>G (p.Cys2633Gly)	2200	FBN1	Likely pathogenic	GRCh38	984411
single nucleotide variant	NM_000138.5(FBN1):c.7907G>T (p.Gly2636Val)	2200	FBN1	Likely pathogenic	GRCh38	988285
single nucleotide variant	NM_000138.5(FBN1):c.5672A>G (p.Asp1891Gly)	2200	FBN1	Likely pathogenic	GRCh38	988304
single nucleotide variant	NM_000138.5(FBN1):c.4981G>C (p.Gly1661Arg)	2200	FBN1	Likely pathogenic	GRCh38	988272
single nucleotide variant	NM_000138.5(FBN1):c.2872T>C (p.Cys958Arg)	2200	FBN1	Likely pathogenic	GRCh38	988300
single nucleotide variant	NM_000138.5(FBN1):c.6749A>T (p.Glu2250Val)	2200	FBN1	Likely pathogenic	GRCh38	992537
single nucleotide variant	NM_000138.5(FBN1):c.2293G>A (p.Asp765Asn)	2200	FBN1	Likely pathogenic	GRCh38	993417
single nucleotide variant	NM_000138.5(FBN1):c.1838-1G>T	2200	FBN1	Pathogenic	GRCh38	993833
single nucleotide variant	NM_000138.5(FBN1):c.198C>A (p.Tyr66Ter)	2200	FBN1	Likely pathogenic	GRCh38	994182
single nucleotide variant	NM_000138.5(FBN1):c.5095T>A (p.Tyr1699Asn)	2200	FBN1	Pathogenic	GRCh38	1014036
single nucleotide variant	NM_000138.5(FBN1):c.169A>G (p.Asn57Asp)	2200	FBN1	Pathogenic	GRCh38	1018383
single nucleotide variant	NM_000138.5(FBN1):c.3998G>A (p.Cys1333Tyr)	2200	FBN1	Pathogenic	GRCh38	2152237
single nucleotide variant	NM_000138.5(FBN1):c.2861G>T (p.Arg954Leu)	2200	FBN1	Likely pathogenic	GRCh38	1029664
single nucleotide variant	NM_000138.5(FBN1):c.5174T>A (p.Ile1725Asn)	2200	FBN1	Pathogenic	GRCh38	1060002
single nucleotide variant	NM_000138.5(FBN1):c.3393C>A (p.Asn1131Lys)	2200	FBN1	Likely pathogenic	GRCh38	1053613
single nucleotide variant	NM_000138.5(FBN1):c.776G>T (p.Gly259Val)	2200	FBN1	Likely pathogenic	GRCh38	1064406
single nucleotide variant	NM_000138.5(FBN1):c.8051+2T>A	2200	FBN1	Likely pathogenic	GRCh38	1066229
single nucleotide variant	NM_000138.5(FBN1):c.5965T>A (p.Cys1989Ser)	2200	FBN1	Likely pathogenic	GRCh38	1067271
single nucleotide variant	NM_000138.5(FBN1):c.5824T>A (p.Cys1942Ser)	2200	FBN1	Likely pathogenic	GRCh38	1067779
single nucleotide variant	NM_000138.5(FBN1):c.4748-1G>A	2200	FBN1	Likely pathogenic	GRCh38	1066300
single nucleotide variant	NM_000138.5(FBN1):c.4685G>T (p.Cys1562Phe)	2200	FBN1	Likely pathogenic	GRCh38	1067526
single nucleotide variant	NM_000138.5(FBN1):c.3331T>G (p.Cys1111Gly)	2200	FBN1	Likely pathogenic	GRCh38	1067104
single nucleotide variant	NM_000138.5(FBN1):c.2086T>G (p.Cys696Gly)	2200	FBN1	Likely pathogenic	GRCh38	1066508
single nucleotide variant	NM_000138.5(FBN1):c.1883G>A (p.Cys628Tyr)	2200	FBN1	Pathogenic/Likely pathogenic	GRCh38	1066301
single nucleotide variant	NM_000138.5(FBN1):c.1678G>T (p.Gly560Cys)	2200	FBN1	Likely pathogenic	GRCh38	1066814
single nucleotide variant	NM_000138.5(FBN1):c.938G>T (p.Cys313Phe)	2200	FBN1	Likely pathogenic	GRCh38	1067815
single nucleotide variant	NM_000138.5(FBN1):c.8057G>T (p.Cys2686Phe)	2200	FBN1	Pathogenic	GRCh38	1071312
single nucleotide variant	NM_000138.5(FBN1):c.8047C>T (p.Gln2683Ter)	2200	FBN1	Pathogenic	GRCh38	1071313
single nucleotide variant	NM_000138.5(FBN1):c.7966C>T (p.Gln2656Ter)	2200	FBN1	Pathogenic	GRCh38	1071314
single nucleotide variant	NM_000138.5(FBN1):c.7696G>T (p.Glu2566Ter)	2200	FBN1	Pathogenic	GRCh38	1071449
single nucleotide variant	NM_000138.5(FBN1):c.7584C>A (p.Cys2528Ter)	2200	FBN1	Pathogenic	GRCh38	1074637
single nucleotide variant	NM_000138.5(FBN1):c.7454-1G>C	2200	FBN1	Pathogenic	GRCh38	1073164
single nucleotide variant	NM_000138.5(FBN1):c.6793T>A (p.Cys2265Ser)	2200	FBN1	Pathogenic	GRCh38	1069382
single nucleotide variant	NM_000138.5(FBN1):c.6331T>G (p.Cys2111Gly)	2200	FBN1	Pathogenic/Likely pathogenic	GRCh38	1070334
single nucleotide variant	NM_000138.5(FBN1):c.6313+1G>A	2200	FBN1	Pathogenic	GRCh38	1074121
single nucleotide variant	NM_000138.5(FBN1):c.6253T>G (p.Cys2085Gly)	2200	FBN1	Pathogenic	GRCh38	1068676
single nucleotide variant	NM_000138.5(FBN1):c.5802T>G (p.Cys1934Trp)	2200	FBN1	Pathogenic	GRCh38	1072043
single nucleotide variant	NM_000138.5(FBN1):c.5788G>C (p.Asp1930His)	2200	FBN1	Pathogenic	GRCh38	1071569
single nucleotide variant	NM_000138.5(FBN1):c.5672-2A>T	2200	FBN1	Likely pathogenic	GRCh38	2923475
single nucleotide variant	NM_000138.5(FBN1):c.5453G>A (p.Cys1818Tyr)	2200	FBN1	Pathogenic/Likely pathogenic	GRCh38	1075547
single nucleotide variant	NM_000138.5(FBN1):c.5371T>G (p.Cys1791Gly)	2200	FBN1	Pathogenic	GRCh38	1072045
single nucleotide variant	NM_000138.5(FBN1):c.5296+5G>A	2200	FBN1	Pathogenic/Likely pathogenic	GRCh38	1075548
single nucleotide variant	NM_000138.5(FBN1):c.5066-1G>T	2200	FBN1	Pathogenic	GRCh38	1069625
single nucleotide variant	NM_000138.5(FBN1):c.4942+2T>C	2200	FBN1	Pathogenic	GRCh38	1069595
single nucleotide variant	NM_000138.5(FBN1):c.4852C>T (p.Gln1618Ter)	2200	FBN1	Pathogenic	GRCh38	1071751
single nucleotide variant	NM_000138.5(FBN1):c.4731T>A (p.Cys1577Ter)	2200	FBN1	Pathogenic/Likely pathogenic	GRCh38	1070369
single nucleotide variant	NM_000138.5(FBN1):c.4723G>T (p.Glu1575Ter)	2200	FBN1	Pathogenic	GRCh38	1072030
single nucleotide variant	NM_000138.5(FBN1):c.4504T>C (p.Cys1502Arg)	2200	FBN1	Pathogenic/Likely pathogenic	GRCh38	1069285
single nucleotide variant	NM_000138.5(FBN1):c.4491C>A (p.Cys1497Ter)	2200	FBN1	Pathogenic	GRCh38	1070938
single nucleotide variant	NM_000138.5(FBN1):c.4453T>G (p.Cys1485Gly)	2200	FBN1	Pathogenic	GRCh38	1071752
single nucleotide variant	NM_000138.5(FBN1):c.4382G>A (p.Cys1461Tyr)	2200	FBN1	Pathogenic	GRCh38	1069628
single nucleotide variant	NM_000138.5(FBN1):c.4281C>A (p.Tyr1427Ter)	2200	FBN1	Pathogenic	GRCh38	1073346
single nucleotide variant	NM_000138.5(FBN1):c.4270C>T (p.Pro1424Ser)	2200	FBN1	Pathogenic	GRCh38	1073640
single nucleotide variant	NM_000138.5(FBN1):c.4258T>C (p.Cys1420Arg)	2200	FBN1	Pathogenic	GRCh38	1073227
single nucleotide variant	NM_000138.5(FBN1):c.4180G>T (p.Gly1394Ter)	2200	FBN1	Pathogenic	GRCh38	1074593
single nucleotide variant	NM_000138.5(FBN1):c.4166G>A (p.Cys1389Tyr)	2200	FBN1	Pathogenic/Likely pathogenic	GRCh38	1075671
single nucleotide variant	NM_000138.5(FBN1):c.4042T>C (p.Cys1348Arg)	2200	FBN1	Pathogenic	GRCh38	1072290
single nucleotide variant	NM_000138.5(FBN1):c.3973G>T (p.Glu1325Ter)	2200	FBN1	Pathogenic	GRCh38	1073642
single nucleotide variant	NM_000138.5(FBN1):c.3511T>C (p.Cys1171Arg)	2200	FBN1	Pathogenic	GRCh38	1069718
single nucleotide variant	NM_000138.5(FBN1):c.3116G>A (p.Cys1039Tyr)	2200	FBN1	Pathogenic	GRCh38	1069719
single nucleotide variant	NM_000138.5(FBN1):c.2854G>A (p.Asp952Asn)	2200	FBN1	Pathogenic	GRCh38	1076287
single nucleotide variant	NM_000138.5(FBN1):c.2776T>C (p.Cys926Arg)	2200	FBN1	Pathogenic	GRCh38	1075770
single nucleotide variant	NM_000138.5(FBN1):c.2764A>T (p.Lys922Ter)	2200	FBN1	Pathogenic	GRCh38	1068829
single nucleotide variant	NM_000138.5(FBN1):c.2648G>A (p.Trp883Ter)	2200	FBN1	Pathogenic	GRCh38	1075771
single nucleotide variant	NM_000138.5(FBN1):c.1995C>G (p.Tyr665Ter)	2200	FBN1	Pathogenic	GRCh38	1076897
single nucleotide variant	NM_000138.5(FBN1):c.1910G>A (p.Cys637Tyr)	2200	FBN1	Pathogenic	GRCh38	1073880
single nucleotide variant	NM_000138.5(FBN1):c.1838-2A>G	2200	FBN1	Pathogenic	GRCh38	1073881
single nucleotide variant	NM_000138.5(FBN1):c.1601G>C (p.Cys534Ser)	2200	FBN1	Pathogenic	GRCh38	1076449
single nucleotide variant	NM_000138.5(FBN1):c.1540C>T (p.Gln514Ter)	2200	FBN1	Pathogenic	GRCh38	1070664
single nucleotide variant	NM_000138.5(FBN1):c.1076G>T (p.Cys359Phe)	2200	FBN1	Pathogenic	GRCh38	1076563
single nucleotide variant	NM_000138.5(FBN1):c.368G>C (p.Cys123Ser)	2200	FBN1	Pathogenic/Likely pathogenic	GRCh38	1074922
single nucleotide variant	NM_000138.5(FBN1):c.300C>A (p.Cys100Ter)	2200	FBN1	Pathogenic	GRCh38	1071108
single nucleotide variant	NM_000138.5(FBN1):c.127A>T (p.Lys43Ter)	2200	FBN1	Pathogenic	GRCh38	1068667
single nucleotide variant	NM_000138.5(FBN1):c.7286G>A (p.Cys2429Tyr)	2200	FBN1	Likely pathogenic	GRCh38	1077159
single nucleotide variant	NM_000138.5(FBN1):c.7409G>T (p.Cys2470Phe)	2200	FBN1	Likely pathogenic	GRCh38	1098776
single nucleotide variant	NM_000138.5(FBN1):c.1297G>T (p.Glu433Ter)	2200	FBN1	Likely pathogenic	GRCh38	1098807
single nucleotide variant	NM_000138.5(FBN1):c.1817C>G (p.Ser606Ter)	2200	FBN1	Pathogenic	GRCh38	1120214
single nucleotide variant	NM_000138.5(FBN1):c.1495T>G (p.Cys499Gly)	2200	FBN1	Likely pathogenic	GRCh38	1120215
single nucleotide variant	NM_000138.5(FBN1):c.6695G>C (p.Cys2232Ser)	2200	FBN1	Pathogenic/Likely pathogenic	GRCh38	1163968
single nucleotide variant	NM_000138.5(FBN1):c.5960G>A (p.Gly1987Asp)	2200	FBN1	Likely pathogenic	GRCh38	1163969
single nucleotide variant	NM_000138.5(FBN1):c.4936T>A (p.Cys1646Ser)	2200	FBN1	Pathogenic/Likely pathogenic	GRCh38	1163970
single nucleotide variant	NM_000138.5(FBN1):c.3337+2T>C	2200	FBN1	Pathogenic	GRCh38	1163971
single nucleotide variant	NM_000138.5(FBN1):c.3127A>T (p.Lys1043Ter)	2200	FBN1	Pathogenic	GRCh38	1163972
single nucleotide variant	NM_000138.5(FBN1):c.1851T>G (p.Cys617Trp)	2200	FBN1	Pathogenic	GRCh38	1163382
single nucleotide variant	NM_000138.5(FBN1):c.1995C>A (p.Tyr665Ter)	2200	FBN1	Pathogenic	GRCh38	1175198
single nucleotide variant	NM_000138.5(FBN1):c.4222T>G (p.Cys1408Gly)	2200	FBN1	Likely pathogenic	GRCh38	1176338
single nucleotide variant	NM_000138.5(FBN1):c.2987G>A (p.Cys996Tyr)	2200	FBN1	Pathogenic	GRCh38	1176339
single nucleotide variant	NM_000138.5(FBN1):c.539-2A>G	2200	FBN1	Pathogenic/Likely pathogenic	GRCh38	1177283
single nucleotide variant	NM_000138.5(FBN1):c.1910G>C (p.Cys637Ser)	2200	FBN1	Pathogenic	GRCh38	1177303
single nucleotide variant	NM_000138.5(FBN1):c.1462T>G (p.Cys488Gly)	2200	FBN1	Likely pathogenic	GRCh38	1180492
single nucleotide variant	NM_000138.5(FBN1):c.5999G>T (p.Cys2000Phe)	2200	FBN1	Likely pathogenic	GRCh38	1188638
single nucleotide variant	NM_000138.5(FBN1):c.4817-1G>A	2200	FBN1	Pathogenic	GRCh38	1190111
single nucleotide variant	NM_000138.5(FBN1):c.5557T>C (p.Cys1853Arg)	2200	FBN1	Pathogenic/Likely pathogenic	GRCh38	1204855
single nucleotide variant	NM_000138.5(FBN1):c.5434T>G (p.Cys1812Gly)	2200	FBN1	Likely pathogenic	GRCh38	1204612
single nucleotide variant	NM_000138.5(FBN1):c.4943-2A>G	2200	FBN1	Pathogenic	GRCh38	1210086
single nucleotide variant	NM_000138.5(FBN1):c.6806T>A (p.Ile2269Asn)	2200	FBN1	Pathogenic/Likely pathogenic	GRCh38	1216657
single nucleotide variant	NM_000138.5(FBN1):c.5089A>T (p.Arg1697Ter)	2200	FBN1	Likely pathogenic	GRCh38	1217275
single nucleotide variant	NM_000138.5(FBN1):c.7527C>A (p.Cys2509Ter)	2200	FBN1	Pathogenic	GRCh38	1220219
single nucleotide variant	NM_000138.5(FBN1):c.2048G>A (p.Cys683Tyr)	2200	FBN1	Pathogenic	GRCh38	1220403
single nucleotide variant	NM_000138.5(FBN1):c.1669T>C (p.Cys557Arg)	2200	FBN1	Likely pathogenic	GRCh38	1299517
single nucleotide variant	NM_000138.5(FBN1):c.2729-2A>G	2200	FBN1	Pathogenic/Likely pathogenic	GRCh38	1299630
single nucleotide variant	NM_000138.5(FBN1):c.6380A>G (p.Asp2127Gly)	2200	FBN1	Likely pathogenic	GRCh38	1299642
single nucleotide variant	NM_000138.5(FBN1):c.4024A>C (p.Thr1342Pro)	2200	FBN1	Likely pathogenic	GRCh38	1319508
single nucleotide variant	NM_000138.5(FBN1):c.5197T>C (p.Cys1733Arg)	2200	FBN1	Likely pathogenic	GRCh38	1324390
single nucleotide variant	NM_000138.5(FBN1):c.3338-1G>C	2200	FBN1	Pathogenic/Likely pathogenic	GRCh38	1324391
single nucleotide variant	NM_000138.5(FBN1):c.274G>A (p.Gly92Arg)	2200	FBN1	Likely pathogenic	GRCh38	1325411
single nucleotide variant	NM_000138.5(FBN1):c.3590A>G (p.Asp1197Gly)	2200	FBN1	Likely pathogenic	GRCh38	1325413
single nucleotide variant	NM_000138.5(FBN1):c.451G>T (p.Glu151Ter)	2200	FBN1	Pathogenic	GRCh38	1325414
single nucleotide variant	NM_000138.5(FBN1):c.4100G>A (p.Cys1367Tyr)	2200	FBN1	Pathogenic/Likely pathogenic	GRCh38	1325416
single nucleotide variant	NM_000138.5(FBN1):c.4120T>C (p.Cys1374Arg)	2200	FBN1	Pathogenic	GRCh38	1325418
single nucleotide variant	NM_000138.5(FBN1):c.4120T>G (p.Cys1374Gly)	2200	FBN1	Pathogenic	GRCh38	1325419
single nucleotide variant	NM_000138.5(FBN1):c.4204T>G (p.Cys1402Gly)	2200	FBN1	Pathogenic/Likely pathogenic	GRCh38	1325420
single nucleotide variant	NM_000138.5(FBN1):c.502T>G (p.Cys168Gly)	2200	FBN1	Likely pathogenic	GRCh38	1325421
single nucleotide variant	NM_000138.5(FBN1):c.4409G>A (p.Cys1470Tyr)	2200	FBN1	Pathogenic	GRCh38	1325422
single nucleotide variant	NM_000138.5(FBN1):c.4710G>A (p.Trp1570Ter)	2200	FBN1	Pathogenic	GRCh38	1325423
single nucleotide variant	NM_000138.5(FBN1):c.4943-1G>C	2200	FBN1	Pathogenic/Likely pathogenic	GRCh38	1325424
single nucleotide variant	NM_000138.5(FBN1):c.5714G>C (p.Cys1905Ser)	2200	FBN1	Pathogenic/Likely pathogenic	GRCh38	1325427
single nucleotide variant	NM_000138.5(FBN1):c.5800T>C (p.Cys1934Arg)	2200	FBN1	Pathogenic/Likely pathogenic	GRCh38	1325428
single nucleotide variant	NM_000138.5(FBN1):c.5992T>A (p.Cys1998Ser)	2200	FBN1	Pathogenic	GRCh38	1325433
single nucleotide variant	NM_000138.5(FBN1):c.6379+2T>G	2200	FBN1	Likely pathogenic	GRCh38	1325436
single nucleotide variant	NM_000138.5(FBN1):c.6391T>C (p.Cys2131Arg)	2200	FBN1	Pathogenic	GRCh38	1325440
single nucleotide variant	NM_000138.5(FBN1):c.6409T>G (p.Cys2137Gly)	2200	FBN1	Pathogenic	GRCh38	1325441
single nucleotide variant	NM_000138.5(FBN1):c.6549T>G (p.Asn2183Lys)	2200	FBN1	Likely pathogenic	GRCh38	1325443
single nucleotide variant	NM_000138.5(FBN1):c.6616+1G>T	2200	FBN1	Likely pathogenic	GRCh38	1325444
single nucleotide variant	NM_000138.5(FBN1):c.6694T>A (p.Cys2232Ser)	2200	FBN1	Pathogenic	GRCh38	1325446
single nucleotide variant	NM_000138.5(FBN1):c.7286G>T (p.Cys2429Phe)	2200	FBN1	Pathogenic	GRCh38	1325452
single nucleotide variant	NM_000138.5(FBN1):c.7525T>A (p.Cys2509Ser)	2200	FBN1	Pathogenic	GRCh38	1325455
single nucleotide variant	NM_000138.5(FBN1):c.112A>T (p.Arg38Ter)	2200	FBN1	Pathogenic	GRCh38	1325476
single nucleotide variant	NM_000138.5(FBN1):c.1884C>G (p.Cys628Trp)	2200	FBN1	Pathogenic/Likely pathogenic	GRCh38	1325477
single nucleotide variant	NM_000138.5(FBN1):c.2307T>G (p.Cys769Trp)	2200	FBN1	Pathogenic	GRCh38	1325481
single nucleotide variant	NM_000138.5(FBN1):c.2659T>C (p.Cys887Arg)	2200	FBN1	Likely pathogenic	GRCh38	1325483
single nucleotide variant	NM_000138.5(FBN1):c.2762G>A (p.Cys921Tyr)	2200	FBN1	Pathogenic	GRCh38	1325485
single nucleotide variant	NM_000138.5(FBN1):c.2777G>C (p.Cys926Ser)	2200	FBN1	Pathogenic	GRCh38	1325486
single nucleotide variant	NM_000138.5(FBN1):c.2854G>C (p.Asp952His)	2200	FBN1	Likely pathogenic	GRCh38	1325487
single nucleotide variant	NM_000138.5(FBN1):c.3083-1G>C	2200	FBN1	Likely pathogenic	GRCh38	1325490
single nucleotide variant	NM_000138.5(FBN1):c.3130T>G (p.Cys1044Gly)	2200	FBN1	Pathogenic	GRCh38	1325491
single nucleotide variant	NM_000138.5(FBN1):c.3338-2A>G	2200	FBN1	Likely pathogenic	GRCh38	1325493
single nucleotide variant	NM_000138.5(FBN1):c.3370T>G (p.Cys1124Gly)	2200	FBN1	Pathogenic	GRCh38	1325494
single nucleotide variant	NM_000138.5(FBN1):c.2945G>T (p.Cys982Phe)	2200	FBN1	Likely pathogenic	GRCh38	1329359
single nucleotide variant	NM_000138.5(FBN1):c.7805G>A (p.Trp2602Ter)	2200	FBN1	Pathogenic	GRCh38	1329372
single nucleotide variant	NM_000138.5(FBN1):c.7820-1G>A	2200	FBN1	Likely pathogenic	GRCh38	1329373
single nucleotide variant	NM_000138.5(FBN1):c.5872T>A (p.Cys1958Ser)	2200	FBN1	Pathogenic/Likely pathogenic	GRCh38	1330677
single nucleotide variant	NM_000138.5(FBN1):c.497G>A (p.Cys166Tyr)	2200	FBN1	Pathogenic/Likely pathogenic	GRCh38	1331456
single nucleotide variant	NM_000138.5(FBN1):c.3635G>A (p.Cys1212Tyr)	2200	FBN1	Likely pathogenic	GRCh38	1332729
single nucleotide variant	NM_000138.5(FBN1):c.1867T>A (p.Cys623Ser)	2200	FBN1	Likely pathogenic	GRCh38	1332757
single nucleotide variant	NM_000138.5(FBN1):c.3589+1G>A	2200	FBN1	Pathogenic	GRCh38	1332759
single nucleotide variant	NM_000138.5(FBN1):c.4491C>G (p.Cys1497Trp)	2200	FBN1	Likely pathogenic	GRCh38	1332760
single nucleotide variant	NM_000138.5(FBN1):c.5621G>T (p.Cys1874Phe)	2200	FBN1	Likely pathogenic	GRCh38	1332763
single nucleotide variant	NM_000138.5(FBN1):c.5671G>A (p.Asp1891Asn)	2200	FBN1	Pathogenic/Likely pathogenic	GRCh38	1332764
single nucleotide variant	NM_000138.5(FBN1):c.5966G>C (p.Cys1989Ser)	2200	FBN1	Likely pathogenic	GRCh38	1332765
single nucleotide variant	NM_000138.5(FBN1):c.5993G>T (p.Cys1998Phe)	2200	FBN1	Likely pathogenic	GRCh38	1332766
single nucleotide variant	NM_000138.5(FBN1):c.7817T>A (p.Val2606Asp)	2200	FBN1	Likely pathogenic	GRCh38	1332768
single nucleotide variant	NM_000138.5(FBN1):c.3137A>G (p.Asn1046Ser)	2200	FBN1	Likely pathogenic	GRCh38	1333372
single nucleotide variant	NM_000138.5(FBN1):c.3902G>A (p.Gly1301Asp)	2200	FBN1	Likely pathogenic	GRCh38	1335179
single nucleotide variant	NM_000138.5(FBN1):c.2670C>A (p.Cys890Ter)	2200	FBN1	Pathogenic	GRCh38	1343082
single nucleotide variant	NM_000138.5(FBN1):c.2168A>G (p.Asp723Gly)	2200	FBN1	Likely pathogenic	GRCh38	1343365
single nucleotide variant	NM_000138.5(FBN1):c.1726T>C (p.Cys576Arg)	2200	FBN1	Pathogenic	GRCh38	1343366
single nucleotide variant	NM_000138.5(FBN1):c.6031T>C (p.Cys2011Arg)	2200	FBN1	Pathogenic/Likely pathogenic	GRCh38	1366927
single nucleotide variant	NM_000138.5(FBN1):c.2289C>G (p.Cys763Trp)	2200	FBN1	Likely pathogenic	GRCh38	1505807
single nucleotide variant	NM_000138.5(FBN1):c.6528T>G (p.Cys2176Trp)	2200	FBN1	Likely pathogenic	GRCh38	1494741
single nucleotide variant	NM_000138.5(FBN1):c.3083-1G>T	2200	FBN1	Pathogenic	GRCh38	1523706
single nucleotide variant	NM_000138.5(FBN1):c.3371G>C (p.Cys1124Ser)	2200	FBN1	Likely pathogenic	GRCh38	1466451
single nucleotide variant	NM_000138.5(FBN1):c.4600T>C (p.Cys1534Arg)	2200	FBN1	Pathogenic	GRCh38	1507616
single nucleotide variant	NM_000138.5(FBN1):c.3083A>T (p.Asp1028Val)	2200	FBN1	Pathogenic	GRCh38	1493355
single nucleotide variant	NM_000138.5(FBN1):c.1745G>A (p.Cys582Tyr)	2200	FBN1	Pathogenic/Likely pathogenic	GRCh38	1520744
single nucleotide variant	NM_000138.5(FBN1):c.449G>A (p.Cys150Tyr)	2200	FBN1	Pathogenic	GRCh38	1525356
single nucleotide variant	NM_000138.5(FBN1):c.6209G>A (p.Cys2070Tyr)	2200	FBN1	Likely pathogenic	GRCh38	1525423
single nucleotide variant	NM_000138.5(FBN1):c.5512G>C (p.Gly1838Arg)	2200	FBN1	Pathogenic	GRCh38	1496102
single nucleotide variant	NM_000138.5(FBN1):c.1792T>G (p.Cys598Gly)	2200	FBN1	Pathogenic	GRCh38	1426619
single nucleotide variant	NM_000138.5(FBN1):c.7408T>A (p.Cys2470Ser)	2200	FBN1	Pathogenic	GRCh38	1454047
single nucleotide variant	NM_000138.5(FBN1):c.2026G>T (p.Gly676Cys)	2200	FBN1	Likely pathogenic	GRCh38	1495161
single nucleotide variant	NM_000138.5(FBN1):c.1916G>T (p.Cys639Phe)	2200	FBN1	Pathogenic	GRCh38	1359274
single nucleotide variant	NM_000138.5(FBN1):c.7583G>C (p.Cys2528Ser)	2200	FBN1	Pathogenic	GRCh38	1389953
single nucleotide variant	NM_000138.5(FBN1):c.3349T>C (p.Cys1117Arg)	2200	FBN1	Pathogenic	GRCh38	1390245
single nucleotide variant	NM_000138.5(FBN1):c.2116G>T (p.Glu706Ter)	2200	FBN1	Pathogenic	GRCh38	1417265
single nucleotide variant	NM_000138.5(FBN1):c.1850G>C (p.Cys617Ser)	2200	FBN1	Pathogenic	GRCh38	1401186
single nucleotide variant	NM_000138.5(FBN1):c.3023G>C (p.Cys1008Ser)	2200	FBN1	Pathogenic	GRCh38	1455712
single nucleotide variant	NM_000138.5(FBN1):c.7983T>A (p.Tyr2661Ter)	2200	FBN1	Pathogenic	GRCh38	1455894
single nucleotide variant	NM_000138.5(FBN1):c.1882T>C (p.Cys628Arg)	2200	FBN1	Pathogenic	GRCh38	1483618
single nucleotide variant	NM_000138.5(FBN1):c.3661T>A (p.Cys1221Ser)	2200	FBN1	Pathogenic	GRCh38	1472021
single nucleotide variant	NM_000138.5(FBN1):c.4538G>T (p.Cys1513Phe)	2200	FBN1	Likely pathogenic	GRCh38	1472041
single nucleotide variant	NM_000138.5(FBN1):c.3704C>G (p.Ser1235Ter)	2200	FBN1	Pathogenic	GRCh38	1391760
single nucleotide variant	NM_000138.5(FBN1):c.610T>C (p.Cys204Arg)	2200	FBN1	Likely pathogenic	GRCh38	1499510
single nucleotide variant	NM_000138.5(FBN1):c.6659G>C (p.Arg2220Pro)	2200	FBN1	Likely pathogenic	GRCh38	1349710
single nucleotide variant	NM_000138.5(FBN1):c.2179T>A (p.Cys727Ser)	2200	FBN1	Pathogenic	GRCh38	1393600
single nucleotide variant	NM_000138.5(FBN1):c.5628C>G (p.Cys1876Trp)	2200	FBN1	Likely pathogenic	GRCh38	1475603
single nucleotide variant	NM_000138.5(FBN1):c.3850T>A (p.Cys1284Ser)	2200	FBN1	Pathogenic	GRCh38	1393053
single nucleotide variant	NM_000138.5(FBN1):c.1671T>G (p.Cys557Trp)	2200	FBN1	Likely pathogenic	GRCh38	1475205
single nucleotide variant	NM_000138.5(FBN1):c.7238G>A (p.Cys2413Tyr)	2200	FBN1	Pathogenic	GRCh38	1367185
single nucleotide variant	NM_000138.5(FBN1):c.5929T>A (p.Cys1977Ser)	2200	FBN1	Likely pathogenic	GRCh38	1500362
single nucleotide variant	NM_000138.5(FBN1):c.7454-1G>T	2200	FBN1	Pathogenic	GRCh38	1392377
single nucleotide variant	NM_000138.5(FBN1):c.1638C>A (p.Cys546Ter)	2200	FBN1	Pathogenic	GRCh38	1392400
single nucleotide variant	NM_000138.5(FBN1):c.7742G>C (p.Cys2581Ser)	2200	FBN1	Pathogenic	GRCh38	1393814
single nucleotide variant	NM_000138.5(FBN1):c.4414T>A (p.Cys1472Ser)	2200	FBN1	Pathogenic	GRCh38	1369075
single nucleotide variant	NM_000138.5(FBN1):c.6815A>G (p.Tyr2272Cys)	2200	FBN1	Pathogenic/Likely pathogenic	GRCh38	1407992
single nucleotide variant	NM_000138.5(FBN1):c.4747+5G>A	2200	FBN1	Pathogenic	GRCh38	1408022
single nucleotide variant	NM_000138.5(FBN1):c.2368T>C (p.Cys790Arg)	2200	FBN1	Pathogenic	GRCh38	1421673
single nucleotide variant	NM_000138.5(FBN1):c.386G>T (p.Cys129Phe)	2200	FBN1	Pathogenic	GRCh38	1451553
single nucleotide variant	NM_000138.5(FBN1):c.511G>T (p.Gly171Ter)	2200	FBN1	Pathogenic	GRCh38	1451676
single nucleotide variant	NM_000138.5(FBN1):c.6034G>T (p.Glu2012Ter)	2200	FBN1	Pathogenic	GRCh38	1453128
single nucleotide variant	NM_000138.5(FBN1):c.6616+2T>C	2200	FBN1	Pathogenic	GRCh38	1453441
single nucleotide variant	NM_000138.5(FBN1):c.2562G>T (p.Trp854Cys)	2200	FBN1	Pathogenic	GRCh38	1480741
single nucleotide variant	NM_000138.5(FBN1):c.2131T>A (p.Cys711Ser)	2200	FBN1	Pathogenic	GRCh38	1481039
single nucleotide variant	NM_000138.5(FBN1):c.4121G>A (p.Cys1374Tyr)	2200	FBN1	Pathogenic	GRCh38	1451231
single nucleotide variant	NM_000138.5(FBN1):c.3464-1G>A	2200	FBN1	Pathogenic	GRCh38	1451239
single nucleotide variant	NM_000138.5(FBN1):c.2687G>A (p.Cys896Tyr)	2200	FBN1	Pathogenic	GRCh38	1451245
single nucleotide variant	NM_000138.5(FBN1):c.7912C>T (p.Gln2638Ter)	2200	FBN1	Pathogenic	GRCh38	1451276
single nucleotide variant	NM_000138.5(FBN1):c.7954T>A (p.Cys2652Ser)	2200	FBN1	Pathogenic	GRCh38	1452826
single nucleotide variant	NM_000138.5(FBN1):c.6663T>G (p.Cys2221Trp)	2200	FBN1	Pathogenic	GRCh38	1453015
single nucleotide variant	NM_000138.5(FBN1):c.3712+1G>T	2200	FBN1	Pathogenic	GRCh38	1453065
single nucleotide variant	NM_000138.5(FBN1):c.4748-2A>G	2200	FBN1	Pathogenic/Likely pathogenic	GRCh38	1480279
single nucleotide variant	NM_000138.5(FBN1):c.3464A>G (p.Asp1155Gly)	2200	FBN1	Likely pathogenic	GRCh38	1480569
single nucleotide variant	NM_000138.5(FBN1):c.502T>A (p.Cys168Ser)	2200	FBN1	Pathogenic	GRCh38	1452173
single nucleotide variant	NM_000138.5(FBN1):c.2659T>A (p.Cys887Ser)	2200	FBN1	Pathogenic	GRCh38	1452274
single nucleotide variant	NM_000138.5(FBN1):c.8051+1G>A	2200	FBN1	Pathogenic/Likely pathogenic	GRCh38	1479671
single nucleotide variant	NM_000138.5(FBN1):c.4210G>C (p.Asp1404His)	2200	FBN1	Likely pathogenic	GRCh38	1508660
single nucleotide variant	NM_000138.5(FBN1):c.6740-2A>G	2200	FBN1	Pathogenic	GRCh38	1400365
single nucleotide variant	NM_000138.5(FBN1):c.6675T>G (p.Tyr2225Ter)	2200	FBN1	Pathogenic	GRCh38	1372292
single nucleotide variant	NM_000138.5(FBN1):c.1621T>G (p.Cys541Gly)	2200	FBN1	Pathogenic	GRCh38	1400134
single nucleotide variant	NM_000138.5(FBN1):c.3724T>C (p.Cys1242Arg)	2200	FBN1	Pathogenic	GRCh38	1454772
single nucleotide variant	NM_000138.5(FBN1):c.6698C>A (p.Pro2233His)	2200	FBN1	Likely pathogenic	GRCh38	1482018
single nucleotide variant	NM_000138.5(FBN1):c.2176G>C (p.Glu726Gln)	2200	FBN1	Pathogenic	GRCh38	1465947
single nucleotide variant	NM_000138.5(FBN1):c.5839T>A (p.Cys1947Ser)	2200	FBN1	Pathogenic	GRCh38	1453641
single nucleotide variant	NM_000138.5(FBN1):c.7988G>T (p.Cys2663Phe)	2200	FBN1	Pathogenic	GRCh38	1453782
single nucleotide variant	NM_000138.5(FBN1):c.2963G>A (p.Trp988Ter)	2200	FBN1	Pathogenic	GRCh38	1453834
single nucleotide variant	NM_000138.5(FBN1):c.4331G>C (p.Cys1444Ser)	2200	FBN1	Pathogenic	GRCh38	1453863
single nucleotide variant	NM_000138.5(FBN1):c.1147+2T>A	2200	FBN1	Likely pathogenic	GRCh38	1481304
single nucleotide variant	NM_000138.5(FBN1):c.6314-2A>C	2200	FBN1	Pathogenic	GRCh38	1374729
single nucleotide variant	NM_000138.5(FBN1):c.3661T>C (p.Cys1221Arg)	2200	FBN1	Pathogenic	GRCh38	1456223
single nucleotide variant	NM_000138.5(FBN1):c.4381T>C (p.Cys1461Arg)	2200	FBN1	Pathogenic	GRCh38	1456343
single nucleotide variant	NM_000138.5(FBN1):c.4336+1G>T	2200	FBN1	Pathogenic	GRCh38	1456344
single nucleotide variant	NM_000138.5(FBN1):c.6490T>G (p.Cys2164Gly)	2200	FBN1	Likely pathogenic	GRCh38	1494003
single nucleotide variant	NM_000138.5(FBN1):c.3583T>G (p.Cys1195Gly)	2200	FBN1	Likely pathogenic	GRCh38	1522804
single nucleotide variant	NM_000138.5(FBN1):c.4825G>T (p.Glu1609Ter)	2200	FBN1	Pathogenic	GRCh38	1413187
single nucleotide variant	NM_000138.5(FBN1):c.4043G>T (p.Cys1348Phe)	2200	FBN1	Pathogenic	GRCh38	1413441
single nucleotide variant	NM_000138.5(FBN1):c.6371C>G (p.Ser2124Ter)	2200	FBN1	Pathogenic	GRCh38	1374960
single nucleotide variant	NM_000138.5(FBN1):c.2628C>G (p.Cys876Trp)	2200	FBN1	Pathogenic	GRCh38	1458475
single nucleotide variant	NM_000138.5(FBN1):c.2848T>C (p.Cys950Arg)	2200	FBN1	Pathogenic	GRCh38	1458521
single nucleotide variant	NM_000138.5(FBN1):c.2167+1G>A	2200	FBN1	Pathogenic	GRCh38	1458532
single nucleotide variant	NM_000138.5(FBN1):c.5740T>G (p.Cys1914Gly)	2200	FBN1	Likely pathogenic	GRCh38	1513835
single nucleotide variant	NM_000138.5(FBN1):c.3082+1G>A	2200	FBN1	Pathogenic	GRCh38	1457864
single nucleotide variant	NM_000138.5(FBN1):c.6424T>C (p.Cys2142Arg)	2200	FBN1	Pathogenic	GRCh38	1457950
single nucleotide variant	NM_000138.5(FBN1):c.4336+1G>A	2200	FBN1	Pathogenic	GRCh38	1457971
single nucleotide variant	NM_000138.5(FBN1):c.1744T>C (p.Cys582Arg)	2200	FBN1	Pathogenic	GRCh38	1458007
single nucleotide variant	NM_000138.5(FBN1):c.2855-2A>G	2200	FBN1	Pathogenic	GRCh38	1485695
single nucleotide variant	NM_000138.5(FBN1):c.3706T>G (p.Cys1236Gly)	2200	FBN1	Likely pathogenic	GRCh38	1350034
single nucleotide variant	NM_000138.5(FBN1):c.7533T>G (p.Cys2511Trp)	2200	FBN1	Pathogenic/Likely pathogenic	GRCh38	1414814
single nucleotide variant	NM_000138.5(FBN1):c.1007G>A (p.Cys336Tyr)	2200	FBN1	Likely pathogenic	GRCh38	1469554
single nucleotide variant	NM_000138.5(FBN1):c.2729-1G>A	2200	FBN1	Pathogenic	GRCh38	1456953
single nucleotide variant	NM_000138.5(FBN1):c.175T>C (p.Cys59Arg)	2200	FBN1	Pathogenic	GRCh38	1460089
single nucleotide variant	NM_000138.5(FBN1):c.7579G>C (p.Glu2527Gln)	2200	FBN1	Pathogenic	GRCh38	1351948
single nucleotide variant	NM_000138.5(FBN1):c.3204C>A (p.Cys1068Ter)	2200	FBN1	Pathogenic	GRCh38	1459424
single nucleotide variant	NM_000138.5(FBN1):c.1788T>A (p.Cys596Ter)	2200	FBN1	Pathogenic	GRCh38	1459590
single nucleotide variant	NM_000138.5(FBN1):c.3616G>T (p.Gly1206Cys)	2200	FBN1	Pathogenic	GRCh38	1459733
single nucleotide variant	NM_000138.5(FBN1):c.2088C>A (p.Cys696Ter)	2200	FBN1	Pathogenic	GRCh38	1459754
single nucleotide variant	NM_000138.5(FBN1):c.3713-1G>T	2200	FBN1	Pathogenic	GRCh38	1487328
single nucleotide variant	NM_000138.5(FBN1):c.5182G>C (p.Ala1728Pro)	2200	FBN1	Pathogenic	GRCh38	1431497
single nucleotide variant	NM_000138.5(FBN1):c.933C>G (p.Tyr311Ter)	2200	FBN1	Pathogenic	GRCh38	1458672
single nucleotide variant	NM_000138.5(FBN1):c.1786T>C (p.Cys596Arg)	2200	FBN1	Pathogenic	GRCh38	1458822
single nucleotide variant	NM_000138.5(FBN1):c.1709G>C (p.Cys570Ser)	2200	FBN1	Pathogenic	GRCh38	1458824
single nucleotide variant	NM_000138.5(FBN1):c.1630G>C (p.Gly544Arg)	2200	FBN1	Pathogenic	GRCh38	1458827
single nucleotide variant	NM_000138.5(FBN1):c.1665C>G (p.Cys555Trp)	2200	FBN1	Pathogenic	GRCh38	1514213
single nucleotide variant	NM_000138.5(FBN1):c.3794G>T (p.Cys1265Phe)	2200	FBN1	Pathogenic	GRCh38	1406071
single nucleotide variant	NM_000138.5(FBN1):c.3538T>C (p.Cys1180Arg)	2200	FBN1	Pathogenic	GRCh38	1460238
single nucleotide variant	NM_000138.5(FBN1):c.1468+1G>A	2200	FBN1	Pathogenic	GRCh38	1460268
single nucleotide variant	NM_000138.5(FBN1):c.4747+1G>A	2200	FBN1	Likely pathogenic	GRCh38	1489586
single nucleotide variant	NM_000138.5(FBN1):c.1588+1G>A	2200	FBN1	Likely pathogenic	GRCh38	1516801
single nucleotide variant	NM_000138.5(FBN1):c.6199G>T (p.Gly2067Ter)	2200	FBN1	Pathogenic	GRCh38	1409015
single nucleotide variant	NM_000138.5(FBN1):c.3271G>T (p.Gly1091Trp)	2200	FBN1	Likely pathogenic	GRCh38	1500765
single nucleotide variant	NM_000138.5(FBN1):c.7706A>G (p.Asp2569Gly)	2200	FBN1	Likely pathogenic	GRCh38	1392848
single nucleotide variant	NM_000138.5(FBN1):c.199T>C (p.Cys67Arg)	2200	FBN1	Likely pathogenic	GRCh38	1380036
single nucleotide variant	NM_000138.5(FBN1):c.4332T>G (p.Cys1444Trp)	2200	FBN1	Pathogenic	GRCh38	1380215
single nucleotide variant	NM_000138.5(FBN1):c.2584T>A (p.Cys862Ser)	2200	FBN1	Pathogenic	GRCh38	1355569
single nucleotide variant	NM_000138.5(FBN1):c.211T>G (p.Trp71Gly)	2200	FBN1	Likely pathogenic	GRCh38	1465025
single nucleotide variant	NM_000138.5(FBN1):c.6071G>T (p.Cys2024Phe)	2200	FBN1	Pathogenic	GRCh38	1490805
single nucleotide variant	NM_000138.5(FBN1):c.6386A>T (p.Asp2129Val)	2200	FBN1	Likely pathogenic	GRCh38	1517910
single nucleotide variant	NM_000138.5(FBN1):c.6250T>A (p.Cys2084Ser)	2200	FBN1	Likely pathogenic	GRCh38	1517935
single nucleotide variant	NM_000138.5(FBN1):c.8348C>A (p.Ala2783Asp)	2200	FBN1	Pathogenic	GRCh38	1518035
single nucleotide variant	NM_000138.5(FBN1):c.1837G>A (p.Asp613Asn)	2200	FBN1	Pathogenic/Likely pathogenic	GRCh38	1355106
single nucleotide variant	NM_000138.5(FBN1):c.4471T>C (p.Cys1491Arg)	2200	FBN1	Pathogenic	GRCh38	1410301
single nucleotide variant	NM_000138.5(FBN1):c.8012T>C (p.Leu2671Pro)	2200	FBN1	Likely pathogenic	GRCh38	1464885
single nucleotide variant	NM_000138.5(FBN1):c.6617-1G>C	2200	FBN1	Pathogenic	GRCh38	1519865
single nucleotide variant	NM_000138.5(FBN1):c.2354C>A (p.Pro785His)	2200	FBN1	Likely pathogenic	GRCh38	1526275
single nucleotide variant	NM_000138.5(FBN1):c.2200T>C (p.Cys734Arg)	2200	FBN1	Likely pathogenic	GRCh38	1675078
single nucleotide variant	NM_000138.5(FBN1):c.5059T>C (p.Cys1687Arg)	2200	FBN1	Pathogenic	GRCh38	1678714
single nucleotide variant	NM_000138.5(FBN1):c.6055G>T (p.Glu2019Ter)	2200	FBN1	Pathogenic	GRCh38	1679424
single nucleotide variant	NM_000138.5(FBN1):c.6772T>G (p.Cys2258Gly)	2200	FBN1	Pathogenic/Likely pathogenic	GRCh38	1679954
single nucleotide variant	NM_000138.5(FBN1):c.7623C>G (p.Cys2541Trp)	2200	FBN1	Likely pathogenic	GRCh38	1685316
single nucleotide variant	NM_000138.5(FBN1):c.6629G>A (p.Cys2210Tyr)	2200	FBN1	Pathogenic/Likely pathogenic	GRCh38	1685818
single nucleotide variant	NM_000138.5(FBN1):c.4684T>C (p.Cys1562Arg)	2200	FBN1	Pathogenic/Likely pathogenic	GRCh38	1685819
single nucleotide variant	NM_000138.5(FBN1):c.1714+2T>C	2200	FBN1	Likely pathogenic	GRCh38	1687255
single nucleotide variant	NM_000138.5(FBN1):c.2741G>A (p.Cys914Tyr)	2200	FBN1	Pathogenic/Likely pathogenic	GRCh38	1687323
single nucleotide variant	NM_000138.5(FBN1):c.305G>A (p.Cys102Tyr)	2200	FBN1	Likely pathogenic	GRCh38	1687724
single nucleotide variant	NM_000138.5(FBN1):c.6883T>A (p.Cys2295Ser)	2200	FBN1	Likely pathogenic	GRCh38	2672295
single nucleotide variant	NM_000138.5(FBN1):c.7252T>A (p.Cys2418Ser)	2200	FBN1	Likely pathogenic	GRCh38	1691559
single nucleotide variant	NM_000138.5(FBN1):c.284C>A (p.Ser95Ter)	2200	FBN1	Pathogenic	GRCh38	1698746
single nucleotide variant	NM_000138.5(FBN1):c.5873G>A (p.Cys1958Tyr)	2200	FBN1	Pathogenic	GRCh38	1699701
single nucleotide variant	NM_000138.5(FBN1):c.2761T>A (p.Cys921Ser)	2200	FBN1	Pathogenic	GRCh38	1701259
single nucleotide variant	NM_000138.5(FBN1):c.7429C>T (p.Gln2477Ter)	2200	FBN1	Pathogenic	GRCh38	1702405
single nucleotide variant	NM_000138.5(FBN1):c.5021G>C (p.Cys1674Ser)	2200	FBN1	Likely pathogenic	GRCh38	1705230
single nucleotide variant	NM_000138.5(FBN1):c.1708T>A (p.Cys570Ser)	2200	FBN1	Pathogenic	GRCh38	1705611
single nucleotide variant	NM_000138.5(FBN1):c.5060G>T (p.Cys1687Phe)	2200	FBN1	Pathogenic/Likely pathogenic	GRCh38	1708070
single nucleotide variant	NM_000138.5(FBN1):c.5095T>G (p.Tyr1699Asp)	2200	FBN1	Likely pathogenic	GRCh38	1708583
single nucleotide variant	NM_000138.5(FBN1):c.6208T>C (p.Cys2070Arg)	2200	FBN1	Pathogenic/Likely pathogenic	GRCh38	1712055
single nucleotide variant	NM_000138.5(FBN1):c.3545G>C (p.Cys1182Ser)	2200	FBN1	Pathogenic	GRCh38	1712174
single nucleotide variant	NM_000138.5(FBN1):c.5741G>A (p.Cys1914Tyr)	2200	FBN1	Likely pathogenic	GRCh38	1712343
single nucleotide variant	NM_000138.5(FBN1):c.5789A>G (p.Asp1930Gly)	2200	FBN1	Likely pathogenic	GRCh38	1723088
single nucleotide variant	NM_000138.5(FBN1):c.6314-2A>G	2200	FBN1	Pathogenic	GRCh38	1723747
single nucleotide variant	NM_000138.5(FBN1):c.7815T>A (p.Cys2605Ter)	2200	FBN1	Pathogenic	GRCh38	1723821
single nucleotide variant	NM_000138.5(FBN1):c.5284G>T (p.Gly1762Cys)	2200	FBN1	Likely pathogenic	GRCh38	1723869
single nucleotide variant	NM_000138.5(FBN1):c.3333C>A (p.Cys1111Ter)	2200	FBN1	Pathogenic	GRCh38	1730326
single nucleotide variant	NM_000138.5(FBN1):c.3833G>C (p.Cys1278Ser)	2200	FBN1	Likely pathogenic	GRCh38	1735367
single nucleotide variant	NM_000138.5(FBN1):c.3838+2T>C	2200	FBN1	Pathogenic/Likely pathogenic	GRCh38	1735394
single nucleotide variant	NM_000138.5(FBN1):c.4204T>C (p.Cys1402Arg)	2200	FBN1	Likely pathogenic	GRCh38	1738683
single nucleotide variant	NM_000138.5(FBN1):c.4206T>G (p.Cys1402Trp)	2200	FBN1	Likely pathogenic	GRCh38	1738692
single nucleotide variant	NM_000138.5(FBN1):c.4366T>G (p.Cys1456Gly)	2200	FBN1	Likely pathogenic	GRCh38	1740052
single nucleotide variant	NM_000138.5(FBN1):c.1148-1G>C	2200	FBN1	Likely pathogenic	GRCh38	1732987
single nucleotide variant	NM_000138.5(FBN1):c.3958T>A (p.Cys1320Ser)	2200	FBN1	Likely pathogenic	GRCh38	1736484
single nucleotide variant	NM_000138.5(FBN1):c.4122C>A (p.Cys1374Ter)	2200	FBN1	Pathogenic	GRCh38	1738031
single nucleotide variant	NM_000138.5(FBN1):c.4471T>A (p.Cys1491Ser)	2200	FBN1	Pathogenic	GRCh38	1740838
single nucleotide variant	NM_000138.5(FBN1):c.4937G>C (p.Cys1646Ser)	2200	FBN1	Likely pathogenic	GRCh38	1744238
single nucleotide variant	NM_000138.5(FBN1):c.4942+2T>G	2200	FBN1	Pathogenic	GRCh38	1744284
single nucleotide variant	NM_000138.5(FBN1):c.5452T>C (p.Cys1818Arg)	2200	FBN1	Likely pathogenic	GRCh38	1747622
single nucleotide variant	NM_000138.5(FBN1):c.5700T>G (p.Cys1900Trp)	2200	FBN1	Likely pathogenic	GRCh38	1749177
single nucleotide variant	NM_000138.5(FBN1):c.5988C>A (p.Tyr1996Ter)	2200	FBN1	Pathogenic	GRCh38	1750868
single nucleotide variant	NM_000138.5(FBN1):c.6049T>G (p.Cys2017Gly)	2200	FBN1	Likely pathogenic	GRCh38	1751258
single nucleotide variant	NM_000138.5(FBN1):c.6313+3A>T	2200	FBN1	Likely pathogenic	GRCh38	1752804
single nucleotide variant	NM_000138.5(FBN1):c.6314-1G>A	2200	FBN1	Likely pathogenic	GRCh38	1752809
single nucleotide variant	NM_000138.5(FBN1):c.4864T>C (p.Cys1622Arg)	2200	FBN1	Pathogenic/Likely pathogenic	GRCh38	1743659
single nucleotide variant	NM_000138.5(FBN1):c.5371T>A (p.Cys1791Ser)	2200	FBN1	Likely pathogenic	GRCh38	1747108
single nucleotide variant	NM_000138.5(FBN1):c.5912G>T (p.Cys1971Phe)	2200	FBN1	Pathogenic/Likely pathogenic	GRCh38	1750458
single nucleotide variant	NM_000138.5(FBN1):c.6247T>C (p.Cys2083Arg)	2200	FBN1	Likely pathogenic	GRCh38	1752406
single nucleotide variant	NM_000138.5(FBN1):c.4817-1G>C	2200	FBN1	Pathogenic	GRCh38	1743318
single nucleotide variant	NM_000138.5(FBN1):c.5288T>A (p.Leu1763Ter)	2200	FBN1	Pathogenic	GRCh38	1746600
single nucleotide variant	NM_000138.5(FBN1):c.557G>A (p.Cys186Tyr)	2200	FBN1	Pathogenic/Likely pathogenic	GRCh38	1748414
single nucleotide variant	NM_000138.5(FBN1):c.6120T>G (p.Cys2040Trp)	2200	FBN1	Pathogenic	GRCh38	1751735
single nucleotide variant	NM_000138.5(FBN1):c.6454G>T (p.Glu2152Ter)	2200	FBN1	Pathogenic	GRCh38	1753616
single nucleotide variant	NM_000138.5(FBN1):c.6466G>T (p.Gly2156Cys)	2200	FBN1	Likely pathogenic	GRCh38	1753677
single nucleotide variant	NM_000138.5(FBN1):c.6497-2A>G	2200	FBN1	Pathogenic	GRCh38	1753848
single nucleotide variant	NM_000138.5(FBN1):c.4537T>G (p.Cys1513Gly)	2200	FBN1	Pathogenic/Likely pathogenic	GRCh38	1741306
single nucleotide variant	NM_000138.5(FBN1):c.5014T>C (p.Cys1672Arg)	2200	FBN1	Pathogenic	GRCh38	1744779
single nucleotide variant	NM_000138.5(FBN1):c.6113G>T (p.Cys2038Phe)	2200	FBN1	Pathogenic	GRCh38	1751692
single nucleotide variant	NM_000138.5(FBN1):c.6119G>T (p.Cys2040Phe)	2200	FBN1	Likely pathogenic	GRCh38	1751705
single nucleotide variant	NM_000138.5(FBN1):c.6821G>C (p.Cys2274Ser)	2200	FBN1	Likely pathogenic	GRCh38	1755641
single nucleotide variant	NM_000138.5(FBN1):c.6822C>G (p.Cys2274Trp)	2200	FBN1	Likely pathogenic	GRCh38	1755644
single nucleotide variant	NM_000138.5(FBN1):c.7864T>G (p.Cys2622Gly)	2200	FBN1	Pathogenic	GRCh38	1760931
single nucleotide variant	NM_000138.5(FBN1):c.7886A>G (p.Tyr2629Cys)	2200	FBN1	Pathogenic	GRCh38	1761019
single nucleotide variant	NM_000138.5(FBN1):c.7460A>G (p.Asp2487Gly)	2200	FBN1	Likely pathogenic	GRCh38	1759019
single nucleotide variant	NM_000138.5(FBN1):c.7741T>A (p.Cys2581Ser)	2200	FBN1	Pathogenic	GRCh38	1760403
single nucleotide variant	NM_000138.5(FBN1):c.812G>A (p.Cys271Tyr)	2200	FBN1	Likely pathogenic	GRCh38	1762124
single nucleotide variant	NM_000138.5(FBN1):c.8148C>A (p.Tyr2716Ter)	2200	FBN1	Pathogenic	GRCh38	1762177
single nucleotide variant	NM_000138.5(FBN1):c.8547T>A (p.Tyr2849Ter)	2200	FBN1	Pathogenic	GRCh38	1763801
single nucleotide variant	NM_000138.5(FBN1):c.6733T>C (p.Cys2245Arg)	2200	FBN1	Pathogenic	GRCh38	1755155
single nucleotide variant	NM_000138.5(FBN1):c.7684G>T (p.Gly2562Cys)	2200	FBN1	Likely pathogenic	GRCh38	1760126
single nucleotide variant	NM_000138.5(FBN1):c.7706A>T (p.Asp2569Val)	2200	FBN1	Likely pathogenic	GRCh38	1760233
single nucleotide variant	NM_000138.5(FBN1):c.88G>T (p.Glu30Ter)	2200	FBN1	Pathogenic	GRCh38	1765054
single nucleotide variant	NM_000138.5(FBN1):c.1428C>G (p.Cys476Trp)	2200	FBN1	Pathogenic/Likely pathogenic	GRCh38	1772413
single nucleotide variant	NM_000138.5(FBN1):c.1328-1G>A	2200	FBN1	Pathogenic	GRCh38	1770046
single nucleotide variant	NM_000138.5(FBN1):c.164+1G>C	2200	FBN1	Pathogenic/Likely pathogenic	GRCh38	1777023
single nucleotide variant	NM_000138.5(FBN1):c.1909T>A (p.Cys637Ser)	2200	FBN1	Likely pathogenic	GRCh38	1782465
single nucleotide variant	NM_000138.5(FBN1):c.2489G>T (p.Cys830Phe)	2200	FBN1	Pathogenic/Likely pathogenic	GRCh38	1792034
single nucleotide variant	NM_000138.5(FBN1):c.1074C>G (p.Cys358Trp)	2200	FBN1	Likely pathogenic	GRCh38	1784344
single nucleotide variant	NM_000138.5(FBN1):c.2121T>A (p.Tyr707Ter)	2200	FBN1	Pathogenic	GRCh38	1786255
single nucleotide variant	NM_000138.5(FBN1):c.2200T>A (p.Cys734Ser)	2200	FBN1	Likely pathogenic	GRCh38	1787632
single nucleotide variant	NM_000138.5(FBN1):c.2428G>T (p.Glu810Ter)	2200	FBN1	Pathogenic	GRCh38	1791118
single nucleotide variant	NM_000138.5(FBN1):c.3064G>T (p.Gly1022Ter)	2200	FBN1	Pathogenic/Likely pathogenic	GRCh38	1799412
single nucleotide variant	NM_000138.5(FBN1):c.4087G>A (p.Asp1363Asn)	2200	FBN1	Likely pathogenic	GRCh38	1802115
single nucleotide variant	NM_000138.5(FBN1):c.1637G>A (p.Cys546Tyr)	2200	FBN1	Likely pathogenic	GRCh38	1804178
single nucleotide variant	NM_000138.5(FBN1):c.2800A>T (p.Lys934Ter)	2200	FBN1	Pathogenic/Likely pathogenic	GRCh38	1804650
single nucleotide variant	NM_000138.5(FBN1):c.2294-1G>C	2200	FBN1	Likely pathogenic	GRCh38	1806145
single nucleotide variant	NM_000138.5(FBN1):c.3965-3C>G	2200	FBN1	Likely pathogenic	GRCh38	1806667
single nucleotide variant	NM_000138.5(FBN1):c.3350G>T (p.Cys1117Phe)	2200	FBN1	Pathogenic	GRCh38	1810233
single nucleotide variant	NM_000138.5(FBN1):c.8052-2A>G	2200	FBN1	Pathogenic	GRCh38	2137673
single nucleotide variant	NM_000138.5(FBN1):c.6739+1G>T	2200	FBN1	Pathogenic	GRCh38	2137678
single nucleotide variant	NM_000138.5(FBN1):c.6661T>G (p.Cys2221Gly)	2200	FBN1	Pathogenic	GRCh38	2137680
single nucleotide variant	NM_000138.5(FBN1):c.6451T>C (p.Cys2151Arg)	2200	FBN1	Pathogenic	GRCh38	2137681
single nucleotide variant	NM_000138.5(FBN1):c.6297C>G (p.Cys2099Trp)	2200	FBN1	Pathogenic	GRCh38	2137682
single nucleotide variant	NM_000138.5(FBN1):c.5836C>T (p.Gln1946Ter)	2200	FBN1	Pathogenic	GRCh38	2137683
single nucleotide variant	NM_000138.5(FBN1):c.5729G>T (p.Gly1910Val)	2200	FBN1	Pathogenic	GRCh38	2137685
single nucleotide variant	NM_000138.5(FBN1):c.5656C>T (p.Gln1886Ter)	2200	FBN1	Pathogenic	GRCh38	2137686
single nucleotide variant	NM_000138.5(FBN1):c.5533G>T (p.Gly1845Ter)	2200	FBN1	Pathogenic	GRCh38	2137687
single nucleotide variant	NM_000138.5(FBN1):c.5296+1G>A	2200	FBN1	Pathogenic	GRCh38	2137688
single nucleotide variant	NM_000138.5(FBN1):c.5242T>C (p.Cys1748Arg)	2200	FBN1	Pathogenic	GRCh38	2137689
single nucleotide variant	NM_000138.5(FBN1):c.5117G>A (p.Cys1706Tyr)	2200	FBN1	Pathogenic	GRCh38	2137690
single nucleotide variant	NM_000138.5(FBN1):c.5084G>A (p.Cys1695Tyr)	2200	FBN1	Pathogenic	GRCh38	2137691
single nucleotide variant	NM_000138.5(FBN1):c.4472G>A (p.Cys1491Tyr)	2200	FBN1	Pathogenic	GRCh38	2137693
single nucleotide variant	NM_000138.5(FBN1):c.4459+1G>A	2200	FBN1	Pathogenic/Likely pathogenic	GRCh38	2137694
single nucleotide variant	NM_000138.5(FBN1):c.3976T>C (p.Cys1326Arg)	2200	FBN1	Pathogenic	GRCh38	2137695
single nucleotide variant	NM_000138.5(FBN1):c.3920G>A (p.Cys1307Tyr)	2200	FBN1	Pathogenic/Likely pathogenic	GRCh38	2137696
single nucleotide variant	NM_000138.5(FBN1):c.3794G>A (p.Cys1265Tyr)	2200	FBN1	Pathogenic/Likely pathogenic	GRCh38	2137697
single nucleotide variant	NM_000138.5(FBN1):c.2886C>G (p.Tyr962Ter)	2200	FBN1	Pathogenic	GRCh38	2137698
single nucleotide variant	NM_000138.5(FBN1):c.2854+1G>A	2200	FBN1	Pathogenic	GRCh38	2137699
single nucleotide variant	NM_000138.5(FBN1):c.2660G>C (p.Cys887Ser)	2200	FBN1	Pathogenic	GRCh38	2137700
single nucleotide variant	NM_000138.5(FBN1):c.2368T>G (p.Cys790Gly)	2200	FBN1	Pathogenic	GRCh38	2137702
single nucleotide variant	NM_000138.5(FBN1):c.2132G>A (p.Cys711Tyr)	2200	FBN1	Pathogenic	GRCh38	2137705
single nucleotide variant	NM_000138.5(FBN1):c.1960G>A (p.Asp654Asn)	2200	FBN1	Likely pathogenic	GRCh38	2137706
single nucleotide variant	NM_000138.5(FBN1):c.1468+1G>C	2200	FBN1	Pathogenic	GRCh38	2137708
single nucleotide variant	NM_000138.5(FBN1):c.5559T>G (p.Cys1853Trp)	2200	FBN1	Pathogenic	GRCh38	2152235
single nucleotide variant	NM_000138.5(FBN1):c.2494T>C (p.Cys832Arg)	2200	FBN1	Pathogenic	GRCh38	2152240
single nucleotide variant	NM_000138.5(FBN1):c.2222A>G (p.Asn741Ser)	2200	FBN1	Likely pathogenic	GRCh38	2152241
single nucleotide variant	NM_000138.5(FBN1):c.1097G>C (p.Trp366Ser)	2200	FBN1	Likely pathogenic	GRCh38	2152242
single nucleotide variant	NM_000138.5(FBN1):c.2114-1G>A	2200	FBN1	Pathogenic	GRCh38	2419067
single nucleotide variant	NM_000138.5(FBN1):c.213G>A (p.Trp71Ter)	2200	FBN1	Pathogenic	GRCh38	2419069
single nucleotide variant	NM_000138.5(FBN1):c.7732C>A (p.Gln2578Lys)	2200	FBN1	Pathogenic	GRCh38	1982904
single nucleotide variant	NM_000138.5(FBN1):c.3893A>C (p.Asn1298Thr)	2200	FBN1	Likely pathogenic	GRCh38	2005623
single nucleotide variant	NM_000138.5(FBN1):c.6527G>A (p.Cys2176Tyr)	2200	FBN1	Likely pathogenic	GRCh38	2001796
single nucleotide variant	NM_000138.5(FBN1):c.1482T>G (p.Cys494Trp)	2200	FBN1	Pathogenic/Likely pathogenic	GRCh38	1996097
single nucleotide variant	NM_000138.5(FBN1):c.6611G>C (p.Cys2204Ser)	2200	FBN1	Likely pathogenic	GRCh38	1997294
single nucleotide variant	NM_000138.5(FBN1):c.5667C>G (p.Cys1889Trp)	2200	FBN1	Pathogenic	GRCh38	2002728
single nucleotide variant	NM_000138.5(FBN1):c.7091G>C (p.Cys2364Ser)	2200	FBN1	Pathogenic	GRCh38	2008785
single nucleotide variant	NM_000138.5(FBN1):c.8242G>T (p.Glu2748Ter)	2200	FBN1	Pathogenic	GRCh38	2017463
single nucleotide variant	NM_000138.5(FBN1):c.6528T>A (p.Cys2176Ter)	2200	FBN1	Pathogenic	GRCh38	2018665
single nucleotide variant	NM_000138.5(FBN1):c.2005C>T (p.Gln669Ter)	2200	FBN1	Pathogenic	GRCh38	2014836
single nucleotide variant	NM_000138.5(FBN1):c.5671G>T (p.Asp1891Tyr)	2200	FBN1	Likely pathogenic	GRCh38	2014899
single nucleotide variant	NM_000138.5(FBN1):c.6718G>T (p.Glu2240Ter)	2200	FBN1	Pathogenic	GRCh38	2015138
single nucleotide variant	NM_000138.5(FBN1):c.2803T>G (p.Cys935Gly)	2200	FBN1	Likely pathogenic	GRCh38	2016566
single nucleotide variant	NM_000138.5(FBN1):c.6576C>A (p.Cys2192Ter)	2200	FBN1	Pathogenic	GRCh38	2012945
single nucleotide variant	NM_000138.5(FBN1):c.6424T>G (p.Cys2142Gly)	2200	FBN1	Pathogenic	GRCh38	2022802
single nucleotide variant	NM_000138.5(FBN1):c.7463A>G (p.Glu2488Gly)	2200	FBN1	Likely pathogenic	GRCh38	2029363
single nucleotide variant	NM_000138.5(FBN1):c.4994A>C (p.Asn1665Thr)	2200	FBN1	Pathogenic	GRCh38	2029643
single nucleotide variant	NM_000138.5(FBN1):c.6180C>A (p.Tyr2060Ter)	2200	FBN1	Pathogenic	GRCh38	2029198
single nucleotide variant	NM_000138.5(FBN1):c.6740-1G>C	2200	FBN1	Pathogenic	GRCh38	2025058
single nucleotide variant	NM_000138.5(FBN1):c.3464A>T (p.Asp1155Val)	2200	FBN1	Likely pathogenic	GRCh38	2032122
single nucleotide variant	NM_000138.5(FBN1):c.3332G>C (p.Cys1111Ser)	2200	FBN1	Likely pathogenic	GRCh38	2021355
single nucleotide variant	NM_000138.5(FBN1):c.461G>T (p.Cys154Phe)	2200	FBN1	Pathogenic	GRCh38	2028254
single nucleotide variant	NM_000138.5(FBN1):c.4101T>A (p.Cys1367Ter)	2200	FBN1	Pathogenic	GRCh38	2029758
single nucleotide variant	NM_000138.5(FBN1):c.1597G>T (p.Glu533Ter)	2200	FBN1	Pathogenic	GRCh38	2036309
single nucleotide variant	NM_000138.5(FBN1):c.1761T>G (p.Cys587Trp)	2200	FBN1	Pathogenic	GRCh38	2034108
single nucleotide variant	NM_000138.5(FBN1):c.7714G>T (p.Glu2572Ter)	2200	FBN1	Pathogenic	GRCh38	2034380
single nucleotide variant	NM_000138.5(FBN1):c.4583-2A>G	2200	FBN1	Pathogenic	GRCh38	2044624
single nucleotide variant	NM_000138.5(FBN1):c.1744T>G (p.Cys582Gly)	2200	FBN1	Pathogenic	GRCh38	2033835
single nucleotide variant	NM_000138.5(FBN1):c.2289C>A (p.Cys763Ter)	2200	FBN1	Pathogenic	GRCh38	2035163
single nucleotide variant	NM_000138.5(FBN1):c.1468+1G>T	2200	FBN1	Pathogenic	GRCh38	2043511
single nucleotide variant	NM_000138.5(FBN1):c.3498C>A (p.Cys1166Ter)	2200	FBN1	Pathogenic	GRCh38	2071708
single nucleotide variant	NM_000138.5(FBN1):c.3624T>G (p.Cys1208Trp)	2200	FBN1	Likely pathogenic	GRCh38	2069386
single nucleotide variant	NM_000138.5(FBN1):c.2447G>A (p.Cys816Tyr)	2200	FBN1	Pathogenic	GRCh38	2094461
single nucleotide variant	NM_000138.5(FBN1):c.3833G>A (p.Cys1278Tyr)	2200	FBN1	Pathogenic	GRCh38	2098867
single nucleotide variant	NM_000138.5(FBN1):c.407G>A (p.Cys136Tyr)	2200	FBN1	Pathogenic/Likely pathogenic	GRCh38	2098868
single nucleotide variant	NM_000138.5(FBN1):c.2273C>G (p.Ser758Ter)	2200	FBN1	Pathogenic	GRCh38	2100584
single nucleotide variant	NM_000138.5(FBN1):c.2636T>C (p.Leu879Pro)	2200	FBN1	Pathogenic	GRCh38	2088229
single nucleotide variant	NM_000138.5(FBN1):c.943T>C (p.Cys315Arg)	2200	FBN1	Likely pathogenic	GRCh38	2095184
single nucleotide variant	NM_000138.5(FBN1):c.6157T>A (p.Cys2053Ser)	2200	FBN1	Pathogenic	GRCh38	2111584
single nucleotide variant	NM_000138.5(FBN1):c.3697C>T (p.Gln1233Ter)	2200	FBN1	Pathogenic/Likely pathogenic	GRCh38	2111178
single nucleotide variant	NM_000138.5(FBN1):c.8442C>A (p.Tyr2814Ter)	2200	FBN1	Pathogenic	GRCh38	2103774
single nucleotide variant	NM_000138.5(FBN1):c.7706A>C (p.Asp2569Ala)	2200	FBN1	Likely pathogenic	GRCh38	2108834
single nucleotide variant	NM_000138.5(FBN1):c.7184G>A (p.Gly2395Glu)	2200	FBN1	Pathogenic	GRCh38	2114146
single nucleotide variant	NM_000138.5(FBN1):c.7678C>T (p.Gln2560Ter)	2200	FBN1	Pathogenic	GRCh38	2125647
single nucleotide variant	NM_000138.5(FBN1):c.3746G>A (p.Cys1249Tyr)	2200	FBN1	Pathogenic	GRCh38	2118439
single nucleotide variant	NM_000138.5(FBN1):c.2943C>G (p.Cys981Trp)	2200	FBN1	Pathogenic	GRCh38	2123403
single nucleotide variant	NM_000138.5(FBN1):c.4087G>T (p.Asp1363Tyr)	2200	FBN1	Likely pathogenic	GRCh38	2121178
single nucleotide variant	NM_000138.5(FBN1):c.5244T>G (p.Cys1748Trp)	2200	FBN1	Pathogenic	GRCh38	2123035
single nucleotide variant	NM_000138.5(FBN1):c.8057G>A (p.Cys2686Tyr)	2200	FBN1	Likely pathogenic	GRCh38	2123169
single nucleotide variant	NM_000138.5(FBN1):c.7339G>C (p.Glu2447Gln)	2200	FBN1	Likely pathogenic	GRCh38	2130947
single nucleotide variant	NM_000138.5(FBN1):c.4589G>T (p.Arg1530Leu)	2200	FBN1	Likely pathogenic	GRCh38	2134989
single nucleotide variant	NM_000138.5(FBN1):c.6505G>T (p.Glu2169Ter)	2200	FBN1	Likely pathogenic	GRCh38	2413172
single nucleotide variant	NM_000138.5(FBN1):c.4255C>T (p.Gln1419Ter)	2200	FBN1	Pathogenic	GRCh38	2413173
single nucleotide variant	NM_000138.5(FBN1):c.1883G>C (p.Cys628Ser)	2200	FBN1	Likely pathogenic	GRCh38	2430708
single nucleotide variant	NM_000138.5(FBN1):c.6497-1G>A	2200	FBN1	Likely pathogenic	GRCh38	2431720
single nucleotide variant	NM_000138.5(FBN1):c.3408C>G (p.Tyr1136Ter)	2200	FBN1	Pathogenic	GRCh38	2436181
single nucleotide variant	NM_000138.5(FBN1):c.8005G>C (p.Gly2669Arg)	2200	FBN1	Likely pathogenic	GRCh38	2441773
single nucleotide variant	NM_000138.5(FBN1):c.3534T>A (p.Tyr1178Ter)	2200	FBN1	Pathogenic	GRCh38	2442874
single nucleotide variant	NM_000138.5(FBN1):c.2327G>T (p.Cys776Phe)	2200	FBN1	Likely pathogenic	GRCh38	2442982
single nucleotide variant	NM_000138.5(FBN1):c.2294-1G>A	2200	FBN1	Likely pathogenic	GRCh38	2453678
single nucleotide variant	NM_000138.5(FBN1):c.182C>G (p.Ser61Ter)	2200	FBN1	Pathogenic	GRCh38	2453680
single nucleotide variant	NM_000138.5(FBN1):c.5665T>C (p.Cys1889Arg)	2200	FBN1	Likely pathogenic	GRCh38	2497951
single nucleotide variant	NM_000138.5(FBN1):c.8405G>T (p.Gly2802Val)	2200	FBN1	Likely pathogenic	GRCh38	2498338
single nucleotide variant	NM_000138.5(FBN1):c.4211A>G (p.Asp1404Gly)	2200	FBN1	Likely pathogenic	GRCh38	2498341
single nucleotide variant	NM_000138.5(FBN1):c.4085C>G (p.Thr1362Ser)	2200	FBN1	Likely pathogenic	GRCh38	2498342
single nucleotide variant	NM_000138.5(FBN1):c.7699+2T>C	2200	FBN1	Pathogenic	GRCh38	2498344
single nucleotide variant	NM_000138.5(FBN1):c.6649T>G (p.Cys2217Gly)	2200	FBN1	Pathogenic	GRCh38	2498611
single nucleotide variant	NM_000138.5(FBN1):c.1746C>G (p.Cys582Trp)	2200	FBN1	Pathogenic/Likely pathogenic	GRCh38	2498613
single nucleotide variant	NM_000138.5(FBN1):c.6569G>A (p.Cys2190Tyr)	2200	FBN1	Likely pathogenic	GRCh38	2500232
single nucleotide variant	NM_000138.5(FBN1):c.7833C>A (p.Cys2611Ter)	2200	FBN1	Pathogenic/Likely pathogenic	GRCh38	2501044
single nucleotide variant	NM_000138.5(FBN1):c.3964G>A (p.Asp1322Asn)	2200	FBN1	Pathogenic/Likely pathogenic	GRCh38	2502068
single nucleotide variant	NM_000138.5(FBN1):c.2964G>A (p.Trp988Ter)	2200	FBN1	Pathogenic	GRCh38	2504236
single nucleotide variant	NM_000138.5(FBN1):c.5066-2A>G	2200	FBN1	Pathogenic	GRCh38	2504831
single nucleotide variant	NM_000138.5(FBN1):c.7540G>T (p.Gly2514Ter)	2200	FBN1	Pathogenic	GRCh38	2506018
single nucleotide variant	NM_000138.5(FBN1):c.863-2A>G	2200	FBN1	Likely pathogenic	GRCh38	2506141
single nucleotide variant	NM_000138.5(FBN1):c.5261G>A (p.Gly1754Asp)	2200	FBN1	Likely pathogenic	GRCh38	2570580
single nucleotide variant	NM_000138.5(FBN1):c.329C>G (p.Ser110Cys)	2200	FBN1	Likely pathogenic	GRCh38	2570581
single nucleotide variant	NM_000138.5(FBN1):c.5628C>A (p.Cys1876Ter)	2200	FBN1	Pathogenic	GRCh38	2570902
single nucleotide variant	NM_000138.5(FBN1):c.3458G>T (p.Cys1153Phe)	2200	FBN1	Pathogenic	GRCh38	2571593
single nucleotide variant	NM_000138.5(FBN1):c.6315G>T (p.Glu2105Asp)	2200	FBN1	Likely pathogenic	GRCh38	2572188
single nucleotide variant	NM_000138.5(FBN1):c.3115T>C (p.Cys1039Arg)	2200	FBN1	Likely pathogenic	GRCh38	2572629
single nucleotide variant	NM_000138.5(FBN1):c.3007G>T (p.Glu1003Ter)	2200	FBN1	Likely pathogenic	GRCh38	2574100
single nucleotide variant	NM_000138.5(FBN1):c.5267T>C (p.Val1756Ala)	2200	FBN1	Likely pathogenic	GRCh38	2574103
single nucleotide variant	NM_000138.5(FBN1):c.6340G>T (p.Gly2114Ter)	2200	FBN1	Likely pathogenic	GRCh38	2574104
single nucleotide variant	NM_000138.5(FBN1):c.6793T>C (p.Cys2265Arg)	2200	FBN1	Pathogenic	GRCh38	2576879
single nucleotide variant	NM_000138.5(FBN1):c.4685G>A (p.Cys1562Tyr)	2200	FBN1	Likely pathogenic	GRCh38	2578736
single nucleotide variant	NM_000138.5(FBN1):c.3230C>G (p.Ser1077Cys)	2200	FBN1	Likely pathogenic	GRCh38	2578737
single nucleotide variant	NM_000138.5(FBN1):c.4955G>C (p.Cys1652Ser)	2200	FBN1	Pathogenic	GRCh38	2580942
single nucleotide variant	NM_000138.5(FBN1):c.3603C>A (p.Cys1201Ter)	2200	FBN1	Pathogenic	GRCh38	2581043
single nucleotide variant	NM_000138.5(FBN1):c.5925T>A (p.Asn1975Lys)	2200	FBN1	Likely pathogenic	GRCh38	2584377
single nucleotide variant	NM_000138.5(FBN1):c.47T>C (p.Leu16Pro)	2200	FBN1	Likely pathogenic	GRCh38	2587625
single nucleotide variant	NM_000138.5(FBN1):c.7406C>A (p.Ser2469Ter)	2200	FBN1	Pathogenic	GRCh38	2587626
single nucleotide variant	NM_000138.5(FBN1):c.2558G>A (p.Cys853Tyr)	2200	FBN1	Likely pathogenic	GRCh38	2627080
single nucleotide variant	NM_000138.5(FBN1):c.7447T>G (p.Cys2483Gly)	2200	FBN1	Likely pathogenic	GRCh38	2627789
single nucleotide variant	NM_000138.5(FBN1):c.4516C>A (p.Pro1506Thr)	2200	FBN1	Likely pathogenic	GRCh38	2637023
single nucleotide variant	NM_000138.5(FBN1):c.3726T>G (p.Cys1242Trp)	2200	FBN1	Likely pathogenic	GRCh38	2637911
single nucleotide variant	NM_000138.5(FBN1):c.641G>A (p.Gly214Asp)	2200	FBN1	Likely pathogenic	GRCh38	2662788
single nucleotide variant	NM_000138.5(FBN1):c.3713A>G (p.Asp1238Gly)	2200	FBN1	Likely pathogenic	GRCh38	2662804
single nucleotide variant	NM_000138.5(FBN1):c.1589-1217G>T	2200	FBN1	Pathogenic/Likely pathogenic	GRCh38	2664316
single nucleotide variant	NM_000138.5(FBN1):c.2294-2A>G	2200	FBN1	Likely pathogenic	GRCh38	2671837
single nucleotide variant	NM_000138.5(FBN1):c.3965-1081A>G	2200	FBN1	Likely pathogenic	GRCh38	3769613
single nucleotide variant	NM_000138.5(FBN1):c.6563T>G (p.Phe2188Cys)	2200	FBN1	Likely pathogenic	GRCh38	2674623
single nucleotide variant	NM_000138.5(FBN1):c.4211-2A>C	2200	FBN1	Likely pathogenic	GRCh38	2683670
single nucleotide variant	NM_000138.5(FBN1):c.1584C>A (p.Cys528Ter)	2200	FBN1	Pathogenic	GRCh38	2683671
single nucleotide variant	NM_000138.5(FBN1):c.4330T>C (p.Cys1444Arg)	2200	FBN1	Likely pathogenic	GRCh38	2691174
single nucleotide variant	NM_000138.5(FBN1):c.4205G>C (p.Cys1402Ser)	2200	FBN1	Likely pathogenic	GRCh38	2773346
single nucleotide variant	NM_000138.5(FBN1):c.4576T>C (p.Cys1526Arg)	2200	FBN1	Pathogenic/Likely pathogenic	GRCh38	2920902
single nucleotide variant	NM_000138.5(FBN1):c.5296+2T>G	2200	FBN1	Pathogenic/Likely pathogenic	GRCh38	2921147
single nucleotide variant	NM_000138.5(FBN1):c.2687G>C (p.Cys896Ser)	2200	FBN1	Likely pathogenic	GRCh38	2922191
single nucleotide variant	NM_000138.5(FBN1):c.2114-5T>G	2200	FBN1	Pathogenic	GRCh38	2922434
single nucleotide variant	NM_000138.5(FBN1):c.3343G>T (p.Asp1115Tyr)	2200	FBN1	Likely pathogenic	GRCh38	2922438
single nucleotide variant	NM_000138.5(FBN1):c.5555A>C (p.Glu1852Ala)	2200	FBN1	Likely pathogenic	GRCh38	2922440
single nucleotide variant	NM_000138.5(FBN1):c.3914G>A (p.Cys1305Tyr)	2200	FBN1	Pathogenic	GRCh38	2929120
single nucleotide variant	NM_000138.5(FBN1):c.3299G>A (p.Gly1100Asp)	2200	FBN1	Pathogenic	GRCh38	2929121
single nucleotide variant	NM_000138.5(FBN1):c.3616G>A (p.Gly1206Ser)	2200	FBN1	Likely pathogenic	GRCh38	2921751
single nucleotide variant	NM_000138.5(FBN1):c.1072T>A (p.Cys358Ser)	2200	FBN1	Pathogenic/Likely pathogenic	GRCh38	2921976
single nucleotide variant	NM_000138.5(FBN1):c.306C>G (p.Cys102Trp)	2200	FBN1	Pathogenic	GRCh38	2922003
single nucleotide variant	NM_000138.5(FBN1):c.5698T>C (p.Cys1900Arg)	2200	FBN1	Pathogenic	GRCh38	2922104
single nucleotide variant	NM_000138.5(FBN1):c.7526G>A (p.Cys2509Tyr)	2200	FBN1	Pathogenic	GRCh38	2925531
single nucleotide variant	NM_000138.5(FBN1):c.7331-2A>G	2200	FBN1	Pathogenic	GRCh38	2925532
single nucleotide variant	NM_000138.5(FBN1):c.7330+1G>T	2200	FBN1	Pathogenic/Likely pathogenic	GRCh38	2925533
single nucleotide variant	NM_000138.5(FBN1):c.6919T>C (p.Cys2307Arg)	2200	FBN1	Pathogenic	GRCh38	2925534
single nucleotide variant	NM_000138.5(FBN1):c.6790G>T (p.Glu2264Ter)	2200	FBN1	Pathogenic	GRCh38	2925536
single nucleotide variant	NM_000138.5(FBN1):c.6617-1G>T	2200	FBN1	Pathogenic	GRCh38	2925537
single nucleotide variant	NM_000138.5(FBN1):c.6164-1G>T	2200	FBN1	Pathogenic	GRCh38	2925539
single nucleotide variant	NM_000138.5(FBN1):c.5931T>A (p.Cys1977Ter)	2200	FBN1	Pathogenic	GRCh38	2925540
single nucleotide variant	NM_000138.5(FBN1):c.5684G>A (p.Cys1895Tyr)	2200	FBN1	Pathogenic	GRCh38	2925543
single nucleotide variant	NM_000138.5(FBN1):c.5578T>C (p.Cys1860Arg)	2200	FBN1	Pathogenic	GRCh38	2925544
single nucleotide variant	NM_000138.5(FBN1):c.5452T>G (p.Cys1818Gly)	2200	FBN1	Likely pathogenic	GRCh38	2925546
single nucleotide variant	NM_000138.5(FBN1):c.5339G>A (p.Gly1780Glu)	2200	FBN1	Pathogenic	GRCh38	2925547
single nucleotide variant	NM_000138.5(FBN1):c.5159G>A (p.Cys1720Tyr)	2200	FBN1	Pathogenic	GRCh38	2925550
single nucleotide variant	NM_000138.5(FBN1):c.4897T>C (p.Cys1633Arg)	2200	FBN1	Pathogenic	GRCh38	2925552
single nucleotide variant	NM_000138.5(FBN1):c.4577G>C (p.Cys1526Ser)	2200	FBN1	Pathogenic	GRCh38	2925553
single nucleotide variant	NM_000138.5(FBN1):c.4460-1G>T	2200	FBN1	Pathogenic	GRCh38	2925555
single nucleotide variant	NM_000138.5(FBN1):c.4161C>A (p.Tyr1387Ter)	2200	FBN1	Pathogenic	GRCh38	2925556
single nucleotide variant	NM_000138.5(FBN1):c.4139G>A (p.Cys1380Tyr)	2200	FBN1	Pathogenic	GRCh38	2925557
single nucleotide variant	NM_000138.5(FBN1):c.3928G>A (p.Gly1310Ser)	2200	FBN1	Pathogenic	GRCh38	2925558
single nucleotide variant	NM_000138.5(FBN1):c.3464-6C>A	2200	FBN1	Pathogenic	GRCh38	2925561
single nucleotide variant	NM_000138.5(FBN1):c.2980G>T (p.Glu994Ter)	2200	FBN1	Pathogenic	GRCh38	2925564
single nucleotide variant	NM_000138.5(FBN1):c.2677+1G>A	2200	FBN1	Likely pathogenic	GRCh38	2925565
single nucleotide variant	NM_000138.5(FBN1):c.2431T>C (p.Cys811Arg)	2200	FBN1	Pathogenic	GRCh38	2925567
single nucleotide variant	NM_000138.5(FBN1):c.2343T>G (p.Cys781Trp)	2200	FBN1	Pathogenic	GRCh38	2925568
single nucleotide variant	NM_000138.5(FBN1):c.2341T>G (p.Cys781Gly)	2200	FBN1	Likely pathogenic	GRCh38	2925569
single nucleotide variant	NM_000138.5(FBN1):c.2177A>G (p.Glu726Gly)	2200	FBN1	Pathogenic/Likely pathogenic	GRCh38	2925570
single nucleotide variant	NM_000138.5(FBN1):c.1600T>G (p.Cys534Gly)	2200	FBN1	Pathogenic	GRCh38	2925572
single nucleotide variant	NM_000138.5(FBN1):c.1495T>C (p.Cys499Arg)	2200	FBN1	Pathogenic	GRCh38	2925575
single nucleotide variant	NM_000138.5(FBN1):c.651G>A (p.Trp217Ter)	2200	FBN1	Pathogenic	GRCh38	2925579
single nucleotide variant	NM_000138.5(FBN1):c.478T>G (p.Cys160Gly)	2200	FBN1	Pathogenic	GRCh38	2925580
single nucleotide variant	NM_000138.5(FBN1):c.415G>T (p.Gly139Ter)	2200	FBN1	Pathogenic	GRCh38	2925581
single nucleotide variant	NM_000138.5(FBN1):c.407G>T (p.Cys136Phe)	2200	FBN1	Pathogenic/Likely pathogenic	GRCh38	2925582
single nucleotide variant	NM_000138.5(FBN1):c.331T>C (p.Cys111Arg)	2200	FBN1	Pathogenic/Likely pathogenic	GRCh38	2925584
single nucleotide variant	NM_000138.5(FBN1):c.254G>A (p.Cys85Tyr)	2200	FBN1	Pathogenic	GRCh38	2925586
single nucleotide variant	NM_000138.5(FBN1):c.5060G>A (p.Cys1687Tyr)	2200	FBN1	Pathogenic	GRCh38	2927218
single nucleotide variant	NM_000138.5(FBN1):c.1792T>C (p.Cys598Arg)	2200	FBN1	Pathogenic	GRCh38	2927219
single nucleotide variant	NM_000138.5(FBN1):c.1129T>G (p.Cys377Gly)	2200	FBN1	Likely pathogenic	GRCh38	2927220
single nucleotide variant	NM_000138.5(FBN1):c.7204+3A>T	2200	FBN1	Pathogenic	GRCh38	2932530
single nucleotide variant	NM_000138.5(FBN1):c.2795C>G (p.Ser932Ter)	2200	FBN1	Pathogenic	GRCh38	2921310
single nucleotide variant	NM_000138.5(FBN1):c.461G>A (p.Cys154Tyr)	2200	FBN1	Likely pathogenic	GRCh38	2921339
single nucleotide variant	NM_000138.5(FBN1):c.3505G>C (p.Gly1169Arg)	2200	FBN1	Likely pathogenic	GRCh38	2921340
single nucleotide variant	NM_000138.5(FBN1):c.5952T>G (p.Cys1984Trp)	2200	FBN1	Likely pathogenic	GRCh38	2921357
single nucleotide variant	NM_000138.5(FBN1):c.479G>C (p.Cys160Ser)	2200	FBN1	Pathogenic	GRCh38	2921560
single nucleotide variant	NM_000138.5(FBN1):c.5563G>T (p.Glu1855Ter)	2200	FBN1	Pathogenic	GRCh38	2921664
single nucleotide variant	NM_000138.5(FBN1):c.3598G>A (p.Glu1200Lys)	2200	FBN1	Likely pathogenic	GRCh38	2921706
single nucleotide variant	NM_000138.5(FBN1):c.5714G>T (p.Cys1905Phe)	2200	FBN1	Pathogenic/Likely pathogenic	GRCh38	2931853
single nucleotide variant	NM_000138.5(FBN1):c.4549T>A (p.Phe1517Ile)	2200	FBN1	Pathogenic	GRCh38	2928011
single nucleotide variant	NM_000138.5(FBN1):c.6617-2A>G	2200	FBN1	Pathogenic	GRCh38	2941011
single nucleotide variant	NM_000138.5(FBN1):c.7582T>G (p.Cys2528Gly)	2200	FBN1	Pathogenic	GRCh38	2941263
single nucleotide variant	NM_000138.5(FBN1):c.2171T>A (p.Ile724Lys)	2200	FBN1	Pathogenic	GRCh38	2941278
single nucleotide variant	NM_000138.5(FBN1):c.7622G>A (p.Cys2541Tyr)	2200	FBN1	Likely pathogenic	GRCh38	2942703
single nucleotide variant	NM_000138.5(FBN1):c.7603T>G (p.Cys2535Gly)	2200	FBN1	Likely pathogenic	GRCh38	2942904
single nucleotide variant	NM_000138.5(FBN1):c.7865G>T (p.Cys2622Phe)	2200	FBN1	Pathogenic	GRCh38	2942964
single nucleotide variant	NM_000138.5(FBN1):c.4506T>A (p.Cys1502Ter)	2200	FBN1	Pathogenic	GRCh38	2942999
single nucleotide variant	NM_000138.5(FBN1):c.2132G>T (p.Cys711Phe)	2200	FBN1	Pathogenic	GRCh38	2944370
single nucleotide variant	NM_000138.5(FBN1):c.3617G>T (p.Gly1206Val)	2200	FBN1	Likely pathogenic	GRCh38	2944575
single nucleotide variant	NM_000138.5(FBN1):c.3721G>A (p.Glu1241Lys)	2200	FBN1	Likely pathogenic	GRCh38	2946282
single nucleotide variant	NM_000138.5(FBN1):c.5959G>T (p.Gly1987Cys)	2200	FBN1	Likely pathogenic	GRCh38	2946439
single nucleotide variant	NM_000138.5(FBN1):c.6568T>C (p.Cys2190Arg)	2200	FBN1	Likely pathogenic	GRCh38	2947881
single nucleotide variant	NM_000138.5(FBN1):c.1822G>T (p.Gly608Ter)	2200	FBN1	Pathogenic	GRCh38	2947991
single nucleotide variant	NM_000138.5(FBN1):c.379G>T (p.Gly127Cys)	2200	FBN1	Pathogenic	GRCh38	2948127
single nucleotide variant	NM_000138.5(FBN1):c.6773G>C (p.Cys2258Ser)	2200	FBN1	Pathogenic	GRCh38	2940505
single nucleotide variant	NM_000138.5(FBN1):c.1846G>C (p.Glu616Gln)	2200	FBN1	Likely pathogenic	GRCh38	2940719
single nucleotide variant	NM_000138.5(FBN1):c.5160C>G (p.Cys1720Trp)	2200	FBN1	Pathogenic	GRCh38	2942347
single nucleotide variant	NM_000138.5(FBN1):c.34G>T (p.Gly12Ter)	2200	FBN1	Pathogenic	GRCh38	2942389
single nucleotide variant	NM_000138.5(FBN1):c.2639G>C (p.Gly880Ala)	2200	FBN1	Likely pathogenic	GRCh38	2942427
single nucleotide variant	NM_000138.5(FBN1):c.1589-1G>C	2200	FBN1	Pathogenic/Likely pathogenic	GRCh38	2944214
single nucleotide variant	NM_000138.5(FBN1):c.3130T>A (p.Cys1044Ser)	2200	FBN1	Pathogenic	GRCh38	2947372
single nucleotide variant	NM_000138.5(FBN1):c.4211-2A>G	2200	FBN1	Likely pathogenic	GRCh38	2938376
single nucleotide variant	NM_000138.5(FBN1):c.7331-1G>A	2200	FBN1	Pathogenic/Likely pathogenic	GRCh38	2938567
single nucleotide variant	NM_000138.5(FBN1):c.6694T>G (p.Cys2232Gly)	2200	FBN1	Likely pathogenic	GRCh38	2940351
single nucleotide variant	NM_000138.5(FBN1):c.3713-2A>C	2200	FBN1	Pathogenic	GRCh38	2941836
single nucleotide variant	NM_000138.5(FBN1):c.6151A>T (p.Arg2051Ter)	2200	FBN1	Pathogenic	GRCh38	2942000
single nucleotide variant	NM_000138.5(FBN1):c.3964+2T>C	2200	FBN1	Pathogenic	GRCh38	2942104
single nucleotide variant	NM_000138.5(FBN1):c.3082+2T>C	2200	FBN1	Pathogenic	GRCh38	2942126
single nucleotide variant	NM_000138.5(FBN1):c.3928G>C (p.Gly1310Arg)	2200	FBN1	Likely pathogenic	GRCh38	2943709
single nucleotide variant	NM_000138.5(FBN1):c.2223C>A (p.Asn741Lys)	2200	FBN1	Likely pathogenic	GRCh38	2943749
single nucleotide variant	NM_000138.5(FBN1):c.6865T>A (p.Cys2289Ser)	2200	FBN1	Likely pathogenic	GRCh38	2945291
single nucleotide variant	NM_000138.5(FBN1):c.819C>A (p.Cys273Ter)	2200	FBN1	Pathogenic	GRCh38	2945411
single nucleotide variant	NM_000138.5(FBN1):c.5434T>A (p.Cys1812Ser)	2200	FBN1	Pathogenic	GRCh38	2945534
single nucleotide variant	NM_000138.5(FBN1):c.2850T>A (p.Cys950Ter)	2200	FBN1	Pathogenic	GRCh38	2941474
single nucleotide variant	NM_000138.5(FBN1):c.7693T>C (p.Cys2565Arg)	2200	FBN1	Pathogenic	GRCh38	2941537
single nucleotide variant	NM_000138.5(FBN1):c.1480T>C (p.Cys494Arg)	2200	FBN1	Pathogenic	GRCh38	2941675
single nucleotide variant	NM_000138.5(FBN1):c.4811T>A (p.Leu1604Ter)	2200	FBN1	Pathogenic	GRCh38	2943109
single nucleotide variant	NM_000138.5(FBN1):c.6998-1G>A	2200	FBN1	Pathogenic	GRCh38	2943161
single nucleotide variant	NM_000138.5(FBN1):c.748T>C (p.Cys250Arg)	2200	FBN1	Likely pathogenic	GRCh38	2944928
single nucleotide variant	NM_000138.5(FBN1):c.2049C>G (p.Cys683Trp)	2200	FBN1	Pathogenic	GRCh38	2946764
single nucleotide variant	NM_000138.5(FBN1):c.3218A>G (p.Glu1073Gly)	2200	FBN1	Pathogenic	GRCh38	2946781
single nucleotide variant	NM_000138.5(FBN1):c.6505G>A (p.Glu2169Lys)	2200	FBN1	Likely pathogenic	GRCh38	2948442
single nucleotide variant	NM_000138.5(FBN1):c.4088-2A>G	2200	FBN1	Likely pathogenic	GRCh38	2948532
single nucleotide variant	NM_000138.5(FBN1):c.2979C>A (p.Cys993Ter)	2200	FBN1	Pathogenic	GRCh38	2950783
single nucleotide variant	NM_000138.5(FBN1):c.6568T>G (p.Cys2190Gly)	2200	FBN1	Likely pathogenic	GRCh38	2950933
single nucleotide variant	NM_000138.5(FBN1):c.5423-1G>C	2200	FBN1	Pathogenic/Likely pathogenic	GRCh38	2951112
single nucleotide variant	NM_000138.5(FBN1):c.4729T>C (p.Cys1577Arg)	2200	FBN1	Likely pathogenic	GRCh38	2951121
single nucleotide variant	NM_000138.5(FBN1):c.700G>T (p.Gly234Cys)	2200	FBN1	Likely pathogenic	GRCh38	2951150
single nucleotide variant	NM_000138.5(FBN1):c.3745T>G (p.Cys1249Gly)	2200	FBN1	Pathogenic	GRCh38	2952527
single nucleotide variant	NM_000138.5(FBN1):c.1661A>C (p.His554Pro)	2200	FBN1	Likely pathogenic	GRCh38	2952613
single nucleotide variant	NM_000138.5(FBN1):c.5671+2T>C	2200	FBN1	Pathogenic	GRCh38	2952806
single nucleotide variant	NM_000138.5(FBN1):c.8483C>A (p.Ser2828Ter)	2200	FBN1	Pathogenic	GRCh38	2954229
single nucleotide variant	NM_000138.5(FBN1):c.8058T>A (p.Cys2686Ter)	2200	FBN1	Pathogenic	GRCh38	2954274
single nucleotide variant	NM_000138.5(FBN1):c.7271C>A (p.Ser2424Ter)	2200	FBN1	Pathogenic	GRCh38	2954417
single nucleotide variant	NM_000138.5(FBN1):c.449G>T (p.Cys150Phe)	2200	FBN1	Pathogenic	GRCh38	2954458
single nucleotide variant	NM_000138.5(FBN1):c.8052-1G>A	2200	FBN1	Pathogenic	GRCh38	2954543
single nucleotide variant	NM_000138.5(FBN1):c.2302G>T (p.Glu768Ter)	2200	FBN1	Pathogenic	GRCh38	2950380
single nucleotide variant	NM_000138.5(FBN1):c.6650G>C (p.Cys2217Ser)	2200	FBN1	Pathogenic	GRCh38	2950717
single nucleotide variant	NM_000138.5(FBN1):c.7453+2T>G	2200	FBN1	Likely pathogenic	GRCh38	2952110
single nucleotide variant	NM_000138.5(FBN1):c.165-1G>C	2200	FBN1	Pathogenic	GRCh38	2952158
single nucleotide variant	NM_000138.5(FBN1):c.2678-1G>T	2200	FBN1	Pathogenic	GRCh38	2952200
single nucleotide variant	NM_000138.5(FBN1):c.3529A>T (p.Lys1177Ter)	2200	FBN1	Pathogenic	GRCh38	2952477
single nucleotide variant	NM_000138.5(FBN1):c.3788G>T (p.Cys1263Phe)	2200	FBN1	Pathogenic	GRCh38	2949946
single nucleotide variant	NM_000138.5(FBN1):c.2249G>T (p.Cys750Phe)	2200	FBN1	Pathogenic	GRCh38	2949990
single nucleotide variant	NM_000138.5(FBN1):c.4222T>A (p.Cys1408Ser)	2200	FBN1	Pathogenic	GRCh38	2949991
single nucleotide variant	NM_000138.5(FBN1):c.4259G>C (p.Cys1420Ser)	2200	FBN1	Pathogenic	GRCh38	2950251
single nucleotide variant	NM_000138.5(FBN1):c.5862C>G (p.Phe1954Leu)	2200	FBN1	Likely pathogenic	GRCh38	2950335
single nucleotide variant	NM_000138.5(FBN1):c.1805T>G (p.Phe602Cys)	2200	FBN1	Likely pathogenic	GRCh38	2951996
single nucleotide variant	NM_000138.5(FBN1):c.356G>A (p.Cys119Tyr)	2200	FBN1	Pathogenic/Likely pathogenic	GRCh38	2953589
single nucleotide variant	NM_000138.5(FBN1):c.7768T>G (p.Cys2590Gly)	2200	FBN1	Pathogenic	GRCh38	2953644
single nucleotide variant	NM_000138.5(FBN1):c.6753T>G (p.Cys2251Trp)	2200	FBN1	Pathogenic	GRCh38	2951416
single nucleotide variant	NM_000138.5(FBN1):c.4525T>G (p.Tyr1509Asp)	2200	FBN1	Likely pathogenic	GRCh38	2952959
single nucleotide variant	NM_000138.5(FBN1):c.7541G>A (p.Gly2514Glu)	2200	FBN1	Likely pathogenic	GRCh38	3024525
single nucleotide variant	NM_000138.5(FBN1):c.2262T>G (p.Tyr754Ter)	2200	FBN1	Pathogenic	GRCh38	3026946
single nucleotide variant	NM_000138.5(FBN1):c.3332G>T (p.Cys1111Phe)	2200	FBN1	Likely pathogenic	GRCh38	3061450
single nucleotide variant	NM_000138.5(FBN1):c.7217G>C (p.Cys2406Ser)	2200	FBN1	Likely pathogenic	GRCh38	3065809
single nucleotide variant	NM_000138.5(FBN1):c.5620T>C (p.Cys1874Arg)	2200	FBN1	Pathogenic	GRCh38	3066266
single nucleotide variant	NM_000138.5(FBN1):c.2146G>C (p.Gly716Arg)	2200	FBN1	Likely pathogenic	GRCh38	3068020
single nucleotide variant	NM_000138.5(FBN1):c.811T>A (p.Cys271Ser)	2200	FBN1	Likely pathogenic	GRCh38	3068333
single nucleotide variant	NM_000138.5(FBN1):c.2585G>C (p.Cys862Ser)	2200	FBN1	Likely pathogenic	GRCh38	3068780
single nucleotide variant	NM_000138.5(FBN1):c.6739+2T>C	2200	FBN1	Likely pathogenic	GRCh38	3072794
single nucleotide variant	NM_000138.5(FBN1):c.442+1G>C	2200	FBN1	Likely pathogenic	GRCh38	3071758
single nucleotide variant	NM_000138.5(FBN1):c.347-2A>C	2200	FBN1	Likely pathogenic	GRCh38	3075303
single nucleotide variant	NM_000138.5(FBN1):c.4291T>C (p.Cys1431Arg)	2200	FBN1	Likely pathogenic	GRCh38	3075766
single nucleotide variant	NM_000138.5(FBN1):c.6012C>G (p.Tyr2004Ter)	2200	FBN1	Pathogenic/Likely pathogenic	GRCh38	3075817
single nucleotide variant	NM_000138.5(FBN1):c.785G>T (p.Cys262Phe)	2200	FBN1	Likely pathogenic	GRCh38	3230427
single nucleotide variant	NM_000138.5(FBN1):c.3209-1G>A	2200	FBN1	Likely pathogenic	GRCh38	3230412
single nucleotide variant	NM_000138.5(FBN1):c.4331G>T (p.Cys1444Phe)	2200	FBN1	Likely pathogenic	GRCh38	3230417
single nucleotide variant	NM_000138.5(FBN1):c.4605T>G (p.Tyr1535Ter)	2200	FBN1	Pathogenic	GRCh38	3230419
single nucleotide variant	NM_000138.5(FBN1):c.347-1G>C	2200	FBN1	Likely pathogenic	GRCh38	3235976
single nucleotide variant	NM_000138.5(FBN1):c.6037G>A (p.Asp2013Asn)	2200	FBN1	Likely pathogenic	GRCh38	3237352
single nucleotide variant	NM_000138.5(FBN1):c.7343G>A (p.Cys2448Tyr)	2200	FBN1	Pathogenic	GRCh38	3237522
single nucleotide variant	NM_000138.5(FBN1):c.671G>T (p.Cys224Phe)	2200	FBN1	Likely pathogenic	GRCh38	3242462
single nucleotide variant	NM_000138.5(FBN1):c.6241C>T (p.Gln2081Ter)	2200	FBN1	Pathogenic	GRCh38	3252537
single nucleotide variant	NM_000138.5(FBN1):c.7216T>A (p.Cys2406Ser)	2200	FBN1	Likely pathogenic	GRCh38	3253127
single nucleotide variant	NM_000138.5(FBN1):c.3256T>A (p.Cys1086Ser)	2200	FBN1	Pathogenic	GRCh38	3254610
single nucleotide variant	NM_000138.5(FBN1):c.6988G>T (p.Glu2330Ter)	2200	FBN1	Pathogenic	GRCh38	3255128
single nucleotide variant	NM_000138.5(FBN1):c.2223C>G (p.Asn741Lys)	2200	FBN1	Likely pathogenic	GRCh38	3256597
single nucleotide variant	NM_000138.5(FBN1):c.6304G>T (p.Glu2102Ter)	2200	FBN1	Pathogenic	GRCh38	3277942
single nucleotide variant	NM_000138.5(FBN1):c.5455C>T (p.Gln1819Ter)	2200	FBN1	Pathogenic	GRCh38	3277949
single nucleotide variant	NM_000138.5(FBN1):c.510C>A (p.Tyr170Ter)	2200	FBN1	Pathogenic	GRCh38	3277954
single nucleotide variant	NM_000138.5(FBN1):c.6313+1G>T	2200	FBN1	Likely pathogenic	GRCh38	3336880
single nucleotide variant	NM_000138.5(FBN1):c.2462G>C (p.Cys821Ser)	2200	FBN1	Likely pathogenic	GRCh38	3337101
single nucleotide variant	NM_000138.5(FBN1):c.5789-1G>C	2200	FBN1	Pathogenic	GRCh38	3338260
single nucleotide variant	NM_000138.5(FBN1):c.4210G>T (p.Asp1404Tyr)	2200	FBN1	Likely pathogenic	GRCh38	3338879
single nucleotide variant	NM_000138.5(FBN1):c.5917+2T>C	2200	FBN1	Likely pathogenic	GRCh38	3340275
single nucleotide variant	NM_000138.5(FBN1):c.3781T>A (p.Tyr1261Asn)	2200	FBN1	Likely pathogenic	GRCh38	3340335
single nucleotide variant	NM_000138.5(FBN1):c.5060G>C (p.Cys1687Ser)	2200	FBN1	Pathogenic	GRCh38	3341053
single nucleotide variant	NM_000138.5(FBN1):c.6114T>G (p.Cys2038Trp)	2200	FBN1	Likely pathogenic	GRCh38	3362686
single nucleotide variant	NM_000138.5(FBN1):c.6880G>T (p.Glu2294Ter)	2200	FBN1	Pathogenic	GRCh38	3374724
single nucleotide variant	NM_000138.5(FBN1):c.786C>G (p.Cys262Trp)	2200	FBN1	Likely pathogenic	GRCh38	3375811
single nucleotide variant	NM_000138.5(FBN1):c.6458G>A (p.Cys2153Tyr)	2200	FBN1	Likely pathogenic	GRCh38	3376406
single nucleotide variant	NM_000138.5(FBN1):c.2687G>T (p.Cys896Phe)	2200	FBN1	Pathogenic	GRCh38	3376563
single nucleotide variant	NM_000138.5(FBN1):c.2724T>G (p.Cys908Trp)	2200	FBN1	Pathogenic	GRCh38	3376649
single nucleotide variant	NM_000138.5(FBN1):c.3713-2A>G	2200	FBN1	Likely pathogenic	GRCh38	3377535
single nucleotide variant	NM_000138.5(FBN1):c.355T>G (p.Cys119Gly)	2200	FBN1	Pathogenic	GRCh38	3381480
single nucleotide variant	NM_000138.5(FBN1):c.8547T>G (p.Tyr2849Ter)	2200	FBN1	Likely pathogenic	GRCh38	3381954
single nucleotide variant	NM_000138.5(FBN1):c.5756G>A (p.Gly1919Asp)	2200	FBN1	Likely pathogenic	GRCh38	3382285
single nucleotide variant	NM_000138.5(FBN1):c.3929G>A (p.Gly1310Asp)	2200	FBN1	Likely pathogenic	GRCh38	3382365
single nucleotide variant	NM_000138.5(FBN1):c.3997T>G (p.Cys1333Gly)	2200	FBN1	Likely pathogenic	GRCh38	3383081
single nucleotide variant	NM_000138.5(FBN1):c.2893G>T (p.Glu965Ter)	2200	FBN1	Pathogenic	GRCh38	3386827
single nucleotide variant	NM_000138.5(FBN1):c.1328-1G>T	2200	FBN1	Likely pathogenic	GRCh38	3386854
single nucleotide variant	NM_000138.5(FBN1):c.2809T>G (p.Cys937Gly)	2200	FBN1	Likely pathogenic	GRCh38	3390654
single nucleotide variant	NM_000138.5(FBN1):c.2810G>T (p.Cys937Phe)	2200	FBN1	Likely pathogenic	GRCh38	3390980
single nucleotide variant	NM_000138.5(FBN1):c.3670C>T (p.Gln1224Ter)	2200	FBN1	Pathogenic	GRCh38	3392569
single nucleotide variant	NM_000138.5(FBN1):c.1600T>C (p.Cys534Arg)	2200	FBN1	Likely pathogenic	GRCh38	3513517
single nucleotide variant	NM_000138.5(FBN1):c.3793T>G (p.Cys1265Gly)	2200	FBN1	Likely pathogenic	GRCh38	3513520
single nucleotide variant	NM_000138.5(FBN1):c.5417G>C (p.Cys1806Ser)	2200	FBN1	Likely pathogenic	GRCh38	3513521
single nucleotide variant	NM_000138.5(FBN1):c.5129T>A (p.Leu1710Ter)	2200	FBN1	Pathogenic	GRCh38	3513549
single nucleotide variant	NM_000138.5(FBN1):c.2416G>T (p.Glu806Ter)	2200	FBN1	Pathogenic	GRCh38	3513550
single nucleotide variant	NM_000138.5(FBN1):c.3676G>A (p.Gly1226Arg)	2200	FBN1	Likely pathogenic	GRCh38	3513579
single nucleotide variant	NM_000138.5(FBN1):c.5198G>T (p.Cys1733Phe)	2200	FBN1	Pathogenic	GRCh38	3572463
single nucleotide variant	NM_000138.5(FBN1):c.8029G>T (p.Gly2677Cys)	2200	FBN1	Likely pathogenic	GRCh38	3572939
single nucleotide variant	NM_000138.5(FBN1):c.2627G>C (p.Cys876Ser)	2200	FBN1	Likely pathogenic	GRCh38	3600234
single nucleotide variant	NM_000138.5(FBN1):c.3379G>T (p.Gly1127Cys)	2200	FBN1	Pathogenic	GRCh38	3600235
single nucleotide variant	NM_000138.5(FBN1):c.3650G>T (p.Gly1217Val)	2200	FBN1	Likely pathogenic	GRCh38	3600236
single nucleotide variant	NM_000138.5(FBN1):c.3892A>C (p.Asn1298His)	2200	FBN1	Pathogenic	GRCh38	3600238
single nucleotide variant	NM_000138.5(FBN1):c.4388A>C (p.Asn1463Thr)	2200	FBN1	Likely pathogenic	GRCh38	3600240
single nucleotide variant	NM_000138.5(FBN1):c.4982G>A (p.Gly1661Glu)	2200	FBN1	Pathogenic	GRCh38	3600242
single nucleotide variant	NM_000138.5(FBN1):c.5422G>A (p.Asp1808Asn)	2200	FBN1	Likely pathogenic	GRCh38	3600244
single nucleotide variant	NM_000138.5(FBN1):c.5636G>T (p.Gly1879Val)	2200	FBN1	Likely pathogenic	GRCh38	3600245
single nucleotide variant	NM_000138.5(FBN1):c.5756G>T (p.Gly1919Val)	2200	FBN1	Likely pathogenic	GRCh38	3600246
single nucleotide variant	NM_000138.5(FBN1):c.460T>C (p.Cys154Arg)	2200	FBN1	Likely pathogenic	GRCh38	3600248
single nucleotide variant	NM_000138.5(FBN1):c.6332G>T (p.Cys2111Phe)	2200	FBN1	Pathogenic	GRCh38	3600249
single nucleotide variant	NM_000138.5(FBN1):c.6389A>T (p.Glu2130Val)	2200	FBN1	Pathogenic	GRCh38	3600250
single nucleotide variant	NM_000138.5(FBN1):c.6490T>C (p.Cys2164Arg)	2200	FBN1	Pathogenic	GRCh38	3600251
single nucleotide variant	NM_000138.5(FBN1):c.6669C>A (p.Asn2223Lys)	2200	FBN1	Likely pathogenic	GRCh38	3600252
single nucleotide variant	NM_000138.5(FBN1):c.6704G>T (p.Gly2235Val)	2200	FBN1	Likely pathogenic	GRCh38	3600253
single nucleotide variant	NM_000138.5(FBN1):c.1543T>G (p.Cys515Gly)	2200	FBN1	Likely pathogenic	GRCh38	3600254
single nucleotide variant	NM_000138.5(FBN1):c.7015T>G (p.Cys2339Gly)	2200	FBN1	Pathogenic	GRCh38	3600255
single nucleotide variant	NM_000138.5(FBN1):c.7279T>G (p.Cys2427Gly)	2200	FBN1	Likely pathogenic	GRCh38	3600256
single nucleotide variant	NM_000138.5(FBN1):c.8020T>A (p.Cys2674Ser)	2200	FBN1	Pathogenic	GRCh38	3600261
single nucleotide variant	NM_000138.5(FBN1):c.1148-13T>A	2200	FBN1	Likely pathogenic	GRCh38	3600264
single nucleotide variant	NM_000138.5(FBN1):c.5225-3C>G	2200	FBN1	Likely pathogenic	GRCh38	3600265
single nucleotide variant	NM_000138.5(FBN1):c.2504A>T (p.Glu835Val)	2200	FBN1	Likely pathogenic	GRCh38	3600267
single nucleotide variant	NM_000138.5(FBN1):c.3978T>G (p.Cys1326Trp)	2200	FBN1	Likely pathogenic	GRCh38	3600505
single nucleotide variant	NM_000138.5(FBN1):c.5593T>G (p.Cys1865Gly)	2200	FBN1	Likely pathogenic	GRCh38	3602745
single nucleotide variant	NM_000138.5(FBN1):c.4460-2A>T	2200	FBN1	Pathogenic	GRCh38	3602951
single nucleotide variant	NM_000138.5(FBN1):c.5579G>T (p.Cys1860Phe)	2200	FBN1	Likely pathogenic	GRCh38	3730842
single nucleotide variant	NM_000138.5(FBN1):c.8230C>T (p.Gln2744Ter)	2200	FBN1	Pathogenic	GRCh38	3751375
single nucleotide variant	NM_000138.5(FBN1):c.4829G>A (p.Cys1610Tyr)	2200	FBN1	Likely pathogenic	GRCh38	3751651
single nucleotide variant	NM_000138.5(FBN1):c.346+1G>A	2200	FBN1	Likely pathogenic	GRCh38	3753257
single nucleotide variant	NM_000138.5(FBN1):c.6262A>T (p.Lys2088Ter)	2200	FBN1	Pathogenic	GRCh38	3754784
single nucleotide variant	NM_000138.5(FBN1):c.1838-2A>C	2200	FBN1	Pathogenic	GRCh38	3754802
single nucleotide variant	NM_000138.5(FBN1):c.6163+1G>T	2200	FBN1	Likely pathogenic	GRCh38	3754994
single nucleotide variant	NM_000138.5(FBN1):c.988+1G>A	2200	FBN1	Likely pathogenic	GRCh38	3756570
single nucleotide variant	NM_000138.5(FBN1):c.532G>T (p.Glu178Ter)	2200	FBN1	Pathogenic	GRCh38	3756867
single nucleotide variant	NM_000138.5(FBN1):c.7699+1G>T	2200	FBN1	Pathogenic	GRCh38	3759550
single nucleotide variant	NM_000138.5(FBN1):c.750C>A (p.Cys250Ter)	2200	FBN1	Pathogenic	GRCh38	3759586
single nucleotide variant	NM_000138.5(FBN1):c.4383C>A (p.Cys1461Ter)	2200	FBN1	Pathogenic	GRCh38	3759687
single nucleotide variant	NM_000138.5(FBN1):c.4345G>T (p.Glu1449Ter)	2200	FBN1	Pathogenic	GRCh38	3759762
single nucleotide variant	NM_000138.5(FBN1):c.4539C>A (p.Cys1513Ter)	2200	FBN1	Pathogenic	GRCh38	3759767
single nucleotide variant	NM_000138.5(FBN1):c.5968C>T (p.Gln1990Ter)	2200	FBN1	Pathogenic	GRCh38	3757845
single nucleotide variant	NM_000138.5(FBN1):c.7093T>C (p.Cys2365Arg)	2200	FBN1	Pathogenic	GRCh38	3759271
single nucleotide variant	NM_000138.5(FBN1):c.6616+2T>A	2200	FBN1	Pathogenic	GRCh38	3759272
single nucleotide variant	NM_000138.5(FBN1):c.5783G>C (p.Cys1928Ser)	2200	FBN1	Pathogenic	GRCh38	3759275
single nucleotide variant	NM_000138.5(FBN1):c.5479A>C (p.Thr1827Pro)	2200	FBN1	Likely pathogenic	GRCh38	3759277
single nucleotide variant	NM_000138.5(FBN1):c.5386G>T (p.Gly1796Ter)	2200	FBN1	Pathogenic	GRCh38	3759279
single nucleotide variant	NM_000138.5(FBN1):c.4891T>G (p.Cys1631Gly)	2200	FBN1	Pathogenic	GRCh38	3759281
single nucleotide variant	NM_000138.5(FBN1):c.4582+2T>C	2200	FBN1	Pathogenic	GRCh38	3759282
single nucleotide variant	NM_000138.5(FBN1):c.4408T>C (p.Cys1470Arg)	2200	FBN1	Pathogenic	GRCh38	3759283
single nucleotide variant	NM_000138.5(FBN1):c.4210+1G>T	2200	FBN1	Pathogenic	GRCh38	3759284
single nucleotide variant	NM_000138.5(FBN1):c.4165T>C (p.Cys1389Arg)	2200	FBN1	Pathogenic	GRCh38	3759285
single nucleotide variant	NM_000138.5(FBN1):c.4126C>T (p.Gln1376Ter)	2200	FBN1	Pathogenic	GRCh38	3759286
single nucleotide variant	NM_000138.5(FBN1):c.3760T>C (p.Cys1254Arg)	2200	FBN1	Pathogenic	GRCh38	3759288
single nucleotide variant	NM_000138.5(FBN1):c.3712+4A>T	2200	FBN1	Pathogenic	GRCh38	3759289
single nucleotide variant	NM_000138.5(FBN1):c.3519C>A (p.Asn1173Lys)	2200	FBN1	Pathogenic	GRCh38	3759290
single nucleotide variant	NM_000138.5(FBN1):c.577C>T (p.Gln193Ter)	2200	FBN1	Pathogenic	GRCh38	3759299
single nucleotide variant	NM_000138.5(FBN1):c.542A>G (p.Tyr181Cys)	2200	FBN1	Likely pathogenic	GRCh38	3759300
single nucleotide variant	NM_000138.5(FBN1):c.527A>C (p.Gln176Pro)	2200	FBN1	Likely pathogenic	GRCh38	3759302
single nucleotide variant	NM_000138.5(FBN1):c.165-1G>T	2200	FBN1	Pathogenic	GRCh38	3759303
single nucleotide variant	NM_000138.5(FBN1):c.165-1G>A	2200	FBN1	Pathogenic	GRCh38	3759304
single nucleotide variant	NM_000138.5(FBN1):c.6953G>T (p.Cys2318Phe)	2200	FBN1	Pathogenic	GRCh38	3750490
single nucleotide variant	NM_000138.5(FBN1):c.7898G>T (p.Cys2633Phe)	2200	FBN1	Pathogenic	GRCh38	3754039
single nucleotide variant	NM_000138.5(FBN1):c.7525T>C (p.Cys2509Arg)	2200	FBN1	Pathogenic	GRCh38	3754040
single nucleotide variant	NM_000138.5(FBN1):c.7459G>T (p.Asp2487Tyr)	2200	FBN1	Likely pathogenic	GRCh38	3754041
single nucleotide variant	NM_000138.5(FBN1):c.7324T>C (p.Cys2442Arg)	2200	FBN1	Likely pathogenic	GRCh38	3754042
single nucleotide variant	NM_000138.5(FBN1):c.7218C>G (p.Cys2406Trp)	2200	FBN1	Likely pathogenic	GRCh38	3754043
single nucleotide variant	NM_000138.5(FBN1):c.7087T>A (p.Cys2363Ser)	2200	FBN1	Likely pathogenic	GRCh38	3754044
single nucleotide variant	NM_000138.5(FBN1):c.7043G>A (p.Cys2348Tyr)	2200	FBN1	Likely pathogenic	GRCh38	3754045
single nucleotide variant	NM_000138.5(FBN1):c.6991T>C (p.Cys2331Arg)	2200	FBN1	Likely pathogenic	GRCh38	3754046
single nucleotide variant	NM_000138.5(FBN1):c.6921C>G (p.Cys2307Trp)	2200	FBN1	Pathogenic	GRCh38	3754047
single nucleotide variant	NM_000138.5(FBN1):c.6688T>A (p.Cys2230Ser)	2200	FBN1	Pathogenic	GRCh38	3754048
single nucleotide variant	NM_000138.5(FBN1):c.6623A>C (p.Asn2208Thr)	2200	FBN1	Likely pathogenic	GRCh38	3754049
single nucleotide variant	NM_000138.5(FBN1):c.6248G>A (p.Cys2083Tyr)	2200	FBN1	Pathogenic	GRCh38	3754054
single nucleotide variant	NM_000138.5(FBN1):c.6182G>A (p.Cys2061Tyr)	2200	FBN1	Pathogenic/Likely pathogenic	GRCh38	3754056
single nucleotide variant	NM_000138.5(FBN1):c.5872T>C (p.Cys1958Arg)	2200	FBN1	Likely pathogenic	GRCh38	3754059
single nucleotide variant	NM_000138.5(FBN1):c.5685T>G (p.Cys1895Trp)	2200	FBN1	Pathogenic	GRCh38	3754061
single nucleotide variant	NM_000138.5(FBN1):c.5378G>T (p.Cys1793Phe)	2200	FBN1	Pathogenic	GRCh38	3754063
single nucleotide variant	NM_000138.5(FBN1):c.4453T>A (p.Cys1485Ser)	2200	FBN1	Pathogenic	GRCh38	3754068
single nucleotide variant	NM_000138.5(FBN1):c.4424G>C (p.Gly1475Ala)	2200	FBN1	Likely pathogenic	GRCh38	3754069
single nucleotide variant	NM_000138.5(FBN1):c.4409G>C (p.Cys1470Ser)	2200	FBN1	Pathogenic	GRCh38	3754070
single nucleotide variant	NM_000138.5(FBN1):c.3997T>C (p.Cys1333Arg)	2200	FBN1	Pathogenic	GRCh38	3754076
single nucleotide variant	NM_000138.5(FBN1):c.3887G>A (p.Cys1296Tyr)	2200	FBN1	Likely pathogenic	GRCh38	3754077
single nucleotide variant	NM_000138.5(FBN1):c.3347A>T (p.Glu1116Val)	2200	FBN1	Pathogenic	GRCh38	3754080
single nucleotide variant	NM_000138.5(FBN1):c.3146G>C (p.Gly1049Ala)	2200	FBN1	Likely pathogenic	GRCh38	3754081
single nucleotide variant	NM_000138.5(FBN1):c.2494T>A (p.Cys832Ser)	2200	FBN1	Pathogenic	GRCh38	3754084
single nucleotide variant	NM_000138.5(FBN1):c.2342G>T (p.Cys781Phe)	2200	FBN1	Pathogenic	GRCh38	3754086
single nucleotide variant	NM_000138.5(FBN1):c.1891A>G (p.Thr631Ala)	2200	FBN1	Likely pathogenic	GRCh38	3754088
single nucleotide variant	NM_000138.5(FBN1):c.1636T>G (p.Cys546Gly)	2200	FBN1	Pathogenic	GRCh38	3754089
single nucleotide variant	NM_000138.5(FBN1):c.896G>A (p.Cys299Tyr)	2200	FBN1	Pathogenic/Likely pathogenic	GRCh38	3754093
single nucleotide variant	NM_000138.5(FBN1):c.253T>A (p.Cys85Ser)	2200	FBN1	Likely pathogenic	GRCh38	3754094
single nucleotide variant	NM_000138.5(FBN1):c.201T>G (p.Cys67Trp)	2200	FBN1	Pathogenic	GRCh38	3754095
single nucleotide variant	NM_000138.5(FBN1):c.2044G>T (p.Glu682Ter)	2200	FBN1	Pathogenic	GRCh38	3755615
single nucleotide variant	NM_000138.5(FBN1):c.1961-1G>T	2200	FBN1	Pathogenic	GRCh38	3757331
single nucleotide variant	NM_000138.5(FBN1):c.7033C>T (p.Gln2345Ter)	2200	FBN1	Pathogenic	GRCh38	3757520
single nucleotide variant	NM_000138.5(FBN1):c.450T>A (p.Cys150Ter)	2200	FBN1	Pathogenic	GRCh38	3757521
single nucleotide variant	NM_000138.5(FBN1):c.6684T>G (p.Tyr2228Ter)	2200	FBN1	Pathogenic	GRCh38	3757551
single nucleotide variant	NM_000138.5(FBN1):c.2104C>T (p.Gln702Ter)	2200	FBN1	Pathogenic	GRCh38	3760451
single nucleotide variant	NM_000138.5(FBN1):c.1901C>T (p.Ser634Phe)	2200	FBN1	Likely pathogenic	GRCh38	3752004
single nucleotide variant	NM_000138.5(FBN1):c.7271C>G (p.Ser2424Ter)	2200	FBN1	Pathogenic	GRCh38	3755198
single nucleotide variant	NM_000138.5(FBN1):c.5224+2T>A	2200	FBN1	Likely pathogenic	GRCh38	3755426
single nucleotide variant	NM_000138.5(FBN1):c.1328-2A>G	2200	FBN1	Likely pathogenic	GRCh38	3757233
single nucleotide variant	NM_000138.5(FBN1):c.5010C>G (p.Tyr1670Ter)	2200	FBN1	Pathogenic	GRCh38	3757243
single nucleotide variant	NM_000138.5(FBN1):c.7348C>T (p.Gln2450Ter)	2200	FBN1	Pathogenic/Likely pathogenic	GRCh38	3759967
single nucleotide variant	NM_000138.5(FBN1):c.4582+1G>C	2200	FBN1	Pathogenic	GRCh38	3760228
single nucleotide variant	NM_000138.5(FBN1):c.7341G>C (p.Glu2447Asp)	2200	FBN1	Likely pathogenic	GRCh38	3762723
single nucleotide variant	NM_000138.5(FBN1):c.5160C>A (p.Cys1720Ter)	2200	FBN1	Pathogenic	GRCh38	3762075
single nucleotide variant	NM_000138.5(FBN1):c.3124G>C (p.Gly1042Arg)	2200	FBN1	Likely pathogenic	GRCh38	3763387
single nucleotide variant	NM_000138.5(FBN1):c.7570+2T>G	2200	FBN1	Likely pathogenic	GRCh38	3763457
single nucleotide variant	NM_000138.5(FBN1):c.989-1G>A	2200	FBN1	Pathogenic	GRCh38	3763458
single nucleotide variant	NM_000138.5(FBN1):c.2288G>A (p.Cys763Tyr)	2200	FBN1	Pathogenic	GRCh38	3762926
single nucleotide variant	NM_000138.5(FBN1):c.5297-1G>T	2200	FBN1	Pathogenic	GRCh38	3763161
single nucleotide variant	NM_000138.5(FBN1):c.8318A>T (p.Asn2773Ile)	2200	FBN1	Likely pathogenic	GRCh38	3765658
single nucleotide variant	NM_000138.5(FBN1):c.5243G>C (p.Cys1748Ser)	2200	FBN1	Likely pathogenic	GRCh38	3767154
single nucleotide variant	NM_000138.5(FBN1):c.5545+1G>C	2200	FBN1	Likely pathogenic	GRCh38	3769057
single nucleotide variant	NM_000138.5(FBN1):c.5422+452C>T	2200	FBN1	Pathogenic/Likely pathogenic	GRCh38	3769614
single nucleotide variant	NM_000138.5(FBN1):c.1837+5G>C	2200	FBN1	Likely pathogenic	GRCh38	3769615
single nucleotide variant	NM_000138.5(FBN1):c.6997+5G>C	2200	FBN1	Likely pathogenic	GRCh38	3769616
single nucleotide variant	NM_000138.5(FBN1):c.1469-244T>G	2200	FBN1	Pathogenic	GRCh38	3769618
single nucleotide variant	NM_000138.5(FBN1):c.6872-955C>G	2200	FBN1	Likely pathogenic	GRCh38	3769619
single nucleotide variant	NM_000138.5(FBN1):c.6617-147G>A	2200	FBN1	Pathogenic	GRCh38	3769620
single nucleotide variant	NM_000138.5(FBN1):c.6038-14T>G	2200	FBN1	Likely pathogenic	GRCh38	3769622
single nucleotide variant	NM_000138.5(FBN1):c.5671+773C>G	2200	FBN1	Pathogenic	GRCh38	3769623
single nucleotide variant	NM_000138.5(FBN1):c.164+96C>T	2200	FBN1	Pathogenic	GRCh38	3769624
single nucleotide variant	NM_000138.5(FBN1):c.1961-3T>G	2200	FBN1	Pathogenic	GRCh38	3769626
single nucleotide variant	NM_000138.5(FBN1):c.4730G>A (p.Cys1577Tyr)	2200	FBN1	Pathogenic/Likely pathogenic	GRCh38	3772132
single nucleotide variant	NM_000138.5(FBN1):c.2677+1G>T	2200	FBN1	Likely pathogenic	GRCh38	3772224
single nucleotide variant	NM_000138.5(FBN1):c.2114-3C>A	2200	FBN1	Likely pathogenic	GRCh38	3773760
single nucleotide variant	NM_000138.5(FBN1):c.1080T>G (p.Cys360Trp)	2200	FBN1	Likely pathogenic	GRCh38	3773843
single nucleotide variant	NM_000138.5(FBN1):c.3464-1G>C	2200	FBN1	Pathogenic	GRCh38	3774318
single nucleotide variant	NM_000138.5(FBN1):c.1426T>A (p.Cys476Ser)	2200	FBN1	Likely pathogenic	GRCh38	3775330
single nucleotide variant	NM_000138.5(FBN1):c.3209-2A>G	2200	FBN1	Pathogenic	GRCh38	3775748
single nucleotide variant	NM_000138.5(FBN1):c.907G>T (p.Glu303Ter)	2200	FBN1	Likely pathogenic	GRCh38	3775978
single nucleotide variant	NM_000138.5(FBN1):c.5789-15G>A	2200	FBN1	Likely pathogenic	GRCh38	3776104
single nucleotide variant	NM_000138.5(FBN1):c.6080G>A (p.Gly2027Asp)	2200	FBN1	Likely pathogenic	GRCh38	3776764
single nucleotide variant	NM_000138.5(FBN1):c.5296G>A (p.Asp1766Asn)	2200	FBN1	Likely pathogenic	GRCh38	3849175
single nucleotide variant	NM_000138.5(FBN1):c.7454-1G>A	2200	FBN1	Pathogenic	GRCh38	3849181
single nucleotide variant	NM_000138.5(FBN1):c.4943-2A>T	2200	FBN1	Likely pathogenic	GRCh38	3894353
single nucleotide variant	NM_000138.5(FBN1):c.1544G>A (p.Cys515Tyr)	2200	FBN1	Pathogenic	GRCh38	3894658
single nucleotide variant	NM_000138.5(FBN1):c.6275G>A (p.Trp2092Ter)	2200	FBN1	Pathogenic	GRCh38	3899246
single nucleotide variant	NM_000138.5(FBN1):c.2548A>T (p.Lys850Ter)	2200	FBN1	Pathogenic	GRCh38	3899266
single nucleotide variant	NM_000138.5(FBN1):c.6379+1G>T	2200	FBN1	Likely pathogenic	GRCh38	3899344
single nucleotide variant	NM_000138.5(FBN1):c.8486T>G (p.Leu2829Ter)	2200	FBN1	Likely pathogenic	GRCh38	3899786
single nucleotide variant	NM_000138.5(FBN1):c.2885A>G (p.Tyr962Cys)	2200	FBN1	Likely pathogenic	GRCh38	3900377
single nucleotide variant	NM_000138.5(FBN1):c.7326T>A (p.Cys2442Ter)	2200	FBN1	Pathogenic	GRCh38	3901162
single nucleotide variant	NM_000138.5(FBN1):c.7487G>C (p.Cys2496Ser)	2200	FBN1	Pathogenic	GRCh38	3902826
single nucleotide variant	NM_000138.5(FBN1):c.3472G>A (p.Glu1158Lys)	2200	FBN1	Likely pathogenic	GRCh38	3902828
single nucleotide variant	NM_000138.5(FBN1):c.4747+2T>A	2200	FBN1	Likely pathogenic	GRCh38	3906993
single nucleotide variant	NM_000138.5(FBN1):c.6202G>T (p.Gly2068Ter)	2200	FBN1	Pathogenic	GRCh38	3906994
single nucleotide variant	NM_000138.5(FBN1):c.4747+2T>G	2200	FBN1	Likely pathogenic	GRCh38	3911780
single nucleotide variant	NM_000138.5(FBN1):c.357C>A (p.Cys119Ter)	2200	FBN1	Pathogenic	GRCh38	4023430
single nucleotide variant	NM_000138.5(FBN1):c.7325G>C (p.Cys2442Ser)	2200	FBN1	Likely pathogenic	GRCh38	4023434
single nucleotide variant	NM_000138.5(FBN1):c.1715-1G>C	2200	FBN1	Likely pathogenic	GRCh38	4056320
single nucleotide variant	NM_000138.5(FBN1):c.2854+1G>C	2200	FBN1	Likely pathogenic	GRCh38	4057252
single nucleotide variant	NM_000138.5(FBN1):c.2008T>A (p.Cys670Ser)	2200	FBN1	Likely pathogenic	GRCh38	4070645
single nucleotide variant	NM_000138.5(FBN1):c.8320A>T (p.Lys2774Ter)	2200	FBN1	Likely pathogenic	GRCh38	4071554
single nucleotide variant	NM_000138.5(FBN1):c.2263G>T (p.Glu755Ter)	2200	FBN1	Pathogenic	GRCh38	4072063
single nucleotide variant	NM_000138.5(FBN1):c.7820-2A>G	2200	FBN1	Pathogenic/Likely pathogenic	GRCh38	4074367
single nucleotide variant	NM_000138.5(FBN1):c.1802G>T (p.Gly601Val)	2200	FBN1	Likely pathogenic	GRCh38	4075316
single nucleotide variant	NM_000138.5(FBN1):c.4576T>G (p.Cys1526Gly)	2200	FBN1	Likely pathogenic	GRCh38	4075372
single nucleotide variant	NM_000138.5(FBN1):c.2873G>A (p.Cys958Tyr)	2200	FBN1	Likely pathogenic	GRCh38	4077160
single nucleotide variant	NM_000138.5(FBN1):c.8559C>A (p.Tyr2853Ter)	2200	FBN1	Pathogenic	GRCh38	4077165
single nucleotide variant	NM_000138.5(FBN1):c.7489C>T (p.Gln2497Ter)	2200	FBN1	Likely pathogenic	GRCh38	4077379
single nucleotide variant	NM_000138.5(FBN1):c.3117C>G (p.Cys1039Trp)	2200	FBN1	Likely pathogenic	GRCh38	4082079
single nucleotide variant	NM_000138.5(FBN1):c.8534T>A (p.Leu2845Gln)	2200	FBN1	Likely pathogenic	GRCh38	4082435
single nucleotide variant	NM_000138.5(FBN1):c.2626T>G (p.Cys876Gly)	2200	FBN1	Likely pathogenic	GRCh38	4087696
single nucleotide variant	NM_000138.5(FBN1):c.462T>A (p.Cys154Ter)	2200	FBN1	Pathogenic	GRCh38	4087750
single nucleotide variant	NM_000138.5(FBN1):c.4988G>A (p.Cys1663Tyr)	2200	FBN1	Likely pathogenic	GRCh38	4255446
single nucleotide variant	NM_000138.5(FBN1):c.736+2T>G	2200	FBN1	Likely pathogenic	GRCh38	4255450
single nucleotide variant	NM_000138.5(FBN1):c.4861A>T (p.Lys1621Ter)	2200	FBN1	Pathogenic	GRCh38	4255451
single nucleotide variant	NM_000138.5(FBN1):c.7570+1G>T	2200	FBN1	Likely pathogenic	GRCh38	4255455
single nucleotide variant	NM_000138.5(FBN1):c.7699G>C (p.Asp2567His)	2200	FBN1	Likely pathogenic	GRCh38	4255458
single nucleotide variant	NM_000138.5(FBN1):c.4173C>G (p.Cys1391Trp)	2200	FBN1	Likely pathogenic	GRCh38	4255466
single nucleotide variant	NM_000138.5(FBN1):c.938G>A (p.Cys313Tyr)	2200	FBN1	Likely pathogenic	GRCh38	4277258
single nucleotide variant	NM_000138.5(FBN1):c.7870A>G (p.Asn2624Asp)	2200	FBN1	Likely pathogenic	GRCh38	4277387
single nucleotide variant	NM_000138.5(FBN1):c.2695G>T (p.Gly899Trp)	2200	FBN1	Likely pathogenic	GRCh38	4277528
single nucleotide variant	NM_000138.5(FBN1):c.4366T>A (p.Cys1456Ser)	2200	FBN1	Likely pathogenic	GRCh38	4293036
single nucleotide variant	NM_000138.5(FBN1):c.3137A>C (p.Asn1046Thr)	2200	FBN1	Pathogenic	GRCh38	4294425
single nucleotide variant	NM_000138.5(FBN1):c.4016G>T (p.Cys1339Phe)	2200	FBN1	Likely pathogenic	GRCh38	4403235
single nucleotide variant	NM_000138.5(FBN1):c.2448C>A (p.Cys816Ter)	2200	FBN1	Pathogenic	GRCh38	4530777
single nucleotide variant	NM_000138.5(FBN1):c.316C>T (p.Gln106Ter)	2200	FBN1	Pathogenic	GRCh38	4531501
single nucleotide variant	NM_000138.5(FBN1):c.5085C>G (p.Cys1695Trp)	2200	FBN1	Likely pathogenic	GRCh38	4536660
single nucleotide variant	NM_000138.5(FBN1):c.7584C>G (p.Cys2528Trp)	2200	FBN1	Pathogenic/Likely pathogenic	GRCh38	4538502
single nucleotide variant	NM_000138.5(FBN1):c.1379G>C (p.Cys460Ser)	2200	FBN1	Likely pathogenic	GRCh38	4635358
single nucleotide variant	NM_000138.5(FBN1):c.331T>G (p.Cys111Gly)	2200	FBN1	Likely pathogenic	GRCh38	4635361
single nucleotide variant	NM_000138.5(FBN1):c.1380T>G (p.Cys460Trp)	2200	FBN1	Likely pathogenic	GRCh38	4635372
single nucleotide variant	NM_000138.5(FBN1):c.265T>G (p.Cys89Gly)	2200	FBN1	Likely pathogenic	GRCh38	4635374
single nucleotide variant	NM_000138.5(FBN1):c.1097G>A (p.Trp366Ter)	2200	FBN1	Pathogenic	GRCh38	4685847
single nucleotide variant	NM_000138.5(FBN1):c.4942+1G>T	2200	FBN1	Pathogenic	GRCh38	4784576
single nucleotide variant	NM_000138.5(FBN1):c.5296+2T>A	2200	FBN1	Pathogenic	GRCh38	4784630
single nucleotide variant	NM_000138.5(FBN1):c.3472G>T (p.Glu1158Ter)	2200	FBN1	Pathogenic	GRCh38	4784830
single nucleotide variant	NM_000138.5(FBN1):c.4459+2T>C	2200	FBN1	Pathogenic	GRCh38	4786427
single nucleotide variant	NM_000138.5(FBN1):c.1768G>T (p.Glu590Ter)	2200	FBN1	Pathogenic	GRCh38	4786433
single nucleotide variant	NM_000138.5(FBN1):c.3985G>T (p.Gly1329Ter)	2200	FBN1	Pathogenic	GRCh38	4786510
single nucleotide variant	NM_000138.5(FBN1):c.3726T>A (p.Cys1242Ter)	2200	FBN1	Pathogenic	GRCh38	4786531
single nucleotide variant	NM_000138.5(FBN1):c.6822C>A (p.Cys2274Ter)	2200	FBN1	Pathogenic	GRCh38	4784232
single nucleotide variant	NM_000138.5(FBN1):c.736+2T>C	2200	FBN1	Likely pathogenic	GRCh38	4784403
single nucleotide variant	NM_000138.5(FBN1):c.6025G>T (p.Glu2009Ter)	2200	FBN1	Pathogenic/Likely pathogenic	GRCh38	4784459
single nucleotide variant	NM_000138.5(FBN1):c.3838G>C (p.Asp1280His)	2200	FBN1	Likely pathogenic	GRCh38	4786144
single nucleotide variant	NM_000138.5(FBN1):c.7831T>C (p.Cys2611Arg)	2200	FBN1	Pathogenic	GRCh38	4783785
single nucleotide variant	NM_000138.5(FBN1):c.7565G>C (p.Cys2522Ser)	2200	FBN1	Pathogenic	GRCh38	4783786
single nucleotide variant	NM_000138.5(FBN1):c.7565G>A (p.Cys2522Tyr)	2200	FBN1	Likely pathogenic	GRCh38	4783787
single nucleotide variant	NM_000138.5(FBN1):c.7087T>C (p.Cys2363Arg)	2200	FBN1	Likely pathogenic	GRCh38	4783788
single nucleotide variant	NM_000138.5(FBN1):c.6906T>A (p.Cys2302Ter)	2200	FBN1	Pathogenic	GRCh38	4783789
single nucleotide variant	NM_000138.5(FBN1):c.5960G>T (p.Gly1987Val)	2200	FBN1	Pathogenic	GRCh38	4783791
single nucleotide variant	NM_000138.5(FBN1):c.5680G>T (p.Glu1894Ter)	2200	FBN1	Pathogenic	GRCh38	4783792
single nucleotide variant	NM_000138.5(FBN1):c.5546-2A>G	2200	FBN1	Pathogenic	GRCh38	4783793
single nucleotide variant	NM_000138.5(FBN1):c.4602C>A (p.Cys1534Ter)	2200	FBN1	Pathogenic	GRCh38	4783795
single nucleotide variant	NM_000138.5(FBN1):c.4424G>A (p.Gly1475Asp)	2200	FBN1	Pathogenic	GRCh38	4783796
single nucleotide variant	NM_000138.5(FBN1):c.4145A>G (p.Asn1382Ser)	2200	FBN1	Likely pathogenic	GRCh38	4783798
single nucleotide variant	NM_000138.5(FBN1):c.4096G>T (p.Glu1366Ter)	2200	FBN1	Pathogenic	GRCh38	4783799
single nucleotide variant	NM_000138.5(FBN1):c.3959G>A (p.Cys1320Tyr)	2200	FBN1	Pathogenic/Likely pathogenic	GRCh38	4783800
single nucleotide variant	NM_000138.5(FBN1):c.3352C>T (p.Gln1118Ter)	2200	FBN1	Pathogenic	GRCh38	4783801
single nucleotide variant	NM_000138.5(FBN1):c.3298G>A (p.Gly1100Ser)	2200	FBN1	Likely pathogenic	GRCh38	4783802
single nucleotide variant	NM_000138.5(FBN1):c.2939G>A (p.Cys980Tyr)	2200	FBN1	Pathogenic	GRCh38	4783803
single nucleotide variant	NM_000138.5(FBN1):c.2047T>A (p.Cys683Ser)	2200	FBN1	Pathogenic	GRCh38	4783805
single nucleotide variant	NM_000138.5(FBN1):c.1496G>C (p.Cys499Ser)	2200	FBN1	Pathogenic	GRCh38	4783806
single nucleotide variant	NM_000138.5(FBN1):c.850C>T (p.Gln284Ter)	2200	FBN1	Pathogenic	GRCh38	4783807
single nucleotide variant	NM_000138.5(FBN1):c.1497T>A (p.Cys499Ter)	2200	FBN1	Pathogenic	GRCh38	4785579
single nucleotide variant	NM_000138.5(FBN1):c.538+1G>C	2200	FBN1	Likely pathogenic	GRCh38	4787268
single nucleotide variant	NM_000138.5(FBN1):c.5918-1G>T	2200	FBN1	Pathogenic	GRCh38	4786628
single nucleotide variant	NM_000138.5(FBN1):c.5110C>T (p.Gln1704Ter)	2200	FBN1	Pathogenic	GRCh38	4786725
single nucleotide variant	NM_000138.5(FBN1):c.212G>A (p.Trp71Ter)	2200	FBN1	Pathogenic	GRCh38	4786958
single nucleotide variant	NM_000138.5(FBN1):c.7892G>C (p.Cys2631Ser)	2200	FBN1	Likely pathogenic	GRCh38	4789627
single nucleotide variant	NM_000138.5(FBN1):c.7813T>C (p.Cys2605Arg)	2200	FBN1	Pathogenic	GRCh38	4789628
single nucleotide variant	NM_000138.5(FBN1):c.7711T>A (p.Cys2571Ser)	2200	FBN1	Likely pathogenic	GRCh38	4789629
single nucleotide variant	NM_000138.5(FBN1):c.7667T>G (p.Phe2556Cys)	2200	FBN1	Likely pathogenic	GRCh38	4789630
single nucleotide variant	NM_000138.5(FBN1):c.7654T>A (p.Cys2552Ser)	2200	FBN1	Likely pathogenic	GRCh38	4789631
single nucleotide variant	NM_000138.5(FBN1):c.7564T>C (p.Cys2522Arg)	2200	FBN1	Likely pathogenic	GRCh38	4789633
single nucleotide variant	NM_000138.5(FBN1):c.7404T>G (p.Cys2468Trp)	2200	FBN1	Likely pathogenic	GRCh38	4789634
single nucleotide variant	NM_000138.5(FBN1):c.7280G>T (p.Cys2427Phe)	2200	FBN1	Likely pathogenic	GRCh38	4789635
single nucleotide variant	NM_000138.5(FBN1):c.6803T>C (p.Leu2268Pro)	2200	FBN1	Pathogenic	GRCh38	4789637
single nucleotide variant	NM_000138.5(FBN1):c.6286T>C (p.Cys2096Arg)	2200	FBN1	Likely pathogenic	GRCh38	4789639
single nucleotide variant	NM_000138.5(FBN1):c.6272G>T (p.Gly2091Val)	2200	FBN1	Likely pathogenic	GRCh38	4789640
single nucleotide variant	NM_000138.5(FBN1):c.5728G>C (p.Gly1910Arg)	2200	FBN1	Likely pathogenic	GRCh38	4789642
single nucleotide variant	NM_000138.5(FBN1):c.5715C>G (p.Cys1905Trp)	2200	FBN1	Pathogenic	GRCh38	4789644
single nucleotide variant	NM_000138.5(FBN1):c.5554G>A (p.Glu1852Lys)	2200	FBN1	Likely pathogenic	GRCh38	4789645
single nucleotide variant	NM_000138.5(FBN1):c.5308T>C (p.Cys1770Arg)	2200	FBN1	Likely pathogenic	GRCh38	4789648
single nucleotide variant	NM_000138.5(FBN1):c.5156G>T (p.Cys1719Phe)	2200	FBN1	Pathogenic	GRCh38	4789649
single nucleotide variant	NM_000138.5(FBN1):c.4537T>A (p.Cys1513Ser)	2200	FBN1	Pathogenic	GRCh38	4789650
single nucleotide variant	NM_000138.5(FBN1):c.4121G>T (p.Cys1374Phe)	2200	FBN1	Pathogenic	GRCh38	4789651
single nucleotide variant	NM_000138.5(FBN1):c.3976T>A (p.Cys1326Ser)	2200	FBN1	Pathogenic	GRCh38	4789654
single nucleotide variant	NM_000138.5(FBN1):c.3872G>C (p.Cys1291Ser)	2200	FBN1	Likely pathogenic	GRCh38	4789656
single nucleotide variant	NM_000138.5(FBN1):c.2953G>C (p.Gly985Arg)	2200	FBN1	Pathogenic	GRCh38	4789660
single nucleotide variant	NM_000138.5(FBN1):c.2648G>T (p.Trp883Leu)	2200	FBN1	Likely pathogenic	GRCh38	4789663
single nucleotide variant	NM_000138.5(FBN1):c.2558G>T (p.Cys853Phe)	2200	FBN1	Likely pathogenic	GRCh38	4789664
single nucleotide variant	NM_000138.5(FBN1):c.1643A>G (p.Asn548Ser)	2200	FBN1	Likely pathogenic	GRCh38	4789669
single nucleotide variant	NM_000138.5(FBN1):c.1631G>A (p.Gly544Glu)	2200	FBN1	Likely pathogenic	GRCh38	4789670
single nucleotide variant	NM_000138.5(FBN1):c.1463G>C (p.Cys488Ser)	2200	FBN1	Pathogenic	GRCh38	4789672
single nucleotide variant	NM_000138.5(FBN1):c.700G>A (p.Gly234Ser)	2200	FBN1	Likely pathogenic	GRCh38	4789674
single nucleotide variant	NM_000138.5(FBN1):c.368G>T (p.Cys123Phe)	2200	FBN1	Pathogenic	GRCh38	4789675
single nucleotide variant	NM_000138.5(FBN1):c.199T>A (p.Cys67Ser)	2200	FBN1	Pathogenic	GRCh38	4789677
single nucleotide variant	NM_000138.5(FBN1):c.7976G>A (p.Cys2659Tyr)	2200	FBN1	Pathogenic	GRCh38	4791951
single nucleotide variant	NM_000138.5(FBN1):c.775G>A (p.Gly259Arg)	2200	FBN1	Likely pathogenic	GRCh38	4791085
single nucleotide variant	NM_000138.5(FBN1):c.3251G>A (p.Gly1084Asp)	2200	FBN1	Likely pathogenic	GRCh38	4792919
single nucleotide variant	NM_000138.5(FBN1):c.6827G>T (p.Cys2276Phe)	2200	FBN1	Likely pathogenic	GRCh38	4794669
single nucleotide variant	NM_000138.5(FBN1):c.7699+5G>T	2200	FBN1	Pathogenic	GRCh38	4794799
single nucleotide variant	NM_000138.5(FBN1):c.3590-1G>A	2200	FBN1	Likely pathogenic	GRCh38	4794800
single nucleotide variant	NM_000138.5(FBN1):c.1599G>C (p.Glu533Asp)	2200	FBN1	Likely pathogenic	GRCh38	4795157
single nucleotide variant	NM_000138.5(FBN1):c.3714C>A (p.Asp1238Glu)	2200	FBN1	Likely pathogenic	GRCh38	4796683
single nucleotide variant	NM_000138.5(FBN1):c.3713A>C (p.Asp1238Ala)	2200	FBN1	Likely pathogenic	GRCh38	4796684
single nucleotide variant	NM_000138.5(FBN1):c.7828G>T (p.Glu2610Ter)	2200	FBN1	Likely pathogenic	GRCh38	4796802
single nucleotide variant	NM_000138.5(FBN1):c.4210+1G>C	2200	FBN1	Likely pathogenic	GRCh38	4813239
single nucleotide variant	NM_000138.5(FBN1):c.1961A>G (p.Asp654Gly)	2200	FBN1	Likely pathogenic	GRCh38	4813323
single nucleotide variant	NM_000138.5(FBN1):c.3598G>T (p.Glu1200Ter)	2200	FBN1	Likely pathogenic	GRCh38	4813324
single nucleotide variant	NM_000138.5(FBN1):c.6740A>T (p.Asp2247Val)	2200	FBN1	Likely pathogenic	GRCh38	4813325
single nucleotide variant	NM_000138.5(FBN1):c.7114G>T (p.Gly2372Cys)	2200	FBN1	Likely pathogenic	GRCh38	4813326
single nucleotide variant	NM_000138.5(FBN1):c.6457T>C (p.Cys2153Arg)	2200	FBN1	Likely pathogenic	GRCh38	4814129
single nucleotide variant	NM_000138.5(FBN1):c.2700C>G (p.Tyr900Ter)	2200	FBN1	Pathogenic	GRCh38	4819330
single nucleotide variant	NM_000138.5(FBN1):c.4088-1G>A	2200	FBN1	Likely pathogenic	GRCh38	4820420
single nucleotide variant	NM_000138.5(FBN1):c.7898G>A (p.Cys2633Tyr)	2200	FBN1	Pathogenic	GRCh38	4820498
single nucleotide variant	NM_000138.5(FBN1):c.1005C>G (p.Tyr335Ter)	2200	FBN1	Pathogenic	GRCh38	4825422
single nucleotide variant	NM_000138.5(FBN1):c.7382A>C (p.Asn2461Thr)	2200	FBN1	Likely pathogenic	GRCh38	4845398
single nucleotide variant	NM_000138.5(FBN1):c.4185C>A (p.Tyr1395Ter)	2200	FBN1	Pathogenic	GRCh38	4849995
single nucleotide variant	NM_000138.5(FBN1):c.3589+232T>G	2200	FBN1	Likely pathogenic	GRCh38	4849996
single nucleotide variant	NM_000138.5(FBN1):c.6496+5G>A	2200	FBN1	Likely pathogenic	GRCh38	4850101
single nucleotide variant	NM_000138.5(FBN1):c.7759G>T (p.Gly2587Cys)	2200	FBN1	Likely pathogenic	GRCh38	4852311
single nucleotide variant	NM_000138.5(FBN1):c.2327G>C (p.Cys776Ser)	2200	FBN1	Likely pathogenic	GRCh38	4852459
single nucleotide variant	NM_000138.5(FBN1):c.3826A>T (p.Lys1276Ter)	2200	FBN1	Likely pathogenic	GRCh38	4855346
single nucleotide variant	NM_000138.5(FBN1):c.5344T>G (p.Cys1782Gly)	2200	FBN1	Pathogenic	GRCh38	4857235
single nucleotide variant	NM_000138.5(FBN1):c.200G>A (p.Cys67Tyr)	2200	FBN1	Pathogenic	GRCh38	4871227
single nucleotide variant	NM_000138.5(FBN1):c.6821G>A (p.Cys2274Tyr)	2200	FBN1	Likely pathogenic	GRCh38	4871867
single nucleotide variant	NM_000138.5(FBN1):c.538+2274G>T	2200	FBN1	Pathogenic	GRCh38	4876709
single nucleotide variant	NM_000138.5(FBN1):c.5545+1572G>T	2200	FBN1	Pathogenic	GRCh38	4876710
single nucleotide variant	NM_000138.5(FBN1):c.7280G>A (p.Cys2427Tyr)	2200	FBN1	Likely pathogenic	GRCh38	4883634
single nucleotide variant	NM_000138.5(FBN1):c.2722T>G (p.Cys908Gly)	2200	FBN1	Likely pathogenic	GRCh38	4884421
single nucleotide variant	NM_000138.5(FBN1):c.5297A>G (p.Asp1766Gly)	2200	FBN1	Likely pathogenic	GRCh38	4884765
single nucleotide variant	NM_000138.5(FBN1):c.3G>C (p.Met1Ile)	2200	FBN1	Pathogenic	GRCh38	4884881
single nucleotide variant	NM_000138.5(FBN1):c.4460A>T (p.Asp1487Val)	2200	FBN1	Likely pathogenic	GRCh38	4886212
single nucleotide variant	NM_000138.5(FBN1):c.3798T>G (p.Tyr1266Ter)	2200	FBN1	Likely pathogenic	GRCh38	4886237
single nucleotide variant	NM_000138.5(FBN1):c.4279T>C (p.Tyr1427His)	2200	FBN1	Likely pathogenic	GRCh38	4886792
