Type	Name	GeneID	GeneSymbol	ClinicalSignificance	Assembly	VariationID
single nucleotide variant	NM_001042492.3(NF1):c.5908A>T (p.Arg1970Ter)	4763	NF1	Pathogenic	GRCh38	335
single nucleotide variant	NM_001042492.3(NF1):c.4330A>G (p.Lys1444Glu)	4763	NF1	Pathogenic	GRCh38	336
single nucleotide variant	NM_001042492.3(NF1):c.6490C>A (p.Leu2164Met)	4763	NF1	Pathogenic	GRCh38	339
single nucleotide variant	NM_001042492.3(NF1):c.6574T>A (p.Tyr2192Asn)	4763	NF1	Pathogenic	GRCh38	340
single nucleotide variant	NM_001042492.3(NF1):c.5902C>T (p.Arg1968Ter)	4763	NF1	Pathogenic	GRCh38	343
single nucleotide variant	NM_001042492.3(NF1):c.4084C>T (p.Arg1362Ter)	4763	NF1	Pathogenic	GRCh38	344
single nucleotide variant	NM_001042492.3(NF1):c.3113+1G>A	4763	NF1	Pathogenic	GRCh38	345
single nucleotide variant	NM_001042492.3(NF1):c.4236A>T (p.Arg1412Ser)	4763	NF1	Pathogenic/Likely pathogenic	GRCh38	348
single nucleotide variant	NM_001042492.3(NF1):c.4677G>A (p.Trp1559Ter)	4763	NF1	Pathogenic	GRCh38	350
single nucleotide variant	NM_001042492.3(NF1):c.1642-8A>G	4763	NF1	Pathogenic	GRCh38	352
single nucleotide variant	NM_001042492.3(NF1):c.3827G>C (p.Arg1276Pro)	4763	NF1	Pathogenic/Likely pathogenic	GRCh38	353
single nucleotide variant	NM_001042492.3(NF1):c.1466A>G (p.Tyr489Cys)	4763	NF1	Pathogenic	GRCh38	354
single nucleotide variant	NM_001042492.3(NF1):c.1523T>C (p.Leu508Pro)	4763	NF1	Pathogenic/Likely pathogenic	GRCh38	355
single nucleotide variant	NM_001042492.3(NF1):c.1260+1G>A	4763	NF1	Pathogenic	GRCh38	356
single nucleotide variant	NM_001042492.3(NF1):c.4021C>T (p.Gln1341Ter)	4763	NF1	Pathogenic	GRCh38	357
single nucleotide variant	NM_001042492.3(NF1):c.6007-5A>G	4763	NF1	Pathogenic/Likely pathogenic	GRCh38	359
single nucleotide variant	NM_001042492.3(NF1):c.3721C>T (p.Arg1241Ter)	4763	NF1	Pathogenic	GRCh38	361
single nucleotide variant	NM_001042492.3(NF1):c.1070T>C (p.Leu357Pro)	4763	NF1	Pathogenic/Likely pathogenic	GRCh38	368
single nucleotide variant	NM_001042492.3(NF1):c.7189+3A>C	4763	NF1	Likely pathogenic	GRCh38	369
single nucleotide variant	NM_001042492.3(NF1):c.3728T>C (p.Leu1243Pro)	4763	NF1	Pathogenic/Likely pathogenic	GRCh38	371
single nucleotide variant	NM_001042492.3(NF1):c.5773G>T (p.Glu1925Ter)	4763	NF1	Pathogenic	GRCh38	372
single nucleotide variant	NM_001042492.3(NF1):c.2531T>G (p.Leu844Arg)	4763	NF1	Pathogenic	GRCh38	373
single nucleotide variant	NM_001042492.3(NF1):c.4724+1G>C	4763	NF1	Pathogenic/Likely pathogenic	GRCh38	374
single nucleotide variant	NM_001042492.3(NF1):c.4231C>T (p.Leu1411Phe)	4763	NF1	Pathogenic/Likely pathogenic	GRCh38	30992
single nucleotide variant	NM_001042492.3(NF1):c.574C>T (p.Arg192Ter)	4763	NF1	Pathogenic	GRCh38	40093
single nucleotide variant	NM_001042492.3(NF1):c.730+2T>G	4763	NF1	Pathogenic	GRCh38	41676
single nucleotide variant	NM_001042492.3(NF1):c.1013A>G (p.Asp338Gly)	4763	NF1	Pathogenic/Likely pathogenic	GRCh38	68297
single nucleotide variant	NM_001042492.3(NF1):c.1646T>C (p.Leu549Pro)	4763	NF1	Pathogenic/Likely pathogenic	GRCh38	68303
single nucleotide variant	NM_001042492.3(NF1):c.1733T>G (p.Leu578Arg)	4763	NF1	Pathogenic/Likely pathogenic	GRCh38	68304
single nucleotide variant	NM_001042492.3(NF1):c.1748A>G (p.Lys583Arg)	4763	NF1	Pathogenic/Likely pathogenic	GRCh38	68306
single nucleotide variant	NM_001042492.3(NF1):c.1885G>A (p.Gly629Arg)	4763	NF1	Pathogenic	GRCh38	68308
single nucleotide variant	NM_001042492.3(NF1):c.2084T>C (p.Leu695Pro)	4763	NF1	Pathogenic/Likely pathogenic	GRCh38	68309
single nucleotide variant	NM_001042492.3(NF1):c.2288T>C (p.Leu763Pro)	4763	NF1	Pathogenic/Likely pathogenic	GRCh38	68312
single nucleotide variant	NM_001042492.3(NF1):c.2330G>C (p.Trp777Ser)	4763	NF1	Pathogenic/Likely pathogenic	GRCh38	68315
single nucleotide variant	NM_001042492.3(NF1):c.2339C>A (p.Thr780Lys)	4763	NF1	Pathogenic/Likely pathogenic	GRCh38	68316
single nucleotide variant	NM_001042492.3(NF1):c.2342A>C (p.His781Pro)	4763	NF1	Pathogenic/Likely pathogenic	GRCh38	68317
single nucleotide variant	NM_001042492.3(NF1):c.2350T>C (p.Trp784Arg)	4763	NF1	Pathogenic/Likely pathogenic	GRCh38	68318
single nucleotide variant	NM_001042492.3(NF1):c.2352G>C (p.Trp784Cys)	4763	NF1	Pathogenic/Likely pathogenic	GRCh38	68319
single nucleotide variant	NM_001042492.3(NF1):c.245C>T (p.Ser82Phe)	4763	NF1	Pathogenic/Likely pathogenic	GRCh38	68320
single nucleotide variant	NM_001042492.3(NF1):c.2530C>T (p.Leu844Phe)	4763	NF1	Pathogenic/Likely pathogenic	GRCh38	68321
single nucleotide variant	NM_001042492.3(NF1):c.2531T>C (p.Leu844Pro)	4763	NF1	Pathogenic/Likely pathogenic	GRCh38	68322
single nucleotide variant	NM_001042492.3(NF1):c.2540T>C (p.Leu847Pro)	4763	NF1	Pathogenic/Likely pathogenic	GRCh38	68323
single nucleotide variant	NM_001042492.3(NF1):c.2543G>A (p.Gly848Glu)	4763	NF1	Pathogenic	GRCh38	68324
single nucleotide variant	NM_001042492.3(NF1):c.2693T>C (p.Leu898Pro)	4763	NF1	Pathogenic/Likely pathogenic	GRCh38	68326
single nucleotide variant	NM_001042492.3(NF1):c.278G>A (p.Cys93Tyr)	4763	NF1	Pathogenic/Likely pathogenic	GRCh38	68328
single nucleotide variant	NM_001042492.3(NF1):c.2903T>G (p.Met968Arg)	4763	NF1	Pathogenic/Likely pathogenic	GRCh38	68329
single nucleotide variant	NM_001042492.3(NF1):c.3578T>G (p.Phe1193Cys)	4763	NF1	Pathogenic	GRCh38	68335
single nucleotide variant	NM_001042492.3(NF1):c.3587T>G (p.Leu1196Arg)	4763	NF1	Pathogenic/Likely pathogenic	GRCh38	68336
single nucleotide variant	NM_001042492.3(NF1):c.3610C>G (p.Arg1204Gly)	4763	NF1	Pathogenic/Likely pathogenic	GRCh38	68337
single nucleotide variant	NM_001042492.3(NF1):c.3610C>T (p.Arg1204Trp)	4763	NF1	Pathogenic/Likely pathogenic	GRCh38	68338
single nucleotide variant	NM_001042492.3(NF1):c.3826C>G (p.Arg1276Gly)	4763	NF1	Pathogenic/Likely pathogenic	GRCh38	68340
single nucleotide variant	NM_001042492.3(NF1):c.3827G>A (p.Arg1276Gln)	4763	NF1	Pathogenic	GRCh38	68341
single nucleotide variant	NM_001042492.3(NF1):c.4318A>C (p.Lys1440Gln)	4763	NF1	Likely pathogenic	GRCh38	68342
single nucleotide variant	NM_001042492.3(NF1):c.4331A>G (p.Lys1444Arg)	4763	NF1	Pathogenic	GRCh38	68344
single nucleotide variant	NM_001042492.3(NF1):c.4332G>T (p.Lys1444Asn)	4763	NF1	Pathogenic/Likely pathogenic	GRCh38	68345
single nucleotide variant	NM_001042492.3(NF1):c.4337T>C (p.Leu1446Pro)	4763	NF1	Pathogenic/Likely pathogenic	GRCh38	68346
single nucleotide variant	NM_001042492.3(NF1):c.434T>C (p.Leu145Pro)	4763	NF1	Pathogenic	GRCh38	68347
single nucleotide variant	NM_001042492.3(NF1):c.4465A>G (p.Ser1489Gly)	4763	NF1	Pathogenic	GRCh38	68351
single nucleotide variant	NM_001042492.3(NF1):c.479G>C (p.Arg160Thr)	4763	NF1	Pathogenic	GRCh38	68353
single nucleotide variant	NM_001042492.3(NF1):c.581T>G (p.Leu194Arg)	4763	NF1	Pathogenic	GRCh38	68356
single nucleotide variant	NM_001042492.3(NF1):c.5854T>C (p.Trp1952Arg)	4763	NF1	Pathogenic/Likely pathogenic	GRCh38	68357
single nucleotide variant	NM_001042492.3(NF1):c.6001G>A (p.Gly2001Arg)	4763	NF1	Likely pathogenic	GRCh38	68358
single nucleotide variant	NM_001042492.3(NF1):c.970T>C (p.Cys324Arg)	4763	NF1	Likely pathogenic	GRCh38	68365
single nucleotide variant	NM_001042492.3(NF1):c.1392+1G>A	4763	NF1	Pathogenic	GRCh38	80403
single nucleotide variant	NM_001042492.3(NF1):c.5551C>T (p.Pro1851Ser)	4763	NF1	Pathogenic/Likely pathogenic	GRCh38	80405
single nucleotide variant	NM_001042492.3(NF1):c.889-1G>T	4763	NF1	Pathogenic/Likely pathogenic	GRCh38	141131
single nucleotide variant	NM_001042492.3(NF1):c.2252-1G>C	4763	NF1	Pathogenic/Likely pathogenic	GRCh38	141209
single nucleotide variant	NM_001042492.3(NF1):c.2509T>A (p.Trp837Arg)	4763	NF1	Likely pathogenic	GRCh38	141439
single nucleotide variant	NM_001042492.3(NF1):c.5839G>T (p.Glu1947Ter)	4763	NF1	Pathogenic	GRCh38	141892
single nucleotide variant	NM_001042492.3(NF1):c.2589T>G (p.Tyr863Ter)	4763	NF1	Pathogenic	GRCh38	142911
single nucleotide variant	NM_001042492.3(NF1):c.55G>T (p.Glu19Ter)	4763	NF1	Pathogenic	GRCh38	186896
single nucleotide variant	NM_001042492.3(NF1):c.625C>T (p.Gln209Ter)	4763	NF1	Pathogenic	GRCh38	187069
single nucleotide variant	NM_001042492.3(NF1):c.705C>G (p.Tyr235Ter)	4763	NF1	Pathogenic	GRCh38	186943
single nucleotide variant	NM_001042492.3(NF1):c.910C>T (p.Arg304Ter)	4763	NF1	Pathogenic	GRCh38	187722
single nucleotide variant	NM_001042492.3(NF1):c.3208C>T (p.Gln1070Ter)	4763	NF1	Pathogenic	GRCh38	185239
single nucleotide variant	NM_001042492.3(NF1):c.5609G>A (p.Arg1870Gln)	4763	NF1	Pathogenic	GRCh38	185354
single nucleotide variant	NM_001042492.3(NF1):c.5782G>T (p.Glu1928Ter)	4763	NF1	Pathogenic	GRCh38	187652
single nucleotide variant	NM_001042492.3(NF1):c.6855C>A (p.Tyr2285Ter)	4763	NF1	Pathogenic	GRCh38	185082
single nucleotide variant	NM_001042492.3(NF1):c.7348C>T (p.Arg2450Ter)	4763	NF1	Pathogenic	GRCh38	185789
single nucleotide variant	NM_001042492.3(NF1):c.7909C>T (p.Arg2637Ter)	4763	NF1	Pathogenic/Likely pathogenic	GRCh38	184261
single nucleotide variant	NM_001042492.3(NF1):c.8095C>T (p.Gln2699Ter)	4763	NF1	Pathogenic	GRCh38	187064
single nucleotide variant	NM_001042492.3(NF1):c.2041C>T (p.Arg681Ter)	4763	NF1	Pathogenic	GRCh38	188280
single nucleotide variant	NM_001042492.3(NF1):c.3494T>A (p.Ile1165Lys)	4763	NF1	Pathogenic	GRCh38	188312
single nucleotide variant	NM_001042492.3(NF1):c.3500T>G (p.Leu1167Ter)	4763	NF1	Pathogenic	GRCh38	188394
single nucleotide variant	NM_001042492.3(NF1):c.4332+2T>C	4763	NF1	Pathogenic/Likely pathogenic	GRCh38	188306
single nucleotide variant	NM_001042492.3(NF1):c.4340A>G (p.Gln1447Arg)	4763	NF1	Pathogenic/Likely pathogenic	GRCh38	188220
single nucleotide variant	NM_001042492.3(NF1):c.4729C>T (p.Gln1577Ter)	4763	NF1	Pathogenic	GRCh38	208766
single nucleotide variant	NM_001042492.3(NF1):c.5488C>A (p.Arg1830Ser)	4763	NF1	Pathogenic	GRCh38	208856
single nucleotide variant	NM_001042492.3(NF1):c.5488C>G (p.Arg1830Gly)	4763	NF1	Pathogenic/Likely pathogenic	GRCh38	208857
single nucleotide variant	NM_001042492.3(NF1):c.5488C>T (p.Arg1830Cys)	4763	NF1	Pathogenic	GRCh38	208853
single nucleotide variant	NM_001042492.3(NF1):c.5489G>C (p.Arg1830Pro)	4763	NF1	Pathogenic	GRCh38	208855
single nucleotide variant	NM_001042492.3(NF1):c.5489G>T (p.Arg1830Leu)	4763	NF1	Pathogenic/Likely pathogenic	GRCh38	208854
single nucleotide variant	NM_001042492.3(NF1):c.1642-449A>G	4763	NF1	Pathogenic/Likely pathogenic	GRCh38	216394
single nucleotide variant	NM_001042492.3(NF1):c.1713G>A (p.Trp571Ter)	4763	NF1	Pathogenic	GRCh38	216061
single nucleotide variant	NM_001042492.3(NF1):c.2288T>G (p.Leu763Arg)	4763	NF1	Pathogenic/Likely pathogenic	GRCh38	216396
single nucleotide variant	NM_001042492.3(NF1):c.2297T>G (p.Ile766Ser)	4763	NF1	Pathogenic	GRCh38	216397
single nucleotide variant	NM_001042492.3(NF1):c.2850G>C (p.Gln950His)	4763	NF1	Pathogenic	GRCh38	215989
single nucleotide variant	NM_001042492.3(NF1):c.3113+1G>T	4763	NF1	Pathogenic/Likely pathogenic	GRCh38	216062
single nucleotide variant	NM_001042492.3(NF1):c.3314+2T>A	4763	NF1	Pathogenic	GRCh38	215988
single nucleotide variant	NM_001042492.3(NF1):c.3974G>C (p.Arg1325Thr)	4763	NF1	Pathogenic/Likely pathogenic	GRCh38	215990
single nucleotide variant	NM_001042492.3(NF1):c.4546G>T (p.Glu1516Ter)	4763	NF1	Pathogenic	GRCh38	216064
single nucleotide variant	NM_001042492.3(NF1):c.5812+332A>G	4763	NF1	Pathogenic/Likely pathogenic	GRCh38	216065
single nucleotide variant	NM_001042492.3(NF1):c.7062+1G>A	4763	NF1	Pathogenic	GRCh38	216066
single nucleotide variant	NM_001042492.3(NF1):c.7482G>A (p.Trp2494Ter)	4763	NF1	Pathogenic	GRCh38	216067
single nucleotide variant	NM_001042492.3(NF1):c.1094C>A (p.Ser365Ter)	4763	NF1	Pathogenic	GRCh38	219467
single nucleotide variant	NM_001042492.3(NF1):c.1185+1G>A	4763	NF1	Pathogenic	GRCh38	219572
single nucleotide variant	NM_001042492.3(NF1):c.2251+2T>G	4763	NF1	Pathogenic	GRCh38	219531
single nucleotide variant	NM_001042492.3(NF1):c.3975-2A>G	4763	NF1	Pathogenic	GRCh38	220232
single nucleotide variant	NM_001042492.3(NF1):c.4600C>T (p.Arg1534Ter)	4763	NF1	Pathogenic/Likely pathogenic	GRCh38	220152
single nucleotide variant	NM_001042492.3(NF1):c.5268+5G>A	4763	NF1	Pathogenic	GRCh38	220498
single nucleotide variant	NM_001042492.3(NF1):c.5521C>T (p.Gln1841Ter)	4763	NF1	Pathogenic	GRCh38	220317
single nucleotide variant	NM_001042492.3(NF1):c.6922-2A>G	4763	NF1	Pathogenic/Likely pathogenic	GRCh38	220397
single nucleotide variant	NM_001042492.3(NF1):c.5305C>T (p.Arg1769Ter)	4763	NF1	Pathogenic	GRCh38	228381
single nucleotide variant	NM_001042492.3(NF1):c.31C>T (p.Gln11Ter)	4763	NF1	Pathogenic	GRCh38	230597
single nucleotide variant	NM_001042492.3(NF1):c.629T>G (p.Leu210Ter)	4763	NF1	Pathogenic	GRCh38	230444
single nucleotide variant	NM_001042492.3(NF1):c.1186-1G>T	4763	NF1	Pathogenic/Likely pathogenic	GRCh38	233994
single nucleotide variant	NM_001042492.3(NF1):c.1299T>A (p.Tyr433Ter)	4763	NF1	Pathogenic	GRCh38	232960
single nucleotide variant	NM_001042492.3(NF1):c.1318C>T (p.Arg440Ter)	4763	NF1	Pathogenic	GRCh38	230673
single nucleotide variant	NM_001042492.3(NF1):c.1528-1G>A	4763	NF1	Likely pathogenic	GRCh38	233720
single nucleotide variant	NM_001042492.3(NF1):c.2326-3T>G	4763	NF1	Pathogenic/Likely pathogenic	GRCh38	231081
single nucleotide variant	NM_001042492.3(NF1):c.2329T>A (p.Trp777Arg)	4763	NF1	Pathogenic/Likely pathogenic	GRCh38	230937
single nucleotide variant	NM_001042492.3(NF1):c.2409+2T>G	4763	NF1	Pathogenic	GRCh38	234062
single nucleotide variant	NM_001042492.3(NF1):c.2887C>T (p.Gln963Ter)	4763	NF1	Pathogenic	GRCh38	233495
single nucleotide variant	NM_001042492.3(NF1):c.3113+2T>G	4763	NF1	Pathogenic/Likely pathogenic	GRCh38	231169
single nucleotide variant	NM_001042492.3(NF1):c.3941G>A (p.Trp1314Ter)	4763	NF1	Pathogenic	GRCh38	229852
single nucleotide variant	NM_001042492.3(NF1):c.4341G>C (p.Gln1447His)	4763	NF1	Pathogenic/Likely pathogenic	GRCh38	233115
single nucleotide variant	NM_001042492.3(NF1):c.5269-1G>A	4763	NF1	Pathogenic	GRCh38	233026
single nucleotide variant	NM_001042492.3(NF1):c.5812+1G>A	4763	NF1	Pathogenic	GRCh38	230938
single nucleotide variant	NM_001042492.3(NF1):c.5991G>A (p.Trp1997Ter)	4763	NF1	Pathogenic/Likely pathogenic	GRCh38	233869
single nucleotide variant	NM_001042492.3(NF1):c.6772C>T (p.Arg2258Ter)	4763	NF1	Pathogenic	GRCh38	230389
single nucleotide variant	NM_001042492.3(NF1):c.7549C>T (p.Arg2517Ter)	4763	NF1	Pathogenic	GRCh38	230467
single nucleotide variant	NM_001042492.3(NF1):c.649G>T (p.Glu217Ter)	4763	NF1	Pathogenic	GRCh38	237587
single nucleotide variant	NM_001042492.3(NF1):c.889-2A>G	4763	NF1	Pathogenic	GRCh38	237610
single nucleotide variant	NM_001042492.3(NF1):c.1381C>T (p.Arg461Ter)	4763	NF1	Pathogenic	GRCh38	237514
single nucleotide variant	NM_001042492.3(NF1):c.1527+1159C>T	4763	NF1	Pathogenic/Likely pathogenic	GRCh38	237518
single nucleotide variant	NM_001042492.3(NF1):c.1595T>G (p.Leu532Arg)	4763	NF1	Pathogenic/Likely pathogenic	GRCh38	237521
single nucleotide variant	NM_001042492.3(NF1):c.2352G>A (p.Trp784Ter)	4763	NF1	Pathogenic	GRCh38	237535
single nucleotide variant	NM_001042492.3(NF1):c.3046T>C (p.Cys1016Arg)	4763	NF1	Pathogenic	GRCh38	237543
single nucleotide variant	NM_001042492.3(NF1):c.3502G>C (p.Gly1168Arg)	4763	NF1	Pathogenic/Likely pathogenic	GRCh38	237550
single nucleotide variant	NM_001042492.3(NF1):c.3565C>T (p.Gln1189Ter)	4763	NF1	Pathogenic	GRCh38	237551
single nucleotide variant	NM_001042492.3(NF1):c.3656G>T (p.Gly1219Val)	4763	NF1	Pathogenic	GRCh38	237552
single nucleotide variant	NM_001042492.3(NF1):c.3826C>T (p.Arg1276Ter)	4763	NF1	Pathogenic	GRCh38	237556
single nucleotide variant	NM_001042492.3(NF1):c.4318A>G (p.Lys1440Glu)	4763	NF1	Pathogenic	GRCh38	237561
single nucleotide variant	NM_001042492.3(NF1):c.4369A>G (p.Lys1457Glu)	4763	NF1	Pathogenic/Likely pathogenic	GRCh38	237563
single nucleotide variant	NM_001042492.3(NF1):c.4836-10T>G	4763	NF1	Pathogenic	GRCh38	237572
single nucleotide variant	NM_001042492.3(NF1):c.5561T>G (p.Leu1854Arg)	4763	NF1	Pathogenic	GRCh38	237576
single nucleotide variant	NM_001042492.3(NF1):c.5671C>T (p.Gln1891Ter)	4763	NF1	Pathogenic	GRCh38	237577
single nucleotide variant	NM_001042492.3(NF1):c.204+1G>A	4763	NF1	Pathogenic/Likely pathogenic	GRCh38	265442
single nucleotide variant	NM_001042492.3(NF1):c.2446C>T (p.Arg816Ter)	4763	NF1	Pathogenic	GRCh38	280055
single nucleotide variant	NM_001042492.3(NF1):c.2T>C (p.Met1Thr)	4763	NF1	Pathogenic/Likely pathogenic	GRCh38	280054
single nucleotide variant	NM_001042492.3(NF1):c.1649T>C (p.Leu550Pro)	4763	NF1	Likely pathogenic	GRCh38	322570
single nucleotide variant	NM_001042492.3(NF1):c.1591C>T (p.Gln531Ter)	4763	NF1	Pathogenic	GRCh38	373005
single nucleotide variant	NM_001042492.3(NF1):c.587-2A>T	4763	NF1	Pathogenic/Likely pathogenic	GRCh38	373342
single nucleotide variant	NM_001042492.3(NF1):c.4836-1G>A	4763	NF1	Pathogenic/Likely pathogenic	GRCh38	373285
single nucleotide variant	NM_001042492.3(NF1):c.2325+3A>G	4763	NF1	Pathogenic/Likely pathogenic	GRCh38	372550
single nucleotide variant	NM_001042492.3(NF1):c.3911T>A (p.Leu1304Ter)	4763	NF1	Pathogenic	GRCh38	373284
single nucleotide variant	NM_001042492.3(NF1):c.669G>A (p.Trp223Ter)	4763	NF1	Pathogenic	GRCh38	372756
single nucleotide variant	NM_001042492.3(NF1):c.1721+3A>G	4763	NF1	Pathogenic/Likely pathogenic	GRCh38	374108
single nucleotide variant	NM_001042492.3(NF1):c.2252-3T>G	4763	NF1	Pathogenic/Likely pathogenic	GRCh38	374022
single nucleotide variant	NM_001042492.3(NF1):c.2410-1G>A	4763	NF1	Pathogenic	GRCh38	373947
single nucleotide variant	NM_001042492.3(NF1):c.2709G>A (p.Val903=)	4763	NF1	Pathogenic	GRCh38	373958
single nucleotide variant	NM_001042492.3(NF1):c.5813-1G>A	4763	NF1	Pathogenic/Likely pathogenic	GRCh38	374204
single nucleotide variant	NM_001042492.3(NF1):c.6904C>T (p.Gln2302Ter)	4763	NF1	Pathogenic	GRCh38	373973
single nucleotide variant	NM_001042492.3(NF1):c.311T>G (p.Leu104Ter)	4763	NF1	Pathogenic	GRCh38	381605
single nucleotide variant	NM_001042492.3(NF1):c.5842T>G (p.Tyr1948Asp)	4763	NF1	Pathogenic	GRCh38	379330
single nucleotide variant	NM_001042492.3(NF1):c.1062+3A>G	4763	NF1	Pathogenic/Likely pathogenic	GRCh38	381606
single nucleotide variant	NM_001042492.3(NF1):c.3611G>T (p.Arg1204Leu)	4763	NF1	Pathogenic/Likely pathogenic	GRCh38	384082
single nucleotide variant	NM_001042492.3(NF1):c.1A>G (p.Met1Val)	4763	NF1	Pathogenic	GRCh38	404429
single nucleotide variant	NM_001042492.3(NF1):c.586+5G>A	4763	NF1	Pathogenic	GRCh38	404473
single nucleotide variant	NM_001042492.3(NF1):c.1063-2A>G	4763	NF1	Pathogenic	GRCh38	404575
single nucleotide variant	NM_001042492.3(NF1):c.1726C>T (p.Gln576Ter)	4763	NF1	Pathogenic	GRCh38	404467
single nucleotide variant	NM_001042492.3(NF1):c.2533T>C (p.Cys845Arg)	4763	NF1	Pathogenic/Likely pathogenic	GRCh38	404431
single nucleotide variant	NM_001042492.3(NF1):c.2534G>A (p.Cys845Tyr)	4763	NF1	Pathogenic	GRCh38	404587
single nucleotide variant	NM_001042492.3(NF1):c.2991-1G>A	4763	NF1	Pathogenic/Likely pathogenic	GRCh38	404458
single nucleotide variant	NM_001042492.3(NF1):c.3763C>T (p.Gln1255Ter)	4763	NF1	Pathogenic	GRCh38	404504
single nucleotide variant	NM_001042492.3(NF1):c.3916C>T (p.Arg1306Ter)	4763	NF1	Pathogenic	GRCh38	404592
single nucleotide variant	NM_001042492.3(NF1):c.3975-1G>T	4763	NF1	Pathogenic	GRCh38	404590
single nucleotide variant	NM_001042492.3(NF1):c.4332G>C (p.Lys1444Asn)	4763	NF1	Pathogenic/Likely pathogenic	GRCh38	404485
single nucleotide variant	NM_001042492.3(NF1):c.3623T>A (p.Leu1208Ter)	4763	NF1	Pathogenic	GRCh38	404596
single nucleotide variant	NM_001042492.3(NF1):c.5013C>A (p.Tyr1671Ter)	4763	NF1	Pathogenic	GRCh38	404434
single nucleotide variant	NM_001042492.3(NF1):c.5768C>G (p.Thr1923Arg)	4763	NF1	Pathogenic/Likely pathogenic	GRCh38	404539
single nucleotide variant	NM_001042492.3(NF1):c.6705-1G>C	4763	NF1	Pathogenic/Likely pathogenic	GRCh38	404573
single nucleotide variant	NM_001042492.3(NF1):c.7314C>G (p.Tyr2438Ter)	4763	NF1	Pathogenic	GRCh38	404615
single nucleotide variant	NM_001042492.3(NF1):c.6147+1G>A	4763	NF1	Pathogenic	GRCh38	404489
single nucleotide variant	NM_001042492.3(NF1):c.6921+1G>A	4763	NF1	Pathogenic	GRCh38	404571
single nucleotide variant	NM_001042492.3(NF1):c.7107G>A (p.Trp2369Ter)	4763	NF1	Pathogenic	GRCh38	404475
single nucleotide variant	NM_001042492.3(NF1):c.7920T>G (p.Tyr2640Ter)	4763	NF1	Pathogenic/Likely pathogenic	GRCh38	404544
single nucleotide variant	NM_001042492.3(NF1):c.730+1G>C	4763	NF1	Pathogenic	GRCh38	404459
single nucleotide variant	NM_001042492.3(NF1):c.1135T>C (p.Cys379Arg)	4763	NF1	Pathogenic/Likely pathogenic	GRCh38	404470
single nucleotide variant	NM_001042492.3(NF1):c.1246C>T (p.Arg416Ter)	4763	NF1	Pathogenic	GRCh38	404597
single nucleotide variant	NM_001042492.3(NF1):c.1527+1G>T	4763	NF1	Pathogenic	GRCh38	404540
single nucleotide variant	NM_001042492.3(NF1):c.2848C>T (p.Gln950Ter)	4763	NF1	Pathogenic	GRCh38	404574
single nucleotide variant	NM_001042492.3(NF1):c.3986C>A (p.Ser1329Ter)	4763	NF1	Pathogenic	GRCh38	404521
single nucleotide variant	NM_001042492.3(NF1):c.5534T>G (p.Ile1845Ser)	4763	NF1	Pathogenic/Likely pathogenic	GRCh38	404550
single nucleotide variant	NM_001042492.3(NF1):c.79C>T (p.Gln27Ter)	4763	NF1	Pathogenic/Likely pathogenic	GRCh38	404581
single nucleotide variant	NM_001042492.3(NF1):c.654+1G>T	4763	NF1	Pathogenic/Likely pathogenic	GRCh38	404420
single nucleotide variant	NM_001042492.3(NF1):c.6642+1G>T	4763	NF1	Pathogenic	GRCh38	404558
single nucleotide variant	NM_001042492.3(NF1):c.6685T>C (p.Trp2229Arg)	4763	NF1	Pathogenic/Likely pathogenic	GRCh38	404554
single nucleotide variant	NM_001042492.3(NF1):c.1299T>G (p.Tyr433Ter)	4763	NF1	Pathogenic	GRCh38	404617
single nucleotide variant	NM_001042492.3(NF1):c.6704+1G>A	4763	NF1	Pathogenic	GRCh38	404599
single nucleotide variant	NM_001042492.3(NF1):c.6818A>T (p.Lys2273Met)	4763	NF1	Pathogenic	GRCh38	404556
single nucleotide variant	NM_001042492.3(NF1):c.2542G>C (p.Gly848Arg)	4763	NF1	Pathogenic/Likely pathogenic	GRCh38	404588
single nucleotide variant	NM_001042492.3(NF1):c.3461A>T (p.Asn1154Ile)	4763	NF1	Pathogenic/Likely pathogenic	GRCh38	404612
single nucleotide variant	NM_001042492.3(NF1):c.3712G>T (p.Glu1238Ter)	4763	NF1	Pathogenic	GRCh38	404559
single nucleotide variant	NM_001042492.3(NF1):c.4558C>T (p.Gln1520Ter)	4763	NF1	Pathogenic	GRCh38	404417
single nucleotide variant	NM_001042492.3(NF1):c.5650T>C (p.Phe1884Leu)	4763	NF1	Pathogenic/Likely pathogenic	GRCh38	404601
single nucleotide variant	NM_001042492.3(NF1):c.6428-2A>G	4763	NF1	Pathogenic	GRCh38	404510
single nucleotide variant	NM_001042492.3(NF1):c.6820-1G>C	4763	NF1	Pathogenic/Likely pathogenic	GRCh38	404449
single nucleotide variant	NM_001042492.3(NF1):c.7015G>T (p.Glu2339Ter)	4763	NF1	Pathogenic	GRCh38	404576
single nucleotide variant	NM_001042492.3(NF1):c.7190-2A>G	4763	NF1	Pathogenic	GRCh38	404526
single nucleotide variant	NM_001042492.3(NF1):c.801G>A (p.Trp267Ter)	4763	NF1	Pathogenic	GRCh38	420075
single nucleotide variant	NM_001042492.3(NF1):c.1527+2T>G	4763	NF1	Pathogenic	GRCh38	423916
single nucleotide variant	NM_001042492.3(NF1):c.1658A>G (p.His553Arg)	4763	NF1	Pathogenic/Likely pathogenic	GRCh38	420076
single nucleotide variant	NM_001042492.3(NF1):c.2545G>T (p.Gly849Ter)	4763	NF1	Pathogenic	GRCh38	420077
single nucleotide variant	NM_001042492.3(NF1):c.3447G>A (p.Met1149Ile)	4763	NF1	Pathogenic/Likely pathogenic	GRCh38	420079
single nucleotide variant	NM_001042492.3(NF1):c.4332G>A (p.Lys1444=)	4763	NF1	Pathogenic/Likely pathogenic	GRCh38	423536
single nucleotide variant	NM_001042492.3(NF1):c.4597A>T (p.Arg1533Ter)	4763	NF1	Pathogenic	GRCh38	423790
single nucleotide variant	NM_001042492.3(NF1):c.6864A>G (p.Gln2288=)	4763	NF1	Pathogenic/Likely pathogenic	GRCh38	420870
single nucleotide variant	NM_001042492.3(NF1):c.2T>G (p.Met1Arg)	4763	NF1	Pathogenic	GRCh38	426634
single nucleotide variant	NM_001042492.3(NF1):c.2991G>T (p.Arg997Ser)	4763	NF1	Likely pathogenic	GRCh38	426719
single nucleotide variant	NM_001042492.3(NF1):c.4835+1G>T	4763	NF1	Pathogenic/Likely pathogenic	GRCh38	426827
single nucleotide variant	NM_001042492.3(NF1):c.6921+3A>G	4763	NF1	Pathogenic/Likely pathogenic	GRCh38	426988
single nucleotide variant	NM_001042492.3(NF1):c.61-2A>T	4763	NF1	Pathogenic	GRCh38	428979
single nucleotide variant	NM_001042492.3(NF1):c.82C>T (p.Gln28Ter)	4763	NF1	Pathogenic	GRCh38	429015
single nucleotide variant	NM_001042492.3(NF1):c.662G>A (p.Trp221Ter)	4763	NF1	Pathogenic	GRCh38	429007
single nucleotide variant	NM_001042492.3(NF1):c.1062G>A (p.Lys354=)	4763	NF1	Pathogenic/Likely pathogenic	GRCh38	428998
single nucleotide variant	NM_001042492.3(NF1):c.1063-13G>A	4763	NF1	Pathogenic/Likely pathogenic	GRCh38	428940
single nucleotide variant	NM_001042492.3(NF1):c.1260+1604A>G	4763	NF1	Pathogenic/Likely pathogenic	GRCh38	428941
single nucleotide variant	NM_001042492.3(NF1):c.1278G>A (p.Trp426Ter)	4763	NF1	Pathogenic	GRCh38	428962
single nucleotide variant	NM_001042492.3(NF1):c.1721+1G>T	4763	NF1	Pathogenic	GRCh38	428975
single nucleotide variant	NM_001042492.3(NF1):c.1796G>A (p.Trp599Ter)	4763	NF1	Pathogenic	GRCh38	429013
single nucleotide variant	NM_001042492.3(NF1):c.1845G>T (p.Lys615Asn)	4763	NF1	Pathogenic/Likely pathogenic	GRCh38	428956
single nucleotide variant	NM_001042492.3(NF1):c.2072T>C (p.Leu691Pro)	4763	NF1	Pathogenic/Likely pathogenic	GRCh38	429016
single nucleotide variant	NM_001042492.3(NF1):c.2088G>A (p.Trp696Ter)	4763	NF1	Pathogenic	GRCh38	428978
single nucleotide variant	NM_001042492.3(NF1):c.2125T>C (p.Cys709Arg)	4763	NF1	Pathogenic/Likely pathogenic	GRCh38	428974
single nucleotide variant	NM_001042492.3(NF1):c.2252-2A>G	4763	NF1	Pathogenic/Likely pathogenic	GRCh38	428984
single nucleotide variant	NM_001042492.3(NF1):c.2326-5T>A	4763	NF1	Likely pathogenic	GRCh38	3237675
single nucleotide variant	NM_001042492.3(NF1):c.2850+1G>T	4763	NF1	Pathogenic	GRCh38	429002
single nucleotide variant	NM_001042492.3(NF1):c.3044T>C (p.Leu1015Pro)	4763	NF1	Pathogenic/Likely pathogenic	GRCh38	428992
single nucleotide variant	NM_001042492.3(NF1):c.3097C>T (p.Gln1033Ter)	4763	NF1	Pathogenic	GRCh38	428983
single nucleotide variant	NM_001042492.3(NF1):c.3198-2A>G	4763	NF1	Pathogenic/Likely pathogenic	GRCh38	428967
single nucleotide variant	NM_001042492.3(NF1):c.3870+1G>A	4763	NF1	Pathogenic/Likely pathogenic	GRCh38	428951
single nucleotide variant	NM_001042492.3(NF1):c.3871-2A>G	4763	NF1	Pathogenic	GRCh38	428953
single nucleotide variant	NM_001042492.3(NF1):c.4064C>G (p.Ser1355Ter)	4763	NF1	Pathogenic/Likely pathogenic	GRCh38	428965
single nucleotide variant	NM_001042492.3(NF1):c.4195C>T (p.Gln1399Ter)	4763	NF1	Pathogenic	GRCh38	428946
single nucleotide variant	NM_001042492.3(NF1):c.4340A>C (p.Gln1447Pro)	4763	NF1	Pathogenic/Likely pathogenic	GRCh38	428987
single nucleotide variant	NM_001042492.3(NF1):c.4635C>A (p.Tyr1545Ter)	4763	NF1	Pathogenic/Likely pathogenic	GRCh38	428949
single nucleotide variant	NM_001042492.3(NF1):c.4930G>T (p.Asp1644Tyr)	4763	NF1	Likely pathogenic	GRCh38	429003
single nucleotide variant	NM_001042492.3(NF1):c.5311A>G (p.Lys1771Glu)	4763	NF1	Pathogenic/Likely pathogenic	GRCh38	428982
single nucleotide variant	NM_001042492.3(NF1):c.5609+1G>A	4763	NF1	Pathogenic	GRCh38	428997
single nucleotide variant	NM_001042492.3(NF1):c.6302C>G (p.Pro2101Arg)	4763	NF1	Likely pathogenic	GRCh38	429010
single nucleotide variant	NM_001042492.3(NF1):c.6557C>G (p.Ser2186Ter)	4763	NF1	Pathogenic	GRCh38	428969
single nucleotide variant	NM_001042492.3(NF1):c.6705-3C>G	4763	NF1	Pathogenic/Likely pathogenic	GRCh38	428955
single nucleotide variant	NM_001042492.3(NF1):c.6715C>T (p.Gln2239Ter)	4763	NF1	Pathogenic	GRCh38	428972
single nucleotide variant	NM_001042492.3(NF1):c.6922-1G>C	4763	NF1	Pathogenic/Likely pathogenic	GRCh38	428995
single nucleotide variant	NM_001042492.3(NF1):c.6970C>T (p.Gln2324Ter)	4763	NF1	Pathogenic	GRCh38	428948
single nucleotide variant	NM_001042492.3(NF1):c.7063-1G>T	4763	NF1	Pathogenic	GRCh38	428994
single nucleotide variant	NM_001042492.3(NF1):c.7760C>G (p.Ser2587Ter)	4763	NF1	Pathogenic	GRCh38	428968
single nucleotide variant	NM_001042492.3(NF1):c.8009C>A (p.Ser2670Ter)	4763	NF1	Pathogenic	GRCh38	428950
single nucleotide variant	NM_001042492.3(NF1):c.503C>G (p.Ser168Ter)	4763	NF1	Pathogenic	GRCh38	430497
single nucleotide variant	NM_001042492.3(NF1):c.1453G>T (p.Glu485Ter)	4763	NF1	Pathogenic	GRCh38	429817
single nucleotide variant	NM_001042492.3(NF1):c.3002T>A (p.Val1001Glu)	4763	NF1	Likely pathogenic	GRCh38	430232
single nucleotide variant	NM_001042492.3(NF1):c.1722-2A>G	4763	NF1	Pathogenic	GRCh38	430965
single nucleotide variant	NM_001042492.3(NF1):c.586+2T>C	4763	NF1	Pathogenic	GRCh38	431565
single nucleotide variant	NM_001042492.3(NF1):c.886A>T (p.Lys296Ter)	4763	NF1	Pathogenic	GRCh38	431572
single nucleotide variant	NM_001042492.3(NF1):c.888+1G>C	4763	NF1	Pathogenic/Likely pathogenic	GRCh38	431573
single nucleotide variant	NM_001042492.3(NF1):c.889-1G>A	4763	NF1	Pathogenic/Likely pathogenic	GRCh38	431574
single nucleotide variant	NM_001042492.3(NF1):c.1061A>G (p.Lys354Arg)	4763	NF1	Pathogenic/Likely pathogenic	GRCh38	431576
single nucleotide variant	NM_001042492.3(NF1):c.1527+1G>C	4763	NF1	Pathogenic/Likely pathogenic	GRCh38	431589
single nucleotide variant	NM_001042492.3(NF1):c.1570G>T (p.Glu524Ter)	4763	NF1	Pathogenic	GRCh38	431591
single nucleotide variant	NM_001042492.3(NF1):c.1683G>A (p.Trp561Ter)	4763	NF1	Pathogenic	GRCh38	431596
single nucleotide variant	NM_001042492.3(NF1):c.1866T>A (p.Cys622Ter)	4763	NF1	Pathogenic	GRCh38	431599
single nucleotide variant	NM_001042492.3(NF1):c.1949T>A (p.Leu650Ter)	4763	NF1	Pathogenic	GRCh38	431603
single nucleotide variant	NM_001042492.3(NF1):c.2218G>T (p.Glu740Ter)	4763	NF1	Pathogenic	GRCh38	431604
single nucleotide variant	NM_001042492.3(NF1):c.2392A>C (p.Lys798Gln)	4763	NF1	Likely pathogenic	GRCh38	431607
single nucleotide variant	NM_001042492.3(NF1):c.2764G>A (p.Gly922Ser)	4763	NF1	Pathogenic/Likely pathogenic	GRCh38	431608
single nucleotide variant	NM_001042492.3(NF1):c.2790T>G (p.Tyr930Ter)	4763	NF1	Pathogenic	GRCh38	431609
single nucleotide variant	NM_001042492.3(NF1):c.2870A>T (p.Asn957Ile)	4763	NF1	Pathogenic/Likely pathogenic	GRCh38	431611
single nucleotide variant	NM_001042492.3(NF1):c.2990+1G>A	4763	NF1	Pathogenic/Likely pathogenic	GRCh38	431613
single nucleotide variant	NM_001042492.3(NF1):c.3040A>T (p.Lys1014Ter)	4763	NF1	Pathogenic	GRCh38	431616
single nucleotide variant	NM_001042492.3(NF1):c.3048T>A (p.Cys1016Ter)	4763	NF1	Pathogenic	GRCh38	431617
single nucleotide variant	NM_001042492.3(NF1):c.3189T>A (p.Cys1063Ter)	4763	NF1	Pathogenic	GRCh38	431620
single nucleotide variant	NM_001042492.3(NF1):c.3578T>C (p.Phe1193Ser)	4763	NF1	Pathogenic	GRCh38	431623
single nucleotide variant	NM_001042492.3(NF1):c.3651T>G (p.Asp1217Glu)	4763	NF1	Likely pathogenic	GRCh38	431626
single nucleotide variant	NM_001042492.3(NF1):c.3834C>G (p.Asn1278Lys)	4763	NF1	Pathogenic/Likely pathogenic	GRCh38	431630
single nucleotide variant	NM_001042492.3(NF1):c.4330A>C (p.Lys1444Gln)	4763	NF1	Pathogenic/Likely pathogenic	GRCh38	431637
single nucleotide variant	NM_001042492.3(NF1):c.4339C>T (p.Gln1447Ter)	4763	NF1	Pathogenic/Likely pathogenic	GRCh38	431638
single nucleotide variant	NM_001042492.3(NF1):c.4372G>A (p.Glu1458Lys)	4763	NF1	Pathogenic	GRCh38	431639
single nucleotide variant	NM_001042492.3(NF1):c.4403T>G (p.Val1468Gly)	4763	NF1	Likely pathogenic	GRCh38	431642
single nucleotide variant	NM_001042492.3(NF1):c.4498A>G (p.Ser1500Gly)	4763	NF1	Pathogenic	GRCh38	431644
single nucleotide variant	NM_001042492.3(NF1):c.4520T>G (p.Leu1507Ter)	4763	NF1	Pathogenic	GRCh38	431645
single nucleotide variant	NM_001042492.3(NF1):c.4532T>G (p.Leu1511Arg)	4763	NF1	Likely pathogenic	GRCh38	431646
single nucleotide variant	NM_001042492.3(NF1):c.4544A>G (p.Gln1515Arg)	4763	NF1	Pathogenic/Likely pathogenic	GRCh38	431647
single nucleotide variant	NM_001042492.3(NF1):c.5062G>T (p.Glu1688Ter)	4763	NF1	Pathogenic	GRCh38	431652
single nucleotide variant	NM_001042492.3(NF1):c.5269-1G>C	4763	NF1	Pathogenic/Likely pathogenic	GRCh38	431653
single nucleotide variant	NM_001042492.3(NF1):c.5492G>A (p.Trp1831Ter)	4763	NF1	Pathogenic	GRCh38	431656
single nucleotide variant	NM_001042492.3(NF1):c.5610-2A>T	4763	NF1	Pathogenic/Likely pathogenic	GRCh38	431660
single nucleotide variant	NM_001042492.3(NF1):c.5687C>G (p.Ser1896Ter)	4763	NF1	Pathogenic	GRCh38	431663
single nucleotide variant	NM_001042492.3(NF1):c.6211C>T (p.Gln2071Ter)	4763	NF1	Pathogenic	GRCh38	431668
single nucleotide variant	NM_001042492.3(NF1):c.6428-2A>C	4763	NF1	Pathogenic	GRCh38	431671
single nucleotide variant	NM_001042492.3(NF1):c.6577G>T (p.Glu2193Ter)	4763	NF1	Pathogenic	GRCh38	431676
single nucleotide variant	NM_001042492.3(NF1):c.6819G>T (p.Lys2273Asn)	4763	NF1	Likely pathogenic	GRCh38	431679
single nucleotide variant	NM_001042492.3(NF1):c.6819+2T>C	4763	NF1	Pathogenic	GRCh38	431680
single nucleotide variant	NM_001042492.3(NF1):c.7062+2T>C	4763	NF1	Pathogenic	GRCh38	431684
single nucleotide variant	NM_001042492.3(NF1):c.7181T>G (p.Leu2394Arg)	4763	NF1	Pathogenic/Likely pathogenic	GRCh38	431685
single nucleotide variant	NM_001042492.3(NF1):c.7189G>A (p.Gly2397Arg)	4763	NF1	Pathogenic/Likely pathogenic	GRCh38	431686
single nucleotide variant	NM_001042492.3(NF1):c.7321+1G>T	4763	NF1	Pathogenic/Likely pathogenic	GRCh38	431689
single nucleotide variant	NM_001042492.3(NF1):c.569T>G (p.Leu190Ter)	4763	NF1	Pathogenic	GRCh38	431974
single nucleotide variant	NM_001042492.3(NF1):c.1039C>T (p.Gln347Ter)	4763	NF1	Pathogenic	GRCh38	431975
single nucleotide variant	NM_001042492.3(NF1):c.1721G>A (p.Ser574Asn)	4763	NF1	Pathogenic/Likely pathogenic	GRCh38	431976
single nucleotide variant	NM_001042492.3(NF1):c.1721G>T (p.Ser574Ile)	4763	NF1	Pathogenic/Likely pathogenic	GRCh38	432805
single nucleotide variant	NM_001042492.3(NF1):c.3239T>C (p.Leu1080Pro)	4763	NF1	Pathogenic/Likely pathogenic	GRCh38	431978
single nucleotide variant	NM_001042492.3(NF1):c.3449C>G (p.Ser1150Ter)	4763	NF1	Pathogenic	GRCh38	432961
single nucleotide variant	NM_001042492.3(NF1):c.6007-1G>C	4763	NF1	Pathogenic/Likely pathogenic	GRCh38	431977
single nucleotide variant	NM_001042492.3(NF1):c.7972C>T (p.His2658Tyr)	4763	NF1	Likely pathogenic	GRCh38	433188
single nucleotide variant	NM_001042492.3(NF1):c.334C>T (p.Gln112Ter)	4763	NF1	Pathogenic	GRCh38	439975
single nucleotide variant	NM_001042492.3(NF1):c.654+1G>A	4763	NF1	Pathogenic	GRCh38	439982
single nucleotide variant	NM_001042492.3(NF1):c.1009G>T (p.Glu337Ter)	4763	NF1	Pathogenic	GRCh38	439994
single nucleotide variant	NM_001042492.3(NF1):c.1094C>G (p.Ser365Ter)	4763	NF1	Pathogenic	GRCh38	439995
single nucleotide variant	NM_001042492.3(NF1):c.1185+2T>G	4763	NF1	Pathogenic	GRCh38	439976
single nucleotide variant	NM_001042492.3(NF1):c.2331G>A (p.Trp777Ter)	4763	NF1	Pathogenic/Likely pathogenic	GRCh38	439992
single nucleotide variant	NM_001042492.3(NF1):c.3076A>T (p.Arg1026Ter)	4763	NF1	Pathogenic	GRCh38	439974
single nucleotide variant	NM_001042492.3(NF1):c.3566A>G (p.Gln1189Arg)	4763	NF1	Pathogenic/Likely pathogenic	GRCh38	439987
single nucleotide variant	NM_001042492.3(NF1):c.3790G>T (p.Glu1264Ter)	4763	NF1	Pathogenic	GRCh38	439986
single nucleotide variant	NM_001042492.3(NF1):c.4577+1G>A	4763	NF1	Pathogenic	GRCh38	439997
single nucleotide variant	NM_001042492.3(NF1):c.4892T>G (p.Leu1631Ter)	4763	NF1	Pathogenic	GRCh38	439977
single nucleotide variant	NM_001042492.3(NF1):c.6855C>G (p.Tyr2285Ter)	4763	NF1	Pathogenic	GRCh38	439973
single nucleotide variant	NM_001042492.3(NF1):c.7117C>T (p.Gln2373Ter)	4763	NF1	Pathogenic	GRCh38	440001
single nucleotide variant	NM_001042492.3(NF1):c.7288G>T (p.Glu2430Ter)	4763	NF1	Pathogenic	GRCh38	439999
single nucleotide variant	NM_001042492.3(NF1):c.7474C>T (p.Gln2492Ter)	4763	NF1	Pathogenic	GRCh38	439998
single nucleotide variant	NM_001042492.3(NF1):c.7970+1G>A	4763	NF1	Pathogenic	GRCh38	439967
single nucleotide variant	NM_001042492.3(NF1):c.204+1G>T	4763	NF1	Pathogenic/Likely pathogenic	GRCh38	449419
single nucleotide variant	NM_001042492.3(NF1):c.277T>C (p.Cys93Arg)	4763	NF1	Pathogenic/Likely pathogenic	GRCh38	449420
single nucleotide variant	NM_001042492.3(NF1):c.1642-1G>T	4763	NF1	Pathogenic	GRCh38	453127
single nucleotide variant	NM_001042492.3(NF1):c.2409+1G>T	4763	NF1	Pathogenic	GRCh38	449423
single nucleotide variant	NM_001042492.3(NF1):c.3197G>A (p.Arg1066Lys)	4763	NF1	Pathogenic/Likely pathogenic	GRCh38	449425
single nucleotide variant	NM_001042492.3(NF1):c.3376C>T (p.Gln1126Ter)	4763	NF1	Pathogenic	GRCh38	449424
single nucleotide variant	NM_001042492.3(NF1):c.3706T>C (p.Trp1236Arg)	4763	NF1	Likely pathogenic	GRCh38	450743
single nucleotide variant	NM_001042492.3(NF1):c.4333-2A>G	4763	NF1	Pathogenic	GRCh38	449427
single nucleotide variant	NM_001042492.3(NF1):c.4430+2T>G	4763	NF1	Pathogenic	GRCh38	449930
single nucleotide variant	NM_001042492.3(NF1):c.4836-2A>C	4763	NF1	Pathogenic	GRCh38	449428
single nucleotide variant	NM_001042492.3(NF1):c.5297C>G (p.Ser1766Ter)	4763	NF1	Pathogenic/Likely pathogenic	GRCh38	449426
single nucleotide variant	NM_001042492.3(NF1):c.5822T>A (p.Leu1941Ter)	4763	NF1	Pathogenic	GRCh38	449431
single nucleotide variant	NM_001042492.3(NF1):c.7034T>G (p.Leu2345Ter)	4763	NF1	Pathogenic	GRCh38	451275
single nucleotide variant	NM_001042492.3(NF1):c.61-2A>G	4763	NF1	Pathogenic/Likely pathogenic	GRCh38	457782
single nucleotide variant	NM_001042492.3(NF1):c.288+5G>T	4763	NF1	Pathogenic/Likely pathogenic	GRCh38	457605
single nucleotide variant	NM_001042492.3(NF1):c.479+1G>A	4763	NF1	Pathogenic	GRCh38	457722
single nucleotide variant	NM_001042492.3(NF1):c.1186-1G>C	4763	NF1	Pathogenic/Likely pathogenic	GRCh38	457521
single nucleotide variant	NM_001042492.3(NF1):c.1392+2T>C	4763	NF1	Pathogenic/Likely pathogenic	GRCh38	457532
single nucleotide variant	NM_001042492.3(NF1):c.1641+1G>A	4763	NF1	Pathogenic/Likely pathogenic	GRCh38	457539
single nucleotide variant	NM_001042492.3(NF1):c.3114-2A>G	4763	NF1	Pathogenic/Likely pathogenic	GRCh38	457623
single nucleotide variant	NM_001042492.3(NF1):c.3144G>A (p.Trp1048Ter)	4763	NF1	Pathogenic	GRCh38	457626
single nucleotide variant	NM_001042492.3(NF1):c.3447G>T (p.Met1149Ile)	4763	NF1	Pathogenic/Likely pathogenic	GRCh38	457650
single nucleotide variant	NM_001042492.3(NF1):c.3569G>A (p.Gly1190Asp)	4763	NF1	Pathogenic/Likely pathogenic	GRCh38	457656
single nucleotide variant	NM_001042492.3(NF1):c.3870G>C (p.Lys1290Asn)	4763	NF1	Likely pathogenic	GRCh38	457672
single nucleotide variant	NM_001042492.3(NF1):c.4110+1G>A	4763	NF1	Pathogenic/Likely pathogenic	GRCh38	457679
single nucleotide variant	NM_001042492.3(NF1):c.4578-2A>G	4763	NF1	Pathogenic	GRCh38	457705
single nucleotide variant	NM_001042492.3(NF1):c.5055G>A (p.Trp1685Ter)	4763	NF1	Pathogenic	GRCh38	457738
single nucleotide variant	NM_001042492.3(NF1):c.7869+2T>G	4763	NF1	Pathogenic	GRCh38	457859
single nucleotide variant	NM_001042492.3(NF1):c.731-2A>T	4763	NF1	Pathogenic	GRCh38	457836
single nucleotide variant	NM_001042492.3(NF1):c.1527+5G>C	4763	NF1	Pathogenic/Likely pathogenic	GRCh38	457537
single nucleotide variant	NM_001042492.3(NF1):c.1884C>A (p.Tyr628Ter)	4763	NF1	Pathogenic	GRCh38	457554
single nucleotide variant	NM_001042492.3(NF1):c.2072T>G (p.Leu691Arg)	4763	NF1	Pathogenic/Likely pathogenic	GRCh38	457562
single nucleotide variant	NM_001042492.3(NF1):c.2339C>G (p.Thr780Arg)	4763	NF1	Pathogenic/Likely pathogenic	GRCh38	457581
single nucleotide variant	NM_001042492.3(NF1):c.2894T>G (p.Ile965Arg)	4763	NF1	Likely pathogenic	GRCh38	457607
single nucleotide variant	NM_001042492.3(NF1):c.2991-1G>C	4763	NF1	Pathogenic/Likely pathogenic	GRCh38	457613
single nucleotide variant	NM_001042492.3(NF1):c.3113+5G>A	4763	NF1	Pathogenic/Likely pathogenic	GRCh38	457622
single nucleotide variant	NM_001042492.3(NF1):c.3142T>G (p.Trp1048Gly)	4763	NF1	Pathogenic	GRCh38	457625
single nucleotide variant	NM_001042492.3(NF1):c.128T>C (p.Leu43Pro)	4763	NF1	Pathogenic/Likely pathogenic	GRCh38	457527
single nucleotide variant	NM_001042492.3(NF1):c.1139T>C (p.Leu380Pro)	4763	NF1	Pathogenic/Likely pathogenic	GRCh38	457516
single nucleotide variant	NM_001042492.3(NF1):c.3427C>T (p.His1143Tyr)	4763	NF1	Pathogenic/Likely pathogenic	GRCh38	457648
single nucleotide variant	NM_001042492.3(NF1):c.4382T>A (p.Met1461Lys)	4763	NF1	Pathogenic/Likely pathogenic	GRCh38	457698
single nucleotide variant	NM_001042492.3(NF1):c.2953C>T (p.Gln985Ter)	4763	NF1	Pathogenic	GRCh38	457608
single nucleotide variant	NM_001042492.3(NF1):c.5812+5G>A	4763	NF1	Pathogenic	GRCh38	457764
single nucleotide variant	NM_001042492.3(NF1):c.6819+1G>A	4763	NF1	Pathogenic	GRCh38	457804
single nucleotide variant	NM_001042492.3(NF1):c.4258T>C (p.Ser1420Pro)	4763	NF1	Likely pathogenic	GRCh38	457688
single nucleotide variant	NM_001042492.3(NF1):c.587-2A>G	4763	NF1	Pathogenic/Likely pathogenic	GRCh38	457770
single nucleotide variant	NM_001042492.3(NF1):c.4352A>T (p.Asn1451Ile)	4763	NF1	Pathogenic/Likely pathogenic	GRCh38	457695
single nucleotide variant	NM_001042492.3(NF1):c.1721+1G>A	4763	NF1	Pathogenic/Likely pathogenic	GRCh38	457545
single nucleotide variant	NM_001042492.3(NF1):c.2252-1G>A	4763	NF1	Pathogenic	GRCh38	457575
single nucleotide variant	NM_001042492.3(NF1):c.5610-2A>G	4763	NF1	Pathogenic	GRCh38	457756
single nucleotide variant	NM_001042492.3(NF1):c.2537C>A (p.Ala846Asp)	4763	NF1	Pathogenic	GRCh38	457588
single nucleotide variant	NM_001042492.3(NF1):c.2990G>T (p.Arg997Met)	4763	NF1	Likely pathogenic	GRCh38	457612
single nucleotide variant	NM_001042492.3(NF1):c.6427G>A (p.Glu2143Lys)	4763	NF1	Pathogenic	GRCh38	457793
single nucleotide variant	NM_001042492.3(NF1):c.6705-1G>A	4763	NF1	Pathogenic	GRCh38	457803
single nucleotide variant	NM_001042492.3(NF1):c.6819+3A>G	4763	NF1	Pathogenic/Likely pathogenic	GRCh38	457805
single nucleotide variant	NM_001042492.3(NF1):c.3277G>A (p.Val1093Met)	4763	NF1	Pathogenic	GRCh38	457638
single nucleotide variant	NM_001042492.3(NF1):c.3497-1G>A	4763	NF1	Pathogenic/Likely pathogenic	GRCh38	457652
single nucleotide variant	NM_001042492.3(NF1):c.3544G>T (p.Val1182Phe)	4763	NF1	Pathogenic/Likely pathogenic	GRCh38	457654
single nucleotide variant	NM_001042492.3(NF1):c.7238T>A (p.Leu2413Ter)	4763	NF1	Pathogenic	GRCh38	457827
single nucleotide variant	NM_001042492.3(NF1):c.3974+2T>C	4763	NF1	Likely pathogenic	GRCh38	457675
single nucleotide variant	NM_001042492.3(NF1):c.4234A>G (p.Arg1412Gly)	4763	NF1	Pathogenic	GRCh38	457686
single nucleotide variant	NM_001042492.3(NF1):c.4333-1G>A	4763	NF1	Pathogenic	GRCh38	457692
single nucleotide variant	NM_001042492.3(NF1):c.4724+1G>A	4763	NF1	Pathogenic/Likely pathogenic	GRCh38	457713
single nucleotide variant	NM_001042492.3(NF1):c.4836-1G>C	4763	NF1	Pathogenic	GRCh38	457719
single nucleotide variant	NM_001042492.3(NF1):c.4917T>A (p.Tyr1639Ter)	4763	NF1	Pathogenic	GRCh38	457726
single nucleotide variant	NM_001042492.3(NF1):c.663G>A (p.Trp221Ter)	4763	NF1	Pathogenic	GRCh38	484076
single nucleotide variant	NM_001042492.3(NF1):c.1224T>A (p.Tyr408Ter)	4763	NF1	Pathogenic	GRCh38	485979
single nucleotide variant	NM_001042492.3(NF1):c.1811T>A (p.Leu604Ter)	4763	NF1	Pathogenic	GRCh38	484114
single nucleotide variant	NM_001042492.3(NF1):c.1627C>T (p.Gln543Ter)	4763	NF1	Pathogenic	GRCh38	485943
single nucleotide variant	NM_001042492.3(NF1):c.479G>A (p.Arg160Lys)	4763	NF1	Pathogenic/Likely pathogenic	GRCh38	480206
single nucleotide variant	NM_001042492.3(NF1):c.2325G>A (p.Glu775=)	4763	NF1	Pathogenic/Likely pathogenic	GRCh38	485955
single nucleotide variant	NM_001042492.3(NF1):c.484C>T (p.Gln162Ter)	4763	NF1	Pathogenic	GRCh38	481882
single nucleotide variant	NM_001042492.3(NF1):c.587-3C>G	4763	NF1	Pathogenic/Likely pathogenic	GRCh38	481968
single nucleotide variant	NM_001042492.3(NF1):c.1302T>A (p.Cys434Ter)	4763	NF1	Pathogenic	GRCh38	485971
single nucleotide variant	NM_001042492.3(NF1):c.3315-2A>G	4763	NF1	Pathogenic/Likely pathogenic	GRCh38	484086
single nucleotide variant	NM_001042492.3(NF1):c.1733T>C (p.Leu578Pro)	4763	NF1	Pathogenic/Likely pathogenic	GRCh38	485956
single nucleotide variant	NM_001042492.3(NF1):c.2326-2A>G	4763	NF1	Pathogenic/Likely pathogenic	GRCh38	480183
single nucleotide variant	NM_001042492.3(NF1):c.4174-2A>G	4763	NF1	Pathogenic	GRCh38	481997
single nucleotide variant	NM_001042492.3(NF1):c.4370A>G (p.Lys1457Arg)	4763	NF1	Pathogenic/Likely pathogenic	GRCh38	484060
single nucleotide variant	NM_001042492.3(NF1):c.2409+1G>C	4763	NF1	Pathogenic/Likely pathogenic	GRCh38	484037
single nucleotide variant	NM_001042492.3(NF1):c.3367G>T (p.Glu1123Ter)	4763	NF1	Pathogenic	GRCh38	481993
single nucleotide variant	NM_001042492.3(NF1):c.4339C>A (p.Gln1447Lys)	4763	NF1	Pathogenic	GRCh38	481974
single nucleotide variant	NM_001042492.3(NF1):c.7509C>A (p.Tyr2503Ter)	4763	NF1	Pathogenic/Likely pathogenic	GRCh38	484140
single nucleotide variant	NM_001042492.3(NF1):c.7765C>T (p.Gln2589Ter)	4763	NF1	Pathogenic	GRCh38	484156
single nucleotide variant	NM_001042492.3(NF1):c.7869+1G>A	4763	NF1	Pathogenic	GRCh38	480091
single nucleotide variant	NM_001042492.3(NF1):c.5744T>C (p.Leu1915Pro)	4763	NF1	Pathogenic/Likely pathogenic	GRCh38	485963
single nucleotide variant	NM_001042492.3(NF1):c.2002-2A>C	4763	NF1	Pathogenic/Likely pathogenic	GRCh38	485945
single nucleotide variant	NM_001042492.3(NF1):c.4078C>T (p.Gln1360Ter)	4763	NF1	Pathogenic	GRCh38	480204
single nucleotide variant	NM_001042492.3(NF1):c.4725-1G>A	4763	NF1	Pathogenic/Likely pathogenic	GRCh38	484015
single nucleotide variant	NM_001042492.3(NF1):c.6705-3C>A	4763	NF1	Pathogenic/Likely pathogenic	GRCh38	481981
single nucleotide variant	NM_001042492.3(NF1):c.7762C>T (p.Gln2588Ter)	4763	NF1	Pathogenic	GRCh38	484056
single nucleotide variant	NM_001042492.3(NF1):c.731-1G>A	4763	NF1	Pathogenic/Likely pathogenic	GRCh38	488814
single nucleotide variant	NM_001042492.3(NF1):c.2002-1G>A	4763	NF1	Pathogenic	GRCh38	488815
single nucleotide variant	NM_001042492.3(NF1):c.2163T>A (p.Cys721Ter)	4763	NF1	Pathogenic/Likely pathogenic	GRCh38	488882
single nucleotide variant	NM_001042492.3(NF1):c.4578-1G>C	4763	NF1	Pathogenic/Likely pathogenic	GRCh38	489292
single nucleotide variant	NM_001042492.3(NF1):c.5856G>A (p.Trp1952Ter)	4763	NF1	Pathogenic	GRCh38	488816
single nucleotide variant	NM_001042492.3(NF1):c.5880C>A (p.Cys1960Ter)	4763	NF1	Pathogenic	GRCh38	488978
single nucleotide variant	NM_001042492.3(NF1):c.6006+1G>A	4763	NF1	Pathogenic	GRCh38	488817
single nucleotide variant	NM_001042492.3(NF1):c.6225G>A (p.Trp2075Ter)	4763	NF1	Pathogenic	GRCh38	489188
single nucleotide variant	NM_001042492.3(NF1):c.6674G>A (p.Trp2225Ter)	4763	NF1	Pathogenic/Likely pathogenic	GRCh38	488819
single nucleotide variant	NM_001042492.3(NF1):c.7615+1G>T	4763	NF1	Pathogenic	GRCh38	489226
single nucleotide variant	NM_001042492.3(NF1):c.541C>T (p.Gln181Ter)	4763	NF1	Pathogenic	GRCh38	492874
single nucleotide variant	NM_001042492.3(NF1):c.889-1G>C	4763	NF1	Pathogenic	GRCh38	492875
single nucleotide variant	NM_001042492.3(NF1):c.1393-2A>G	4763	NF1	Pathogenic/Likely pathogenic	GRCh38	492877
single nucleotide variant	NM_001042492.3(NF1):c.2251+1G>A	4763	NF1	Pathogenic	GRCh38	492878
single nucleotide variant	NM_001042492.3(NF1):c.2511G>A (p.Trp837Ter)	4763	NF1	Pathogenic	GRCh38	492879
single nucleotide variant	NM_001042492.3(NF1):c.4332+1G>A	4763	NF1	Pathogenic/Likely pathogenic	GRCh38	492881
single nucleotide variant	NM_001042492.3(NF1):c.4905T>G (p.Tyr1635Ter)	4763	NF1	Pathogenic	GRCh38	492883
single nucleotide variant	NM_001042492.3(NF1):c.2978T>G (p.Leu993Ter)	4763	NF1	Pathogenic/Likely pathogenic	GRCh38	493211
single nucleotide variant	NM_001042492.3(NF1):c.3197+1G>A	4763	NF1	Pathogenic/Likely pathogenic	GRCh38	503702
single nucleotide variant	NM_001042492.3(NF1):c.5657T>A (p.Leu1886Ter)	4763	NF1	Pathogenic	GRCh38	504446
single nucleotide variant	NM_001042492.3(NF1):c.730+1G>A	4763	NF1	Pathogenic	GRCh38	503700
single nucleotide variant	NM_001042492.3(NF1):c.1527+1G>A	4763	NF1	Pathogenic	GRCh38	503701
single nucleotide variant	NM_001042492.3(NF1):c.3974G>T (p.Arg1325Met)	4763	NF1	Likely pathogenic	GRCh38	521805
single nucleotide variant	NM_001042492.3(NF1):c.5835T>A (p.Cys1945Ter)	4763	NF1	Pathogenic	GRCh38	522060
single nucleotide variant	NM_001042492.3(NF1):c.4235G>C (p.Arg1412Thr)	4763	NF1	Pathogenic/Likely pathogenic	GRCh38	523345
single nucleotide variant	NM_001042492.3(NF1):c.4875C>G (p.Tyr1625Ter)	4763	NF1	Pathogenic	GRCh38	523344
single nucleotide variant	NM_001042492.3(NF1):c.6642+1G>A	4763	NF1	Pathogenic/Likely pathogenic	GRCh38	523343
single nucleotide variant	NM_001042492.3(NF1):c.2503C>T (p.Gln835Ter)	4763	NF1	Pathogenic/Likely pathogenic	GRCh38	523904
single nucleotide variant	NM_001042492.3(NF1):c.3703C>T (p.Gln1235Ter)	4763	NF1	Pathogenic	GRCh38	523788
single nucleotide variant	NM_001042492.3(NF1):c.1260+2T>G	4763	NF1	Pathogenic/Likely pathogenic	GRCh38	527471
single nucleotide variant	NM_001042492.3(NF1):c.2684T>G (p.Met895Arg)	4763	NF1	Pathogenic/Likely pathogenic	GRCh38	527591
single nucleotide variant	NM_001042492.3(NF1):c.2786T>G (p.Leu929Arg)	4763	NF1	Pathogenic	GRCh38	527514
single nucleotide variant	NM_001042492.3(NF1):c.2990+5G>A	4763	NF1	Pathogenic/Likely pathogenic	GRCh38	527465
single nucleotide variant	NM_001042492.3(NF1):c.4578-19A>G	4763	NF1	Pathogenic	GRCh38	527490
single nucleotide variant	NM_001042492.3(NF1):c.6054T>G (p.Ser2018Arg)	4763	NF1	Pathogenic/Likely pathogenic	GRCh38	527592
single nucleotide variant	NM_001042492.3(NF1):c.1549G>T (p.Glu517Ter)	4763	NF1	Pathogenic	GRCh38	527597
single nucleotide variant	NM_001042492.3(NF1):c.288+2T>A	4763	NF1	Pathogenic	GRCh38	527581
single nucleotide variant	NM_001042492.3(NF1):c.7428T>A (p.Tyr2476Ter)	4763	NF1	Pathogenic	GRCh38	527542
single nucleotide variant	NM_001042492.3(NF1):c.7591C>T (p.Gln2531Ter)	4763	NF1	Pathogenic	GRCh38	527484
single nucleotide variant	NM_001042492.3(NF1):c.3250C>T (p.Pro1084Ser)	4763	NF1	Pathogenic/Likely pathogenic	GRCh38	527549
single nucleotide variant	NM_001042492.3(NF1):c.3445A>G (p.Met1149Val)	4763	NF1	Pathogenic/Likely pathogenic	GRCh38	527517
single nucleotide variant	NM_001042492.3(NF1):c.3468C>A (p.Asn1156Lys)	4763	NF1	Likely pathogenic	GRCh38	527521
single nucleotide variant	NM_001042492.3(NF1):c.2798T>C (p.Leu933Pro)	4763	NF1	Pathogenic/Likely pathogenic	GRCh38	527461
single nucleotide variant	NM_001042492.3(NF1):c.4256T>A (p.Val1419Asp)	4763	NF1	Likely pathogenic	GRCh38	527578
single nucleotide variant	NM_001042492.3(NF1):c.3198-2A>T	4763	NF1	Pathogenic	GRCh38	527585
single nucleotide variant	NM_001042492.3(NF1):c.3708+1G>T	4763	NF1	Pathogenic	GRCh38	527457
single nucleotide variant	NM_001042492.3(NF1):c.6148-1G>C	4763	NF1	Pathogenic/Likely pathogenic	GRCh38	527537
single nucleotide variant	NM_001042492.3(NF1):c.6402T>A (p.Cys2134Ter)	4763	NF1	Pathogenic	GRCh38	527417
single nucleotide variant	NM_001042492.3(NF1):c.3709-1G>A	4763	NF1	Pathogenic	GRCh38	527473
single nucleotide variant	NM_001042492.3(NF1):c.3773G>A (p.Trp1258Ter)	4763	NF1	Pathogenic	GRCh38	527540
single nucleotide variant	NM_001042492.3(NF1):c.4030G>T (p.Glu1344Ter)	4763	NF1	Pathogenic	GRCh38	527464
single nucleotide variant	NM_001042492.3(NF1):c.7189+1G>A	4763	NF1	Pathogenic	GRCh38	527538
single nucleotide variant	NM_001042492.3(NF1):c.4930G>C (p.Asp1644His)	4763	NF1	Likely pathogenic	GRCh38	527458
single nucleotide variant	NM_001042492.3(NF1):c.60+1G>T	4763	NF1	Pathogenic	GRCh38	527513
single nucleotide variant	NM_001042492.3(NF1):c.1354C>T (p.Gln452Ter)	4763	NF1	Pathogenic	GRCh38	527463
single nucleotide variant	NM_001042492.3(NF1):c.1912G>T (p.Gly638Ter)	4763	NF1	Pathogenic	GRCh38	527439
single nucleotide variant	NM_001042492.3(NF1):c.2062G>T (p.Glu688Ter)	4763	NF1	Pathogenic	GRCh38	527588
single nucleotide variant	NM_001042492.3(NF1):c.2251+1G>C	4763	NF1	Pathogenic/Likely pathogenic	GRCh38	527548
single nucleotide variant	NM_001042492.3(NF1):c.3644T>G (p.Met1215Arg)	4763	NF1	Pathogenic	GRCh38	527596
single nucleotide variant	NM_001042492.3(NF1):c.3707G>A (p.Trp1236Ter)	4763	NF1	Pathogenic	GRCh38	527476
single nucleotide variant	NM_001042492.3(NF1):c.4174-1G>A	4763	NF1	Pathogenic	GRCh38	527498
single nucleotide variant	NM_001042492.3(NF1):c.4371A>C (p.Lys1457Asn)	4763	NF1	Pathogenic	GRCh38	527586
single nucleotide variant	NM_001042492.3(NF1):c.4430+2T>C	4763	NF1	Likely pathogenic	GRCh38	527560
single nucleotide variant	NM_001042492.3(NF1):c.6404C>T (p.Thr2135Ile)	4763	NF1	Pathogenic/Likely pathogenic	GRCh38	527511
single nucleotide variant	NM_001042492.3(NF1):c.6820G>T (p.Ala2274Ser)	4763	NF1	Pathogenic	GRCh38	527433
single nucleotide variant	NM_001042492.3(NF1):c.6796C>T (p.Gln2266Ter)	4763	NF1	Pathogenic	GRCh38	545966
single nucleotide variant	NM_001042492.3(NF1):c.2325+1G>A	4763	NF1	Pathogenic	GRCh38	546100
single nucleotide variant	NM_001042492.3(NF1):c.205-1G>C	4763	NF1	Pathogenic	GRCh38	547564
single nucleotide variant	NM_001042492.3(NF1):c.586+1G>A	4763	NF1	Pathogenic	GRCh38	547567
single nucleotide variant	NM_001042492.3(NF1):c.655-2A>C	4763	NF1	Pathogenic/Likely pathogenic	GRCh38	547569
single nucleotide variant	NM_001042492.3(NF1):c.667T>C (p.Trp223Arg)	4763	NF1	Pathogenic/Likely pathogenic	GRCh38	547570
single nucleotide variant	NM_001042492.3(NF1):c.730+1G>T	4763	NF1	Pathogenic/Likely pathogenic	GRCh38	547571
single nucleotide variant	NM_001042492.3(NF1):c.888+1G>A	4763	NF1	Pathogenic	GRCh38	547573
single nucleotide variant	NM_001042492.3(NF1):c.943C>T (p.Gln315Ter)	4763	NF1	Pathogenic/Likely pathogenic	GRCh38	547574
single nucleotide variant	NM_001042492.3(NF1):c.959C>A (p.Ala320Asp)	4763	NF1	Likely pathogenic	GRCh38	547575
single nucleotide variant	NM_001042492.3(NF1):c.989C>T (p.Ala330Val)	4763	NF1	Pathogenic/Likely pathogenic	GRCh38	547578
single nucleotide variant	NM_001042492.3(NF1):c.1063-1G>C	4763	NF1	Pathogenic/Likely pathogenic	GRCh38	547580
single nucleotide variant	NM_001042492.3(NF1):c.1393-1G>C	4763	NF1	Pathogenic/Likely pathogenic	GRCh38	547589
single nucleotide variant	NM_001042492.3(NF1):c.1527+2T>C	4763	NF1	Pathogenic/Likely pathogenic	GRCh38	547593
single nucleotide variant	NM_001042492.3(NF1):c.1540C>T (p.Gln514Ter)	4763	NF1	Pathogenic	GRCh38	547594
single nucleotide variant	NM_001042492.3(NF1):c.1607C>A (p.Ser536Ter)	4763	NF1	Pathogenic	GRCh38	547596
single nucleotide variant	NM_001042492.3(NF1):c.1607C>G (p.Ser536Ter)	4763	NF1	Pathogenic/Likely pathogenic	GRCh38	547597
single nucleotide variant	NM_001042492.3(NF1):c.1641+2T>C	4763	NF1	Pathogenic/Likely pathogenic	GRCh38	547598
single nucleotide variant	NM_001042492.3(NF1):c.1642-1G>A	4763	NF1	Pathogenic	GRCh38	547599
single nucleotide variant	NM_001042492.3(NF1):c.1660C>T (p.Gln554Ter)	4763	NF1	Pathogenic/Likely pathogenic	GRCh38	547601
single nucleotide variant	NM_001042492.3(NF1):c.1845+2T>C	4763	NF1	Pathogenic/Likely pathogenic	GRCh38	547602
single nucleotide variant	NM_001042492.3(NF1):c.1846C>T (p.Gln616Ter)	4763	NF1	Pathogenic/Likely pathogenic	GRCh38	547603
single nucleotide variant	NM_001042492.3(NF1):c.2252-2A>C	4763	NF1	Pathogenic	GRCh38	547607
single nucleotide variant	NM_001042492.3(NF1):c.2252-1G>T	4763	NF1	Pathogenic/Likely pathogenic	GRCh38	547606
single nucleotide variant	NM_001042492.3(NF1):c.2269A>T (p.Lys757Ter)	4763	NF1	Likely pathogenic	GRCh38	547608
single nucleotide variant	NM_001042492.3(NF1):c.2356C>T (p.Gln786Ter)	4763	NF1	Pathogenic	GRCh38	547610
single nucleotide variant	NM_001042492.3(NF1):c.2560C>T (p.Gln854Ter)	4763	NF1	Pathogenic/Likely pathogenic	GRCh38	547612
single nucleotide variant	NM_001042492.3(NF1):c.2786T>C (p.Leu929Pro)	4763	NF1	Pathogenic/Likely pathogenic	GRCh38	547614
single nucleotide variant	NM_001042492.3(NF1):c.2850+1G>A	4763	NF1	Pathogenic	GRCh38	547617
single nucleotide variant	NM_001042492.3(NF1):c.2991-2A>C	4763	NF1	Pathogenic/Likely pathogenic	GRCh38	547620
single nucleotide variant	NM_001042492.3(NF1):c.3114-1G>A	4763	NF1	Pathogenic/Likely pathogenic	GRCh38	547621
single nucleotide variant	NM_001042492.3(NF1):c.3313A>T (p.Lys1105Ter)	4763	NF1	Pathogenic/Likely pathogenic	GRCh38	547625
single nucleotide variant	NM_001042492.3(NF1):c.3318C>A (p.Tyr1106Ter)	4763	NF1	Pathogenic/Likely pathogenic	GRCh38	547626
single nucleotide variant	NM_001042492.3(NF1):c.3586C>G (p.Leu1196Val)	4763	NF1	Pathogenic/Likely pathogenic	GRCh38	547629
single nucleotide variant	NM_001042492.3(NF1):c.3708+3A>T	4763	NF1	Likely pathogenic	GRCh38	547634
single nucleotide variant	NM_001042492.3(NF1):c.3864T>A (p.Cys1288Ter)	4763	NF1	Pathogenic/Likely pathogenic	GRCh38	547638
single nucleotide variant	NM_001042492.3(NF1):c.4183C>T (p.Gln1395Ter)	4763	NF1	Pathogenic/Likely pathogenic	GRCh38	547641
single nucleotide variant	NM_001042492.3(NF1):c.4231C>G (p.Leu1411Val)	4763	NF1	Pathogenic/Likely pathogenic	GRCh38	547642
single nucleotide variant	NM_001042492.3(NF1):c.4306G>T (p.Glu1436Ter)	4763	NF1	Pathogenic	GRCh38	547643
single nucleotide variant	NM_001042492.3(NF1):c.4430+1G>C	4763	NF1	Pathogenic/Likely pathogenic	GRCh38	547645
single nucleotide variant	NM_001042492.3(NF1):c.4586A>G (p.Lys1529Arg)	4763	NF1	Pathogenic	GRCh38	547646
single nucleotide variant	NM_001042492.3(NF1):c.4635C>G (p.Tyr1545Ter)	4763	NF1	Pathogenic	GRCh38	547647
single nucleotide variant	NM_001042492.3(NF1):c.4821T>A (p.Tyr1607Ter)	4763	NF1	Likely pathogenic	GRCh38	547651
single nucleotide variant	NM_001042492.3(NF1):c.4835+1G>A	4763	NF1	Pathogenic/Likely pathogenic	GRCh38	547652
single nucleotide variant	NM_001042492.3(NF1):c.5268+2T>G	4763	NF1	Pathogenic/Likely pathogenic	GRCh38	547656
single nucleotide variant	NM_001042492.3(NF1):c.5269-2A>G	4763	NF1	Pathogenic	GRCh38	547657
single nucleotide variant	NM_001042492.3(NF1):c.5357C>A (p.Ser1786Ter)	4763	NF1	Pathogenic/Likely pathogenic	GRCh38	547660
single nucleotide variant	NM_001042492.3(NF1):c.5812+1G>T	4763	NF1	Likely pathogenic	GRCh38	547668
single nucleotide variant	NM_001042492.3(NF1):c.5812+2T>C	4763	NF1	Pathogenic	GRCh38	547669
single nucleotide variant	NM_001042492.3(NF1):c.6007-2A>G	4763	NF1	Pathogenic	GRCh38	547672
single nucleotide variant	NM_001042492.3(NF1):c.6007-1G>A	4763	NF1	Likely pathogenic	GRCh38	547671
single nucleotide variant	NM_001042492.3(NF1):c.6147+2T>C	4763	NF1	Pathogenic/Likely pathogenic	GRCh38	547673
single nucleotide variant	NM_001042492.3(NF1):c.6642+18A>G	4763	NF1	Pathogenic/Likely pathogenic	GRCh38	547676
single nucleotide variant	NM_001042492.3(NF1):c.6669C>A (p.Cys2223Ter)	4763	NF1	Pathogenic/Likely pathogenic	GRCh38	547678
single nucleotide variant	NM_001042492.3(NF1):c.6704+1G>T	4763	NF1	Pathogenic	GRCh38	547680
single nucleotide variant	NM_001042492.3(NF1):c.6704+2T>G	4763	NF1	Pathogenic	GRCh38	547681
single nucleotide variant	NM_001042492.3(NF1):c.6921G>C (p.Lys2307Asn)	4763	NF1	Likely pathogenic	GRCh38	547685
single nucleotide variant	NM_001042492.3(NF1):c.6921+1G>T	4763	NF1	Pathogenic/Likely pathogenic	GRCh38	547687
single nucleotide variant	NM_001042492.3(NF1):c.6921+2T>A	4763	NF1	Likely pathogenic	GRCh38	547686
single nucleotide variant	NM_001042492.3(NF1):c.7906C>T (p.Gln2636Ter)	4763	NF1	Pathogenic	GRCh38	547698
single nucleotide variant	NM_001042492.3(NF1):c.8160+1G>A	4763	NF1	Likely pathogenic	GRCh38	547701
single nucleotide variant	NM_001042492.3(NF1):c.479+1G>T	4763	NF1	Pathogenic/Likely pathogenic	GRCh38	561965
single nucleotide variant	NM_001042492.3(NF1):c.480-2A>G	4763	NF1	Pathogenic	GRCh38	561503
single nucleotide variant	NM_001042492.3(NF1):c.1722-1G>A	4763	NF1	Pathogenic/Likely pathogenic	GRCh38	561743
single nucleotide variant	NM_001042492.3(NF1):c.1754T>G (p.Leu585Ter)	4763	NF1	Pathogenic	GRCh38	561952
single nucleotide variant	NM_001042492.3(NF1):c.2325+2T>C	4763	NF1	Pathogenic	GRCh38	561504
single nucleotide variant	NM_001042492.3(NF1):c.2510G>A (p.Trp837Ter)	4763	NF1	Pathogenic	GRCh38	561498
single nucleotide variant	NM_001042492.3(NF1):c.2850G>A (p.Gln950=)	4763	NF1	Pathogenic	GRCh38	561684
single nucleotide variant	NM_001042492.3(NF1):c.2990+1G>T	4763	NF1	Pathogenic	GRCh38	561950
single nucleotide variant	NM_001042492.3(NF1):c.4880T>A (p.Val1627Asp)	4763	NF1	Pathogenic/Likely pathogenic	GRCh38	561702
single nucleotide variant	NM_001042492.3(NF1):c.5269-14C>G	4763	NF1	Pathogenic/Likely pathogenic	GRCh38	561680
single nucleotide variant	NM_001042492.3(NF1):c.5610-1G>C	4763	NF1	Pathogenic	GRCh38	561746
single nucleotide variant	NM_001042492.3(NF1):c.5652T>A (p.Phe1884Leu)	4763	NF1	Pathogenic/Likely pathogenic	GRCh38	561720
single nucleotide variant	NM_001042492.3(NF1):c.5967C>G (p.Tyr1989Ter)	4763	NF1	Pathogenic	GRCh38	561857
single nucleotide variant	NM_001042492.3(NF1):c.6430G>T (p.Glu2144Ter)	4763	NF1	Pathogenic	GRCh38	561889
single nucleotide variant	NM_001042492.3(NF1):c.6642G>C (p.Glu2214Asp)	4763	NF1	Likely pathogenic	GRCh38	561893
single nucleotide variant	NM_001042492.3(NF1):c.6819+2T>A	4763	NF1	Pathogenic	GRCh38	561509
single nucleotide variant	NM_001042492.3(NF1):c.7970+5G>T	4763	NF1	Pathogenic/Likely pathogenic	GRCh38	561510
single nucleotide variant	NM_001042492.3(NF1):c.288+1G>T	4763	NF1	Pathogenic	GRCh38	571198
single nucleotide variant	NM_001042492.3(NF1):c.557A>T (p.Asp186Val)	4763	NF1	Likely pathogenic	GRCh38	582722
single nucleotide variant	NM_001042492.3(NF1):c.668G>A (p.Trp223Ter)	4763	NF1	Pathogenic	GRCh38	579648
single nucleotide variant	NM_001042492.3(NF1):c.681T>A (p.Tyr227Ter)	4763	NF1	Pathogenic	GRCh38	580256
single nucleotide variant	NM_001042492.3(NF1):c.730G>A (p.Glu244Lys)	4763	NF1	Pathogenic/Likely pathogenic	GRCh38	571661
single nucleotide variant	NM_001042492.3(NF1):c.1393-2A>T	4763	NF1	Pathogenic/Likely pathogenic	GRCh38	571756
single nucleotide variant	NM_001042492.3(NF1):c.1765C>T (p.Gln589Ter)	4763	NF1	Pathogenic	GRCh38	573696
single nucleotide variant	NM_001042492.3(NF1):c.1797G>A (p.Trp599Ter)	4763	NF1	Pathogenic	GRCh38	580246
single nucleotide variant	NM_001042492.3(NF1):c.1845+1G>A	4763	NF1	Pathogenic	GRCh38	579615
single nucleotide variant	NM_001042492.3(NF1):c.2990G>C (p.Arg997Thr)	4763	NF1	Pathogenic	GRCh38	568334
single nucleotide variant	NM_001042492.3(NF1):c.3641T>G (p.Met1214Arg)	4763	NF1	Pathogenic/Likely pathogenic	GRCh38	570979
single nucleotide variant	NM_001042492.3(NF1):c.4000G>T (p.Glu1334Ter)	4763	NF1	Pathogenic	GRCh38	565647
single nucleotide variant	NM_001042492.3(NF1):c.4245T>A (p.Asn1415Lys)	4763	NF1	Pathogenic	GRCh38	566848
single nucleotide variant	NM_001042492.3(NF1):c.4351A>G (p.Asn1451Asp)	4763	NF1	Pathogenic/Likely pathogenic	GRCh38	569136
single nucleotide variant	NM_001042492.3(NF1):c.4985G>A (p.Trp1662Ter)	4763	NF1	Pathogenic	GRCh38	573015
single nucleotide variant	NM_001042492.3(NF1):c.6427+2T>G	4763	NF1	Pathogenic	GRCh38	566355
single nucleotide variant	NM_001042492.3(NF1):c.7189G>C (p.Gly2397Arg)	4763	NF1	Pathogenic	GRCh38	578365
single nucleotide variant	NM_001042492.3(NF1):c.288+2T>C	4763	NF1	Pathogenic	GRCh38	581065
single nucleotide variant	NM_001042492.3(NF1):c.1618G>T (p.Glu540Ter)	4763	NF1	Pathogenic	GRCh38	579731
single nucleotide variant	NM_001042492.3(NF1):c.1721+2T>G	4763	NF1	Pathogenic	GRCh38	575447
single nucleotide variant	NM_001042492.3(NF1):c.1724C>G (p.Ser575Ter)	4763	NF1	Pathogenic	GRCh38	568718
single nucleotide variant	NM_001042492.3(NF1):c.1818C>A (p.Cys606Ter)	4763	NF1	Pathogenic	GRCh38	572601
single nucleotide variant	NM_001042492.3(NF1):c.1845G>A (p.Lys615=)	4763	NF1	Pathogenic/Likely pathogenic	GRCh38	578879
single nucleotide variant	NM_001042492.3(NF1):c.26G>A (p.Trp9Ter)	4763	NF1	Pathogenic	GRCh38	567193
single nucleotide variant	NM_001042492.3(NF1):c.2266C>T (p.Gln756Ter)	4763	NF1	Pathogenic	GRCh38	576444
single nucleotide variant	NM_001042492.3(NF1):c.479+5G>A	4763	NF1	Pathogenic	GRCh38	565507
single nucleotide variant	NM_001042492.3(NF1):c.3436G>T (p.Val1146Phe)	4763	NF1	Pathogenic/Likely pathogenic	GRCh38	579791
single nucleotide variant	NM_001042492.3(NF1):c.3447G>C (p.Met1149Ile)	4763	NF1	Pathogenic/Likely pathogenic	GRCh38	566155
single nucleotide variant	NM_001042492.3(NF1):c.1260+1G>T	4763	NF1	Pathogenic/Likely pathogenic	GRCh38	570670
single nucleotide variant	NM_001042492.3(NF1):c.3871-1G>A	4763	NF1	Pathogenic	GRCh38	571095
single nucleotide variant	NM_001042492.3(NF1):c.3974+1G>C	4763	NF1	Pathogenic	GRCh38	571920
single nucleotide variant	NM_001042492.3(NF1):c.4369A>C (p.Lys1457Gln)	4763	NF1	Pathogenic	GRCh38	577061
single nucleotide variant	NM_001042492.3(NF1):c.4543C>T (p.Gln1515Ter)	4763	NF1	Pathogenic	GRCh38	570950
single nucleotide variant	NM_001042492.3(NF1):c.4577+1G>T	4763	NF1	Pathogenic	GRCh38	576239
single nucleotide variant	NM_001042492.3(NF1):c.5192T>A (p.Leu1731Ter)	4763	NF1	Pathogenic	GRCh38	572862
single nucleotide variant	NM_001042492.3(NF1):c.2410-16A>G	4763	NF1	Pathogenic/Likely pathogenic	GRCh38	572474
single nucleotide variant	NM_001042492.3(NF1):c.2540T>G (p.Leu847Arg)	4763	NF1	Pathogenic	GRCh38	573019
single nucleotide variant	NM_001042492.3(NF1):c.2617C>G (p.Arg873Gly)	4763	NF1	Pathogenic/Likely pathogenic	GRCh38	572485
single nucleotide variant	NM_001042492.3(NF1):c.3314+1G>A	4763	NF1	Pathogenic	GRCh38	573917
single nucleotide variant	NM_001042492.3(NF1):c.7870-1G>A	4763	NF1	Pathogenic	GRCh38	572065
single nucleotide variant	NM_001042492.3(NF1):c.3361G>T (p.Glu1121Ter)	4763	NF1	Pathogenic	GRCh38	577899
single nucleotide variant	NM_001042492.3(NF1):c.4711G>T (p.Glu1571Ter)	4763	NF1	Pathogenic	GRCh38	575667
single nucleotide variant	NM_001042492.3(NF1):c.6700C>T (p.Gln2234Ter)	4763	NF1	Pathogenic	GRCh38	583019
single nucleotide variant	NM_001042492.3(NF1):c.6921G>A (p.Lys2307=)	4763	NF1	Likely pathogenic	GRCh38	572995
single nucleotide variant	NM_001042492.3(NF1):c.58C>T (p.Gln20Ter)	4763	NF1	Pathogenic/Likely pathogenic	GRCh38	576465
single nucleotide variant	NM_001042492.3(NF1):c.1185G>A (p.Lys395=)	4763	NF1	Pathogenic/Likely pathogenic	GRCh38	581467
single nucleotide variant	NM_001042492.3(NF1):c.1238C>G (p.Ser413Ter)	4763	NF1	Pathogenic	GRCh38	570504
single nucleotide variant	NM_001042492.3(NF1):c.1393-1G>A	4763	NF1	Pathogenic	GRCh38	580769
single nucleotide variant	NM_001042492.3(NF1):c.1603C>T (p.Gln535Ter)	4763	NF1	Pathogenic	GRCh38	571976
single nucleotide variant	NM_001042492.3(NF1):c.2325+1G>T	4763	NF1	Pathogenic	GRCh38	575838
single nucleotide variant	NM_001042492.3(NF1):c.2326-1G>C	4763	NF1	Pathogenic/Likely pathogenic	GRCh38	581003
single nucleotide variant	NM_001042492.3(NF1):c.2407C>T (p.Gln803Ter)	4763	NF1	Pathogenic/Likely pathogenic	GRCh38	565792
single nucleotide variant	NM_001042492.3(NF1):c.2410-18C>G	4763	NF1	Pathogenic/Likely pathogenic	GRCh38	579654
single nucleotide variant	NM_001042492.3(NF1):c.3089C>G (p.Ser1030Ter)	4763	NF1	Pathogenic	GRCh38	580002
single nucleotide variant	NM_001042492.3(NF1):c.3315-1G>C	4763	NF1	Pathogenic/Likely pathogenic	GRCh38	565393
single nucleotide variant	NM_001042492.3(NF1):c.3870+1G>T	4763	NF1	Pathogenic	GRCh38	565498
single nucleotide variant	NM_001042492.3(NF1):c.4110+1G>T	4763	NF1	Pathogenic/Likely pathogenic	GRCh38	582401
single nucleotide variant	NM_001042492.3(NF1):c.6004C>T (p.Gln2002Ter)	4763	NF1	Pathogenic	GRCh38	578868
single nucleotide variant	NM_001042492.3(NF1):c.7790C>A (p.Ser2597Ter)	4763	NF1	Pathogenic	GRCh38	579517
single nucleotide variant	NM_001042492.3(NF1):c.7926C>G (p.Tyr2642Ter)	4763	NF1	Pathogenic	GRCh38	579176
single nucleotide variant	NM_001042492.3(NF1):c.8017C>T (p.Gln2673Ter)	4763	NF1	Pathogenic	GRCh38	582838
single nucleotide variant	NM_001042492.3(NF1):c.2251G>C (p.Gly751Arg)	4763	NF1	Pathogenic/Likely pathogenic	GRCh38	584927
single nucleotide variant	NM_001042492.3(NF1):c.5269-2A>T	4763	NF1	Pathogenic	GRCh38	584932
single nucleotide variant	NM_001042492.3(NF1):c.1392+1G>C	4763	NF1	Pathogenic	GRCh38	585289
single nucleotide variant	NM_001042492.3(NF1):c.2827A>T (p.Lys943Ter)	4763	NF1	Pathogenic	GRCh38	585292
single nucleotide variant	NM_001042492.3(NF1):c.1062G>C (p.Lys354Asn)	4763	NF1	Pathogenic/Likely pathogenic	GRCh38	586168
single nucleotide variant	NM_001042492.3(NF1):c.1721+1G>C	4763	NF1	Pathogenic	GRCh38	586169
single nucleotide variant	NM_001042492.3(NF1):c.2410-1G>C	4763	NF1	Pathogenic/Likely pathogenic	GRCh38	586171
single nucleotide variant	NM_001042492.3(NF1):c.122A>T (p.Glu41Val)	4763	NF1	Pathogenic/Likely pathogenic	GRCh38	586954
single nucleotide variant	NM_001042492.3(NF1):c.7458-17T>G	4763	NF1	Likely pathogenic	GRCh38	586981
single nucleotide variant	NM_001042492.3(NF1):c.6166A>T (p.Lys2056Ter)	4763	NF1	Pathogenic	GRCh38	590842
single nucleotide variant	NM_001042492.3(NF1):c.7982T>A (p.Leu2661Ter)	4763	NF1	Pathogenic	GRCh38	617614
single nucleotide variant	NM_001042492.3(NF1):c.1467T>A (p.Tyr489Ter)	4763	NF1	Pathogenic	GRCh38	618252
single nucleotide variant	NM_001042492.3(NF1):c.2509T>C (p.Trp837Arg)	4763	NF1	Pathogenic/Likely pathogenic	GRCh38	618753
single nucleotide variant	NM_001042492.3(NF1):c.2842C>T (p.Gln948Ter)	4763	NF1	Pathogenic	GRCh38	618249
single nucleotide variant	NM_001042492.3(NF1):c.5855G>A (p.Trp1952Ter)	4763	NF1	Pathogenic	GRCh38	618754
single nucleotide variant	NM_001042492.3(NF1):c.121G>T (p.Glu41Ter)	4763	NF1	Pathogenic	GRCh38	620401
single nucleotide variant	NM_001042492.3(NF1):c.2142T>A (p.Cys714Ter)	4763	NF1	Pathogenic	GRCh38	620413
single nucleotide variant	NM_001042492.3(NF1):c.3106A>T (p.Lys1036Ter)	4763	NF1	Pathogenic	GRCh38	620488
single nucleotide variant	NM_001042492.3(NF1):c.4798A>T (p.Lys1600Ter)	4763	NF1	Pathogenic	GRCh38	620441
single nucleotide variant	NM_001042492.3(NF1):c.4824T>A (p.Tyr1608Ter)	4763	NF1	Pathogenic	GRCh38	620127
single nucleotide variant	NM_001042492.3(NF1):c.5959C>T (p.Gln1987Ter)	4763	NF1	Pathogenic	GRCh38	620128
single nucleotide variant	NM_001042492.3(NF1):c.4316T>A (p.Leu1439Ter)	4763	NF1	Pathogenic/Likely pathogenic	GRCh38	623196
single nucleotide variant	NM_001042492.3(NF1):c.1527+5G>T	4763	NF1	Likely pathogenic	GRCh38	624115
single nucleotide variant	NM_001042492.3(NF1):c.4405A>T (p.Lys1469Ter)	4763	NF1	Pathogenic	GRCh38	623894
single nucleotide variant	NM_001042492.3(NF1):c.7278T>A (p.Cys2426Ter)	4763	NF1	Pathogenic	GRCh38	627518
single nucleotide variant	NM_001042492.3(NF1):c.2329T>G (p.Trp777Gly)	4763	NF1	Pathogenic/Likely pathogenic	GRCh38	635519
single nucleotide variant	NM_001042492.3(NF1):c.3708+1G>A	4763	NF1	Pathogenic/Likely pathogenic	GRCh38	635478
single nucleotide variant	NM_001042492.3(NF1):c.7063-2A>G	4763	NF1	Pathogenic	GRCh38	635820
single nucleotide variant	NM_001042492.3(NF1):c.7458-1G>C	4763	NF1	Pathogenic	GRCh38	635818
single nucleotide variant	NM_001042492.3(NF1):c.844C>T (p.Gln282Ter)	4763	NF1	Pathogenic	GRCh38	637000
single nucleotide variant	NM_001042492.3(NF1):c.61-7486G>T	4763	NF1	Pathogenic/Likely pathogenic	GRCh38	636832
single nucleotide variant	NM_001042492.3(NF1):c.3G>A (p.Met1Ile)	4763	NF1	Pathogenic/Likely pathogenic	GRCh38	647845
single nucleotide variant	NM_001042492.3(NF1):c.97A>T (p.Lys33Ter)	4763	NF1	Pathogenic	GRCh38	666183
single nucleotide variant	NM_001042492.3(NF1):c.173T>C (p.Leu58Pro)	4763	NF1	Likely pathogenic	GRCh38	649283
single nucleotide variant	NM_001042492.3(NF1):c.236T>G (p.Leu79Ter)	4763	NF1	Pathogenic	GRCh38	655362
single nucleotide variant	NM_001042492.3(NF1):c.244T>C (p.Ser82Pro)	4763	NF1	Pathogenic/Likely pathogenic	GRCh38	652365
single nucleotide variant	NM_001042492.3(NF1):c.247C>T (p.Gln83Ter)	4763	NF1	Pathogenic	GRCh38	642883
single nucleotide variant	NM_001042492.3(NF1):c.248A>C (p.Gln83Pro)	4763	NF1	Pathogenic/Likely pathogenic	GRCh38	641956
single nucleotide variant	NM_001042492.3(NF1):c.279T>A (p.Cys93Ter)	4763	NF1	Pathogenic	GRCh38	654518
single nucleotide variant	NM_001042492.3(NF1):c.412G>C (p.Ala138Pro)	4763	NF1	Pathogenic/Likely pathogenic	GRCh38	651033
single nucleotide variant	NM_001042492.3(NF1):c.581T>C (p.Leu194Pro)	4763	NF1	Pathogenic	GRCh38	653665
single nucleotide variant	NM_001042492.3(NF1):c.681T>G (p.Tyr227Ter)	4763	NF1	Pathogenic	GRCh38	656641
single nucleotide variant	NM_001042492.3(NF1):c.715C>T (p.Gln239Ter)	4763	NF1	Pathogenic	GRCh38	658113
single nucleotide variant	NM_001042492.3(NF1):c.787A>G (p.Lys263Glu)	4763	NF1	Likely pathogenic	GRCh38	652545
single nucleotide variant	NM_001042492.3(NF1):c.808C>T (p.Gln270Ter)	4763	NF1	Pathogenic/Likely pathogenic	GRCh38	664218
single nucleotide variant	NM_001042492.3(NF1):c.972T>A (p.Cys324Ter)	4763	NF1	Pathogenic/Likely pathogenic	GRCh38	662589
single nucleotide variant	NM_001042492.3(NF1):c.999C>G (p.Tyr333Ter)	4763	NF1	Pathogenic/Likely pathogenic	GRCh38	647719
single nucleotide variant	NM_001042492.3(NF1):c.1174C>T (p.Gln392Ter)	4763	NF1	Pathogenic	GRCh38	640314
single nucleotide variant	NM_001042492.3(NF1):c.1238C>A (p.Ser413Ter)	4763	NF1	Pathogenic	GRCh38	662203
single nucleotide variant	NM_001042492.3(NF1):c.1340T>C (p.Leu447Pro)	4763	NF1	Pathogenic	GRCh38	663394
single nucleotide variant	NM_001042492.3(NF1):c.1783G>T (p.Glu595Ter)	4763	NF1	Pathogenic	GRCh38	655568
single nucleotide variant	NM_001042492.3(NF1):c.1984A>T (p.Lys662Ter)	4763	NF1	Pathogenic	GRCh38	641164
single nucleotide variant	NM_001042492.3(NF1):c.2251G>A (p.Gly751Arg)	4763	NF1	Pathogenic/Likely pathogenic	GRCh38	655108
single nucleotide variant	NM_001042492.3(NF1):c.2272A>T (p.Arg758Ter)	4763	NF1	Pathogenic	GRCh38	639102
single nucleotide variant	NM_001042492.3(NF1):c.2325G>T (p.Glu775Asp)	4763	NF1	Pathogenic	GRCh38	650391
single nucleotide variant	NM_001042492.3(NF1):c.2375T>A (p.Leu792His)	4763	NF1	Likely pathogenic	GRCh38	665425
single nucleotide variant	NM_001042492.3(NF1):c.2542G>A (p.Gly848Arg)	4763	NF1	Pathogenic/Likely pathogenic	GRCh38	640216
single nucleotide variant	NM_001042492.3(NF1):c.2702T>G (p.Leu901Ter)	4763	NF1	Pathogenic	GRCh38	659214
single nucleotide variant	NM_001042492.3(NF1):c.2734C>T (p.Gln912Ter)	4763	NF1	Pathogenic	GRCh38	654419
single nucleotide variant	NM_001042492.3(NF1):c.2990G>A (p.Arg997Lys)	4763	NF1	Pathogenic/Likely pathogenic	GRCh38	654334
single nucleotide variant	NM_001042492.3(NF1):c.2991G>C (p.Arg997Ser)	4763	NF1	Likely pathogenic	GRCh38	649695
single nucleotide variant	NM_001042492.3(NF1):c.3053T>A (p.Leu1018Ter)	4763	NF1	Pathogenic	GRCh38	664969
single nucleotide variant	NM_001042492.3(NF1):c.3104T>A (p.Met1035Lys)	4763	NF1	Pathogenic/Likely pathogenic	GRCh38	658527
single nucleotide variant	NM_001042492.3(NF1):c.3158C>G (p.Ser1053Ter)	4763	NF1	Pathogenic	GRCh38	665851
single nucleotide variant	NM_001042492.3(NF1):c.3446T>C (p.Met1149Thr)	4763	NF1	Pathogenic	GRCh38	660819
single nucleotide variant	NM_001042492.3(NF1):c.3496G>A (p.Gly1166Ser)	4763	NF1	Pathogenic/Likely pathogenic	GRCh38	651126
single nucleotide variant	NM_001042492.3(NF1):c.3568G>A (p.Gly1190Ser)	4763	NF1	Pathogenic/Likely pathogenic	GRCh38	649604
single nucleotide variant	NM_001042492.3(NF1):c.3772T>C (p.Trp1258Arg)	4763	NF1	Pathogenic/Likely pathogenic	GRCh38	655055
single nucleotide variant	NM_001042492.3(NF1):c.4236A>C (p.Arg1412Ser)	4763	NF1	Pathogenic	GRCh38	639692
single nucleotide variant	NM_001042492.3(NF1):c.4339C>G (p.Gln1447Glu)	4763	NF1	Pathogenic	GRCh38	639280
single nucleotide variant	NM_001042492.3(NF1):c.4375G>T (p.Glu1459Ter)	4763	NF1	Pathogenic	GRCh38	645094
single nucleotide variant	NM_001042492.3(NF1):c.4783C>T (p.Gln1595Ter)	4763	NF1	Pathogenic	GRCh38	649568
single nucleotide variant	NM_001042492.3(NF1):c.4930G>A (p.Asp1644Asn)	4763	NF1	Pathogenic/Likely pathogenic	GRCh38	640039
single nucleotide variant	NM_001042492.3(NF1):c.5049C>G (p.Asn1683Lys)	4763	NF1	Pathogenic	GRCh38	655745
single nucleotide variant	NM_001042492.3(NF1):c.5368G>T (p.Glu1790Ter)	4763	NF1	Pathogenic	GRCh38	654733
single nucleotide variant	NM_001042492.3(NF1):c.5501C>G (p.Ser1834Ter)	4763	NF1	Pathogenic	GRCh38	647087
single nucleotide variant	NM_001042492.3(NF1):c.5606T>G (p.Leu1869Ter)	4763	NF1	Pathogenic	GRCh38	661533
single nucleotide variant	NM_001042492.3(NF1):c.5680G>T (p.Glu1894Ter)	4763	NF1	Pathogenic	GRCh38	653673
single nucleotide variant	NM_001042492.3(NF1):c.5771T>A (p.Leu1924Ter)	4763	NF1	Pathogenic	GRCh38	649928
single nucleotide variant	NM_001042492.3(NF1):c.6436A>T (p.Lys2146Ter)	4763	NF1	Pathogenic	GRCh38	639020
single nucleotide variant	NM_001042492.3(NF1):c.6439C>T (p.Gln2147Ter)	4763	NF1	Pathogenic	GRCh38	664810
single nucleotide variant	NM_001042492.3(NF1):c.6648C>A (p.Cys2216Ter)	4763	NF1	Pathogenic	GRCh38	649614
single nucleotide variant	NM_001042492.3(NF1):c.6733C>T (p.Gln2245Ter)	4763	NF1	Pathogenic	GRCh38	657256
single nucleotide variant	NM_001042492.3(NF1):c.7455T>A (p.Tyr2485Ter)	4763	NF1	Pathogenic	GRCh38	644466
single nucleotide variant	NM_001042492.3(NF1):c.8158A>T (p.Lys2720Ter)	4763	NF1	Pathogenic	GRCh38	642603
single nucleotide variant	NM_001042492.3(NF1):c.205-2A>G	4763	NF1	Pathogenic	GRCh38	652752
single nucleotide variant	NM_001042492.3(NF1):c.288+5G>A	4763	NF1	Pathogenic/Likely pathogenic	GRCh38	642764
single nucleotide variant	NM_001042492.3(NF1):c.1185+5G>C	4763	NF1	Pathogenic/Likely pathogenic	GRCh38	654452
single nucleotide variant	NM_001042492.3(NF1):c.1642-2A>T	4763	NF1	Pathogenic	GRCh38	661992
single nucleotide variant	NM_001042492.3(NF1):c.2410-12T>G	4763	NF1	Pathogenic/Likely pathogenic	GRCh38	653976
single nucleotide variant	NM_001042492.3(NF1):c.4332+1G>T	4763	NF1	Pathogenic/Likely pathogenic	GRCh38	663586
single nucleotide variant	NM_001042492.3(NF1):c.5609+5G>A	4763	NF1	Pathogenic/Likely pathogenic	GRCh38	653133
single nucleotide variant	NM_001042492.3(NF1):c.5812+4A>T	4763	NF1	Pathogenic	GRCh38	644875
single nucleotide variant	NM_001042492.3(NF1):c.60+1G>C	4763	NF1	Pathogenic/Likely pathogenic	GRCh38	663201
single nucleotide variant	NM_001042492.3(NF1):c.1062+1G>A	4763	NF1	Pathogenic/Likely pathogenic	GRCh38	660278
single nucleotide variant	NM_001042492.3(NF1):c.3709-2A>T	4763	NF1	Pathogenic	GRCh38	647016
single nucleotide variant	NM_001042492.3(NF1):c.4333-2A>C	4763	NF1	Pathogenic	GRCh38	663523
single nucleotide variant	NM_001042492.3(NF1):c.5269-8C>G	4763	NF1	Pathogenic/Likely pathogenic	GRCh38	649676
single nucleotide variant	NM_001042492.3(NF1):c.6643-2A>T	4763	NF1	Pathogenic	GRCh38	648314
single nucleotide variant	NM_001042492.3(NF1):c.204+2T>G	4763	NF1	Pathogenic	GRCh38	650586
single nucleotide variant	NM_001042492.3(NF1):c.288+1G>C	4763	NF1	Pathogenic	GRCh38	642767
single nucleotide variant	NM_001042492.3(NF1):c.2850+2T>G	4763	NF1	Pathogenic/Likely pathogenic	GRCh38	659863
single nucleotide variant	NM_001042492.3(NF1):c.2851-1G>A	4763	NF1	Pathogenic/Likely pathogenic	GRCh38	665079
single nucleotide variant	NM_001042492.3(NF1):c.3315-1G>A	4763	NF1	Pathogenic/Likely pathogenic	GRCh38	657669
single nucleotide variant	NM_001042492.3(NF1):c.3974+1G>A	4763	NF1	Pathogenic	GRCh38	661977
single nucleotide variant	NM_001042492.3(NF1):c.6643-2A>G	4763	NF1	Pathogenic/Likely pathogenic	GRCh38	652474
single nucleotide variant	NM_001042492.3(NF1):c.1260+5G>A	4763	NF1	Pathogenic/Likely pathogenic	GRCh38	641476
single nucleotide variant	NM_001042492.3(NF1):c.1642-3C>G	4763	NF1	Pathogenic	GRCh38	648709
single nucleotide variant	NM_001042492.3(NF1):c.2326-1G>A	4763	NF1	Pathogenic/Likely pathogenic	GRCh38	642179
single nucleotide variant	NM_001042492.3(NF1):c.2409+1G>A	4763	NF1	Pathogenic	GRCh38	648121
single nucleotide variant	NM_001042492.3(NF1):c.2991-3T>G	4763	NF1	Pathogenic	GRCh38	649473
single nucleotide variant	NM_001042492.3(NF1):c.4430+1G>A	4763	NF1	Pathogenic	GRCh38	640358
single nucleotide variant	NM_001042492.3(NF1):c.7186A>T (p.Lys2396Ter)	4763	NF1	Pathogenic	GRCh38	690368
single nucleotide variant	NM_001042492.3(NF1):c.1A>C (p.Met1Leu)	4763	NF1	Pathogenic/Likely pathogenic	GRCh38	694505
single nucleotide variant	NM_001042492.3(NF1):c.2521A>C (p.Thr841Pro)	4763	NF1	Pathogenic/Likely pathogenic	GRCh38	694508
single nucleotide variant	NM_001042492.3(NF1):c.3579T>G (p.Phe1193Leu)	4763	NF1	Pathogenic	GRCh38	694510
single nucleotide variant	NM_001042492.3(NF1):c.2531T>A (p.Leu844His)	4763	NF1	Pathogenic	GRCh38	694605
single nucleotide variant	NM_001042492.3(NF1):c.2536G>C (p.Ala846Pro)	4763	NF1	Pathogenic/Likely pathogenic	GRCh38	694607
single nucleotide variant	NM_001042492.3(NF1):c.3827G>T (p.Arg1276Leu)	4763	NF1	Pathogenic/Likely pathogenic	GRCh38	694608
single nucleotide variant	NM_001042492.3(NF1):c.5476C>A (p.His1826Asn)	4763	NF1	Likely pathogenic	GRCh38	800351
single nucleotide variant	NM_001042492.3(NF1):c.269T>A (p.Leu90Gln)	4763	NF1	Likely pathogenic	GRCh38	803337
single nucleotide variant	NM_001042492.3(NF1):c.888+1G>T	4763	NF1	Pathogenic	GRCh38	803340
single nucleotide variant	NM_001042492.3(NF1):c.1186-1G>A	4763	NF1	Pathogenic/Likely pathogenic	GRCh38	803341
single nucleotide variant	NM_001042492.3(NF1):c.4285A>T (p.Lys1429Ter)	4763	NF1	Pathogenic/Likely pathogenic	GRCh38	803356
single nucleotide variant	NM_001042492.3(NF1):c.4431-1G>T	4763	NF1	Pathogenic	GRCh38	803359
single nucleotide variant	NM_001042492.3(NF1):c.6546C>G (p.Tyr2182Ter)	4763	NF1	Pathogenic	GRCh38	803373
single nucleotide variant	NM_001042492.3(NF1):c.7062+1G>T	4763	NF1	Pathogenic	GRCh38	803375
single nucleotide variant	NM_001042492.3(NF1):c.2410-13A>G	4763	NF1	Pathogenic/Likely pathogenic	GRCh38	804167
single nucleotide variant	NM_001042492.3(NF1):c.731-2A>G	4763	NF1	Pathogenic/Likely pathogenic	GRCh38	805084
single nucleotide variant	NM_001042492.3(NF1):c.2553C>A (p.Cys851Ter)	4763	NF1	Pathogenic	GRCh38	811157
single nucleotide variant	NM_001042492.3(NF1):c.4700C>G (p.Ser1567Ter)	4763	NF1	Pathogenic	GRCh38	811172
single nucleotide variant	NM_001042492.3(NF1):c.5609+5G>T	4763	NF1	Pathogenic/Likely pathogenic	GRCh38	810859
single nucleotide variant	NM_001042492.3(NF1):c.7895A>G (p.Asp2632Gly)	4763	NF1	Pathogenic/Likely pathogenic	GRCh38	811226
single nucleotide variant	NM_001042492.3(NF1):c.205-19T>A	4763	NF1	Pathogenic	GRCh38	816721
single nucleotide variant	NM_001042492.3(NF1):c.205-6T>A	4763	NF1	Pathogenic	GRCh38	816750
single nucleotide variant	NM_001042492.3(NF1):c.480-8C>G	4763	NF1	Pathogenic	GRCh38	816722
single nucleotide variant	NM_001042492.3(NF1):c.731-14T>G	4763	NF1	Pathogenic/Likely pathogenic	GRCh38	816724
single nucleotide variant	NM_001042492.3(NF1):c.1063-14T>A	4763	NF1	Pathogenic	GRCh38	816751
single nucleotide variant	NM_001042492.3(NF1):c.1063-3T>G	4763	NF1	Pathogenic	GRCh38	816773
single nucleotide variant	NM_001042492.3(NF1):c.1261-21T>G	4763	NF1	Pathogenic	GRCh38	816752
single nucleotide variant	NM_001042492.3(NF1):c.1261-19G>A	4763	NF1	Pathogenic/Likely pathogenic	GRCh38	816753
single nucleotide variant	NM_001042492.3(NF1):c.1261-13T>A	4763	NF1	Pathogenic	GRCh38	816754
single nucleotide variant	NM_001042492.3(NF1):c.1642-10A>G	4763	NF1	Pathogenic/Likely pathogenic	GRCh38	816755
single nucleotide variant	NM_001042492.3(NF1):c.1642-7A>G	4763	NF1	Pathogenic	GRCh38	816756
single nucleotide variant	NM_001042492.3(NF1):c.1722-26T>C	4763	NF1	Pathogenic/Likely pathogenic	GRCh38	816726
single nucleotide variant	NM_001042492.3(NF1):c.1722-3C>A	4763	NF1	Pathogenic/Likely pathogenic	GRCh38	816764
single nucleotide variant	NM_001042492.3(NF1):c.2252-13T>A	4763	NF1	Pathogenic	GRCh38	816727
single nucleotide variant	NM_001042492.3(NF1):c.2326-6T>G	4763	NF1	Pathogenic	GRCh38	816728
single nucleotide variant	NM_001042492.3(NF1):c.2410-15A>G	4763	NF1	Pathogenic/Likely pathogenic	GRCh38	816757
single nucleotide variant	NM_001042492.3(NF1):c.2410-14A>G	4763	NF1	Pathogenic	GRCh38	816758
single nucleotide variant	NM_001042492.3(NF1):c.2410-9T>A	4763	NF1	Pathogenic	GRCh38	816759
single nucleotide variant	NM_001042492.3(NF1):c.3114-3T>G	4763	NF1	Pathogenic	GRCh38	816774
single nucleotide variant	NM_001042492.3(NF1):c.3315-8T>G	4763	NF1	Pathogenic/Likely pathogenic	GRCh38	816729
single nucleotide variant	NM_001042492.3(NF1):c.3975-11T>G	4763	NF1	Pathogenic	GRCh38	816762
single nucleotide variant	NM_001042492.3(NF1):c.4431-9T>G	4763	NF1	Pathogenic/Likely pathogenic	GRCh38	816763
single nucleotide variant	NM_001042492.3(NF1):c.4578-21T>C	4763	NF1	Pathogenic	GRCh38	816731
single nucleotide variant	NM_001042492.3(NF1):c.4578-3T>G	4763	NF1	Pathogenic	GRCh38	816768
single nucleotide variant	NM_001042492.3(NF1):c.6148-13T>A	4763	NF1	Pathogenic	GRCh38	816734
single nucleotide variant	NM_001042492.3(NF1):c.6148-3C>A	4763	NF1	Pathogenic	GRCh38	816769
single nucleotide variant	NM_001042492.3(NF1):c.6428-3C>G	4763	NF1	Pathogenic/Likely pathogenic	GRCh38	816775
single nucleotide variant	NM_001042492.3(NF1):c.6705-6T>G	4763	NF1	Pathogenic	GRCh38	816736
single nucleotide variant	NM_001042492.3(NF1):c.6820-9T>G	4763	NF1	Pathogenic	GRCh38	816738
single nucleotide variant	NM_001042492.3(NF1):c.7063-10T>G	4763	NF1	Pathogenic	GRCh38	816739
single nucleotide variant	NM_001042492.3(NF1):c.7190-20T>A	4763	NF1	Pathogenic	GRCh38	816740
single nucleotide variant	NM_001042492.3(NF1):c.7190-12T>A	4763	NF1	Pathogenic/Likely pathogenic	GRCh38	816741
single nucleotide variant	NM_001042492.3(NF1):c.7739-3C>G	4763	NF1	Pathogenic	GRCh38	816771
single nucleotide variant	NM_001042492.3(NF1):c.7870-3C>G	4763	NF1	Pathogenic	GRCh38	816772
single nucleotide variant	NM_001042492.3(NF1):c.6596T>A (p.Leu2199Ter)	4763	NF1	Pathogenic	GRCh38	816958
single nucleotide variant	NM_001042492.3(NF1):c.289C>T (p.Gln97Ter)	4763	NF1	Pathogenic	GRCh38	818189
single nucleotide variant	NM_001042492.3(NF1):c.1198C>T (p.Gln400Ter)	4763	NF1	Pathogenic	GRCh38	818183
single nucleotide variant	NM_001042492.3(NF1):c.2019C>A (p.Cys673Ter)	4763	NF1	Pathogenic	GRCh38	818185
single nucleotide variant	NM_001042492.3(NF1):c.2044C>T (p.Gln682Ter)	4763	NF1	Pathogenic	GRCh38	818186
single nucleotide variant	NM_001042492.3(NF1):c.5392C>T (p.Gln1798Ter)	4763	NF1	Pathogenic	GRCh38	818196
single nucleotide variant	NM_001042492.3(NF1):c.5697T>A (p.Cys1899Ter)	4763	NF1	Pathogenic	GRCh38	818197
single nucleotide variant	NM_001042492.3(NF1):c.731-2A>C	4763	NF1	Pathogenic	GRCh38	818181
single nucleotide variant	NM_001042492.3(NF1):c.3G>C (p.Met1Ile)	4763	NF1	Pathogenic	GRCh38	824485
single nucleotide variant	NM_001042492.3(NF1):c.1408G>T (p.Glu470Ter)	4763	NF1	Pathogenic/Likely pathogenic	GRCh38	819135
single nucleotide variant	NM_001042492.3(NF1):c.2984T>C (p.Leu995Pro)	4763	NF1	Pathogenic/Likely pathogenic	GRCh38	822432
single nucleotide variant	NM_001042492.3(NF1):c.4821T>G (p.Tyr1607Ter)	4763	NF1	Pathogenic	GRCh38	825148
single nucleotide variant	NM_001042492.3(NF1):c.5013C>G (p.Tyr1671Ter)	4763	NF1	Pathogenic	GRCh38	825318
single nucleotide variant	NM_001042492.3(NF1):c.5076T>A (p.Tyr1692Ter)	4763	NF1	Pathogenic	GRCh38	825371
single nucleotide variant	NM_001042492.3(NF1):c.5376C>A (p.Cys1792Ter)	4763	NF1	Pathogenic/Likely pathogenic	GRCh38	825640
single nucleotide variant	NM_001042492.3(NF1):c.5737A>T (p.Lys1913Ter)	4763	NF1	Pathogenic	GRCh38	825886
single nucleotide variant	NM_001042492.3(NF1):c.6687G>A (p.Trp2229Ter)	4763	NF1	Pathogenic	GRCh38	826516
single nucleotide variant	NM_001042492.3(NF1):c.7169T>G (p.Leu2390Trp)	4763	NF1	Likely pathogenic	GRCh38	826843
single nucleotide variant	NM_001042492.3(NF1):c.2851-1G>T	4763	NF1	Pathogenic	GRCh38	821889
single nucleotide variant	NM_001042492.3(NF1):c.4430+1G>T	4763	NF1	Pathogenic/Likely pathogenic	GRCh38	824831
single nucleotide variant	NM_001042492.3(NF1):c.4724+2T>G	4763	NF1	Pathogenic/Likely pathogenic	GRCh38	825080
single nucleotide variant	NM_001042492.3(NF1):c.8113+2T>G	4763	NF1	Pathogenic/Likely pathogenic	GRCh38	827420
single nucleotide variant	NM_001042492.3(NF1):c.8114-1G>C	4763	NF1	Likely pathogenic	GRCh38	827422
single nucleotide variant	NM_001042492.3(NF1):c.269T>C (p.Leu90Pro)	4763	NF1	Pathogenic/Likely pathogenic	GRCh38	857101
single nucleotide variant	NM_001042492.3(NF1):c.288G>T (p.Gly96=)	4763	NF1	Pathogenic/Likely pathogenic	GRCh38	838808
single nucleotide variant	NM_001042492.3(NF1):c.338T>A (p.Leu113Ter)	4763	NF1	Pathogenic	GRCh38	857599
single nucleotide variant	NM_001042492.3(NF1):c.688G>T (p.Glu230Ter)	4763	NF1	Pathogenic	GRCh38	851567
single nucleotide variant	NM_001042492.3(NF1):c.968C>A (p.Ala323Asp)	4763	NF1	Pathogenic/Likely pathogenic	GRCh38	839743
single nucleotide variant	NM_001042492.3(NF1):c.1224T>G (p.Tyr408Ter)	4763	NF1	Pathogenic	GRCh38	844580
single nucleotide variant	NM_001042492.3(NF1):c.1275G>A (p.Trp425Ter)	4763	NF1	Pathogenic	GRCh38	855972
single nucleotide variant	NM_001042492.3(NF1):c.1426A>G (p.Lys476Glu)	4763	NF1	Pathogenic	GRCh38	848259
single nucleotide variant	NM_001042492.3(NF1):c.1513A>G (p.Lys505Glu)	4763	NF1	Likely pathogenic	GRCh38	839760
single nucleotide variant	NM_001042492.3(NF1):c.1555C>T (p.Gln519Ter)	4763	NF1	Pathogenic	GRCh38	837847
single nucleotide variant	NM_001042492.3(NF1):c.1712G>A (p.Trp571Ter)	4763	NF1	Pathogenic	GRCh38	842188
single nucleotide variant	NM_001042492.3(NF1):c.2681T>C (p.Phe894Ser)	4763	NF1	Pathogenic/Likely pathogenic	GRCh38	847299
single nucleotide variant	NM_001042492.3(NF1):c.2693T>G (p.Leu898Arg)	4763	NF1	Pathogenic	GRCh38	863165
single nucleotide variant	NM_001042492.3(NF1):c.2810T>A (p.Leu937Ter)	4763	NF1	Pathogenic	GRCh38	834980
single nucleotide variant	NM_001042492.3(NF1):c.2999G>C (p.Arg1000Pro)	4763	NF1	Pathogenic/Likely pathogenic	GRCh38	860498
single nucleotide variant	NM_001042492.3(NF1):c.3034A>T (p.Lys1012Ter)	4763	NF1	Pathogenic	GRCh38	834887
single nucleotide variant	NM_001042492.3(NF1):c.3058G>T (p.Glu1020Ter)	4763	NF1	Pathogenic/Likely pathogenic	GRCh38	839592
single nucleotide variant	NM_001042492.3(NF1):c.3305T>G (p.Leu1102Ter)	4763	NF1	Pathogenic	GRCh38	836913
single nucleotide variant	NM_001042492.3(NF1):c.3467A>C (p.Asn1156Thr)	4763	NF1	Likely pathogenic	GRCh38	849941
single nucleotide variant	NM_001042492.3(NF1):c.3662T>G (p.Leu1221Arg)	4763	NF1	Pathogenic/Likely pathogenic	GRCh38	843506
single nucleotide variant	NM_001042492.3(NF1):c.3755T>A (p.Leu1252Ter)	4763	NF1	Pathogenic	GRCh38	841346
single nucleotide variant	NM_001042492.3(NF1):c.3846T>G (p.Ser1282Arg)	4763	NF1	Pathogenic	GRCh38	834998
single nucleotide variant	NM_001042492.3(NF1):c.3892C>T (p.Gln1298Ter)	4763	NF1	Pathogenic/Likely pathogenic	GRCh38	859602
single nucleotide variant	NM_001042492.3(NF1):c.3942G>A (p.Trp1314Ter)	4763	NF1	Pathogenic/Likely pathogenic	GRCh38	849712
single nucleotide variant	NM_001042492.3(NF1):c.3974G>A (p.Arg1325Lys)	4763	NF1	Pathogenic/Likely pathogenic	GRCh38	838318
single nucleotide variant	NM_001042492.3(NF1):c.4107C>G (p.Tyr1369Ter)	4763	NF1	Pathogenic	GRCh38	848486
single nucleotide variant	NM_001042492.3(NF1):c.4216G>T (p.Gly1406Ter)	4763	NF1	Pathogenic	GRCh38	841676
single nucleotide variant	NM_001042492.3(NF1):c.4963A>T (p.Lys1655Ter)	4763	NF1	Pathogenic	GRCh38	843916
single nucleotide variant	NM_001042492.3(NF1):c.5493G>A (p.Trp1831Ter)	4763	NF1	Pathogenic	GRCh38	856332
single nucleotide variant	NM_001042492.3(NF1):c.5494G>T (p.Glu1832Ter)	4763	NF1	Pathogenic	GRCh38	859126
single nucleotide variant	NM_001042492.3(NF1):c.5503C>T (p.Gln1835Ter)	4763	NF1	Pathogenic	GRCh38	852381
single nucleotide variant	NM_001042492.3(NF1):c.5534T>C (p.Ile1845Thr)	4763	NF1	Pathogenic/Likely pathogenic	GRCh38	855874
single nucleotide variant	NM_001042492.3(NF1):c.5639T>G (p.Leu1880Ter)	4763	NF1	Pathogenic	GRCh38	863800
single nucleotide variant	NM_001042492.3(NF1):c.5687C>A (p.Ser1896Ter)	4763	NF1	Pathogenic	GRCh38	857730
single nucleotide variant	NM_001042492.3(NF1):c.5785G>T (p.Glu1929Ter)	4763	NF1	Pathogenic	GRCh38	852822
single nucleotide variant	NM_001042492.3(NF1):c.5861C>G (p.Ser1954Ter)	4763	NF1	Pathogenic	GRCh38	834435
single nucleotide variant	NM_001042492.3(NF1):c.6053G>A (p.Ser2018Asn)	4763	NF1	Pathogenic/Likely pathogenic	GRCh38	842511
single nucleotide variant	NM_001042492.3(NF1):c.6410C>A (p.Ser2137Ter)	4763	NF1	Pathogenic	GRCh38	838504
single nucleotide variant	NM_001042492.3(NF1):c.6486C>A (p.Tyr2162Ter)	4763	NF1	Pathogenic	GRCh38	850401
single nucleotide variant	NM_001042492.3(NF1):c.6486C>G (p.Tyr2162Ter)	4763	NF1	Pathogenic	GRCh38	857333
single nucleotide variant	NM_001042492.3(NF1):c.6488T>A (p.Leu2163Ter)	4763	NF1	Pathogenic	GRCh38	836119
single nucleotide variant	NM_001042492.3(NF1):c.6515C>G (p.Ser2172Ter)	4763	NF1	Pathogenic	GRCh38	860326
single nucleotide variant	NM_001042492.3(NF1):c.6576T>A (p.Tyr2192Ter)	4763	NF1	Pathogenic	GRCh38	851779
single nucleotide variant	NM_001042492.3(NF1):c.6841G>T (p.Gly2281Ter)	4763	NF1	Pathogenic	GRCh38	856272
single nucleotide variant	NM_001042492.3(NF1):c.6902T>G (p.Leu2301Ter)	4763	NF1	Pathogenic	GRCh38	844773
single nucleotide variant	NM_001042492.3(NF1):c.6950G>A (p.Trp2317Ter)	4763	NF1	Pathogenic	GRCh38	848870
single nucleotide variant	NM_001042492.3(NF1):c.7018C>T (p.Gln2340Ter)	4763	NF1	Pathogenic	GRCh38	847696
single nucleotide variant	NM_001042492.3(NF1):c.7113C>A (p.Cys2371Ter)	4763	NF1	Pathogenic	GRCh38	849556
single nucleotide variant	NM_001042492.3(NF1):c.7114A>T (p.Lys2372Ter)	4763	NF1	Pathogenic	GRCh38	838652
single nucleotide variant	NM_001042492.3(NF1):c.7172T>A (p.Val2391Asp)	4763	NF1	Likely pathogenic	GRCh38	845183
single nucleotide variant	NM_001042492.3(NF1):c.7231A>T (p.Arg2411Ter)	4763	NF1	Pathogenic	GRCh38	863490
single nucleotide variant	NM_001042492.3(NF1):c.7400C>A (p.Ser2467Ter)	4763	NF1	Pathogenic	GRCh38	836114
single nucleotide variant	NM_001042492.3(NF1):c.7465A>T (p.Lys2489Ter)	4763	NF1	Pathogenic	GRCh38	861961
single nucleotide variant	NM_001042492.3(NF1):c.7509C>G (p.Tyr2503Ter)	4763	NF1	Pathogenic	GRCh38	861417
single nucleotide variant	NM_001042492.3(NF1):c.7582C>T (p.Gln2528Ter)	4763	NF1	Pathogenic	GRCh38	836626
single nucleotide variant	NM_001042492.3(NF1):c.7646C>A (p.Ser2549Ter)	4763	NF1	Pathogenic	GRCh38	837583
single nucleotide variant	NM_001042492.3(NF1):c.8074G>T (p.Glu2692Ter)	4763	NF1	Pathogenic	GRCh38	845204
single nucleotide variant	NM_001042492.3(NF1):c.1261-2A>G	4763	NF1	Pathogenic	GRCh38	855635
single nucleotide variant	NM_001042492.3(NF1):c.2991-2A>T	4763	NF1	Pathogenic	GRCh38	843158
single nucleotide variant	NM_001042492.3(NF1):c.5268+5G>C	4763	NF1	Likely pathogenic	GRCh38	857985
single nucleotide variant	NM_001042492.3(NF1):c.6705-1G>T	4763	NF1	Pathogenic	GRCh38	836704
single nucleotide variant	NM_001042492.3(NF1):c.205-1G>A	4763	NF1	Pathogenic/Likely pathogenic	GRCh38	852374
single nucleotide variant	NM_001042492.3(NF1):c.288+1G>A	4763	NF1	Pathogenic	GRCh38	863797
single nucleotide variant	NM_001042492.3(NF1):c.1845+2T>A	4763	NF1	Pathogenic	GRCh38	859076
single nucleotide variant	NM_001042492.3(NF1):c.4577+2T>G	4763	NF1	Pathogenic/Likely pathogenic	GRCh38	864398
single nucleotide variant	NM_001042492.3(NF1):c.5609+2T>G	4763	NF1	Pathogenic	GRCh38	858870
single nucleotide variant	NM_001042492.3(NF1):c.6921+1G>C	4763	NF1	Pathogenic	GRCh38	835698
single nucleotide variant	NM_001042492.3(NF1):c.7321+2T>C	4763	NF1	Pathogenic/Likely pathogenic	GRCh38	835149
single nucleotide variant	NM_001042492.3(NF1):c.7322-1G>C	4763	NF1	Likely pathogenic	GRCh38	852863
single nucleotide variant	NM_001042492.3(NF1):c.7870-2A>G	4763	NF1	Pathogenic	GRCh38	859845
single nucleotide variant	NM_001042492.3(NF1):c.1185+2T>C	4763	NF1	Pathogenic/Likely pathogenic	GRCh38	840905
single nucleotide variant	NM_001042492.3(NF1):c.1260+1G>C	4763	NF1	Pathogenic/Likely pathogenic	GRCh38	848717
single nucleotide variant	NM_001042492.3(NF1):c.1260+2T>C	4763	NF1	Pathogenic/Likely pathogenic	GRCh38	836228
single nucleotide variant	NM_001042492.3(NF1):c.1721+2T>A	4763	NF1	Pathogenic	GRCh38	841342
single nucleotide variant	NM_001042492.3(NF1):c.3314+2T>G	4763	NF1	Pathogenic/Likely pathogenic	GRCh38	848281
single nucleotide variant	NM_001042492.3(NF1):c.3496+1G>C	4763	NF1	Pathogenic/Likely pathogenic	GRCh38	835181
single nucleotide variant	NM_001042492.3(NF1):c.3870+1G>C	4763	NF1	Pathogenic/Likely pathogenic	GRCh38	863762
single nucleotide variant	NM_001042492.3(NF1):c.4431-1G>A	4763	NF1	Pathogenic	GRCh38	835743
single nucleotide variant	NM_001042492.3(NF1):c.6704+1G>C	4763	NF1	Pathogenic	GRCh38	856149
single nucleotide variant	NM_001042492.3(NF1):c.8161-2A>T	4763	NF1	Pathogenic	GRCh38	835670
single nucleotide variant	NM_001042492.3(NF1):c.8161-1G>A	4763	NF1	Pathogenic	GRCh38	849315
single nucleotide variant	NM_001042492.3(NF1):c.480-1G>A	4763	NF1	Pathogenic	GRCh38	845305
single nucleotide variant	NM_001042492.3(NF1):c.1261-2A>T	4763	NF1	Pathogenic	GRCh38	835846
single nucleotide variant	NM_001042492.3(NF1):c.5812+4A>C	4763	NF1	Likely pathogenic	GRCh38	835679
single nucleotide variant	NM_001042492.3(NF1):c.6147+1G>T	4763	NF1	Pathogenic	GRCh38	851432
single nucleotide variant	NM_001042492.3(NF1):c.4016T>G (p.Leu1339Arg)	4763	NF1	Pathogenic/Likely pathogenic	GRCh38	872180
single nucleotide variant	NM_001042492.3(NF1):c.4372G>T (p.Glu1458Ter)	4763	NF1	Pathogenic	GRCh38	872182
single nucleotide variant	NM_001042492.3(NF1):c.4536G>A (p.Trp1512Ter)	4763	NF1	Pathogenic	GRCh38	872183
single nucleotide variant	NM_001042492.3(NF1):c.6675G>A (p.Trp2225Ter)	4763	NF1	Pathogenic/Likely pathogenic	GRCh38	872184
single nucleotide variant	NM_001042492.3(NF1):c.289-6T>G	4763	NF1	Pathogenic/Likely pathogenic	GRCh38	873034
single nucleotide variant	NM_001042492.3(NF1):c.1722-11T>G	4763	NF1	Pathogenic/Likely pathogenic	GRCh38	873035
single nucleotide variant	NM_001042492.3(NF1):c.827T>A (p.Leu276Ter)	4763	NF1	Pathogenic	GRCh38	915297
single nucleotide variant	NM_001042492.3(NF1):c.3315-2A>C	4763	NF1	Pathogenic/Likely pathogenic	GRCh38	917573
single nucleotide variant	NM_001042492.3(NF1):c.3432T>A (p.Cys1144Ter)	4763	NF1	Pathogenic/Likely pathogenic	GRCh38	928870
single nucleotide variant	NM_001042492.3(NF1):c.7846C>T (p.Gln2616Ter)	4763	NF1	Pathogenic/Likely pathogenic	GRCh38	928869
single nucleotide variant	NM_001042492.3(NF1):c.279T>G (p.Cys93Trp)	4763	NF1	Pathogenic/Likely pathogenic	GRCh38	930967
single nucleotide variant	NM_001042492.3(NF1):c.2506G>T (p.Glu836Ter)	4763	NF1	Pathogenic	GRCh38	931332
single nucleotide variant	NM_001042492.3(NF1):c.4744G>T (p.Glu1582Ter)	4763	NF1	Pathogenic	GRCh38	930310
single nucleotide variant	NM_001042492.3(NF1):c.1007G>A (p.Trp336Ter)	4763	NF1	Pathogenic	GRCh38	945440
single nucleotide variant	NM_001042492.3(NF1):c.1924C>T (p.Gln642Ter)	4763	NF1	Pathogenic	GRCh38	952282
single nucleotide variant	NM_001042492.3(NF1):c.1942G>T (p.Glu648Ter)	4763	NF1	Pathogenic	GRCh38	947858
single nucleotide variant	NM_001042492.3(NF1):c.2330G>A (p.Trp777Ter)	4763	NF1	Pathogenic	GRCh38	952296
single nucleotide variant	NM_001042492.3(NF1):c.2464G>T (p.Gly822Ter)	4763	NF1	Pathogenic	GRCh38	946222
single nucleotide variant	NM_001042492.3(NF1):c.3096C>A (p.Cys1032Ter)	4763	NF1	Pathogenic	GRCh38	947778
single nucleotide variant	NM_001042492.3(NF1):c.3220G>T (p.Glu1074Ter)	4763	NF1	Pathogenic	GRCh38	948826
single nucleotide variant	NM_001042492.3(NF1):c.3299C>A (p.Ser1100Ter)	4763	NF1	Pathogenic	GRCh38	952266
single nucleotide variant	NM_001042492.3(NF1):c.3708G>A (p.Trp1236Ter)	4763	NF1	Pathogenic	GRCh38	946140
single nucleotide variant	NM_001042492.3(NF1):c.3977T>G (p.Leu1326Ter)	4763	NF1	Pathogenic	GRCh38	949855
single nucleotide variant	NM_001042492.3(NF1):c.4330A>T (p.Lys1444Ter)	4763	NF1	Pathogenic	GRCh38	949779
single nucleotide variant	NM_001042492.3(NF1):c.4371A>T (p.Lys1457Asn)	4763	NF1	Likely pathogenic	GRCh38	950400
single nucleotide variant	NM_001042492.3(NF1):c.6412C>T (p.Gln2138Ter)	4763	NF1	Pathogenic	GRCh38	946672
single nucleotide variant	NM_001042492.3(NF1):c.6845C>T (p.Pro2282Leu)	4763	NF1	Likely pathogenic	GRCh38	947202
single nucleotide variant	NM_001042492.3(NF1):c.7802C>A (p.Ser2601Ter)	4763	NF1	Pathogenic	GRCh38	945791
single nucleotide variant	NM_001042492.3(NF1):c.147C>G (p.Tyr49Ter)	4763	NF1	Pathogenic	GRCh38	943309
single nucleotide variant	NM_001042492.3(NF1):c.2325G>C (p.Glu775Asp)	4763	NF1	Pathogenic/Likely pathogenic	GRCh38	937015
single nucleotide variant	NM_001042492.3(NF1):c.2972T>G (p.Met991Arg)	4763	NF1	Likely pathogenic	GRCh38	941469
single nucleotide variant	NM_001042492.3(NF1):c.3047G>A (p.Cys1016Tyr)	4763	NF1	Pathogenic/Likely pathogenic	GRCh38	940554
single nucleotide variant	NM_001042492.3(NF1):c.3049C>T (p.Gln1017Ter)	4763	NF1	Pathogenic	GRCh38	935938
single nucleotide variant	NM_001042492.3(NF1):c.3814C>T (p.Gln1272Ter)	4763	NF1	Pathogenic	GRCh38	943279
single nucleotide variant	NM_001042492.3(NF1):c.3943C>T (p.Gln1315Ter)	4763	NF1	Pathogenic	GRCh38	938573
single nucleotide variant	NM_001042492.3(NF1):c.4245T>G (p.Asn1415Lys)	4763	NF1	Pathogenic	GRCh38	941609
single nucleotide variant	NM_001042492.3(NF1):c.4700C>A (p.Ser1567Ter)	4763	NF1	Pathogenic	GRCh38	940807
single nucleotide variant	NM_001042492.3(NF1):c.4769T>A (p.Leu1590Ter)	4763	NF1	Pathogenic	GRCh38	934165
single nucleotide variant	NM_001042492.3(NF1):c.5158G>T (p.Glu1720Ter)	4763	NF1	Pathogenic	GRCh38	941924
single nucleotide variant	NM_001042492.3(NF1):c.5446G>T (p.Glu1816Ter)	4763	NF1	Pathogenic	GRCh38	939892
single nucleotide variant	NM_001042492.3(NF1):c.6819G>C (p.Lys2273Asn)	4763	NF1	Pathogenic	GRCh38	933505
single nucleotide variant	NM_001042492.3(NF1):c.61-1G>A	4763	NF1	Pathogenic	GRCh38	943213
single nucleotide variant	NM_001042492.3(NF1):c.2991-1G>T	4763	NF1	Pathogenic	GRCh38	937354
single nucleotide variant	NM_001042492.3(NF1):c.3198-314G>A	4763	NF1	Pathogenic/Likely pathogenic	GRCh38	936187
single nucleotide variant	NM_001042492.3(NF1):c.3709-2A>G	4763	NF1	Pathogenic	GRCh38	937830
single nucleotide variant	NM_001042492.3(NF1):c.6428-1G>T	4763	NF1	Pathogenic	GRCh38	941637
single nucleotide variant	NM_001042492.3(NF1):c.7190-1G>A	4763	NF1	Pathogenic/Likely pathogenic	GRCh38	939750
single nucleotide variant	NM_001042492.3(NF1):c.479+1G>C	4763	NF1	Pathogenic	GRCh38	949678
single nucleotide variant	NM_001042492.3(NF1):c.655-2A>G	4763	NF1	Pathogenic/Likely pathogenic	GRCh38	948962
single nucleotide variant	NM_001042492.3(NF1):c.888+2T>G	4763	NF1	Pathogenic	GRCh38	951075
single nucleotide variant	NM_001042492.3(NF1):c.1260+4A>T	4763	NF1	Likely pathogenic	GRCh38	952686
single nucleotide variant	NM_001042492.3(NF1):c.4333-1G>C	4763	NF1	Pathogenic	GRCh38	950496
single nucleotide variant	NM_001042492.3(NF1):c.4578-1G>A	4763	NF1	Pathogenic	GRCh38	948667
single nucleotide variant	NM_001042492.3(NF1):c.6428-1G>A	4763	NF1	Pathogenic	GRCh38	950753
single nucleotide variant	NM_001042492.3(NF1):c.6819+2T>G	4763	NF1	Pathogenic	GRCh38	950585
single nucleotide variant	NM_001042492.3(NF1):c.7189+1G>C	4763	NF1	Pathogenic/Likely pathogenic	GRCh38	951449
single nucleotide variant	NM_001042492.3(NF1):c.7970+6T>C	4763	NF1	Pathogenic/Likely pathogenic	GRCh38	945724
single nucleotide variant	NM_001042492.3(NF1):c.245C>A (p.Ser82Tyr)	4763	NF1	Pathogenic	GRCh38	963679
single nucleotide variant	NM_001042492.3(NF1):c.705C>A (p.Tyr235Ter)	4763	NF1	Pathogenic	GRCh38	956712
single nucleotide variant	NM_001042492.3(NF1):c.1139T>A (p.Leu380His)	4763	NF1	Likely pathogenic	GRCh38	956350
single nucleotide variant	NM_001042492.3(NF1):c.3233C>G (p.Ser1078Ter)	4763	NF1	Pathogenic	GRCh38	956966
single nucleotide variant	NM_001042492.3(NF1):c.3523A>G (p.Thr1175Ala)	4763	NF1	Pathogenic/Likely pathogenic	GRCh38	956580
single nucleotide variant	NM_001042492.3(NF1):c.4232T>C (p.Leu1411Pro)	4763	NF1	Pathogenic/Likely pathogenic	GRCh38	955704
single nucleotide variant	NM_001042492.3(NF1):c.4280T>G (p.Leu1427Ter)	4763	NF1	Pathogenic	GRCh38	957201
single nucleotide variant	NM_001042492.3(NF1):c.4883T>G (p.Leu1628Ter)	4763	NF1	Pathogenic	GRCh38	956108
single nucleotide variant	NM_001042492.3(NF1):c.5034T>G (p.Tyr1678Ter)	4763	NF1	Pathogenic	GRCh38	954811
single nucleotide variant	NM_001042492.3(NF1):c.5327C>G (p.Ser1776Ter)	4763	NF1	Pathogenic	GRCh38	960019
single nucleotide variant	NM_001042492.3(NF1):c.5933T>C (p.Leu1978Pro)	4763	NF1	Pathogenic/Likely pathogenic	GRCh38	954354
single nucleotide variant	NM_001042492.3(NF1):c.6165C>A (p.Cys2055Ter)	4763	NF1	Pathogenic	GRCh38	958733
single nucleotide variant	NM_001042492.3(NF1):c.7174G>T (p.Gly2392Ter)	4763	NF1	Pathogenic	GRCh38	953148
single nucleotide variant	NM_001042492.3(NF1):c.7481G>A (p.Trp2494Ter)	4763	NF1	Pathogenic/Likely pathogenic	GRCh38	957460
single nucleotide variant	NM_001042492.3(NF1):c.7603A>T (p.Lys2535Ter)	4763	NF1	Pathogenic	GRCh38	959456
single nucleotide variant	NM_001042492.3(NF1):c.8094C>A (p.Tyr2698Ter)	4763	NF1	Pathogenic	GRCh38	963283
single nucleotide variant	NM_001042492.3(NF1):c.60G>C (p.Gln20His)	4763	NF1	Likely pathogenic	GRCh38	965727
single nucleotide variant	NM_001042492.3(NF1):c.1362T>A (p.Cys454Ter)	4763	NF1	Pathogenic	GRCh38	968428
single nucleotide variant	NM_001042492.3(NF1):c.2050C>T (p.Gln684Ter)	4763	NF1	Pathogenic	GRCh38	964637
single nucleotide variant	NM_001042492.3(NF1):c.2774T>A (p.Leu925Ter)	4763	NF1	Pathogenic	GRCh38	965045
single nucleotide variant	NM_001042492.3(NF1):c.4108C>T (p.Gln1370Ter)	4763	NF1	Pathogenic	GRCh38	967072
single nucleotide variant	NM_001042492.3(NF1):c.4747G>T (p.Glu1583Ter)	4763	NF1	Pathogenic	GRCh38	971976
single nucleotide variant	NM_001042492.3(NF1):c.5198T>A (p.Leu1733Ter)	4763	NF1	Pathogenic	GRCh38	971282
single nucleotide variant	NM_001042492.3(NF1):c.5443C>T (p.Gln1815Ter)	4763	NF1	Pathogenic	GRCh38	968835
single nucleotide variant	NM_001042492.3(NF1):c.5788T>C (p.Cys1930Arg)	4763	NF1	Pathogenic/Likely pathogenic	GRCh38	971853
single nucleotide variant	NM_001042492.3(NF1):c.7194C>G (p.Tyr2398Ter)	4763	NF1	Pathogenic	GRCh38	966483
single nucleotide variant	NM_001042492.3(NF1):c.1062+2T>C	4763	NF1	Pathogenic/Likely pathogenic	GRCh38	956905
single nucleotide variant	NM_001042492.3(NF1):c.1185+1G>T	4763	NF1	Pathogenic/Likely pathogenic	GRCh38	962619
single nucleotide variant	NM_001042492.3(NF1):c.1528-2A>G	4763	NF1	Likely pathogenic	GRCh38	960524
single nucleotide variant	NM_001042492.3(NF1):c.2001+1G>A	4763	NF1	Likely pathogenic	GRCh38	956590
single nucleotide variant	NM_001042492.3(NF1):c.3975-2A>T	4763	NF1	Pathogenic	GRCh38	963827
single nucleotide variant	NM_001042492.3(NF1):c.4578-2A>C	4763	NF1	Pathogenic/Likely pathogenic	GRCh38	955585
single nucleotide variant	NM_001042492.3(NF1):c.4835+2T>A	4763	NF1	Pathogenic	GRCh38	963576
single nucleotide variant	NM_001042492.3(NF1):c.5609+5G>C	4763	NF1	Likely pathogenic	GRCh38	959407
single nucleotide variant	NM_001042492.3(NF1):c.6642+2T>C	4763	NF1	Pathogenic	GRCh38	959944
single nucleotide variant	NM_001042492.3(NF1):c.7971-321C>G	4763	NF1	Pathogenic/Likely pathogenic	GRCh38	958469
single nucleotide variant	NM_001042492.3(NF1):c.2002-2A>G	4763	NF1	Pathogenic	GRCh38	969514
single nucleotide variant	NM_001042492.3(NF1):c.7189+1G>T	4763	NF1	Pathogenic	GRCh38	972406
single nucleotide variant	NM_001042492.3(NF1):c.7869+1G>C	4763	NF1	Pathogenic	GRCh38	968591
single nucleotide variant	NM_001042492.3(NF1):c.3448T>C (p.Ser1150Pro)	4763	NF1	Pathogenic/Likely pathogenic	GRCh38	976302
single nucleotide variant	NM_001042492.3(NF1):c.4738G>T (p.Glu1580Ter)	4763	NF1	Pathogenic/Likely pathogenic	GRCh38	976344
single nucleotide variant	NM_001042492.3(NF1):c.3113+1G>C	4763	NF1	Pathogenic	GRCh38	976156
single nucleotide variant	NM_001042492.3(NF1):c.487G>T (p.Glu163Ter)	4763	NF1	Pathogenic	GRCh38	977199
single nucleotide variant	NM_001042492.3(NF1):c.4110+945A>G	4763	NF1	Pathogenic/Likely pathogenic	GRCh38	978032
single nucleotide variant	NM_001042492.3(NF1):c.3520C>T (p.Gln1174Ter)	4763	NF1	Pathogenic	GRCh38	978806
single nucleotide variant	NM_001042492.3(NF1):c.2127T>A (p.Cys709Ter)	4763	NF1	Pathogenic	GRCh38	987204
single nucleotide variant	NM_001042492.3(NF1):c.2991-2A>G	4763	NF1	Pathogenic/Likely pathogenic	GRCh38	987118
single nucleotide variant	NM_001042492.3(NF1):c.5287C>T (p.Gln1763Ter)	4763	NF1	Pathogenic	GRCh38	987429
single nucleotide variant	NM_001042492.3(NF1):c.5675T>A (p.Leu1892Ter)	4763	NF1	Pathogenic	GRCh38	992627
single nucleotide variant	NM_001042492.3(NF1):c.205-2A>C	4763	NF1	Pathogenic	GRCh38	996426
single nucleotide variant	NM_001042492.3(NF1):c.731-1G>T	4763	NF1	Pathogenic/Likely pathogenic	GRCh38	996510
single nucleotide variant	NM_001042492.3(NF1):c.737C>A (p.Ala246Glu)	4763	NF1	Pathogenic/Likely pathogenic	GRCh38	996418
single nucleotide variant	NM_001042492.3(NF1):c.999C>A (p.Tyr333Ter)	4763	NF1	Pathogenic/Likely pathogenic	GRCh38	996500
single nucleotide variant	NM_001042492.3(NF1):c.1641+1G>C	4763	NF1	Pathogenic	GRCh38	996419
single nucleotide variant	NM_001042492.3(NF1):c.1722-2A>C	4763	NF1	Pathogenic/Likely pathogenic	GRCh38	996525
single nucleotide variant	NM_001042492.3(NF1):c.2251+1G>T	4763	NF1	Pathogenic/Likely pathogenic	GRCh38	996448
single nucleotide variant	NM_001042492.3(NF1):c.2350T>A (p.Trp784Arg)	4763	NF1	Likely pathogenic	GRCh38	996401
single nucleotide variant	NM_001042492.3(NF1):c.2990+1G>C	4763	NF1	Pathogenic	GRCh38	996434
single nucleotide variant	NM_001042492.3(NF1):c.3151G>T (p.Gly1051Ter)	4763	NF1	Pathogenic	GRCh38	996475
single nucleotide variant	NM_001042492.3(NF1):c.3211G>C (p.Ala1071Pro)	4763	NF1	Pathogenic/Likely pathogenic	GRCh38	996519
single nucleotide variant	NM_001042492.3(NF1):c.3256C>T (p.Gln1086Ter)	4763	NF1	Pathogenic	GRCh38	996428
single nucleotide variant	NM_001042492.3(NF1):c.3562C>T (p.Gln1188Ter)	4763	NF1	Pathogenic	GRCh38	996506
single nucleotide variant	NM_001042492.3(NF1):c.3876T>G (p.Tyr1292Ter)	4763	NF1	Pathogenic	GRCh38	996508
single nucleotide variant	NM_001042492.3(NF1):c.3911T>G (p.Leu1304Ter)	4763	NF1	Likely pathogenic	GRCh38	996521
single nucleotide variant	NM_001042492.3(NF1):c.4110+1G>C	4763	NF1	Pathogenic/Likely pathogenic	GRCh38	996478
single nucleotide variant	NM_001042492.3(NF1):c.4535G>A (p.Trp1512Ter)	4763	NF1	Pathogenic	GRCh38	996438
single nucleotide variant	NM_001042492.3(NF1):c.4676G>A (p.Trp1559Ter)	4763	NF1	Pathogenic	GRCh38	996467
single nucleotide variant	NM_001042492.3(NF1):c.4753A>T (p.Lys1585Ter)	4763	NF1	Pathogenic	GRCh38	996473
single nucleotide variant	NM_001042492.3(NF1):c.4796C>A (p.Ser1599Tyr)	4763	NF1	Pathogenic/Likely pathogenic	GRCh38	996490
single nucleotide variant	NM_001042492.3(NF1):c.5268+1G>T	4763	NF1	Pathogenic	GRCh38	996474
single nucleotide variant	NM_001042492.3(NF1):c.5464C>T (p.Gln1822Ter)	4763	NF1	Pathogenic	GRCh38	996430
single nucleotide variant	NM_001042492.3(NF1):c.5668G>C (p.Gly1890Arg)	4763	NF1	Likely pathogenic	GRCh38	996486
single nucleotide variant	NM_001042492.3(NF1):c.6006+1G>T	4763	NF1	Pathogenic/Likely pathogenic	GRCh38	996372
single nucleotide variant	NM_001042492.3(NF1):c.6147+1G>C	4763	NF1	Likely pathogenic	GRCh38	996449
single nucleotide variant	NM_001042492.3(NF1):c.6148-2A>G	4763	NF1	Pathogenic/Likely pathogenic	GRCh38	996440
single nucleotide variant	NM_001042492.3(NF1):c.6252C>A (p.Tyr2084Ter)	4763	NF1	Likely pathogenic	GRCh38	996395
single nucleotide variant	NM_001042492.3(NF1):c.6374T>G (p.Leu2125Arg)	4763	NF1	Likely pathogenic	GRCh38	996527
single nucleotide variant	NM_001042492.3(NF1):c.6682C>T (p.Gln2228Ter)	4763	NF1	Pathogenic	GRCh38	996507
single nucleotide variant	NM_001042492.3(NF1):c.7063-1G>C	4763	NF1	Pathogenic	GRCh38	996501
single nucleotide variant	NM_001042492.3(NF1):c.7106G>A (p.Trp2369Ter)	4763	NF1	Pathogenic	GRCh38	996432
single nucleotide variant	NM_001042492.3(NF1):c.7537C>T (p.Gln2513Ter)	4763	NF1	Pathogenic/Likely pathogenic	GRCh38	996485
single nucleotide variant	NM_001042492.3(NF1):c.7682C>A (p.Ser2561Ter)	4763	NF1	Pathogenic	GRCh38	996509
single nucleotide variant	NM_001042492.3(NF1):c.7970+5G>A	4763	NF1	Likely pathogenic	GRCh38	996409
single nucleotide variant	NM_001042492.3(NF1):c.61-2A>C	4763	NF1	Pathogenic	GRCh38	998047
single nucleotide variant	NM_001042492.3(NF1):c.1639G>T (p.Glu547Ter)	4763	NF1	Pathogenic	GRCh38	998043
single nucleotide variant	NM_001042492.3(NF1):c.3539T>G (p.Met1180Arg)	4763	NF1	Pathogenic	GRCh38	1004008
single nucleotide variant	NM_001042492.3(NF1):c.4931A>G (p.Asp1644Gly)	4763	NF1	Pathogenic/Likely pathogenic	GRCh38	1002110
single nucleotide variant	NM_001042492.3(NF1):c.598A>T (p.Lys200Ter)	4763	NF1	Pathogenic	GRCh38	1012199
single nucleotide variant	NM_001042492.3(NF1):c.587-3C>A	4763	NF1	Likely pathogenic	GRCh38	1013131
single nucleotide variant	NM_001042492.3(NF1):c.1393-592A>G	4763	NF1	Pathogenic/Likely pathogenic	GRCh38	1016082
single nucleotide variant	NM_001042492.3(NF1):c.725T>G (p.Met242Arg)	4763	NF1	Pathogenic	GRCh38	1042977
single nucleotide variant	NM_001042492.3(NF1):c.2324A>C (p.Glu775Ala)	4763	NF1	Pathogenic	GRCh38	1037719
single nucleotide variant	NM_001042492.3(NF1):c.3436G>C (p.Val1146Leu)	4763	NF1	Likely pathogenic	GRCh38	1045470
single nucleotide variant	NM_001042492.3(NF1):c.3496G>T (p.Gly1166Cys)	4763	NF1	Pathogenic	GRCh38	1042357
single nucleotide variant	NM_001042492.3(NF1):c.3586C>T (p.Leu1196Phe)	4763	NF1	Pathogenic/Likely pathogenic	GRCh38	1036158
single nucleotide variant	NM_001042492.3(NF1):c.4931A>C (p.Asp1644Ala)	4763	NF1	Pathogenic	GRCh38	1044895
single nucleotide variant	NM_001042492.3(NF1):c.8210C>A (p.Ala2737Asp)	4763	NF1	Likely pathogenic	GRCh38	1042910
single nucleotide variant	NM_001042492.3(NF1):c.376G>T (p.Glu126Ter)	4763	NF1	Pathogenic	GRCh38	1048744
single nucleotide variant	NM_001042492.3(NF1):c.385C>T (p.Gln129Ter)	4763	NF1	Pathogenic	GRCh38	1048748
single nucleotide variant	NM_001042492.3(NF1):c.501T>A (p.Cys167Ter)	4763	NF1	Pathogenic	GRCh38	1048706
single nucleotide variant	NM_001042492.3(NF1):c.586G>T (p.Glu196Ter)	4763	NF1	Pathogenic	GRCh38	1048743
single nucleotide variant	NM_001042492.3(NF1):c.654+2T>C	4763	NF1	Pathogenic	GRCh38	1048732
single nucleotide variant	NM_001042492.3(NF1):c.2858T>A (p.Leu953Ter)	4763	NF1	Pathogenic	GRCh38	1048719
single nucleotide variant	NM_001042492.3(NF1):c.3114-1G>C	4763	NF1	Pathogenic	GRCh38	1048680
single nucleotide variant	NM_001042492.3(NF1):c.3142T>C (p.Trp1048Arg)	4763	NF1	Pathogenic	GRCh38	1048711
single nucleotide variant	NM_001042492.3(NF1):c.3236T>C (p.Leu1079Pro)	4763	NF1	Likely pathogenic	GRCh38	1048725
single nucleotide variant	NM_001042492.3(NF1):c.3302A>T (p.Gln1101Leu)	4763	NF1	Likely pathogenic	GRCh38	1048692
single nucleotide variant	NM_001042492.3(NF1):c.3574G>T (p.Glu1192Ter)	4763	NF1	Pathogenic	GRCh38	1048690
single nucleotide variant	NM_001042492.3(NF1):c.4563T>G (p.Tyr1521Ter)	4763	NF1	Pathogenic	GRCh38	1048729
single nucleotide variant	NM_001042492.3(NF1):c.4578-9T>A	4763	NF1	Pathogenic	GRCh38	1048689
single nucleotide variant	NM_001042492.3(NF1):c.4836G>C (p.Arg1612Ser)	4763	NF1	Likely pathogenic	GRCh38	1048720
single nucleotide variant	NM_001042492.3(NF1):c.4981A>T (p.Lys1661Ter)	4763	NF1	Pathogenic	GRCh38	1048726
single nucleotide variant	NM_001042492.3(NF1):c.4986G>A (p.Trp1662Ter)	4763	NF1	Pathogenic	GRCh38	1048716
single nucleotide variant	NM_001042492.3(NF1):c.5040T>A (p.Tyr1680Ter)	4763	NF1	Pathogenic	GRCh38	1048698
single nucleotide variant	NM_001042492.3(NF1):c.5398A>C (p.Thr1800Pro)	4763	NF1	Likely pathogenic	GRCh38	1048675
single nucleotide variant	NM_001042492.3(NF1):c.5609+1G>T	4763	NF1	Pathogenic	GRCh38	1048749
single nucleotide variant	NM_001042492.3(NF1):c.5652T>G (p.Phe1884Leu)	4763	NF1	Pathogenic/Likely pathogenic	GRCh38	1048718
single nucleotide variant	NM_001042492.3(NF1):c.6022G>C (p.Asp2008His)	4763	NF1	Pathogenic/Likely pathogenic	GRCh38	1048707
single nucleotide variant	NM_001042492.3(NF1):c.6820-2A>C	4763	NF1	Pathogenic	GRCh38	1048727
single nucleotide variant	NM_001042492.3(NF1):c.7060A>T (p.Lys2354Ter)	4763	NF1	Pathogenic	GRCh38	1048709
single nucleotide variant	NM_001042492.3(NF1):c.4915T>A (p.Tyr1639Asn)	4763	NF1	Pathogenic	GRCh38	1055262
single nucleotide variant	NM_001042492.3(NF1):c.889A>T (p.Lys297Ter)	4763	NF1	Pathogenic	GRCh38	1064551
single nucleotide variant	NM_001042492.3(NF1):c.173T>G (p.Leu58Arg)	4763	NF1	Likely pathogenic	GRCh38	1066638
single nucleotide variant	NM_001042492.3(NF1):c.888+2T>A	4763	NF1	Pathogenic	GRCh38	1068415
single nucleotide variant	NM_001042492.3(NF1):c.1808T>A (p.Ile603Lys)	4763	NF1	Likely pathogenic	GRCh38	1065928
single nucleotide variant	NM_001042492.3(NF1):c.3572C>G (p.Thr1191Arg)	4763	NF1	Pathogenic/Likely pathogenic	GRCh38	1067806
single nucleotide variant	NM_001042492.3(NF1):c.3578T>A (p.Phe1193Tyr)	4763	NF1	Pathogenic/Likely pathogenic	GRCh38	1067371
single nucleotide variant	NM_001042492.3(NF1):c.3623T>G (p.Leu1208Trp)	4763	NF1	Pathogenic/Likely pathogenic	GRCh38	1068122
single nucleotide variant	NM_001042492.3(NF1):c.4243A>T (p.Asn1415Tyr)	4763	NF1	Pathogenic/Likely pathogenic	GRCh38	1067196
single nucleotide variant	NM_001042492.3(NF1):c.4577+1G>C	4763	NF1	Pathogenic/Likely pathogenic	GRCh38	1066182
single nucleotide variant	NM_001042492.3(NF1):c.6148-1G>A	4763	NF1	Pathogenic	GRCh38	1066465
single nucleotide variant	NM_001042492.3(NF1):c.6427+1G>A	4763	NF1	Pathogenic	GRCh38	1068190
single nucleotide variant	NM_001042492.3(NF1):c.6819+1G>C	4763	NF1	Pathogenic/Likely pathogenic	GRCh38	1067342
single nucleotide variant	NM_001042492.3(NF1):c.6944T>G (p.Leu2315Arg)	4763	NF1	Likely pathogenic	GRCh38	1066466
single nucleotide variant	NM_001042492.3(NF1):c.7001G>A (p.Gly2334Asp)	4763	NF1	Pathogenic	GRCh38	1066467
single nucleotide variant	NM_001042492.3(NF1):c.60+2T>C	4763	NF1	Pathogenic/Likely pathogenic	GRCh38	1069238
single nucleotide variant	NM_001042492.3(NF1):c.139T>C (p.Ser47Pro)	4763	NF1	Pathogenic/Likely pathogenic	GRCh38	1073012
single nucleotide variant	NM_001042492.3(NF1):c.288+5G>C	4763	NF1	Pathogenic	GRCh38	1069051
single nucleotide variant	NM_001042492.3(NF1):c.346G>T (p.Glu116Ter)	4763	NF1	Pathogenic	GRCh38	1074966
single nucleotide variant	NM_001042492.3(NF1):c.586+1G>T	4763	NF1	Pathogenic	GRCh38	1076152
single nucleotide variant	NM_001042492.3(NF1):c.655-1G>A	4763	NF1	Pathogenic	GRCh38	1075101
single nucleotide variant	NM_001042492.3(NF1):c.731-1G>C	4763	NF1	Pathogenic	GRCh38	1073116
single nucleotide variant	NM_001042492.3(NF1):c.739G>T (p.Glu247Ter)	4763	NF1	Pathogenic	GRCh38	1075677
single nucleotide variant	NM_001042492.3(NF1):c.1261-1G>A	4763	NF1	Pathogenic/Likely pathogenic	GRCh38	1073144
single nucleotide variant	NM_001042492.3(NF1):c.1481T>A (p.Leu494Ter)	4763	NF1	Pathogenic	GRCh38	1075404
single nucleotide variant	NM_001042492.3(NF1):c.1642-2A>G	4763	NF1	Pathogenic	GRCh38	1074691
single nucleotide variant	NM_001042492.3(NF1):c.1682G>A (p.Trp561Ter)	4763	NF1	Pathogenic	GRCh38	1075405
single nucleotide variant	NM_001042492.3(NF1):c.1740C>G (p.Tyr580Ter)	4763	NF1	Pathogenic	GRCh38	1071492
single nucleotide variant	NM_001042492.3(NF1):c.1747A>T (p.Lys583Ter)	4763	NF1	Pathogenic	GRCh38	1072955
single nucleotide variant	NM_001042492.3(NF1):c.1949T>G (p.Leu650Ter)	4763	NF1	Pathogenic	GRCh38	1072477
single nucleotide variant	NM_001042492.3(NF1):c.2314G>T (p.Gly772Ter)	4763	NF1	Pathogenic	GRCh38	1071781
single nucleotide variant	NM_001042492.3(NF1):c.2326-2A>C	4763	NF1	Pathogenic/Likely pathogenic	GRCh38	1076019
single nucleotide variant	NM_001042492.3(NF1):c.2353G>T (p.Glu785Ter)	4763	NF1	Pathogenic	GRCh38	1068657
single nucleotide variant	NM_001042492.3(NF1):c.2398G>T (p.Glu800Ter)	4763	NF1	Pathogenic	GRCh38	1069058
single nucleotide variant	NM_001042492.3(NF1):c.2409+2T>A	4763	NF1	Pathogenic/Likely pathogenic	GRCh38	1076968
single nucleotide variant	NM_001042492.3(NF1):c.2410-2A>C	4763	NF1	Pathogenic	GRCh38	1072206
single nucleotide variant	NM_001042492.3(NF1):c.2410-2A>G	4763	NF1	Pathogenic	GRCh38	1073903
single nucleotide variant	NM_001042492.3(NF1):c.2614G>T (p.Glu872Ter)	4763	NF1	Pathogenic	GRCh38	1068661
single nucleotide variant	NM_001042492.3(NF1):c.2648C>A (p.Ser883Ter)	4763	NF1	Pathogenic	GRCh38	1074410
single nucleotide variant	NM_001042492.3(NF1):c.3028C>T (p.Gln1010Ter)	4763	NF1	Pathogenic	GRCh38	1069645
single nucleotide variant	NM_001042492.3(NF1):c.3113+2T>A	4763	NF1	Pathogenic	GRCh38	1074026
single nucleotide variant	NM_001042492.3(NF1):c.3158C>A (p.Ser1053Ter)	4763	NF1	Pathogenic	GRCh38	1075651
single nucleotide variant	NM_001042492.3(NF1):c.3197+2T>G	4763	NF1	Pathogenic	GRCh38	1075712
single nucleotide variant	NM_001042492.3(NF1):c.3301C>T (p.Gln1101Ter)	4763	NF1	Pathogenic	GRCh38	1074271
single nucleotide variant	NM_001042492.3(NF1):c.3544G>C (p.Val1182Leu)	4763	NF1	Pathogenic/Likely pathogenic	GRCh38	1075346
single nucleotide variant	NM_001042492.3(NF1):c.3602T>A (p.Leu1201Ter)	4763	NF1	Pathogenic	GRCh38	1069219
single nucleotide variant	NM_001042492.3(NF1):c.3616G>T (p.Glu1206Ter)	4763	NF1	Pathogenic	GRCh38	1069720
single nucleotide variant	NM_001042492.3(NF1):c.3628G>T (p.Glu1210Ter)	4763	NF1	Pathogenic	GRCh38	1069722
single nucleotide variant	NM_001042492.3(NF1):c.3708+1G>C	4763	NF1	Pathogenic	GRCh38	1069723
single nucleotide variant	NM_001042492.3(NF1):c.3888T>G (p.Tyr1296Ter)	4763	NF1	Pathogenic	GRCh38	1075772
single nucleotide variant	NM_001042492.3(NF1):c.3974+1G>T	4763	NF1	Pathogenic	GRCh38	1073773
single nucleotide variant	NM_001042492.3(NF1):c.3975-1G>A	4763	NF1	Pathogenic	GRCh38	1073774
single nucleotide variant	NM_001042492.3(NF1):c.4006C>T (p.Gln1336Ter)	4763	NF1	Pathogenic	GRCh38	1073775
single nucleotide variant	NM_001042492.3(NF1):c.4107C>A (p.Tyr1369Ter)	4763	NF1	Pathogenic	GRCh38	1071205
single nucleotide variant	NM_001042492.3(NF1):c.4300A>T (p.Arg1434Ter)	4763	NF1	Pathogenic	GRCh38	1070436
single nucleotide variant	NM_001042492.3(NF1):c.4333-1G>T	4763	NF1	Pathogenic	GRCh38	1072744
single nucleotide variant	NM_001042492.3(NF1):c.4578-1G>T	4763	NF1	Pathogenic	GRCh38	1069443
single nucleotide variant	NM_001042492.3(NF1):c.4725-2A>G	4763	NF1	Pathogenic/Likely pathogenic	GRCh38	1073883
single nucleotide variant	NM_001042492.3(NF1):c.4782C>A (p.Tyr1594Ter)	4763	NF1	Pathogenic	GRCh38	1071847
single nucleotide variant	NM_001042492.3(NF1):c.4835+2T>G	4763	NF1	Pathogenic	GRCh38	1070050
single nucleotide variant	NM_001042492.3(NF1):c.4875C>A (p.Tyr1625Ter)	4763	NF1	Pathogenic	GRCh38	1070051
single nucleotide variant	NM_001042492.3(NF1):c.5040T>G (p.Tyr1680Ter)	4763	NF1	Pathogenic	GRCh38	1072455
single nucleotide variant	NM_001042492.3(NF1):c.5198T>G (p.Leu1733Ter)	4763	NF1	Pathogenic	GRCh38	1076065
single nucleotide variant	NM_001042492.3(NF1):c.5268+2T>C	4763	NF1	Pathogenic/Likely pathogenic	GRCh38	1075148
single nucleotide variant	NM_001042492.3(NF1):c.5349T>G (p.Tyr1783Ter)	4763	NF1	Pathogenic	GRCh38	1076066
single nucleotide variant	NM_001042492.3(NF1):c.5585T>G (p.Leu1862Ter)	4763	NF1	Pathogenic/Likely pathogenic	GRCh38	1070937
single nucleotide variant	NM_001042492.3(NF1):c.5609G>T (p.Arg1870Leu)	4763	NF1	Pathogenic	GRCh38	1070186
single nucleotide variant	NM_001042492.3(NF1):c.5812+2T>G	4763	NF1	Pathogenic	GRCh38	1072273
single nucleotide variant	NM_001042492.3(NF1):c.5854T>A (p.Trp1952Arg)	4763	NF1	Pathogenic	GRCh38	1072274
single nucleotide variant	NM_001042492.3(NF1):c.6007-1G>T	4763	NF1	Pathogenic/Likely pathogenic	GRCh38	1074136
single nucleotide variant	NM_001042492.3(NF1):c.6147+2T>G	4763	NF1	Pathogenic	GRCh38	1070078
single nucleotide variant	NM_001042492.3(NF1):c.6186C>A (p.Cys2062Ter)	4763	NF1	Pathogenic	GRCh38	1068554
single nucleotide variant	NM_001042492.3(NF1):c.6224G>A (p.Trp2075Ter)	4763	NF1	Pathogenic	GRCh38	1074137
single nucleotide variant	NM_001042492.3(NF1):c.6473T>A (p.Leu2158Ter)	4763	NF1	Pathogenic/Likely pathogenic	GRCh38	1070317
single nucleotide variant	NM_001042492.3(NF1):c.6642+1G>C	4763	NF1	Pathogenic	GRCh38	1069903
single nucleotide variant	NM_001042492.3(NF1):c.6643-2A>C	4763	NF1	Pathogenic	GRCh38	1070318
single nucleotide variant	NM_001042492.3(NF1):c.6643-1G>C	4763	NF1	Pathogenic	GRCh38	1073530
single nucleotide variant	NM_001042492.3(NF1):c.6705-2A>G	4763	NF1	Pathogenic/Likely pathogenic	GRCh38	1076270
single nucleotide variant	NM_001042492.3(NF1):c.6720T>G (p.Tyr2240Ter)	4763	NF1	Pathogenic	GRCh38	1072469
single nucleotide variant	NM_001042492.3(NF1):c.6993T>A (p.Tyr2331Ter)	4763	NF1	Pathogenic	GRCh38	1069788
single nucleotide variant	NM_001042492.3(NF1):c.7013T>C (p.Leu2338Pro)	4763	NF1	Pathogenic/Likely pathogenic	GRCh38	1070418
single nucleotide variant	NM_001042492.3(NF1):c.7063-1G>A	4763	NF1	Pathogenic	GRCh38	1070419
single nucleotide variant	NM_001042492.3(NF1):c.7247T>C (p.Leu2416Pro)	4763	NF1	Pathogenic	GRCh38	1075890
single nucleotide variant	NM_001042492.3(NF1):c.7300C>T (p.Gln2434Ter)	4763	NF1	Pathogenic	GRCh38	1070744
single nucleotide variant	NM_001042492.3(NF1):c.7359C>A (p.Cys2453Ter)	4763	NF1	Pathogenic	GRCh38	1072587
single nucleotide variant	NM_001042492.3(NF1):c.7405G>T (p.Glu2469Ter)	4763	NF1	Pathogenic	GRCh38	1076950
single nucleotide variant	NM_001042492.3(NF1):c.7615+1G>A	4763	NF1	Pathogenic/Likely pathogenic	GRCh38	1074474
single nucleotide variant	NM_001042492.3(NF1):c.7682C>G (p.Ser2561Ter)	4763	NF1	Pathogenic	GRCh38	1074475
single nucleotide variant	NM_001042492.3(NF1):c.7802C>G (p.Ser2601Ter)	4763	NF1	Pathogenic	GRCh38	1070508
single nucleotide variant	NM_001042492.3(NF1):c.7869+2T>A	4763	NF1	Pathogenic	GRCh38	1070509
single nucleotide variant	NM_001042492.3(NF1):c.7869+2T>C	4763	NF1	Pathogenic	GRCh38	1071331
single nucleotide variant	NM_001042492.3(NF1):c.1186-2A>G	4763	NF1	Pathogenic/Likely pathogenic	GRCh38	1173030
single nucleotide variant	NM_001042492.3(NF1):c.6006+2T>G	4763	NF1	Pathogenic	GRCh38	1176683
single nucleotide variant	NM_001042492.3(NF1):c.1392+1G>T	4763	NF1	Pathogenic/Likely pathogenic	GRCh38	1177439
single nucleotide variant	NM_001042492.3(NF1):c.7457+2T>G	4763	NF1	Likely pathogenic	GRCh38	1184517
single nucleotide variant	NM_001042492.3(NF1):c.4724G>C (p.Arg1575Thr)	4763	NF1	Likely pathogenic	GRCh38	1191403
single nucleotide variant	NM_001042492.3(NF1):c.3251C>G (p.Pro1084Arg)	4763	NF1	Pathogenic/Likely pathogenic	GRCh38	1199076
single nucleotide variant	NM_001042492.3(NF1):c.7458-1G>A	4763	NF1	Pathogenic	GRCh38	1202404
single nucleotide variant	NM_001042492.3(NF1):c.1008G>A (p.Trp336Ter)	4763	NF1	Pathogenic	GRCh38	1207499
single nucleotide variant	NM_001042492.3(NF1):c.4532T>C (p.Leu1511Pro)	4763	NF1	Pathogenic/Likely pathogenic	GRCh38	1209570
single nucleotide variant	NM_001042492.3(NF1):c.4836-2A>T	4763	NF1	Pathogenic	GRCh38	1214688
single nucleotide variant	NM_001042492.3(NF1):c.2338A>C (p.Thr780Pro)	4763	NF1	Pathogenic/Likely pathogenic	GRCh38	1216533
single nucleotide variant	NM_001042492.3(NF1):c.60+1G>A	4763	NF1	Pathogenic/Likely pathogenic	GRCh38	1216575
single nucleotide variant	NM_001042492.3(NF1):c.1063-1G>A	4763	NF1	Pathogenic/Likely pathogenic	GRCh38	1218848
single nucleotide variant	NM_001042492.3(NF1):c.5067C>A (p.Tyr1689Ter)	4763	NF1	Pathogenic	GRCh38	1256430
single nucleotide variant	NM_001042492.3(NF1):c.6006G>A (p.Gln2002=)	4763	NF1	Pathogenic/Likely pathogenic	GRCh38	1298697
single nucleotide variant	NM_001042492.3(NF1):c.6858C>T (p.Asn2286=)	4763	NF1	Pathogenic	GRCh38	1301408
single nucleotide variant	NM_001042492.3(NF1):c.2557C>T (p.Gln853Ter)	4763	NF1	Pathogenic	GRCh38	1318665
single nucleotide variant	NM_001042492.3(NF1):c.205-1G>T	4763	NF1	Pathogenic	GRCh38	1321309
single nucleotide variant	NM_001042492.3(NF1):c.2002-1G>C	4763	NF1	Pathogenic	GRCh38	1321310
single nucleotide variant	NM_001042492.3(NF1):c.3106A>G (p.Lys1036Glu)	4763	NF1	Likely pathogenic	GRCh38	1326390
single nucleotide variant	NM_001042492.3(NF1):c.7524T>G (p.Tyr2508Ter)	4763	NF1	Pathogenic	GRCh38	1326661
single nucleotide variant	NM_001042492.3(NF1):c.6819+1G>T	4763	NF1	Pathogenic	GRCh38	1329856
single nucleotide variant	NM_001042492.3(NF1):c.6355A>T (p.Arg2119Ter)	4763	NF1	Pathogenic/Likely pathogenic	GRCh38	1333425
single nucleotide variant	NM_001042492.3(NF1):c.5167C>T (p.Gln1723Ter)	4763	NF1	Pathogenic	GRCh38	1333529
single nucleotide variant	NM_001042492.3(NF1):c.7181T>C (p.Leu2394Pro)	4763	NF1	Pathogenic/Likely pathogenic	GRCh38	1335268
single nucleotide variant	NM_001042492.3(NF1):c.7205C>G (p.Ser2402Ter)	4763	NF1	Pathogenic	GRCh38	1339475
single nucleotide variant	NM_001042492.3(NF1):c.3262G>T (p.Glu1088Ter)	4763	NF1	Pathogenic	GRCh38	1421828
single nucleotide variant	NM_001042492.3(NF1):c.654+2T>A	4763	NF1	Pathogenic	GRCh38	1409345
single nucleotide variant	NM_001042492.3(NF1):c.2246C>G (p.Ser749Ter)	4763	NF1	Pathogenic	GRCh38	1354203
single nucleotide variant	NM_001042492.3(NF1):c.7971-1G>A	4763	NF1	Pathogenic/Likely pathogenic	GRCh38	1411066
single nucleotide variant	NM_001042492.3(NF1):c.7870-2A>C	4763	NF1	Pathogenic	GRCh38	1357159
single nucleotide variant	NM_001042492.3(NF1):c.2382T>A (p.Tyr794Ter)	4763	NF1	Pathogenic	GRCh38	1357450
single nucleotide variant	NM_001042492.3(NF1):c.295A>T (p.Lys99Ter)	4763	NF1	Pathogenic	GRCh38	1439794
single nucleotide variant	NM_001042492.3(NF1):c.3048T>G (p.Cys1016Trp)	4763	NF1	Likely pathogenic	GRCh38	1523685
single nucleotide variant	NM_001042492.3(NF1):c.1745G>T (p.Cys582Phe)	4763	NF1	Likely pathogenic	GRCh38	1521469
single nucleotide variant	NM_001042492.3(NF1):c.1722-2A>T	4763	NF1	Pathogenic	GRCh38	1356667
single nucleotide variant	NM_001042492.3(NF1):c.2929G>T (p.Glu977Ter)	4763	NF1	Pathogenic	GRCh38	1396228
single nucleotide variant	NM_001042492.3(NF1):c.6921+2T>C	4763	NF1	Pathogenic/Likely pathogenic	GRCh38	1397776
single nucleotide variant	NM_001042492.3(NF1):c.5561T>C (p.Leu1854Pro)	4763	NF1	Likely pathogenic	GRCh38	1493460
single nucleotide variant	NM_001042492.3(NF1):c.7739-2A>G	4763	NF1	Pathogenic	GRCh38	1359018
single nucleotide variant	NM_001042492.3(NF1):c.479+5G>C	4763	NF1	Pathogenic	GRCh38	1525312
single nucleotide variant	NM_001042492.3(NF1):c.70A>T (p.Lys24Ter)	4763	NF1	Pathogenic	GRCh38	1385992
single nucleotide variant	NM_001042492.3(NF1):c.2693T>A (p.Leu898Gln)	4763	NF1	Likely pathogenic	GRCh38	1480152
single nucleotide variant	NM_001042492.3(NF1):c.755T>A (p.Leu252Ter)	4763	NF1	Pathogenic	GRCh38	1454346
single nucleotide variant	NM_001042492.3(NF1):c.1261-1G>T	4763	NF1	Pathogenic	GRCh38	1454366
single nucleotide variant	NM_001042492.3(NF1):c.1658A>C (p.His553Pro)	4763	NF1	Pathogenic/Likely pathogenic	GRCh38	1454369
single nucleotide variant	NM_001042492.3(NF1):c.4064C>A (p.Ser1355Ter)	4763	NF1	Pathogenic	GRCh38	1357659
single nucleotide variant	NM_001042492.3(NF1):c.3496+1G>A	4763	NF1	Pathogenic	GRCh38	1359259
single nucleotide variant	NM_001042492.3(NF1):c.7325T>G (p.Leu2442Ter)	4763	NF1	Pathogenic	GRCh38	1362583
single nucleotide variant	NM_001042492.3(NF1):c.2855T>G (p.Leu952Ter)	4763	NF1	Pathogenic	GRCh38	1415583
single nucleotide variant	NM_001042492.3(NF1):c.1062+1G>T	4763	NF1	Pathogenic	GRCh38	1442842
single nucleotide variant	NM_001042492.3(NF1):c.1062G>T (p.Lys354Asn)	4763	NF1	Pathogenic/Likely pathogenic	GRCh38	1511188
single nucleotide variant	NM_001042492.3(NF1):c.4618G>C (p.Ala1540Pro)	4763	NF1	Pathogenic	GRCh38	1428193
single nucleotide variant	NM_001042492.3(NF1):c.5323C>T (p.Gln1775Ter)	4763	NF1	Pathogenic	GRCh38	1428385
single nucleotide variant	NM_001042492.3(NF1):c.8089C>T (p.Gln2697Ter)	4763	NF1	Pathogenic/Likely pathogenic	GRCh38	1428497
single nucleotide variant	NM_001042492.3(NF1):c.4835+2T>C	4763	NF1	Pathogenic	GRCh38	1455987
single nucleotide variant	NM_001042492.3(NF1):c.4725-1G>C	4763	NF1	Pathogenic	GRCh38	1456067
single nucleotide variant	NM_001042492.3(NF1):c.6022G>T (p.Asp2008Tyr)	4763	NF1	Pathogenic	GRCh38	1513062
single nucleotide variant	NM_001042492.3(NF1):c.6576T>G (p.Tyr2192Ter)	4763	NF1	Pathogenic	GRCh38	1387065
single nucleotide variant	NM_001042492.3(NF1):c.6703A>T (p.Arg2235Ter)	4763	NF1	Pathogenic	GRCh38	1387126
single nucleotide variant	NM_001042492.3(NF1):c.8114-1G>A	4763	NF1	Pathogenic	GRCh38	1418854
single nucleotide variant	NM_001042492.3(NF1):c.5585T>A (p.Leu1862Ter)	4763	NF1	Pathogenic	GRCh38	1445883
single nucleotide variant	NM_001042492.3(NF1):c.3914T>A (p.Leu1305Ter)	4763	NF1	Pathogenic	GRCh38	1457349
single nucleotide variant	NM_001042492.3(NF1):c.1528-2A>C	4763	NF1	Likely pathogenic	GRCh38	1472548
single nucleotide variant	NM_001042492.3(NF1):c.5583T>G (p.Asn1861Lys)	4763	NF1	Likely pathogenic	GRCh38	1472729
single nucleotide variant	NM_001042492.3(NF1):c.7971-2A>G	4763	NF1	Pathogenic	GRCh38	1366028
single nucleotide variant	NM_001042492.3(NF1):c.3132C>A (p.Tyr1044Ter)	4763	NF1	Pathogenic	GRCh38	1366138
single nucleotide variant	NM_001042492.3(NF1):c.1792A>T (p.Lys598Ter)	4763	NF1	Pathogenic	GRCh38	1393340
single nucleotide variant	NM_001042492.3(NF1):c.2990+2T>C	4763	NF1	Pathogenic	GRCh38	1448145
single nucleotide variant	NM_001042492.3(NF1):c.5767A>T (p.Thr1923Ser)	4763	NF1	Likely pathogenic	GRCh38	1475227
single nucleotide variant	NM_001042492.3(NF1):c.-273A>G	4763	NF1	Pathogenic	GRCh38	1404731
single nucleotide variant	NM_001042492.3(NF1):c.6989T>A (p.Leu2330Ter)	4763	NF1	Pathogenic	GRCh38	1431794
single nucleotide variant	NM_001042492.3(NF1):c.4702A>T (p.Lys1568Ter)	4763	NF1	Pathogenic	GRCh38	1459418
single nucleotide variant	NM_001042492.3(NF1):c.5402T>G (p.Leu1801Ter)	4763	NF1	Pathogenic	GRCh38	1378893
single nucleotide variant	NM_001042492.3(NF1):c.3143G>A (p.Trp1048Ter)	4763	NF1	Pathogenic	GRCh38	1406314
single nucleotide variant	NM_001042492.3(NF1):c.3548T>G (p.Leu1183Arg)	4763	NF1	Pathogenic	GRCh38	1364528
single nucleotide variant	NM_001042492.3(NF1):c.2087G>A (p.Trp696Ter)	4763	NF1	Pathogenic/Likely pathogenic	GRCh38	1364718
single nucleotide variant	NM_001042492.3(NF1):c.2326-1G>T	4763	NF1	Pathogenic/Likely pathogenic	GRCh38	1364775
single nucleotide variant	NM_001042492.3(NF1):c.2509T>G (p.Trp837Gly)	4763	NF1	Pathogenic/Likely pathogenic	GRCh38	1364844
single nucleotide variant	NM_001042492.3(NF1):c.3044T>G (p.Leu1015Arg)	4763	NF1	Pathogenic	GRCh38	1502226
single nucleotide variant	NM_001042492.3(NF1):c.2180C>G (p.Ser727Ter)	4763	NF1	Pathogenic	GRCh38	1396758
single nucleotide variant	NM_001042492.3(NF1):c.2875C>T (p.Gln959Ter)	4763	NF1	Pathogenic	GRCh38	1396915
single nucleotide variant	NM_001042492.3(NF1):c.3163C>T (p.Gln1055Ter)	4763	NF1	Pathogenic	GRCh38	1396963
single nucleotide variant	NM_001042492.3(NF1):c.3278T>A (p.Val1093Glu)	4763	NF1	Pathogenic/Likely pathogenic	GRCh38	1397020
single nucleotide variant	NM_001042492.3(NF1):c.3443C>A (p.Ala1148Glu)	4763	NF1	Pathogenic	GRCh38	1397071
single nucleotide variant	NM_001042492.3(NF1):c.3986C>G (p.Ser1329Ter)	4763	NF1	Pathogenic	GRCh38	1397148
single nucleotide variant	NM_001042492.3(NF1):c.3560T>G (p.Leu1187Arg)	4763	NF1	Likely pathogenic	GRCh38	1477040
single nucleotide variant	NM_001042492.3(NF1):c.4836-1G>T	4763	NF1	Pathogenic/Likely pathogenic	GRCh38	1368909
single nucleotide variant	NM_001042492.3(NF1):c.3113+5G>C	4763	NF1	Pathogenic/Likely pathogenic	GRCh38	1488501
single nucleotide variant	NM_001042492.3(NF1):c.6926C>A (p.Ser2309Ter)	4763	NF1	Pathogenic	GRCh38	1451739
single nucleotide variant	NM_001042492.3(NF1):c.4266T>G (p.Tyr1422Ter)	4763	NF1	Pathogenic/Likely pathogenic	GRCh38	1451830
single nucleotide variant	NM_001042492.3(NF1):c.3977T>A (p.Leu1326Ter)	4763	NF1	Pathogenic	GRCh38	1371030
single nucleotide variant	NM_001042492.3(NF1):c.6642+2T>A	4763	NF1	Pathogenic	GRCh38	1398526
single nucleotide variant	NM_001042492.3(NF1):c.6922-2A>T	4763	NF1	Pathogenic	GRCh38	1453524
single nucleotide variant	NM_001042492.3(NF1):c.5359G>T (p.Glu1787Ter)	4763	NF1	Pathogenic	GRCh38	1452758
single nucleotide variant	NM_001042492.3(NF1):c.5669G>C (p.Gly1890Ala)	4763	NF1	Pathogenic	GRCh38	1519428
single nucleotide variant	NM_001042492.3(NF1):c.4103T>G (p.Leu1368Ter)	4763	NF1	Pathogenic	GRCh38	1354810
single nucleotide variant	NM_001042492.3(NF1):c.5609+1G>C	4763	NF1	Pathogenic	GRCh38	1397561
single nucleotide variant	NM_001042492.3(NF1):c.6686G>A (p.Trp2229Ter)	4763	NF1	Pathogenic	GRCh38	1451873
single nucleotide variant	NM_001042492.3(NF1):c.7504G>T (p.Gly2502Ter)	4763	NF1	Pathogenic	GRCh38	1451888
single nucleotide variant	NM_001042492.3(NF1):c.8056C>T (p.Gln2686Ter)	4763	NF1	Pathogenic	GRCh38	1451896
single nucleotide variant	NM_001042492.3(NF1):c.3299C>G (p.Ser1100Ter)	4763	NF1	Pathogenic	GRCh38	1451936
single nucleotide variant	NM_001042492.3(NF1):c.1746C>A (p.Cys582Ter)	4763	NF1	Pathogenic	GRCh38	1452223
single nucleotide variant	NM_001042492.3(NF1):c.1664T>G (p.Leu555Ter)	4763	NF1	Pathogenic	GRCh38	1427588
single nucleotide variant	NM_001042492.3(NF1):c.1A>T (p.Met1Leu)	4763	NF1	Pathogenic	GRCh38	1455045
single nucleotide variant	NM_001042492.3(NF1):c.3655G>A (p.Gly1219Arg)	4763	NF1	Pathogenic/Likely pathogenic	GRCh38	1455051
single nucleotide variant	NM_001042492.3(NF1):c.5452G>T (p.Glu1818Ter)	4763	NF1	Pathogenic	GRCh38	1455067
single nucleotide variant	NM_001042492.3(NF1):c.7322-1G>A	4763	NF1	Likely pathogenic	GRCh38	1482428
single nucleotide variant	NM_001042492.3(NF1):c.128T>A (p.Leu43Gln)	4763	NF1	Likely pathogenic	GRCh38	1482774
single nucleotide variant	NM_001042492.3(NF1):c.4782C>G (p.Tyr1594Ter)	4763	NF1	Pathogenic	GRCh38	1454420
single nucleotide variant	NM_001042492.3(NF1):c.4883T>A (p.Leu1628Ter)	4763	NF1	Pathogenic	GRCh38	1454423
single nucleotide variant	NM_001042492.3(NF1):c.5665G>T (p.Glu1889Ter)	4763	NF1	Pathogenic	GRCh38	1454435
single nucleotide variant	NM_001042492.3(NF1):c.3449C>A (p.Ser1150Ter)	4763	NF1	Pathogenic	GRCh38	1454574
single nucleotide variant	NM_001042492.3(NF1):c.4894A>T (p.Lys1632Ter)	4763	NF1	Pathogenic	GRCh38	1454591
single nucleotide variant	NM_001042492.3(NF1):c.240T>A (p.Tyr80Ter)	4763	NF1	Pathogenic	GRCh38	1411738
single nucleotide variant	NM_001042492.3(NF1):c.2851-1G>C	4763	NF1	Pathogenic/Likely pathogenic	GRCh38	1453712
single nucleotide variant	NM_001042492.3(NF1):c.5755G>T (p.Glu1919Ter)	4763	NF1	Pathogenic	GRCh38	1453814
single nucleotide variant	NM_001042492.3(NF1):c.109G>T (p.Glu37Ter)	4763	NF1	Pathogenic	GRCh38	1429099
single nucleotide variant	NM_001042492.3(NF1):c.539T>A (p.Leu180Ter)	4763	NF1	Pathogenic	GRCh38	1456855
single nucleotide variant	NM_001042492.3(NF1):c.1063-1G>T	4763	NF1	Pathogenic	GRCh38	1456870
single nucleotide variant	NM_001042492.3(NF1):c.1307C>A (p.Ser436Ter)	4763	NF1	Pathogenic	GRCh38	1456874
single nucleotide variant	NM_001042492.3(NF1):c.3571A>T (p.Thr1191Ser)	4763	NF1	Pathogenic/Likely pathogenic	GRCh38	1484489
single nucleotide variant	NM_001042492.3(NF1):c.6398T>G (p.Leu2133Arg)	4763	NF1	Likely pathogenic	GRCh38	1512038
single nucleotide variant	NM_001042492.3(NF1):c.7316T>G (p.Leu2439Ter)	4763	NF1	Pathogenic	GRCh38	1428777
single nucleotide variant	NM_001042492.3(NF1):c.5297C>A (p.Ser1766Ter)	4763	NF1	Pathogenic	GRCh38	1456119
single nucleotide variant	NM_001042492.3(NF1):c.4725-2A>T	4763	NF1	Pathogenic	GRCh38	1456471
single nucleotide variant	NM_001042492.3(NF1):c.4724+1G>T	4763	NF1	Pathogenic	GRCh38	1413235
single nucleotide variant	NM_001042492.3(NF1):c.5269-38A>G	4763	NF1	Likely pathogenic	GRCh38	1467882
single nucleotide variant	NM_001042492.3(NF1):c.3833A>T (p.Asn1278Ile)	4763	NF1	Likely pathogenic	GRCh38	1467922
single nucleotide variant	NM_001042492.3(NF1):c.6826G>T (p.Glu2276Ter)	4763	NF1	Pathogenic	GRCh38	1427903
single nucleotide variant	NM_001042492.3(NF1):c.3197+1G>T	4763	NF1	Pathogenic	GRCh38	1427919
single nucleotide variant	NM_001042492.3(NF1):c.3318C>G (p.Tyr1106Ter)	4763	NF1	Pathogenic	GRCh38	1427947
single nucleotide variant	NM_001042492.3(NF1):c.3844A>C (p.Ser1282Arg)	4763	NF1	Pathogenic	GRCh38	1428038
single nucleotide variant	NM_001042492.3(NF1):c.4328C>G (p.Ser1443Ter)	4763	NF1	Pathogenic	GRCh38	1428112
single nucleotide variant	NM_001042492.3(NF1):c.2978T>A (p.Leu993Ter)	4763	NF1	Pathogenic	GRCh38	1455243
single nucleotide variant	NM_001042492.3(NF1):c.3796G>T (p.Glu1266Ter)	4763	NF1	Pathogenic	GRCh38	1455406
single nucleotide variant	NM_001042492.3(NF1):c.871G>T (p.Glu291Ter)	4763	NF1	Pathogenic	GRCh38	1455482
single nucleotide variant	NM_001042492.3(NF1):c.3503G>A (p.Gly1168Asp)	4763	NF1	Likely pathogenic	GRCh38	1347368
single nucleotide variant	NM_001042492.3(NF1):c.5416C>T (p.Gln1806Ter)	4763	NF1	Pathogenic	GRCh38	1376378
single nucleotide variant	NM_001042492.3(NF1):c.1722-11T>A	4763	NF1	Pathogenic/Likely pathogenic	GRCh38	1458324
single nucleotide variant	NM_001042492.3(NF1):c.4725-2A>C	4763	NF1	Pathogenic	GRCh38	1458508
single nucleotide variant	NM_001042492.3(NF1):c.3355G>T (p.Glu1119Ter)	4763	NF1	Pathogenic	GRCh38	1350316
single nucleotide variant	NM_001042492.3(NF1):c.4332+1G>C	4763	NF1	Pathogenic	GRCh38	1457886
single nucleotide variant	NM_001042492.3(NF1):c.4431-2A>G	4763	NF1	Pathogenic	GRCh38	1458055
single nucleotide variant	NM_001042492.3(NF1):c.204+1G>C	4763	NF1	Pathogenic	GRCh38	1387649
single nucleotide variant	NM_001042492.3(NF1):c.5818G>T (p.Glu1940Ter)	4763	NF1	Pathogenic	GRCh38	1361439
single nucleotide variant	NM_001042492.3(NF1):c.354C>A (p.Cys118Ter)	4763	NF1	Pathogenic	GRCh38	1361844
single nucleotide variant	NM_001042492.3(NF1):c.7072G>T (p.Glu2358Ter)	4763	NF1	Pathogenic	GRCh38	1457075
single nucleotide variant	NM_001042492.3(NF1):c.3728T>G (p.Leu1243Arg)	4763	NF1	Likely pathogenic	GRCh38	1484658
single nucleotide variant	NM_001042492.3(NF1):c.2563A>T (p.Arg855Ter)	4763	NF1	Pathogenic	GRCh38	1460003
single nucleotide variant	NM_001042492.3(NF1):c.4824T>G (p.Tyr1608Ter)	4763	NF1	Pathogenic	GRCh38	1460057
single nucleotide variant	NM_001042492.3(NF1):c.289-2A>G	4763	NF1	Pathogenic	GRCh38	1460161
single nucleotide variant	NM_001042492.3(NF1):c.-272G>C	4763	NF1	Pathogenic/Likely pathogenic	GRCh38	1379698
single nucleotide variant	NM_001042492.3(NF1):c.2710T>A (p.Cys904Ser)	4763	NF1	Pathogenic/Likely pathogenic	GRCh38	1405100
single nucleotide variant	NM_001042492.3(NF1):c.6308T>C (p.Leu2103Pro)	4763	NF1	Pathogenic	GRCh38	1432232
single nucleotide variant	NM_001042492.3(NF1):c.6410C>G (p.Ser2137Ter)	4763	NF1	Pathogenic	GRCh38	1459448
single nucleotide variant	NM_001042492.3(NF1):c.27G>A (p.Trp9Ter)	4763	NF1	Pathogenic	GRCh38	1459748
single nucleotide variant	NM_001042492.3(NF1):c.7194C>A (p.Tyr2398Ter)	4763	NF1	Pathogenic	GRCh38	1351774
single nucleotide variant	NM_001042492.3(NF1):c.3113G>C (p.Arg1038Thr)	4763	NF1	Pathogenic	GRCh38	1379171
single nucleotide variant	NM_001042492.3(NF1):c.7870-1G>C	4763	NF1	Pathogenic	GRCh38	1390743
single nucleotide variant	NM_001042492.3(NF1):c.1945G>T (p.Glu649Ter)	4763	NF1	Pathogenic	GRCh38	1418414
single nucleotide variant	NM_001042492.3(NF1):c.4769T>G (p.Leu1590Ter)	4763	NF1	Pathogenic	GRCh38	1458792
single nucleotide variant	NM_001042492.3(NF1):c.530T>G (p.Ile177Arg)	4763	NF1	Likely pathogenic	GRCh38	1486416
single nucleotide variant	NM_001042492.3(NF1):c.6580A>T (p.Arg2194Ter)	4763	NF1	Pathogenic	GRCh38	1433205
single nucleotide variant	NM_001042492.3(NF1):c.2332G>T (p.Glu778Ter)	4763	NF1	Pathogenic	GRCh38	1434549
single nucleotide variant	NM_001042492.3(NF1):c.6458T>C (p.Leu2153Pro)	4763	NF1	Pathogenic/Likely pathogenic	GRCh38	1408879
single nucleotide variant	NM_001042492.3(NF1):c.5564T>G (p.Leu1855Arg)	4763	NF1	Likely pathogenic	GRCh38	1489192
single nucleotide variant	NM_001042492.3(NF1):c.2440A>T (p.Lys814Ter)	4763	NF1	Pathogenic	GRCh38	1352720
single nucleotide variant	NM_001042492.3(NF1):c.1721+3A>C	4763	NF1	Pathogenic	GRCh38	1383029
single nucleotide variant	NM_001042492.3(NF1):c.236T>A (p.Leu79Ter)	4763	NF1	Pathogenic	GRCh38	1675296
single nucleotide variant	NM_001042492.3(NF1):c.6206T>G (p.Leu2069Ter)	4763	NF1	Pathogenic	GRCh38	1676724
single nucleotide variant	NM_001042492.3(NF1):c.6921+4A>G	4763	NF1	Pathogenic/Likely pathogenic	GRCh38	1683842
single nucleotide variant	NM_001042492.3(NF1):c.889-2A>T	4763	NF1	Pathogenic	GRCh38	1685972
single nucleotide variant	NM_001042492.3(NF1):c.2851-2A>T	4763	NF1	Pathogenic	GRCh38	1685974
single nucleotide variant	NM_001042492.3(NF1):c.2084T>G (p.Leu695Arg)	4763	NF1	Likely pathogenic	GRCh38	1686757
single nucleotide variant	NM_001042492.3(NF1):c.1438A>T (p.Lys480Ter)	4763	NF1	Pathogenic	GRCh38	1690366
single nucleotide variant	NM_001042492.3(NF1):c.3198-1G>T	4763	NF1	Pathogenic/Likely pathogenic	GRCh38	1692327
single nucleotide variant	NM_001042492.3(NF1):c.6820-1G>A	4763	NF1	Pathogenic/Likely pathogenic	GRCh38	1692345
single nucleotide variant	NM_001042492.3(NF1):c.5545G>A (p.Asp1849Asn)	4763	NF1	Pathogenic	GRCh38	1695812
single nucleotide variant	NM_001042492.3(NF1):c.5576T>G (p.Leu1859Ter)	4763	NF1	Pathogenic	GRCh38	1697347
single nucleotide variant	NM_001042492.3(NF1):c.3496+2T>C	4763	NF1	Pathogenic	GRCh38	1698903
single nucleotide variant	NM_001042492.3(NF1):c.731-5T>G	4763	NF1	Pathogenic	GRCh38	1699330
single nucleotide variant	NM_001042492.3(NF1):c.3641T>A (p.Met1214Lys)	4763	NF1	Likely pathogenic	GRCh38	1699711
single nucleotide variant	NM_001042492.3(NF1):c.2975T>G (p.Met992Arg)	4763	NF1	Likely pathogenic	GRCh38	1702649
single nucleotide variant	NM_001042492.3(NF1):c.5203G>T (p.Glu1735Ter)	4763	NF1	Pathogenic	GRCh38	1702707
single nucleotide variant	NM_001042492.3(NF1):c.2851G>T (p.Val951Phe)	4763	NF1	Pathogenic/Likely pathogenic	GRCh38	1702852
single nucleotide variant	NM_001042492.3(NF1):c.3112A>G (p.Arg1038Gly)	4763	NF1	Likely pathogenic	GRCh38	1702853
single nucleotide variant	NM_001042492.3(NF1):c.4915T>G (p.Tyr1639Asp)	4763	NF1	Likely pathogenic	GRCh38	1702854
single nucleotide variant	NM_001042492.3(NF1):c.6023A>C (p.Asp2008Ala)	4763	NF1	Likely pathogenic	GRCh38	1702856
single nucleotide variant	NM_001042492.3(NF1):c.6685T>G (p.Trp2229Gly)	4763	NF1	Likely pathogenic	GRCh38	1702857
single nucleotide variant	NM_001042492.3(NF1):c.7013T>G (p.Leu2338Arg)	4763	NF1	Likely pathogenic	GRCh38	1702858
single nucleotide variant	NM_001042492.3(NF1):c.3496+3G>T	4763	NF1	Likely pathogenic	GRCh38	1702860
single nucleotide variant	NM_001042492.3(NF1):c.1229T>C (p.Leu410Pro)	4763	NF1	Pathogenic/Likely pathogenic	GRCh38	1706163
single nucleotide variant	NM_001042492.3(NF1):c.3772T>A (p.Trp1258Arg)	4763	NF1	Likely pathogenic	GRCh38	1707518
single nucleotide variant	NM_001042492.3(NF1):c.2205T>A (p.Tyr735Ter)	4763	NF1	Pathogenic	GRCh38	1708134
single nucleotide variant	NM_001042492.3(NF1):c.3295A>G (p.Lys1099Glu)	4763	NF1	Likely pathogenic	GRCh38	1708593
single nucleotide variant	NM_001042492.3(NF1):c.3464C>A (p.Ala1155Asp)	4763	NF1	Pathogenic/Likely pathogenic	GRCh38	1709266
single nucleotide variant	NM_001042492.3(NF1):c.2650G>T (p.Glu884Ter)	4763	NF1	Pathogenic	GRCh38	1710067
single nucleotide variant	NM_001042492.3(NF1):c.2752A>T (p.Lys918Ter)	4763	NF1	Pathogenic	GRCh38	1711172
single nucleotide variant	NM_001042492.3(NF1):c.2002-14C>G	4763	NF1	Likely pathogenic	GRCh38	1722342
single nucleotide variant	NM_001042492.3(NF1):c.1845+2T>G	4763	NF1	Pathogenic	GRCh38	1723080
single nucleotide variant	NM_001042492.3(NF1):c.3876T>A (p.Tyr1292Ter)	4763	NF1	Pathogenic	GRCh38	1735755
single nucleotide variant	NM_001042492.3(NF1):c.4103T>A (p.Leu1368Ter)	4763	NF1	Pathogenic	GRCh38	1737871
single nucleotide variant	NM_001042492.3(NF1):c.3496G>C (p.Gly1166Arg)	4763	NF1	Pathogenic/Likely pathogenic	GRCh38	1731988
single nucleotide variant	NM_001042492.3(NF1):c.4259C>G (p.Ser1420Ter)	4763	NF1	Pathogenic	GRCh38	1738592
single nucleotide variant	NM_001042492.3(NF1):c.3284T>A (p.Leu1095Ter)	4763	NF1	Pathogenic	GRCh38	1729778
single nucleotide variant	NM_001042492.3(NF1):c.4607T>C (p.Phe1536Ser)	4763	NF1	Pathogenic/Likely pathogenic	GRCh38	1741383
single nucleotide variant	NM_001042492.3(NF1):c.3114-1G>T	4763	NF1	Pathogenic/Likely pathogenic	GRCh38	1727782
single nucleotide variant	NM_001042492.3(NF1):c.3762C>A (p.Tyr1254Ter)	4763	NF1	Pathogenic	GRCh38	1734688
single nucleotide variant	NM_001042492.3(NF1):c.4331A>C (p.Lys1444Thr)	4763	NF1	Pathogenic	GRCh38	1739214
single nucleotide variant	NM_001042492.3(NF1):c.491T>G (p.Leu164Ter)	4763	NF1	Pathogenic	GRCh38	1744118
single nucleotide variant	NM_001042492.3(NF1):c.6343C>A (p.Pro2115Thr)	4763	NF1	Likely pathogenic	GRCh38	1752601
single nucleotide variant	NM_001042492.3(NF1):c.5977C>T (p.Gln1993Ter)	4763	NF1	Pathogenic	GRCh38	1750463
single nucleotide variant	NM_001042492.3(NF1):c.5990G>A (p.Trp1997Ter)	4763	NF1	Pathogenic	GRCh38	1750534
single nucleotide variant	NM_001042492.3(NF1):c.6642+31T>G	4763	NF1	Pathogenic/Likely pathogenic	GRCh38	1754265
single nucleotide variant	NM_001042492.3(NF1):c.479+2T>G	4763	NF1	Pathogenic	GRCh38	1743104
single nucleotide variant	NM_001042492.3(NF1):c.4877A>C (p.His1626Pro)	4763	NF1	Likely pathogenic	GRCh38	1743306
single nucleotide variant	NM_001042492.3(NF1):c.1186-2A>C	4763	NF1	Likely pathogenic	GRCh38	1743386
single nucleotide variant	NM_001042492.3(NF1):c.586+2T>A	4763	NF1	Pathogenic	GRCh38	1750142
single nucleotide variant	NM_001042492.3(NF1):c.1185+2T>A	4763	NF1	Pathogenic	GRCh38	1743064
single nucleotide variant	NM_001042492.3(NF1):c.5610-1G>T	4763	NF1	Pathogenic	GRCh38	1748221
single nucleotide variant	NM_001042492.3(NF1):c.5610-2A>C	4763	NF1	Likely pathogenic	GRCh38	1748223
single nucleotide variant	NM_001042492.3(NF1):c.5861C>A (p.Ser1954Ter)	4763	NF1	Pathogenic/Likely pathogenic	GRCh38	1749687
single nucleotide variant	NM_001042492.3(NF1):c.6148-1G>T	4763	NF1	Likely pathogenic	GRCh38	1751474
single nucleotide variant	NM_001042492.3(NF1):c.7325T>A (p.Leu2442Ter)	4763	NF1	Pathogenic	GRCh38	1757969
single nucleotide variant	NM_001042492.3(NF1):c.7615G>T (p.Gly2539Ter)	4763	NF1	Pathogenic	GRCh38	1759493
single nucleotide variant	NM_001042492.3(NF1):c.7663A>T (p.Lys2555Ter)	4763	NF1	Pathogenic	GRCh38	1759760
single nucleotide variant	NM_001042492.3(NF1):c.7970+2T>C	4763	NF1	Pathogenic/Likely pathogenic	GRCh38	1761156
single nucleotide variant	NM_001042492.3(NF1):c.7971-2A>C	4763	NF1	Likely pathogenic	GRCh38	1761158
single nucleotide variant	NM_001042492.3(NF1):c.6862C>T (p.Gln2288Ter)	4763	NF1	Pathogenic/Likely pathogenic	GRCh38	1755477
single nucleotide variant	NM_001042492.3(NF1):c.7783A>T (p.Lys2595Ter)	4763	NF1	Pathogenic	GRCh38	1760320
single nucleotide variant	NM_001042492.3(NF1):c.952G>T (p.Glu318Ter)	4763	NF1	Pathogenic	GRCh38	1767287
single nucleotide variant	NM_001042492.3(NF1):c.667T>A (p.Trp223Arg)	4763	NF1	Pathogenic/Likely pathogenic	GRCh38	1754853
single nucleotide variant	NM_001042492.3(NF1):c.8113+93A>T	4763	NF1	Pathogenic	GRCh38	1761814
single nucleotide variant	NM_001042492.3(NF1):c.1657C>G (p.His553Asp)	4763	NF1	Likely pathogenic	GRCh38	1777378
single nucleotide variant	NM_001042492.3(NF1):c.1845+1G>T	4763	NF1	Pathogenic	GRCh38	1781219
single nucleotide variant	NM_001042492.3(NF1):c.1846-569A>C	4763	NF1	Pathogenic	GRCh38	1781246
single nucleotide variant	NM_001042492.3(NF1):c.2251+3A>C	4763	NF1	Likely pathogenic	GRCh38	1788428
single nucleotide variant	NM_001042492.3(NF1):c.2352G>T (p.Trp784Cys)	4763	NF1	Likely pathogenic	GRCh38	1790036
single nucleotide variant	NM_001042492.3(NF1):c.2023G>T (p.Gly675Ter)	4763	NF1	Pathogenic	GRCh38	1784613
single nucleotide variant	NM_001042492.3(NF1):c.2648C>G (p.Ser883Ter)	4763	NF1	Pathogenic	GRCh38	1794272
single nucleotide variant	NM_001042492.3(NF1):c.2994T>A (p.Tyr998Ter)	4763	NF1	Pathogenic	GRCh38	1798556
single nucleotide variant	NM_001042492.3(NF1):c.3871-1G>C	4763	NF1	Pathogenic	GRCh38	1801547
single nucleotide variant	NM_001042492.3(NF1):c.6607G>T (p.Glu2203Ter)	4763	NF1	Pathogenic	GRCh38	1801548
single nucleotide variant	NM_001042492.3(NF1):c.730+2T>C	4763	NF1	Likely pathogenic	GRCh38	1801696
single nucleotide variant	NM_001042492.3(NF1):c.3497-1G>C	4763	NF1	Likely pathogenic	GRCh38	1802626
single nucleotide variant	NM_001042492.3(NF1):c.7971-1G>C	4763	NF1	Pathogenic	GRCh38	1803702
single nucleotide variant	NM_001042492.3(NF1):c.226G>T (p.Glu76Ter)	4763	NF1	Pathogenic	GRCh38	1804016
single nucleotide variant	NM_001042492.3(NF1):c.2991-11T>G	4763	NF1	Likely pathogenic	GRCh38	1804260
single nucleotide variant	NM_001042492.3(NF1):c.3579T>A (p.Phe1193Leu)	4763	NF1	Pathogenic	GRCh38	1805195
single nucleotide variant	NM_001042492.3(NF1):c.8135G>A (p.Trp2712Ter)	4763	NF1	Pathogenic	GRCh38	1806348
single nucleotide variant	NM_001042492.3(NF1):c.7190-1G>C	4763	NF1	Likely pathogenic	GRCh38	1807298
single nucleotide variant	NM_001042492.3(NF1):c.185T>A (p.Leu62Ter)	4763	NF1	Likely pathogenic	GRCh38	1809589
single nucleotide variant	NM_001042492.3(NF1):c.175A>C (p.Thr59Pro)	4763	NF1	Likely pathogenic	GRCh38	2137946
single nucleotide variant	NM_001042492.3(NF1):c.271G>T (p.Glu91Ter)	4763	NF1	Pathogenic	GRCh38	2137948
single nucleotide variant	NM_001042492.3(NF1):c.706C>T (p.Gln236Ter)	4763	NF1	Pathogenic	GRCh38	2137950
single nucleotide variant	NM_001042492.3(NF1):c.1063-2A>C	4763	NF1	Pathogenic	GRCh38	2137957
single nucleotide variant	NM_001042492.3(NF1):c.1084A>T (p.Lys362Ter)	4763	NF1	Pathogenic	GRCh38	2137958
single nucleotide variant	NM_001042492.3(NF1):c.1274G>A (p.Trp425Ter)	4763	NF1	Pathogenic	GRCh38	2137959
single nucleotide variant	NM_001042492.3(NF1):c.1634C>A (p.Ala545Glu)	4763	NF1	Likely pathogenic	GRCh38	2137963
single nucleotide variant	NM_001042492.3(NF1):c.1641+1G>T	4763	NF1	Pathogenic/Likely pathogenic	GRCh38	2137964
single nucleotide variant	NM_001042492.3(NF1):c.2002-3C>G	4763	NF1	Pathogenic	GRCh38	2137967
single nucleotide variant	NM_001042492.3(NF1):c.2636C>G (p.Ser879Ter)	4763	NF1	Pathogenic	GRCh38	2137970
single nucleotide variant	NM_001042492.3(NF1):c.2850+1G>C	4763	NF1	Pathogenic/Likely pathogenic	GRCh38	2137972
single nucleotide variant	NM_001042492.3(NF1):c.2851-2A>G	4763	NF1	Pathogenic	GRCh38	2137973
single nucleotide variant	NM_001042492.3(NF1):c.3280G>T (p.Glu1094Ter)	4763	NF1	Pathogenic	GRCh38	2137977
single nucleotide variant	NM_001042492.3(NF1):c.3315-1G>T	4763	NF1	Pathogenic	GRCh38	2137978
single nucleotide variant	NM_001042492.3(NF1):c.3496+1G>T	4763	NF1	Pathogenic	GRCh38	2137979
single nucleotide variant	NM_001042492.3(NF1):c.3708+2T>C	4763	NF1	Pathogenic	GRCh38	2137981
single nucleotide variant	NM_001042492.3(NF1):c.4612A>T (p.Lys1538Ter)	4763	NF1	Pathogenic	GRCh38	2137985
single nucleotide variant	NM_001042492.3(NF1):c.5266A>T (p.Lys1756Ter)	4763	NF1	Pathogenic	GRCh38	2137988
single nucleotide variant	NM_001042492.3(NF1):c.5268+1G>A	4763	NF1	Pathogenic/Likely pathogenic	GRCh38	2137989
single nucleotide variant	NM_001042492.3(NF1):c.5606T>A (p.Leu1869Ter)	4763	NF1	Pathogenic	GRCh38	2137992
single nucleotide variant	NM_001042492.3(NF1):c.6427+4A>G	4763	NF1	Pathogenic	GRCh38	2137994
single nucleotide variant	NM_001042492.3(NF1):c.6557C>A (p.Ser2186Ter)	4763	NF1	Pathogenic	GRCh38	2137996
single nucleotide variant	NM_001042492.3(NF1):c.6902T>A (p.Leu2301Ter)	4763	NF1	Pathogenic	GRCh38	2137999
single nucleotide variant	NM_001042492.3(NF1):c.7400C>G (p.Ser2467Ter)	4763	NF1	Pathogenic	GRCh38	2138002
single nucleotide variant	NM_001042492.3(NF1):c.7428T>G (p.Tyr2476Ter)	4763	NF1	Pathogenic	GRCh38	2138003
single nucleotide variant	NM_001042492.3(NF1):c.7738+1G>A	4763	NF1	Pathogenic	GRCh38	2155112
single nucleotide variant	NM_001042492.3(NF1):c.530T>A (p.Ile177Lys)	4763	NF1	Likely pathogenic	GRCh38	2157924
single nucleotide variant	NM_001042492.3(NF1):c.1012G>A (p.Asp338Asn)	4763	NF1	Pathogenic	GRCh38	2152278
single nucleotide variant	NM_001042492.3(NF1):c.5545G>T (p.Asp1849Tyr)	4763	NF1	Pathogenic	GRCh38	2152279
single nucleotide variant	NM_001042492.3(NF1):c.6818A>C (p.Lys2273Thr)	4763	NF1	Likely pathogenic	GRCh38	2152281
single nucleotide variant	NM_001042492.3(NF1):c.7757C>G (p.Ser2586Ter)	4763	NF1	Pathogenic	GRCh38	2152282
single nucleotide variant	NM_001042492.3(NF1):c.1586T>C (p.Leu529Pro)	4763	NF1	Pathogenic/Likely pathogenic	GRCh38	1879367
single nucleotide variant	NM_001042492.3(NF1):c.2350T>G (p.Trp784Gly)	4763	NF1	Likely pathogenic	GRCh38	2419121
single nucleotide variant	NM_001042492.3(NF1):c.3652C>T (p.Gln1218Ter)	4763	NF1	Pathogenic	GRCh38	1912846
single nucleotide variant	NM_001042492.3(NF1):c.1714G>T (p.Glu572Ter)	4763	NF1	Pathogenic	GRCh38	1918164
single nucleotide variant	NM_001042492.3(NF1):c.3314+2T>C	4763	NF1	Pathogenic	GRCh38	1918167
single nucleotide variant	NM_001042492.3(NF1):c.6951G>A (p.Trp2317Ter)	4763	NF1	Pathogenic	GRCh38	1918170
single nucleotide variant	NM_001042492.3(NF1):c.2002-10T>A	4763	NF1	Pathogenic	GRCh38	1929501
single nucleotide variant	NM_001042492.3(NF1):c.2382T>G (p.Tyr794Ter)	4763	NF1	Pathogenic	GRCh38	1929503
single nucleotide variant	NM_001042492.3(NF1):c.7646C>G (p.Ser2549Ter)	4763	NF1	Pathogenic/Likely pathogenic	GRCh38	1983108
single nucleotide variant	NM_001042492.3(NF1):c.1574T>A (p.Leu525Ter)	4763	NF1	Pathogenic	GRCh38	1993538
single nucleotide variant	NM_001042492.3(NF1):c.5034T>A (p.Tyr1678Ter)	4763	NF1	Pathogenic	GRCh38	2000211
single nucleotide variant	NM_001042492.3(NF1):c.5200G>T (p.Glu1734Ter)	4763	NF1	Pathogenic	GRCh38	2003268
single nucleotide variant	NM_001042492.3(NF1):c.7616-1G>A	4763	NF1	Likely pathogenic	GRCh38	1997847
single nucleotide variant	NM_001042492.3(NF1):c.274A>T (p.Lys92Ter)	4763	NF1	Pathogenic	GRCh38	2017600
single nucleotide variant	NM_001042492.3(NF1):c.6252C>G (p.Tyr2084Ter)	4763	NF1	Pathogenic	GRCh38	2019177
single nucleotide variant	NM_001042492.3(NF1):c.2325+1G>C	4763	NF1	Pathogenic/Likely pathogenic	GRCh38	2012117
single nucleotide variant	NM_001042492.3(NF1):c.5542A>T (p.Lys1848Ter)	4763	NF1	Pathogenic	GRCh38	2012173
single nucleotide variant	NM_001042492.3(NF1):c.4235G>T (p.Arg1412Ile)	4763	NF1	Pathogenic/Likely pathogenic	GRCh38	2013853
single nucleotide variant	NM_001042492.3(NF1):c.7189+2T>C	4763	NF1	Pathogenic	GRCh38	2015512
single nucleotide variant	NM_001042492.3(NF1):c.800G>A (p.Trp267Ter)	4763	NF1	Pathogenic	GRCh38	2018994
single nucleotide variant	NM_001042492.3(NF1):c.7379C>A (p.Ser2460Ter)	4763	NF1	Pathogenic	GRCh38	2006346
single nucleotide variant	NM_001042492.3(NF1):c.4835+1G>C	4763	NF1	Pathogenic	GRCh38	2016515
single nucleotide variant	NM_001042492.3(NF1):c.6643-1G>T	4763	NF1	Pathogenic	GRCh38	2018501
single nucleotide variant	NM_001042492.3(NF1):c.5032T>G (p.Tyr1678Asp)	4763	NF1	Likely pathogenic	GRCh38	2007544
single nucleotide variant	NM_001042492.3(NF1):c.3851T>G (p.Ile1284Arg)	4763	NF1	Pathogenic	GRCh38	2011296
single nucleotide variant	NM_001042492.3(NF1):c.7135G>T (p.Gly2379Ter)	4763	NF1	Pathogenic	GRCh38	2018060
single nucleotide variant	NM_001042492.3(NF1):c.1062+2T>A	4763	NF1	Pathogenic/Likely pathogenic	GRCh38	2024252
single nucleotide variant	NM_001042492.3(NF1):c.7458-1G>T	4763	NF1	Pathogenic/Likely pathogenic	GRCh38	2029527
single nucleotide variant	NM_001042492.3(NF1):c.1655T>A (p.Leu552His)	4763	NF1	Likely pathogenic	GRCh38	2031392
single nucleotide variant	NM_001042492.3(NF1):c.4174-1G>T	4763	NF1	Pathogenic	GRCh38	2020325
single nucleotide variant	NM_001042492.3(NF1):c.7184T>G (p.Leu2395Ter)	4763	NF1	Pathogenic/Likely pathogenic	GRCh38	2027186
single nucleotide variant	NM_001042492.3(NF1):c.5046T>A (p.Cys1682Ter)	4763	NF1	Pathogenic	GRCh38	2029280
single nucleotide variant	NM_001042492.3(NF1):c.5386G>T (p.Glu1796Ter)	4763	NF1	Pathogenic	GRCh38	2019930
single nucleotide variant	NM_001042492.3(NF1):c.204+2T>A	4763	NF1	Pathogenic	GRCh38	2026891
single nucleotide variant	NM_001042492.3(NF1):c.8030T>A (p.Leu2677Ter)	4763	NF1	Pathogenic	GRCh38	2019572
single nucleotide variant	NM_001042492.3(NF1):c.1740C>A (p.Tyr580Ter)	4763	NF1	Pathogenic	GRCh38	2026522
single nucleotide variant	NM_001042492.3(NF1):c.3587T>C (p.Leu1196Pro)	4763	NF1	Pathogenic/Likely pathogenic	GRCh38	2028074
single nucleotide variant	NM_001042492.3(NF1):c.7897G>T (p.Glu2633Ter)	4763	NF1	Pathogenic	GRCh38	2028367
single nucleotide variant	NM_001042492.3(NF1):c.2251+2T>A	4763	NF1	Pathogenic	GRCh38	2031586
single nucleotide variant	NM_001042492.3(NF1):c.7063-2A>T	4763	NF1	Pathogenic	GRCh38	2039653
single nucleotide variant	NM_001042492.3(NF1):c.479+2T>C	4763	NF1	Pathogenic/Likely pathogenic	GRCh38	2041468
single nucleotide variant	NM_001042492.3(NF1):c.4832G>T (p.Arg1611Leu)	4763	NF1	Pathogenic	GRCh38	2045116
single nucleotide variant	NM_001042492.3(NF1):c.6898A>T (p.Lys2300Ter)	4763	NF1	Pathogenic	GRCh38	2036849
single nucleotide variant	NM_001042492.3(NF1):c.569T>A (p.Leu190Ter)	4763	NF1	Pathogenic	GRCh38	2061758
single nucleotide variant	NM_001042492.3(NF1):c.6995C>G (p.Ser2332Ter)	4763	NF1	Pathogenic	GRCh38	2086993
single nucleotide variant	NM_001042492.3(NF1):c.8161-2A>G	4763	NF1	Pathogenic/Likely pathogenic	GRCh38	2098090
single nucleotide variant	NM_001042492.3(NF1):c.4322T>G (p.Leu1441Ter)	4763	NF1	Pathogenic	GRCh38	2089063
single nucleotide variant	NM_001042492.3(NF1):c.6949T>C (p.Trp2317Arg)	4763	NF1	Likely pathogenic	GRCh38	2090602
single nucleotide variant	NM_001042492.3(NF1):c.307A>T (p.Arg103Ter)	4763	NF1	Pathogenic	GRCh38	2090680
single nucleotide variant	NM_001042492.3(NF1):c.4232T>G (p.Leu1411Arg)	4763	NF1	Pathogenic/Likely pathogenic	GRCh38	2092452
single nucleotide variant	NM_001042492.3(NF1):c.5812+5G>T	4763	NF1	Likely pathogenic	GRCh38	2099192
single nucleotide variant	NM_001042492.3(NF1):c.1574T>G (p.Leu525Ter)	4763	NF1	Pathogenic	GRCh38	2088701
single nucleotide variant	NM_001042492.3(NF1):c.7322-2A>T	4763	NF1	Likely pathogenic	GRCh38	2090387
single nucleotide variant	NM_001042492.3(NF1):c.6470C>A (p.Ser2157Ter)	4763	NF1	Pathogenic	GRCh38	2092079
single nucleotide variant	NM_001042492.3(NF1):c.5629C>A (p.Leu1877Met)	4763	NF1	Likely pathogenic	GRCh38	2093800
single nucleotide variant	NM_001042492.3(NF1):c.1277G>A (p.Trp426Ter)	4763	NF1	Pathogenic	GRCh38	2099056
single nucleotide variant	NM_001042492.3(NF1):c.2143G>T (p.Glu715Ter)	4763	NF1	Pathogenic	GRCh38	2099058
single nucleotide variant	NM_001042492.3(NF1):c.3650A>G (p.Asp1217Gly)	4763	NF1	Pathogenic	GRCh38	2099059
single nucleotide variant	NM_001042492.3(NF1):c.5612C>G (p.Ser1871Ter)	4763	NF1	Pathogenic	GRCh38	2099068
single nucleotide variant	NM_001042492.3(NF1):c.7156T>A (p.Phe2386Ile)	4763	NF1	Likely pathogenic	GRCh38	2103355
single nucleotide variant	NM_001042492.3(NF1):c.6642G>T (p.Glu2214Asp)	4763	NF1	Pathogenic/Likely pathogenic	GRCh38	2111707
single nucleotide variant	NM_001042492.3(NF1):c.5630T>C (p.Leu1877Pro)	4763	NF1	Pathogenic/Likely pathogenic	GRCh38	2113703
single nucleotide variant	NM_001042492.3(NF1):c.3650A>T (p.Asp1217Val)	4763	NF1	Likely pathogenic	GRCh38	2113725
single nucleotide variant	NM_001042492.3(NF1):c.3089C>A (p.Ser1030Ter)	4763	NF1	Pathogenic	GRCh38	2115165
single nucleotide variant	NM_001042492.3(NF1):c.6006+1G>C	4763	NF1	Pathogenic	GRCh38	2113362
single nucleotide variant	NM_001042492.3(NF1):c.147C>A (p.Tyr49Ter)	4763	NF1	Pathogenic	GRCh38	2114679
single nucleotide variant	NM_001042492.3(NF1):c.6329T>A (p.Leu2110Ter)	4763	NF1	Pathogenic	GRCh38	2115054
single nucleotide variant	NM_001042492.3(NF1):c.7501G>T (p.Glu2501Ter)	4763	NF1	Pathogenic	GRCh38	2110955
single nucleotide variant	NM_001042492.3(NF1):c.3197+2T>C	4763	NF1	Pathogenic	GRCh38	2112114
single nucleotide variant	NM_001042492.3(NF1):c.6121G>T (p.Gly2041Ter)	4763	NF1	Pathogenic	GRCh38	2114076
single nucleotide variant	NM_001042492.3(NF1):c.6546C>A (p.Tyr2182Ter)	4763	NF1	Pathogenic	GRCh38	2127383
single nucleotide variant	NM_001042492.3(NF1):c.3505T>A (p.Tyr1169Asn)	4763	NF1	Pathogenic	GRCh38	2127459
single nucleotide variant	NM_001042492.3(NF1):c.148A>T (p.Lys50Ter)	4763	NF1	Pathogenic	GRCh38	2120092
single nucleotide variant	NM_001042492.3(NF1):c.7319C>T (p.Ala2440Val)	4763	NF1	Pathogenic	GRCh38	2121325
single nucleotide variant	NM_001042492.3(NF1):c.480-1G>C	4763	NF1	Pathogenic	GRCh38	2117467
single nucleotide variant	NM_001042492.3(NF1):c.479+2T>A	4763	NF1	Pathogenic	GRCh38	2131893
single nucleotide variant	NM_001042492.3(NF1):c.-273A>T	4763	NF1	Likely pathogenic	GRCh38	2130037
single nucleotide variant	NM_001042492.3(NF1):c.4654A>T (p.Lys1552Ter)	4763	NF1	Pathogenic	GRCh38	2132966
single nucleotide variant	NM_001042492.3(NF1):c.5610-3T>G	4763	NF1	Likely pathogenic	GRCh38	2136174
single nucleotide variant	NM_001042492.3(NF1):c.1105C>T (p.Gln369Ter)	4763	NF1	Pathogenic	GRCh38	2412951
single nucleotide variant	NM_001042492.3(NF1):c.5813-177A>C	4763	NF1	Pathogenic/Likely pathogenic	GRCh38	2413163
single nucleotide variant	NM_001042492.3(NF1):c.7372A>T (p.Arg2458Ter)	4763	NF1	Pathogenic	GRCh38	2429746
single nucleotide variant	NM_001042492.3(NF1):c.616A>T (p.Lys206Ter)	4763	NF1	Pathogenic	GRCh38	2443302
single nucleotide variant	NM_001042492.3(NF1):c.1393-1555C>G	4763	NF1	Pathogenic	GRCh38	2447120
single nucleotide variant	NM_001042492.3(NF1):c.809A>C (p.Gln270Pro)	4763	NF1	Likely pathogenic	GRCh38	2452215
single nucleotide variant	NM_001042492.3(NF1):c.5080G>T (p.Glu1694Ter)	4763	NF1	Pathogenic	GRCh38	2452251
single nucleotide variant	NM_001042492.3(NF1):c.3311T>G (p.Leu1104Arg)	4763	NF1	Pathogenic/Likely pathogenic	GRCh38	2507268
single nucleotide variant	NM_001042492.3(NF1):c.4431-1G>C	4763	NF1	Pathogenic	GRCh38	2572394
single nucleotide variant	NM_001042492.3(NF1):c.7744C>T (p.Gln2582Ter)	4763	NF1	Pathogenic/Likely pathogenic	GRCh38	2573147
single nucleotide variant	NM_001042492.3(NF1):c.4836-2A>G	4763	NF1	Pathogenic/Likely pathogenic	GRCh38	2573197
single nucleotide variant	NM_001042492.3(NF1):c.4373A>T (p.Glu1458Val)	4763	NF1	Likely pathogenic	GRCh38	2575671
single nucleotide variant	NM_001042492.3(NF1):c.4332+2T>G	4763	NF1	Pathogenic	GRCh38	2575808
single nucleotide variant	NM_001042492.3(NF1):c.1473T>A (p.Tyr491Ter)	4763	NF1	Pathogenic	GRCh38	2579120
single nucleotide variant	NM_001042492.3(NF1):c.503C>A (p.Ser168Ter)	4763	NF1	Pathogenic	GRCh38	2579472
single nucleotide variant	NM_001042492.3(NF1):c.1467T>G (p.Tyr489Ter)	4763	NF1	Pathogenic	GRCh38	2579580
single nucleotide variant	NM_001042492.3(NF1):c.6427+1G>T	4763	NF1	Pathogenic/Likely pathogenic	GRCh38	2580781
single nucleotide variant	NM_001042492.3(NF1):c.1312G>T (p.Glu438Ter)	4763	NF1	Pathogenic	GRCh38	2581035
single nucleotide variant	NM_001042492.3(NF1):c.4892T>A (p.Leu1631Ter)	4763	NF1	Pathogenic	GRCh38	2618630
single nucleotide variant	NM_001042492.3(NF1):c.984T>A (p.Cys328Ter)	4763	NF1	Pathogenic	GRCh38	2633754
single nucleotide variant	NM_001042492.3(NF1):c.8016C>A (p.Cys2672Ter)	4763	NF1	Pathogenic	GRCh38	2635376
single nucleotide variant	NM_001042492.3(NF1):c.1185G>T (p.Lys395Asn)	4763	NF1	Pathogenic/Likely pathogenic	GRCh38	2631585
single nucleotide variant	NM_001042492.3(NF1):c.1062+3A>T	4763	NF1	Likely pathogenic	GRCh38	2629320
single nucleotide variant	NM_001042492.3(NF1):c.3127G>T (p.Glu1043Ter)	4763	NF1	Pathogenic	GRCh38	2631403
single nucleotide variant	NM_001042492.3(NF1):c.3870+2T>A	4763	NF1	Likely pathogenic	GRCh38	2632795
single nucleotide variant	NM_001042492.3(NF1):c.5552C>A (p.Pro1851His)	4763	NF1	Likely pathogenic	GRCh38	2647639
single nucleotide variant	NM_001042492.3(NF1):c.7926C>A (p.Tyr2642Ter)	4763	NF1	Likely pathogenic	GRCh38	2677227
single nucleotide variant	NM_001042492.3(NF1):c.6922-1G>A	4763	NF1	Pathogenic	GRCh38	2677228
single nucleotide variant	NM_001042492.3(NF1):c.8136G>A (p.Trp2712Ter)	4763	NF1	Pathogenic/Likely pathogenic	GRCh38	2677225
single nucleotide variant	NM_001042492.3(NF1):c.1722-1G>T	4763	NF1	Pathogenic	GRCh38	2672087
single nucleotide variant	NM_001042492.3(NF1):c.2324A>G (p.Glu775Gly)	4763	NF1	Pathogenic	GRCh38	2672694
single nucleotide variant	NM_001042492.3(NF1):c.3466A>C (p.Asn1156His)	4763	NF1	Likely pathogenic	GRCh38	2704106
single nucleotide variant	NM_001042492.3(NF1):c.1730T>G (p.Met577Arg)	4763	NF1	Pathogenic	GRCh38	2701406
single nucleotide variant	NM_001042492.3(NF1):c.4865T>A (p.Leu1622Ter)	4763	NF1	Pathogenic	GRCh38	2708706
single nucleotide variant	NM_001042492.3(NF1):c.5349T>A (p.Tyr1783Ter)	4763	NF1	Pathogenic	GRCh38	2718749
single nucleotide variant	NM_001042492.3(NF1):c.288+1137C>T	4763	NF1	Pathogenic	GRCh38	2724584
single nucleotide variant	NM_001042492.3(NF1):c.5639T>A (p.Leu1880Ter)	4763	NF1	Pathogenic	GRCh38	2726009
single nucleotide variant	NM_001042492.3(NF1):c.2994T>G (p.Tyr998Ter)	4763	NF1	Pathogenic	GRCh38	2726132
single nucleotide variant	NM_001042492.3(NF1):c.3G>T (p.Met1Ile)	4763	NF1	Pathogenic/Likely pathogenic	GRCh38	2736490
single nucleotide variant	NM_001042492.3(NF1):c.288+2T>G	4763	NF1	Pathogenic	GRCh38	2736494
single nucleotide variant	NM_001042492.3(NF1):c.1185+1G>C	4763	NF1	Pathogenic	GRCh38	2736508
single nucleotide variant	NM_001042492.3(NF1):c.1721G>C (p.Ser574Thr)	4763	NF1	Pathogenic	GRCh38	2736516
single nucleotide variant	NM_001042492.3(NF1):c.1721+2T>C	4763	NF1	Pathogenic/Likely pathogenic	GRCh38	2736517
single nucleotide variant	NM_001042492.3(NF1):c.2326-2A>T	4763	NF1	Pathogenic	GRCh38	2736524
single nucleotide variant	NM_001042492.3(NF1):c.2620A>T (p.Lys874Ter)	4763	NF1	Pathogenic	GRCh38	2736530
single nucleotide variant	NM_001042492.3(NF1):c.6642+26C>G	4763	NF1	Pathogenic	GRCh38	2737810
single nucleotide variant	NM_001042492.3(NF1):c.4374A>C (p.Glu1458Asp)	4763	NF1	Pathogenic	GRCh38	2737137
single nucleotide variant	NM_001042492.3(NF1):c.3314+1G>T	4763	NF1	Pathogenic	GRCh38	2744228
single nucleotide variant	NM_001042492.3(NF1):c.4174-2A>C	4763	NF1	Pathogenic	GRCh38	2747450
single nucleotide variant	NM_001042492.3(NF1):c.3053T>G (p.Leu1018Ter)	4763	NF1	Pathogenic	GRCh38	2736535
single nucleotide variant	NM_001042492.3(NF1):c.3461A>C (p.Asn1154Thr)	4763	NF1	Pathogenic	GRCh38	2736540
single nucleotide variant	NM_001042492.3(NF1):c.3888T>A (p.Tyr1296Ter)	4763	NF1	Pathogenic	GRCh38	2736545
single nucleotide variant	NM_001042492.3(NF1):c.3974+2T>G	4763	NF1	Pathogenic	GRCh38	2736546
single nucleotide variant	NM_001042492.3(NF1):c.5049C>A (p.Asn1683Lys)	4763	NF1	Pathogenic/Likely pathogenic	GRCh38	2736555
single nucleotide variant	NM_001042492.3(NF1):c.5067C>G (p.Tyr1689Ter)	4763	NF1	Pathogenic	GRCh38	2736556
single nucleotide variant	NM_001042492.3(NF1):c.5110A>T (p.Lys1704Ter)	4763	NF1	Pathogenic	GRCh38	2736557
single nucleotide variant	NM_001042492.3(NF1):c.5170C>T (p.Gln1724Ter)	4763	NF1	Pathogenic/Likely pathogenic	GRCh38	2736558
single nucleotide variant	NM_001042492.3(NF1):c.5609+2T>C	4763	NF1	Pathogenic	GRCh38	2736560
single nucleotide variant	NM_001042492.3(NF1):c.5771T>G (p.Leu1924Ter)	4763	NF1	Pathogenic/Likely pathogenic	GRCh38	2736563
single nucleotide variant	NM_001042492.3(NF1):c.6053G>T (p.Ser2018Ile)	4763	NF1	Likely pathogenic	GRCh38	2736565
single nucleotide variant	NM_001042492.3(NF1):c.6427+1G>C	4763	NF1	Pathogenic	GRCh38	2736567
single nucleotide variant	NM_001042492.3(NF1):c.6428-2A>T	4763	NF1	Pathogenic	GRCh38	2736568
single nucleotide variant	NM_001042492.3(NF1):c.6470C>G (p.Ser2157Ter)	4763	NF1	Pathogenic	GRCh38	2736569
single nucleotide variant	NM_001042492.3(NF1):c.6704+2T>A	4763	NF1	Pathogenic	GRCh38	2736571
single nucleotide variant	NM_001042492.3(NF1):c.6787C>T (p.Gln2263Ter)	4763	NF1	Pathogenic	GRCh38	2736573
single nucleotide variant	NM_001042492.3(NF1):c.7010T>C (p.Leu2337Pro)	4763	NF1	Pathogenic	GRCh38	2736576
single nucleotide variant	NM_001042492.3(NF1):c.7190-1G>T	4763	NF1	Pathogenic/Likely pathogenic	GRCh38	2736579
single nucleotide variant	NM_001042492.3(NF1):c.7321+1G>A	4763	NF1	Pathogenic/Likely pathogenic	GRCh38	2736580
single nucleotide variant	NM_001042492.3(NF1):c.7970+3A>T	4763	NF1	Likely pathogenic	GRCh38	2736582
single nucleotide variant	NM_001042492.3(NF1):c.3198-1G>C	4763	NF1	Pathogenic/Likely pathogenic	GRCh38	2743801
single nucleotide variant	NM_001042492.3(NF1):c.3497-2A>T	4763	NF1	Likely pathogenic	GRCh38	2752634
single nucleotide variant	NM_001042492.3(NF1):c.5352T>A (p.Tyr1784Ter)	4763	NF1	Pathogenic	GRCh38	2754327
single nucleotide variant	NM_001042492.3(NF1):c.629T>A (p.Leu210Ter)	4763	NF1	Pathogenic	GRCh38	2757994
single nucleotide variant	NM_001042492.3(NF1):c.128T>G (p.Leu43Arg)	4763	NF1	Pathogenic	GRCh38	2755710
single nucleotide variant	NM_001042492.3(NF1):c.2351G>A (p.Trp784Ter)	4763	NF1	Pathogenic	GRCh38	2764008
single nucleotide variant	NM_001042492.3(NF1):c.5302G>T (p.Glu1768Ter)	4763	NF1	Pathogenic	GRCh38	2767424
single nucleotide variant	NM_001042492.3(NF1):c.546T>G (p.Tyr182Ter)	4763	NF1	Pathogenic	GRCh38	2769142
single nucleotide variant	NM_001042492.3(NF1):c.4931A>T (p.Asp1644Val)	4763	NF1	Likely pathogenic	GRCh38	2765159
single nucleotide variant	NM_001042492.3(NF1):c.3341T>A (p.Leu1114Ter)	4763	NF1	Pathogenic	GRCh38	2773130
single nucleotide variant	NM_001042492.3(NF1):c.126T>A (p.Cys42Ter)	4763	NF1	Pathogenic	GRCh38	2768055
single nucleotide variant	NM_001042492.3(NF1):c.4353T>A (p.Asn1451Lys)	4763	NF1	Pathogenic	GRCh38	2769718
single nucleotide variant	NM_001042492.3(NF1):c.3595A>C (p.Thr1199Pro)	4763	NF1	Likely pathogenic	GRCh38	2769781
single nucleotide variant	NM_001042492.3(NF1):c.5365G>T (p.Glu1789Ter)	4763	NF1	Pathogenic	GRCh38	2775414
single nucleotide variant	NM_001042492.3(NF1):c.6188T>A (p.Leu2063Ter)	4763	NF1	Pathogenic	GRCh38	2775421
single nucleotide variant	NM_001042492.3(NF1):c.7458-2A>C	4763	NF1	Pathogenic	GRCh38	2786835
single nucleotide variant	NM_001042492.3(NF1):c.4917T>G (p.Tyr1639Ter)	4763	NF1	Pathogenic	GRCh38	2793593
single nucleotide variant	NM_001042492.3(NF1):c.5857C>G (p.Leu1953Val)	4763	NF1	Likely pathogenic	GRCh38	2802590
single nucleotide variant	NM_001042492.3(NF1):c.140C>T (p.Ser47Phe)	4763	NF1	Likely pathogenic	GRCh38	2812456
single nucleotide variant	NM_001042492.3(NF1):c.587-1G>C	4763	NF1	Pathogenic/Likely pathogenic	GRCh38	2811909
single nucleotide variant	NM_001042492.3(NF1):c.1205C>A (p.Ser402Ter)	4763	NF1	Pathogenic	GRCh38	2812742
single nucleotide variant	NM_001042492.3(NF1):c.5054G>A (p.Trp1685Ter)	4763	NF1	Pathogenic	GRCh38	2822457
single nucleotide variant	NM_001042492.3(NF1):c.7739-1G>A	4763	NF1	Pathogenic	GRCh38	2823791
single nucleotide variant	NM_001042492.3(NF1):c.6206T>A (p.Leu2069Ter)	4763	NF1	Pathogenic	GRCh38	2823957
single nucleotide variant	NM_001042492.3(NF1):c.6463G>T (p.Glu2155Ter)	4763	NF1	Pathogenic	GRCh38	2823974
single nucleotide variant	NM_001042492.3(NF1):c.7672G>T (p.Glu2558Ter)	4763	NF1	Pathogenic	GRCh38	2820226
single nucleotide variant	NM_001042492.3(NF1):c.379G>T (p.Gly127Ter)	4763	NF1	Pathogenic	GRCh38	2818091
single nucleotide variant	NM_001042492.3(NF1):c.1646T>G (p.Leu549Arg)	4763	NF1	Pathogenic/Likely pathogenic	GRCh38	2821334
single nucleotide variant	NM_001042492.3(NF1):c.654+2T>G	4763	NF1	Pathogenic	GRCh38	2824520
single nucleotide variant	NM_001042492.3(NF1):c.2467G>T (p.Gly823Ter)	4763	NF1	Pathogenic	GRCh38	2837729
single nucleotide variant	NM_001042492.3(NF1):c.6446T>A (p.Leu2149Ter)	4763	NF1	Pathogenic	GRCh38	2837663
single nucleotide variant	NM_001042492.3(NF1):c.158T>A (p.Leu53Ter)	4763	NF1	Pathogenic	GRCh38	2830329
single nucleotide variant	NM_001042492.3(NF1):c.7226C>G (p.Thr2409Arg)	4763	NF1	Likely pathogenic	GRCh38	2832049
single nucleotide variant	NM_001042492.3(NF1):c.7970+3A>C	4763	NF1	Pathogenic	GRCh38	2837157
single nucleotide variant	NM_001042492.3(NF1):c.2410-1G>T	4763	NF1	Pathogenic	GRCh38	2840517
single nucleotide variant	NM_001042492.3(NF1):c.7921G>T (p.Glu2641Ter)	4763	NF1	Pathogenic	GRCh38	2842057
single nucleotide variant	NM_001042492.3(NF1):c.8070C>G (p.Tyr2690Ter)	4763	NF1	Pathogenic	GRCh38	2835103
single nucleotide variant	NM_001042492.3(NF1):c.60+2T>A	4763	NF1	Pathogenic	GRCh38	2852578
single nucleotide variant	NM_001042492.3(NF1):c.7189G>T (p.Gly2397Trp)	4763	NF1	Pathogenic	GRCh38	2845315
single nucleotide variant	NM_001042492.3(NF1):c.6583G>T (p.Glu2195Ter)	4763	NF1	Pathogenic	GRCh38	2845344
single nucleotide variant	NM_001042492.3(NF1):c.3455T>G (p.Leu1152Ter)	4763	NF1	Pathogenic	GRCh38	2857843
single nucleotide variant	NM_001042492.3(NF1):c.5071A>T (p.Lys1691Ter)	4763	NF1	Pathogenic	GRCh38	2858151
single nucleotide variant	NM_001042492.3(NF1):c.2195T>A (p.Leu732Ter)	4763	NF1	Pathogenic	GRCh38	2863027
single nucleotide variant	NM_001042492.3(NF1):c.831T>A (p.Cys277Ter)	4763	NF1	Pathogenic	GRCh38	2864730
single nucleotide variant	NM_001042492.3(NF1):c.6836T>G (p.Leu2279Ter)	4763	NF1	Pathogenic	GRCh38	2862745
single nucleotide variant	NM_001042492.3(NF1):c.7778T>A (p.Leu2593Ter)	4763	NF1	Pathogenic	GRCh38	2864366
single nucleotide variant	NM_001042492.3(NF1):c.1679T>A (p.Leu560Ter)	4763	NF1	Pathogenic	GRCh38	2860193
single nucleotide variant	NM_001042492.3(NF1):c.3649G>A (p.Asp1217Asn)	4763	NF1	Likely pathogenic	GRCh38	2871290
single nucleotide variant	NM_001042492.3(NF1):c.4606T>G (p.Phe1536Val)	4763	NF1	Likely pathogenic	GRCh38	2879548
single nucleotide variant	NM_001042492.3(NF1):c.4337T>G (p.Leu1446Arg)	4763	NF1	Pathogenic	GRCh38	2884069
single nucleotide variant	NM_001042492.3(NF1):c.3198-1G>A	4763	NF1	Pathogenic	GRCh38	2901595
single nucleotide variant	NM_001042492.3(NF1):c.1261-1G>C	4763	NF1	Pathogenic/Likely pathogenic	GRCh38	2910416
single nucleotide variant	NM_001042492.3(NF1):c.3871-1G>T	4763	NF1	Pathogenic	GRCh38	2910420
single nucleotide variant	NM_001042492.3(NF1):c.5212A>T (p.Lys1738Ter)	4763	NF1	Pathogenic	GRCh38	2910422
single nucleotide variant	NM_001042492.3(NF1):c.5844C>A (p.Tyr1948Ter)	4763	NF1	Pathogenic	GRCh38	2910424
single nucleotide variant	NM_001042492.3(NF1):c.5812+1G>C	4763	NF1	Pathogenic	GRCh38	2915506
single nucleotide variant	NM_001042492.3(NF1):c.2251+2T>C	4763	NF1	Pathogenic	GRCh38	2921216
single nucleotide variant	NM_001042492.3(NF1):c.6631G>T (p.Glu2211Ter)	4763	NF1	Pathogenic	GRCh38	2962991
single nucleotide variant	NM_001042492.3(NF1):c.2884G>T (p.Glu962Ter)	4763	NF1	Pathogenic	GRCh38	2972854
single nucleotide variant	NM_001042492.3(NF1):c.4829C>A (p.Ala1610Glu)	4763	NF1	Likely pathogenic	GRCh38	2972856
single nucleotide variant	NM_001042492.3(NF1):c.4936A>C (p.Thr1646Pro)	4763	NF1	Pathogenic	GRCh38	2972857
single nucleotide variant	NM_001042492.3(NF1):c.6921+3A>T	4763	NF1	Pathogenic	GRCh38	2972860
single nucleotide variant	NM_001042492.3(NF1):c.586+2T>G	4763	NF1	Pathogenic	GRCh38	2982372
single nucleotide variant	NM_001042492.3(NF1):c.5905C>T (p.Gln1969Ter)	4763	NF1	Pathogenic	GRCh38	2982376
single nucleotide variant	NM_001042492.3(NF1):c.6306C>A (p.Tyr2102Ter)	4763	NF1	Pathogenic	GRCh38	2982379
single nucleotide variant	NM_001042492.3(NF1):c.4235G>A (p.Arg1412Lys)	4763	NF1	Likely pathogenic	GRCh38	3015589
single nucleotide variant	NM_001042492.3(NF1):c.7970+2T>G	4763	NF1	Likely pathogenic	GRCh38	3075932
single nucleotide variant	NM_001042492.3(NF1):c.4110+2T>C	4763	NF1	Pathogenic	GRCh38	3236253
single nucleotide variant	NM_001042492.3(NF1):c.4648G>T (p.Glu1550Ter)	4763	NF1	Pathogenic/Likely pathogenic	GRCh38	3236836
single nucleotide variant	NM_001042492.3(NF1):c.2252G>T (p.Gly751Val)	4763	NF1	Likely pathogenic	GRCh38	3237672
single nucleotide variant	NM_001042492.3(NF1):c.240T>G (p.Tyr80Ter)	4763	NF1	Pathogenic	GRCh38	3237679
single nucleotide variant	NM_001042492.3(NF1):c.2851-2A>C	4763	NF1	Likely pathogenic	GRCh38	3237700
single nucleotide variant	NM_001042492.3(NF1):c.288+2025T>G	4763	NF1	Pathogenic/Likely pathogenic	GRCh38	3237701
single nucleotide variant	NM_001042492.3(NF1):c.2990+5G>C	4763	NF1	Pathogenic/Likely pathogenic	GRCh38	3237709
single nucleotide variant	NM_001042492.3(NF1):c.3419C>A (p.Ser1140Ter)	4763	NF1	Pathogenic	GRCh38	3237730
single nucleotide variant	NM_001042492.3(NF1):c.4577+357T>G	4763	NF1	Pathogenic	GRCh38	3237787
single nucleotide variant	NM_001042492.3(NF1):c.4849C>T (p.Gln1617Ter)	4763	NF1	Pathogenic	GRCh38	3237802
single nucleotide variant	NM_001042492.3(NF1):c.5254A>T (p.Lys1752Ter)	4763	NF1	Pathogenic	GRCh38	3237821
single nucleotide variant	NM_001042492.3(NF1):c.5352T>G (p.Tyr1784Ter)	4763	NF1	Pathogenic	GRCh38	3237826
single nucleotide variant	NM_001042492.3(NF1):c.6148-18A>G	4763	NF1	Likely pathogenic	GRCh38	3237859
single nucleotide variant	NM_001042492.3(NF1):c.6819+3A>C	4763	NF1	Pathogenic	GRCh38	3237898
single nucleotide variant	NM_001042492.3(NF1):c.8110C>T (p.Gln2704Ter)	4763	NF1	Pathogenic	GRCh38	3237972
single nucleotide variant	NM_001042492.3(NF1):c.118A>T (p.Lys40Ter)	4763	NF1	Pathogenic	GRCh38	3237997
single nucleotide variant	NM_001042492.3(NF1):c.1527+675C>T	4763	NF1	Likely pathogenic	GRCh38	3238361
single nucleotide variant	NM_001042492.3(NF1):c.7458-2A>G	4763	NF1	Pathogenic/Likely pathogenic	GRCh38	3239925
single nucleotide variant	NM_001042492.3(NF1):c.5657T>G (p.Leu1886Ter)	4763	NF1	Pathogenic	GRCh38	3239940
single nucleotide variant	NM_001042492.3(NF1):c.2173G>T (p.Glu725Ter)	4763	NF1	Pathogenic	GRCh38	3248545
single nucleotide variant	NM_001042492.3(NF1):c.3755T>G (p.Leu1252Ter)	4763	NF1	Pathogenic	GRCh38	3248546
single nucleotide variant	NM_001042492.3(NF1):c.5076T>G (p.Tyr1692Ter)	4763	NF1	Pathogenic	GRCh38	3248547
single nucleotide variant	NM_001042492.3(NF1):c.1186-3T>G	4763	NF1	Likely pathogenic	GRCh38	3252960
single nucleotide variant	NM_001042492.3(NF1):c.8106C>A (p.Tyr2702Ter)	4763	NF1	Likely pathogenic	GRCh38	3256114
single nucleotide variant	NM_001042492.3(NF1):c.3774G>A (p.Trp1258Ter)	4763	NF1	Pathogenic	GRCh38	3258039
single nucleotide variant	NM_001042492.3(NF1):c.6148-6T>G	4763	NF1	Likely pathogenic	GRCh38	3337391
single nucleotide variant	NM_001042492.3(NF1):c.61-1G>C	4763	NF1	Pathogenic/Likely pathogenic	GRCh38	3338872
single nucleotide variant	NM_001042492.3(NF1):c.1149C>A (p.Cys383Ter)	4763	NF1	Pathogenic	GRCh38	3338873
single nucleotide variant	NM_001042492.3(NF1):c.1392+2T>A	4763	NF1	Pathogenic/Likely pathogenic	GRCh38	3338874
single nucleotide variant	NM_001042492.3(NF1):c.730G>T (p.Glu244Ter)	4763	NF1	Pathogenic	GRCh38	3340241
single nucleotide variant	NM_001042492.3(NF1):c.6002G>C (p.Gly2001Ala)	4763	NF1	Likely pathogenic	GRCh38	3342165
single nucleotide variant	NM_001042492.3(NF1):c.7102G>T (p.Glu2368Ter)	4763	NF1	Pathogenic	GRCh38	3343861
single nucleotide variant	NM_001042492.3(NF1):c.482T>G (p.Leu161Ter)	4763	NF1	Pathogenic	GRCh38	3363306
single nucleotide variant	NM_001042492.3(NF1):c.6691G>T (p.Glu2231Ter)	4763	NF1	Pathogenic	GRCh38	3374754
single nucleotide variant	NM_001042492.3(NF1):c.2483T>A (p.Leu828Ter)	4763	NF1	Pathogenic	GRCh38	3374757
single nucleotide variant	NM_001042492.3(NF1):c.6995C>A (p.Ser2332Ter)	4763	NF1	Pathogenic	GRCh38	3374758
single nucleotide variant	NM_001042492.3(NF1):c.8114-2A>G	4763	NF1	Pathogenic	GRCh38	3376160
single nucleotide variant	NM_001042492.3(NF1):c.6068T>A (p.Leu2023Ter)	4763	NF1	Pathogenic	GRCh38	3378035
single nucleotide variant	NM_001042492.3(NF1):c.6820-2A>G	4763	NF1	Pathogenic/Likely pathogenic	GRCh38	3378413
single nucleotide variant	NM_001042492.3(NF1):c.6638T>G (p.Met2213Arg)	4763	NF1	Likely pathogenic	GRCh38	3382044
single nucleotide variant	NM_001042492.3(NF1):c.3592G>T (p.Glu1198Ter)	4763	NF1	Likely pathogenic	GRCh38	3382332
single nucleotide variant	NM_001042492.3(NF1):c.3739T>A (p.Phe1247Ile)	4763	NF1	Likely pathogenic	GRCh38	3384019
single nucleotide variant	NM_001042492.3(NF1):c.6643-1G>A	4763	NF1	Pathogenic/Likely pathogenic	GRCh38	3393249
single nucleotide variant	NM_001042492.3(NF1):c.372T>A (p.Cys124Ter)	4763	NF1	Pathogenic	GRCh38	3404722
single nucleotide variant	NM_001042492.3(NF1):c.4835+11561C>G	4763	NF1	Likely pathogenic	GRCh38	3404745
single nucleotide variant	NM_001042492.3(NF1):c.6148-2A>C	4763	NF1	Likely pathogenic	GRCh38	3404767
single nucleotide variant	NM_001042492.3(NF1):c.6007-2A>C	4763	NF1	Pathogenic	GRCh38	3404770
single nucleotide variant	NM_001042492.3(NF1):c.655-1G>C	4763	NF1	Likely pathogenic	GRCh38	3404598
single nucleotide variant	NM_001042492.3(NF1):c.7869+1G>T	4763	NF1	Likely pathogenic	GRCh38	3404599
single nucleotide variant	NM_001042492.3(NF1):c.4174-9T>A	4763	NF1	Likely pathogenic	GRCh38	3404624
single nucleotide variant	NM_001042492.3(NF1):c.288+545A>G	4763	NF1	Likely pathogenic	GRCh38	3404626
single nucleotide variant	NM_001042492.3(NF1):c.480-2A>C	4763	NF1	Pathogenic/Likely pathogenic	GRCh38	3404632
single nucleotide variant	NM_001042492.3(NF1):c.1282A>T (p.Lys428Ter)	4763	NF1	Pathogenic	GRCh38	3404703
single nucleotide variant	NM_001042492.3(NF1):c.8113+1G>T	4763	NF1	Likely pathogenic	GRCh38	3404713
single nucleotide variant	NM_001042492.3(NF1):c.2750T>A (p.Val917Asp)	4763	NF1	Likely pathogenic	GRCh38	3581824
single nucleotide variant	NM_001042492.3(NF1):c.4585A>T (p.Lys1529Ter)	4763	NF1	Likely pathogenic	GRCh38	3581831
single nucleotide variant	NM_001042492.3(NF1):c.5856G>T (p.Trp1952Cys)	4763	NF1	Likely pathogenic	GRCh38	3572040
single nucleotide variant	NM_001042492.3(NF1):c.6374T>A (p.Leu2125Gln)	4763	NF1	Likely pathogenic	GRCh38	3600323
single nucleotide variant	NM_001042492.3(NF1):c.3049C>G (p.Gln1017Glu)	4763	NF1	Likely pathogenic	GRCh38	3602628
single nucleotide variant	NM_001042492.3(NF1):c.5269-2A>C	4763	NF1	Pathogenic	GRCh38	3613707
single nucleotide variant	NM_001042492.3(NF1):c.4351A>C (p.Asn1451His)	4763	NF1	Likely pathogenic	GRCh38	3623909
single nucleotide variant	NM_001042492.3(NF1):c.3233C>A (p.Ser1078Ter)	4763	NF1	Pathogenic	GRCh38	3629458
single nucleotide variant	NM_001042492.3(NF1):c.161T>A (p.Val54Asp)	4763	NF1	Pathogenic	GRCh38	3634475
single nucleotide variant	NM_001042492.3(NF1):c.434T>G (p.Leu145Arg)	4763	NF1	Likely pathogenic	GRCh38	3634479
single nucleotide variant	NM_001042492.3(NF1):c.4370A>C (p.Lys1457Thr)	4763	NF1	Likely pathogenic	GRCh38	3634553
single nucleotide variant	NM_001042492.3(NF1):c.5734A>C (p.Ser1912Arg)	4763	NF1	Pathogenic	GRCh38	3634575
single nucleotide variant	NM_001042492.3(NF1):c.1468A>T (p.Lys490Ter)	4763	NF1	Pathogenic	GRCh38	3639824
single nucleotide variant	NM_001042492.3(NF1):c.7492A>T (p.Lys2498Ter)	4763	NF1	Pathogenic	GRCh38	3641057
single nucleotide variant	NM_001042492.3(NF1):c.6208G>T (p.Glu2070Ter)	4763	NF1	Pathogenic	GRCh38	3641819
single nucleotide variant	NM_001042492.3(NF1):c.6242T>G (p.Leu2081Ter)	4763	NF1	Pathogenic	GRCh38	3640273
single nucleotide variant	NM_001042492.3(NF1):c.6640G>T (p.Glu2214Ter)	4763	NF1	Pathogenic	GRCh38	3653109
single nucleotide variant	NM_001042492.3(NF1):c.6762T>A (p.Cys2254Ter)	4763	NF1	Pathogenic	GRCh38	3649261
single nucleotide variant	NM_001042492.3(NF1):c.7184T>A (p.Leu2395Ter)	4763	NF1	Pathogenic	GRCh38	3652469
single nucleotide variant	NM_001042492.3(NF1):c.4724+2T>C	4763	NF1	Pathogenic	GRCh38	3656175
single nucleotide variant	NM_001042492.3(NF1):c.7205C>A (p.Ser2402Ter)	4763	NF1	Pathogenic	GRCh38	3652281
single nucleotide variant	NM_001042492.3(NF1):c.6145A>T (p.Lys2049Ter)	4763	NF1	Pathogenic	GRCh38	3654060
single nucleotide variant	NM_001042492.3(NF1):c.5992G>T (p.Gly1998Ter)	4763	NF1	Pathogenic	GRCh38	3648424
single nucleotide variant	NM_001042492.3(NF1):c.2101G>T (p.Glu701Ter)	4763	NF1	Pathogenic	GRCh38	3649795
single nucleotide variant	NM_001042492.3(NF1):c.6919A>T (p.Lys2307Ter)	4763	NF1	Pathogenic	GRCh38	3657755
single nucleotide variant	NM_001042492.3(NF1):c.316G>T (p.Glu106Ter)	4763	NF1	Pathogenic	GRCh38	3662538
single nucleotide variant	NM_001042492.3(NF1):c.7616-1G>C	4763	NF1	Likely pathogenic	GRCh38	3662098
single nucleotide variant	NM_001042492.3(NF1):c.2252-2A>T	4763	NF1	Pathogenic	GRCh38	3663598
single nucleotide variant	NM_001042492.3(NF1):c.5612C>A (p.Ser1871Ter)	4763	NF1	Pathogenic	GRCh38	3663259
single nucleotide variant	NM_001042492.3(NF1):c.2998C>A (p.Arg1000Ser)	4763	NF1	Likely pathogenic	GRCh38	3682242
single nucleotide variant	NM_001042492.3(NF1):c.3975-1G>C	4763	NF1	Pathogenic	GRCh38	3677157
single nucleotide variant	NM_001042492.3(NF1):c.4353T>G (p.Asn1451Lys)	4763	NF1	Likely pathogenic	GRCh38	3677158
single nucleotide variant	NM_001042492.3(NF1):c.3709-2A>C	4763	NF1	Pathogenic	GRCh38	3706681
single nucleotide variant	NM_001042492.3(NF1):c.8114-2A>C	4763	NF1	Pathogenic	GRCh38	3714580
single nucleotide variant	NM_001042492.3(NF1):c.4708G>T (p.Glu1570Ter)	4763	NF1	Pathogenic	GRCh38	3721507
single nucleotide variant	NM_001042492.3(NF1):c.3496+2T>A	4763	NF1	Pathogenic	GRCh38	3726941
single nucleotide variant	NM_001042492.3(NF1):c.4110+2T>A	4763	NF1	Pathogenic/Likely pathogenic	GRCh38	3728484
single nucleotide variant	NM_001042492.3(NF1):c.2851-14T>A	4763	NF1	Likely pathogenic	GRCh38	3722392
single nucleotide variant	NM_001042492.3(NF1):c.1060A>T (p.Lys354Ter)	4763	NF1	Pathogenic	GRCh38	3722577
single nucleotide variant	NM_001042492.3(NF1):c.1722-3C>G	4763	NF1	Pathogenic	GRCh38	3722595
single nucleotide variant	NM_001042492.3(NF1):c.1742T>G (p.Ile581Ser)	4763	NF1	Likely pathogenic	GRCh38	3722602
single nucleotide variant	NM_001042492.3(NF1):c.2076C>G (p.Tyr692Ter)	4763	NF1	Pathogenic	GRCh38	3722617
single nucleotide variant	NM_001042492.3(NF1):c.3496+2T>G	4763	NF1	Pathogenic	GRCh38	3722658
single nucleotide variant	NM_001042492.3(NF1):c.3497-4T>G	4763	NF1	Likely pathogenic	GRCh38	3722659
single nucleotide variant	NM_001042492.3(NF1):c.4379A>C (p.His1460Pro)	4763	NF1	Likely pathogenic	GRCh38	3722674
single nucleotide variant	NM_001042492.3(NF1):c.5744T>G (p.Leu1915Arg)	4763	NF1	Pathogenic	GRCh38	3722685
single nucleotide variant	NM_001042492.3(NF1):c.6820-2A>T	4763	NF1	Pathogenic	GRCh38	3722695
single nucleotide variant	NM_001042492.3(NF1):c.6893T>G (p.Leu2298Arg)	4763	NF1	Pathogenic	GRCh38	3722696
single nucleotide variant	NM_001042492.3(NF1):c.7970+1G>T	4763	NF1	Pathogenic	GRCh38	3722701
single nucleotide variant	NM_001042492.3(NF1):c.1722-1G>C	4763	NF1	Pathogenic	GRCh38	3724348
single nucleotide variant	NM_001042492.3(NF1):c.4760T>A (p.Leu1587Ter)	4763	NF1	Pathogenic	GRCh38	3772253
single nucleotide variant	NM_001042492.3(NF1):c.3649G>T (p.Asp1217Tyr)	4763	NF1	Pathogenic	GRCh38	3776761
single nucleotide variant	NM_001042492.3(NF1):c.5790T>A (p.Cys1930Ter)	4763	NF1	Pathogenic	GRCh38	3776763
single nucleotide variant	NM_001042492.3(NF1):c.1392+754T>G	4763	NF1	Likely pathogenic	GRCh38	3780017
single nucleotide variant	NM_001042492.3(NF1):c.2252-11T>G	4763	NF1	Likely pathogenic	GRCh38	3780018
single nucleotide variant	NM_001042492.3(NF1):c.4173+278A>G	4763	NF1	Pathogenic/Likely pathogenic	GRCh38	3780019
single nucleotide variant	NM_001042492.3(NF1):c.4578-14T>G	4763	NF1	Pathogenic/Likely pathogenic	GRCh38	3780020
single nucleotide variant	NM_001042492.3(NF1):c.5610-456G>T	4763	NF1	Likely pathogenic	GRCh38	3780022
single nucleotide variant	NM_001042492.3(NF1):c.587-12T>A	4763	NF1	Likely pathogenic	GRCh38	3780024
single nucleotide variant	NM_001042492.3(NF1):c.888+651T>A	4763	NF1	Likely pathogenic	GRCh38	3780027
single nucleotide variant	NM_001042492.3(NF1):c.*481A>G	4763	NF1	Likely pathogenic	GRCh38	3780882
single nucleotide variant	NM_001042492.3(NF1):c.-273A>C	4763	NF1	Likely pathogenic	GRCh38	3780883
single nucleotide variant	NM_001042492.3(NF1):c.3500T>A (p.Leu1167Ter)	4763	NF1	Pathogenic	GRCh38	3878990
single nucleotide variant	NM_001042492.3(NF1):c.7375A>T (p.Lys2459Ter)	4763	NF1	Pathogenic	GRCh38	3879006
single nucleotide variant	NM_001042492.3(NF1):c.7321G>A (p.Ala2441Thr)	4763	NF1	Likely pathogenic	GRCh38	3879032
single nucleotide variant	NM_001042492.3(NF1):c.8160+1G>C	4763	NF1	Likely pathogenic	GRCh38	3879037
single nucleotide variant	NM_001042492.3(NF1):c.6834C>A (p.Cys2278Ter)	4763	NF1	Pathogenic	GRCh38	3879044
single nucleotide variant	NM_001042492.3(NF1):c.5967C>A (p.Tyr1989Ter)	4763	NF1	Pathogenic	GRCh38	3878976
single nucleotide variant	NM_001042492.3(NF1):c.7558A>T (p.Lys2520Ter)	4763	NF1	Pathogenic	GRCh38	3896737
single nucleotide variant	NM_001042492.3(NF1):c.5812+267A>G	4763	NF1	Likely pathogenic	GRCh38	3900636
single nucleotide variant	NM_001042492.3(NF1):c.3351C>A (p.Cys1117Ter)	4763	NF1	Pathogenic	GRCh38	3901106
single nucleotide variant	NM_001042492.3(NF1):c.4110+937C>G	4763	NF1	Likely pathogenic	GRCh38	3901497
single nucleotide variant	NM_001042492.3(NF1):c.1845+1G>C	4763	NF1	Pathogenic	GRCh38	3911832
single nucleotide variant	NM_001042492.3(NF1):c.2750T>G (p.Val917Gly)	4763	NF1	Likely pathogenic	GRCh38	3911833
single nucleotide variant	NM_001042492.3(NF1):c.7314C>A (p.Tyr2438Ter)	4763	NF1	Pathogenic	GRCh38	4004208
single nucleotide variant	NM_001042492.3(NF1):c.4066G>T (p.Glu1356Ter)	4763	NF1	Pathogenic	GRCh38	4014460
single nucleotide variant	NM_001042492.3(NF1):c.2535T>A (p.Cys845Ter)	4763	NF1	Pathogenic	GRCh38	4020284
single nucleotide variant	NM_001042492.3(NF1):c.7731T>A (p.Tyr2577Ter)	4763	NF1	Pathogenic	GRCh38	4024268
single nucleotide variant	NM_001042492.3(NF1):c.5133T>A (p.Cys1711Ter)	4763	NF1	Pathogenic	GRCh38	4034877
single nucleotide variant	NM_001042492.3(NF1):c.889-8392A>G	4763	NF1	Likely pathogenic	GRCh38	4038060
single nucleotide variant	NM_001042492.3(NF1):c.4101T>A (p.Cys1367Ter)	4763	NF1	Pathogenic	GRCh38	4056241
single nucleotide variant	NM_001042492.3(NF1):c.5610G>T (p.Arg1870=)	4763	NF1	Likely pathogenic	GRCh38	4071977
single nucleotide variant	NM_001042492.3(NF1):c.1435G>T (p.Glu479Ter)	4763	NF1	Pathogenic	GRCh38	4076105
single nucleotide variant	NM_001042492.3(NF1):c.5693T>A (p.Leu1898Ter)	4763	NF1	Pathogenic	GRCh38	4087692
single nucleotide variant	NM_001042492.3(NF1):c.7189+2T>G	4763	NF1	Pathogenic/Likely pathogenic	GRCh38	4087693
single nucleotide variant	NM_001042492.3(NF1):c.5744T>A (p.Leu1915Gln)	4763	NF1	Likely pathogenic	GRCh38	4119053
single nucleotide variant	NM_001042492.3(NF1):c.1393-523A>T	4763	NF1	Likely pathogenic	GRCh38	4119126
single nucleotide variant	NM_001042492.3(NF1):c.4318A>T (p.Lys1440Ter)	4763	NF1	Pathogenic	GRCh38	4278012
single nucleotide variant	NM_001042492.3(NF1):c.397G>T (p.Glu133Ter)	4763	NF1	Pathogenic	GRCh38	4280817
single nucleotide variant	NM_001042492.3(NF1):c.6074C>G (p.Ser2025Ter)	4763	NF1	Likely pathogenic	GRCh38	4281692
single nucleotide variant	NM_001042492.3(NF1):c.2990+5G>T	4763	NF1	Likely pathogenic	GRCh38	4526647
single nucleotide variant	NM_001042492.3(NF1):c.5813-281T>G	4763	NF1	Likely pathogenic	GRCh38	4528302
single nucleotide variant	NM_001042492.3(NF1):c.1062+1G>C	4763	NF1	Pathogenic	GRCh38	4528340
single nucleotide variant	NM_001042492.3(NF1):c.5609+2T>A	4763	NF1	Pathogenic	GRCh38	4531171
single nucleotide variant	NM_001042492.3(NF1):c.7190-768G>T	4763	NF1	Likely pathogenic	GRCh38	4534659
single nucleotide variant	NM_001042492.3(NF1):c.3314+1G>C	4763	NF1	Likely pathogenic	GRCh38	4538269
single nucleotide variant	NM_001042492.3(NF1):c.3974+5G>A	4763	NF1	Likely pathogenic	GRCh38	4615706
single nucleotide variant	NM_001042492.3(NF1):c.2912T>A (p.Leu971Ter)	4763	NF1	Pathogenic	GRCh38	4615732
single nucleotide variant	NM_001042492.3(NF1):c.288+1139T>A	4763	NF1	Likely pathogenic	GRCh38	4615748
single nucleotide variant	NM_001042492.3(NF1):c.4563T>A (p.Tyr1521Ter)	4763	NF1	Pathogenic	GRCh38	4615776
single nucleotide variant	NM_001042492.3(NF1):c.3895A>T (p.Lys1299Ter)	4763	NF1	Pathogenic	GRCh38	4615779
single nucleotide variant	NM_001042492.3(NF1):c.2254A>T (p.Arg752Ter)	4763	NF1	Pathogenic	GRCh38	4615836
single nucleotide variant	NM_001042492.3(NF1):c.3762C>G (p.Tyr1254Ter)	4763	NF1	Pathogenic	GRCh38	4685750
single nucleotide variant	NM_001042492.3(NF1):c.4902T>G (p.Tyr1634Ter)	4763	NF1	Pathogenic	GRCh38	4685816
single nucleotide variant	NM_001042492.3(NF1):c.7339G>T (p.Glu2447Ter)	4763	NF1	Pathogenic	GRCh38	4685949
single nucleotide variant	NM_001042492.3(NF1):c.311T>A (p.Leu104Ter)	4763	NF1	Pathogenic	GRCh38	4690117
single nucleotide variant	NM_001042492.3(NF1):c.818T>C (p.Leu273Pro)	4763	NF1	Pathogenic	GRCh38	4698300
single nucleotide variant	NM_001042492.3(NF1):c.2990+2T>A	4763	NF1	Pathogenic	GRCh38	4695141
single nucleotide variant	NM_001042492.3(NF1):c.3132C>G (p.Tyr1044Ter)	4763	NF1	Pathogenic	GRCh38	4710819
single nucleotide variant	NM_001042492.3(NF1):c.2040C>A (p.Cys680Ter)	4763	NF1	Pathogenic	GRCh38	4715880
single nucleotide variant	NM_001042492.3(NF1):c.3100G>T (p.Glu1034Ter)	4763	NF1	Pathogenic	GRCh38	4719022
single nucleotide variant	NM_001042492.3(NF1):c.1664T>A (p.Leu555Ter)	4763	NF1	Pathogenic	GRCh38	4719108
single nucleotide variant	NM_001042492.3(NF1):c.1185G>C (p.Lys395Asn)	4763	NF1	Pathogenic	GRCh38	4710341
single nucleotide variant	NM_001042492.3(NF1):c.3958G>T (p.Glu1320Ter)	4763	NF1	Pathogenic	GRCh38	4710352
single nucleotide variant	NM_001042492.3(NF1):c.3997G>T (p.Glu1333Ter)	4763	NF1	Pathogenic	GRCh38	4710354
single nucleotide variant	NM_001042492.3(NF1):c.5173A>T (p.Lys1725Ter)	4763	NF1	Pathogenic	GRCh38	4710358
single nucleotide variant	NM_001042492.3(NF1):c.5451T>A (p.Cys1817Ter)	4763	NF1	Pathogenic	GRCh38	4710362
single nucleotide variant	NM_001042492.3(NF1):c.6397C>G (p.Leu2133Val)	4763	NF1	Pathogenic	GRCh38	4710365
single nucleotide variant	NM_001042492.3(NF1):c.7062+2T>A	4763	NF1	Pathogenic	GRCh38	4710367
single nucleotide variant	NM_001042492.3(NF1):c.1459A>T (p.Arg487Ter)	4763	NF1	Pathogenic	GRCh38	4714843
single nucleotide variant	NM_001042492.3(NF1):c.2416G>T (p.Glu806Ter)	4763	NF1	Pathogenic	GRCh38	4718160
single nucleotide variant	NM_001042492.3(NF1):c.6473T>G (p.Leu2158Ter)	4763	NF1	Pathogenic	GRCh38	4718183
single nucleotide variant	NM_001042492.3(NF1):c.536T>A (p.Leu179Ter)	4763	NF1	Pathogenic	GRCh38	4718288
single nucleotide variant	NM_001042492.3(NF1):c.2146G>T (p.Glu716Ter)	4763	NF1	Pathogenic	GRCh38	4718411
single nucleotide variant	NM_001042492.3(NF1):c.7814T>A (p.Leu2605Ter)	4763	NF1	Pathogenic	GRCh38	4714439
single nucleotide variant	NM_001042492.3(NF1):c.913A>T (p.Lys305Ter)	4763	NF1	Pathogenic	GRCh38	4716275
single nucleotide variant	NM_001042492.3(NF1):c.2770G>T (p.Glu924Ter)	4763	NF1	Pathogenic	GRCh38	4730222
single nucleotide variant	NM_001042492.3(NF1):c.976A>T (p.Lys326Ter)	4763	NF1	Pathogenic	GRCh38	4735030
single nucleotide variant	NM_001042492.3(NF1):c.6937A>T (p.Lys2313Ter)	4763	NF1	Pathogenic	GRCh38	4727915
single nucleotide variant	NM_001042492.3(NF1):c.1205C>G (p.Ser402Ter)	4763	NF1	Pathogenic	GRCh38	4733291
single nucleotide variant	NM_001042492.3(NF1):c.22G>T (p.Glu8Ter)	4763	NF1	Pathogenic	GRCh38	4724021
single nucleotide variant	NM_001042492.3(NF1):c.7778T>G (p.Leu2593Ter)	4763	NF1	Pathogenic	GRCh38	4725924
single nucleotide variant	NM_001042492.3(NF1):c.5149G>T (p.Glu1717Ter)	4763	NF1	Pathogenic	GRCh38	4729422
single nucleotide variant	NM_001042492.3(NF1):c.1492A>T (p.Lys498Ter)	4763	NF1	Pathogenic	GRCh38	4744082
single nucleotide variant	NM_001042492.3(NF1):c.3114-2A>T	4763	NF1	Pathogenic	GRCh38	4739055
single nucleotide variant	NM_001042492.3(NF1):c.1392+751T>G	4763	NF1	Pathogenic	GRCh38	4755549
single nucleotide variant	NM_001042492.3(NF1):c.4598G>T (p.Arg1533Ile)	4763	NF1	Likely pathogenic	GRCh38	4755761
single nucleotide variant	NM_001042492.3(NF1):c.5837T>A (p.Leu1946Ter)	4763	NF1	Likely pathogenic	GRCh38	4759299
single nucleotide variant	NM_001042492.3(NF1):c.3914T>G (p.Leu1305Ter)	4763	NF1	Pathogenic	GRCh38	4762943
single nucleotide variant	NM_001042492.3(NF1):c.2002-1G>T	4763	NF1	Pathogenic	GRCh38	4760613
single nucleotide variant	NM_001042492.3(NF1):c.6922-2A>C	4763	NF1	Pathogenic	GRCh38	4763885
single nucleotide variant	NM_001042492.3(NF1):c.7321+1G>C	4763	NF1	Pathogenic	GRCh38	4763886
single nucleotide variant	NM_001042492.3(NF1):c.205A>T (p.Arg69Ter)	4763	NF1	Pathogenic	GRCh38	4775208
single nucleotide variant	NM_001042492.3(NF1):c.1978A>T (p.Lys660Ter)	4763	NF1	Likely pathogenic	GRCh38	4795155
single nucleotide variant	NM_001042492.3(NF1):c.3419C>G (p.Ser1140Ter)	4763	NF1	Pathogenic	GRCh38	4796679
single nucleotide variant	NM_001042492.3(NF1):c.6427G>T (p.Glu2143Ter)	4763	NF1	Pathogenic	GRCh38	4796680
single nucleotide variant	NM_001042492.3(NF1):c.6242T>A (p.Leu2081Ter)	4763	NF1	Pathogenic	GRCh38	4796685
single nucleotide variant	NM_001042492.3(NF1):c.350T>A (p.Ile117Asn)	4763	NF1	Pathogenic	GRCh38	4800700
single nucleotide variant	NM_001042492.3(NF1):c.1721+3A>T	4763	NF1	Pathogenic	GRCh38	4797567
single nucleotide variant	NM_001042492.3(NF1):c.3571A>C (p.Thr1191Pro)	4763	NF1	Pathogenic	GRCh38	4800752
single nucleotide variant	NM_001042492.3(NF1):c.889-7324A>G	4763	NF1	Pathogenic	GRCh38	4819709
single nucleotide variant	NM_001042492.3(NF1):c.3315-2A>T	4763	NF1	Likely pathogenic	GRCh38	4823930
single nucleotide variant	NM_001042492.3(NF1):c.331A>T (p.Lys111Ter)	4763	NF1	Pathogenic	GRCh38	4823933
single nucleotide variant	NM_001042492.3(NF1):c.3837C>G (p.Ser1279Arg)	4763	NF1	Likely pathogenic	GRCh38	4845364
single nucleotide variant	NM_001042492.3(NF1):c.4383G>T (p.Met1461Ile)	4763	NF1	Likely pathogenic	GRCh38	4845519
single nucleotide variant	NM_001042492.3(NF1):c.6921+2T>G	4763	NF1	Likely pathogenic	GRCh38	4851866
single nucleotide variant	NM_001042492.3(NF1):c.4888A>C (p.Thr1630Pro)	4763	NF1	Likely pathogenic	GRCh38	4852313
single nucleotide variant	NM_001042492.3(NF1):c.5268+1G>C	4763	NF1	Pathogenic	GRCh38	4852314
single nucleotide variant	NM_001042492.3(NF1):c.1392+1288A>G	4763	NF1	Pathogenic	GRCh38	4854810
