Type	Name	GeneID	GeneSymbol	ClinicalSignificance	Assembly	VariationID
single nucleotide variant	NM_001165963.4(SCN1A):c.4943G>A (p.Arg1648His)	6323	SCN1A	Pathogenic	GRCh38	12882
single nucleotide variant	NM_001165963.4(SCN1A):c.2624C>T (p.Thr875Met)	6323	SCN1A	Pathogenic/Likely pathogenic	GRCh38	12883
single nucleotide variant	NM_001165963.4(SCN1A):c.563A>T (p.Asp188Val)	6323	SCN1A	Likely pathogenic	GRCh38	12884
single nucleotide variant	NM_001165963.4(SCN1A):c.4057G>C (p.Val1353Leu)	6323	SCN1A	Pathogenic	GRCh38	12885
single nucleotide variant	NM_001165963.4(SCN1A):c.4968C>G (p.Ile1656Met)	6323	SCN1A	Pathogenic	GRCh38	12886
single nucleotide variant	NM_001165963.4(SCN1A):c.3610T>C (p.Trp1204Arg)	6323	SCN1A	Pathogenic	GRCh38	12887
single nucleotide variant	NM_001165963.4(SCN1A):c.664C>T (p.Arg222Ter)	6323	SCN1A	Pathogenic/Likely pathogenic	GRCh38	12889
single nucleotide variant	NM_001165963.4(SCN1A):c.2956C>T (p.Leu986Phe)	6323	SCN1A	Pathogenic	GRCh38	12890
single nucleotide variant	NM_001165963.4(SCN1A):c.3809A>C (p.Lys1270Thr)	6323	SCN1A	Pathogenic	GRCh38	12891
single nucleotide variant	NM_001165963.4(SCN1A):c.4283T>C (p.Val1428Ala)	6323	SCN1A	Pathogenic	GRCh38	12892
single nucleotide variant	NM_001165963.4(SCN1A):c.4465C>A (p.Gln1489Lys)	6323	SCN1A	Pathogenic	GRCh38	12893
single nucleotide variant	NM_001165963.4(SCN1A):c.5126C>T (p.Thr1709Ile)	6323	SCN1A	Pathogenic	GRCh38	12894
single nucleotide variant	NM_001165963.4(SCN1A):c.4831G>T (p.Val1611Phe)	6323	SCN1A	Pathogenic	GRCh38	12895
single nucleotide variant	NM_001165963.4(SCN1A):c.434T>C (p.Met145Thr)	6323	SCN1A	Pathogenic	GRCh38	12896
single nucleotide variant	NM_001165963.4(SCN1A):c.4495T>C (p.Phe1499Leu)	6323	SCN1A	Pathogenic	GRCh38	12902
single nucleotide variant	NM_001165963.4(SCN1A):c.4467G>C (p.Gln1489His)	6323	SCN1A	Pathogenic	GRCh38	12903
single nucleotide variant	NM_001165963.4(SCN1A):c.5006C>A (p.Ala1669Glu)	6323	SCN1A	Pathogenic	GRCh38	29883
single nucleotide variant	NM_001165963.4(SCN1A):c.2584C>G (p.Arg862Gly)	6323	SCN1A	Pathogenic	GRCh38	29884
single nucleotide variant	NM_001165963.4(SCN1A):c.1072C>A (p.Pro358Thr)	6323	SCN1A	Likely pathogenic	GRCh38	68500
single nucleotide variant	NM_001165963.4(SCN1A):c.1130G>A (p.Arg377Gln)	6323	SCN1A	Pathogenic/Likely pathogenic	GRCh38	68502
single nucleotide variant	NM_001165963.4(SCN1A):c.1177C>A (p.Arg393Ser)	6323	SCN1A	Pathogenic	GRCh38	68504
single nucleotide variant	NM_001165963.4(SCN1A):c.1177C>T (p.Arg393Cys)	6323	SCN1A	Pathogenic/Likely pathogenic	GRCh38	68505
single nucleotide variant	NM_001165963.4(SCN1A):c.1178G>A (p.Arg393His)	6323	SCN1A	Pathogenic/Likely pathogenic	GRCh38	68506
single nucleotide variant	NM_001165963.4(SCN1A):c.1207T>C (p.Phe403Leu)	6323	SCN1A	Pathogenic/Likely pathogenic	GRCh38	68508
single nucleotide variant	NM_001165963.4(SCN1A):c.1237T>A (p.Tyr413Asn)	6323	SCN1A	Pathogenic	GRCh38	68509
single nucleotide variant	NM_001165963.4(SCN1A):c.1265T>A (p.Val422Glu)	6323	SCN1A	Likely pathogenic	GRCh38	68510
single nucleotide variant	NM_001165963.4(SCN1A):c.1876A>G (p.Ser626Gly)	6323	SCN1A	Pathogenic	GRCh38	68512
single nucleotide variant	NM_001165963.4(SCN1A):c.220T>C (p.Ser74Pro)	6323	SCN1A	Pathogenic	GRCh38	68514
single nucleotide variant	NM_001165963.4(SCN1A):c.2435C>G (p.Thr812Arg)	6323	SCN1A	Pathogenic	GRCh38	68518
single nucleotide variant	NM_001165963.4(SCN1A):c.251A>G (p.Tyr84Cys)	6323	SCN1A	Pathogenic/Likely pathogenic	GRCh38	68520
single nucleotide variant	NM_001165963.4(SCN1A):c.2825T>C (p.Leu942Pro)	6323	SCN1A	Pathogenic	GRCh38	68521
single nucleotide variant	NM_001165963.4(SCN1A):c.2837G>A (p.Arg946His)	6323	SCN1A	Pathogenic/Likely pathogenic	GRCh38	68523
single nucleotide variant	NM_001165963.4(SCN1A):c.2849G>A (p.Gly950Glu)	6323	SCN1A	Pathogenic	GRCh38	68524
single nucleotide variant	NM_001165963.4(SCN1A):c.301C>T (p.Arg101Trp)	6323	SCN1A	Pathogenic/Likely pathogenic	GRCh38	68527
single nucleotide variant	NM_001165963.4(SCN1A):c.302G>A (p.Arg101Gln)	6323	SCN1A	Pathogenic	GRCh38	68528
single nucleotide variant	NM_001165963.4(SCN1A):c.3620T>C (p.Leu1207Pro)	6323	SCN1A	Pathogenic/Likely pathogenic	GRCh38	68530
single nucleotide variant	NM_001165963.4(SCN1A):c.3697G>C (p.Gly1233Arg)	6323	SCN1A	Pathogenic	GRCh38	68531
single nucleotide variant	NM_001165963.4(SCN1A):c.3734G>A (p.Arg1245Gln)	6323	SCN1A	Pathogenic/Likely pathogenic	GRCh38	68533
single nucleotide variant	NM_001165963.4(SCN1A):c.4168G>A (p.Val1390Met)	6323	SCN1A	Pathogenic/Likely pathogenic	GRCh38	68537
single nucleotide variant	NM_001165963.4(SCN1A):c.4186T>G (p.Cys1396Gly)	6323	SCN1A	Pathogenic	GRCh38	68538
single nucleotide variant	NM_001165963.4(SCN1A):c.4265A>G (p.Tyr1422Cys)	6323	SCN1A	Pathogenic/Likely pathogenic	GRCh38	68540
single nucleotide variant	NM_001165963.4(SCN1A):c.4321G>C (p.Ala1441Pro)	6323	SCN1A	Likely pathogenic	GRCh38	68543
single nucleotide variant	NM_001165963.4(SCN1A):c.4352C>T (p.Pro1451Leu)	6323	SCN1A	Pathogenic/Likely pathogenic	GRCh38	68544
single nucleotide variant	NM_001165963.4(SCN1A):c.4439G>T (p.Gly1480Val)	6323	SCN1A	Pathogenic	GRCh38	68549
single nucleotide variant	NM_001165963.4(SCN1A):c.4633A>G (p.Ile1545Val)	6323	SCN1A	Pathogenic	GRCh38	68551
single nucleotide variant	NM_001165963.4(SCN1A):c.4762T>C (p.Cys1588Arg)	6323	SCN1A	Pathogenic/Likely pathogenic	GRCh38	68552
single nucleotide variant	NM_001165963.4(SCN1A):c.4786C>T (p.Arg1596Cys)	6323	SCN1A	Pathogenic/Likely pathogenic	GRCh38	68553
single nucleotide variant	NM_001165963.4(SCN1A):c.4822G>T (p.Asp1608Tyr)	6323	SCN1A	Pathogenic/Likely pathogenic	GRCh38	68554
single nucleotide variant	NM_001165963.4(SCN1A):c.4934G>A (p.Arg1645Gln)	6323	SCN1A	Pathogenic	GRCh38	68558
single nucleotide variant	NM_001165963.4(SCN1A):c.4970G>A (p.Arg1657His)	6323	SCN1A	Pathogenic/Likely pathogenic	GRCh38	68559
single nucleotide variant	NM_001165963.4(SCN1A):c.5141T>G (p.Met1714Arg)	6323	SCN1A	Pathogenic	GRCh38	68564
single nucleotide variant	NM_001165963.4(SCN1A):c.5146T>C (p.Cys1716Arg)	6323	SCN1A	Pathogenic/Likely pathogenic	GRCh38	68565
single nucleotide variant	NM_001165963.4(SCN1A):c.5285G>A (p.Gly1762Glu)	6323	SCN1A	Pathogenic	GRCh38	68567
single nucleotide variant	NM_001165963.4(SCN1A):c.5318C>T (p.Ser1773Phe)	6323	SCN1A	Pathogenic	GRCh38	68568
single nucleotide variant	NM_001165963.4(SCN1A):c.5339T>C (p.Met1780Thr)	6323	SCN1A	Pathogenic/Likely pathogenic	GRCh38	68569
single nucleotide variant	NM_001165963.4(SCN1A):c.5347G>A (p.Ala1783Thr)	6323	SCN1A	Pathogenic	GRCh38	68570
single nucleotide variant	NM_001165963.4(SCN1A):c.5348C>T (p.Ala1783Val)	6323	SCN1A	Pathogenic	GRCh38	68571
single nucleotide variant	NM_001165963.4(SCN1A):c.5765T>C (p.Ile1922Thr)	6323	SCN1A	Pathogenic/Likely pathogenic	GRCh38	68573
single nucleotide variant	NM_001165963.4(SCN1A):c.580G>A (p.Asp194Asn)	6323	SCN1A	Pathogenic/Likely pathogenic	GRCh38	68575
single nucleotide variant	NM_001165963.4(SCN1A):c.650C>A (p.Thr217Lys)	6323	SCN1A	Pathogenic	GRCh38	68577
single nucleotide variant	NM_001165963.4(SCN1A):c.677C>T (p.Thr226Met)	6323	SCN1A	Pathogenic	GRCh38	68578
single nucleotide variant	NM_001165963.4(SCN1A):c.680T>G (p.Ile227Ser)	6323	SCN1A	Pathogenic	GRCh38	68579
single nucleotide variant	NM_001165963.4(SCN1A):c.715G>A (p.Ala239Thr)	6323	SCN1A	Pathogenic	GRCh38	68580
single nucleotide variant	NM_001165963.4(SCN1A):c.716C>T (p.Ala239Val)	6323	SCN1A	Pathogenic	GRCh38	68581
single nucleotide variant	NM_001165963.4(SCN1A):c.838T>C (p.Trp280Arg)	6323	SCN1A	Pathogenic	GRCh38	68583
single nucleotide variant	NM_001165963.4(SCN1A):c.965G>T (p.Arg322Ile)	6323	SCN1A	Pathogenic	GRCh38	68584
single nucleotide variant	NM_001165963.4(SCN1A):c.1028G>A (p.Gly343Asp)	6323	SCN1A	Pathogenic/Likely pathogenic	GRCh38	68585
single nucleotide variant	NM_001165963.4(SCN1A):c.1162T>C (p.Tyr388His)	6323	SCN1A	Pathogenic	GRCh38	68586
single nucleotide variant	NM_001165963.4(SCN1A):c.2369A>G (p.Tyr790Cys)	6323	SCN1A	Pathogenic	GRCh38	68590
single nucleotide variant	NM_001165963.4(SCN1A):c.2624C>A (p.Thr875Lys)	6323	SCN1A	Likely pathogenic	GRCh38	68594
single nucleotide variant	NM_001165963.4(SCN1A):c.269T>C (p.Phe90Ser)	6323	SCN1A	Pathogenic/Likely pathogenic	GRCh38	68596
single nucleotide variant	NM_001165963.4(SCN1A):c.272T>C (p.Ile91Thr)	6323	SCN1A	Pathogenic	GRCh38	68597
single nucleotide variant	NM_001165963.4(SCN1A):c.2791C>T (p.Arg931Cys)	6323	SCN1A	Pathogenic/Likely pathogenic	GRCh38	68598
single nucleotide variant	NM_001165963.4(SCN1A):c.2815C>T (p.His939Tyr)	6323	SCN1A	Pathogenic/Likely pathogenic	GRCh38	68600
single nucleotide variant	NM_001165963.4(SCN1A):c.2831T>C (p.Val944Ala)	6323	SCN1A	Pathogenic	GRCh38	68602
single nucleotide variant	NM_001165963.4(SCN1A):c.2836C>T (p.Arg946Cys)	6323	SCN1A	Pathogenic	GRCh38	68604
single nucleotide variant	NM_001165963.4(SCN1A):c.2854T>G (p.Trp952Gly)	6323	SCN1A	Pathogenic	GRCh38	68605
single nucleotide variant	NM_001165963.4(SCN1A):c.2860G>A (p.Glu954Lys)	6323	SCN1A	Pathogenic	GRCh38	68606
single nucleotide variant	NM_001165963.4(SCN1A):c.2875T>C (p.Cys959Arg)	6323	SCN1A	Pathogenic/Likely pathogenic	GRCh38	68607
single nucleotide variant	NM_001165963.4(SCN1A):c.2935G>A (p.Gly979Arg)	6323	SCN1A	Pathogenic	GRCh38	68609
single nucleotide variant	NM_001165963.4(SCN1A):c.2948T>C (p.Val983Ala)	6323	SCN1A	Likely pathogenic	GRCh38	68610
single nucleotide variant	NM_001165963.4(SCN1A):c.335C>T (p.Thr112Ile)	6323	SCN1A	Likely pathogenic	GRCh38	68615
single nucleotide variant	NM_001165963.4(SCN1A):c.3629C>A (p.Thr1210Lys)	6323	SCN1A	Pathogenic	GRCh38	68617
single nucleotide variant	NM_001165963.4(SCN1A):c.3693T>A (p.Ser1231Arg)	6323	SCN1A	Likely pathogenic	GRCh38	68619
single nucleotide variant	NM_001165963.4(SCN1A):c.3860T>C (p.Leu1287Pro)	6323	SCN1A	Pathogenic	GRCh38	68624
single nucleotide variant	NM_001165963.4(SCN1A):c.4298G>A (p.Gly1433Glu)	6323	SCN1A	Pathogenic/Likely pathogenic	GRCh38	68630
single nucleotide variant	NM_001165963.4(SCN1A):c.4300T>C (p.Trp1434Arg)	6323	SCN1A	Pathogenic/Likely pathogenic	GRCh38	68631
single nucleotide variant	NM_001165963.4(SCN1A):c.4757G>A (p.Gly1586Glu)	6323	SCN1A	Pathogenic	GRCh38	68637
single nucleotide variant	NM_001165963.4(SCN1A):c.4910T>A (p.Val1637Glu)	6323	SCN1A	Likely pathogenic	GRCh38	68640
single nucleotide variant	NM_001165963.4(SCN1A):c.4942C>T (p.Arg1648Cys)	6323	SCN1A	Pathogenic	GRCh38	68641
single nucleotide variant	NM_001165963.4(SCN1A):c.4969C>T (p.Arg1657Cys)	6323	SCN1A	Pathogenic	GRCh38	68642
single nucleotide variant	NM_001165963.4(SCN1A):c.4973C>T (p.Thr1658Met)	6323	SCN1A	Pathogenic/Likely pathogenic	GRCh38	68643
single nucleotide variant	NM_001165963.4(SCN1A):c.4982T>C (p.Phe1661Ser)	6323	SCN1A	Pathogenic	GRCh38	68644
single nucleotide variant	NM_001165963.4(SCN1A):c.5054C>T (p.Ala1685Val)	6323	SCN1A	Pathogenic	GRCh38	68648
single nucleotide variant	NM_001165963.4(SCN1A):c.5075T>C (p.Phe1692Ser)	6323	SCN1A	Likely pathogenic	GRCh38	68649
single nucleotide variant	NM_001165963.4(SCN1A):c.523G>A (p.Ala175Thr)	6323	SCN1A	Pathogenic/Likely pathogenic	GRCh38	68656
single nucleotide variant	NM_001165963.4(SCN1A):c.5342A>G (p.Tyr1781Cys)	6323	SCN1A	Pathogenic	GRCh38	68657
single nucleotide variant	NM_001165963.4(SCN1A):c.530G>A (p.Gly177Glu)	6323	SCN1A	Pathogenic	GRCh38	68658
single nucleotide variant	NM_001165963.4(SCN1A):c.5346C>G (p.Ile1782Met)	6323	SCN1A	Pathogenic	GRCh38	68659
single nucleotide variant	NM_001165963.4(SCN1A):c.5422T>C (p.Phe1808Leu)	6323	SCN1A	Pathogenic	GRCh38	68661
single nucleotide variant	NM_001165963.4(SCN1A):c.5434T>G (p.Trp1812Gly)	6323	SCN1A	Likely pathogenic	GRCh38	68662
single nucleotide variant	NM_001165963.4(SCN1A):c.5555T>C (p.Met1852Thr)	6323	SCN1A	Pathogenic	GRCh38	68664
single nucleotide variant	NM_001165963.4(SCN1A):c.568T>C (p.Trp190Arg)	6323	SCN1A	Pathogenic	GRCh38	68668
single nucleotide variant	NM_001165963.4(SCN1A):c.5726C>T (p.Thr1909Ile)	6323	SCN1A	Pathogenic/Likely pathogenic	GRCh38	68669
single nucleotide variant	NM_001165963.4(SCN1A):c.755T>A (p.Ile252Asn)	6323	SCN1A	Pathogenic/Likely pathogenic	GRCh38	68672
single nucleotide variant	NM_001165963.4(SCN1A):c.777C>A (p.Ser259Arg)	6323	SCN1A	Pathogenic/Likely pathogenic	GRCh38	68673
single nucleotide variant	NM_001165963.4(SCN1A):c.1029-1G>C	6323	SCN1A	Pathogenic	GRCh38	93625
single nucleotide variant	NM_001165963.4(SCN1A):c.1766A>T (p.Asp589Val)	6323	SCN1A	Likely pathogenic	GRCh38	93634
single nucleotide variant	NM_001165963.4(SCN1A):c.1837C>T (p.Arg613Ter)	6323	SCN1A	Pathogenic	GRCh38	93635
single nucleotide variant	NM_001165963.4(SCN1A):c.2576G>A (p.Arg859His)	6323	SCN1A	Pathogenic	GRCh38	93639
single nucleotide variant	NM_001165963.4(SCN1A):c.3646G>A (p.Glu1216Lys)	6323	SCN1A	Likely pathogenic	GRCh38	93644
single nucleotide variant	NM_001165963.4(SCN1A):c.4219C>T (p.Arg1407Ter)	6323	SCN1A	Pathogenic	GRCh38	93649
single nucleotide variant	NM_001165963.4(SCN1A):c.4284+2T>C	6323	SCN1A	Pathogenic	GRCh38	93651
single nucleotide variant	NM_001165963.4(SCN1A):c.2984T>G (p.Phe995Cys)	6323	SCN1A	Likely pathogenic	GRCh38	167641
single nucleotide variant	NM_001165963.4(SCN1A):c.3733C>T (p.Arg1245Ter)	6323	SCN1A	Pathogenic	GRCh38	167639
single nucleotide variant	NM_001165963.4(SCN1A):c.2590-2A>G	6323	SCN1A	Pathogenic	GRCh38	167643
single nucleotide variant	NM_001165963.4(SCN1A):c.5780G>C (p.Arg1927Thr)	6323	SCN1A	Pathogenic	GRCh38	189893
single nucleotide variant	NM_001165963.4(SCN1A):c.5674C>T (p.Arg1892Ter)	6323	SCN1A	Pathogenic/Likely pathogenic	GRCh38	189896
single nucleotide variant	NM_001165963.4(SCN1A):c.5662C>T (p.Gln1888Ter)	6323	SCN1A	Pathogenic	GRCh38	190019
single nucleotide variant	NM_001165963.4(SCN1A):c.5656C>T (p.Arg1886Ter)	6323	SCN1A	Pathogenic	GRCh38	189912
single nucleotide variant	NM_001165963.4(SCN1A):c.5536A>T (p.Lys1846Ter)	6323	SCN1A	Pathogenic	GRCh38	189859
single nucleotide variant	NM_001165963.4(SCN1A):c.5515C>G (p.Leu1839Val)	6323	SCN1A	Pathogenic/Likely pathogenic	GRCh38	189965
single nucleotide variant	NM_001165963.4(SCN1A):c.5470G>T (p.Glu1824Ter)	6323	SCN1A	Pathogenic	GRCh38	189932
single nucleotide variant	NM_001165963.4(SCN1A):c.5461C>T (p.Gln1821Ter)	6323	SCN1A	Pathogenic	GRCh38	189944
single nucleotide variant	NM_001165963.4(SCN1A):c.5404G>T (p.Glu1802Ter)	6323	SCN1A	Pathogenic	GRCh38	189943
single nucleotide variant	NM_001165963.4(SCN1A):c.5264A>G (p.Asp1755Gly)	6323	SCN1A	Pathogenic	GRCh38	189876
single nucleotide variant	NM_001165963.4(SCN1A):c.5222G>A (p.Cys1741Tyr)	6323	SCN1A	Pathogenic	GRCh38	189926
single nucleotide variant	NM_001165963.4(SCN1A):c.5108A>T (p.Asp1703Val)	6323	SCN1A	Pathogenic	GRCh38	189966
single nucleotide variant	NM_001165963.4(SCN1A):c.5106T>A (p.Asp1702Glu)	6323	SCN1A	Pathogenic	GRCh38	189970
single nucleotide variant	NM_001165963.4(SCN1A):c.5082T>G (p.Tyr1694Ter)	6323	SCN1A	Pathogenic	GRCh38	189907
single nucleotide variant	NM_001165963.4(SCN1A):c.5063G>T (p.Gly1688Val)	6323	SCN1A	Pathogenic	GRCh38	190026
single nucleotide variant	NM_001165963.4(SCN1A):c.5014A>C (p.Asn1672His)	6323	SCN1A	Pathogenic	GRCh38	189897
single nucleotide variant	NM_001165963.4(SCN1A):c.5003C>G (p.Pro1668Arg)	6323	SCN1A	Pathogenic	GRCh38	189845
single nucleotide variant	NM_001165963.4(SCN1A):c.4997C>T (p.Ser1666Phe)	6323	SCN1A	Pathogenic/Likely pathogenic	GRCh38	189922
single nucleotide variant	NM_001165963.4(SCN1A):c.4985C>T (p.Ala1662Val)	6323	SCN1A	Pathogenic/Likely pathogenic	GRCh38	190011
single nucleotide variant	NM_001165963.4(SCN1A):c.4934G>C (p.Arg1645Pro)	6323	SCN1A	Pathogenic	GRCh38	190005
single nucleotide variant	NM_001165963.4(SCN1A):c.4933C>T (p.Arg1645Ter)	6323	SCN1A	Pathogenic	GRCh38	189921
single nucleotide variant	NM_001165963.4(SCN1A):c.4906C>T (p.Arg1636Ter)	6323	SCN1A	Pathogenic	GRCh38	189870
single nucleotide variant	NM_001165963.4(SCN1A):c.4811G>A (p.Trp1604Ter)	6323	SCN1A	Pathogenic	GRCh38	189964
single nucleotide variant	NM_001165963.4(SCN1A):c.4766T>G (p.Val1589Gly)	6323	SCN1A	Pathogenic	GRCh38	189998
single nucleotide variant	NM_001165963.4(SCN1A):c.4573C>T (p.Arg1525Ter)	6323	SCN1A	Pathogenic	GRCh38	189911
single nucleotide variant	NM_001165963.4(SCN1A):c.4549A>T (p.Lys1517Ter)	6323	SCN1A	Pathogenic	GRCh38	190007
single nucleotide variant	NM_001165963.4(SCN1A):c.4547C>G (p.Ser1516Trp)	6323	SCN1A	Pathogenic	GRCh38	189923
single nucleotide variant	NM_001165963.4(SCN1A):c.4412C>T (p.Ser1471Phe)	6323	SCN1A	Pathogenic	GRCh38	189976
single nucleotide variant	NM_001165963.4(SCN1A):c.4351C>A (p.Pro1451Thr)	6323	SCN1A	Pathogenic	GRCh38	189843
single nucleotide variant	NM_001165963.4(SCN1A):c.4338+4A>C	6323	SCN1A	Pathogenic	GRCh38	189890
single nucleotide variant	NM_001165963.4(SCN1A):c.4302G>A (p.Trp1434Ter)	6323	SCN1A	Pathogenic	GRCh38	189846
single nucleotide variant	NM_001165963.4(SCN1A):c.4223G>A (p.Trp1408Ter)	6323	SCN1A	Pathogenic	GRCh38	189947
single nucleotide variant	NM_001165963.4(SCN1A):c.4188C>A (p.Cys1396Ter)	6323	SCN1A	Pathogenic	GRCh38	189903
single nucleotide variant	NM_001165963.4(SCN1A):c.4168G>C (p.Val1390Leu)	6323	SCN1A	Pathogenic	GRCh38	190014
single nucleotide variant	NM_001165963.4(SCN1A):c.4088T>A (p.Ile1363Asn)	6323	SCN1A	Pathogenic	GRCh38	189856
single nucleotide variant	NM_001165963.4(SCN1A):c.4086C>G (p.Ser1362Arg)	6323	SCN1A	Pathogenic	GRCh38	189942
single nucleotide variant	NM_001165963.4(SCN1A):c.4055T>C (p.Leu1352Pro)	6323	SCN1A	Pathogenic/Likely pathogenic	GRCh38	189990
single nucleotide variant	NM_001165963.4(SCN1A):c.4044G>A (p.Met1348Ile)	6323	SCN1A	Pathogenic	GRCh38	189991
single nucleotide variant	NM_001165963.4(SCN1A):c.4016C>T (p.Ala1339Val)	6323	SCN1A	Pathogenic	GRCh38	189952
single nucleotide variant	NM_001165963.4(SCN1A):c.3899C>G (p.Thr1300Arg)	6323	SCN1A	Pathogenic	GRCh38	189968
single nucleotide variant	NM_001165963.4(SCN1A):c.3880-2A>G	6323	SCN1A	Pathogenic	GRCh38	189985
single nucleotide variant	NM_001165963.4(SCN1A):c.3879+1G>T	6323	SCN1A	Pathogenic	GRCh38	189847
single nucleotide variant	NM_001165963.4(SCN1A):c.3858G>A (p.Trp1286Ter)	6323	SCN1A	Pathogenic	GRCh38	190029
single nucleotide variant	NM_001165963.4(SCN1A):c.3828T>A (p.Tyr1276Ter)	6323	SCN1A	Pathogenic	GRCh38	189887
single nucleotide variant	NM_001165963.4(SCN1A):c.3821A>C (p.Tyr1274Ser)	6323	SCN1A	Pathogenic	GRCh38	190028
single nucleotide variant	NM_001165963.4(SCN1A):c.3818C>T (p.Ala1273Val)	6323	SCN1A	Pathogenic/Likely pathogenic	GRCh38	190013
single nucleotide variant	NM_001165963.4(SCN1A):c.3763G>C (p.Ala1255Pro)	6323	SCN1A	Pathogenic	GRCh38	189879
single nucleotide variant	NM_001165963.4(SCN1A):c.3757G>T (p.Glu1253Ter)	6323	SCN1A	Pathogenic	GRCh38	189986
single nucleotide variant	NM_001165963.4(SCN1A):c.3730C>T (p.Gln1244Ter)	6323	SCN1A	Pathogenic	GRCh38	189883
single nucleotide variant	NM_001165963.4(SCN1A):c.3706G>C (p.Ala1236Pro)	6323	SCN1A	Pathogenic/Likely pathogenic	GRCh38	189933
single nucleotide variant	NM_001165963.4(SCN1A):c.3705+2T>A	6323	SCN1A	Pathogenic	GRCh38	189891
single nucleotide variant	NM_001165963.4(SCN1A):c.3705+1G>A	6323	SCN1A	Pathogenic	GRCh38	189902
single nucleotide variant	NM_001165963.4(SCN1A):c.3661G>C (p.Glu1221Gln)	6323	SCN1A	Pathogenic	GRCh38	190031
single nucleotide variant	NM_001165963.4(SCN1A):c.3637C>T (p.Arg1213Ter)	6323	SCN1A	Pathogenic	GRCh38	189861
single nucleotide variant	NM_001165963.4(SCN1A):c.3615G>A (p.Trp1205Ter)	6323	SCN1A	Pathogenic	GRCh38	189873
single nucleotide variant	NM_001165963.4(SCN1A):c.3550+1G>A	6323	SCN1A	Pathogenic	GRCh38	190008
single nucleotide variant	NM_001165963.4(SCN1A):c.3455C>A (p.Ser1152Ter)	6323	SCN1A	Pathogenic	GRCh38	189884
single nucleotide variant	NM_001165963.4(SCN1A):c.3439G>T (p.Glu1147Ter)	6323	SCN1A	Pathogenic	GRCh38	189889
single nucleotide variant	NM_001165963.4(SCN1A):c.3106C>T (p.Gln1036Ter)	6323	SCN1A	Pathogenic	GRCh38	189975
single nucleotide variant	NM_001165963.4(SCN1A):c.2946+1G>T	6323	SCN1A	Pathogenic	GRCh38	189935
single nucleotide variant	NM_001165963.4(SCN1A):c.2936G>A (p.Gly979Glu)	6323	SCN1A	Pathogenic	GRCh38	190016
single nucleotide variant	NM_001165963.4(SCN1A):c.2929G>A (p.Val977Met)	6323	SCN1A	Pathogenic	GRCh38	189999
single nucleotide variant	NM_001165963.4(SCN1A):c.2903G>T (p.Cys968Phe)	6323	SCN1A	Pathogenic	GRCh38	189992
single nucleotide variant	NM_001165963.4(SCN1A):c.2879T>G (p.Met960Arg)	6323	SCN1A	Pathogenic	GRCh38	189858
single nucleotide variant	NM_001165963.4(SCN1A):c.2876G>A (p.Cys959Tyr)	6323	SCN1A	Pathogenic	GRCh38	189867
single nucleotide variant	NM_001165963.4(SCN1A):c.2837G>C (p.Arg946Pro)	6323	SCN1A	Pathogenic/Likely pathogenic	GRCh38	189882
single nucleotide variant	NM_001165963.4(SCN1A):c.2792G>C (p.Arg931Pro)	6323	SCN1A	Pathogenic/Likely pathogenic	GRCh38	189961
single nucleotide variant	NM_001165963.4(SCN1A):c.2792G>A (p.Arg931His)	6323	SCN1A	Pathogenic	GRCh38	189869
single nucleotide variant	NM_001165963.4(SCN1A):c.2728C>A (p.Gln910Lys)	6323	SCN1A	Pathogenic	GRCh38	189874
single nucleotide variant	NM_001165963.4(SCN1A):c.2690T>C (p.Leu897Ser)	6323	SCN1A	Pathogenic	GRCh38	189924
single nucleotide variant	NM_001165963.4(SCN1A):c.2678T>A (p.Leu893Ter)	6323	SCN1A	Pathogenic	GRCh38	189984
single nucleotide variant	NM_001165963.4(SCN1A):c.2615C>A (p.Ser872Tyr)	6323	SCN1A	Pathogenic/Likely pathogenic	GRCh38	189949
single nucleotide variant	NM_001165963.4(SCN1A):c.2593C>T (p.Arg865Ter)	6323	SCN1A	Pathogenic	GRCh38	189844
single nucleotide variant	NM_001165963.4(SCN1A):c.2589+3A>T	6323	SCN1A	Pathogenic	GRCh38	189938
single nucleotide variant	NM_001165963.4(SCN1A):c.2588T>G (p.Leu863Trp)	6323	SCN1A	Pathogenic	GRCh38	189863
single nucleotide variant	NM_001165963.4(SCN1A):c.2584C>T (p.Arg862Ter)	6323	SCN1A	Pathogenic/Likely pathogenic	GRCh38	189857
single nucleotide variant	NM_001165963.4(SCN1A):c.2537A>G (p.Glu846Gly)	6323	SCN1A	Pathogenic	GRCh38	189957
single nucleotide variant	NM_001165963.4(SCN1A):c.2479T>G (p.Tyr827Asp)	6323	SCN1A	Pathogenic	GRCh38	189971
single nucleotide variant	NM_001165963.4(SCN1A):c.2353A>G (p.Met785Val)	6323	SCN1A	Pathogenic	GRCh38	189917
single nucleotide variant	NM_001165963.4(SCN1A):c.2303C>T (p.Pro768Leu)	6323	SCN1A	Likely pathogenic	GRCh38	189929
single nucleotide variant	NM_001165963.4(SCN1A):c.2261G>T (p.Trp754Leu)	6323	SCN1A	Pathogenic	GRCh38	189901
single nucleotide variant	NM_001165963.4(SCN1A):c.2213G>T (p.Trp738Leu)	6323	SCN1A	Pathogenic	GRCh38	189900
single nucleotide variant	NM_001165963.4(SCN1A):c.2213G>A (p.Trp738Ter)	6323	SCN1A	Pathogenic	GRCh38	189969
single nucleotide variant	NM_001165963.4(SCN1A):c.2176+3T>A	6323	SCN1A	Pathogenic	GRCh38	189958
single nucleotide variant	NM_001165963.4(SCN1A):c.2134C>T (p.Arg712Ter)	6323	SCN1A	Pathogenic	GRCh38	189886
single nucleotide variant	NM_001165963.4(SCN1A):c.2071A>T (p.Lys691Ter)	6323	SCN1A	Pathogenic	GRCh38	189906
single nucleotide variant	NM_001165963.4(SCN1A):c.1970C>T (p.Pro657Leu)	6323	SCN1A	Pathogenic	GRCh38	190010
single nucleotide variant	NM_001165963.4(SCN1A):c.1834C>T (p.Arg612Ter)	6323	SCN1A	Pathogenic	GRCh38	189941
single nucleotide variant	NM_001165963.4(SCN1A):c.1804G>T (p.Glu602Ter)	6323	SCN1A	Pathogenic	GRCh38	190006
single nucleotide variant	NM_001165963.4(SCN1A):c.1738C>T (p.Arg580Ter)	6323	SCN1A	Pathogenic	GRCh38	189892
single nucleotide variant	NM_001165963.4(SCN1A):c.1662+3A>G	6323	SCN1A	Pathogenic/Likely pathogenic	GRCh38	189936
single nucleotide variant	NM_001165963.4(SCN1A):c.1662+1G>T	6323	SCN1A	Pathogenic	GRCh38	189908
single nucleotide variant	NM_001165963.4(SCN1A):c.1624C>T (p.Arg542Ter)	6323	SCN1A	Pathogenic	GRCh38	189848
single nucleotide variant	NM_001165963.4(SCN1A):c.1516C>T (p.Gln506Ter)	6323	SCN1A	Pathogenic	GRCh38	189953
single nucleotide variant	NM_001165963.4(SCN1A):c.1345G>T (p.Glu449Ter)	6323	SCN1A	Pathogenic	GRCh38	189973
single nucleotide variant	NM_001165963.4(SCN1A):c.1265T>C (p.Val422Ala)	6323	SCN1A	Pathogenic	GRCh38	189920
single nucleotide variant	NM_001165963.4(SCN1A):c.1259C>T (p.Ala420Val)	6323	SCN1A	Likely pathogenic	GRCh38	189996
single nucleotide variant	NM_001165963.4(SCN1A):c.1199T>A (p.Met400Lys)	6323	SCN1A	Pathogenic	GRCh38	189880
single nucleotide variant	NM_001165963.4(SCN1A):c.1170+1G>T	6323	SCN1A	Pathogenic	GRCh38	189928
single nucleotide variant	NM_001165963.4(SCN1A):c.1146C>A (p.Asp382Glu)	6323	SCN1A	Pathogenic	GRCh38	189913
single nucleotide variant	NM_001165963.4(SCN1A):c.1136T>A (p.Met379Lys)	6323	SCN1A	Pathogenic	GRCh38	189888
single nucleotide variant	NM_001165963.4(SCN1A):c.1129C>T (p.Arg377Ter)	6323	SCN1A	Pathogenic	GRCh38	189963
single nucleotide variant	NM_001165963.4(SCN1A):c.1072C>T (p.Pro358Ser)	6323	SCN1A	Pathogenic	GRCh38	189872
single nucleotide variant	NM_001165963.4(SCN1A):c.1048A>G (p.Met350Val)	6323	SCN1A	Pathogenic	GRCh38	189931
single nucleotide variant	NM_001165963.4(SCN1A):c.1046A>G (p.Tyr349Cys)	6323	SCN1A	Pathogenic	GRCh38	190018
single nucleotide variant	NM_001165963.4(SCN1A):c.1033T>C (p.Cys345Arg)	6323	SCN1A	Pathogenic	GRCh38	189945
single nucleotide variant	NM_001165963.4(SCN1A):c.1025C>T (p.Ala342Val)	6323	SCN1A	Pathogenic	GRCh38	189960
single nucleotide variant	NM_001165963.4(SCN1A):c.1024G>T (p.Ala342Ser)	6323	SCN1A	Pathogenic/Likely pathogenic	GRCh38	190017
single nucleotide variant	NM_001165963.4(SCN1A):c.1007G>A (p.Cys336Tyr)	6323	SCN1A	Pathogenic	GRCh38	189962
single nucleotide variant	NM_001165963.4(SCN1A):c.965-1G>A	6323	SCN1A	Pathogenic/Likely pathogenic	GRCh38	189993
single nucleotide variant	NM_001165963.4(SCN1A):c.964+14T>G	6323	SCN1A	Pathogenic	GRCh38	190009
single nucleotide variant	NM_001165963.4(SCN1A):c.826A>C (p.Lys276Gln)	6323	SCN1A	Pathogenic	GRCh38	190021
single nucleotide variant	NM_001165963.4(SCN1A):c.769T>C (p.Cys257Arg)	6323	SCN1A	Pathogenic/Likely pathogenic	GRCh38	189934
single nucleotide variant	NM_001165963.4(SCN1A):c.747T>G (p.Asp249Glu)	6323	SCN1A	Pathogenic	GRCh38	189982
single nucleotide variant	NM_001165963.4(SCN1A):c.728C>A (p.Ser243Tyr)	6323	SCN1A	Pathogenic	GRCh38	189915
single nucleotide variant	NM_001165963.4(SCN1A):c.675G>C (p.Lys225Asn)	6323	SCN1A	Pathogenic	GRCh38	189871
single nucleotide variant	NM_001165963.4(SCN1A):c.602+3A>C	6323	SCN1A	Pathogenic	GRCh38	190004
single nucleotide variant	NM_001165963.4(SCN1A):c.602+1G>T	6323	SCN1A	Pathogenic	GRCh38	189997
single nucleotide variant	NM_001165963.4(SCN1A):c.530G>T (p.Gly177Val)	6323	SCN1A	Pathogenic	GRCh38	189904
single nucleotide variant	NM_001165963.4(SCN1A):c.473+1G>C	6323	SCN1A	Pathogenic	GRCh38	190012
single nucleotide variant	NM_001165963.4(SCN1A):c.433A>G (p.Met145Val)	6323	SCN1A	Pathogenic	GRCh38	190024
single nucleotide variant	NM_001165963.4(SCN1A):c.384-1C>G	6323	SCN1A	Pathogenic	GRCh38	189927
single nucleotide variant	NM_001165963.4(SCN1A):c.383+1A>G	6323	SCN1A	Pathogenic	GRCh38	189967
single nucleotide variant	NM_001165963.4(SCN1A):c.337C>A (p.Pro113Thr)	6323	SCN1A	Pathogenic	GRCh38	189862
single nucleotide variant	NM_001165963.4(SCN1A):c.323T>C (p.Leu108Pro)	6323	SCN1A	Pathogenic	GRCh38	189956
single nucleotide variant	NM_001165963.4(SCN1A):c.308G>T (p.Ser103Ile)	6323	SCN1A	Pathogenic	GRCh38	189899
single nucleotide variant	NM_001165963.4(SCN1A):c.264+5G>C	6323	SCN1A	Pathogenic	GRCh38	189925
single nucleotide variant	NM_001165963.4(SCN1A):c.121A>T (p.Lys41Ter)	6323	SCN1A	Pathogenic	GRCh38	189894
single nucleotide variant	NM_001165963.4(SCN1A):c.70G>A (p.Ala24Thr)	6323	SCN1A	Pathogenic	GRCh38	190023
single nucleotide variant	NM_001165963.4(SCN1A):c.2214G>A (p.Trp738Ter)	6323	SCN1A	Pathogenic	GRCh38	190225
single nucleotide variant	NM_001165963.4(SCN1A):c.4224G>A (p.Trp1408Ter)	6323	SCN1A	Pathogenic	GRCh38	195576
single nucleotide variant	NM_001165963.4(SCN1A):c.5389G>C (p.Ala1797Pro)	6323	SCN1A	Likely pathogenic	GRCh38	195940
single nucleotide variant	NM_001165963.4(SCN1A):c.602+1G>A	6323	SCN1A	Pathogenic	GRCh38	197187
single nucleotide variant	NM_001165963.4(SCN1A):c.4444A>C (p.Ile1482Leu)	6323	SCN1A	Likely pathogenic	GRCh38	202173
single nucleotide variant	NM_001165963.4(SCN1A):c.5753C>T (p.Ser1918Phe)	6323	SCN1A	Pathogenic/Likely pathogenic	GRCh38	206880
single nucleotide variant	NM_001165963.4(SCN1A):c.5746G>T (p.Glu1916Ter)	6323	SCN1A	Pathogenic	GRCh38	206878
single nucleotide variant	NM_001165963.4(SCN1A):c.5710C>T (p.Gln1904Ter)	6323	SCN1A	Pathogenic	GRCh38	206948
single nucleotide variant	NM_001165963.4(SCN1A):c.5620C>T (p.Arg1874Trp)	6323	SCN1A	Likely pathogenic	GRCh38	206873
single nucleotide variant	NM_001165963.4(SCN1A):c.5567T>A (p.Met1856Lys)	6323	SCN1A	Likely pathogenic	GRCh38	206869
single nucleotide variant	NM_001165963.4(SCN1A):c.5435G>A (p.Trp1812Ter)	6323	SCN1A	Pathogenic	GRCh38	206866
single nucleotide variant	NM_001165963.4(SCN1A):c.5416G>T (p.Glu1806Ter)	6323	SCN1A	Pathogenic	GRCh38	206865
single nucleotide variant	NM_001165963.4(SCN1A):c.5361G>T (p.Glu1787Asp)	6323	SCN1A	Likely pathogenic	GRCh38	206864
single nucleotide variant	NM_001165963.4(SCN1A):c.5261G>T (p.Gly1754Val)	6323	SCN1A	Likely pathogenic	GRCh38	206862
single nucleotide variant	NM_001165963.4(SCN1A):c.5168C>T (p.Ser1723Phe)	6323	SCN1A	Pathogenic/Likely pathogenic	GRCh38	206944
single nucleotide variant	NM_001165963.4(SCN1A):c.5162C>A (p.Thr1721Lys)	6323	SCN1A	Pathogenic	GRCh38	206859
single nucleotide variant	NM_001165963.4(SCN1A):c.5104G>T (p.Asp1702Tyr)	6323	SCN1A	Likely pathogenic	GRCh38	206857
single nucleotide variant	NM_001165963.4(SCN1A):c.4999C>T (p.Leu1667Phe)	6323	SCN1A	Likely pathogenic	GRCh38	206856
single nucleotide variant	NM_001165963.4(SCN1A):c.4995G>A (p.Met1665Ile)	6323	SCN1A	Likely pathogenic	GRCh38	206855
single nucleotide variant	NM_001165963.4(SCN1A):c.4943G>T (p.Arg1648Leu)	6323	SCN1A	Pathogenic/Likely pathogenic	GRCh38	206854
single nucleotide variant	NM_001165963.4(SCN1A):c.4931G>A (p.Gly1644Asp)	6323	SCN1A	Pathogenic/Likely pathogenic	GRCh38	206853
single nucleotide variant	NM_001165963.4(SCN1A):c.4916G>C (p.Arg1639Pro)	6323	SCN1A	Pathogenic	GRCh38	206852
single nucleotide variant	NM_001165963.4(SCN1A):c.4794T>G (p.Tyr1598Ter)	6323	SCN1A	Pathogenic	GRCh38	206847
single nucleotide variant	NM_001165963.4(SCN1A):c.4701A>G (p.Glu1567=)	6323	SCN1A	Likely pathogenic	GRCh38	206844
single nucleotide variant	NM_001165963.4(SCN1A):c.4681G>T (p.Glu1561Ter)	6323	SCN1A	Pathogenic	GRCh38	206843
single nucleotide variant	NM_001165963.4(SCN1A):c.4577C>G (p.Pro1526Arg)	6323	SCN1A	Pathogenic/Likely pathogenic	GRCh38	206841
single nucleotide variant	NM_001165963.4(SCN1A):c.4555C>A (p.Pro1519Thr)	6323	SCN1A	Pathogenic/Likely pathogenic	GRCh38	206838
single nucleotide variant	NM_001165963.4(SCN1A):c.4547C>A (p.Ser1516Ter)	6323	SCN1A	Pathogenic	GRCh38	206837
single nucleotide variant	NM_001165963.4(SCN1A):c.4511A>T (p.Gln1504Leu)	6323	SCN1A	Likely pathogenic	GRCh38	206834
single nucleotide variant	NM_001165963.4(SCN1A):c.4493T>A (p.Ile1498Asn)	6323	SCN1A	Likely pathogenic	GRCh38	206833
single nucleotide variant	NM_001165963.4(SCN1A):c.4476+1A>T	6323	SCN1A	Pathogenic	GRCh38	206832
single nucleotide variant	NM_001165963.4(SCN1A):c.4476+1A>G	6323	SCN1A	Pathogenic	GRCh38	206829
single nucleotide variant	NM_001165963.4(SCN1A):c.4438G>T (p.Gly1480Cys)	6323	SCN1A	Likely pathogenic	GRCh38	206830
single nucleotide variant	NM_001165963.4(SCN1A):c.4360G>A (p.Glu1454Lys)	6323	SCN1A	Pathogenic	GRCh38	1453277
single nucleotide variant	NM_001165963.4(SCN1A):c.4313T>C (p.Met1438Thr)	6323	SCN1A	Pathogenic/Likely pathogenic	GRCh38	1393964
single nucleotide variant	NM_001165963.4(SCN1A):c.4297G>C (p.Gly1433Arg)	6323	SCN1A	Pathogenic	GRCh38	206814
single nucleotide variant	NM_001165963.4(SCN1A):c.4285G>A (p.Ala1429Thr)	6323	SCN1A	Pathogenic	GRCh38	206822
single nucleotide variant	NM_001165963.4(SCN1A):c.4027G>C (p.Ala1343Pro)	6323	SCN1A	Pathogenic	GRCh38	206819
single nucleotide variant	NM_001165963.4(SCN1A):c.4016C>A (p.Ala1339Asp)	6323	SCN1A	Pathogenic	GRCh38	206818
single nucleotide variant	NM_001165963.4(SCN1A):c.4006G>A (p.Val1336Ile)	6323	SCN1A	Pathogenic	GRCh38	206817
single nucleotide variant	NM_001165963.4(SCN1A):c.3985C>T (p.Arg1329Ter)	6323	SCN1A	Pathogenic	GRCh38	206816
single nucleotide variant	NM_001165963.4(SCN1A):c.3850T>C (p.Trp1284Arg)	6323	SCN1A	Pathogenic/Likely pathogenic	GRCh38	206811
single nucleotide variant	NM_001165963.4(SCN1A):c.3824G>A (p.Gly1275Asp)	6323	SCN1A	Pathogenic/Likely pathogenic	GRCh38	206810
single nucleotide variant	NM_001165963.4(SCN1A):c.3607C>T (p.Gln1203Ter)	6323	SCN1A	Pathogenic	GRCh38	206803
single nucleotide variant	NM_001165963.4(SCN1A):c.3361G>T (p.Glu1121Ter)	6323	SCN1A	Pathogenic	GRCh38	206798
single nucleotide variant	NM_001165963.4(SCN1A):c.2966C>T (p.Ala989Val)	6323	SCN1A	Pathogenic/Likely pathogenic	GRCh38	206794
single nucleotide variant	NM_001165963.4(SCN1A):c.2939A>G (p.Asn980Ser)	6323	SCN1A	Pathogenic	GRCh38	206793
single nucleotide variant	NM_001165963.4(SCN1A):c.2877T>A (p.Cys959Ter)	6323	SCN1A	Pathogenic	GRCh38	206791
single nucleotide variant	NM_001165963.4(SCN1A):c.2806G>T (p.Asp936Tyr)	6323	SCN1A	Pathogenic	GRCh38	206790
single nucleotide variant	NM_001165963.4(SCN1A):c.2801T>G (p.Met934Arg)	6323	SCN1A	Pathogenic/Likely pathogenic	GRCh38	1686148
single nucleotide variant	NM_001165963.4(SCN1A):c.2782C>T (p.Gln928Ter)	6323	SCN1A	Pathogenic/Likely pathogenic	GRCh38	206787
single nucleotide variant	NM_001165963.4(SCN1A):c.2722G>C (p.Gly908Arg)	6323	SCN1A	Likely pathogenic	GRCh38	206786
single nucleotide variant	NM_001165963.4(SCN1A):c.2681C>G (p.Thr894Ser)	6323	SCN1A	Likely pathogenic	GRCh38	206785
single nucleotide variant	NM_001165963.4(SCN1A):c.2569G>A (p.Val857Ile)	6323	SCN1A	Likely pathogenic	GRCh38	206784
single nucleotide variant	NM_001165963.4(SCN1A):c.2354T>C (p.Met785Thr)	6323	SCN1A	Likely pathogenic	GRCh38	206938
single nucleotide variant	NM_001165963.4(SCN1A):c.2272A>C (p.Lys758Gln)	6323	SCN1A	Pathogenic	GRCh38	206780
single nucleotide variant	NM_001165963.4(SCN1A):c.2177-1G>T	6323	SCN1A	Pathogenic	GRCh38	206937
single nucleotide variant	NM_001165963.4(SCN1A):c.1662G>A (p.Gln554=)	6323	SCN1A	Pathogenic	GRCh38	206771
single nucleotide variant	NM_001165963.4(SCN1A):c.1348C>T (p.Gln450Ter)	6323	SCN1A	Pathogenic	GRCh38	206766
single nucleotide variant	NM_001165963.4(SCN1A):c.1277A>G (p.Tyr426Cys)	6323	SCN1A	Pathogenic/Likely pathogenic	GRCh38	206761
single nucleotide variant	NM_001165963.4(SCN1A):c.1195T>G (p.Tyr399Asp)	6323	SCN1A	Likely pathogenic	GRCh38	206763
single nucleotide variant	NM_001165963.4(SCN1A):c.1153G>A (p.Glu385Lys)	6323	SCN1A	Pathogenic	GRCh38	2159360
single nucleotide variant	NM_001165963.4(SCN1A):c.1112C>T (p.Ala371Val)	6323	SCN1A	Likely pathogenic	GRCh38	206759
single nucleotide variant	NM_001165963.4(SCN1A):c.1076A>T (p.Asn359Ile)	6323	SCN1A	Pathogenic	GRCh38	206757
single nucleotide variant	NM_001165963.4(SCN1A):c.986G>T (p.Gly329Val)	6323	SCN1A	Pathogenic/Likely pathogenic	GRCh38	206755
single nucleotide variant	NM_001165963.4(SCN1A):c.985G>T (p.Gly329Cys)	6323	SCN1A	Pathogenic/Likely pathogenic	GRCh38	206933
single nucleotide variant	NM_001165963.4(SCN1A):c.964+5G>A	6323	SCN1A	Likely pathogenic	GRCh38	206751
single nucleotide variant	NM_001165963.4(SCN1A):c.842C>T (p.Pro281Leu)	6323	SCN1A	Pathogenic	GRCh38	206750
single nucleotide variant	NM_001165963.4(SCN1A):c.827A>T (p.Lys276Ile)	6323	SCN1A	Likely pathogenic	GRCh38	206749
single nucleotide variant	NM_001165963.4(SCN1A):c.739C>G (p.Leu247Val)	6323	SCN1A	Pathogenic	GRCh38	206931
single nucleotide variant	NM_001165963.4(SCN1A):c.677C>G (p.Thr226Arg)	6323	SCN1A	Pathogenic	GRCh38	206930
single nucleotide variant	NM_001165963.4(SCN1A):c.671T>C (p.Leu224Ser)	6323	SCN1A	Pathogenic	GRCh38	206929
single nucleotide variant	NM_001165963.4(SCN1A):c.662T>C (p.Leu221Pro)	6323	SCN1A	Pathogenic/Likely pathogenic	GRCh38	206745
single nucleotide variant	NM_001165963.4(SCN1A):c.656G>C (p.Arg219Thr)	6323	SCN1A	Likely pathogenic	GRCh38	206744
single nucleotide variant	NM_001165963.4(SCN1A):c.603-1G>A	6323	SCN1A	Pathogenic	GRCh38	206743
single nucleotide variant	NM_001165963.4(SCN1A):c.602+1G>C	6323	SCN1A	Pathogenic	GRCh38	206742
single nucleotide variant	NM_001165963.4(SCN1A):c.602C>A (p.Ala201Glu)	6323	SCN1A	Pathogenic	GRCh38	1446124
single nucleotide variant	NM_001165963.4(SCN1A):c.505T>C (p.Ser169Pro)	6323	SCN1A	Likely pathogenic	GRCh38	206740
single nucleotide variant	NM_001165963.4(SCN1A):c.434T>A (p.Met145Lys)	6323	SCN1A	Pathogenic	GRCh38	206739
single nucleotide variant	NM_001165963.4(SCN1A):c.314C>T (p.Thr105Ile)	6323	SCN1A	Pathogenic/Likely pathogenic	GRCh38	206927
single nucleotide variant	NM_001165963.4(SCN1A):c.265-1G>A	6323	SCN1A	Pathogenic	GRCh38	206735
single nucleotide variant	NM_001165963.4(SCN1A):c.243C>G (p.Asp81Glu)	6323	SCN1A	Likely pathogenic	GRCh38	206831
single nucleotide variant	NM_001165963.4(SCN1A):c.203T>G (p.Ile68Ser)	6323	SCN1A	Likely pathogenic	GRCh38	206942
single nucleotide variant	NM_001165963.4(SCN1A):c.182T>C (p.Leu61Pro)	6323	SCN1A	Likely pathogenic	GRCh38	1327140
single nucleotide variant	NM_001165963.4(SCN1A):c.2946+2T>G	6323	SCN1A	Pathogenic	GRCh38	208412
single nucleotide variant	NM_001165963.4(SCN1A):c.4521C>G (p.Tyr1507Ter)	6323	SCN1A	Pathogenic	GRCh38	208781
single nucleotide variant	NM_001165963.4(SCN1A):c.4013A>C (p.Asn1338Thr)	6323	SCN1A	Pathogenic	GRCh38	208778
single nucleotide variant	NM_001165963.4(SCN1A):c.5336A>G (p.Asn1779Ser)	6323	SCN1A	Pathogenic/Likely pathogenic	GRCh38	212119
single nucleotide variant	NM_001165963.4(SCN1A):c.719T>C (p.Leu240Pro)	6323	SCN1A	Likely pathogenic	GRCh38	212120
single nucleotide variant	NM_001165963.4(SCN1A):c.5436G>A (p.Trp1812Ter)	6323	SCN1A	Pathogenic	GRCh38	217248
single nucleotide variant	NM_001165963.4(SCN1A):c.4477-2A>G	6323	SCN1A	Pathogenic	GRCh38	217247
single nucleotide variant	NM_001165963.4(SCN1A):c.4266T>A (p.Tyr1422Ter)	6323	SCN1A	Pathogenic	GRCh38	217246
single nucleotide variant	NM_001165963.4(SCN1A):c.3657G>A (p.Trp1219Ter)	6323	SCN1A	Pathogenic	GRCh38	217244
single nucleotide variant	NM_001165963.4(SCN1A):c.3306C>A (p.Tyr1102Ter)	6323	SCN1A	Pathogenic	GRCh38	217243
single nucleotide variant	NM_001165963.4(SCN1A):c.1028+1G>T	6323	SCN1A	Pathogenic	GRCh38	217240
single nucleotide variant	NM_001165963.4(SCN1A):c.264+5G>A	6323	SCN1A	Pathogenic/Likely pathogenic	GRCh38	217242
single nucleotide variant	NM_001165963.4(SCN1A):c.249C>A (p.Tyr83Ter)	6323	SCN1A	Pathogenic	GRCh38	217241
single nucleotide variant	NM_001165963.4(SCN1A):c.4002+2451G>C	6323	SCN1A	Pathogenic	GRCh38	224116
single nucleotide variant	NM_001165963.4(SCN1A):c.4282G>T (p.Val1428Phe)	6323	SCN1A	Pathogenic	GRCh38	238603
single nucleotide variant	NM_001165963.4(SCN1A):c.2861A>T (p.Glu954Val)	6323	SCN1A	Pathogenic	GRCh38	238601
single nucleotide variant	NM_001165963.4(SCN1A):c.4581+2T>C	6323	SCN1A	Likely pathogenic	GRCh38	265299
single nucleotide variant	NM_001165963.4(SCN1A):c.3857G>A (p.Trp1286Ter)	6323	SCN1A	Pathogenic	GRCh38	265657
single nucleotide variant	NM_001165963.4(SCN1A):c.1702C>T (p.Arg568Ter)	6323	SCN1A	Pathogenic	GRCh38	265254
single nucleotide variant	NM_001165963.4(SCN1A):c.1025C>A (p.Ala342Glu)	6323	SCN1A	Likely pathogenic	GRCh38	279592
single nucleotide variant	NM_001165963.4(SCN1A):c.2415+1G>C	6323	SCN1A	Pathogenic	GRCh38	279972
single nucleotide variant	NM_001165963.4(SCN1A):c.644T>A (p.Leu215Ter)	6323	SCN1A	Pathogenic	GRCh38	280390
single nucleotide variant	NM_001165963.4(SCN1A):c.2797C>T (p.His933Tyr)	6323	SCN1A	Pathogenic/Likely pathogenic	GRCh38	280527
single nucleotide variant	NM_001165963.4(SCN1A):c.354G>T (p.Arg118Ser)	6323	SCN1A	Pathogenic/Likely pathogenic	GRCh38	280476
single nucleotide variant	NM_001165963.4(SCN1A):c.1264G>A (p.Val422Met)	6323	SCN1A	Pathogenic/Likely pathogenic	GRCh38	282973
single nucleotide variant	NM_001165963.4(SCN1A):c.1377+1G>C	6323	SCN1A	Pathogenic	GRCh38	288314
single nucleotide variant	NM_001165963.4(SCN1A):c.2927T>C (p.Met976Thr)	6323	SCN1A	Pathogenic/Likely pathogenic	GRCh38	373282
single nucleotide variant	NM_001165963.4(SCN1A):c.2594G>A (p.Arg865Gln)	6323	SCN1A	Pathogenic/Likely pathogenic	GRCh38	372566
single nucleotide variant	NM_001165963.4(SCN1A):c.2589+1G>T	6323	SCN1A	Pathogenic	GRCh38	372551
single nucleotide variant	NM_001165963.4(SCN1A):c.1662G>C (p.Gln554His)	6323	SCN1A	Pathogenic	GRCh38	373008
single nucleotide variant	NM_001165963.4(SCN1A):c.1034G>T (p.Cys345Phe)	6323	SCN1A	Pathogenic/Likely pathogenic	GRCh38	373136
single nucleotide variant	NM_001165963.4(SCN1A):c.5245G>A (p.Gly1749Arg)	6323	SCN1A	Pathogenic/Likely pathogenic	GRCh38	373157
single nucleotide variant	NM_001165963.4(SCN1A):c.1261G>A (p.Val421Met)	6323	SCN1A	Pathogenic/Likely pathogenic	GRCh38	372865
single nucleotide variant	NM_001165963.4(SCN1A):c.5564C>T (p.Pro1855Leu)	6323	SCN1A	Pathogenic/Likely pathogenic	GRCh38	372740
single nucleotide variant	NM_001165963.4(SCN1A):c.4321G>A (p.Ala1441Thr)	6323	SCN1A	Pathogenic/Likely pathogenic	GRCh38	372966
single nucleotide variant	NM_001165963.4(SCN1A):c.4280A>T (p.Gln1427Leu)	6323	SCN1A	Likely pathogenic	GRCh38	372903
single nucleotide variant	NM_001165963.4(SCN1A):c.2606T>C (p.Leu869Ser)	6323	SCN1A	Likely pathogenic	GRCh38	372972
single nucleotide variant	NM_001165963.4(SCN1A):c.2362G>A (p.Glu788Lys)	6323	SCN1A	Pathogenic	GRCh38	372741
single nucleotide variant	NM_001165963.4(SCN1A):c.1090A>C (p.Ser364Arg)	6323	SCN1A	Likely pathogenic	GRCh38	372950
single nucleotide variant	NM_001165963.4(SCN1A):c.5351T>C (p.Val1784Ala)	6323	SCN1A	Likely pathogenic	GRCh38	374394
single nucleotide variant	NM_001165963.4(SCN1A):c.1709G>A (p.Ser570Asn)	6323	SCN1A	Likely pathogenic	GRCh38	374331
single nucleotide variant	NM_001165963.4(SCN1A):c.4814A>T (p.Asn1605Ile)	6323	SCN1A	Likely pathogenic	GRCh38	375515
single nucleotide variant	NM_001165963.4(SCN1A):c.1848G>C (p.Glu616Asp)	6323	SCN1A	Pathogenic	GRCh38	375511
single nucleotide variant	NM_001165963.4(SCN1A):c.682T>C (p.Ser228Pro)	6323	SCN1A	Likely pathogenic	GRCh38	375512
single nucleotide variant	NM_001165963.4(SCN1A):c.603-2A>G	6323	SCN1A	Pathogenic	GRCh38	375513
single nucleotide variant	NM_001165963.4(SCN1A):c.4061G>C (p.Cys1354Ser)	6323	SCN1A	Likely pathogenic	GRCh38	383166
single nucleotide variant	NM_001165963.4(SCN1A):c.2946+5G>A	6323	SCN1A	Pathogenic/Likely pathogenic	GRCh38	379071
single nucleotide variant	NM_001165963.4(SCN1A):c.1170+1G>A	6323	SCN1A	Pathogenic	GRCh38	381570
single nucleotide variant	NM_001165963.4(SCN1A):c.1096G>C (p.Asp366His)	6323	SCN1A	Pathogenic/Likely pathogenic	GRCh38	390594
single nucleotide variant	NM_001165963.4(SCN1A):c.4913T>A (p.Ile1638Asn)	6323	SCN1A	Pathogenic/Likely pathogenic	GRCh38	381568
single nucleotide variant	NM_001165963.4(SCN1A):c.3968C>A (p.Pro1323His)	6323	SCN1A	Pathogenic/Likely pathogenic	GRCh38	383819
single nucleotide variant	NM_001165963.4(SCN1A):c.1069A>T (p.Asn357Tyr)	6323	SCN1A	Likely pathogenic	GRCh38	393038
single nucleotide variant	NM_001165963.4(SCN1A):c.1150T>A (p.Trp384Arg)	6323	SCN1A	Pathogenic	GRCh38	390676
single nucleotide variant	NM_001165963.4(SCN1A):c.657A>T (p.Arg219Ser)	6323	SCN1A	Likely pathogenic	GRCh38	378898
single nucleotide variant	NM_001165963.4(SCN1A):c.2819C>T (p.Ser940Phe)	6323	SCN1A	Pathogenic/Likely pathogenic	GRCh38	381569
single nucleotide variant	NM_001165963.4(SCN1A):c.235G>A (p.Asp79Asn)	6323	SCN1A	Pathogenic	GRCh38	379355
single nucleotide variant	NM_001165963.4(SCN1A):c.4267C>G (p.Leu1423Val)	6323	SCN1A	Pathogenic	GRCh38	408936
single nucleotide variant	NM_001165963.4(SCN1A):c.755T>C (p.Ile252Thr)	6323	SCN1A	Pathogenic	GRCh38	408928
single nucleotide variant	NM_001165963.4(SCN1A):c.383+5C>G	6323	SCN1A	Likely pathogenic	GRCh38	408924
single nucleotide variant	NM_001165963.4(SCN1A):c.4061G>T (p.Cys1354Phe)	6323	SCN1A	Pathogenic	GRCh38	408922
single nucleotide variant	NM_001165963.4(SCN1A):c.5318C>A (p.Ser1773Tyr)	6323	SCN1A	Pathogenic	GRCh38	408934
single nucleotide variant	NM_001165963.4(SCN1A):c.4991T>C (p.Met1664Thr)	6323	SCN1A	Likely pathogenic	GRCh38	408926
single nucleotide variant	NM_001165963.4(SCN1A):c.5765T>G (p.Ile1922Ser)	6323	SCN1A	Pathogenic	GRCh38	408935
single nucleotide variant	NM_001165963.4(SCN1A):c.3822T>G (p.Tyr1274Ter)	6323	SCN1A	Pathogenic	GRCh38	408930
single nucleotide variant	NM_001165963.4(SCN1A):c.3705+5G>A	6323	SCN1A	Pathogenic/Likely pathogenic	GRCh38	408931
single nucleotide variant	NM_001165963.4(SCN1A):c.5778C>G (p.Tyr1926Ter)	6323	SCN1A	Pathogenic	GRCh38	420038
single nucleotide variant	NM_001165963.4(SCN1A):c.5506G>T (p.Glu1836Ter)	6323	SCN1A	Pathogenic/Likely pathogenic	GRCh38	422136
single nucleotide variant	NM_001165963.4(SCN1A):c.5492T>G (p.Phe1831Cys)	6323	SCN1A	Pathogenic	GRCh38	419333
single nucleotide variant	NM_001165963.4(SCN1A):c.5275C>T (p.Pro1759Ser)	6323	SCN1A	Likely pathogenic	GRCh38	420677
single nucleotide variant	NM_001165963.4(SCN1A):c.5121T>G (p.Phe1707Leu)	6323	SCN1A	Likely pathogenic	GRCh38	421189
single nucleotide variant	NM_001165963.4(SCN1A):c.5053G>C (p.Ala1685Pro)	6323	SCN1A	Pathogenic	GRCh38	420824
single nucleotide variant	NM_001165963.4(SCN1A):c.4972A>C (p.Thr1658Pro)	6323	SCN1A	Likely pathogenic	GRCh38	420883
single nucleotide variant	NM_001165963.4(SCN1A):c.4581+2T>A	6323	SCN1A	Likely pathogenic	GRCh38	421413
single nucleotide variant	NM_001165963.4(SCN1A):c.4412C>A (p.Ser1471Tyr)	6323	SCN1A	Likely pathogenic	GRCh38	418709
single nucleotide variant	NM_001165963.4(SCN1A):c.4111G>C (p.Gly1371Arg)	6323	SCN1A	Likely pathogenic	GRCh38	421697
single nucleotide variant	NM_001165963.4(SCN1A):c.4096G>T (p.Val1366Leu)	6323	SCN1A	Likely pathogenic	GRCh38	418476
single nucleotide variant	NM_001165963.4(SCN1A):c.3938A>C (p.Lys1313Thr)	6323	SCN1A	Likely pathogenic	GRCh38	421599
single nucleotide variant	NM_001165963.4(SCN1A):c.2799C>A (p.His933Gln)	6323	SCN1A	Likely pathogenic	GRCh38	422369
single nucleotide variant	NM_001165963.4(SCN1A):c.2729A>G (p.Gln910Arg)	6323	SCN1A	Pathogenic/Likely pathogenic	GRCh38	422367
single nucleotide variant	NM_001165963.4(SCN1A):c.2644A>T (p.Ile882Phe)	6323	SCN1A	Likely pathogenic	GRCh38	424525
single nucleotide variant	NM_001165963.4(SCN1A):c.2043+1G>A	6323	SCN1A	Likely pathogenic	GRCh38	423526
single nucleotide variant	NM_001165963.4(SCN1A):c.1660C>T (p.Gln554Ter)	6323	SCN1A	Likely pathogenic	GRCh38	422196
single nucleotide variant	NM_001165963.4(SCN1A):c.1633T>C (p.Tyr545His)	6323	SCN1A	Likely pathogenic	GRCh38	421106
single nucleotide variant	NM_001165963.4(SCN1A):c.1363C>T (p.Gln455Ter)	6323	SCN1A	Likely pathogenic	GRCh38	424145
single nucleotide variant	NM_001165963.4(SCN1A):c.509T>C (p.Leu170Pro)	6323	SCN1A	Likely pathogenic	GRCh38	418590
single nucleotide variant	NM_001165963.4(SCN1A):c.473+5G>C	6323	SCN1A	Pathogenic/Likely pathogenic	GRCh38	420684
single nucleotide variant	NM_001165963.4(SCN1A):c.350T>C (p.Leu117Pro)	6323	SCN1A	Pathogenic/Likely pathogenic	GRCh38	423370
single nucleotide variant	NM_001165963.4(SCN1A):c.5375C>A (p.Ala1792Asp)	6323	SCN1A	Likely pathogenic	GRCh38	427073
single nucleotide variant	NM_001165963.4(SCN1A):c.5338A>G (p.Met1780Val)	6323	SCN1A	Likely pathogenic	GRCh38	427080
single nucleotide variant	NM_001165963.4(SCN1A):c.5270G>A (p.Gly1757Glu)	6323	SCN1A	Pathogenic/Likely pathogenic	GRCh38	427057
single nucleotide variant	NM_001165963.4(SCN1A):c.4476G>A (p.Lys1492=)	6323	SCN1A	Pathogenic/Likely pathogenic	GRCh38	426654
single nucleotide variant	NM_001165963.4(SCN1A):c.4441G>A (p.Val1481Ile)	6323	SCN1A	Pathogenic/Likely pathogenic	GRCh38	426175
single nucleotide variant	NM_001165963.4(SCN1A):c.4255G>T (p.Gly1419Ter)	6323	SCN1A	Pathogenic/Likely pathogenic	GRCh38	427003
single nucleotide variant	NM_001165963.4(SCN1A):c.1663-2A>C	6323	SCN1A	Pathogenic	GRCh38	426241
single nucleotide variant	NM_001165963.4(SCN1A):c.818T>C (p.Leu273Pro)	6323	SCN1A	Likely pathogenic	GRCh38	427002
single nucleotide variant	NM_001165963.4(SCN1A):c.5600T>C (p.Ile1867Thr)	6323	SCN1A	Pathogenic/Likely pathogenic	GRCh38	430087
single nucleotide variant	NM_001165963.4(SCN1A):c.5153T>C (p.Phe1718Ser)	6323	SCN1A	Pathogenic	GRCh38	430125
single nucleotide variant	NM_001165963.4(SCN1A):c.5000T>C (p.Leu1667Pro)	6323	SCN1A	Pathogenic/Likely pathogenic	GRCh38	430088
single nucleotide variant	NM_001165963.4(SCN1A):c.4979T>C (p.Leu1660Pro)	6323	SCN1A	Pathogenic	GRCh38	429924
single nucleotide variant	NM_001165963.4(SCN1A):c.4926G>T (p.Arg1642Ser)	6323	SCN1A	Likely pathogenic	GRCh38	429766
single nucleotide variant	NM_001165963.4(SCN1A):c.4630G>C (p.Asp1544His)	6323	SCN1A	Likely pathogenic	GRCh38	429417
single nucleotide variant	NM_001165963.4(SCN1A):c.4304T>A (p.Met1435Lys)	6323	SCN1A	Likely pathogenic	GRCh38	429665
single nucleotide variant	NM_001165963.4(SCN1A):c.4133A>C (p.Asn1378Thr)	6323	SCN1A	Pathogenic/Likely pathogenic	GRCh38	430089
single nucleotide variant	NM_001165963.4(SCN1A):c.4060T>C (p.Cys1354Arg)	6323	SCN1A	Likely pathogenic	GRCh38	429569
single nucleotide variant	NM_001165963.4(SCN1A):c.4044G>C (p.Met1348Ile)	6323	SCN1A	Pathogenic/Likely pathogenic	GRCh38	429551
single nucleotide variant	NM_001165963.4(SCN1A):c.1662+2T>C	6323	SCN1A	Pathogenic	GRCh38	429711
single nucleotide variant	NM_001165963.4(SCN1A):c.1087A>C (p.Thr363Pro)	6323	SCN1A	Pathogenic/Likely pathogenic	GRCh38	429575
single nucleotide variant	NM_001165963.4(SCN1A):c.4532T>G (p.Met1511Arg)	6323	SCN1A	Likely pathogenic	GRCh38	431865
single nucleotide variant	NM_001165963.4(SCN1A):c.4192A>T (p.Lys1398Ter)	6323	SCN1A	Likely pathogenic	GRCh38	432745
single nucleotide variant	NM_001165963.4(SCN1A):c.2947-1G>A	6323	SCN1A	Pathogenic	GRCh38	432043
single nucleotide variant	NM_001165963.4(SCN1A):c.1151G>A (p.Trp384Ter)	6323	SCN1A	Pathogenic	GRCh38	432265
single nucleotide variant	NM_001165963.4(SCN1A):c.731T>C (p.Val244Ala)	6323	SCN1A	Likely pathogenic	GRCh38	432892
single nucleotide variant	NM_001165963.4(SCN1A):c.366T>G (p.Ile122Met)	6323	SCN1A	Likely pathogenic	GRCh38	432616
single nucleotide variant	NM_001165963.4(SCN1A):c.2815C>G (p.His939Asp)	6323	SCN1A	Likely pathogenic	GRCh38	436651
single nucleotide variant	NM_001165963.4(SCN1A):c.327C>G (p.Tyr109Ter)	6323	SCN1A	Pathogenic	GRCh38	437911
single nucleotide variant	NM_001165963.4(SCN1A):c.3926T>G (p.Leu1309Arg)	6323	SCN1A	Likely pathogenic	GRCh38	444532
single nucleotide variant	NM_001165963.4(SCN1A):c.749T>A (p.Val250Glu)	6323	SCN1A	Likely pathogenic	GRCh38	444533
single nucleotide variant	NM_001165963.4(SCN1A):c.667G>C (p.Ala223Pro)	6323	SCN1A	Likely pathogenic	GRCh38	444534
single nucleotide variant	NM_001165963.4(SCN1A):c.4338+1G>T	6323	SCN1A	Pathogenic	GRCh38	448254
single nucleotide variant	NM_001165963.4(SCN1A):c.3496C>T (p.Gln1166Ter)	6323	SCN1A	Pathogenic	GRCh38	448252
single nucleotide variant	NM_001165963.4(SCN1A):c.302G>T (p.Arg101Leu)	6323	SCN1A	Pathogenic	GRCh38	448251
single nucleotide variant	NM_001165963.4(SCN1A):c.5294T>G (p.Phe1765Cys)	6323	SCN1A	Likely pathogenic	GRCh38	452613
single nucleotide variant	NM_001165963.4(SCN1A):c.5164A>G (p.Thr1722Ala)	6323	SCN1A	Likely pathogenic	GRCh38	449130
single nucleotide variant	NM_001165963.4(SCN1A):c.4954G>T (p.Gly1652Ter)	6323	SCN1A	Likely pathogenic	GRCh38	449373
single nucleotide variant	NM_001165963.4(SCN1A):c.4172A>G (p.Asn1391Ser)	6323	SCN1A	Pathogenic	GRCh38	449374
single nucleotide variant	NM_001165963.4(SCN1A):c.3862G>C (p.Asp1288His)	6323	SCN1A	Likely pathogenic	GRCh38	451870
single nucleotide variant	NM_001165963.4(SCN1A):c.3553T>C (p.Cys1185Arg)	6323	SCN1A	Likely pathogenic	GRCh38	449127
single nucleotide variant	NM_001165963.4(SCN1A):c.3295G>T (p.Glu1099Ter)	6323	SCN1A	Pathogenic	GRCh38	449375
single nucleotide variant	NM_001165963.4(SCN1A):c.2817C>A (p.His939Gln)	6323	SCN1A	Pathogenic	GRCh38	451108
single nucleotide variant	NM_001165963.4(SCN1A):c.2665G>A (p.Ala889Thr)	6323	SCN1A	Pathogenic/Likely pathogenic	GRCh38	452271
single nucleotide variant	NM_001165963.4(SCN1A):c.2415+4A>G	6323	SCN1A	Likely pathogenic	GRCh38	452472
single nucleotide variant	NM_001165963.4(SCN1A):c.1662+1G>A	6323	SCN1A	Pathogenic	GRCh38	449097
single nucleotide variant	NM_001165963.4(SCN1A):c.413T>G (p.Ile138Ser)	6323	SCN1A	Pathogenic/Likely pathogenic	GRCh38	449901
single nucleotide variant	NM_001165963.4(SCN1A):c.5167T>C (p.Ser1723Pro)	6323	SCN1A	Pathogenic	GRCh38	461279
single nucleotide variant	NM_001165963.4(SCN1A):c.4339-1G>A	6323	SCN1A	Pathogenic	GRCh38	461271
single nucleotide variant	NM_001165963.4(SCN1A):c.4027G>T (p.Ala1343Ser)	6323	SCN1A	Likely pathogenic	GRCh38	461268
single nucleotide variant	NM_001165963.4(SCN1A):c.2933T>C (p.Ile978Thr)	6323	SCN1A	Likely pathogenic	GRCh38	461258
single nucleotide variant	NM_001165963.4(SCN1A):c.5039T>A (p.Val1680Asp)	6323	SCN1A	Pathogenic	GRCh38	461278
single nucleotide variant	NM_001165963.4(SCN1A):c.4109C>T (p.Ala1370Val)	6323	SCN1A	Pathogenic	GRCh38	461269
single nucleotide variant	NM_001165963.4(SCN1A):c.2669T>C (p.Leu890Pro)	6323	SCN1A	Pathogenic	GRCh38	461256
single nucleotide variant	NM_001165963.4(SCN1A):c.4807G>T (p.Gly1603Ter)	6323	SCN1A	Pathogenic	GRCh38	461277
single nucleotide variant	NM_001165963.4(SCN1A):c.4763G>A (p.Cys1588Tyr)	6323	SCN1A	Pathogenic/Likely pathogenic	GRCh38	461276
single nucleotide variant	NM_001165963.4(SCN1A):c.5174G>A (p.Gly1725Asp)	6323	SCN1A	Likely pathogenic	GRCh38	461280
single nucleotide variant	NM_001165963.4(SCN1A):c.2947G>A (p.Val983Ile)	6323	SCN1A	Pathogenic	GRCh38	461261
single nucleotide variant	NM_001165963.4(SCN1A):c.2868G>A (p.Met956Ile)	6323	SCN1A	Likely pathogenic	GRCh38	461257
single nucleotide variant	NM_001165963.4(SCN1A):c.2522C>G (p.Thr841Arg)	6323	SCN1A	Pathogenic	GRCh38	461252
single nucleotide variant	NM_001165963.4(SCN1A):c.2261G>A (p.Trp754Ter)	6323	SCN1A	Pathogenic	GRCh38	461248
single nucleotide variant	NM_001165963.4(SCN1A):c.2T>C (p.Met1Thr)	6323	SCN1A	Pathogenic	GRCh38	461262
single nucleotide variant	NM_001165963.4(SCN1A):c.1008T>G (p.Cys336Trp)	6323	SCN1A	Likely pathogenic	GRCh38	461241
single nucleotide variant	NM_001165963.4(SCN1A):c.580G>T (p.Asp194Tyr)	6323	SCN1A	Pathogenic	GRCh38	461284
single nucleotide variant	NM_001165963.4(SCN1A):c.5351T>A (p.Val1784Asp)	6323	SCN1A	Likely pathogenic	GRCh38	488186
single nucleotide variant	NM_001165963.4(SCN1A):c.4040T>A (p.Ile1347Asn)	6323	SCN1A	Likely pathogenic	GRCh38	488378
single nucleotide variant	NM_001165963.4(SCN1A):c.4853-1G>C	6323	SCN1A	Pathogenic	GRCh38	488727
single nucleotide variant	NM_001165963.4(SCN1A):c.3093T>A (p.Tyr1031Ter)	6323	SCN1A	Pathogenic	GRCh38	489284
single nucleotide variant	NM_001165963.4(SCN1A):c.2728C>T (p.Gln910Ter)	6323	SCN1A	Likely pathogenic	GRCh38	495243
single nucleotide variant	NM_001165963.4(SCN1A):c.493T>C (p.Tyr165His)	6323	SCN1A	Pathogenic/Likely pathogenic	GRCh38	495270
single nucleotide variant	NM_001165963.4(SCN1A):c.338C>G (p.Pro113Arg)	6323	SCN1A	Likely pathogenic	GRCh38	495268
single nucleotide variant	NM_001165963.4(SCN1A):c.5734C>T (p.Arg1912Ter)	6323	SCN1A	Pathogenic	GRCh38	496124
single nucleotide variant	NM_001165963.4(SCN1A):c.841C>A (p.Pro281Thr)	6323	SCN1A	Likely pathogenic	GRCh38	521548
single nucleotide variant	NM_001165963.4(SCN1A):c.2416-1G>A	6323	SCN1A	Pathogenic	GRCh38	522923
single nucleotide variant	NM_001165963.4(SCN1A):c.3852G>A (p.Trp1284Ter)	6323	SCN1A	Pathogenic	GRCh38	523783
single nucleotide variant	NM_001165963.4(SCN1A):c.5263G>T (p.Asp1755Tyr)	6323	SCN1A	Pathogenic/Likely pathogenic	GRCh38	530440
single nucleotide variant	NM_001165963.4(SCN1A):c.4333A>T (p.Arg1445Ter)	6323	SCN1A	Pathogenic	GRCh38	530452
single nucleotide variant	NM_001165963.4(SCN1A):c.2862G>T (p.Glu954Asp)	6323	SCN1A	Likely pathogenic	GRCh38	530535
single nucleotide variant	NM_001165963.4(SCN1A):c.1958T>A (p.Leu653Ter)	6323	SCN1A	Pathogenic	GRCh38	530404
single nucleotide variant	NM_001165963.4(SCN1A):c.1795G>T (p.Glu599Ter)	6323	SCN1A	Pathogenic	GRCh38	530469
single nucleotide variant	NM_001165963.4(SCN1A):c.5171C>T (p.Ala1724Val)	6323	SCN1A	Pathogenic	GRCh38	530420
single nucleotide variant	NM_001165963.4(SCN1A):c.264+1G>C	6323	SCN1A	Likely pathogenic	GRCh38	530499
single nucleotide variant	NM_001165963.4(SCN1A):c.4477-1C>T	6323	SCN1A	Pathogenic	GRCh38	530456
single nucleotide variant	NM_001165963.4(SCN1A):c.4453A>G (p.Asn1485Asp)	6323	SCN1A	Pathogenic	GRCh38	530510
single nucleotide variant	NM_001165963.4(SCN1A):c.5597A>G (p.Asp1866Gly)	6323	SCN1A	Likely pathogenic	GRCh38	530427
single nucleotide variant	NM_001165963.4(SCN1A):c.4964G>C (p.Gly1655Ala)	6323	SCN1A	Likely pathogenic	GRCh38	530512
single nucleotide variant	NM_001165963.4(SCN1A):c.1278C>G (p.Tyr426Ter)	6323	SCN1A	Pathogenic	GRCh38	530464
single nucleotide variant	NM_001165963.4(SCN1A):c.949T>C (p.Tyr317His)	6323	SCN1A	Pathogenic	GRCh38	530489
single nucleotide variant	NM_001165963.4(SCN1A):c.752T>G (p.Met251Arg)	6323	SCN1A	Likely pathogenic	GRCh38	530428
single nucleotide variant	NM_001165963.4(SCN1A):c.1178G>C (p.Arg393Pro)	6323	SCN1A	Pathogenic	GRCh38	530476
single nucleotide variant	NM_001165963.4(SCN1A):c.265-3C>G	6323	SCN1A	Likely pathogenic	GRCh38	530523
single nucleotide variant	NM_001165963.4(SCN1A):c.5269G>C (p.Gly1757Arg)	6323	SCN1A	Pathogenic	GRCh38	530478
single nucleotide variant	NM_001165963.4(SCN1A):c.4284+1G>T	6323	SCN1A	Pathogenic	GRCh38	530534
single nucleotide variant	NM_001165963.4(SCN1A):c.3G>A (p.Met1Ile)	6323	SCN1A	Pathogenic	GRCh38	530490
single nucleotide variant	NM_001165963.4(SCN1A):c.5436G>C (p.Trp1812Cys)	6323	SCN1A	Likely pathogenic	GRCh38	546874
single nucleotide variant	NM_001165963.4(SCN1A):c.4859T>C (p.Phe1620Ser)	6323	SCN1A	Likely pathogenic	GRCh38	546875
single nucleotide variant	NM_001165963.4(SCN1A):c.3851G>A (p.Trp1284Ter)	6323	SCN1A	Pathogenic	GRCh38	560662
single nucleotide variant	NM_001165963.4(SCN1A):c.5468T>C (p.Met1823Thr)	6323	SCN1A	Pathogenic/Likely pathogenic	GRCh38	572287
single nucleotide variant	NM_001165963.4(SCN1A):c.4581+5G>C	6323	SCN1A	Pathogenic/Likely pathogenic	GRCh38	571229
single nucleotide variant	NM_001165963.4(SCN1A):c.4002+2T>C	6323	SCN1A	Pathogenic	GRCh38	567917
single nucleotide variant	NM_001165963.4(SCN1A):c.3783C>G (p.Tyr1261Ter)	6323	SCN1A	Pathogenic	GRCh38	567285
single nucleotide variant	NM_001165963.4(SCN1A):c.3705+1G>T	6323	SCN1A	Pathogenic	GRCh38	579272
single nucleotide variant	NM_001165963.4(SCN1A):c.2948T>A (p.Val983Asp)	6323	SCN1A	Pathogenic	GRCh38	568075
single nucleotide variant	NM_001165963.4(SCN1A):c.2800A>G (p.Met934Val)	6323	SCN1A	Pathogenic	GRCh38	574036
single nucleotide variant	NM_001165963.4(SCN1A):c.2354T>G (p.Met785Arg)	6323	SCN1A	Pathogenic	GRCh38	581674
single nucleotide variant	NM_001165963.4(SCN1A):c.1153G>C (p.Glu385Gln)	6323	SCN1A	Pathogenic	GRCh38	569331
single nucleotide variant	NM_001165963.4(SCN1A):c.942G>C (p.Trp314Cys)	6323	SCN1A	Pathogenic	GRCh38	572056
single nucleotide variant	NM_001165963.4(SCN1A):c.5267G>A (p.Cys1756Tyr)	6323	SCN1A	Pathogenic	GRCh38	578647
single nucleotide variant	NM_001165963.4(SCN1A):c.5222G>C (p.Cys1741Ser)	6323	SCN1A	Pathogenic	GRCh38	577486
single nucleotide variant	NM_001165963.4(SCN1A):c.4976T>C (p.Leu1659Pro)	6323	SCN1A	Pathogenic/Likely pathogenic	GRCh38	573704
single nucleotide variant	NM_001165963.4(SCN1A):c.4541T>G (p.Leu1514Ter)	6323	SCN1A	Pathogenic	GRCh38	582048
single nucleotide variant	NM_001165963.4(SCN1A):c.4512G>C (p.Gln1504His)	6323	SCN1A	Pathogenic	GRCh38	580452
single nucleotide variant	NM_001165963.4(SCN1A):c.4216G>T (p.Ala1406Ser)	6323	SCN1A	Likely pathogenic	GRCh38	566436
single nucleotide variant	NM_001165963.4(SCN1A):c.3880-1G>T	6323	SCN1A	Pathogenic	GRCh38	580764
single nucleotide variant	NM_001165963.4(SCN1A):c.3611G>A (p.Trp1204Ter)	6323	SCN1A	Pathogenic	GRCh38	579916
single nucleotide variant	NM_001165963.4(SCN1A):c.423C>A (p.Asn141Lys)	6323	SCN1A	Pathogenic	GRCh38	583385
single nucleotide variant	NM_001165963.4(SCN1A):c.311C>A (p.Ala104Asp)	6323	SCN1A	Pathogenic	GRCh38	567303
single nucleotide variant	NM_001165963.4(SCN1A):c.1001T>C (p.Leu334Pro)	6323	SCN1A	Pathogenic	GRCh38	581861
single nucleotide variant	NM_001165963.4(SCN1A):c.4216G>A (p.Ala1406Thr)	6323	SCN1A	Pathogenic/Likely pathogenic	GRCh38	576683
single nucleotide variant	NM_001165963.4(SCN1A):c.4057G>T (p.Val1353Phe)	6323	SCN1A	Pathogenic	GRCh38	577950
single nucleotide variant	NM_001165963.4(SCN1A):c.2997C>G (p.Asn999Lys)	6323	SCN1A	Likely pathogenic	GRCh38	580287
single nucleotide variant	NM_001165963.4(SCN1A):c.1306G>T (p.Glu436Ter)	6323	SCN1A	Pathogenic	GRCh38	582155
single nucleotide variant	NM_001165963.4(SCN1A):c.797T>C (p.Leu266Pro)	6323	SCN1A	Likely pathogenic	GRCh38	576745
single nucleotide variant	NM_001165963.4(SCN1A):c.4338+1G>C	6323	SCN1A	Pathogenic	GRCh38	588706
single nucleotide variant	NM_001165963.4(SCN1A):c.4384T>C (p.Tyr1462His)	6323	SCN1A	Pathogenic	GRCh38	589810
single nucleotide variant	NM_001165963.4(SCN1A):c.1663-2A>G	6323	SCN1A	Pathogenic/Likely pathogenic	GRCh38	588288
single nucleotide variant	NM_001165963.4(SCN1A):c.4301G>A (p.Trp1434Ter)	6323	SCN1A	Pathogenic	GRCh38	589796
single nucleotide variant	NM_001165963.4(SCN1A):c.2636T>G (p.Leu879Arg)	6323	SCN1A	Likely pathogenic	GRCh38	589795
single nucleotide variant	NM_001165963.4(SCN1A):c.1118T>A (p.Leu373Ter)	6323	SCN1A	Pathogenic	GRCh38	590199
single nucleotide variant	NM_001165963.4(SCN1A):c.652T>C (p.Phe218Leu)	6323	SCN1A	Pathogenic/Likely pathogenic	GRCh38	587828
single nucleotide variant	NM_001165963.4(SCN1A):c.4504G>T (p.Glu1502Ter)	6323	SCN1A	Pathogenic	GRCh38	620187
single nucleotide variant	NM_001165963.4(SCN1A):c.3457G>T (p.Glu1153Ter)	6323	SCN1A	Likely pathogenic	GRCh38	620121
single nucleotide variant	NM_001165963.4(SCN1A):c.1378C>T (p.Gln460Ter)	6323	SCN1A	Pathogenic	GRCh38	620092
single nucleotide variant	NM_001165963.4(SCN1A):c.1354A>T (p.Lys452Ter)	6323	SCN1A	Pathogenic	GRCh38	620251
single nucleotide variant	NM_001165963.4(SCN1A):c.4043T>C (p.Met1348Thr)	6323	SCN1A	Likely pathogenic	GRCh38	625284
single nucleotide variant	NM_001165963.4(SCN1A):c.5767C>A (p.Gln1923Lys)	6323	SCN1A	Likely pathogenic	GRCh38	650819
single nucleotide variant	NM_001165963.4(SCN1A):c.5225A>C (p.Asp1742Ala)	6323	SCN1A	Likely pathogenic	GRCh38	664615
single nucleotide variant	NM_001165963.4(SCN1A):c.5125A>G (p.Thr1709Ala)	6323	SCN1A	Likely pathogenic	GRCh38	644805
single nucleotide variant	NM_001165963.4(SCN1A):c.4925G>T (p.Arg1642Met)	6323	SCN1A	Pathogenic/Likely pathogenic	GRCh38	658621
single nucleotide variant	NM_001165963.4(SCN1A):c.4682A>G (p.Glu1561Gly)	6323	SCN1A	Likely pathogenic	GRCh38	659736
single nucleotide variant	NM_001165963.4(SCN1A):c.4631A>G (p.Asp1544Gly)	6323	SCN1A	Pathogenic	GRCh38	654231
single nucleotide variant	NM_001165963.4(SCN1A):c.4556C>G (p.Pro1519Arg)	6323	SCN1A	Pathogenic	GRCh38	662819
single nucleotide variant	NM_001165963.4(SCN1A):c.4048G>C (p.Val1350Leu)	6323	SCN1A	Pathogenic	GRCh38	654455
single nucleotide variant	NM_001165963.4(SCN1A):c.4033C>T (p.Pro1345Ser)	6323	SCN1A	Likely pathogenic	GRCh38	657600
single nucleotide variant	NM_001165963.4(SCN1A):c.3929G>A (p.Gly1310Glu)	6323	SCN1A	Pathogenic	GRCh38	664717
single nucleotide variant	NM_001165963.4(SCN1A):c.3925C>G (p.Leu1309Val)	6323	SCN1A	Likely pathogenic	GRCh38	663230
single nucleotide variant	NM_001165963.4(SCN1A):c.3812G>A (p.Trp1271Ter)	6323	SCN1A	Pathogenic	GRCh38	659624
single nucleotide variant	NM_001165963.4(SCN1A):c.3689T>C (p.Leu1230Pro)	6323	SCN1A	Pathogenic	GRCh38	649785
single nucleotide variant	NM_001165963.4(SCN1A):c.3629C>T (p.Thr1210Met)	6323	SCN1A	Likely pathogenic	GRCh38	658067
single nucleotide variant	NM_001165963.4(SCN1A):c.2860G>C (p.Glu954Gln)	6323	SCN1A	Likely pathogenic	GRCh38	662140
single nucleotide variant	NM_001165963.4(SCN1A):c.2802G>A (p.Met934Ile)	6323	SCN1A	Pathogenic	GRCh38	665440
single nucleotide variant	NM_001165963.4(SCN1A):c.2729A>T (p.Gln910Leu)	6323	SCN1A	Pathogenic	GRCh38	651591
single nucleotide variant	NM_001165963.4(SCN1A):c.2579C>A (p.Ser860Ter)	6323	SCN1A	Pathogenic	GRCh38	660812
single nucleotide variant	NM_001165963.4(SCN1A):c.2495G>A (p.Trp832Ter)	6323	SCN1A	Pathogenic	GRCh38	651494
single nucleotide variant	NM_001165963.4(SCN1A):c.1278C>A (p.Tyr426Ter)	6323	SCN1A	Pathogenic	GRCh38	659903
single nucleotide variant	NM_001165963.4(SCN1A):c.1248T>A (p.Asn416Lys)	6323	SCN1A	Pathogenic	GRCh38	651325
single nucleotide variant	NM_001165963.4(SCN1A):c.1151G>C (p.Trp384Ser)	6323	SCN1A	Pathogenic	GRCh38	648421
single nucleotide variant	NM_001165963.4(SCN1A):c.1028G>C (p.Gly343Ala)	6323	SCN1A	Likely pathogenic	GRCh38	648913
single nucleotide variant	NM_001165963.4(SCN1A):c.713G>T (p.Gly238Val)	6323	SCN1A	Pathogenic	GRCh38	646877
single nucleotide variant	NM_001165963.4(SCN1A):c.673A>G (p.Lys225Glu)	6323	SCN1A	Likely pathogenic	GRCh38	651146
single nucleotide variant	NM_001165963.4(SCN1A):c.248A>G (p.Tyr83Cys)	6323	SCN1A	Pathogenic	GRCh38	643007
single nucleotide variant	NM_001165963.4(SCN1A):c.226C>T (p.Pro76Ser)	6323	SCN1A	Likely pathogenic	GRCh38	650387
single nucleotide variant	NM_001165963.4(SCN1A):c.4852+1G>T	6323	SCN1A	Pathogenic	GRCh38	653218
single nucleotide variant	NM_001165963.4(SCN1A):c.3550+2T>C	6323	SCN1A	Pathogenic	GRCh38	658917
single nucleotide variant	NM_001165963.4(SCN1A):c.1170+5G>A	6323	SCN1A	Pathogenic	GRCh38	646111
single nucleotide variant	NM_001165963.4(SCN1A):c.964+1G>A	6323	SCN1A	Pathogenic	GRCh38	652611
single nucleotide variant	NM_001165963.4(SCN1A):c.4133A>T (p.Asn1378Ile)	6323	SCN1A	Likely pathogenic	GRCh38	689733
single nucleotide variant	NM_001165963.4(SCN1A):c.265-2143G>A	6323	SCN1A	Likely pathogenic	GRCh38	694271
single nucleotide variant	NM_001165963.4(SCN1A):c.5261G>A (p.Gly1754Glu)	6323	SCN1A	Pathogenic/Likely pathogenic	GRCh38	801789
single nucleotide variant	NM_001165963.4(SCN1A):c.4862T>C (p.Leu1621Pro)	6323	SCN1A	Pathogenic/Likely pathogenic	GRCh38	801791
single nucleotide variant	NM_001165963.4(SCN1A):c.4704T>A (p.Tyr1568Ter)	6323	SCN1A	Pathogenic	GRCh38	801792
single nucleotide variant	NM_001165963.4(SCN1A):c.4428C>A (p.Asn1476Lys)	6323	SCN1A	Pathogenic	GRCh38	801794
single nucleotide variant	NM_001165963.4(SCN1A):c.4003-1G>A	6323	SCN1A	Pathogenic/Likely pathogenic	GRCh38	801797
single nucleotide variant	NM_001165963.4(SCN1A):c.3429+1G>T	6323	SCN1A	Pathogenic/Likely pathogenic	GRCh38	801801
single nucleotide variant	NM_001165963.4(SCN1A):c.3311C>G (p.Ser1104Ter)	6323	SCN1A	Pathogenic	GRCh38	801802
single nucleotide variant	NM_001165963.4(SCN1A):c.2691G>T (p.Leu897Phe)	6323	SCN1A	Pathogenic	GRCh38	801803
single nucleotide variant	NM_001165963.4(SCN1A):c.2686G>A (p.Val896Ile)	6323	SCN1A	Pathogenic/Likely pathogenic	GRCh38	801804
single nucleotide variant	NM_001165963.4(SCN1A):c.2415+1G>A	6323	SCN1A	Pathogenic	GRCh38	801805
single nucleotide variant	NM_001165963.4(SCN1A):c.2131C>T (p.Gln711Ter)	6323	SCN1A	Pathogenic	GRCh38	801808
single nucleotide variant	NM_001165963.4(SCN1A):c.1543A>T (p.Lys515Ter)	6323	SCN1A	Pathogenic	GRCh38	801812
single nucleotide variant	NM_001165963.4(SCN1A):c.1204T>A (p.Phe402Ile)	6323	SCN1A	Likely pathogenic	GRCh38	801813
single nucleotide variant	NM_001165963.4(SCN1A):c.1077T>A (p.Asn359Lys)	6323	SCN1A	Likely pathogenic	GRCh38	801814
single nucleotide variant	NM_001165963.4(SCN1A):c.1028+1G>A	6323	SCN1A	Pathogenic	GRCh38	801815
single nucleotide variant	NM_001165963.4(SCN1A):c.942G>T (p.Trp314Cys)	6323	SCN1A	Likely pathogenic	GRCh38	801816
single nucleotide variant	NM_001165963.4(SCN1A):c.830G>A (p.Cys277Tyr)	6323	SCN1A	Pathogenic/Likely pathogenic	GRCh38	801817
single nucleotide variant	NM_001165963.4(SCN1A):c.683C>T (p.Ser228Leu)	6323	SCN1A	Likely pathogenic	GRCh38	801820
single nucleotide variant	NM_001165963.4(SCN1A):c.384-12A>C	6323	SCN1A	Likely pathogenic	GRCh38	801823
single nucleotide variant	NM_001165963.4(SCN1A):c.1034G>A (p.Cys345Tyr)	6323	SCN1A	Pathogenic	GRCh38	805380
single nucleotide variant	NM_001165963.4(SCN1A):c.4476+6T>G	6323	SCN1A	Likely pathogenic	GRCh38	805383
single nucleotide variant	NM_001165963.4(SCN1A):c.2981C>T (p.Ser994Leu)	6323	SCN1A	Likely pathogenic	GRCh38	808862
single nucleotide variant	NM_001165963.4(SCN1A):c.539T>G (p.Leu180Ter)	6323	SCN1A	Pathogenic/Likely pathogenic	GRCh38	808869
single nucleotide variant	NM_001165963.4(SCN1A):c.491T>A (p.Ile164Lys)	6323	SCN1A	Likely pathogenic	GRCh38	808870
single nucleotide variant	NM_001165963.4(SCN1A):c.842C>G (p.Pro281Arg)	6323	SCN1A	Pathogenic	GRCh38	807675
single nucleotide variant	NM_001165963.4(SCN1A):c.4024G>T (p.Gly1342Ter)	6323	SCN1A	Pathogenic	GRCh38	812186
single nucleotide variant	NM_001165963.4(SCN1A):c.361G>C (p.Ala121Pro)	6323	SCN1A	Pathogenic/Likely pathogenic	GRCh38	812176
single nucleotide variant	NM_001165963.4(SCN1A):c.4915C>G (p.Arg1639Gly)	6323	SCN1A	Pathogenic	GRCh38	812511
single nucleotide variant	NM_001165963.4(SCN1A):c.5221T>A (p.Cys1741Ser)	6323	SCN1A	Likely pathogenic	GRCh38	813764
single nucleotide variant	NM_001165963.4(SCN1A):c.2879T>C (p.Met960Thr)	6323	SCN1A	Pathogenic	GRCh38	813803
single nucleotide variant	NM_001165963.4(SCN1A):c.2415+2T>C	6323	SCN1A	Likely pathogenic	GRCh38	827818
single nucleotide variant	NM_001165963.4(SCN1A):c.539T>A (p.Leu180Ter)	6323	SCN1A	Pathogenic	GRCh38	836613
single nucleotide variant	NM_001165963.4(SCN1A):c.575G>A (p.Trp192Ter)	6323	SCN1A	Pathogenic	GRCh38	861602
single nucleotide variant	NM_001165963.4(SCN1A):c.788T>C (p.Leu263Pro)	6323	SCN1A	Likely pathogenic	GRCh38	846430
single nucleotide variant	NM_001165963.4(SCN1A):c.974A>G (p.Tyr325Cys)	6323	SCN1A	Pathogenic	GRCh38	855077
single nucleotide variant	NM_001165963.4(SCN1A):c.1010G>C (p.Gly337Ala)	6323	SCN1A	Pathogenic	GRCh38	857067
single nucleotide variant	NM_001165963.4(SCN1A):c.1047T>G (p.Tyr349Ter)	6323	SCN1A	Pathogenic	GRCh38	851618
single nucleotide variant	NM_001165963.4(SCN1A):c.1133T>C (p.Leu378Pro)	6323	SCN1A	Pathogenic	GRCh38	859315
single nucleotide variant	NM_001165963.4(SCN1A):c.1144G>A (p.Asp382Asn)	6323	SCN1A	Pathogenic	GRCh38	836438
single nucleotide variant	NM_001165963.4(SCN1A):c.1154A>C (p.Glu385Ala)	6323	SCN1A	Likely pathogenic	GRCh38	834335
single nucleotide variant	NM_001165963.4(SCN1A):c.1220T>A (p.Ile407Asn)	6323	SCN1A	Likely pathogenic	GRCh38	848499
single nucleotide variant	NM_001165963.4(SCN1A):c.2243G>A (p.Trp748Ter)	6323	SCN1A	Pathogenic	GRCh38	848223
single nucleotide variant	NM_001165963.4(SCN1A):c.2266A>T (p.Lys756Ter)	6323	SCN1A	Pathogenic	GRCh38	847338
single nucleotide variant	NM_001165963.4(SCN1A):c.2363A>T (p.Glu788Val)	6323	SCN1A	Likely pathogenic	GRCh38	854648
single nucleotide variant	NM_001165963.4(SCN1A):c.2792G>T (p.Arg931Leu)	6323	SCN1A	Pathogenic/Likely pathogenic	GRCh38	837128
single nucleotide variant	NM_001165963.4(SCN1A):c.2835C>G (p.Phe945Leu)	6323	SCN1A	Pathogenic	GRCh38	838246
single nucleotide variant	NM_001165963.4(SCN1A):c.2903G>A (p.Cys968Tyr)	6323	SCN1A	Pathogenic/Likely pathogenic	GRCh38	861214
single nucleotide variant	NM_001165963.4(SCN1A):c.2970G>C (p.Leu990Phe)	6323	SCN1A	Likely pathogenic	GRCh38	851350
single nucleotide variant	NM_001165963.4(SCN1A):c.2971C>T (p.Leu991Phe)	6323	SCN1A	Pathogenic/Likely pathogenic	GRCh38	861493
single nucleotide variant	NM_001165963.4(SCN1A):c.3762T>A (p.Tyr1254Ter)	6323	SCN1A	Pathogenic	GRCh38	861530
single nucleotide variant	NM_001165963.4(SCN1A):c.3926T>A (p.Leu1309His)	6323	SCN1A	Pathogenic	GRCh38	838026
single nucleotide variant	NM_001165963.4(SCN1A):c.4040T>C (p.Ile1347Thr)	6323	SCN1A	Pathogenic/Likely pathogenic	GRCh38	851568
single nucleotide variant	NM_001165963.4(SCN1A):c.4048G>A (p.Val1350Met)	6323	SCN1A	Pathogenic/Likely pathogenic	GRCh38	838141
single nucleotide variant	NM_001165963.4(SCN1A):c.4244T>C (p.Phe1415Ser)	6323	SCN1A	Pathogenic	GRCh38	856106
single nucleotide variant	NM_001165963.4(SCN1A):c.4295A>T (p.Lys1432Ile)	6323	SCN1A	Pathogenic	GRCh38	836631
single nucleotide variant	NM_001165963.4(SCN1A):c.4352C>G (p.Pro1451Arg)	6323	SCN1A	Likely pathogenic	GRCh38	842816
single nucleotide variant	NM_001165963.4(SCN1A):c.4358A>G (p.Tyr1453Cys)	6323	SCN1A	Pathogenic	GRCh38	846248
single nucleotide variant	NM_001165963.4(SCN1A):c.4510C>A (p.Gln1504Lys)	6323	SCN1A	Pathogenic	GRCh38	852105
single nucleotide variant	NM_001165963.4(SCN1A):c.4656T>A (p.Cys1552Ter)	6323	SCN1A	Pathogenic	GRCh38	853604
single nucleotide variant	NM_001165963.4(SCN1A):c.4693C>T (p.Gln1565Ter)	6323	SCN1A	Pathogenic	GRCh38	836575
single nucleotide variant	NM_001165963.4(SCN1A):c.4973C>A (p.Thr1658Lys)	6323	SCN1A	Pathogenic	GRCh38	841364
single nucleotide variant	NM_001165963.4(SCN1A):c.5111T>C (p.Met1704Thr)	6323	SCN1A	Likely pathogenic	GRCh38	850126
single nucleotide variant	NM_001165963.4(SCN1A):c.5157A>C (p.Gln1719His)	6323	SCN1A	Pathogenic	GRCh38	843435
single nucleotide variant	NM_001165963.4(SCN1A):c.5179G>T (p.Asp1727Tyr)	6323	SCN1A	Likely pathogenic	GRCh38	834858
single nucleotide variant	NM_001165963.4(SCN1A):c.5182G>A (p.Gly1728Arg)	6323	SCN1A	Likely pathogenic	GRCh38	846117
single nucleotide variant	NM_001165963.4(SCN1A):c.5216C>G (p.Pro1739Arg)	6323	SCN1A	Pathogenic	GRCh38	846320
single nucleotide variant	NM_001165963.4(SCN1A):c.5312T>G (p.Ile1771Ser)	6323	SCN1A	Pathogenic	GRCh38	852952
single nucleotide variant	NM_001165963.4(SCN1A):c.5443T>C (p.Phe1815Leu)	6323	SCN1A	Likely pathogenic	GRCh38	842847
single nucleotide variant	NM_001165963.4(SCN1A):c.5444T>C (p.Phe1815Ser)	6323	SCN1A	Pathogenic	GRCh38	859283
single nucleotide variant	NM_001165963.4(SCN1A):c.5756C>G (p.Ala1919Gly)	6323	SCN1A	Likely pathogenic	GRCh38	848734
single nucleotide variant	NM_001165963.4(SCN1A):c.280A>T (p.Asn94Tyr)	6323	SCN1A	Pathogenic	GRCh38	857320
single nucleotide variant	NM_001165963.4(SCN1A):c.338C>T (p.Pro113Leu)	6323	SCN1A	Pathogenic	GRCh38	855453
single nucleotide variant	NM_001165963.4(SCN1A):c.417G>C (p.Leu139Phe)	6323	SCN1A	Likely pathogenic	GRCh38	842887
single nucleotide variant	NM_001165963.4(SCN1A):c.264+3G>C	6323	SCN1A	Likely pathogenic	GRCh38	858513
single nucleotide variant	NM_001165963.4(SCN1A):c.3706-2A>T	6323	SCN1A	Pathogenic	GRCh38	850217
single nucleotide variant	NM_001165963.4(SCN1A):c.1377+2T>C	6323	SCN1A	Pathogenic	GRCh38	859864
single nucleotide variant	NM_001165963.4(SCN1A):c.694+5G>A	6323	SCN1A	Pathogenic	GRCh38	847623
single nucleotide variant	NM_001165963.4(SCN1A):c.4477-3T>C	6323	SCN1A	Pathogenic	GRCh38	841954
single nucleotide variant	NM_001165963.4(SCN1A):c.384-1C>T	6323	SCN1A	Pathogenic	GRCh38	842832
single nucleotide variant	NM_001165963.4(SCN1A):c.5768A>C (p.Gln1923Pro)	6323	SCN1A	Likely pathogenic	GRCh38	870160
single nucleotide variant	NM_001165963.4(SCN1A):c.5546T>C (p.Leu1849Pro)	6323	SCN1A	Likely pathogenic	GRCh38	870161
single nucleotide variant	NM_001165963.4(SCN1A):c.4428C>G (p.Asn1476Lys)	6323	SCN1A	Likely pathogenic	GRCh38	870158
single nucleotide variant	NM_001165963.4(SCN1A):c.4094G>A (p.Gly1365Asp)	6323	SCN1A	Pathogenic/Likely pathogenic	GRCh38	870417
single nucleotide variant	NM_001165963.4(SCN1A):c.4852+2T>A	6323	SCN1A	Likely pathogenic	GRCh38	870751
single nucleotide variant	NM_001165963.4(SCN1A):c.4764T>A (p.Cys1588Ter)	6323	SCN1A	Pathogenic	GRCh38	870752
single nucleotide variant	NM_001165963.4(SCN1A):c.3656G>A (p.Trp1219Ter)	6323	SCN1A	Pathogenic	GRCh38	871604
single nucleotide variant	NM_001165963.4(SCN1A):c.2846G>C (p.Cys949Ser)	6323	SCN1A	Pathogenic	GRCh38	871909
single nucleotide variant	NM_001165963.4(SCN1A):c.2816A>C (p.His939Pro)	6323	SCN1A	Likely pathogenic	GRCh38	871910
single nucleotide variant	NM_001165963.4(SCN1A):c.2585G>T (p.Arg862Leu)	6323	SCN1A	Pathogenic/Likely pathogenic	GRCh38	871911
single nucleotide variant	NM_001165963.4(SCN1A):c.2573T>C (p.Leu858Pro)	6323	SCN1A	Pathogenic	GRCh38	871912
single nucleotide variant	NM_001165963.4(SCN1A):c.964+1G>C	6323	SCN1A	Pathogenic	GRCh38	872472
single nucleotide variant	NM_001165963.4(SCN1A):c.487G>T (p.Gly163Ter)	6323	SCN1A	Pathogenic	GRCh38	872475
single nucleotide variant	NM_001165963.4(SCN1A):c.1111G>C (p.Ala371Pro)	6323	SCN1A	Likely pathogenic	GRCh38	873405
single nucleotide variant	NM_001165963.4(SCN1A):c.4525A>C (p.Asn1509His)	6323	SCN1A	Likely pathogenic	GRCh38	915281
single nucleotide variant	NM_001165963.4(SCN1A):c.2867T>C (p.Met956Thr)	6323	SCN1A	Pathogenic/Likely pathogenic	GRCh38	915838
single nucleotide variant	NM_001165963.4(SCN1A):c.3526G>T (p.Glu1176Ter)	6323	SCN1A	Pathogenic	GRCh38	917889
single nucleotide variant	NM_001165963.4(SCN1A):c.5388T>A (p.Ser1796Arg)	6323	SCN1A	Pathogenic	GRCh38	929425
single nucleotide variant	NM_001165963.4(SCN1A):c.4331C>A (p.Ser1444Tyr)	6323	SCN1A	Pathogenic	GRCh38	929415
single nucleotide variant	NM_001165963.4(SCN1A):c.5341T>C (p.Tyr1781His)	6323	SCN1A	Pathogenic	GRCh38	930321
single nucleotide variant	NM_001165963.4(SCN1A):c.4772A>T (p.Lys1591Ile)	6323	SCN1A	Pathogenic	GRCh38	931824
single nucleotide variant	NM_001165963.4(SCN1A):c.4019T>C (p.Leu1340Pro)	6323	SCN1A	Likely pathogenic	GRCh38	931957
single nucleotide variant	NM_001165963.4(SCN1A):c.1843G>T (p.Gly615Ter)	6323	SCN1A	Pathogenic	GRCh38	930758
single nucleotide variant	NM_001165963.4(SCN1A):c.941G>A (p.Trp314Ter)	6323	SCN1A	Likely pathogenic	GRCh38	930959
single nucleotide variant	NM_001165963.4(SCN1A):c.680T>C (p.Ile227Thr)	6323	SCN1A	Pathogenic/Likely pathogenic	GRCh38	930374
single nucleotide variant	NM_001165963.4(SCN1A):c.1028+2T>C	6323	SCN1A	Pathogenic	GRCh38	932130
single nucleotide variant	NM_001165963.4(SCN1A):c.4990A>C (p.Met1664Leu)	6323	SCN1A	Pathogenic/Likely pathogenic	GRCh38	932443
single nucleotide variant	NM_001165963.4(SCN1A):c.4963G>A (p.Gly1655Arg)	6323	SCN1A	Likely pathogenic	GRCh38	945334
single nucleotide variant	NM_001165963.4(SCN1A):c.4351C>G (p.Pro1451Ala)	6323	SCN1A	Pathogenic	GRCh38	948378
single nucleotide variant	NM_001165963.4(SCN1A):c.3863A>C (p.Asp1288Ala)	6323	SCN1A	Likely pathogenic	GRCh38	950978
single nucleotide variant	NM_001165963.4(SCN1A):c.3829C>T (p.Gln1277Ter)	6323	SCN1A	Pathogenic	GRCh38	949865
single nucleotide variant	NM_001165963.4(SCN1A):c.3611G>C (p.Trp1204Ser)	6323	SCN1A	Likely pathogenic	GRCh38	947872
single nucleotide variant	NM_001165963.4(SCN1A):c.2893C>T (p.Gln965Ter)	6323	SCN1A	Pathogenic	GRCh38	949780
single nucleotide variant	NM_001165963.4(SCN1A):c.2429T>A (p.Ile810Asn)	6323	SCN1A	Pathogenic	GRCh38	948891
single nucleotide variant	NM_001165963.4(SCN1A):c.1883C>A (p.Ser628Ter)	6323	SCN1A	Pathogenic	GRCh38	947428
single nucleotide variant	NM_001165963.4(SCN1A):c.1549G>T (p.Glu517Ter)	6323	SCN1A	Pathogenic	GRCh38	952870
single nucleotide variant	NM_001165963.4(SCN1A):c.1229G>T (p.Gly410Val)	6323	SCN1A	Likely pathogenic	GRCh38	952846
single nucleotide variant	NM_001165963.4(SCN1A):c.1170G>A (p.Leu390=)	6323	SCN1A	Pathogenic	GRCh38	946265
single nucleotide variant	NM_001165963.4(SCN1A):c.1121C>A (p.Ser374Tyr)	6323	SCN1A	Likely pathogenic	GRCh38	952448
single nucleotide variant	NM_001165963.4(SCN1A):c.459G>A (p.Trp153Ter)	6323	SCN1A	Pathogenic	GRCh38	952615
single nucleotide variant	NM_001165963.4(SCN1A):c.5218G>C (p.Asp1740His)	6323	SCN1A	Likely pathogenic	GRCh38	938955
single nucleotide variant	NM_001165963.4(SCN1A):c.5051A>G (p.Tyr1684Cys)	6323	SCN1A	Pathogenic	GRCh38	942302
single nucleotide variant	NM_001165963.4(SCN1A):c.4414T>C (p.Phe1472Leu)	6323	SCN1A	Likely pathogenic	GRCh38	936781
single nucleotide variant	NM_001165963.4(SCN1A):c.2947G>T (p.Val983Phe)	6323	SCN1A	Likely pathogenic	GRCh38	943121
single nucleotide variant	NM_001165963.4(SCN1A):c.2869T>G (p.Trp957Gly)	6323	SCN1A	Likely pathogenic	GRCh38	940625
single nucleotide variant	NM_001165963.4(SCN1A):c.1160T>C (p.Leu387Pro)	6323	SCN1A	Likely pathogenic	GRCh38	942441
single nucleotide variant	NM_001165963.4(SCN1A):c.716C>G (p.Ala239Gly)	6323	SCN1A	Pathogenic	GRCh38	940560
single nucleotide variant	NM_001165963.4(SCN1A):c.474-1G>A	6323	SCN1A	Pathogenic	GRCh38	945039
single nucleotide variant	NM_001165963.4(SCN1A):c.5293T>C (p.Phe1765Leu)	6323	SCN1A	Pathogenic	GRCh38	963219
single nucleotide variant	NM_001165963.4(SCN1A):c.5129T>C (p.Phe1710Ser)	6323	SCN1A	Likely pathogenic	GRCh38	955916
single nucleotide variant	NM_001165963.4(SCN1A):c.4051C>T (p.Leu1351Phe)	6323	SCN1A	Pathogenic/Likely pathogenic	GRCh38	954384
single nucleotide variant	NM_001165963.4(SCN1A):c.3183T>A (p.Cys1061Ter)	6323	SCN1A	Pathogenic	GRCh38	960031
single nucleotide variant	NM_001165963.4(SCN1A):c.2928G>A (p.Met976Ile)	6323	SCN1A	Pathogenic/Likely pathogenic	GRCh38	957303
single nucleotide variant	NM_001165963.4(SCN1A):c.2796G>A (p.Trp932Ter)	6323	SCN1A	Pathogenic	GRCh38	956504
single nucleotide variant	NM_001165963.4(SCN1A):c.2369A>T (p.Tyr790Phe)	6323	SCN1A	Pathogenic/Likely pathogenic	GRCh38	961713
single nucleotide variant	NM_001165963.4(SCN1A):c.839G>A (p.Trp280Ter)	6323	SCN1A	Pathogenic	GRCh38	960282
single nucleotide variant	NM_001165963.4(SCN1A):c.602C>T (p.Ala201Val)	6323	SCN1A	Likely pathogenic	GRCh38	956579
single nucleotide variant	NM_001165963.4(SCN1A):c.488G>A (p.Gly163Glu)	6323	SCN1A	Pathogenic	GRCh38	957016
single nucleotide variant	NM_001165963.4(SCN1A):c.2983T>C (p.Phe995Leu)	6323	SCN1A	Pathogenic	GRCh38	967462
single nucleotide variant	NM_001165963.4(SCN1A):c.2627T>G (p.Leu876Ter)	6323	SCN1A	Pathogenic	GRCh38	967232
single nucleotide variant	NM_001165963.4(SCN1A):c.1285C>T (p.Gln429Ter)	6323	SCN1A	Pathogenic	GRCh38	969898
single nucleotide variant	NM_001165963.4(SCN1A):c.576G>A (p.Trp192Ter)	6323	SCN1A	Pathogenic/Likely pathogenic	GRCh38	965899
single nucleotide variant	NM_001165963.4(SCN1A):c.4581+1G>A	6323	SCN1A	Pathogenic	GRCh38	961360
single nucleotide variant	NM_001165963.4(SCN1A):c.3706-1G>C	6323	SCN1A	Pathogenic	GRCh38	956259
single nucleotide variant	NM_001165963.4(SCN1A):c.3430-2A>G	6323	SCN1A	Pathogenic	GRCh38	957533
single nucleotide variant	NM_001165963.4(SCN1A):c.2044-1G>A	6323	SCN1A	Pathogenic	GRCh38	959725
single nucleotide variant	NM_001165963.4(SCN1A):c.345T>A (p.Asn115Lys)	6323	SCN1A	Pathogenic	GRCh38	972887
single nucleotide variant	NM_001165963.4(SCN1A):c.1072C>G (p.Pro358Ala)	6323	SCN1A	Likely pathogenic	GRCh38	976200
single nucleotide variant	NM_001165963.4(SCN1A):c.841C>T (p.Pro281Ser)	6323	SCN1A	Pathogenic	GRCh38	976292
single nucleotide variant	NM_001165963.4(SCN1A):c.833T>A (p.Ile278Lys)	6323	SCN1A	Likely pathogenic	GRCh38	976137
single nucleotide variant	NM_001165963.4(SCN1A):c.485C>T (p.Thr162Ile)	6323	SCN1A	Pathogenic/Likely pathogenic	GRCh38	975943
single nucleotide variant	NM_001165963.4(SCN1A):c.4581+18A>G	6323	SCN1A	Likely pathogenic	GRCh38	975975
single nucleotide variant	NM_001165963.4(SCN1A):c.4002+1G>T	6323	SCN1A	Pathogenic/Likely pathogenic	GRCh38	975944
single nucleotide variant	NM_001165963.4(SCN1A):c.2963T>G (p.Leu988Arg)	6323	SCN1A	Likely pathogenic	GRCh38	978265
single nucleotide variant	NM_001165963.4(SCN1A):c.5180A>G (p.Asp1727Gly)	6323	SCN1A	Pathogenic/Likely pathogenic	GRCh38	982041
single nucleotide variant	NM_001165963.4(SCN1A):c.4284+4A>C	6323	SCN1A	Likely pathogenic	GRCh38	983104
single nucleotide variant	NM_001165963.4(SCN1A):c.629G>A (p.Gly210Asp)	6323	SCN1A	Likely pathogenic	GRCh38	982639
single nucleotide variant	NM_001165963.4(SCN1A):c.4064T>G (p.Leu1355Arg)	6323	SCN1A	Likely pathogenic	GRCh38	983217
single nucleotide variant	NM_001165963.4(SCN1A):c.4871T>C (p.Leu1624Pro)	6323	SCN1A	Likely pathogenic	GRCh38	994751
single nucleotide variant	NM_001165963.4(SCN1A):c.2177-1G>C	6323	SCN1A	Pathogenic	GRCh38	994748
single nucleotide variant	NM_001165963.4(SCN1A):c.2173G>T (p.Glu725Ter)	6323	SCN1A	Pathogenic	GRCh38	994747
single nucleotide variant	NM_001165963.4(SCN1A):c.1170+4A>G	6323	SCN1A	Likely pathogenic	GRCh38	994746
single nucleotide variant	NM_001165963.4(SCN1A):c.5173G>A (p.Gly1725Ser)	6323	SCN1A	Likely pathogenic	GRCh38	995420
single nucleotide variant	NM_001165963.4(SCN1A):c.725A>G (p.Gln242Arg)	6323	SCN1A	Likely pathogenic	GRCh38	995993
single nucleotide variant	NM_001165963.4(SCN1A):c.5797C>T (p.Arg1933Ter)	6323	SCN1A	Pathogenic/Likely pathogenic	GRCh38	1003737
single nucleotide variant	NM_001165963.4(SCN1A):c.4910T>C (p.Val1637Ala)	6323	SCN1A	Likely pathogenic	GRCh38	1008671
single nucleotide variant	NM_001165963.4(SCN1A):c.3662A>G (p.Glu1221Gly)	6323	SCN1A	Likely pathogenic	GRCh38	1004237
single nucleotide variant	NM_001165963.4(SCN1A):c.1163A>G (p.Tyr388Cys)	6323	SCN1A	Likely pathogenic	GRCh38	1003488
single nucleotide variant	NM_001165963.4(SCN1A):c.655A>G (p.Arg219Gly)	6323	SCN1A	Likely pathogenic	GRCh38	1000050
single nucleotide variant	NM_001165963.4(SCN1A):c.4348C>T (p.Gln1450Ter)	6323	SCN1A	Pathogenic	GRCh38	1012960
single nucleotide variant	NM_001165963.4(SCN1A):c.2691G>C (p.Leu897Phe)	6323	SCN1A	Likely pathogenic	GRCh38	1012963
single nucleotide variant	NM_001165963.4(SCN1A):c.919G>T (p.Glu307Ter)	6323	SCN1A	Pathogenic	GRCh38	1012967
single nucleotide variant	NM_001165963.4(SCN1A):c.5020G>A (p.Gly1674Ser)	6323	SCN1A	Pathogenic/Likely pathogenic	GRCh38	1024963
single nucleotide variant	NM_001165963.4(SCN1A):c.4858T>C (p.Phe1620Leu)	6323	SCN1A	Likely pathogenic	GRCh38	1014045
single nucleotide variant	NM_001165963.4(SCN1A):c.4676T>G (p.Met1559Arg)	6323	SCN1A	Pathogenic	GRCh38	1026796
single nucleotide variant	NM_001165963.4(SCN1A):c.3862G>A (p.Asp1288Asn)	6323	SCN1A	Pathogenic/Likely pathogenic	GRCh38	1024964
single nucleotide variant	NM_001165963.4(SCN1A):c.965-5A>G	6323	SCN1A	Pathogenic	GRCh38	1023377
single nucleotide variant	NM_001165963.4(SCN1A):c.1662+1G>C	6323	SCN1A	Pathogenic	GRCh38	1027785
single nucleotide variant	NM_001165963.4(SCN1A):c.986G>C (p.Gly329Ala)	6323	SCN1A	Pathogenic/Likely pathogenic	GRCh38	1032678
single nucleotide variant	NM_001165963.4(SCN1A):c.5435G>C (p.Trp1812Ser)	6323	SCN1A	Pathogenic	GRCh38	1036382
single nucleotide variant	NM_001165963.4(SCN1A):c.5224G>T (p.Asp1742Tyr)	6323	SCN1A	Likely pathogenic	GRCh38	1039369
single nucleotide variant	NM_001165963.4(SCN1A):c.5581C>T (p.Arg1861Trp)	6323	SCN1A	Pathogenic/Likely pathogenic	GRCh38	1048587
single nucleotide variant	NM_001165963.4(SCN1A):c.5324T>C (p.Leu1775Pro)	6323	SCN1A	Pathogenic	GRCh38	1057583
single nucleotide variant	NM_001165963.4(SCN1A):c.5080T>G (p.Tyr1694Asp)	6323	SCN1A	Likely pathogenic	GRCh38	1057139
single nucleotide variant	NM_001165963.4(SCN1A):c.3660T>G (p.Phe1220Leu)	6323	SCN1A	Pathogenic	GRCh38	1064343
single nucleotide variant	NM_001165963.4(SCN1A):c.1199T>C (p.Met400Thr)	6323	SCN1A	Pathogenic	GRCh38	1056951
single nucleotide variant	NM_001165963.4(SCN1A):c.1169T>C (p.Leu390Pro)	6323	SCN1A	Pathogenic/Likely pathogenic	GRCh38	1057080
single nucleotide variant	NM_001165963.4(SCN1A):c.1149C>A (p.Phe383Leu)	6323	SCN1A	Pathogenic	GRCh38	1061224
single nucleotide variant	NM_001165963.4(SCN1A):c.866A>T (p.Glu289Val)	6323	SCN1A	Pathogenic	GRCh38	1057584
single nucleotide variant	NM_001165963.4(SCN1A):c.1037C>T (p.Pro346Leu)	6323	SCN1A	Likely pathogenic	GRCh38	1064582
single nucleotide variant	NM_001165963.4(SCN1A):c.3977C>A (p.Ala1326Asp)	6323	SCN1A	Pathogenic/Likely pathogenic	GRCh38	1064821
single nucleotide variant	NM_001165963.4(SCN1A):c.5308A>T (p.Ile1770Phe)	6323	SCN1A	Likely pathogenic	GRCh38	1065176
single nucleotide variant	NM_001165963.4(SCN1A):c.3612G>A (p.Trp1204Ter)	6323	SCN1A	Pathogenic	GRCh38	1065174
single nucleotide variant	NM_001165963.4(SCN1A):c.1118T>C (p.Leu373Ser)	6323	SCN1A	Pathogenic/Likely pathogenic	GRCh38	1065177
single nucleotide variant	NM_001165963.4(SCN1A):c.434T>G (p.Met145Arg)	6323	SCN1A	Likely pathogenic	GRCh38	1065179
single nucleotide variant	NM_001165963.4(SCN1A):c.5120T>C (p.Phe1707Ser)	6323	SCN1A	Pathogenic	GRCh38	1065622
single nucleotide variant	NM_001165963.4(SCN1A):c.5769G>C (p.Gln1923His)	6323	SCN1A	Pathogenic/Likely pathogenic	GRCh38	1066894
single nucleotide variant	NM_001165963.4(SCN1A):c.5224G>A (p.Asp1742Asn)	6323	SCN1A	Likely pathogenic	GRCh38	1066554
single nucleotide variant	NM_001165963.4(SCN1A):c.5179G>C (p.Asp1727His)	6323	SCN1A	Pathogenic	GRCh38	1066441
single nucleotide variant	NM_001165963.4(SCN1A):c.5036T>C (p.Leu1679Pro)	6323	SCN1A	Likely pathogenic	GRCh38	1068270
single nucleotide variant	NM_001165963.4(SCN1A):c.4681G>A (p.Glu1561Lys)	6323	SCN1A	Likely pathogenic	GRCh38	1068019
single nucleotide variant	NM_001165963.4(SCN1A):c.4634T>A (p.Ile1545Lys)	6323	SCN1A	Likely pathogenic	GRCh38	1067239
single nucleotide variant	NM_001165963.4(SCN1A):c.4555C>T (p.Pro1519Ser)	6323	SCN1A	Pathogenic	GRCh38	1066555
single nucleotide variant	NM_001165963.4(SCN1A):c.4481G>A (p.Gly1494Glu)	6323	SCN1A	Pathogenic	GRCh38	1066435
single nucleotide variant	NM_001165963.4(SCN1A):c.3551-2A>T	6323	SCN1A	Likely pathogenic	GRCh38	1067402
single nucleotide variant	NM_001165963.4(SCN1A):c.2904C>G (p.Cys968Trp)	6323	SCN1A	Likely pathogenic	GRCh38	1068194
single nucleotide variant	NM_001165963.4(SCN1A):c.2848G>A (p.Gly950Arg)	6323	SCN1A	Pathogenic	GRCh38	1066562
single nucleotide variant	NM_001165963.4(SCN1A):c.2796G>T (p.Trp932Cys)	6323	SCN1A	Likely pathogenic	GRCh38	1066993
single nucleotide variant	NM_001165963.4(SCN1A):c.2791C>G (p.Arg931Gly)	6323	SCN1A	Likely pathogenic	GRCh38	1066442
single nucleotide variant	NM_001165963.4(SCN1A):c.2355G>A (p.Met785Ile)	6323	SCN1A	Likely pathogenic	GRCh38	1066611
single nucleotide variant	NM_001165963.4(SCN1A):c.997G>A (p.Ala333Thr)	6323	SCN1A	Likely pathogenic	GRCh38	1066349
single nucleotide variant	NM_001165963.4(SCN1A):c.695-2A>G	6323	SCN1A	Likely pathogenic	GRCh38	1066324
single nucleotide variant	NM_001165963.4(SCN1A):c.172G>A (p.Gly58Arg)	6323	SCN1A	Pathogenic	GRCh38	1066871
single nucleotide variant	NM_001165963.4(SCN1A):c.5527C>T (p.Gln1843Ter)	6323	SCN1A	Pathogenic	GRCh38	1072142
single nucleotide variant	NM_001165963.4(SCN1A):c.5048T>C (p.Ile1683Thr)	6323	SCN1A	Pathogenic	GRCh38	1072577
single nucleotide variant	NM_001165963.4(SCN1A):c.4852+1G>A	6323	SCN1A	Pathogenic/Likely pathogenic	GRCh38	1074452
single nucleotide variant	NM_001165963.4(SCN1A):c.4847T>C (p.Ile1616Thr)	6323	SCN1A	Pathogenic/Likely pathogenic	GRCh38	1074453
single nucleotide variant	NM_001165963.4(SCN1A):c.4359T>G (p.Tyr1453Ter)	6323	SCN1A	Pathogenic	GRCh38	1070504
single nucleotide variant	NM_001165963.4(SCN1A):c.4283T>A (p.Val1428Asp)	6323	SCN1A	Pathogenic	GRCh38	1069950
single nucleotide variant	NM_001165963.4(SCN1A):c.4234A>T (p.Lys1412Ter)	6323	SCN1A	Pathogenic	GRCh38	1075144
single nucleotide variant	NM_001165963.4(SCN1A):c.3869T>A (p.Leu1290Ter)	6323	SCN1A	Pathogenic	GRCh38	1072726
single nucleotide variant	NM_001165963.4(SCN1A):c.3429+1G>A	6323	SCN1A	Pathogenic	GRCh38	1076862
single nucleotide variant	NM_001165963.4(SCN1A):c.3407C>A (p.Ser1136Ter)	6323	SCN1A	Pathogenic	GRCh38	1074023
single nucleotide variant	NM_001165963.4(SCN1A):c.3380T>G (p.Leu1127Ter)	6323	SCN1A	Pathogenic	GRCh38	1073262
single nucleotide variant	NM_001165963.4(SCN1A):c.2904C>A (p.Cys968Ter)	6323	SCN1A	Pathogenic	GRCh38	1074595
single nucleotide variant	NM_001165963.4(SCN1A):c.2862G>C (p.Glu954Asp)	6323	SCN1A	Pathogenic	GRCh38	1071810
single nucleotide variant	NM_001165963.4(SCN1A):c.2855G>A (p.Trp952Ter)	6323	SCN1A	Pathogenic	GRCh38	1070649
single nucleotide variant	NM_001165963.4(SCN1A):c.2618G>A (p.Trp873Ter)	6323	SCN1A	Pathogenic	GRCh38	1076294
single nucleotide variant	NM_001165963.4(SCN1A):c.2496G>A (p.Trp832Ter)	6323	SCN1A	Pathogenic	GRCh38	1068660
single nucleotide variant	NM_001165963.4(SCN1A):c.2244G>A (p.Trp748Ter)	6323	SCN1A	Pathogenic	GRCh38	1069251
single nucleotide variant	NM_001165963.4(SCN1A):c.2217T>G (p.Tyr739Ter)	6323	SCN1A	Pathogenic	GRCh38	1076935
single nucleotide variant	NM_001165963.4(SCN1A):c.2044G>T (p.Gly682Ter)	6323	SCN1A	Pathogenic	GRCh38	1074214
single nucleotide variant	NM_001165963.4(SCN1A):c.1525C>T (p.Gln509Ter)	6323	SCN1A	Pathogenic	GRCh38	1075775
single nucleotide variant	NM_001165963.4(SCN1A):c.1439C>A (p.Ser480Ter)	6323	SCN1A	Pathogenic	GRCh38	1072203
single nucleotide variant	NM_001165963.4(SCN1A):c.1008T>A (p.Cys336Ter)	6323	SCN1A	Pathogenic	GRCh38	1073133
single nucleotide variant	NM_001165963.4(SCN1A):c.812G>T (p.Gly271Val)	6323	SCN1A	Pathogenic/Likely pathogenic	GRCh38	1071939
single nucleotide variant	NM_001165963.4(SCN1A):c.252T>A (p.Tyr84Ter)	6323	SCN1A	Pathogenic	GRCh38	1074787
single nucleotide variant	NM_001165963.4(SCN1A):c.243C>A (p.Asp81Glu)	6323	SCN1A	Pathogenic	GRCh38	1068636
single nucleotide variant	NM_001165963.4(SCN1A):c.4002+2461T>C	6323	SCN1A	Likely pathogenic	GRCh38	1077141
single nucleotide variant	NM_001165963.4(SCN1A):c.4601T>A (p.Val1534Asp)	6323	SCN1A	Pathogenic/Likely pathogenic	GRCh38	1098276
single nucleotide variant	NM_001165963.4(SCN1A):c.1264G>T (p.Val422Leu)	6323	SCN1A	Pathogenic	GRCh38	1098587
single nucleotide variant	NM_001165963.4(SCN1A):c.962C>G (p.Ser321Ter)	6323	SCN1A	Pathogenic	GRCh38	1163419
single nucleotide variant	NM_001165963.4(SCN1A):c.5300T>A (p.Val1767Asp)	6323	SCN1A	Pathogenic	GRCh38	1164028
single nucleotide variant	NM_001165963.4(SCN1A):c.2791C>A (p.Arg931Ser)	6323	SCN1A	Pathogenic/Likely pathogenic	GRCh38	1175195
single nucleotide variant	NM_001165963.4(SCN1A):c.4386C>G (p.Tyr1462Ter)	6323	SCN1A	Pathogenic	GRCh38	1175962
single nucleotide variant	NM_001165963.4(SCN1A):c.787C>G (p.Leu263Val)	6323	SCN1A	Pathogenic	GRCh38	1177384
single nucleotide variant	NM_001165963.4(SCN1A):c.4477-3T>A	6323	SCN1A	Likely pathogenic	GRCh38	1177530
single nucleotide variant	NM_001165963.4(SCN1A):c.5488C>T (p.Gln1830Ter)	6323	SCN1A	Pathogenic	GRCh38	1179013
single nucleotide variant	NM_001165963.4(SCN1A):c.2846G>A (p.Cys949Tyr)	6323	SCN1A	Pathogenic	GRCh38	1179015
single nucleotide variant	NM_001165963.4(SCN1A):c.514A>T (p.Lys172Ter)	6323	SCN1A	Pathogenic	GRCh38	1181477
single nucleotide variant	NM_001165963.4(SCN1A):c.5495C>A (p.Ala1832Glu)	6323	SCN1A	Likely pathogenic	GRCh38	1188748
single nucleotide variant	NM_001165963.4(SCN1A):c.4521C>A (p.Tyr1507Ter)	6323	SCN1A	Pathogenic	GRCh38	1188345
single nucleotide variant	NM_001165963.4(SCN1A):c.4074G>T (p.Trp1358Cys)	6323	SCN1A	Likely pathogenic	GRCh38	1188664
single nucleotide variant	NM_001165963.4(SCN1A):c.2843T>C (p.Leu948Pro)	6323	SCN1A	Likely pathogenic	GRCh38	1185956
single nucleotide variant	NM_001165963.4(SCN1A):c.3429G>C (p.Glu1143Asp)	6323	SCN1A	Likely pathogenic	GRCh38	1196788
single nucleotide variant	NM_001165963.4(SCN1A):c.3820T>A (p.Tyr1274Asn)	6323	SCN1A	Likely pathogenic	GRCh38	1200558
single nucleotide variant	NM_001165963.4(SCN1A):c.4852G>A (p.Gly1618Ser)	6323	SCN1A	Likely pathogenic	GRCh38	1206420
single nucleotide variant	NM_001165963.4(SCN1A):c.2955T>G (p.Asn985Lys)	6323	SCN1A	Likely pathogenic	GRCh38	1206698
single nucleotide variant	NM_001165963.4(SCN1A):c.2416-1G>T	6323	SCN1A	Pathogenic	GRCh38	1207171
single nucleotide variant	NM_001165963.4(SCN1A):c.4107T>G (p.Phe1369Leu)	6323	SCN1A	Likely pathogenic	GRCh38	1219381
single nucleotide variant	NM_001165963.4(SCN1A):c.386T>G (p.Leu129Ter)	6323	SCN1A	Pathogenic	GRCh38	1256614
single nucleotide variant	NM_001165963.4(SCN1A):c.3862G>T (p.Asp1288Tyr)	6323	SCN1A	Likely pathogenic	GRCh38	1285591
single nucleotide variant	NM_001165963.4(SCN1A):c.1247A>G (p.Asn416Ser)	6323	SCN1A	Likely pathogenic	GRCh38	1297050
single nucleotide variant	NM_001165963.4(SCN1A):c.2344A>G (p.Thr782Ala)	6323	SCN1A	Likely pathogenic	GRCh38	1299760
single nucleotide variant	NM_001165963.4(SCN1A):c.4284+1G>A	6323	SCN1A	Pathogenic	GRCh38	1300202
single nucleotide variant	NM_001165963.4(SCN1A):c.5018T>C (p.Ile1673Thr)	6323	SCN1A	Pathogenic/Likely pathogenic	GRCh38	1300554
single nucleotide variant	NM_001165963.4(SCN1A):c.1141C>G (p.Gln381Glu)	6323	SCN1A	Likely pathogenic	GRCh38	1300705
single nucleotide variant	NM_001165963.4(SCN1A):c.5623G>T (p.Val1875Phe)	6323	SCN1A	Likely pathogenic	GRCh38	1305714
single nucleotide variant	NM_001165963.4(SCN1A):c.3715G>C (p.Asp1239His)	6323	SCN1A	Likely pathogenic	GRCh38	1310897
single nucleotide variant	NM_001165963.4(SCN1A):c.3281A>T (p.Lys1094Ile)	6323	SCN1A	Likely pathogenic	GRCh38	1319930
single nucleotide variant	NM_001165963.4(SCN1A):c.4265A>T (p.Tyr1422Phe)	6323	SCN1A	Likely pathogenic	GRCh38	1321314
single nucleotide variant	NM_001165963.4(SCN1A):c.840G>A (p.Trp280Ter)	6323	SCN1A	Pathogenic	GRCh38	1323556
single nucleotide variant	NM_001165963.4(SCN1A):c.1232C>A (p.Ser411Ter)	6323	SCN1A	Pathogenic	GRCh38	1323558
single nucleotide variant	NM_001165963.4(SCN1A):c.4853-1G>A	6323	SCN1A	Pathogenic	GRCh38	1323559
single nucleotide variant	NM_001165963.4(SCN1A):c.1171-2A>G	6323	SCN1A	Pathogenic	GRCh38	1323560
single nucleotide variant	NM_001165963.4(SCN1A):c.4357T>G (p.Tyr1453Asp)	6323	SCN1A	Likely pathogenic	GRCh38	1327141
single nucleotide variant	NM_001165963.4(SCN1A):c.4582-2A>G	6323	SCN1A	Pathogenic	GRCh38	1327585
single nucleotide variant	NM_001165963.4(SCN1A):c.4423T>G (p.Leu1475Val)	6323	SCN1A	Pathogenic	GRCh38	1328963
single nucleotide variant	NM_001165963.4(SCN1A):c.4003-1G>C	6323	SCN1A	Pathogenic	GRCh38	1332744
single nucleotide variant	NM_001165963.4(SCN1A):c.5148C>A (p.Cys1716Ter)	6323	SCN1A	Pathogenic	GRCh38	1334455
single nucleotide variant	NM_001165963.4(SCN1A):c.758T>C (p.Leu253Pro)	6323	SCN1A	Likely pathogenic	GRCh38	1334456
single nucleotide variant	NM_001165963.4(SCN1A):c.3538T>C (p.Cys1180Arg)	6323	SCN1A	Likely pathogenic	GRCh38	1335962
single nucleotide variant	NM_001165963.4(SCN1A):c.5462A>C (p.Gln1821Pro)	6323	SCN1A	Likely pathogenic	GRCh38	1338770
single nucleotide variant	NM_001165963.4(SCN1A):c.2542G>T (p.Gly848Ter)	6323	SCN1A	Likely pathogenic	GRCh38	1341523
single nucleotide variant	NM_001165963.4(SCN1A):c.5600T>A (p.Ile1867Asn)	6323	SCN1A	Likely pathogenic	GRCh38	1343886
single nucleotide variant	NM_001165963.4(SCN1A):c.3976G>A (p.Ala1326Thr)	6323	SCN1A	Likely pathogenic	GRCh38	1504271
single nucleotide variant	NM_001165963.4(SCN1A):c.3688C>T (p.Leu1230Phe)	6323	SCN1A	Pathogenic	GRCh38	1476292
single nucleotide variant	NM_001165963.4(SCN1A):c.1376A>G (p.Gln459Arg)	6323	SCN1A	Likely pathogenic	GRCh38	1436413
single nucleotide variant	NM_001165963.4(SCN1A):c.1052G>C (p.Cys351Ser)	6323	SCN1A	Likely pathogenic	GRCh38	1521850
single nucleotide variant	NM_001165963.4(SCN1A):c.5399T>G (p.Leu1800Arg)	6323	SCN1A	Pathogenic	GRCh38	1521549
single nucleotide variant	NM_001165963.4(SCN1A):c.4112G>T (p.Gly1371Val)	6323	SCN1A	Likely pathogenic	GRCh38	1465452
single nucleotide variant	NM_001165963.4(SCN1A):c.3874G>C (p.Val1292Leu)	6323	SCN1A	Pathogenic	GRCh38	1359116
single nucleotide variant	NM_001165963.4(SCN1A):c.4083C>A (p.Phe1361Leu)	6323	SCN1A	Pathogenic	GRCh38	1358512
single nucleotide variant	NM_001165963.4(SCN1A):c.4921G>A (p.Ala1641Thr)	6323	SCN1A	Pathogenic	GRCh38	1452510
single nucleotide variant	NM_001165963.4(SCN1A):c.1164T>A (p.Tyr388Ter)	6323	SCN1A	Pathogenic	GRCh38	1399531
single nucleotide variant	NM_001165963.4(SCN1A):c.4322C>T (p.Ala1441Val)	6323	SCN1A	Pathogenic/Likely pathogenic	GRCh38	1454054
single nucleotide variant	NM_001165963.4(SCN1A):c.2619G>T (p.Trp873Cys)	6323	SCN1A	Pathogenic	GRCh38	1454121
single nucleotide variant	NM_001165963.4(SCN1A):c.3403G>T (p.Glu1135Ter)	6323	SCN1A	Pathogenic	GRCh38	1359602
single nucleotide variant	NM_001165963.4(SCN1A):c.3241G>T (p.Gly1081Ter)	6323	SCN1A	Pathogenic	GRCh38	1362310
single nucleotide variant	NM_001165963.4(SCN1A):c.942G>A (p.Trp314Ter)	6323	SCN1A	Pathogenic	GRCh38	1417669
single nucleotide variant	NM_001165963.4(SCN1A):c.4108G>C (p.Ala1370Pro)	6323	SCN1A	Likely pathogenic	GRCh38	1497788
single nucleotide variant	NM_001165963.4(SCN1A):c.5195C>T (p.Pro1732Leu)	6323	SCN1A	Pathogenic/Likely pathogenic	GRCh38	1455797
single nucleotide variant	NM_001165963.4(SCN1A):c.5052C>A (p.Tyr1684Ter)	6323	SCN1A	Pathogenic	GRCh38	1455801
single nucleotide variant	NM_001165963.4(SCN1A):c.4476+5G>A	6323	SCN1A	Pathogenic	GRCh38	1455809
single nucleotide variant	NM_001165963.4(SCN1A):c.4247A>G (p.Asp1416Gly)	6323	SCN1A	Pathogenic	GRCh38	1455814
single nucleotide variant	NM_001165963.4(SCN1A):c.935T>C (p.Phe312Ser)	6323	SCN1A	Pathogenic	GRCh38	1455840
single nucleotide variant	NM_001165963.4(SCN1A):c.2176+1G>T	6323	SCN1A	Pathogenic	GRCh38	1361310
single nucleotide variant	NM_001165963.4(SCN1A):c.4256G>T (p.Gly1419Val)	6323	SCN1A	Likely pathogenic	GRCh38	1444800
single nucleotide variant	NM_001165963.4(SCN1A):c.2928G>C (p.Met976Ile)	6323	SCN1A	Pathogenic	GRCh38	1444861
single nucleotide variant	NM_001165963.4(SCN1A):c.4972A>T (p.Thr1658Ser)	6323	SCN1A	Likely pathogenic	GRCh38	1474062
single nucleotide variant	NM_001165963.4(SCN1A):c.1181C>T (p.Ala394Val)	6323	SCN1A	Likely pathogenic	GRCh38	1474078
single nucleotide variant	NM_001165963.4(SCN1A):c.3783C>A (p.Tyr1261Ter)	6323	SCN1A	Pathogenic	GRCh38	1445904
single nucleotide variant	NM_001165963.4(SCN1A):c.3139G>T (p.Glu1047Ter)	6323	SCN1A	Pathogenic	GRCh38	1445942
single nucleotide variant	NM_001165963.4(SCN1A):c.3124C>T (p.Gln1042Ter)	6323	SCN1A	Pathogenic	GRCh38	1445952
single nucleotide variant	NM_001165963.4(SCN1A):c.473+1G>A	6323	SCN1A	Pathogenic	GRCh38	1446151
single nucleotide variant	NM_001165963.4(SCN1A):c.76G>T (p.Glu26Ter)	6323	SCN1A	Pathogenic	GRCh38	1446170
single nucleotide variant	NM_001165963.4(SCN1A):c.1258G>C (p.Ala420Pro)	6323	SCN1A	Likely pathogenic	GRCh38	1473513
single nucleotide variant	NM_001165963.4(SCN1A):c.4926G>C (p.Arg1642Ser)	6323	SCN1A	Pathogenic	GRCh38	1457535
single nucleotide variant	NM_001165963.4(SCN1A):c.305T>C (p.Phe102Ser)	6323	SCN1A	Pathogenic	GRCh38	1457640
single nucleotide variant	NM_001165963.4(SCN1A):c.3884C>G (p.Ser1295Ter)	6323	SCN1A	Pathogenic	GRCh38	1457645
single nucleotide variant	NM_001165963.4(SCN1A):c.2863A>T (p.Thr955Ser)	6323	SCN1A	Likely pathogenic	GRCh38	1485218
single nucleotide variant	NM_001165963.4(SCN1A):c.940T>C (p.Trp314Arg)	6323	SCN1A	Likely pathogenic	GRCh38	1485341
single nucleotide variant	NM_001165963.4(SCN1A):c.3803T>G (p.Leu1268Arg)	6323	SCN1A	Pathogenic	GRCh38	1390553
single nucleotide variant	NM_001165963.4(SCN1A):c.5138G>T (p.Ser1713Ile)	6323	SCN1A	Pathogenic	GRCh38	1390580
single nucleotide variant	NM_001165963.4(SCN1A):c.811G>A (p.Gly271Ser)	6323	SCN1A	Pathogenic/Likely pathogenic	GRCh38	1418113
single nucleotide variant	NM_001165963.4(SCN1A):c.5017A>G (p.Ile1673Val)	6323	SCN1A	Likely pathogenic	GRCh38	1501441
single nucleotide variant	NM_001165963.4(SCN1A):c.3241G>A (p.Gly1081Arg)	6323	SCN1A	Likely pathogenic	GRCh38	1393374
single nucleotide variant	NM_001165963.4(SCN1A):c.3614G>A (p.Trp1205Ter)	6323	SCN1A	Pathogenic	GRCh38	1421037
single nucleotide variant	NM_001165963.4(SCN1A):c.2684T>C (p.Leu895Pro)	6323	SCN1A	Pathogenic	GRCh38	1367610
single nucleotide variant	NM_001165963.4(SCN1A):c.1018T>C (p.Ser340Pro)	6323	SCN1A	Pathogenic	GRCh38	1393116
single nucleotide variant	NM_001165963.4(SCN1A):c.3712G>T (p.Glu1238Ter)	6323	SCN1A	Pathogenic	GRCh38	1459076
single nucleotide variant	NM_001165963.4(SCN1A):c.2856G>C (p.Trp952Cys)	6323	SCN1A	Pathogenic	GRCh38	1502166
single nucleotide variant	NM_001165963.4(SCN1A):c.300C>G (p.Phe100Leu)	6323	SCN1A	Likely pathogenic	GRCh38	1396846
single nucleotide variant	NM_001165963.4(SCN1A):c.2440G>T (p.Glu814Ter)	6323	SCN1A	Pathogenic	GRCh38	1394810
single nucleotide variant	NM_001165963.4(SCN1A):c.4073G>T (p.Trp1358Leu)	6323	SCN1A	Pathogenic	GRCh38	1394942
single nucleotide variant	NM_001165963.4(SCN1A):c.337C>T (p.Pro113Ser)	6323	SCN1A	Pathogenic	GRCh38	1488821
single nucleotide variant	NM_001165963.4(SCN1A):c.5029C>T (p.Leu1677Phe)	6323	SCN1A	Pathogenic	GRCh38	1475981
single nucleotide variant	NM_001165963.4(SCN1A):c.2856G>A (p.Trp952Ter)	6323	SCN1A	Pathogenic	GRCh38	1451569
single nucleotide variant	NM_001165963.4(SCN1A):c.5479A>T (p.Lys1827Ter)	6323	SCN1A	Pathogenic	GRCh38	1453512
single nucleotide variant	NM_001165963.4(SCN1A):c.477C>A (p.Tyr159Ter)	6323	SCN1A	Pathogenic	GRCh38	1451279
single nucleotide variant	NM_001165963.4(SCN1A):c.4543G>C (p.Gly1515Arg)	6323	SCN1A	Pathogenic	GRCh38	1452748
single nucleotide variant	NM_001165963.4(SCN1A):c.409A>C (p.Thr137Pro)	6323	SCN1A	Pathogenic	GRCh38	1452959
single nucleotide variant	NM_001165963.4(SCN1A):c.1170+1G>C	6323	SCN1A	Pathogenic	GRCh38	1453097
single nucleotide variant	NM_001165963.4(SCN1A):c.4860T>A (p.Phe1620Leu)	6323	SCN1A	Likely pathogenic	GRCh38	1480347
single nucleotide variant	NM_001165963.4(SCN1A):c.2940C>A (p.Asn980Lys)	6323	SCN1A	Pathogenic	GRCh38	1354881
single nucleotide variant	NM_001165963.4(SCN1A):c.1036C>T (p.Pro346Ser)	6323	SCN1A	Pathogenic	GRCh38	1477846
single nucleotide variant	NM_001165963.4(SCN1A):c.3893G>C (p.Ser1298Thr)	6323	SCN1A	Likely pathogenic	GRCh38	1505698
single nucleotide variant	NM_001165963.4(SCN1A):c.230T>C (p.Leu77Pro)	6323	SCN1A	Pathogenic/Likely pathogenic	GRCh38	1369705
single nucleotide variant	NM_001165963.4(SCN1A):c.2590-1G>A	6323	SCN1A	Pathogenic	GRCh38	1427348
single nucleotide variant	NM_001165963.4(SCN1A):c.181C>T (p.Leu61Phe)	6323	SCN1A	Pathogenic	GRCh38	1455017
single nucleotide variant	NM_001165963.4(SCN1A):c.4582-1G>C	6323	SCN1A	Pathogenic	GRCh38	1455048
single nucleotide variant	NM_001165963.4(SCN1A):c.5769G>T (p.Gln1923His)	6323	SCN1A	Pathogenic	GRCh38	1455187
single nucleotide variant	NM_001165963.4(SCN1A):c.5302A>G (p.Ser1768Gly)	6323	SCN1A	Pathogenic	GRCh38	1453583
single nucleotide variant	NM_001165963.4(SCN1A):c.2950C>G (p.Leu984Val)	6323	SCN1A	Pathogenic	GRCh38	1453730
single nucleotide variant	NM_001165963.4(SCN1A):c.2596G>C (p.Val866Leu)	6323	SCN1A	Pathogenic	GRCh38	1456762
single nucleotide variant	NM_001165963.4(SCN1A):c.247T>G (p.Tyr83Asp)	6323	SCN1A	Pathogenic	GRCh38	1456878
single nucleotide variant	NM_001165963.4(SCN1A):c.4427A>G (p.Asn1476Ser)	6323	SCN1A	Pathogenic	GRCh38	1456163
single nucleotide variant	NM_001165963.4(SCN1A):c.751A>T (p.Met251Leu)	6323	SCN1A	Likely pathogenic	GRCh38	1511616
single nucleotide variant	NM_001165963.4(SCN1A):c.1109G>A (p.Trp370Ter)	6323	SCN1A	Pathogenic	GRCh38	1413096
single nucleotide variant	NM_001165963.4(SCN1A):c.740T>C (p.Leu247Pro)	6323	SCN1A	Pathogenic	GRCh38	1440271
single nucleotide variant	NM_001165963.4(SCN1A):c.985G>A (p.Gly329Ser)	6323	SCN1A	Likely pathogenic	GRCh38	1524618
single nucleotide variant	NM_001165963.4(SCN1A):c.986G>A (p.Gly329Asp)	6323	SCN1A	Likely pathogenic	GRCh38	1483036
single nucleotide variant	NM_001165963.4(SCN1A):c.1133T>A (p.Leu378Gln)	6323	SCN1A	Likely pathogenic	GRCh38	1510730
single nucleotide variant	NM_001165963.4(SCN1A):c.4286C>T (p.Ala1429Val)	6323	SCN1A	Pathogenic	GRCh38	1403815
single nucleotide variant	NM_001165963.4(SCN1A):c.5542C>T (p.Gln1848Ter)	6323	SCN1A	Pathogenic	GRCh38	1458247
single nucleotide variant	NM_001165963.4(SCN1A):c.5374G>A (p.Ala1792Thr)	6323	SCN1A	Pathogenic	GRCh38	1458250
single nucleotide variant	NM_001165963.4(SCN1A):c.4073G>A (p.Trp1358Ter)	6323	SCN1A	Pathogenic/Likely pathogenic	GRCh38	1458263
single nucleotide variant	NM_001165963.4(SCN1A):c.3965G>C (p.Arg1322Thr)	6323	SCN1A	Pathogenic	GRCh38	1458265
single nucleotide variant	NM_001165963.4(SCN1A):c.506C>G (p.Ser169Ter)	6323	SCN1A	Pathogenic	GRCh38	1350204
single nucleotide variant	NM_001165963.4(SCN1A):c.5183G>A (p.Gly1728Glu)	6323	SCN1A	Pathogenic	GRCh38	1457744
single nucleotide variant	NM_001165963.4(SCN1A):c.5269G>A (p.Gly1757Arg)	6323	SCN1A	Pathogenic	GRCh38	1457986
single nucleotide variant	NM_001165963.4(SCN1A):c.473+5G>A	6323	SCN1A	Pathogenic/Likely pathogenic	GRCh38	1415164
single nucleotide variant	NM_001165963.4(SCN1A):c.4127G>A (p.Cys1376Tyr)	6323	SCN1A	Pathogenic	GRCh38	1389086
single nucleotide variant	NM_001165963.4(SCN1A):c.4780T>C (p.Ser1594Pro)	6323	SCN1A	Likely pathogenic	GRCh38	1512562
single nucleotide variant	NM_001165963.4(SCN1A):c.5383G>T (p.Glu1795Ter)	6323	SCN1A	Pathogenic	GRCh38	1459682
single nucleotide variant	NM_001165963.4(SCN1A):c.5136C>G (p.Asn1712Lys)	6323	SCN1A	Likely pathogenic	GRCh38	1471469
single nucleotide variant	NM_001165963.4(SCN1A):c.4118T>C (p.Phe1373Ser)	6323	SCN1A	Likely pathogenic	GRCh38	1392482
single nucleotide variant	NM_001165963.4(SCN1A):c.1574C>T (p.Ser525Phe)	6323	SCN1A	Likely pathogenic	GRCh38	1447241
single nucleotide variant	NM_001165963.4(SCN1A):c.383C>A (p.Ser128Ter)	6323	SCN1A	Pathogenic	GRCh38	1352506
single nucleotide variant	NM_001165963.4(SCN1A):c.5344A>C (p.Ile1782Leu)	6323	SCN1A	Pathogenic	GRCh38	1518250
single nucleotide variant	NM_001165963.4(SCN1A):c.4433T>A (p.Phe1478Tyr)	6323	SCN1A	Likely pathogenic	GRCh38	1675807
single nucleotide variant	NM_001165963.4(SCN1A):c.2796G>C (p.Trp932Cys)	6323	SCN1A	Likely pathogenic	GRCh38	1675809
single nucleotide variant	NM_001165963.4(SCN1A):c.2948T>G (p.Val983Gly)	6323	SCN1A	Likely pathogenic	GRCh38	1685431
single nucleotide variant	NM_001165963.4(SCN1A):c.2589+3A>G	6323	SCN1A	Likely pathogenic	GRCh38	1685433
single nucleotide variant	NM_001165963.4(SCN1A):c.323T>A (p.Leu108Gln)	6323	SCN1A	Likely pathogenic	GRCh38	1685434
single nucleotide variant	NM_001165963.4(SCN1A):c.5177G>C (p.Trp1726Ser)	6323	SCN1A	Pathogenic	GRCh38	1686140
single nucleotide variant	NM_001165963.4(SCN1A):c.5005G>A (p.Ala1669Thr)	6323	SCN1A	Pathogenic	GRCh38	1686141
single nucleotide variant	NM_001165963.4(SCN1A):c.4112G>A (p.Gly1371Asp)	6323	SCN1A	Pathogenic/Likely pathogenic	GRCh38	1686144
single nucleotide variant	NM_001165963.4(SCN1A):c.3950C>G (p.Thr1317Arg)	6323	SCN1A	Pathogenic	GRCh38	1686145
single nucleotide variant	NM_001165963.4(SCN1A):c.2951T>C (p.Leu984Pro)	6323	SCN1A	Pathogenic	GRCh38	1686147
single nucleotide variant	NM_001165963.4(SCN1A):c.2779T>C (p.Cys927Arg)	6323	SCN1A	Pathogenic/Likely pathogenic	GRCh38	1686149
single nucleotide variant	NM_001165963.4(SCN1A):c.2475C>A (p.Tyr825Ter)	6323	SCN1A	Pathogenic	GRCh38	1686151
single nucleotide variant	NM_001165963.4(SCN1A):c.1019C>A (p.Ser340Tyr)	6323	SCN1A	Pathogenic	GRCh38	1686156
single nucleotide variant	NM_001165963.4(SCN1A):c.716C>A (p.Ala239Asp)	6323	SCN1A	Pathogenic	GRCh38	1686158
single nucleotide variant	NM_001165963.4(SCN1A):c.195T>G (p.Tyr65Ter)	6323	SCN1A	Pathogenic	GRCh38	1686159
single nucleotide variant	NM_001165963.4(SCN1A):c.352A>G (p.Arg118Gly)	6323	SCN1A	Likely pathogenic	GRCh38	1690314
single nucleotide variant	NM_001165963.4(SCN1A):c.4727T>C (p.Ile1576Thr)	6323	SCN1A	Likely pathogenic	GRCh38	1694977
single nucleotide variant	NM_001165963.4(SCN1A):c.4126T>A (p.Cys1376Ser)	6323	SCN1A	Likely pathogenic	GRCh38	1694978
single nucleotide variant	NM_001165963.4(SCN1A):c.4318G>A (p.Ala1440Thr)	6323	SCN1A	Pathogenic	GRCh38	1697316
single nucleotide variant	NM_001165963.4(SCN1A):c.3550+2T>G	6323	SCN1A	Pathogenic	GRCh38	1700151
single nucleotide variant	NM_001165963.4(SCN1A):c.2806G>C (p.Asp936His)	6323	SCN1A	Likely pathogenic	GRCh38	1700647
single nucleotide variant	NM_001165963.4(SCN1A):c.2868G>T (p.Met956Ile)	6323	SCN1A	Likely pathogenic	GRCh38	1701073
single nucleotide variant	NM_001165963.4(SCN1A):c.1439C>G (p.Ser480Ter)	6323	SCN1A	Pathogenic	GRCh38	1701077
single nucleotide variant	NM_001165963.4(SCN1A):c.2345C>T (p.Thr782Ile)	6323	SCN1A	Likely pathogenic	GRCh38	1701394
single nucleotide variant	NM_001165963.4(SCN1A):c.2081C>A (p.Ser694Ter)	6323	SCN1A	Likely pathogenic	GRCh38	1703016
single nucleotide variant	NM_001165963.4(SCN1A):c.2732T>G (p.Leu911Arg)	6323	SCN1A	Likely pathogenic	GRCh38	1704262
single nucleotide variant	NM_001165963.4(SCN1A):c.2854T>A (p.Trp952Arg)	6323	SCN1A	Pathogenic	GRCh38	1704263
single nucleotide variant	NM_001165963.4(SCN1A):c.2946+2T>C	6323	SCN1A	Pathogenic	GRCh38	1704264
single nucleotide variant	NM_001165963.4(SCN1A):c.659T>A (p.Val220Asp)	6323	SCN1A	Pathogenic	GRCh38	1704265
single nucleotide variant	NM_001165963.4(SCN1A):c.4924A>G (p.Arg1642Gly)	6323	SCN1A	Likely pathogenic	GRCh38	1704266
single nucleotide variant	NM_001165963.4(SCN1A):c.828A>C (p.Lys276Asn)	6323	SCN1A	Pathogenic	GRCh38	1704267
single nucleotide variant	NM_001165963.4(SCN1A):c.4585A>T (p.Lys1529Ter)	6323	SCN1A	Likely pathogenic	GRCh38	1705422
single nucleotide variant	NM_001165963.4(SCN1A):c.835C>T (p.Gln279Ter)	6323	SCN1A	Pathogenic	GRCh38	1705452
single nucleotide variant	NM_001165963.4(SCN1A):c.5294T>C (p.Phe1765Ser)	6323	SCN1A	Pathogenic/Likely pathogenic	GRCh38	1705492
single nucleotide variant	NM_001165963.4(SCN1A):c.4418T>C (p.Phe1473Ser)	6323	SCN1A	Pathogenic	GRCh38	1705826
single nucleotide variant	NM_001165963.4(SCN1A):c.4380T>A (p.Tyr1460Ter)	6323	SCN1A	Pathogenic	GRCh38	1705827
single nucleotide variant	NM_001165963.4(SCN1A):c.2846G>T (p.Cys949Phe)	6323	SCN1A	Pathogenic	GRCh38	1705828
single nucleotide variant	NM_001165963.4(SCN1A):c.4178A>C (p.His1393Pro)	6323	SCN1A	Pathogenic	GRCh38	1705829
single nucleotide variant	NM_001165963.4(SCN1A):c.1377+1G>A	6323	SCN1A	Pathogenic/Likely pathogenic	GRCh38	1705837
single nucleotide variant	NM_001165963.4(SCN1A):c.5621G>C (p.Arg1874Pro)	6323	SCN1A	Likely pathogenic	GRCh38	1706132
single nucleotide variant	NM_001165963.4(SCN1A):c.5177G>A (p.Trp1726Ter)	6323	SCN1A	Pathogenic/Likely pathogenic	GRCh38	1709397
single nucleotide variant	NM_001165963.4(SCN1A):c.2879T>A (p.Met960Lys)	6323	SCN1A	Likely pathogenic	GRCh38	1709500
single nucleotide variant	NM_001165963.4(SCN1A):c.4493T>C (p.Ile1498Thr)	6323	SCN1A	Likely pathogenic	GRCh38	1709925
single nucleotide variant	NM_001165963.4(SCN1A):c.2855G>T (p.Trp952Leu)	6323	SCN1A	Likely pathogenic	GRCh38	1710254
single nucleotide variant	NM_001165963.4(SCN1A):c.5476G>T (p.Glu1826Ter)	6323	SCN1A	Pathogenic	GRCh38	1711850
single nucleotide variant	NM_001165963.4(SCN1A):c.2431T>C (p.Phe811Leu)	6323	SCN1A	Likely pathogenic	GRCh38	1716779
single nucleotide variant	NM_001165963.4(SCN1A):c.1234T>G (p.Phe412Val)	6323	SCN1A	Pathogenic	GRCh38	1721755
single nucleotide variant	NM_001165963.4(SCN1A):c.3706-1G>A	6323	SCN1A	Pathogenic	GRCh38	1734141
single nucleotide variant	NM_001165963.4(SCN1A):c.3358G>T (p.Gly1120Ter)	6323	SCN1A	Pathogenic	GRCh38	1730569
single nucleotide variant	NM_001165963.4(SCN1A):c.3813G>A (p.Trp1271Ter)	6323	SCN1A	Pathogenic	GRCh38	1735182
single nucleotide variant	NM_001165963.4(SCN1A):c.4327G>C (p.Asp1443His)	6323	SCN1A	Likely pathogenic	GRCh38	1739737
single nucleotide variant	NM_001165963.4(SCN1A):c.4154T>G (p.Phe1385Cys)	6323	SCN1A	Likely pathogenic	GRCh38	1738288
single nucleotide variant	NM_001165963.4(SCN1A):c.474-2A>G	6323	SCN1A	Pathogenic	GRCh38	1742779
single nucleotide variant	NM_001165963.4(SCN1A):c.1029-2A>C	6323	SCN1A	Likely pathogenic	GRCh38	1770240
single nucleotide variant	NM_001165963.4(SCN1A):c.1027G>C (p.Gly343Arg)	6323	SCN1A	Pathogenic	GRCh38	1769972
single nucleotide variant	NM_001165963.4(SCN1A):c.3646G>C (p.Glu1216Gln)	6323	SCN1A	Pathogenic	GRCh38	1801478
single nucleotide variant	NM_001165963.4(SCN1A):c.1064G>A (p.Gly355Asp)	6323	SCN1A	Pathogenic	GRCh38	1801479
single nucleotide variant	NM_001165963.4(SCN1A):c.2176+2T>C	6323	SCN1A	Pathogenic	GRCh38	1801480
single nucleotide variant	NM_001165963.4(SCN1A):c.5564C>A (p.Pro1855His)	6323	SCN1A	Pathogenic	GRCh38	1801481
single nucleotide variant	NM_001165963.4(SCN1A):c.1006T>C (p.Cys336Arg)	6323	SCN1A	Likely pathogenic	GRCh38	1803054
single nucleotide variant	NM_001165963.4(SCN1A):c.2671G>A (p.Gly891Arg)	6323	SCN1A	Likely pathogenic	GRCh38	1803056
single nucleotide variant	NM_001165963.4(SCN1A):c.4003-4T>G	6323	SCN1A	Likely pathogenic	GRCh38	1803057
single nucleotide variant	NM_001165963.4(SCN1A):c.4279C>T (p.Gln1427Ter)	6323	SCN1A	Pathogenic	GRCh38	1804043
single nucleotide variant	NM_001165963.4(SCN1A):c.4778T>A (p.Ile1593Asn)	6323	SCN1A	Likely pathogenic	GRCh38	1804118
single nucleotide variant	NM_001165963.4(SCN1A):c.3837T>G (p.Tyr1279Ter)	6323	SCN1A	Pathogenic	GRCh38	1805003
single nucleotide variant	NM_001165963.4(SCN1A):c.4867G>C (p.Glu1623Gln)	6323	SCN1A	Likely pathogenic	GRCh38	1805921
single nucleotide variant	NM_001165963.4(SCN1A):c.5303G>A (p.Ser1768Asn)	6323	SCN1A	Pathogenic/Likely pathogenic	GRCh38	1806814
single nucleotide variant	NM_001165963.4(SCN1A):c.4338+1G>A	6323	SCN1A	Pathogenic	GRCh38	2149058
single nucleotide variant	NM_001165963.4(SCN1A):c.4852+5G>C	6323	SCN1A	Pathogenic	GRCh38	2159356
single nucleotide variant	NM_001165963.4(SCN1A):c.2176+1G>A	6323	SCN1A	Pathogenic	GRCh38	2151944
single nucleotide variant	NM_001165963.4(SCN1A):c.1327G>T (p.Glu443Ter)	6323	SCN1A	Pathogenic	GRCh38	2151945
single nucleotide variant	NM_001165963.4(SCN1A):c.3986G>C (p.Arg1329Pro)	6323	SCN1A	Pathogenic	GRCh38	2169505
single nucleotide variant	NM_001165963.4(SCN1A):c.2951T>G (p.Leu984Arg)	6323	SCN1A	Likely pathogenic	GRCh38	2169506
single nucleotide variant	NM_001165963.4(SCN1A):c.5170G>A (p.Ala1724Thr)	6323	SCN1A	Pathogenic	GRCh38	2203171
single nucleotide variant	NM_001165963.4(SCN1A):c.4888G>C (p.Val1630Leu)	6323	SCN1A	Pathogenic	GRCh38	2203174
single nucleotide variant	NM_001165963.4(SCN1A):c.4852+2T>C	6323	SCN1A	Pathogenic	GRCh38	2203175
single nucleotide variant	NM_001165963.4(SCN1A):c.4664T>G (p.Met1555Arg)	6323	SCN1A	Likely pathogenic	GRCh38	2203176
single nucleotide variant	NM_001165963.4(SCN1A):c.4449A>G (p.Ile1483Met)	6323	SCN1A	Pathogenic	GRCh38	2203179
single nucleotide variant	NM_001165963.4(SCN1A):c.4261G>T (p.Gly1421Trp)	6323	SCN1A	Likely pathogenic	GRCh38	2203180
single nucleotide variant	NM_001165963.4(SCN1A):c.4181C>T (p.Thr1394Ile)	6323	SCN1A	Pathogenic	GRCh38	2203181
single nucleotide variant	NM_001165963.4(SCN1A):c.4072T>C (p.Trp1358Arg)	6323	SCN1A	Pathogenic/Likely pathogenic	GRCh38	2203182
single nucleotide variant	NM_001165963.4(SCN1A):c.3982T>C (p.Ser1328Pro)	6323	SCN1A	Pathogenic/Likely pathogenic	GRCh38	2203183
single nucleotide variant	NM_001165963.4(SCN1A):c.3879+1G>A	6323	SCN1A	Pathogenic	GRCh38	2203184
single nucleotide variant	NM_001165963.4(SCN1A):c.3706-2A>G	6323	SCN1A	Pathogenic	GRCh38	2203186
single nucleotide variant	NM_001165963.4(SCN1A):c.3705+1G>C	6323	SCN1A	Pathogenic	GRCh38	2203187
single nucleotide variant	NM_001165963.4(SCN1A):c.3661G>A (p.Glu1221Lys)	6323	SCN1A	Pathogenic	GRCh38	2203188
single nucleotide variant	NM_001165963.4(SCN1A):c.3430-1G>A	6323	SCN1A	Pathogenic	GRCh38	2203189
single nucleotide variant	NM_001165963.4(SCN1A):c.3429+5G>A	6323	SCN1A	Pathogenic	GRCh38	2203190
single nucleotide variant	NM_001165963.4(SCN1A):c.3429+2T>C	6323	SCN1A	Pathogenic	GRCh38	2203191
single nucleotide variant	NM_001165963.4(SCN1A):c.2942T>C (p.Leu981Pro)	6323	SCN1A	Pathogenic	GRCh38	2203193
single nucleotide variant	NM_001165963.4(SCN1A):c.970C>A (p.His324Asn)	6323	SCN1A	Pathogenic	GRCh38	2203198
single nucleotide variant	NM_001165963.4(SCN1A):c.931G>T (p.Glu311Ter)	6323	SCN1A	Pathogenic	GRCh38	2203199
single nucleotide variant	NM_001165963.4(SCN1A):c.829T>C (p.Cys277Arg)	6323	SCN1A	Pathogenic	GRCh38	2203200
single nucleotide variant	NM_001165963.4(SCN1A):c.693A>T (p.Pro231=)	6323	SCN1A	Pathogenic	GRCh38	2203201
single nucleotide variant	NM_001165963.4(SCN1A):c.573C>G (p.Asn191Lys)	6323	SCN1A	Pathogenic	GRCh38	2203204
single nucleotide variant	NM_001165963.4(SCN1A):c.495T>A (p.Tyr165Ter)	6323	SCN1A	Pathogenic	GRCh38	2203205
single nucleotide variant	NM_001165963.4(SCN1A):c.265-1G>C	6323	SCN1A	Pathogenic	GRCh38	2203206
single nucleotide variant	NM_001165963.4(SCN1A):c.7C>T (p.Gln3Ter)	6323	SCN1A	Pathogenic	GRCh38	2203207
single nucleotide variant	NM_001165963.4(SCN1A):c.2589+1G>C	6323	SCN1A	Likely pathogenic	GRCh38	1878584
single nucleotide variant	NM_001165963.4(SCN1A):c.2875T>G (p.Cys959Gly)	6323	SCN1A	Pathogenic	GRCh38	2418886
single nucleotide variant	NM_001165963.4(SCN1A):c.298T>G (p.Phe100Val)	6323	SCN1A	Pathogenic	GRCh38	2418887
single nucleotide variant	NM_001165963.4(SCN1A):c.4374C>A (p.Tyr1458Ter)	6323	SCN1A	Pathogenic	GRCh38	1916225
single nucleotide variant	NM_001165963.4(SCN1A):c.3986G>T (p.Arg1329Leu)	6323	SCN1A	Pathogenic	GRCh38	1916226
single nucleotide variant	NM_001165963.4(SCN1A):c.1184C>A (p.Ala395Asp)	6323	SCN1A	Pathogenic/Likely pathogenic	GRCh38	1916227
single nucleotide variant	NM_001165963.4(SCN1A):c.1719C>A (p.Ser573Arg)	6323	SCN1A	Pathogenic/Likely pathogenic	GRCh38	1926018
single nucleotide variant	NM_001165963.4(SCN1A):c.602+5G>C	6323	SCN1A	Pathogenic	GRCh38	1959428
single nucleotide variant	NM_001165963.4(SCN1A):c.5767C>T (p.Gln1923Ter)	6323	SCN1A	Pathogenic	GRCh38	1962946
single nucleotide variant	NM_001165963.4(SCN1A):c.236A>G (p.Asp79Gly)	6323	SCN1A	Pathogenic	GRCh38	1973924
single nucleotide variant	NM_001165963.4(SCN1A):c.4426A>T (p.Asn1476Tyr)	6323	SCN1A	Likely pathogenic	GRCh38	1968524
single nucleotide variant	NM_001165963.4(SCN1A):c.1184C>G (p.Ala395Gly)	6323	SCN1A	Likely pathogenic	GRCh38	1986502
single nucleotide variant	NM_001165963.4(SCN1A):c.4786C>A (p.Arg1596Ser)	6323	SCN1A	Likely pathogenic	GRCh38	1993385
single nucleotide variant	NM_001165963.4(SCN1A):c.2368T>A (p.Tyr790Asn)	6323	SCN1A	Likely pathogenic	GRCh38	1993436
single nucleotide variant	NM_001165963.4(SCN1A):c.3879+5G>C	6323	SCN1A	Pathogenic	GRCh38	1995328
single nucleotide variant	NM_001165963.4(SCN1A):c.2974C>A (p.Leu992Met)	6323	SCN1A	Pathogenic	GRCh38	1993066
single nucleotide variant	NM_001165963.4(SCN1A):c.1232C>T (p.Ser411Leu)	6323	SCN1A	Pathogenic	GRCh38	1999484
single nucleotide variant	NM_001165963.4(SCN1A):c.3926T>C (p.Leu1309Pro)	6323	SCN1A	Likely pathogenic	GRCh38	2002938
single nucleotide variant	NM_001165963.4(SCN1A):c.3920C>G (p.Ser1307Ter)	6323	SCN1A	Pathogenic	GRCh38	2012282
single nucleotide variant	NM_001165963.4(SCN1A):c.982G>T (p.Glu328Ter)	6323	SCN1A	Pathogenic	GRCh38	2010212
single nucleotide variant	NM_001165963.4(SCN1A):c.4759G>C (p.Glu1587Gln)	6323	SCN1A	Likely pathogenic	GRCh38	2010330
single nucleotide variant	NM_001165963.4(SCN1A):c.2273A>C (p.Lys758Thr)	6323	SCN1A	Likely pathogenic	GRCh38	2018376
single nucleotide variant	NM_001165963.4(SCN1A):c.5734C>G (p.Arg1912Gly)	6323	SCN1A	Pathogenic	GRCh38	2010908
single nucleotide variant	NM_001165963.4(SCN1A):c.703A>G (p.Thr235Ala)	6323	SCN1A	Pathogenic	GRCh38	2016244
single nucleotide variant	NM_001165963.4(SCN1A):c.5567T>G (p.Met1856Arg)	6323	SCN1A	Pathogenic	GRCh38	2016301
single nucleotide variant	NM_001165963.4(SCN1A):c.4594G>T (p.Gly1532Ter)	6323	SCN1A	Pathogenic	GRCh38	2024214
single nucleotide variant	NM_001165963.4(SCN1A):c.947C>A (p.Ser316Ter)	6323	SCN1A	Pathogenic	GRCh38	2029335
single nucleotide variant	NM_001165963.4(SCN1A):c.4906C>G (p.Arg1636Gly)	6323	SCN1A	Likely pathogenic	GRCh38	2031256
single nucleotide variant	NM_001165963.4(SCN1A):c.1051T>G (p.Cys351Gly)	6323	SCN1A	Likely pathogenic	GRCh38	2032918
single nucleotide variant	NM_001165963.4(SCN1A):c.2861A>G (p.Glu954Gly)	6323	SCN1A	Likely pathogenic	GRCh38	2020613
single nucleotide variant	NM_001165963.4(SCN1A):c.727T>C (p.Ser243Pro)	6323	SCN1A	Likely pathogenic	GRCh38	2020670
single nucleotide variant	NM_001165963.4(SCN1A):c.2921T>G (p.Met974Arg)	6323	SCN1A	Pathogenic	GRCh38	2025866
single nucleotide variant	NM_001165963.4(SCN1A):c.242A>T (p.Asp81Val)	6323	SCN1A	Likely pathogenic	GRCh38	2027352
single nucleotide variant	NM_001165963.4(SCN1A):c.693A>G (p.Pro231=)	6323	SCN1A	Pathogenic	GRCh38	2032230
single nucleotide variant	NM_001165963.4(SCN1A):c.5709T>A (p.Tyr1903Ter)	6323	SCN1A	Pathogenic	GRCh38	2022884
single nucleotide variant	NM_001165963.4(SCN1A):c.613G>T (p.Glu205Ter)	6323	SCN1A	Pathogenic	GRCh38	2024608
single nucleotide variant	NM_001165963.4(SCN1A):c.241G>T (p.Asp81Tyr)	6323	SCN1A	Likely pathogenic	GRCh38	2024986
single nucleotide variant	NM_001165963.4(SCN1A):c.3982T>G (p.Ser1328Ala)	6323	SCN1A	Likely pathogenic	GRCh38	2026678
single nucleotide variant	NM_001165963.4(SCN1A):c.1030C>T (p.Gln344Ter)	6323	SCN1A	Pathogenic	GRCh38	2030084
single nucleotide variant	NM_001165963.4(SCN1A):c.2264T>G (p.Leu755Ter)	6323	SCN1A	Pathogenic	GRCh38	2031805
single nucleotide variant	NM_001165963.4(SCN1A):c.969T>G (p.Tyr323Ter)	6323	SCN1A	Pathogenic	GRCh38	2034800
single nucleotide variant	NM_001165963.4(SCN1A):c.3692G>T (p.Ser1231Ile)	6323	SCN1A	Likely pathogenic	GRCh38	2034846
single nucleotide variant	NM_001165963.4(SCN1A):c.754A>C (p.Ile252Leu)	6323	SCN1A	Likely pathogenic	GRCh38	2036212
single nucleotide variant	NM_001165963.4(SCN1A):c.2618G>C (p.Trp873Ser)	6323	SCN1A	Likely pathogenic	GRCh38	2036406
single nucleotide variant	NM_001165963.4(SCN1A):c.5150T>G (p.Leu1717Arg)	6323	SCN1A	Pathogenic	GRCh38	2043430
single nucleotide variant	NM_001165963.4(SCN1A):c.1635T>G (p.Tyr545Ter)	6323	SCN1A	Pathogenic	GRCh38	2033612
single nucleotide variant	NM_001165963.4(SCN1A):c.3966A>C (p.Arg1322Ser)	6323	SCN1A	Likely pathogenic	GRCh38	2035368
single nucleotide variant	NM_001165963.4(SCN1A):c.4002+2361C>G	6323	SCN1A	Pathogenic	GRCh38	2033353
single nucleotide variant	NM_001165963.4(SCN1A):c.3973A>T (p.Arg1325Ter)	6323	SCN1A	Pathogenic	GRCh38	2036902
single nucleotide variant	NM_001165963.4(SCN1A):c.1047T>A (p.Tyr349Ter)	6323	SCN1A	Pathogenic	GRCh38	2050333
single nucleotide variant	NM_001165963.4(SCN1A):c.517A>T (p.Ile173Phe)	6323	SCN1A	Pathogenic	GRCh38	2065528
single nucleotide variant	NM_001165963.4(SCN1A):c.4245T>A (p.Phe1415Leu)	6323	SCN1A	Likely pathogenic	GRCh38	2061575
single nucleotide variant	NM_001165963.4(SCN1A):c.5122G>A (p.Glu1708Lys)	6323	SCN1A	Pathogenic	GRCh38	2062795
single nucleotide variant	NM_001165963.4(SCN1A):c.2194C>T (p.Gln732Ter)	6323	SCN1A	Pathogenic	GRCh38	2080807
single nucleotide variant	NM_001165963.4(SCN1A):c.4958C>T (p.Ala1653Val)	6323	SCN1A	Pathogenic	GRCh38	2081155
single nucleotide variant	NM_001165963.4(SCN1A):c.3696T>G (p.Ser1232Arg)	6323	SCN1A	Pathogenic	GRCh38	2086222
single nucleotide variant	NM_001165963.4(SCN1A):c.4046A>C (p.Asn1349Thr)	6323	SCN1A	Pathogenic	GRCh38	2086559
single nucleotide variant	NM_001165963.4(SCN1A):c.709G>C (p.Val237Leu)	6323	SCN1A	Likely pathogenic	GRCh38	2101470
single nucleotide variant	NM_001165963.4(SCN1A):c.3641T>A (p.Ile1214Lys)	6323	SCN1A	Pathogenic	GRCh38	2094348
single nucleotide variant	NM_001165963.4(SCN1A):c.1561C>T (p.Gln521Ter)	6323	SCN1A	Pathogenic	GRCh38	2097431
single nucleotide variant	NM_001165963.4(SCN1A):c.2851G>A (p.Glu951Lys)	6323	SCN1A	Pathogenic	GRCh38	2100352
single nucleotide variant	NM_001165963.4(SCN1A):c.2660T>A (p.Val887Glu)	6323	SCN1A	Pathogenic/Likely pathogenic	GRCh38	2113707
single nucleotide variant	NM_001165963.4(SCN1A):c.4169T>C (p.Val1390Ala)	6323	SCN1A	Likely pathogenic	GRCh38	2107915
single nucleotide variant	NM_001165963.4(SCN1A):c.5182G>C (p.Gly1728Arg)	6323	SCN1A	Pathogenic	GRCh38	2113228
single nucleotide variant	NM_001165963.4(SCN1A):c.4537A>T (p.Lys1513Ter)	6323	SCN1A	Pathogenic	GRCh38	2109266
single nucleotide variant	NM_001165963.4(SCN1A):c.367A>T (p.Lys123Ter)	6323	SCN1A	Pathogenic	GRCh38	2116962
single nucleotide variant	NM_001165963.4(SCN1A):c.2561G>A (p.Gly854Glu)	6323	SCN1A	Pathogenic	GRCh38	2120357
single nucleotide variant	NM_001165963.4(SCN1A):c.2807A>C (p.Asp936Ala)	6323	SCN1A	Pathogenic	GRCh38	2134121
single nucleotide variant	NM_001165963.4(SCN1A):c.4242C>A (p.Asn1414Lys)	6323	SCN1A	Pathogenic	GRCh38	2133727
single nucleotide variant	NM_001165963.4(SCN1A):c.603-2A>C	6323	SCN1A	Pathogenic	GRCh38	2135501
single nucleotide variant	NM_001165963.4(SCN1A):c.1217T>C (p.Val406Ala)	6323	SCN1A	Pathogenic	GRCh38	2135605
single nucleotide variant	NM_001165963.4(SCN1A):c.232G>A (p.Glu78Lys)	6323	SCN1A	Likely pathogenic	GRCh38	2131886
single nucleotide variant	NM_001165963.4(SCN1A):c.2720T>G (p.Val907Gly)	6323	SCN1A	Likely pathogenic	GRCh38	2412681
single nucleotide variant	NM_001165963.4(SCN1A):c.502G>C (p.Glu168Gln)	6323	SCN1A	Likely pathogenic	GRCh38	2412982
single nucleotide variant	NM_001165963.4(SCN1A):c.5299G>T (p.Val1767Phe)	6323	SCN1A	Likely pathogenic	GRCh38	2430160
single nucleotide variant	NM_001165963.4(SCN1A):c.3999G>A (p.Met1333Ile)	6323	SCN1A	Likely pathogenic	GRCh38	2430161
single nucleotide variant	NM_001165963.4(SCN1A):c.3793C>A (p.Leu1265Met)	6323	SCN1A	Likely pathogenic	GRCh38	2430162
single nucleotide variant	NM_001165963.4(SCN1A):c.1466T>A (p.Leu489Ter)	6323	SCN1A	Likely pathogenic	GRCh38	2430164
single nucleotide variant	NM_001165963.4(SCN1A):c.4630G>A (p.Asp1544Asn)	6323	SCN1A	Likely pathogenic	GRCh38	2430247
single nucleotide variant	NM_001165963.4(SCN1A):c.5392G>T (p.Glu1798Ter)	6323	SCN1A	Likely pathogenic	GRCh38	2433183
single nucleotide variant	NM_001165963.4(SCN1A):c.3880-1G>A	6323	SCN1A	Pathogenic/Likely pathogenic	GRCh38	2433193
single nucleotide variant	NM_001165963.4(SCN1A):c.1239C>A (p.Tyr413Ter)	6323	SCN1A	Likely pathogenic	GRCh38	2444394
single nucleotide variant	NM_001165963.4(SCN1A):c.2970G>T (p.Leu990Phe)	6323	SCN1A	Likely pathogenic	GRCh38	2446163
single nucleotide variant	NM_001165963.4(SCN1A):c.1171-1G>A	6323	SCN1A	Pathogenic/Likely pathogenic	GRCh38	2446437
single nucleotide variant	NM_001165963.4(SCN1A):c.3658T>C (p.Phe1220Leu)	6323	SCN1A	Likely pathogenic	GRCh38	2498837
single nucleotide variant	NM_001165963.4(SCN1A):c.563A>G (p.Asp188Gly)	6323	SCN1A	Likely pathogenic	GRCh38	2498842
single nucleotide variant	NM_001165963.4(SCN1A):c.4436T>C (p.Ile1479Thr)	6323	SCN1A	Likely pathogenic	GRCh38	2502135
single nucleotide variant	NM_001165963.4(SCN1A):c.2713G>A (p.Ala905Thr)	6323	SCN1A	Pathogenic	GRCh38	2504563
single nucleotide variant	NM_001165963.4(SCN1A):c.4379A>G (p.Tyr1460Cys)	6323	SCN1A	Likely pathogenic	GRCh38	2505357
single nucleotide variant	NM_001165963.4(SCN1A):c.4907G>C (p.Arg1636Pro)	6323	SCN1A	Likely pathogenic	GRCh38	2506369
single nucleotide variant	NM_001165963.4(SCN1A):c.4582-11T>G	6323	SCN1A	Likely pathogenic	GRCh38	2571097
single nucleotide variant	NM_001165963.4(SCN1A):c.1186G>A (p.Gly396Arg)	6323	SCN1A	Pathogenic	GRCh38	2572473
single nucleotide variant	NM_001165963.4(SCN1A):c.965-2A>G	6323	SCN1A	Pathogenic	GRCh38	2573194
single nucleotide variant	NM_001165963.4(SCN1A):c.695-1G>A	6323	SCN1A	Likely pathogenic	GRCh38	2576020
single nucleotide variant	NM_001165963.4(SCN1A):c.2344A>C (p.Thr782Pro)	6323	SCN1A	Pathogenic	GRCh38	2577420
single nucleotide variant	NM_001165963.4(SCN1A):c.1130G>T (p.Arg377Leu)	6323	SCN1A	Pathogenic/Likely pathogenic	GRCh38	2577833
single nucleotide variant	NM_001165963.4(SCN1A):c.4667T>C (p.Val1556Ala)	6323	SCN1A	Likely pathogenic	GRCh38	2578314
single nucleotide variant	NM_001165963.4(SCN1A):c.4769T>C (p.Leu1590Pro)	6323	SCN1A	Pathogenic	GRCh38	2578399
single nucleotide variant	NM_001165963.4(SCN1A):c.626T>C (p.Leu209Pro)	6323	SCN1A	Pathogenic	GRCh38	2578400
single nucleotide variant	NM_001165963.4(SCN1A):c.5429A>G (p.Glu1810Gly)	6323	SCN1A	Likely pathogenic	GRCh38	2581803
single nucleotide variant	NM_001165963.4(SCN1A):c.2800A>C (p.Met934Leu)	6323	SCN1A	Likely pathogenic	GRCh38	2583178
single nucleotide variant	NM_001165963.4(SCN1A):c.4380T>G (p.Tyr1460Ter)	6323	SCN1A	Likely pathogenic	GRCh38	2584799
single nucleotide variant	NM_001165963.4(SCN1A):c.5176T>A (p.Trp1726Arg)	6323	SCN1A	Likely pathogenic	GRCh38	2585306
single nucleotide variant	NM_001165963.4(SCN1A):c.5075T>G (p.Phe1692Cys)	6323	SCN1A	Likely pathogenic	GRCh38	2633676
single nucleotide variant	NM_001165963.4(SCN1A):c.4122C>G (p.Tyr1374Ter)	6323	SCN1A	Likely pathogenic	GRCh38	2664188
single nucleotide variant	NM_001165963.4(SCN1A):c.2043+2T>C	6323	SCN1A	Pathogenic	GRCh38	2664674
single nucleotide variant	NM_001165963.4(SCN1A):c.4124A>C (p.His1375Pro)	6323	SCN1A	Likely pathogenic	GRCh38	2672178
single nucleotide variant	NM_001165963.4(SCN1A):c.900T>A (p.Tyr300Ter)	6323	SCN1A	Pathogenic	GRCh38	2682248
single nucleotide variant	NM_001165963.4(SCN1A):c.5233A>T (p.Lys1745Ter)	6323	SCN1A	Pathogenic	GRCh38	2682571
single nucleotide variant	NM_001165963.4(SCN1A):c.1248T>G (p.Asn416Lys)	6323	SCN1A	Pathogenic	GRCh38	2687754
single nucleotide variant	NM_001165963.4(SCN1A):c.2415+1G>T	6323	SCN1A	Likely pathogenic	GRCh38	2687882
single nucleotide variant	NM_001165963.4(SCN1A):c.173G>T (p.Gly58Val)	6323	SCN1A	Likely pathogenic	GRCh38	2692373
single nucleotide variant	NM_001165963.4(SCN1A):c.4111G>A (p.Gly1371Ser)	6323	SCN1A	Likely pathogenic	GRCh38	2695304
single nucleotide variant	NM_001165963.4(SCN1A):c.4852G>C (p.Gly1618Arg)	6323	SCN1A	Pathogenic	GRCh38	2703974
single nucleotide variant	NM_001165963.4(SCN1A):c.2946+1G>C	6323	SCN1A	Pathogenic	GRCh38	2698246
single nucleotide variant	NM_001165963.4(SCN1A):c.3663G>C (p.Glu1221Asp)	6323	SCN1A	Likely pathogenic	GRCh38	2703456
single nucleotide variant	NM_001165963.4(SCN1A):c.494A>G (p.Tyr165Cys)	6323	SCN1A	Likely pathogenic	GRCh38	2710626
single nucleotide variant	NM_001165963.4(SCN1A):c.295A>G (p.Ile99Val)	6323	SCN1A	Likely pathogenic	GRCh38	2710260
single nucleotide variant	NM_001165963.4(SCN1A):c.4889T>C (p.Val1630Ala)	6323	SCN1A	Likely pathogenic	GRCh38	2715522
single nucleotide variant	NM_001165963.4(SCN1A):c.4039A>T (p.Ile1347Phe)	6323	SCN1A	Likely pathogenic	GRCh38	2718930
single nucleotide variant	NM_001165963.4(SCN1A):c.398T>C (p.Leu133Pro)	6323	SCN1A	Pathogenic	GRCh38	2705922
single nucleotide variant	NM_001165963.4(SCN1A):c.5134A>G (p.Asn1712Asp)	6323	SCN1A	Likely pathogenic	GRCh38	2705925
single nucleotide variant	NM_001165963.4(SCN1A):c.5023C>T (p.Leu1675Phe)	6323	SCN1A	Likely pathogenic	GRCh38	2707845
single nucleotide variant	NM_001165963.4(SCN1A):c.4970G>T (p.Arg1657Leu)	6323	SCN1A	Likely pathogenic	GRCh38	2718059
single nucleotide variant	NM_001165963.4(SCN1A):c.4310T>A (p.Ile1437Lys)	6323	SCN1A	Likely pathogenic	GRCh38	2721857
single nucleotide variant	NM_001165963.4(SCN1A):c.3767A>C (p.Asp1256Ala)	6323	SCN1A	Pathogenic	GRCh38	2727049
single nucleotide variant	NM_001165963.4(SCN1A):c.2434A>C (p.Thr812Pro)	6323	SCN1A	Likely pathogenic	GRCh38	2729711
single nucleotide variant	NM_001165963.4(SCN1A):c.5503C>T (p.Leu1835Phe)	6323	SCN1A	Pathogenic	GRCh38	2734295
single nucleotide variant	NM_001165963.4(SCN1A):c.5309T>A (p.Ile1770Asn)	6323	SCN1A	Pathogenic	GRCh38	2734296
single nucleotide variant	NM_001165963.4(SCN1A):c.4507G>A (p.Glu1503Lys)	6323	SCN1A	Pathogenic	GRCh38	2734301
single nucleotide variant	NM_001165963.4(SCN1A):c.4168G>T (p.Val1390Leu)	6323	SCN1A	Pathogenic	GRCh38	2734302
single nucleotide variant	NM_001165963.4(SCN1A):c.3633T>A (p.Cys1211Ter)	6323	SCN1A	Pathogenic	GRCh38	2734303
single nucleotide variant	NM_001165963.4(SCN1A):c.3075T>G (p.Tyr1025Ter)	6323	SCN1A	Pathogenic	GRCh38	2734306
single nucleotide variant	NM_001165963.4(SCN1A):c.2864C>T (p.Thr955Ile)	6323	SCN1A	Likely pathogenic	GRCh38	2734307
single nucleotide variant	NM_001165963.4(SCN1A):c.2525T>G (p.Leu842Arg)	6323	SCN1A	Pathogenic	GRCh38	2734310
single nucleotide variant	NM_001165963.4(SCN1A):c.1187G>A (p.Gly396Glu)	6323	SCN1A	Pathogenic	GRCh38	2734312
single nucleotide variant	NM_001165963.4(SCN1A):c.1150T>C (p.Trp384Arg)	6323	SCN1A	Pathogenic	GRCh38	2734313
single nucleotide variant	NM_001165963.4(SCN1A):c.1019C>T (p.Ser340Phe)	6323	SCN1A	Pathogenic	GRCh38	2734314
single nucleotide variant	NM_001165963.4(SCN1A):c.799C>T (p.Gln267Ter)	6323	SCN1A	Pathogenic	GRCh38	2734316
single nucleotide variant	NM_001165963.4(SCN1A):c.694+1G>A	6323	SCN1A	Pathogenic	GRCh38	2734317
single nucleotide variant	NM_001165963.4(SCN1A):c.524C>T (p.Ala175Val)	6323	SCN1A	Pathogenic	GRCh38	2734318
single nucleotide variant	NM_001165963.4(SCN1A):c.278T>C (p.Leu93Ser)	6323	SCN1A	Likely pathogenic	GRCh38	2734319
single nucleotide variant	NM_001165963.4(SCN1A):c.249C>G (p.Tyr83Ter)	6323	SCN1A	Pathogenic	GRCh38	2734320
single nucleotide variant	NM_001165963.4(SCN1A):c.226C>A (p.Pro76Thr)	6323	SCN1A	Pathogenic	GRCh38	2734321
single nucleotide variant	NM_001165963.4(SCN1A):c.2847T>A (p.Cys949Ter)	6323	SCN1A	Pathogenic	GRCh38	2742879
single nucleotide variant	NM_001165963.4(SCN1A):c.4490A>G (p.Asp1497Gly)	6323	SCN1A	Pathogenic	GRCh38	2744756
single nucleotide variant	NM_001165963.4(SCN1A):c.1422T>G (p.Ser474Arg)	6323	SCN1A	Likely pathogenic	GRCh38	2756865
single nucleotide variant	NM_001165963.4(SCN1A):c.5322C>A (p.Phe1774Leu)	6323	SCN1A	Pathogenic	GRCh38	2760205
single nucleotide variant	NM_001165963.4(SCN1A):c.1130G>C (p.Arg377Pro)	6323	SCN1A	Likely pathogenic	GRCh38	2749176
single nucleotide variant	NM_001165963.4(SCN1A):c.3695G>T (p.Ser1232Ile)	6323	SCN1A	Likely pathogenic	GRCh38	2757466
single nucleotide variant	NM_001165963.4(SCN1A):c.3721T>G (p.Tyr1241Asp)	6323	SCN1A	Likely pathogenic	GRCh38	2759459
single nucleotide variant	NM_001165963.4(SCN1A):c.5266T>C (p.Cys1756Arg)	6323	SCN1A	Pathogenic	GRCh38	2753511
single nucleotide variant	NM_001165963.4(SCN1A):c.4427A>T (p.Asn1476Ile)	6323	SCN1A	Likely pathogenic	GRCh38	2755440
single nucleotide variant	NM_001165963.4(SCN1A):c.4996T>A (p.Ser1666Thr)	6323	SCN1A	Likely pathogenic	GRCh38	2769024
single nucleotide variant	NM_001165963.4(SCN1A):c.4328A>G (p.Asp1443Gly)	6323	SCN1A	Pathogenic	GRCh38	2772236
single nucleotide variant	NM_001165963.4(SCN1A):c.264+1G>A	6323	SCN1A	Pathogenic/Likely pathogenic	GRCh38	2759518
single nucleotide variant	NM_001165963.4(SCN1A):c.4540T>A (p.Leu1514Ile)	6323	SCN1A	Likely pathogenic	GRCh38	2763446
single nucleotide variant	NM_001165963.4(SCN1A):c.2859A>G (p.Ile953Met)	6323	SCN1A	Pathogenic	GRCh38	2764522
single nucleotide variant	NM_001165963.4(SCN1A):c.650C>T (p.Thr217Ile)	6323	SCN1A	Likely pathogenic	GRCh38	2779481
single nucleotide variant	NM_001165963.4(SCN1A):c.4039A>G (p.Ile1347Val)	6323	SCN1A	Pathogenic	GRCh38	2775809
single nucleotide variant	NM_001165963.4(SCN1A):c.1175T>G (p.Leu392Ter)	6323	SCN1A	Pathogenic	GRCh38	2780011
single nucleotide variant	NM_001165963.4(SCN1A):c.4915C>T (p.Arg1639Cys)	6323	SCN1A	Likely pathogenic	GRCh38	2797256
single nucleotide variant	NM_001165963.4(SCN1A):c.3643G>A (p.Val1215Ile)	6323	SCN1A	Likely pathogenic	GRCh38	2814171
single nucleotide variant	NM_001165963.4(SCN1A):c.1120T>C (p.Ser374Pro)	6323	SCN1A	Likely pathogenic	GRCh38	2811808
single nucleotide variant	NM_001165963.4(SCN1A):c.4081T>G (p.Phe1361Val)	6323	SCN1A	Likely pathogenic	GRCh38	2813553
single nucleotide variant	NM_001165963.4(SCN1A):c.3852G>C (p.Trp1284Cys)	6323	SCN1A	Likely pathogenic	GRCh38	2815332
single nucleotide variant	NM_001165963.4(SCN1A):c.5344A>G (p.Ile1782Val)	6323	SCN1A	Likely pathogenic	GRCh38	2813384
single nucleotide variant	NM_001165963.4(SCN1A):c.1663-1G>A	6323	SCN1A	Pathogenic	GRCh38	2807757
single nucleotide variant	NM_001165963.4(SCN1A):c.4969C>A (p.Arg1657Ser)	6323	SCN1A	Likely pathogenic	GRCh38	2822596
single nucleotide variant	NM_001165963.4(SCN1A):c.4338+5G>T	6323	SCN1A	Pathogenic	GRCh38	2827800
single nucleotide variant	NM_001165963.4(SCN1A):c.1081G>T (p.Gly361Cys)	6323	SCN1A	Pathogenic	GRCh38	2829623
single nucleotide variant	NM_001165963.4(SCN1A):c.3075T>A (p.Tyr1025Ter)	6323	SCN1A	Pathogenic	GRCh38	2816822
single nucleotide variant	NM_001165963.4(SCN1A):c.5317T>C (p.Ser1773Pro)	6323	SCN1A	Pathogenic	GRCh38	2817041
single nucleotide variant	NM_001165963.4(SCN1A):c.3663G>T (p.Glu1221Asp)	6323	SCN1A	Pathogenic	GRCh38	2821931
single nucleotide variant	NM_001165963.4(SCN1A):c.626T>G (p.Leu209Arg)	6323	SCN1A	Likely pathogenic	GRCh38	2826806
single nucleotide variant	NM_001165963.4(SCN1A):c.3937A>T (p.Lys1313Ter)	6323	SCN1A	Pathogenic	GRCh38	2826371
single nucleotide variant	NM_001165963.4(SCN1A):c.2903G>C (p.Cys968Ser)	6323	SCN1A	Likely pathogenic	GRCh38	2826387
single nucleotide variant	NM_001165963.4(SCN1A):c.1234T>C (p.Phe412Leu)	6323	SCN1A	Likely pathogenic	GRCh38	2834332
single nucleotide variant	NM_001165963.4(SCN1A):c.5554A>G (p.Met1852Val)	6323	SCN1A	Likely pathogenic	GRCh38	2841279
single nucleotide variant	NM_001165963.4(SCN1A):c.2807A>G (p.Asp936Gly)	6323	SCN1A	Pathogenic	GRCh38	2834229
single nucleotide variant	NM_001165963.4(SCN1A):c.2366A>T (p.His789Leu)	6323	SCN1A	Pathogenic	GRCh38	2835642
single nucleotide variant	NM_001165963.4(SCN1A):c.4264T>C (p.Tyr1422His)	6323	SCN1A	Likely pathogenic	GRCh38	2839015
single nucleotide variant	NM_001165963.4(SCN1A):c.4963G>T (p.Gly1655Trp)	6323	SCN1A	Likely pathogenic	GRCh38	2837161
single nucleotide variant	NM_001165963.4(SCN1A):c.1081G>A (p.Gly361Ser)	6323	SCN1A	Likely pathogenic	GRCh38	2838838
single nucleotide variant	NM_001165963.4(SCN1A):c.4476+2T>C	6323	SCN1A	Pathogenic	GRCh38	2835076
single nucleotide variant	NM_001165963.4(SCN1A):c.3971T>C (p.Leu1324Pro)	6323	SCN1A	Pathogenic	GRCh38	2839972
single nucleotide variant	NM_001165963.4(SCN1A):c.4196T>C (p.Leu1399Pro)	6323	SCN1A	Pathogenic	GRCh38	2840258
single nucleotide variant	NM_001165963.4(SCN1A):c.1206T>A (p.Phe402Leu)	6323	SCN1A	Pathogenic	GRCh38	2846673
single nucleotide variant	NM_001165963.4(SCN1A):c.518T>A (p.Ile173Asn)	6323	SCN1A	Pathogenic/Likely pathogenic	GRCh38	2855720
single nucleotide variant	NM_001165963.4(SCN1A):c.4634T>C (p.Ile1545Thr)	6323	SCN1A	Likely pathogenic	GRCh38	2847117
single nucleotide variant	NM_001165963.4(SCN1A):c.4907G>T (p.Arg1636Leu)	6323	SCN1A	Likely pathogenic	GRCh38	2848849
single nucleotide variant	NM_001165963.4(SCN1A):c.1177C>G (p.Arg393Gly)	6323	SCN1A	Likely pathogenic	GRCh38	2848903
single nucleotide variant	NM_001165963.4(SCN1A):c.313A>T (p.Thr105Ser)	6323	SCN1A	Likely pathogenic	GRCh38	2848612
single nucleotide variant	NM_001165963.4(SCN1A):c.4474A>T (p.Lys1492Ter)	6323	SCN1A	Pathogenic	GRCh38	2853312
single nucleotide variant	NM_001165963.4(SCN1A):c.2176G>T (p.Glu726Ter)	6323	SCN1A	Pathogenic	GRCh38	2856898
single nucleotide variant	NM_001165963.4(SCN1A):c.5455G>A (p.Ala1819Thr)	6323	SCN1A	Likely pathogenic	GRCh38	2863180
single nucleotide variant	NM_001165963.4(SCN1A):c.362C>G (p.Ala121Gly)	6323	SCN1A	Likely pathogenic	GRCh38	2857476
single nucleotide variant	NM_001165963.4(SCN1A):c.2590-1G>T	6323	SCN1A	Pathogenic	GRCh38	2865956
single nucleotide variant	NM_001165963.4(SCN1A):c.5261G>C (p.Gly1754Ala)	6323	SCN1A	Pathogenic	GRCh38	2862362
single nucleotide variant	NM_001165963.4(SCN1A):c.5435G>T (p.Trp1812Leu)	6323	SCN1A	Likely pathogenic	GRCh38	2864086
single nucleotide variant	NM_001165963.4(SCN1A):c.3352G>T (p.Ala1118Ser)	6323	SCN1A	Pathogenic	GRCh38	2859956
single nucleotide variant	NM_001165963.4(SCN1A):c.4476+1A>C	6323	SCN1A	Pathogenic	GRCh38	2860283
single nucleotide variant	NM_001165963.4(SCN1A):c.1244T>C (p.Ile415Thr)	6323	SCN1A	Likely pathogenic	GRCh38	2907325
single nucleotide variant	NM_001165963.4(SCN1A):c.5513C>T (p.Pro1838Leu)	6323	SCN1A	Pathogenic	GRCh38	2910145
single nucleotide variant	NM_001165963.4(SCN1A):c.5321T>C (p.Phe1774Ser)	6323	SCN1A	Pathogenic	GRCh38	2910146
single nucleotide variant	NM_001165963.4(SCN1A):c.1244T>A (p.Ile415Lys)	6323	SCN1A	Pathogenic/Likely pathogenic	GRCh38	2910148
single nucleotide variant	NM_001165963.4(SCN1A):c.237C>G (p.Asp79Glu)	6323	SCN1A	Likely pathogenic	GRCh38	2917122
single nucleotide variant	NM_001165963.4(SCN1A):c.3692G>A (p.Ser1231Asn)	6323	SCN1A	Likely pathogenic	GRCh38	2972409
single nucleotide variant	NM_001165963.4(SCN1A):c.4060T>G (p.Cys1354Gly)	6323	SCN1A	Likely pathogenic	GRCh38	2986259
single nucleotide variant	NM_001165963.4(SCN1A):c.2302C>G (p.Pro768Ala)	6323	SCN1A	Likely pathogenic	GRCh38	3017016
single nucleotide variant	NM_001165963.4(SCN1A):c.241G>A (p.Asp81Asn)	6323	SCN1A	Pathogenic	GRCh38	3024230
single nucleotide variant	NM_001165963.4(SCN1A):c.1285C>A (p.Gln429Lys)	6323	SCN1A	Pathogenic	GRCh38	3024319
single nucleotide variant	NM_001165963.4(SCN1A):c.4942C>A (p.Arg1648Ser)	6323	SCN1A	Likely pathogenic	GRCh38	3061392
single nucleotide variant	NM_001165963.4(SCN1A):c.4880A>T (p.Lys1627Met)	6323	SCN1A	Likely pathogenic	GRCh38	3063577
single nucleotide variant	NM_001165963.4(SCN1A):c.530G>C (p.Gly177Ala)	6323	SCN1A	Pathogenic	GRCh38	3067152
single nucleotide variant	NM_001165963.4(SCN1A):c.706A>G (p.Ile236Val)	6323	SCN1A	Likely pathogenic	GRCh38	3067154
single nucleotide variant	NM_001165963.4(SCN1A):c.437C>A (p.Thr146Lys)	6323	SCN1A	Likely pathogenic	GRCh38	3064852
single nucleotide variant	NM_001165963.4(SCN1A):c.2432T>C (p.Phe811Ser)	6323	SCN1A	Likely pathogenic	GRCh38	3064538
single nucleotide variant	NM_001165963.4(SCN1A):c.3668T>G (p.Phe1223Cys)	6323	SCN1A	Likely pathogenic	GRCh38	3065501
single nucleotide variant	NM_001165963.4(SCN1A):c.5170G>C (p.Ala1724Pro)	6323	SCN1A	Pathogenic	GRCh38	3065909
single nucleotide variant	NM_001165963.4(SCN1A):c.412A>G (p.Ile138Val)	6323	SCN1A	Likely pathogenic	GRCh38	3067895
single nucleotide variant	NM_001165963.4(SCN1A):c.1142A>G (p.Gln381Arg)	6323	SCN1A	Pathogenic	GRCh38	3068116
single nucleotide variant	NM_001165963.4(SCN1A):c.955C>T (p.Gln319Ter)	6323	SCN1A	Pathogenic	GRCh38	3076080
single nucleotide variant	NM_001165963.4(SCN1A):c.722T>A (p.Ile241Asn)	6323	SCN1A	Likely pathogenic	GRCh38	3234115
single nucleotide variant	NM_001165963.4(SCN1A):c.4795T>C (p.Tyr1599His)	6323	SCN1A	Pathogenic	GRCh38	3235099
single nucleotide variant	NM_001165963.4(SCN1A):c.1492A>T (p.Arg498Ter)	6323	SCN1A	Pathogenic	GRCh38	3235103
single nucleotide variant	NM_001165963.4(SCN1A):c.5614A>G (p.Thr1872Ala)	6323	SCN1A	Likely pathogenic	GRCh38	3235882
single nucleotide variant	NM_001165963.4(SCN1A):c.2819C>A (p.Ser940Tyr)	6323	SCN1A	Likely pathogenic	GRCh38	4854630
single nucleotide variant	NM_001165963.4(SCN1A):c.560G>C (p.Arg187Pro)	6323	SCN1A	Pathogenic	GRCh38	3242428
single nucleotide variant	NM_001165963.4(SCN1A):c.2869T>C (p.Trp957Arg)	6323	SCN1A	Pathogenic	GRCh38	3242429
single nucleotide variant	NM_001165963.4(SCN1A):c.1027G>T (p.Gly343Cys)	6323	SCN1A	Pathogenic	GRCh38	3252045
single nucleotide variant	NM_001165963.4(SCN1A):c.4279C>A (p.Gln1427Lys)	6323	SCN1A	Likely pathogenic	GRCh38	3255525
single nucleotide variant	NM_001165963.4(SCN1A):c.384-2A>G	6323	SCN1A	Likely pathogenic	GRCh38	3255526
single nucleotide variant	NM_001165963.4(SCN1A):c.2808C>G (p.Asp936Glu)	6323	SCN1A	Likely pathogenic	GRCh38	3255527
single nucleotide variant	NM_001165963.4(SCN1A):c.5707T>G (p.Tyr1903Asp)	6323	SCN1A	Likely pathogenic	GRCh38	3316549
single nucleotide variant	NM_001165963.4(SCN1A):c.4787G>T (p.Arg1596Leu)	6323	SCN1A	Likely pathogenic	GRCh38	3337545
single nucleotide variant	NM_001165963.4(SCN1A):c.2416-1G>C	6323	SCN1A	Pathogenic	GRCh38	3337546
single nucleotide variant	NM_001165963.4(SCN1A):c.14T>C (p.Val5Ala)	6323	SCN1A	Likely pathogenic	GRCh38	3337547
single nucleotide variant	NM_001165963.4(SCN1A):c.2871G>A (p.Trp957Ter)	6323	SCN1A	Pathogenic	GRCh38	3338709
single nucleotide variant	NM_001165963.4(SCN1A):c.4387T>C (p.Phe1463Leu)	6323	SCN1A	Pathogenic	GRCh38	3338838
single nucleotide variant	NM_001165963.4(SCN1A):c.4267C>T (p.Leu1423Phe)	6323	SCN1A	Pathogenic/Likely pathogenic	GRCh38	3338839
single nucleotide variant	NM_001165963.4(SCN1A):c.3946A>G (p.Arg1316Gly)	6323	SCN1A	Likely pathogenic	GRCh38	3338840
single nucleotide variant	NM_001165963.4(SCN1A):c.4760A>T (p.Glu1587Val)	6323	SCN1A	Likely pathogenic	GRCh38	3340196
single nucleotide variant	NM_001165963.4(SCN1A):c.5384A>G (p.Glu1795Gly)	6323	SCN1A	Likely pathogenic	GRCh38	3340591
single nucleotide variant	NM_001165963.4(SCN1A):c.5279C>G (p.Ser1760Cys)	6323	SCN1A	Likely pathogenic	GRCh38	3340700
single nucleotide variant	NM_001165963.4(SCN1A):c.4327G>T (p.Asp1443Tyr)	6323	SCN1A	Likely pathogenic	GRCh38	3340738
single nucleotide variant	NM_001165963.4(SCN1A):c.5456C>A (p.Ala1819Glu)	6323	SCN1A	Likely pathogenic	GRCh38	3340831
single nucleotide variant	NM_001165963.4(SCN1A):c.4131T>G (p.Ile1377Met)	6323	SCN1A	Likely pathogenic	GRCh38	3342223
single nucleotide variant	NM_001165963.4(SCN1A):c.383+2T>C	6323	SCN1A	Likely pathogenic	GRCh38	3367060
single nucleotide variant	NM_001165963.4(SCN1A):c.4117T>A (p.Phe1373Ile)	6323	SCN1A	Likely pathogenic	GRCh38	3370353
single nucleotide variant	NM_001165963.4(SCN1A):c.1148T>C (p.Phe383Ser)	6323	SCN1A	Likely pathogenic	GRCh38	3375730
single nucleotide variant	NM_001165963.4(SCN1A):c.5139C>G (p.Ser1713Arg)	6323	SCN1A	Likely pathogenic	GRCh38	3380952
single nucleotide variant	NM_001165963.4(SCN1A):c.2360T>A (p.Met787Lys)	6323	SCN1A	Likely pathogenic	GRCh38	3382607
single nucleotide variant	NM_001165963.4(SCN1A):c.3103C>T (p.Gln1035Ter)	6323	SCN1A	Pathogenic	GRCh38	3384345
single nucleotide variant	NM_001165963.4(SCN1A):c.5161A>C (p.Thr1721Pro)	6323	SCN1A	Likely pathogenic	GRCh38	3385393
single nucleotide variant	NM_001165963.4(SCN1A):c.1143G>C (p.Gln381His)	6323	SCN1A	Pathogenic	GRCh38	3571535
single nucleotide variant	NM_001165963.4(SCN1A):c.4292T>G (p.Phe1431Cys)	6323	SCN1A	Likely pathogenic	GRCh38	3571540
single nucleotide variant	NM_001165963.4(SCN1A):c.4006G>T (p.Val1336Phe)	6323	SCN1A	Likely pathogenic	GRCh38	3571544
single nucleotide variant	NM_001165963.4(SCN1A):c.3641T>G (p.Ile1214Arg)	6323	SCN1A	Pathogenic	GRCh38	3571608
single nucleotide variant	NM_001165963.4(SCN1A):c.4486C>T (p.Gln1496Ter)	6323	SCN1A	Pathogenic	GRCh38	3571982
single nucleotide variant	NM_001165963.4(SCN1A):c.4074G>A (p.Trp1358Ter)	6323	SCN1A	Pathogenic	GRCh38	3572480
single nucleotide variant	NM_001165963.4(SCN1A):c.5080T>C (p.Tyr1694His)	6323	SCN1A	Likely pathogenic	GRCh38	3572879
single nucleotide variant	NM_001165963.4(SCN1A):c.5741A>C (p.Gln1914Pro)	6323	SCN1A	Pathogenic	GRCh38	3572984
single nucleotide variant	NM_001165963.4(SCN1A):c.4454A>G (p.Asn1485Ser)	6323	SCN1A	Likely pathogenic	GRCh38	3629455
single nucleotide variant	NM_001165963.4(SCN1A):c.5535C>G (p.Asn1845Lys)	6323	SCN1A	Likely pathogenic	GRCh38	3633998
single nucleotide variant	NM_001165963.4(SCN1A):c.5303G>T (p.Ser1768Ile)	6323	SCN1A	Likely pathogenic	GRCh38	3634002
single nucleotide variant	NM_001165963.4(SCN1A):c.5263G>C (p.Asp1755His)	6323	SCN1A	Likely pathogenic	GRCh38	3634003
single nucleotide variant	NM_001165963.4(SCN1A):c.5165C>T (p.Thr1722Ile)	6323	SCN1A	Likely pathogenic	GRCh38	3634004
single nucleotide variant	NM_001165963.4(SCN1A):c.4972A>G (p.Thr1658Ala)	6323	SCN1A	Likely pathogenic	GRCh38	3634005
single nucleotide variant	NM_001165963.4(SCN1A):c.4465C>G (p.Gln1489Glu)	6323	SCN1A	Likely pathogenic	GRCh38	3634011
single nucleotide variant	NM_001165963.4(SCN1A):c.4458C>A (p.Phe1486Leu)	6323	SCN1A	Likely pathogenic	GRCh38	3634012
single nucleotide variant	NM_001165963.4(SCN1A):c.4445T>A (p.Ile1482Asn)	6323	SCN1A	Pathogenic	GRCh38	3634013
single nucleotide variant	NM_001165963.4(SCN1A):c.4249A>C (p.Asn1417His)	6323	SCN1A	Likely pathogenic	GRCh38	3634015
single nucleotide variant	NM_001165963.4(SCN1A):c.4127G>C (p.Cys1376Ser)	6323	SCN1A	Likely pathogenic	GRCh38	3634019
single nucleotide variant	NM_001165963.4(SCN1A):c.4015G>A (p.Ala1339Thr)	6323	SCN1A	Likely pathogenic	GRCh38	3634020
single nucleotide variant	NM_001165963.4(SCN1A):c.3835T>C (p.Tyr1279His)	6323	SCN1A	Pathogenic	GRCh38	3634023
single nucleotide variant	NM_001165963.4(SCN1A):c.2961T>A (p.Phe987Leu)	6323	SCN1A	Pathogenic	GRCh38	3634035
single nucleotide variant	NM_001165963.4(SCN1A):c.2955T>A (p.Asn985Lys)	6323	SCN1A	Likely pathogenic	GRCh38	3634036
single nucleotide variant	NM_001165963.4(SCN1A):c.2837G>T (p.Arg946Leu)	6323	SCN1A	Likely pathogenic	GRCh38	3634038
single nucleotide variant	NM_001165963.4(SCN1A):c.2830G>A (p.Val944Met)	6323	SCN1A	Pathogenic	GRCh38	3634039
single nucleotide variant	NM_001165963.4(SCN1A):c.2576G>T (p.Arg859Leu)	6323	SCN1A	Likely pathogenic	GRCh38	3634045
single nucleotide variant	NM_001165963.4(SCN1A):c.1276T>C (p.Tyr426His)	6323	SCN1A	Pathogenic	GRCh38	3634055
single nucleotide variant	NM_001165963.4(SCN1A):c.1158T>G (p.Asn386Lys)	6323	SCN1A	Pathogenic	GRCh38	3634057
single nucleotide variant	NM_001165963.4(SCN1A):c.1150T>G (p.Trp384Gly)	6323	SCN1A	Likely pathogenic	GRCh38	3634058
single nucleotide variant	NM_001165963.4(SCN1A):c.1034G>C (p.Cys345Ser)	6323	SCN1A	Likely pathogenic	GRCh38	3634061
single nucleotide variant	NM_001165963.4(SCN1A):c.478A>T (p.Thr160Ser)	6323	SCN1A	Likely pathogenic	GRCh38	3634066
single nucleotide variant	NM_001165963.4(SCN1A):c.300C>A (p.Phe100Leu)	6323	SCN1A	Likely pathogenic	GRCh38	3634068
single nucleotide variant	NM_001165963.4(SCN1A):c.236A>C (p.Asp79Ala)	6323	SCN1A	Likely pathogenic	GRCh38	3634069
single nucleotide variant	NM_001165963.4(SCN1A):c.227C>T (p.Pro76Leu)	6323	SCN1A	Likely pathogenic	GRCh38	3634070
single nucleotide variant	NM_001165963.4(SCN1A):c.4581+5G>A	6323	SCN1A	Pathogenic/Likely pathogenic	GRCh38	3641123
single nucleotide variant	NM_001165963.4(SCN1A):c.2370T>G (p.Tyr790Ter)	6323	SCN1A	Pathogenic	GRCh38	3646508
single nucleotide variant	NM_001165963.4(SCN1A):c.5698A>T (p.Lys1900Ter)	6323	SCN1A	Pathogenic	GRCh38	3659221
single nucleotide variant	NM_001165963.4(SCN1A):c.3172A>T (p.Lys1058Ter)	6323	SCN1A	Pathogenic	GRCh38	3658078
single nucleotide variant	NM_001165963.4(SCN1A):c.2672G>A (p.Gly891Glu)	6323	SCN1A	Pathogenic	GRCh38	3677023
single nucleotide variant	NM_001165963.4(SCN1A):c.83G>T (p.Arg28Leu)	6323	SCN1A	Likely pathogenic	GRCh38	3681577
single nucleotide variant	NM_001165963.4(SCN1A):c.2585G>C (p.Arg862Pro)	6323	SCN1A	Pathogenic	GRCh38	3706341
single nucleotide variant	NM_001165963.4(SCN1A):c.437C>G (p.Thr146Arg)	6323	SCN1A	Pathogenic	GRCh38	3706342
single nucleotide variant	NM_001165963.4(SCN1A):c.1448C>A (p.Ser483Ter)	6323	SCN1A	Pathogenic	GRCh38	3725092
single nucleotide variant	NM_001165963.4(SCN1A):c.1377+2T>A	6323	SCN1A	Pathogenic	GRCh38	3728263
single nucleotide variant	NM_001165963.4(SCN1A):c.383+6C>T	6323	SCN1A	Pathogenic	GRCh38	3724492
single nucleotide variant	NM_001165963.4(SCN1A):c.4062T>A (p.Cys1354Ter)	6323	SCN1A	Pathogenic	GRCh38	3729368
single nucleotide variant	NM_001165963.4(SCN1A):c.5107G>T (p.Asp1703Tyr)	6323	SCN1A	Likely pathogenic	GRCh38	3720366
single nucleotide variant	NM_001165963.4(SCN1A):c.3851G>C (p.Trp1284Ser)	6323	SCN1A	Pathogenic	GRCh38	3720369
single nucleotide variant	NM_001165963.4(SCN1A):c.2412C>G (p.Asn804Lys)	6323	SCN1A	Pathogenic	GRCh38	3720372
single nucleotide variant	NM_001165963.4(SCN1A):c.2259T>G (p.Tyr753Ter)	6323	SCN1A	Pathogenic	GRCh38	3720374
single nucleotide variant	NM_001165963.4(SCN1A):c.1152G>A (p.Trp384Ter)	6323	SCN1A	Pathogenic	GRCh38	3720378
single nucleotide variant	NM_001165963.4(SCN1A):c.1042G>T (p.Gly348Ter)	6323	SCN1A	Pathogenic	GRCh38	3720379
single nucleotide variant	NM_001165963.4(SCN1A):c.541G>T (p.Glu181Ter)	6323	SCN1A	Pathogenic	GRCh38	3720382
single nucleotide variant	NM_001165963.4(SCN1A):c.2748C>A (p.Tyr916Ter)	6323	SCN1A	Pathogenic	GRCh38	3764807
single nucleotide variant	NM_001165963.4(SCN1A):c.4028C>T (p.Ala1343Val)	6323	SCN1A	Likely pathogenic	GRCh38	3767232
single nucleotide variant	NM_001165963.4(SCN1A):c.5348C>G (p.Ala1783Gly)	6323	SCN1A	Pathogenic	GRCh38	3767577
single nucleotide variant	NM_001165963.4(SCN1A):c.1037C>A (p.Pro346Gln)	6323	SCN1A	Likely pathogenic	GRCh38	3770207
single nucleotide variant	NM_001165963.4(SCN1A):c.2357C>T (p.Ala786Val)	6323	SCN1A	Likely pathogenic	GRCh38	3770208
single nucleotide variant	NM_001165963.4(SCN1A):c.4576C>A (p.Pro1526Thr)	6323	SCN1A	Likely pathogenic	GRCh38	3770210
single nucleotide variant	NM_001165963.4(SCN1A):c.4876G>T (p.Glu1626Ter)	6323	SCN1A	Likely pathogenic	GRCh38	3772555
single nucleotide variant	NM_001165963.4(SCN1A):c.3967C>A (p.Pro1323Thr)	6323	SCN1A	Pathogenic	GRCh38	3773645
single nucleotide variant	NM_001165963.4(SCN1A):c.2956C>G (p.Leu986Val)	6323	SCN1A	Pathogenic	GRCh38	3774334
single nucleotide variant	NM_001165963.4(SCN1A):c.1013A>G (p.Asn338Ser)	6323	SCN1A	Pathogenic	GRCh38	3774335
single nucleotide variant	NM_001165963.4(SCN1A):c.4480G>T (p.Gly1494Ter)	6323	SCN1A	Pathogenic	GRCh38	3774336
single nucleotide variant	NM_001165963.4(SCN1A):c.4852+1G>C	6323	SCN1A	Likely pathogenic	GRCh38	3774339
single nucleotide variant	NM_001165963.4(SCN1A):c.4003-2A>G	6323	SCN1A	Likely pathogenic	GRCh38	3775239
single nucleotide variant	NM_001165963.4(SCN1A):c.332T>A (p.Leu111Ter)	6323	SCN1A	Pathogenic	GRCh38	3775405
single nucleotide variant	NM_001165963.4(SCN1A):c.3899C>A (p.Thr1300Lys)	6323	SCN1A	Likely pathogenic	GRCh38	3778727
single nucleotide variant	NM_001165963.4(SCN1A):c.659T>C (p.Val220Ala)	6323	SCN1A	Likely pathogenic	GRCh38	3781056
single nucleotide variant	NM_001165963.4(SCN1A):c.611C>T (p.Thr204Ile)	6323	SCN1A	Likely pathogenic	GRCh38	3793180
single nucleotide variant	NM_001165963.4(SCN1A):c.4937T>A (p.Ile1646Asn)	6323	SCN1A	Likely pathogenic	GRCh38	3897768
single nucleotide variant	NM_001165963.4(SCN1A):c.5424C>A (p.Phe1808Leu)	6323	SCN1A	Pathogenic	GRCh38	3897808
single nucleotide variant	NM_001165963.4(SCN1A):c.3706G>A (p.Ala1236Thr)	6323	SCN1A	Pathogenic	GRCh38	3897828
single nucleotide variant	NM_001165963.4(SCN1A):c.644T>G (p.Leu215Trp)	6323	SCN1A	Pathogenic	GRCh38	3906499
single nucleotide variant	NM_001165963.4(SCN1A):c.1029-3C>A	6323	SCN1A	Likely pathogenic	GRCh38	3950919
single nucleotide variant	NM_001165963.4(SCN1A):c.5142G>T (p.Met1714Ile)	6323	SCN1A	Likely pathogenic	GRCh38	4055861
single nucleotide variant	NM_001165963.4(SCN1A):c.4970G>C (p.Arg1657Pro)	6323	SCN1A	Pathogenic	GRCh38	4056328
single nucleotide variant	NM_001165963.4(SCN1A):c.5366T>C (p.Phe1789Ser)	6323	SCN1A	Pathogenic	GRCh38	4071997
single nucleotide variant	NM_001165963.4(SCN1A):c.1214T>C (p.Leu405Ser)	6323	SCN1A	Likely pathogenic	GRCh38	4071998
single nucleotide variant	NM_001165963.4(SCN1A):c.698T>G (p.Leu233Arg)	6323	SCN1A	Pathogenic	GRCh38	4072712
single nucleotide variant	NM_001165963.4(SCN1A):c.2461G>C (p.Ala821Pro)	6323	SCN1A	Likely pathogenic	GRCh38	4075188
single nucleotide variant	NM_001165963.4(SCN1A):c.5081A>T (p.Tyr1694Phe)	6323	SCN1A	Likely pathogenic	GRCh38	4073630
single nucleotide variant	NM_001165963.4(SCN1A):c.4519T>C (p.Tyr1507His)	6323	SCN1A	Likely pathogenic	GRCh38	4073632
single nucleotide variant	NM_001165963.4(SCN1A):c.5215C>A (p.Pro1739Thr)	6323	SCN1A	Likely pathogenic	GRCh38	4073683
single nucleotide variant	NM_001165963.4(SCN1A):c.959A>G (p.Asp320Gly)	6323	SCN1A	Likely pathogenic	GRCh38	4073685
single nucleotide variant	NM_001165963.4(SCN1A):c.2594G>C (p.Arg865Pro)	6323	SCN1A	Likely pathogenic	GRCh38	4074368
single nucleotide variant	NM_001165963.4(SCN1A):c.4507G>T (p.Glu1503Ter)	6323	SCN1A	Pathogenic	GRCh38	4074375
single nucleotide variant	NM_001165963.4(SCN1A):c.1333C>T (p.Gln445Ter)	6323	SCN1A	Pathogenic	GRCh38	4075465
single nucleotide variant	NM_001165963.4(SCN1A):c.865G>T (p.Glu289Ter)	6323	SCN1A	Pathogenic	GRCh38	4077198
single nucleotide variant	NM_001165963.4(SCN1A):c.2979C>G (p.Ser993Arg)	6323	SCN1A	Likely pathogenic	GRCh38	4077373
single nucleotide variant	NM_001165963.4(SCN1A):c.5165C>A (p.Thr1722Asn)	6323	SCN1A	Likely pathogenic	GRCh38	4077484
single nucleotide variant	NM_001165963.4(SCN1A):c.458G>A (p.Trp153Ter)	6323	SCN1A	Pathogenic	GRCh38	4081047
single nucleotide variant	NM_001165963.4(SCN1A):c.5714C>T (p.Pro1905Leu)	6323	SCN1A	Pathogenic	GRCh38	4083323
single nucleotide variant	NM_001165963.4(SCN1A):c.550A>C (p.Thr184Pro)	6323	SCN1A	Likely pathogenic	GRCh38	4277462
single nucleotide variant	NM_001165963.4(SCN1A):c.5359G>T (p.Glu1787Ter)	6323	SCN1A	Likely pathogenic	GRCh38	4277463
single nucleotide variant	NM_001165963.4(SCN1A):c.964+1G>T	6323	SCN1A	Likely pathogenic	GRCh38	4277736
single nucleotide variant	NM_001165963.4(SCN1A):c.3409G>C (p.Asp1137His)	6323	SCN1A	Likely pathogenic	GRCh38	4278335
single nucleotide variant	NM_001165963.4(SCN1A):c.4933C>G (p.Arg1645Gly)	6323	SCN1A	Pathogenic	GRCh38	4292082
single nucleotide variant	NM_001165963.4(SCN1A):c.3094G>T (p.Glu1032Ter)	6323	SCN1A	Pathogenic	GRCh38	4293387
single nucleotide variant	NM_001165963.4(SCN1A):c.4049T>C (p.Val1350Ala)	6323	SCN1A	Pathogenic	GRCh38	4293649
single nucleotide variant	NM_001165963.4(SCN1A):c.4028C>G (p.Ala1343Gly)	6323	SCN1A	Pathogenic	GRCh38	4527372
single nucleotide variant	NM_001165963.4(SCN1A):c.4061G>A (p.Cys1354Tyr)	6323	SCN1A	Pathogenic	GRCh38	4528262
single nucleotide variant	NM_001165963.4(SCN1A):c.1315C>T (p.Gln439Ter)	6323	SCN1A	Pathogenic	GRCh38	4529718
single nucleotide variant	NM_001165963.4(SCN1A):c.2371C>A (p.Pro791Thr)	6323	SCN1A	Pathogenic	GRCh38	4530658
single nucleotide variant	NM_001165963.4(SCN1A):c.4709C>G (p.Thr1570Ser)	6323	SCN1A	Likely pathogenic	GRCh38	4530864
single nucleotide variant	NM_001165963.4(SCN1A):c.3953T>G (p.Leu1318Arg)	6323	SCN1A	Likely pathogenic	GRCh38	4531255
single nucleotide variant	NM_001165963.4(SCN1A):c.2468A>T (p.Asp823Val)	6323	SCN1A	Likely pathogenic	GRCh38	4531780
single nucleotide variant	NM_001165963.4(SCN1A):c.826A>G (p.Lys276Glu)	6323	SCN1A	Pathogenic	GRCh38	4531781
single nucleotide variant	NM_001165963.4(SCN1A):c.4243T>G (p.Phe1415Val)	6323	SCN1A	Likely pathogenic	GRCh38	4533267
single nucleotide variant	NM_001165963.4(SCN1A):c.5141T>A (p.Met1714Lys)	6323	SCN1A	Likely pathogenic	GRCh38	4534623
single nucleotide variant	NM_001165963.4(SCN1A):c.2866A>G (p.Met956Val)	6323	SCN1A	Likely pathogenic	GRCh38	4534624
single nucleotide variant	NM_001165963.4(SCN1A):c.4960A>G (p.Lys1654Glu)	6323	SCN1A	Likely pathogenic	GRCh38	4535410
single nucleotide variant	NM_001165963.4(SCN1A):c.2905C>T (p.Leu969Phe)	6323	SCN1A	Likely pathogenic	GRCh38	4538581
single nucleotide variant	NM_001165963.4(SCN1A):c.5033T>A (p.Phe1678Tyr)	6323	SCN1A	Likely pathogenic	GRCh38	4681902
single nucleotide variant	NM_001165963.4(SCN1A):c.3706-2A>C	6323	SCN1A	Pathogenic	GRCh38	4682450
single nucleotide variant	NM_001165963.4(SCN1A):c.4360G>T (p.Glu1454Ter)	6323	SCN1A	Pathogenic/Likely pathogenic	GRCh38	4682469
single nucleotide variant	NM_001165963.4(SCN1A):c.5173G>T (p.Gly1725Cys)	6323	SCN1A	Likely pathogenic	GRCh38	4685065
single nucleotide variant	NM_001165963.4(SCN1A):c.962C>A (p.Ser321Ter)	6323	SCN1A	Pathogenic	GRCh38	4713345
single nucleotide variant	NM_001165963.4(SCN1A):c.502G>T (p.Glu168Ter)	6323	SCN1A	Pathogenic	GRCh38	4718040
single nucleotide variant	NM_001165963.4(SCN1A):c.3551-2A>G	6323	SCN1A	Likely pathogenic	GRCh38	4735721
single nucleotide variant	NM_001165963.4(SCN1A):c.5216C>T (p.Pro1739Leu)	6323	SCN1A	Likely pathogenic	GRCh38	4747033
single nucleotide variant	NM_001165963.4(SCN1A):c.4415T>C (p.Phe1472Ser)	6323	SCN1A	Pathogenic	GRCh38	4747042
single nucleotide variant	NM_001165963.4(SCN1A):c.2657C>T (p.Ser886Phe)	6323	SCN1A	Pathogenic	GRCh38	4747056
single nucleotide variant	NM_001165963.4(SCN1A):c.950A>G (p.Tyr317Cys)	6323	SCN1A	Pathogenic	GRCh38	4747063
single nucleotide variant	NM_001165963.4(SCN1A):c.570G>A (p.Trp190Ter)	6323	SCN1A	Pathogenic	GRCh38	4747065
single nucleotide variant	NM_001165963.4(SCN1A):c.4012A>G (p.Asn1338Asp)	6323	SCN1A	Likely pathogenic	GRCh38	4737183
single nucleotide variant	NM_001165963.4(SCN1A):c.5597A>T (p.Asp1866Val)	6323	SCN1A	Likely pathogenic	GRCh38	4750118
single nucleotide variant	NM_001165963.4(SCN1A):c.671T>G (p.Leu224Trp)	6323	SCN1A	Pathogenic	GRCh38	4750119
single nucleotide variant	NM_001165963.4(SCN1A):c.2415+431C>G	6323	SCN1A	Likely pathogenic	GRCh38	4755498
single nucleotide variant	NM_001165963.4(SCN1A):c.1635T>A (p.Tyr545Ter)	6323	SCN1A	Pathogenic	GRCh38	4795276
single nucleotide variant	NM_001165963.4(SCN1A):c.1129C>G (p.Arg377Gly)	6323	SCN1A	Likely pathogenic	GRCh38	4800291
single nucleotide variant	NM_001165963.4(SCN1A):c.1082G>T (p.Gly361Val)	6323	SCN1A	Likely pathogenic	GRCh38	4800293
single nucleotide variant	NM_001165963.4(SCN1A):c.812G>A (p.Gly271Asp)	6323	SCN1A	Pathogenic	GRCh38	4800295
single nucleotide variant	NM_001165963.4(SCN1A):c.654C>A (p.Phe218Leu)	6323	SCN1A	Pathogenic	GRCh38	4800298
single nucleotide variant	NM_001165963.4(SCN1A):c.5038G>T (p.Val1680Phe)	6323	SCN1A	Likely pathogenic	GRCh38	4800256
single nucleotide variant	NM_001165963.4(SCN1A):c.4919T>G (p.Leu1640Arg)	6323	SCN1A	Pathogenic	GRCh38	4800258
single nucleotide variant	NM_001165963.4(SCN1A):c.4916G>T (p.Arg1639Leu)	6323	SCN1A	Likely pathogenic	GRCh38	4800259
single nucleotide variant	NM_001165963.4(SCN1A):c.4771A>G (p.Lys1591Glu)	6323	SCN1A	Likely pathogenic	GRCh38	4800262
single nucleotide variant	NM_001165963.4(SCN1A):c.4763G>C (p.Cys1588Ser)	6323	SCN1A	Likely pathogenic	GRCh38	4800263
single nucleotide variant	NM_001165963.4(SCN1A):c.4663A>T (p.Met1555Leu)	6323	SCN1A	Likely pathogenic	GRCh38	4800264
single nucleotide variant	NM_001165963.4(SCN1A):c.4292T>C (p.Phe1431Ser)	6323	SCN1A	Pathogenic	GRCh38	4800267
single nucleotide variant	NM_001165963.4(SCN1A):c.4196T>G (p.Leu1399Arg)	6323	SCN1A	Likely pathogenic	GRCh38	4800268
single nucleotide variant	NM_001165963.4(SCN1A):c.4013A>G (p.Asn1338Ser)	6323	SCN1A	Likely pathogenic	GRCh38	4800269
single nucleotide variant	NM_001165963.4(SCN1A):c.2527A>G (p.Ser843Gly)	6323	SCN1A	Likely pathogenic	GRCh38	4800279
single nucleotide variant	NM_001165963.4(SCN1A):c.2363A>G (p.Glu788Gly)	6323	SCN1A	Likely pathogenic	GRCh38	4800283
single nucleotide variant	NM_001165963.4(SCN1A):c.1277A>T (p.Tyr426Phe)	6323	SCN1A	Likely pathogenic	GRCh38	4800288
single nucleotide variant	NM_001165963.4(SCN1A):c.3517G>T (p.Glu1173Ter)	6323	SCN1A	Pathogenic	GRCh38	4814194
single nucleotide variant	NM_001165963.4(SCN1A):c.5740C>T (p.Gln1914Ter)	6323	SCN1A	Likely pathogenic	GRCh38	4819454
single nucleotide variant	NM_001165963.4(SCN1A):c.5343C>G (p.Tyr1781Ter)	6323	SCN1A	Pathogenic	GRCh38	4819944
single nucleotide variant	NM_001165963.4(SCN1A):c.4978C>G (p.Leu1660Val)	6323	SCN1A	Likely pathogenic	GRCh38	4823245
single nucleotide variant	NM_001165963.4(SCN1A):c.4510C>T (p.Gln1504Ter)	6323	SCN1A	Pathogenic/Likely pathogenic	GRCh38	4839842
single nucleotide variant	NM_001165963.4(SCN1A):c.1519A>T (p.Lys507Ter)	6323	SCN1A	Pathogenic	GRCh38	4840450
single nucleotide variant	NM_001165963.4(SCN1A):c.562G>T (p.Asp188Tyr)	6323	SCN1A	Likely pathogenic	GRCh38	4840535
single nucleotide variant	NM_001165963.4(SCN1A):c.5050T>C (p.Tyr1684His)	6323	SCN1A	Likely pathogenic	GRCh38	4851464
single nucleotide variant	NM_001165963.4(SCN1A):c.830G>C (p.Cys277Ser)	6323	SCN1A	Likely pathogenic	GRCh38	4851537
single nucleotide variant	NM_001165963.4(SCN1A):c.2416-2A>C	6323	SCN1A	Pathogenic	GRCh38	4852168
single nucleotide variant	NM_001165963.4(SCN1A):c.1178G>T (p.Arg393Leu)	6323	SCN1A	Likely pathogenic	GRCh38	4852170
single nucleotide variant	NM_001165963.4(SCN1A):c.2794T>C (p.Trp932Arg)	6323	SCN1A	Likely pathogenic	GRCh38	4856336
single nucleotide variant	NM_001165963.4(SCN1A):c.5424C>G (p.Phe1808Leu)	6323	SCN1A	Pathogenic	GRCh38	4864125
single nucleotide variant	NM_001165963.4(SCN1A):c.4328A>T (p.Asp1443Val)	6323	SCN1A	Likely pathogenic	GRCh38	4864129
single nucleotide variant	NM_001165963.4(SCN1A):c.3811T>C (p.Trp1271Arg)	6323	SCN1A	Pathogenic	GRCh38	4874133
single nucleotide variant	NM_001165963.4(SCN1A):c.4046A>G (p.Asn1349Ser)	6323	SCN1A	Likely pathogenic	GRCh38	4876692
single nucleotide variant	NM_001165963.4(SCN1A):c.3576T>A (p.Cys1192Ter)	6323	SCN1A	Pathogenic	GRCh38	4876697
single nucleotide variant	NM_001165963.4(SCN1A):c.4450G>T (p.Asp1484Tyr)	6323	SCN1A	Likely pathogenic	GRCh38	4879424
single nucleotide variant	NM_001165963.4(SCN1A):c.3031A>T (p.Asn1011Tyr)	6323	SCN1A	Likely pathogenic	GRCh38	4880328
single nucleotide variant	NM_001165963.4(SCN1A):c.3974G>C (p.Arg1325Thr)	6323	SCN1A	Likely pathogenic	GRCh38	4881871
single nucleotide variant	NM_001165963.4(SCN1A):c.5365T>C (p.Phe1789Leu)	6323	SCN1A	Likely pathogenic	GRCh38	4882014
single nucleotide variant	NM_001165963.4(SCN1A):c.1010G>A (p.Gly337Glu)	6323	SCN1A	Pathogenic	GRCh38	4884832
single nucleotide variant	NM_001165963.4(SCN1A):c.2686G>C (p.Val896Leu)	6323	SCN1A	Pathogenic	GRCh38	4887819
single nucleotide variant	NM_001165963.4(SCN1A):c.5590T>C (p.Cys1864Arg)	6323	SCN1A	Pathogenic	GRCh38	4887908
single nucleotide variant	NM_001165963.4(SCN1A):c.1135A>G (p.Met379Val)	6323	SCN1A	Likely pathogenic	GRCh38	4888157
single nucleotide variant	NM_001165963.4(SCN1A):c.2068A>T (p.Arg690Ter)	6323	SCN1A	Likely pathogenic	GRCh38	4888236
single nucleotide variant	NM_001165963.4(SCN1A):c.3514G>T (p.Glu1172Ter)	6323	SCN1A	Likely pathogenic	GRCh38	4890726
