Type	Name	GeneID	GeneSymbol	ClinicalSignificance	Assembly	VariationID
single nucleotide variant	NM_001267550.2(TTN):c.2219G>T (p.Arg740Leu)	7273	TTN	Pathogenic	GRCh38	12649
single nucleotide variant	NM_001267550.2(TTN):c.2926T>C (p.Trp976Arg)	7273	TTN	Likely pathogenic	GRCh38	12651
single nucleotide variant	NM_001267550.2(TTN):c.107867T>C (p.Leu35956Pro)	7273	TTN	Likely pathogenic	GRCh38	12653
single nucleotide variant	NM_001267550.2(TTN):c.107840T>A (p.Ile35947Asn)	7273	TTN	Pathogenic/Likely pathogenic	GRCh38	12654
single nucleotide variant	NM_001267550.2(TTN):c.13108C>T (p.Gln4370Ter)	7273	TTN	Pathogenic	GRCh38	12657
single nucleotide variant	NM_001267550.2(TTN):c.15496+1G>A	7273	TTN	Pathogenic/Likely pathogenic	GRCh38	46601
single nucleotide variant	NM_001267550.2(TTN):c.3034C>T (p.Arg1012Ter)	7273	TTN	Pathogenic/Likely pathogenic	GRCh38	46899
single nucleotide variant	NM_001267550.2(TTN):c.46773T>A (p.Tyr15591Ter)	7273	TTN	Likely pathogenic	GRCh38	47003
single nucleotide variant	NM_001267550.2(TTN):c.46782C>A (p.Tyr15594Ter)	7273	TTN	Pathogenic/Likely pathogenic	GRCh38	47004
single nucleotide variant	NM_001267550.2(TTN):c.47506C>T (p.Gln15836Ter)	7273	TTN	Likely pathogenic	GRCh38	47012
single nucleotide variant	NM_001267550.2(TTN):c.50618G>A (p.Trp16873Ter)	7273	TTN	Pathogenic/Likely pathogenic	GRCh38	47047
single nucleotide variant	NM_001267550.2(TTN):c.54636T>G (p.Tyr18212Ter)	7273	TTN	Likely pathogenic	GRCh38	47092
single nucleotide variant	NM_001267550.2(TTN):c.56647+1G>A	7273	TTN	Likely pathogenic	GRCh38	47113
single nucleotide variant	NM_001267550.2(TTN):c.61876C>T (p.Arg20626Ter)	7273	TTN	Pathogenic/Likely pathogenic	GRCh38	47175
single nucleotide variant	NM_001267550.2(TTN):c.66618C>A (p.Cys22206Ter)	7273	TTN	Pathogenic/Likely pathogenic	GRCh38	47237
single nucleotide variant	NM_001267550.2(TTN):c.71602C>T (p.Arg23868Ter)	7273	TTN	Pathogenic/Likely pathogenic	GRCh38	47301
single nucleotide variant	NM_001267550.2(TTN):c.81532G>T (p.Glu27178Ter)	7273	TTN	Likely pathogenic	GRCh38	47397
single nucleotide variant	NM_001267550.2(TTN):c.86821+2T>A	7273	TTN	Pathogenic/Likely pathogenic	GRCh38	47458
single nucleotide variant	NM_001267550.2(TTN):c.102949C>T (p.Gln34317Ter)	7273	TTN	Likely pathogenic	GRCh38	47657
single nucleotide variant	NM_001267550.2(TTN):c.12208G>T (p.Glu4070Ter)	7273	TTN	Pathogenic/Likely pathogenic	GRCh38	47820
single nucleotide variant	NM_001267550.2(TTN):c.57692G>A (p.Trp19231Ter)	7273	TTN	Likely pathogenic	GRCh38	1485852
single nucleotide variant	NM_001267550.2(TTN):c.40558G>C (p.Val13520Leu)	7273	TTN	Pathogenic/Likely pathogenic	GRCh38	130666
single nucleotide variant	NM_001267550.2(TTN):c.98606G>C (p.Arg32869Pro)	7273	TTN	Likely pathogenic	GRCh38	130686
single nucleotide variant	NM_001267550.2(TTN):c.95134T>C (p.Cys31712Arg)	7273	TTN	Pathogenic/Likely pathogenic	GRCh38	132133
single nucleotide variant	NM_001267550.2(TTN):c.95185T>C (p.Trp31729Arg)	7273	TTN	Pathogenic	GRCh38	132134
single nucleotide variant	NM_001267550.2(TTN):c.95186G>T (p.Trp31729Leu)	7273	TTN	Pathogenic	GRCh38	132135
single nucleotide variant	NM_001267550.2(TTN):c.95187G>C (p.Trp31729Cys)	7273	TTN	Pathogenic/Likely pathogenic	GRCh38	132136
single nucleotide variant	NM_001267550.2(TTN):c.95195C>T (p.Pro31732Leu)	7273	TTN	Pathogenic/Likely pathogenic	GRCh38	132137
single nucleotide variant	NM_001267550.2(TTN):c.95358C>G (p.Asn31786Lys)	7273	TTN	Pathogenic	GRCh38	132138
single nucleotide variant	NM_001267550.2(TTN):c.98528G>A (p.Trp32843Ter)	7273	TTN	Likely pathogenic	GRCh38	178936
single nucleotide variant	NM_001267550.2(TTN):c.98134G>T (p.Glu32712Ter)	7273	TTN	Likely pathogenic	GRCh38	179162
single nucleotide variant	NM_001267550.2(TTN):c.91476T>G (p.Tyr30492Ter)	7273	TTN	Likely pathogenic	GRCh38	179124
single nucleotide variant	NM_001267550.2(TTN):c.82773G>A (p.Trp27591Ter)	7273	TTN	Likely pathogenic	GRCh38	180014
single nucleotide variant	NM_001267550.2(TTN):c.68195C>A (p.Ser22732Ter)	7273	TTN	Likely pathogenic	GRCh38	180107
single nucleotide variant	NM_001267550.2(TTN):c.71321G>A (p.Trp23774Ter)	7273	TTN	Pathogenic/Likely pathogenic	GRCh38	165855
single nucleotide variant	NM_001267550.2(TTN):c.68449C>T (p.Arg22817Ter)	7273	TTN	Pathogenic/Likely pathogenic	GRCh38	165869
single nucleotide variant	NM_001267550.2(TTN):c.62217T>A (p.Tyr20739Ter)	7273	TTN	Pathogenic/Likely pathogenic	GRCh38	165916
single nucleotide variant	NM_001267550.2(TTN):c.97492+1G>C	7273	TTN	Pathogenic/Likely pathogenic	GRCh38	180058
single nucleotide variant	NM_001267550.2(TTN):c.89839C>T (p.Arg29947Ter)	7273	TTN	Likely pathogenic	GRCh38	179921
single nucleotide variant	NM_001267550.2(TTN):c.81321C>G (p.Tyr27107Ter)	7273	TTN	Pathogenic/Likely pathogenic	GRCh38	179759
single nucleotide variant	NM_001267550.2(TTN):c.80716C>T (p.Arg26906Ter)	7273	TTN	Pathogenic/Likely pathogenic	GRCh38	180010
single nucleotide variant	NM_001267550.2(TTN):c.45895+1G>A	7273	TTN	Likely pathogenic	GRCh38	178984
single nucleotide variant	NM_001267550.2(TTN):c.43600C>T (p.Gln14534Ter)	7273	TTN	Pathogenic/Likely pathogenic	GRCh38	178865
single nucleotide variant	NM_001267550.2(TTN):c.24385G>T (p.Glu8129Ter)	7273	TTN	Likely pathogenic	GRCh38	179397
single nucleotide variant	NM_001267550.2(TTN):c.4027C>T (p.Gln1343Ter)	7273	TTN	Likely pathogenic	GRCh38	166322
single nucleotide variant	NM_001267550.2(TTN):c.55800G>A (p.Trp18600Ter)	7273	TTN	Likely pathogenic	GRCh38	165964
single nucleotide variant	NM_001267550.2(TTN):c.54638G>A (p.Trp18213Ter)	7273	TTN	Likely pathogenic	GRCh38	165975
single nucleotide variant	NM_001267550.2(TTN):c.53653G>T (p.Glu17885Ter)	7273	TTN	Pathogenic/Likely pathogenic	GRCh38	165985
single nucleotide variant	NM_001267550.2(TTN):c.104092C>T (p.Arg34698Ter)	7273	TTN	Likely pathogenic	GRCh38	167754
single nucleotide variant	NM_001267550.2(TTN):c.71500C>T (p.Gln23834Ter)	7273	TTN	Likely pathogenic	GRCh38	180575
single nucleotide variant	NM_001267550.2(TTN):c.67495C>T (p.Arg22499Ter)	7273	TTN	Pathogenic/Likely pathogenic	GRCh38	180573
single nucleotide variant	NM_001267550.2(TTN):c.97315C>T (p.Gln32439Ter)	7273	TTN	Likely pathogenic	GRCh38	191129
single nucleotide variant	NM_001267550.2(TTN):c.92813G>C (p.Arg30938Thr)	7273	TTN	Likely pathogenic	GRCh38	191130
single nucleotide variant	NM_001267550.2(TTN):c.90223C>T (p.Gln30075Ter)	7273	TTN	Likely pathogenic	GRCh38	191132
single nucleotide variant	NM_001267550.2(TTN):c.62330G>A (p.Gly20777Glu)	7273	TTN	Likely pathogenic	GRCh38	191137
single nucleotide variant	NM_001267550.2(TTN):c.44269C>G (p.Leu14757Val)	7273	TTN	Likely pathogenic	GRCh38	191139
single nucleotide variant	NM_001267550.2(TTN):c.22682A>G (p.Tyr7561Cys)	7273	TTN	Likely pathogenic	GRCh38	191142
single nucleotide variant	NM_001267550.2(TTN):c.53995G>T (p.Glu17999Ter)	7273	TTN	Likely pathogenic	GRCh38	195790
single nucleotide variant	NM_001267550.2(TTN):c.79162G>T (p.Gly26388Ter)	7273	TTN	Likely pathogenic	GRCh38	196081
single nucleotide variant	NM_001267550.2(TTN):c.88594+1G>T	7273	TTN	Pathogenic/Likely pathogenic	GRCh38	196149
single nucleotide variant	NM_001267550.2(TTN):c.99719C>G (p.Ser33240Ter)	7273	TTN	Likely pathogenic	GRCh38	196644
single nucleotide variant	NM_001267550.2(TTN):c.107377+1G>A	7273	TTN	Pathogenic/Likely pathogenic	GRCh38	196723
single nucleotide variant	NM_001267550.2(TTN):c.107635C>T (p.Gln35879Ter)	7273	TTN	Pathogenic/Likely pathogenic	GRCh38	202529
single nucleotide variant	NM_001267550.2(TTN):c.101227C>T (p.Arg33743Ter)	7273	TTN	Pathogenic/Likely pathogenic	GRCh38	202429
single nucleotide variant	NM_001267550.2(TTN):c.98989+1G>A	7273	TTN	Pathogenic/Likely pathogenic	GRCh38	202428
single nucleotide variant	NM_001267550.2(TTN):c.96697C>T (p.Arg32233Ter)	7273	TTN	Likely pathogenic	GRCh38	202528
single nucleotide variant	NM_001267550.2(TTN):c.94162A>T (p.Arg31388Ter)	7273	TTN	Pathogenic	GRCh38	202425
single nucleotide variant	NM_001267550.2(TTN):c.92317C>T (p.Arg30773Ter)	7273	TTN	Pathogenic/Likely pathogenic	GRCh38	202424
single nucleotide variant	NM_001267550.2(TTN):c.89280T>A (p.Tyr29760Ter)	7273	TTN	Pathogenic/Likely pathogenic	GRCh38	202526
single nucleotide variant	NM_001267550.2(TTN):c.88837A>T (p.Lys29613Ter)	7273	TTN	Pathogenic/Likely pathogenic	GRCh38	202423
single nucleotide variant	NM_001267550.2(TTN):c.87751C>T (p.Arg29251Ter)	7273	TTN	Pathogenic/Likely pathogenic	GRCh38	202422
single nucleotide variant	NM_001267550.2(TTN):c.86640C>G (p.Tyr28880Ter)	7273	TTN	Pathogenic/Likely pathogenic	GRCh38	202421
single nucleotide variant	NM_001267550.2(TTN):c.86474T>G (p.Leu28825Ter)	7273	TTN	Pathogenic/Likely pathogenic	GRCh38	202420
single nucleotide variant	NM_001267550.2(TTN):c.86116C>T (p.Arg28706Ter)	7273	TTN	Pathogenic	GRCh38	202523
single nucleotide variant	NM_001267550.2(TTN):c.84897G>A (p.Trp28299Ter)	7273	TTN	Likely pathogenic	GRCh38	202419
single nucleotide variant	NM_001267550.2(TTN):c.83653G>T (p.Glu27885Ter)	7273	TTN	Likely pathogenic	GRCh38	202418
single nucleotide variant	NM_001267550.2(TTN):c.82639G>T (p.Glu27547Ter)	7273	TTN	Pathogenic/Likely pathogenic	GRCh38	202416
single nucleotide variant	NM_001267550.2(TTN):c.82240C>T (p.Arg27414Ter)	7273	TTN	Pathogenic/Likely pathogenic	GRCh38	202415
single nucleotide variant	NM_001267550.2(TTN):c.81964A>T (p.Arg27322Ter)	7273	TTN	Pathogenic	GRCh38	202414
single nucleotide variant	NM_001267550.2(TTN):c.81337G>T (p.Glu27113Ter)	7273	TTN	Pathogenic/Likely pathogenic	GRCh38	202413
single nucleotide variant	NM_001267550.2(TTN):c.80850C>G (p.Tyr26950Ter)	7273	TTN	Likely pathogenic	GRCh38	202412
single nucleotide variant	NM_001267550.2(TTN):c.78697G>T (p.Glu26233Ter)	7273	TTN	Likely pathogenic	GRCh38	202410
single nucleotide variant	NM_001267550.2(TTN):c.78178G>T (p.Glu26060Ter)	7273	TTN	Pathogenic/Likely pathogenic	GRCh38	202409
single nucleotide variant	NM_001267550.2(TTN):c.77437C>T (p.Gln25813Ter)	7273	TTN	Pathogenic/Likely pathogenic	GRCh38	202407
single nucleotide variant	NM_001267550.2(TTN):c.76631G>A (p.Trp25544Ter)	7273	TTN	Likely pathogenic	GRCh38	202522
single nucleotide variant	NM_001267550.2(TTN):c.75328C>T (p.Arg25110Ter)	7273	TTN	Pathogenic/Likely pathogenic	GRCh38	202521
single nucleotide variant	NM_001267550.2(TTN):c.75250C>T (p.Arg25084Ter)	7273	TTN	Pathogenic/Likely pathogenic	GRCh38	202406
single nucleotide variant	NM_001267550.2(TTN):c.74338C>T (p.Arg24780Ter)	7273	TTN	Pathogenic/Likely pathogenic	GRCh38	202405
single nucleotide variant	NM_001267550.2(TTN):c.73846C>T (p.Arg24616Ter)	7273	TTN	Pathogenic/Likely pathogenic	GRCh38	202404
single nucleotide variant	NM_001267550.2(TTN):c.71563G>T (p.Gly23855Ter)	7273	TTN	Pathogenic/Likely pathogenic	GRCh38	202520
single nucleotide variant	NM_001267550.2(TTN):c.70162C>T (p.Arg23388Ter)	7273	TTN	Pathogenic/Likely pathogenic	GRCh38	202402
single nucleotide variant	NM_001267550.2(TTN):c.69716-1G>T	7273	TTN	Pathogenic	GRCh38	202401
single nucleotide variant	NM_001267550.2(TTN):c.69250C>T (p.Arg23084Ter)	7273	TTN	Pathogenic/Likely pathogenic	GRCh38	202400
single nucleotide variant	NM_001267550.2(TTN):c.64999C>T (p.Arg21667Ter)	7273	TTN	Pathogenic/Likely pathogenic	GRCh38	202399
single nucleotide variant	NM_001267550.2(TTN):c.63625C>T (p.Arg21209Ter)	7273	TTN	Pathogenic/Likely pathogenic	GRCh38	202398
single nucleotide variant	NM_001267550.2(TTN):c.63025C>T (p.Arg21009Ter)	7273	TTN	Pathogenic/Likely pathogenic	GRCh38	202518
single nucleotide variant	NM_001267550.2(TTN):c.61555C>T (p.Arg20519Ter)	7273	TTN	Pathogenic/Likely pathogenic	GRCh38	202397
single nucleotide variant	NM_001267550.2(TTN):c.60121C>T (p.Gln20041Ter)	7273	TTN	Pathogenic/Likely pathogenic	GRCh38	202396
single nucleotide variant	NM_001267550.2(TTN):c.59353G>T (p.Glu19785Ter)	7273	TTN	Pathogenic/Likely pathogenic	GRCh38	202393
single nucleotide variant	NM_001267550.2(TTN):c.58270G>T (p.Glu19424Ter)	7273	TTN	Pathogenic/Likely pathogenic	GRCh38	202395
single nucleotide variant	NM_001267550.2(TTN):c.57847+1G>C	7273	TTN	Pathogenic	GRCh38	202394
single nucleotide variant	NM_001267550.2(TTN):c.54560G>A (p.Trp18187Ter)	7273	TTN	Pathogenic/Likely pathogenic	GRCh38	202390
single nucleotide variant	NM_001267550.2(TTN):c.53355G>A (p.Trp17785Ter)	7273	TTN	Pathogenic/Likely pathogenic	GRCh38	202389
single nucleotide variant	NM_001267550.2(TTN):c.52999C>T (p.Gln17667Ter)	7273	TTN	Pathogenic/Likely pathogenic	GRCh38	202388
single nucleotide variant	NM_001267550.2(TTN):c.52473G>A (p.Trp17491Ter)	7273	TTN	Pathogenic/Likely pathogenic	GRCh38	202386
single nucleotide variant	NM_001267550.2(TTN):c.51821C>A (p.Ser17274Ter)	7273	TTN	Pathogenic/Likely pathogenic	GRCh38	202385
single nucleotide variant	NM_001267550.2(TTN):c.51127A>T (p.Lys17043Ter)	7273	TTN	Pathogenic/Likely pathogenic	GRCh38	202383
single nucleotide variant	NM_001267550.2(TTN):c.50860A>T (p.Lys16954Ter)	7273	TTN	Pathogenic/Likely pathogenic	GRCh38	202382
single nucleotide variant	NM_001267550.2(TTN):c.50821G>T (p.Glu16941Ter)	7273	TTN	Likely pathogenic	GRCh38	202381
single nucleotide variant	NM_001267550.2(TTN):c.50552-2A>G	7273	TTN	Likely pathogenic	GRCh38	202380
single nucleotide variant	NM_001267550.2(TTN):c.50296C>T (p.Arg16766Ter)	7273	TTN	Pathogenic/Likely pathogenic	GRCh38	202379
single nucleotide variant	NM_001267550.2(TTN):c.50170C>T (p.Arg16724Ter)	7273	TTN	Pathogenic/Likely pathogenic	GRCh38	202378
single nucleotide variant	NM_001267550.2(TTN):c.50083C>T (p.Arg16695Ter)	7273	TTN	Pathogenic	GRCh38	202377
single nucleotide variant	NM_001267550.2(TTN):c.49958C>G (p.Ser16653Ter)	7273	TTN	Pathogenic/Likely pathogenic	GRCh38	202376
single nucleotide variant	NM_001267550.2(TTN):c.49863C>G (p.Tyr16621Ter)	7273	TTN	Likely pathogenic	GRCh38	2025364
single nucleotide variant	NM_001267550.2(TTN):c.49346-2A>T	7273	TTN	Pathogenic/Likely pathogenic	GRCh38	202374
single nucleotide variant	NM_001267550.2(TTN):c.49100C>A (p.Ser16367Ter)	7273	TTN	Pathogenic/Likely pathogenic	GRCh38	202373
single nucleotide variant	NM_001267550.2(TTN):c.48306G>A (p.Trp16102Ter)	7273	TTN	Pathogenic	GRCh38	202372
single nucleotide variant	NM_001267550.2(TTN):c.48283C>T (p.Arg16095Ter)	7273	TTN	Pathogenic/Likely pathogenic	GRCh38	202371
single nucleotide variant	NM_001267550.2(TTN):c.47479C>T (p.Gln15827Ter)	7273	TTN	Pathogenic/Likely pathogenic	GRCh38	202370
single nucleotide variant	NM_001267550.2(TTN):c.42214C>T (p.Arg14072Ter)	7273	TTN	Likely pathogenic	GRCh38	202364
single nucleotide variant	NM_001267550.2(TTN):c.41793C>A (p.Tyr13931Ter)	7273	TTN	Likely pathogenic	GRCh38	202517
single nucleotide variant	NM_001267550.2(TTN):c.12742C>T (p.Gln4248Ter)	7273	TTN	Likely pathogenic	GRCh38	202432
single nucleotide variant	NM_001267550.2(TTN):c.99034A>T (p.Lys33012Ter)	7273	TTN	Pathogenic/Likely pathogenic	GRCh38	208622
single nucleotide variant	NM_001267550.2(TTN):c.106954C>T (p.Arg35652Ter)	7273	TTN	Pathogenic/Likely pathogenic	GRCh38	242530
single nucleotide variant	NM_001267550.2(TTN):c.88421G>A (p.Trp29474Ter)	7273	TTN	Likely pathogenic	GRCh38	222862
single nucleotide variant	NM_001267550.2(TTN):c.79684C>T (p.Arg26562Ter)	7273	TTN	Pathogenic/Likely pathogenic	GRCh38	222861
single nucleotide variant	NM_001267550.2(TTN):c.68437G>T (p.Glu22813Ter)	7273	TTN	Likely pathogenic	GRCh38	222860
single nucleotide variant	NM_001267550.2(TTN):c.65576-2A>G	7273	TTN	Likely pathogenic	GRCh38	222868
single nucleotide variant	NM_001267550.2(TTN):c.58259G>A (p.Trp19420Ter)	7273	TTN	Likely pathogenic	GRCh38	222859
single nucleotide variant	NM_001267550.2(TTN):c.12757C>T (p.Gln4253Ter)	7273	TTN	Likely pathogenic	GRCh38	223268
single nucleotide variant	NM_001267550.2(TTN):c.45812T>G (p.Leu15271Ter)	7273	TTN	Likely pathogenic	GRCh38	223276
single nucleotide variant	NM_001267550.2(TTN):c.47697C>A (p.Cys15899Ter)	7273	TTN	Pathogenic/Likely pathogenic	GRCh38	223277
single nucleotide variant	NM_001267550.2(TTN):c.47875+1G>A	7273	TTN	Likely pathogenic	GRCh38	223278
single nucleotide variant	NM_001267550.2(TTN):c.48527G>A (p.Trp16176Ter)	7273	TTN	Likely pathogenic	GRCh38	223279
single nucleotide variant	NM_001267550.2(TTN):c.53881+1G>T	7273	TTN	Likely pathogenic	GRCh38	223282
single nucleotide variant	NM_001267550.2(TTN):c.58732+2T>C	7273	TTN	Likely pathogenic	GRCh38	223287
single nucleotide variant	NM_001267550.2(TTN):c.60931C>T (p.Arg20311Ter)	7273	TTN	Pathogenic/Likely pathogenic	GRCh38	223288
single nucleotide variant	NM_001267550.2(TTN):c.69630C>A (p.Tyr23210Ter)	7273	TTN	Likely pathogenic	GRCh38	223289
single nucleotide variant	NM_001267550.2(TTN):c.78184G>T (p.Glu26062Ter)	7273	TTN	Likely pathogenic	GRCh38	223291
single nucleotide variant	NM_001267550.2(TTN):c.85090C>T (p.Arg28364Ter)	7273	TTN	Pathogenic/Likely pathogenic	GRCh38	223295
single nucleotide variant	NM_001267550.2(TTN):c.86967G>A (p.Trp28989Ter)	7273	TTN	Likely pathogenic	GRCh38	223297
single nucleotide variant	NM_001267550.2(TTN):c.92683C>T (p.Arg30895Ter)	7273	TTN	Pathogenic/Likely pathogenic	GRCh38	223300
single nucleotide variant	NM_001267550.2(TTN):c.101996G>A (p.Trp33999Ter)	7273	TTN	Likely pathogenic	GRCh38	223304
single nucleotide variant	NM_001267550.2(TTN):c.49346-1G>A	7273	TTN	Pathogenic/Likely pathogenic	GRCh38	223309
single nucleotide variant	NM_001267550.2(TTN):c.53488G>T (p.Gly17830Ter)	7273	TTN	Likely pathogenic	GRCh38	223311
single nucleotide variant	NM_001267550.2(TTN):c.59627-1G>A	7273	TTN	Likely pathogenic	GRCh38	223313
single nucleotide variant	NM_001267550.2(TTN):c.63601C>T (p.Arg21201Ter)	7273	TTN	Pathogenic/Likely pathogenic	GRCh38	223314
single nucleotide variant	NM_001267550.2(TTN):c.64453C>T (p.Arg21485Ter)	7273	TTN	Pathogenic/Likely pathogenic	GRCh38	223315
single nucleotide variant	NM_001267550.2(TTN):c.69412+1G>A	7273	TTN	Likely pathogenic	GRCh38	223316
single nucleotide variant	NM_001267550.2(TTN):c.87624C>A (p.Tyr29208Ter)	7273	TTN	Pathogenic/Likely pathogenic	GRCh38	223323
single nucleotide variant	NM_001267550.2(TTN):c.93166C>T (p.Arg31056Ter)	7273	TTN	Pathogenic/Likely pathogenic	GRCh38	223326
single nucleotide variant	NM_001267550.2(TTN):c.98506C>T (p.Arg32836Ter)	7273	TTN	Pathogenic/Likely pathogenic	GRCh38	223329
single nucleotide variant	NM_001267550.2(TTN):c.100445C>A (p.Ser33482Ter)	7273	TTN	Likely pathogenic	GRCh38	223330
single nucleotide variant	NM_001267550.2(TTN):c.11912G>A (p.Trp3971Ter)	7273	TTN	Likely pathogenic	GRCh38	223364
single nucleotide variant	NM_001267550.2(TTN):c.13900G>T (p.Glu4634Ter)	7273	TTN	Likely pathogenic	GRCh38	223365
single nucleotide variant	NM_001267550.2(TTN):c.41835T>G (p.Tyr13945Ter)	7273	TTN	Likely pathogenic	GRCh38	223367
single nucleotide variant	NM_001267550.2(TTN):c.44284C>T (p.Arg14762Ter)	7273	TTN	Pathogenic/Likely pathogenic	GRCh38	223369
single nucleotide variant	NM_001267550.2(TTN):c.47692C>T (p.Arg15898Ter)	7273	TTN	Pathogenic/Likely pathogenic	GRCh38	223371
single nucleotide variant	NM_001267550.2(TTN):c.49458G>A (p.Trp16486Ter)	7273	TTN	Likely pathogenic	GRCh38	223372
single nucleotide variant	NM_001267550.2(TTN):c.61495C>T (p.Arg20499Ter)	7273	TTN	Pathogenic/Likely pathogenic	GRCh38	223377
single nucleotide variant	NM_001267550.2(TTN):c.65476G>T (p.Glu21826Ter)	7273	TTN	Likely pathogenic	GRCh38	223378
single nucleotide variant	NM_001267550.2(TTN):c.69877G>T (p.Gly23293Ter)	7273	TTN	Likely pathogenic	GRCh38	223380
single nucleotide variant	NM_001267550.2(TTN):c.73109G>A (p.Trp24370Ter)	7273	TTN	Pathogenic/Likely pathogenic	GRCh38	223381
single nucleotide variant	NM_001267550.2(TTN):c.78991C>T (p.Arg26331Ter)	7273	TTN	Pathogenic/Likely pathogenic	GRCh38	223385
single nucleotide variant	NM_001267550.2(TTN):c.83515C>T (p.Arg27839Ter)	7273	TTN	Pathogenic/Likely pathogenic	GRCh38	223386
single nucleotide variant	NM_001267550.2(TTN):c.84376C>T (p.Gln28126Ter)	7273	TTN	Likely pathogenic	GRCh38	223387
single nucleotide variant	NM_001267550.2(TTN):c.94855C>T (p.Arg31619Ter)	7273	TTN	Pathogenic/Likely pathogenic	GRCh38	223389
single nucleotide variant	NM_001267550.2(TTN):c.106531+2T>A	7273	TTN	Likely pathogenic	GRCh38	242431
single nucleotide variant	NM_001267550.2(TTN):c.67349-2A>C	7273	TTN	Pathogenic/Likely pathogenic	GRCh38	242425
single nucleotide variant	NM_001267550.2(TTN):c.62722C>T (p.Arg20908Ter)	7273	TTN	Pathogenic/Likely pathogenic	GRCh38	242424
single nucleotide variant	NM_001267550.2(TTN):c.99866-1G>A	7273	TTN	Likely pathogenic	GRCh38	228309
single nucleotide variant	NM_001267550.2(TTN):c.96268C>T (p.Gln32090Ter)	7273	TTN	Likely pathogenic	GRCh38	228308
single nucleotide variant	NM_001267550.2(TTN):c.86437G>T (p.Glu28813Ter)	7273	TTN	Pathogenic/Likely pathogenic	GRCh38	228307
single nucleotide variant	NM_001267550.2(TTN):c.85510G>T (p.Glu28504Ter)	7273	TTN	Likely pathogenic	GRCh38	228306
single nucleotide variant	NM_001267550.2(TTN):c.80494G>T (p.Glu26832Ter)	7273	TTN	Likely pathogenic	GRCh38	228305
single nucleotide variant	NM_001267550.2(TTN):c.64397-1G>C	7273	TTN	Likely pathogenic	GRCh38	228303
single nucleotide variant	NM_001267550.2(TTN):c.48761-1G>C	7273	TTN	Likely pathogenic	GRCh38	228300
single nucleotide variant	NM_001267550.2(TTN):c.88067G>A (p.Trp29356Ter)	7273	TTN	Likely pathogenic	GRCh38	238860
single nucleotide variant	NM_001267550.2(TTN):c.86675G>A (p.Trp28892Ter)	7273	TTN	Likely pathogenic	GRCh38	238856
single nucleotide variant	NM_001267550.2(TTN):c.76717C>T (p.Arg25573Ter)	7273	TTN	Pathogenic/Likely pathogenic	GRCh38	238846
single nucleotide variant	NM_001267550.2(TTN):c.69553C>T (p.Arg23185Ter)	7273	TTN	Pathogenic/Likely pathogenic	GRCh38	238830
single nucleotide variant	NM_001267550.2(TTN):c.61921C>T (p.Arg20641Ter)	7273	TTN	Pathogenic/Likely pathogenic	GRCh38	238819
single nucleotide variant	NM_001267550.2(TTN):c.57008C>A (p.Ser19003Ter)	7273	TTN	Likely pathogenic	GRCh38	238805
single nucleotide variant	NM_001267550.2(TTN):c.9112T>C (p.Tyr3038His)	7273	TTN	Likely pathogenic	GRCh38	254164
single nucleotide variant	NM_001267550.2(TTN):c.99496G>T (p.Glu33166Ter)	7273	TTN	Likely pathogenic	GRCh38	263491
single nucleotide variant	NM_001267550.2(TTN):c.89017C>T (p.Arg29673Ter)	7273	TTN	Pathogenic/Likely pathogenic	GRCh38	263764
single nucleotide variant	NM_001267550.2(TTN):c.67637-1G>C	7273	TTN	Likely pathogenic	GRCh38	263509
single nucleotide variant	NM_001267550.2(TTN):c.47494C>T (p.Arg15832Ter)	7273	TTN	Pathogenic/Likely pathogenic	GRCh38	264517
single nucleotide variant	NM_001267550.2(TTN):c.81037C>T (p.Arg27013Ter)	7273	TTN	Pathogenic/Likely pathogenic	GRCh38	265437
single nucleotide variant	NM_001267550.2(TTN):c.49413G>A (p.Trp16471Ter)	7273	TTN	Pathogenic	GRCh38	265700
single nucleotide variant	NM_001267550.2(TTN):c.75727G>T (p.Glu25243Ter)	7273	TTN	Likely pathogenic	GRCh38	265826
single nucleotide variant	NM_001267550.2(TTN):c.61682C>G (p.Ser20561Ter)	7273	TTN	Likely pathogenic	GRCh38	265803
single nucleotide variant	NM_001267550.2(TTN):c.85544T>G (p.Leu28515Ter)	7273	TTN	Pathogenic/Likely pathogenic	GRCh38	280190
single nucleotide variant	NM_001267550.2(TTN):c.82036C>T (p.Gln27346Ter)	7273	TTN	Pathogenic/Likely pathogenic	GRCh38	282174
single nucleotide variant	NM_001267550.2(TTN):c.15922C>T (p.Arg5308Ter)	7273	TTN	Pathogenic/Likely pathogenic	GRCh38	284964
single nucleotide variant	NM_001267550.2(TTN):c.54190+1G>A	7273	TTN	Pathogenic/Likely pathogenic	GRCh38	287661
single nucleotide variant	NM_001267550.2(TTN):c.105754C>T (p.Arg35252Ter)	7273	TTN	Pathogenic/Likely pathogenic	GRCh38	288511
single nucleotide variant	NM_001267550.2(TTN):c.47629C>T (p.Gln15877Ter)	7273	TTN	Likely pathogenic	GRCh38	288797
single nucleotide variant	NM_001267550.2(TTN):c.107205G>A (p.Trp35735Ter)	7273	TTN	Likely pathogenic	GRCh38	290611
single nucleotide variant	NM_001267550.2(TTN):c.104413C>T (p.Arg34805Ter)	7273	TTN	Pathogenic/Likely pathogenic	GRCh38	290707
single nucleotide variant	NM_001267550.2(TTN):c.87554G>A (p.Trp29185Ter)	7273	TTN	Likely pathogenic	GRCh38	373190
single nucleotide variant	NM_001267550.2(TTN):c.100825C>T (p.Arg33609Ter)	7273	TTN	Pathogenic/Likely pathogenic	GRCh38	373074
single nucleotide variant	NM_001267550.2(TTN):c.104653C>T (p.Arg34885Ter)	7273	TTN	Likely pathogenic	GRCh38	372824
single nucleotide variant	NM_001267550.2(TTN):c.64972+1G>T	7273	TTN	Likely pathogenic	GRCh38	372831
single nucleotide variant	NM_001267550.2(TTN):c.74567G>A (p.Trp24856Ter)	7273	TTN	Pathogenic	GRCh38	374037
single nucleotide variant	NM_001267550.2(TTN):c.28001G>A (p.Trp9334Ter)	7273	TTN	Likely pathogenic	GRCh38	374586
single nucleotide variant	NM_001267550.2(TTN):c.30253C>T (p.Gln10085Ter)	7273	TTN	Likely pathogenic	GRCh38	374764
single nucleotide variant	NM_001267550.2(TTN):c.91271-1G>A	7273	TTN	Likely pathogenic	GRCh38	387590
single nucleotide variant	NM_001267550.2(TTN):c.85514T>G (p.Leu28505Ter)	7273	TTN	Likely pathogenic	GRCh38	380206
single nucleotide variant	NM_001267550.2(TTN):c.68498C>G (p.Ser22833Ter)	7273	TTN	Pathogenic/Likely pathogenic	GRCh38	379497
single nucleotide variant	NM_001267550.2(TTN):c.66769+1G>A	7273	TTN	Likely pathogenic	GRCh38	384411
single nucleotide variant	NM_001267550.2(TTN):c.88594+2T>G	7273	TTN	Pathogenic/Likely pathogenic	GRCh38	379823
single nucleotide variant	NM_001267550.2(TTN):c.77212C>T (p.Gln25738Ter)	7273	TTN	Likely pathogenic	GRCh38	389666
single nucleotide variant	NM_001267550.2(TTN):c.84041C>G (p.Ser28014Ter)	7273	TTN	Pathogenic	GRCh38	393212
single nucleotide variant	NM_001267550.2(TTN):c.73443C>A (p.Tyr24481Ter)	7273	TTN	Pathogenic	GRCh38	389537
single nucleotide variant	NM_001267550.2(TTN):c.60733C>T (p.Arg20245Ter)	7273	TTN	Pathogenic/Likely pathogenic	GRCh38	385545
single nucleotide variant	NM_001267550.2(TTN):c.56806C>T (p.Arg18936Ter)	7273	TTN	Pathogenic/Likely pathogenic	GRCh38	381589
single nucleotide variant	NM_001267550.2(TTN):c.52857C>A (p.Cys17619Ter)	7273	TTN	Pathogenic/Likely pathogenic	GRCh38	379746
single nucleotide variant	NM_001267550.2(TTN):c.7516C>T (p.Arg2506Ter)	7273	TTN	Likely pathogenic	GRCh38	391080
single nucleotide variant	NM_001267550.2(TTN):c.87236C>G (p.Ser29079Ter)	7273	TTN	Pathogenic/Likely pathogenic	GRCh38	379344
single nucleotide variant	NM_001267550.2(TTN):c.84255C>A (p.Cys28085Ter)	7273	TTN	Likely pathogenic	GRCh38	388202
single nucleotide variant	NM_001267550.2(TTN):c.76865G>A (p.Trp25622Ter)	7273	TTN	Likely pathogenic	GRCh38	379555
single nucleotide variant	NM_001267550.2(TTN):c.64742G>A (p.Trp21581Ter)	7273	TTN	Likely pathogenic	GRCh38	389160
single nucleotide variant	NM_001267550.2(TTN):c.103374C>A (p.Tyr34458Ter)	7273	TTN	Likely pathogenic	GRCh38	404937
single nucleotide variant	NM_001267550.2(TTN):c.102061C>T (p.Gln34021Ter)	7273	TTN	Likely pathogenic	GRCh38	404847
single nucleotide variant	NM_001267550.2(TTN):c.95805C>A (p.Tyr31935Ter)	7273	TTN	Likely pathogenic	GRCh38	405070
single nucleotide variant	NM_001267550.2(TTN):c.89861G>A (p.Trp29954Ter)	7273	TTN	Likely pathogenic	GRCh38	404812
single nucleotide variant	NM_001267550.2(TTN):c.87559G>T (p.Glu29187Ter)	7273	TTN	Pathogenic	GRCh38	405176
single nucleotide variant	NM_001267550.2(TTN):c.86335C>T (p.Arg28779Ter)	7273	TTN	Pathogenic/Likely pathogenic	GRCh38	405008
single nucleotide variant	NM_001267550.2(TTN):c.82273C>T (p.Gln27425Ter)	7273	TTN	Pathogenic/Likely pathogenic	GRCh38	404958
single nucleotide variant	NM_001267550.2(TTN):c.76654C>T (p.Arg25552Ter)	7273	TTN	Pathogenic/Likely pathogenic	GRCh38	404828
single nucleotide variant	NM_001267550.2(TTN):c.102214T>C (p.Trp34072Arg)	7273	TTN	Pathogenic/Likely pathogenic	GRCh38	405075
single nucleotide variant	NM_001267550.2(TTN):c.90760G>T (p.Gly30254Ter)	7273	TTN	Pathogenic/Likely pathogenic	GRCh38	404920
single nucleotide variant	NM_001267550.2(TTN):c.94816C>T (p.Arg31606Ter)	7273	TTN	Pathogenic/Likely pathogenic	GRCh38	404748
single nucleotide variant	NM_001267550.2(TTN):c.91965C>A (p.Tyr30655Ter)	7273	TTN	Likely pathogenic	GRCh38	404650
single nucleotide variant	NM_001267550.2(TTN):c.56792G>A (p.Trp18931Ter)	7273	TTN	Likely pathogenic	GRCh38	405009
single nucleotide variant	NM_001267550.2(TTN):c.70051C>T (p.Arg23351Ter)	7273	TTN	Pathogenic/Likely pathogenic	GRCh38	405145
single nucleotide variant	NM_001267550.2(TTN):c.45322C>T (p.Arg15108Ter)	7273	TTN	Likely pathogenic	GRCh38	404655
single nucleotide variant	NM_001267550.2(TTN):c.52021C>T (p.Arg17341Ter)	7273	TTN	Pathogenic/Likely pathogenic	GRCh38	405082
single nucleotide variant	NM_001267550.2(TTN):c.66769+2T>A	7273	TTN	Pathogenic/Likely pathogenic	GRCh38	404894
single nucleotide variant	NM_001267550.2(TTN):c.47269+2T>C	7273	TTN	Likely pathogenic	GRCh38	404709
single nucleotide variant	NM_001267550.2(TTN):c.51037G>T (p.Glu17013Ter)	7273	TTN	Likely pathogenic	GRCh38	404929
single nucleotide variant	NM_001267550.2(TTN):c.45156T>A (p.Cys15052Ter)	7273	TTN	Likely pathogenic	GRCh38	404904
single nucleotide variant	NM_001267550.2(TTN):c.30433+2T>G	7273	TTN	Likely pathogenic	GRCh38	404936
single nucleotide variant	NM_001267550.2(TTN):c.19714+1G>T	7273	TTN	Likely pathogenic	GRCh38	404720
single nucleotide variant	NM_001267550.2(TTN):c.3101-2A>T	7273	TTN	Likely pathogenic	GRCh38	404837
single nucleotide variant	NM_001267550.2(TTN):c.16903+2T>C	7273	TTN	Likely pathogenic	GRCh38	405143
single nucleotide variant	NM_001267550.2(TTN):c.100587G>A (p.Trp33529Ter)	7273	TTN	Pathogenic/Likely pathogenic	GRCh38	418978
single nucleotide variant	NM_001267550.2(TTN):c.99502G>T (p.Glu33168Ter)	7273	TTN	Likely pathogenic	GRCh38	421212
single nucleotide variant	NM_001267550.2(TTN):c.95032T>G (p.Cys31678Gly)	7273	TTN	Likely pathogenic	GRCh38	423780
single nucleotide variant	NM_001267550.2(TTN):c.87040C>T (p.Arg29014Ter)	7273	TTN	Pathogenic	GRCh38	420065
single nucleotide variant	NM_001267550.2(TTN):c.86363G>A (p.Trp28788Ter)	7273	TTN	Pathogenic	GRCh38	419359
single nucleotide variant	NM_001267550.2(TTN):c.79793T>G (p.Leu26598Ter)	7273	TTN	Pathogenic/Likely pathogenic	GRCh38	419658
single nucleotide variant	NM_001267550.2(TTN):c.79603C>T (p.Gln26535Ter)	7273	TTN	Pathogenic/Likely pathogenic	GRCh38	419495
single nucleotide variant	NM_001267550.2(TTN):c.78404G>A (p.Trp26135Ter)	7273	TTN	Pathogenic/Likely pathogenic	GRCh38	419135
single nucleotide variant	NM_001267550.2(TTN):c.76278G>A (p.Trp25426Ter)	7273	TTN	Pathogenic/Likely pathogenic	GRCh38	419714
single nucleotide variant	NM_001267550.2(TTN):c.75081G>A (p.Trp25027Ter)	7273	TTN	Likely pathogenic	GRCh38	421131
single nucleotide variant	NM_001267550.2(TTN):c.66767T>G (p.Leu22256Ter)	7273	TTN	Likely pathogenic	GRCh38	420810
single nucleotide variant	NM_001267550.2(TTN):c.60375C>A (p.Tyr20125Ter)	7273	TTN	Likely pathogenic	GRCh38	424458
single nucleotide variant	NM_001267550.2(TTN):c.13117C>T (p.Gln4373Ter)	7273	TTN	Pathogenic/Likely pathogenic	GRCh38	418754
single nucleotide variant	NM_001267550.2(TTN):c.84056C>A (p.Ser28019Ter)	7273	TTN	Likely pathogenic	GRCh38	426430
single nucleotide variant	NM_001267550.2(TTN):c.59977G>T (p.Glu19993Ter)	7273	TTN	Pathogenic/Likely pathogenic	GRCh38	426838
single nucleotide variant	NM_001267550.2(TTN):c.99712C>T (p.Gln33238Ter)	7273	TTN	Pathogenic	GRCh38	429441
single nucleotide variant	NM_001267550.2(TTN):c.89197+1G>C	7273	TTN	Pathogenic/Likely pathogenic	GRCh38	430269
single nucleotide variant	NM_001267550.2(TTN):c.79141A>T (p.Lys26381Ter)	7273	TTN	Likely pathogenic	GRCh38	430400
single nucleotide variant	NM_001267550.2(TTN):c.73504G>T (p.Glu24502Ter)	7273	TTN	Pathogenic	GRCh38	429709
single nucleotide variant	NM_001267550.2(TTN):c.67272C>A (p.Tyr22424Ter)	7273	TTN	Likely pathogenic	GRCh38	429512
single nucleotide variant	NM_001267550.2(TTN):c.66228G>A (p.Trp22076Ter)	7273	TTN	Likely pathogenic	GRCh38	430568
single nucleotide variant	NM_001267550.2(TTN):c.53599G>T (p.Glu17867Ter)	7273	TTN	Pathogenic/Likely pathogenic	GRCh38	429437
single nucleotide variant	NM_001267550.2(TTN):c.51654C>G (p.Tyr17218Ter)	7273	TTN	Pathogenic	GRCh38	429894
single nucleotide variant	NM_001267550.2(TTN):c.100927C>T (p.Gln33643Ter)	7273	TTN	Likely pathogenic	GRCh38	432205
single nucleotide variant	NM_001267550.2(TTN):c.93781C>T (p.Arg31261Ter)	7273	TTN	Likely pathogenic	GRCh38	432214
single nucleotide variant	NM_001267550.2(TTN):c.75469C>T (p.Arg25157Ter)	7273	TTN	Pathogenic/Likely pathogenic	GRCh38	431883
single nucleotide variant	NM_001267550.2(TTN):c.69367G>T (p.Gly23123Ter)	7273	TTN	Likely pathogenic	GRCh38	432102
single nucleotide variant	NM_001267550.2(TTN):c.50619G>A (p.Trp16873Ter)	7273	TTN	Likely pathogenic	GRCh38	432138
single nucleotide variant	NM_001267550.2(TTN):c.42946+1G>T	7273	TTN	Likely pathogenic	GRCh38	432063
single nucleotide variant	NM_001267550.2(TTN):c.15775+1G>A	7273	TTN	Likely pathogenic	GRCh38	431887
single nucleotide variant	NM_001267550.2(TTN):c.75546C>A (p.Tyr25182Ter)	7273	TTN	Pathogenic/Likely pathogenic	GRCh38	446426
single nucleotide variant	NM_001267550.2(TTN):c.64011C>A (p.Tyr21337Ter)	7273	TTN	Pathogenic/Likely pathogenic	GRCh38	446427
single nucleotide variant	NM_001267550.2(TTN):c.106375-2A>G	7273	TTN	Pathogenic/Likely pathogenic	GRCh38	448767
single nucleotide variant	NM_001267550.2(TTN):c.31927+1G>T	7273	TTN	Likely pathogenic	GRCh38	448786
single nucleotide variant	NM_001267550.2(TTN):c.634C>T (p.Gln212Ter)	7273	TTN	Likely pathogenic	GRCh38	448811
single nucleotide variant	NM_001267550.2(TTN):c.95008C>T (p.Arg31670Ter)	7273	TTN	Pathogenic/Likely pathogenic	GRCh38	451733
single nucleotide variant	NM_001267550.2(TTN):c.90370G>T (p.Glu30124Ter)	7273	TTN	Pathogenic/Likely pathogenic	GRCh38	451748
single nucleotide variant	NM_001267550.2(TTN):c.82350T>A (p.Tyr27450Ter)	7273	TTN	Likely pathogenic	GRCh38	452839
single nucleotide variant	NM_001267550.2(TTN):c.80452G>T (p.Glu26818Ter)	7273	TTN	Likely pathogenic	GRCh38	451171
single nucleotide variant	NM_001267550.2(TTN):c.11913G>A (p.Trp3971Ter)	7273	TTN	Likely pathogenic	GRCh38	452343
single nucleotide variant	NM_001267550.2(TTN):c.86016G>A (p.Trp28672Ter)	7273	TTN	Likely pathogenic	GRCh38	466665
single nucleotide variant	NM_001267550.2(TTN):c.93541G>T (p.Glu31181Ter)	7273	TTN	Likely pathogenic	GRCh38	466670
single nucleotide variant	NM_001267550.2(TTN):c.89265G>A (p.Trp29755Ter)	7273	TTN	Pathogenic/Likely pathogenic	GRCh38	466669
single nucleotide variant	NM_001267550.2(TTN):c.77326G>T (p.Glu25776Ter)	7273	TTN	Likely pathogenic	GRCh38	466658
single nucleotide variant	NM_001267550.2(TTN):c.102523C>T (p.Arg34175Ter)	7273	TTN	Pathogenic/Likely pathogenic	GRCh38	464497
single nucleotide variant	NM_001267550.2(TTN):c.100105C>T (p.Gln33369Ter)	7273	TTN	Likely pathogenic	GRCh38	466631
single nucleotide variant	NM_001267550.2(TTN):c.95063T>G (p.Leu31688Ter)	7273	TTN	Likely pathogenic	GRCh38	466671
single nucleotide variant	NM_001267550.2(TTN):c.64915C>T (p.Arg21639Ter)	7273	TTN	Likely pathogenic	GRCh38	466649
single nucleotide variant	NM_001267550.2(TTN):c.88562C>A (p.Ser29521Ter)	7273	TTN	Likely pathogenic	GRCh38	466667
single nucleotide variant	NM_001267550.2(TTN):c.86426C>G (p.Ser28809Ter)	7273	TTN	Likely pathogenic	GRCh38	466666
single nucleotide variant	NM_001267550.2(TTN):c.83345C>G (p.Ser27782Ter)	7273	TTN	Likely pathogenic	GRCh38	466662
single nucleotide variant	NM_001267550.2(TTN):c.54067C>T (p.Arg18023Ter)	7273	TTN	Pathogenic/Likely pathogenic	GRCh38	466638
single nucleotide variant	NM_001267550.2(TTN):c.81943G>T (p.Glu27315Ter)	7273	TTN	Likely pathogenic	GRCh38	466660
single nucleotide variant	NM_001267550.2(TTN):c.79294C>T (p.Arg26432Ter)	7273	TTN	Pathogenic/Likely pathogenic	GRCh38	466659
single nucleotide variant	NM_001267550.2(TTN):c.71002A>T (p.Lys23668Ter)	7273	TTN	Likely pathogenic	GRCh38	466633
single nucleotide variant	NM_001267550.2(TTN):c.70978C>T (p.Arg23660Ter)	7273	TTN	Pathogenic	GRCh38	466655
single nucleotide variant	NM_001267550.2(TTN):c.68943G>A (p.Trp22981Ter)	7273	TTN	Likely pathogenic	GRCh38	466654
single nucleotide variant	NM_001267550.2(TTN):c.60447T>G (p.Tyr20149Ter)	7273	TTN	Likely pathogenic	GRCh38	466647
single nucleotide variant	NM_001267550.2(TTN):c.58870C>T (p.Arg19624Ter)	7273	TTN	Pathogenic/Likely pathogenic	GRCh38	466646
single nucleotide variant	NM_001267550.2(TTN):c.55972C>T (p.Arg18658Ter)	7273	TTN	Likely pathogenic	GRCh38	466641
single nucleotide variant	NM_001267550.2(TTN):c.54812-1G>T	7273	TTN	Likely pathogenic	GRCh38	466639
single nucleotide variant	NM_001267550.2(TTN):c.47894T>A (p.Leu15965Ter)	7273	TTN	Likely pathogenic	GRCh38	466632
single nucleotide variant	NM_001267550.2(TTN):c.35797+1G>T	7273	TTN	Likely pathogenic	GRCh38	467056
single nucleotide variant	NM_001267550.2(TTN):c.8497G>T (p.Glu2833Ter)	7273	TTN	Likely pathogenic	GRCh38	467565
single nucleotide variant	NM_001267550.2(TTN):c.31513+1G>A	7273	TTN	Likely pathogenic	GRCh38	467003
single nucleotide variant	NM_001267550.2(TTN):c.28908C>A (p.Cys9636Ter)	7273	TTN	Likely pathogenic	GRCh38	466983
single nucleotide variant	NM_001267550.2(TTN):c.11311+1G>T	7273	TTN	Likely pathogenic	GRCh38	466781
single nucleotide variant	NM_001267550.2(TTN):c.9988+2T>C	7273	TTN	Likely pathogenic	GRCh38	467713
single nucleotide variant	NM_001267550.2(TTN):c.8220G>A (p.Trp2740Ter)	7273	TTN	Likely pathogenic	GRCh38	467543
single nucleotide variant	NM_001267550.2(TTN):c.3309C>A (p.Cys1103Ter)	7273	TTN	Likely pathogenic	GRCh38	467025
single nucleotide variant	NM_001267550.2(TTN):c.66904C>T (p.Leu22302=)	7273	TTN	Likely pathogenic	GRCh38	487595
single nucleotide variant	NM_001267550.2(TTN):c.68641C>T (p.Arg22881Ter)	7273	TTN	Likely pathogenic	GRCh38	488396
single nucleotide variant	NM_001267550.2(TTN):c.100897C>T (p.Gln33633Ter)	7273	TTN	Likely pathogenic	GRCh38	489006
single nucleotide variant	NM_001267550.2(TTN):c.100886G>A (p.Trp33629Ter)	7273	TTN	Pathogenic/Likely pathogenic	GRCh38	488972
single nucleotide variant	NM_001267550.2(TTN):c.100704C>A (p.Tyr33568Ter)	7273	TTN	Likely pathogenic	GRCh38	489308
single nucleotide variant	NM_001267550.2(TTN):c.90697C>T (p.Arg30233Ter)	7273	TTN	Pathogenic/Likely pathogenic	GRCh38	489066
single nucleotide variant	NM_001267550.2(TTN):c.85768C>T (p.Arg28590Ter)	7273	TTN	Pathogenic/Likely pathogenic	GRCh38	488732
single nucleotide variant	NM_001267550.2(TTN):c.82657G>T (p.Gly27553Ter)	7273	TTN	Pathogenic/Likely pathogenic	GRCh38	488810
single nucleotide variant	NM_001267550.2(TTN):c.70763T>G (p.Leu23588Ter)	7273	TTN	Likely pathogenic	GRCh38	489151
single nucleotide variant	NM_001267550.2(TTN):c.49700C>G (p.Ser16567Ter)	7273	TTN	Likely pathogenic	GRCh38	489208
single nucleotide variant	NM_001267550.2(TTN):c.37906A>T (p.Lys12636Ter)	7273	TTN	Pathogenic	GRCh38	489358
single nucleotide variant	NM_001267550.2(TTN):c.8875C>T (p.Gln2959Ter)	7273	TTN	Likely pathogenic	GRCh38	489001
single nucleotide variant	NM_001267550.2(TTN):c.7762A>T (p.Lys2588Ter)	7273	TTN	Likely pathogenic	GRCh38	488997
single nucleotide variant	NM_001267550.2(TTN):c.22973C>G (p.Ser7658Ter)	7273	TTN	Likely pathogenic	GRCh38	493304
single nucleotide variant	NM_001267550.2(TTN):c.78979C>T (p.Arg26327Ter)	7273	TTN	Pathogenic/Likely pathogenic	GRCh38	498278
single nucleotide variant	NM_001267550.2(TTN):c.85173G>A (p.Trp28391Ter)	7273	TTN	Likely pathogenic	GRCh38	498930
single nucleotide variant	NM_001267550.2(TTN):c.103705A>T (p.Lys34569Ter)	7273	TTN	Pathogenic/Likely pathogenic	GRCh38	499641
single nucleotide variant	NM_001267550.2(TTN):c.56153G>A (p.Trp18718Ter)	7273	TTN	Pathogenic/Likely pathogenic	GRCh38	501266
single nucleotide variant	NM_001267550.2(TTN):c.9654C>G (p.Tyr3218Ter)	7273	TTN	Likely pathogenic	GRCh38	503657
single nucleotide variant	NM_001267550.2(TTN):c.14245C>T (p.Arg4749Ter)	7273	TTN	Likely pathogenic	GRCh38	503655
single nucleotide variant	NM_001267550.2(TTN):c.59693G>A (p.Trp19898Ter)	7273	TTN	Likely pathogenic	GRCh38	504986
single nucleotide variant	NM_001267550.2(TTN):c.107578C>T (p.Gln35860Ter)	7273	TTN	Pathogenic/Likely pathogenic	GRCh38	518510
single nucleotide variant	NM_001267550.2(TTN):c.91565-1G>A	7273	TTN	Likely pathogenic	GRCh38	519177
single nucleotide variant	NM_001267550.2(TTN):c.91113G>A (p.Trp30371Ter)	7273	TTN	Likely pathogenic	GRCh38	519182
single nucleotide variant	NM_001267550.2(TTN):c.88422G>A (p.Trp29474Ter)	7273	TTN	Likely pathogenic	GRCh38	518944
single nucleotide variant	NM_001267550.2(TTN):c.86620G>T (p.Gly28874Ter)	7273	TTN	Likely pathogenic	GRCh38	518963
single nucleotide variant	NM_001267550.2(TTN):c.77227G>T (p.Glu25743Ter)	7273	TTN	Likely pathogenic	GRCh38	519056
single nucleotide variant	NM_001267550.2(TTN):c.75974G>A (p.Trp25325Ter)	7273	TTN	Pathogenic/Likely pathogenic	GRCh38	518953
single nucleotide variant	NM_001267550.2(TTN):c.59460G>A (p.Trp19820Ter)	7273	TTN	Pathogenic/Likely pathogenic	GRCh38	519027
single nucleotide variant	NM_001267550.2(TTN):c.53288-1G>C	7273	TTN	Likely pathogenic	GRCh38	518511
single nucleotide variant	NM_001267550.2(TTN):c.50661C>A (p.Tyr16887Ter)	7273	TTN	Likely pathogenic	GRCh38	519021
single nucleotide variant	NM_001267550.2(TTN):c.49870C>T (p.Arg16624Ter)	7273	TTN	Pathogenic/Likely pathogenic	GRCh38	519047
single nucleotide variant	NM_001267550.2(TTN):c.49858G>T (p.Glu16620Ter)	7273	TTN	Likely pathogenic	GRCh38	518925
single nucleotide variant	NM_001267550.2(TTN):c.45616G>T (p.Glu15206Ter)	7273	TTN	Likely pathogenic	GRCh38	519097
single nucleotide variant	NM_001267550.2(TTN):c.2089A>T (p.Lys697Ter)	7273	TTN	Likely pathogenic	GRCh38	518936
single nucleotide variant	NM_001267550.2(TTN):c.90706G>T (p.Glu30236Ter)	7273	TTN	Pathogenic/Likely pathogenic	GRCh38	520476
single nucleotide variant	NM_001267550.2(TTN):c.51581G>A (p.Trp17194Ter)	7273	TTN	Likely pathogenic	GRCh38	520481
single nucleotide variant	NM_001267550.2(TTN):c.40621A>T (p.Lys13541Ter)	7273	TTN	Likely pathogenic	GRCh38	520478
single nucleotide variant	NM_001267550.2(TTN):c.1771C>T (p.Gln591Ter)	7273	TTN	Pathogenic	GRCh38	522765
single nucleotide variant	NM_001267550.2(TTN):c.3487G>A (p.Gly1163Arg)	7273	TTN	Likely pathogenic	GRCh38	522931
single nucleotide variant	NM_001267550.2(TTN):c.20836+1G>A	7273	TTN	Pathogenic	GRCh38	523428
single nucleotide variant	NM_001267550.2(TTN):c.89993C>A (p.Ser29998Ter)	7273	TTN	Likely pathogenic	GRCh38	523897
single nucleotide variant	NM_001267550.2(TTN):c.74829T>G (p.Tyr24943Ter)	7273	TTN	Likely pathogenic	GRCh38	523908
single nucleotide variant	NM_001267550.2(TTN):c.104515C>T (p.Arg34839Ter)	7273	TTN	Pathogenic/Likely pathogenic	GRCh38	535030
single nucleotide variant	NM_001267550.2(TTN):c.91669C>T (p.Arg30557Ter)	7273	TTN	Pathogenic/Likely pathogenic	GRCh38	534993
single nucleotide variant	NM_001267550.2(TTN):c.92797C>T (p.Gln30933Ter)	7273	TTN	Likely pathogenic	GRCh38	534962
single nucleotide variant	NM_001267550.2(TTN):c.94220-1G>A	7273	TTN	Likely pathogenic	GRCh38	535040
single nucleotide variant	NM_001267550.2(TTN):c.78075C>A (p.Tyr26025Ter)	7273	TTN	Likely pathogenic	GRCh38	535021
single nucleotide variant	NM_001267550.2(TTN):c.82879C>T (p.Gln27627Ter)	7273	TTN	Likely pathogenic	GRCh38	535015
single nucleotide variant	NM_001267550.2(TTN):c.85755T>A (p.Tyr28585Ter)	7273	TTN	Likely pathogenic	GRCh38	535042
single nucleotide variant	NM_001267550.2(TTN):c.74638C>T (p.Gln24880Ter)	7273	TTN	Likely pathogenic	GRCh38	535026
single nucleotide variant	NM_001267550.2(TTN):c.94405A>T (p.Lys31469Ter)	7273	TTN	Pathogenic/Likely pathogenic	GRCh38	535055
single nucleotide variant	NM_001267550.2(TTN):c.67897G>T (p.Glu22633Ter)	7273	TTN	Likely pathogenic	GRCh38	535014
single nucleotide variant	NM_001267550.2(TTN):c.82350T>G (p.Tyr27450Ter)	7273	TTN	Likely pathogenic	GRCh38	535022
single nucleotide variant	NM_001267550.2(TTN):c.60307A>T (p.Arg20103Ter)	7273	TTN	Pathogenic/Likely pathogenic	GRCh38	535018
single nucleotide variant	NM_001267550.2(TTN):c.58874G>A (p.Trp19625Ter)	7273	TTN	Likely pathogenic	GRCh38	534974
single nucleotide variant	NM_001267550.2(TTN):c.63255G>A (p.Trp21085Ter)	7273	TTN	Pathogenic/Likely pathogenic	GRCh38	534991
single nucleotide variant	NM_001267550.2(TTN):c.44913+1G>T	7273	TTN	Likely pathogenic	GRCh38	535047
single nucleotide variant	NM_001267550.2(TTN):c.57388G>T (p.Glu19130Ter)	7273	TTN	Likely pathogenic	GRCh38	535057
single nucleotide variant	NM_001267550.2(TTN):c.48461-2A>C	7273	TTN	Likely pathogenic	GRCh38	535058
single nucleotide variant	NM_001267550.2(TTN):c.12316C>T (p.Gln4106Ter)	7273	TTN	Pathogenic/Likely pathogenic	GRCh38	535052
single nucleotide variant	NM_001267550.2(TTN):c.41609-2A>G	7273	TTN	Likely pathogenic	GRCh38	535031
single nucleotide variant	NM_001267550.2(TTN):c.20837-1G>A	7273	TTN	Likely pathogenic	GRCh38	535185
single nucleotide variant	NM_001267550.2(TTN):c.8365A>T (p.Arg2789Ter)	7273	TTN	Likely pathogenic	GRCh38	535054
single nucleotide variant	NM_001267550.2(TTN):c.81723T>A (p.Tyr27241Ter)	7273	TTN	Pathogenic/Likely pathogenic	GRCh38	577790
single nucleotide variant	NM_001267550.2(TTN):c.104771C>A (p.Ser34924Ter)	7273	TTN	Likely pathogenic	GRCh38	582494
single nucleotide variant	NM_001267550.2(TTN):c.54418C>T (p.Arg18140Ter)	7273	TTN	Pathogenic/Likely pathogenic	GRCh38	579797
single nucleotide variant	NM_001267550.2(TTN):c.90195T>A (p.Tyr30065Ter)	7273	TTN	Likely pathogenic	GRCh38	581908
single nucleotide variant	NM_001267550.2(TTN):c.52512C>G (p.Tyr17504Ter)	7273	TTN	Likely pathogenic	GRCh38	566989
single nucleotide variant	NM_001267550.2(TTN):c.79298G>A (p.Trp26433Ter)	7273	TTN	Likely pathogenic	GRCh38	576041
single nucleotide variant	NM_001267550.2(TTN):c.40409-2A>C	7273	TTN	Pathogenic	GRCh38	577492
single nucleotide variant	NM_001267550.2(TTN):c.64352T>A (p.Leu21451Ter)	7273	TTN	Likely pathogenic	GRCh38	580038
single nucleotide variant	NM_001267550.2(TTN):c.15218-2A>G	7273	TTN	Likely pathogenic	GRCh38	580986
single nucleotide variant	NM_001267550.2(TTN):c.59848C>T (p.Arg19950Ter)	7273	TTN	Likely pathogenic	GRCh38	575441
single nucleotide variant	NM_001267550.2(TTN):c.56257C>T (p.Gln18753Ter)	7273	TTN	Pathogenic/Likely pathogenic	GRCh38	567729
single nucleotide variant	NM_001267550.2(TTN):c.55153C>T (p.Gln18385Ter)	7273	TTN	Likely pathogenic	GRCh38	580120
single nucleotide variant	NM_001267550.2(TTN):c.51843G>A (p.Trp17281Ter)	7273	TTN	Likely pathogenic	GRCh38	567251
single nucleotide variant	NM_001267550.2(TTN):c.1039C>T (p.Gln347Ter)	7273	TTN	Likely pathogenic	GRCh38	582283
single nucleotide variant	NM_001267550.2(TTN):c.103945C>T (p.Arg34649Ter)	7273	TTN	Likely pathogenic	GRCh38	570433
single nucleotide variant	NM_001267550.2(TTN):c.101728G>T (p.Glu33910Ter)	7273	TTN	Likely pathogenic	GRCh38	580335
single nucleotide variant	NM_001267550.2(TTN):c.52009C>T (p.Arg17337Ter)	7273	TTN	Pathogenic/Likely pathogenic	GRCh38	582466
single nucleotide variant	NM_001267550.2(TTN):c.45535A>T (p.Lys15179Ter)	7273	TTN	Likely pathogenic	GRCh38	582605
single nucleotide variant	NM_001267550.2(TTN):c.44035C>T (p.Arg14679Ter)	7273	TTN	Pathogenic/Likely pathogenic	GRCh38	571684
single nucleotide variant	NM_001267550.2(TTN):c.42108C>G (p.Tyr14036Ter)	7273	TTN	Likely pathogenic	GRCh38	573088
single nucleotide variant	NM_001267550.2(TTN):c.12704C>A (p.Ser4235Ter)	7273	TTN	Likely pathogenic	GRCh38	569531
single nucleotide variant	NM_001267550.2(TTN):c.12358C>T (p.Gln4120Ter)	7273	TTN	Likely pathogenic	GRCh38	570055
single nucleotide variant	NM_001267550.2(TTN):c.89503+1G>C	7273	TTN	Likely pathogenic	GRCh38	581746
single nucleotide variant	NM_001267550.2(TTN):c.78634A>T (p.Arg26212Ter)	7273	TTN	Likely pathogenic	GRCh38	573050
single nucleotide variant	NM_001267550.2(TTN):c.59926+1G>A	7273	TTN	Pathogenic/Likely pathogenic	GRCh38	574210
single nucleotide variant	NM_001267550.2(TTN):c.55660C>T (p.Arg18554Ter)	7273	TTN	Likely pathogenic	GRCh38	577369
single nucleotide variant	NM_001267550.2(TTN):c.51649G>T (p.Glu17217Ter)	7273	TTN	Likely pathogenic	GRCh38	573857
single nucleotide variant	NM_001267550.2(TTN):c.32555-1G>A	7273	TTN	Likely pathogenic	GRCh38	574354
single nucleotide variant	NM_001267550.2(TTN):c.7501C>T (p.Arg2501Ter)	7273	TTN	Pathogenic/Likely pathogenic	GRCh38	578280
single nucleotide variant	NM_001267550.2(TTN):c.70876G>T (p.Glu23626Ter)	7273	TTN	Pathogenic	GRCh38	587620
single nucleotide variant	NM_001267550.2(TTN):c.105423C>G (p.Tyr35141Ter)	7273	TTN	Pathogenic/Likely pathogenic	GRCh38	593024
single nucleotide variant	NM_001267550.2(TTN):c.73332C>A (p.Cys24444Ter)	7273	TTN	Likely pathogenic	GRCh38	594080
single nucleotide variant	NM_001267550.2(TTN):c.82732A>T (p.Lys27578Ter)	7273	TTN	Likely pathogenic	GRCh38	594415
single nucleotide variant	NM_001267550.2(TTN):c.99401G>A (p.Trp33134Ter)	7273	TTN	Likely pathogenic	GRCh38	594656
single nucleotide variant	NM_001267550.2(TTN):c.106531+1G>A	7273	TTN	Pathogenic/Likely pathogenic	GRCh38	617573
single nucleotide variant	NM_001267550.2(TTN):c.38737G>T (p.Glu12913Ter)	7273	TTN	Pathogenic/Likely pathogenic	GRCh38	617586
single nucleotide variant	NM_001267550.2(TTN):c.22480T>C (p.Ser7494Pro)	7273	TTN	Likely pathogenic	GRCh38	617582
single nucleotide variant	NM_001267550.2(TTN):c.29963-1G>C	7273	TTN	Pathogenic	GRCh38	619187
single nucleotide variant	NM_001267550.2(TTN):c.101953G>T (p.Glu33985Ter)	7273	TTN	Likely pathogenic	GRCh38	620236
single nucleotide variant	NM_001267550.2(TTN):c.94729G>T (p.Gly31577Ter)	7273	TTN	Likely pathogenic	GRCh38	620415
single nucleotide variant	NM_001267550.2(TTN):c.91035G>A (p.Trp30345Ter)	7273	TTN	Likely pathogenic	GRCh38	620221
single nucleotide variant	NM_001267550.2(TTN):c.83104C>T (p.Arg27702Ter)	7273	TTN	Pathogenic/Likely pathogenic	GRCh38	620095
single nucleotide variant	NM_001267550.2(TTN):c.82548G>A (p.Trp27516Ter)	7273	TTN	Likely pathogenic	GRCh38	620510
single nucleotide variant	NM_001267550.2(TTN):c.81650G>A (p.Trp27217Ter)	7273	TTN	Likely pathogenic	GRCh38	620494
single nucleotide variant	NM_001267550.2(TTN):c.78326G>A (p.Trp26109Ter)	7273	TTN	Likely pathogenic	GRCh38	620315
single nucleotide variant	NM_001267550.2(TTN):c.70714C>T (p.Gln23572Ter)	7273	TTN	Pathogenic/Likely pathogenic	GRCh38	620460
single nucleotide variant	NM_001267550.2(TTN):c.67519C>T (p.Gln22507Ter)	7273	TTN	Likely pathogenic	GRCh38	620171
single nucleotide variant	NM_001267550.2(TTN):c.67415G>A (p.Trp22472Ter)	7273	TTN	Pathogenic	GRCh38	620367
single nucleotide variant	NM_001267550.2(TTN):c.13966C>T (p.Gln4656Ter)	7273	TTN	Likely pathogenic	GRCh38	620266
single nucleotide variant	NM_001267550.2(TTN):c.101107C>T (p.Arg33703Ter)	7273	TTN	Pathogenic/Likely pathogenic	GRCh38	625156
single nucleotide variant	NM_001267550.2(TTN):c.100887G>A (p.Trp33629Ter)	7273	TTN	Likely pathogenic	GRCh38	626396
single nucleotide variant	NM_001267550.2(TTN):c.52601T>A (p.Leu17534Ter)	7273	TTN	Likely pathogenic	GRCh38	626678
single nucleotide variant	NM_001267550.2(TTN):c.3972G>A (p.Trp1324Ter)	7273	TTN	Likely pathogenic	GRCh38	626465
single nucleotide variant	NM_001267550.2(TTN):c.49287C>A (p.Asn16429Lys)	7273	TTN	Likely pathogenic	GRCh38	634902
single nucleotide variant	NM_001267550.2(TTN):c.101943C>G (p.Tyr33981Ter)	7273	TTN	Likely pathogenic	GRCh38	636721
single nucleotide variant	NM_001267550.2(TTN):c.94667G>A (p.Trp31556Ter)	7273	TTN	Pathogenic/Likely pathogenic	GRCh38	636672
single nucleotide variant	NM_001267550.2(TTN):c.90544A>T (p.Lys30182Ter)	7273	TTN	Likely pathogenic	GRCh38	636974
single nucleotide variant	NM_001267550.2(TTN):c.85713G>A (p.Trp28571Ter)	7273	TTN	Likely pathogenic	GRCh38	636725
single nucleotide variant	NM_001267550.2(TTN):c.72227T>A (p.Leu24076Ter)	7273	TTN	Likely pathogenic	GRCh38	636600
single nucleotide variant	NM_001267550.2(TTN):c.53432G>A (p.Trp17811Ter)	7273	TTN	Likely pathogenic	GRCh38	636639
single nucleotide variant	NM_001267550.2(TTN):c.49171C>T (p.Arg16391Ter)	7273	TTN	Likely pathogenic	GRCh38	636978
single nucleotide variant	NM_001267550.2(TTN):c.41383G>T (p.Gly13795Ter)	7273	TTN	Likely pathogenic	GRCh38	636801
single nucleotide variant	NM_001267550.2(TTN):c.9577C>T (p.Arg3193Ter)	7273	TTN	Pathogenic/Likely pathogenic	GRCh38	636337
single nucleotide variant	NM_001267550.2(TTN):c.107284C>T (p.Arg35762Ter)	7273	TTN	Likely pathogenic	GRCh38	640886
single nucleotide variant	NM_001267550.2(TTN):c.103453G>T (p.Glu34485Ter)	7273	TTN	Likely pathogenic	GRCh38	654439
single nucleotide variant	NM_001267550.2(TTN):c.102916A>T (p.Lys34306Ter)	7273	TTN	Likely pathogenic	GRCh38	651158
single nucleotide variant	NM_001267550.2(TTN):c.100390G>T (p.Glu33464Ter)	7273	TTN	Likely pathogenic	GRCh38	654634
single nucleotide variant	NM_001267550.2(TTN):c.95063T>A (p.Leu31688Ter)	7273	TTN	Likely pathogenic	GRCh38	640722
single nucleotide variant	NM_001267550.2(TTN):c.93091G>T (p.Gly31031Ter)	7273	TTN	Likely pathogenic	GRCh38	641590
single nucleotide variant	NM_001267550.2(TTN):c.88825C>T (p.Arg29609Ter)	7273	TTN	Pathogenic/Likely pathogenic	GRCh38	645724
single nucleotide variant	NM_001267550.2(TTN):c.87705C>G (p.Tyr29235Ter)	7273	TTN	Likely pathogenic	GRCh38	647447
single nucleotide variant	NM_001267550.2(TTN):c.85969A>T (p.Lys28657Ter)	7273	TTN	Pathogenic/Likely pathogenic	GRCh38	663697
single nucleotide variant	NM_001267550.2(TTN):c.84819G>A (p.Trp28273Ter)	7273	TTN	Pathogenic	GRCh38	646187
single nucleotide variant	NM_001267550.2(TTN):c.80547T>G (p.Tyr26849Ter)	7273	TTN	Likely pathogenic	GRCh38	656367
single nucleotide variant	NM_001267550.2(TTN):c.79539T>A (p.Tyr26513Ter)	7273	TTN	Likely pathogenic	GRCh38	659362
single nucleotide variant	NM_001267550.2(TTN):c.78249T>G (p.Tyr26083Ter)	7273	TTN	Likely pathogenic	GRCh38	641131
single nucleotide variant	NM_001267550.2(TTN):c.77248C>T (p.Arg25750Ter)	7273	TTN	Likely pathogenic	GRCh38	652709
single nucleotide variant	NM_001267550.2(TTN):c.74041C>T (p.Gln24681Ter)	7273	TTN	Likely pathogenic	GRCh38	649480
single nucleotide variant	NM_001267550.2(TTN):c.70879C>T (p.Gln23627Ter)	7273	TTN	Likely pathogenic	GRCh38	651090
single nucleotide variant	NM_001267550.2(TTN):c.69558G>A (p.Trp23186Ter)	7273	TTN	Likely pathogenic	GRCh38	644439
single nucleotide variant	NM_001267550.2(TTN):c.64318A>T (p.Arg21440Ter)	7273	TTN	Likely pathogenic	GRCh38	653706
single nucleotide variant	NM_001267550.2(TTN):c.64222G>T (p.Glu21408Ter)	7273	TTN	Likely pathogenic	GRCh38	654132
single nucleotide variant	NM_001267550.2(TTN):c.61847G>A (p.Trp20616Ter)	7273	TTN	Likely pathogenic	GRCh38	661338
single nucleotide variant	NM_001267550.2(TTN):c.61324G>T (p.Glu20442Ter)	7273	TTN	Likely pathogenic	GRCh38	655679
single nucleotide variant	NM_001267550.2(TTN):c.56783C>A (p.Ser18928Ter)	7273	TTN	Likely pathogenic	GRCh38	658601
single nucleotide variant	NM_001267550.2(TTN):c.54387G>A (p.Trp18129Ter)	7273	TTN	Likely pathogenic	GRCh38	664781
single nucleotide variant	NM_001267550.2(TTN):c.46285G>T (p.Glu15429Ter)	7273	TTN	Likely pathogenic	GRCh38	655302
single nucleotide variant	NM_001267550.2(TTN):c.41641C>T (p.Arg13881Ter)	7273	TTN	Pathogenic/Likely pathogenic	GRCh38	655573
single nucleotide variant	NM_001267550.2(TTN):c.25783A>T (p.Lys8595Ter)	7273	TTN	Likely pathogenic	GRCh38	654623
single nucleotide variant	NM_001267550.2(TTN):c.24865G>T (p.Gly8289Ter)	7273	TTN	Likely pathogenic	GRCh38	654865
single nucleotide variant	NM_001267550.2(TTN):c.14198G>A (p.Trp4733Ter)	7273	TTN	Likely pathogenic	GRCh38	657765
single nucleotide variant	NM_001267550.2(TTN):c.7955G>A (p.Trp2652Ter)	7273	TTN	Likely pathogenic	GRCh38	656606
single nucleotide variant	NM_001267550.2(TTN):c.5770A>T (p.Lys1924Ter)	7273	TTN	Likely pathogenic	GRCh38	640423
single nucleotide variant	NM_001267550.2(TTN):c.88895-1G>A	7273	TTN	Likely pathogenic	GRCh38	644361
single nucleotide variant	NM_001267550.2(TTN):c.34612+2T>C	7273	TTN	Likely pathogenic	GRCh38	658207
single nucleotide variant	NM_001267550.2(TTN):c.32311+1G>T	7273	TTN	Likely pathogenic	GRCh38	646549
single nucleotide variant	NM_001267550.2(TTN):c.4480+1G>T	7273	TTN	Likely pathogenic	GRCh38	643117
single nucleotide variant	NM_001267550.2(TTN):c.51436+1G>T	7273	TTN	Pathogenic	GRCh38	655710
single nucleotide variant	NM_001267550.2(TTN):c.66464-2A>G	7273	TTN	Likely pathogenic	GRCh38	651330
single nucleotide variant	NM_001267550.2(TTN):c.26482+1G>A	7273	TTN	Likely pathogenic	GRCh38	646531
single nucleotide variant	NM_001267550.2(TTN):c.55121-1G>A	7273	TTN	Likely pathogenic	GRCh38	643167
single nucleotide variant	NM_001267550.2(TTN):c.32554+1G>T	7273	TTN	Likely pathogenic	GRCh38	658232
single nucleotide variant	NM_001267550.2(TTN):c.56347+1G>A	7273	TTN	Likely pathogenic	GRCh38	666352
single nucleotide variant	NM_001267550.2(TTN):c.104947C>T (p.Gln34983Ter)	7273	TTN	Likely pathogenic	GRCh38	667024
single nucleotide variant	NM_001267550.2(TTN):c.82525C>T (p.Arg27509Ter)	7273	TTN	Likely pathogenic	GRCh38	667023
single nucleotide variant	NM_001267550.2(TTN):c.80950G>T (p.Glu26984Ter)	7273	TTN	Likely pathogenic	GRCh38	667017
single nucleotide variant	NM_001267550.2(TTN):c.103857G>A (p.Trp34619Ter)	7273	TTN	Likely pathogenic	GRCh38	684869
single nucleotide variant	NM_001267550.2(TTN):c.81724G>T (p.Glu27242Ter)	7273	TTN	Pathogenic	GRCh38	684876
single nucleotide variant	NM_001267550.2(TTN):c.12268C>T (p.Gln4090Ter)	7273	TTN	Likely pathogenic	GRCh38	684797
single nucleotide variant	NM_001267550.2(TTN):c.70858A>T (p.Arg23620Ter)	7273	TTN	Likely pathogenic	GRCh38	689325
single nucleotide variant	NM_001267550.2(TTN):c.71083G>T (p.Glu23695Ter)	7273	TTN	Likely pathogenic	GRCh38	689532
single nucleotide variant	NM_001267550.2(TTN):c.5383A>T (p.Lys1795Ter)	7273	TTN	Likely pathogenic	GRCh38	689533
single nucleotide variant	NM_001267550.2(TTN):c.103374C>G (p.Tyr34458Ter)	7273	TTN	Likely pathogenic	GRCh38	691673
single nucleotide variant	NM_001267550.2(TTN):c.91034G>A (p.Trp30345Ter)	7273	TTN	Pathogenic	GRCh38	691676
single nucleotide variant	NM_001267550.2(TTN):c.67636+2T>C	7273	TTN	Likely pathogenic	GRCh38	691742
single nucleotide variant	NM_001267550.2(TTN):c.64038T>G (p.Tyr21346Ter)	7273	TTN	Pathogenic	GRCh38	691688
single nucleotide variant	NM_001267550.2(TTN):c.51436C>T (p.Gln17146Ter)	7273	TTN	Pathogenic/Likely pathogenic	GRCh38	691694
single nucleotide variant	NM_001267550.2(TTN):c.72856G>T (p.Gly24286Ter)	7273	TTN	Pathogenic	GRCh38	694545
single nucleotide variant	NM_001267550.2(TTN):c.28174+1G>T	7273	TTN	Likely pathogenic	GRCh38	800911
single nucleotide variant	NM_001267550.2(TTN):c.27607G>T (p.Glu9203Ter)	7273	TTN	Pathogenic/Likely pathogenic	GRCh38	801833
single nucleotide variant	NM_001267550.2(TTN):c.19156C>T (p.Gln6386Ter)	7273	TTN	Pathogenic	GRCh38	801834
single nucleotide variant	NM_001267550.2(TTN):c.669+1G>A	7273	TTN	Pathogenic/Likely pathogenic	GRCh38	801836
single nucleotide variant	NM_001267550.2(TTN):c.105957G>A (p.Trp35319Ter)	7273	TTN	Likely pathogenic	GRCh38	2032826
single nucleotide variant	NM_001267550.2(TTN):c.35876-2A>G	7273	TTN	Likely pathogenic	GRCh38	809024
single nucleotide variant	NM_001267550.2(TTN):c.670-2A>G	7273	TTN	Likely pathogenic	GRCh38	4784130
single nucleotide variant	NM_001267550.2(TTN):c.107351C>G (p.Ser35784Ter)	7273	TTN	Pathogenic/Likely pathogenic	GRCh38	813975
single nucleotide variant	NM_001267550.2(TTN):c.35041G>T (p.Glu11681Ter)	7273	TTN	Pathogenic	GRCh38	813976
single nucleotide variant	NM_001267550.2(TTN):c.67279C>T (p.Arg22427Ter)	7273	TTN	Pathogenic/Likely pathogenic	GRCh38	816836
single nucleotide variant	NM_001267550.2(TTN):c.2370+2T>C	7273	TTN	Pathogenic	GRCh38	816835
single nucleotide variant	NM_001267550.2(TTN):c.89572C>T (p.Gln29858Ter)	7273	TTN	Pathogenic	GRCh38	816961
single nucleotide variant	NM_001267550.2(TTN):c.56495G>A (p.Trp18832Ter)	7273	TTN	Likely pathogenic	GRCh38	817543
single nucleotide variant	NM_001267550.2(TTN):c.8286C>G (p.Tyr2762Ter)	7273	TTN	Likely pathogenic	GRCh38	816978
single nucleotide variant	NM_001267550.2(TTN):c.72088A>T (p.Lys24030Ter)	7273	TTN	Likely pathogenic	GRCh38	830238
single nucleotide variant	NM_001267550.2(TTN):c.100135G>T (p.Glu33379Ter)	7273	TTN	Likely pathogenic	GRCh38	836269
single nucleotide variant	NM_001267550.2(TTN):c.92659C>T (p.Gln30887Ter)	7273	TTN	Pathogenic/Likely pathogenic	GRCh38	857482
single nucleotide variant	NM_001267550.2(TTN):c.90085G>T (p.Glu30029Ter)	7273	TTN	Likely pathogenic	GRCh38	850463
single nucleotide variant	NM_001267550.2(TTN):c.89658C>A (p.Tyr29886Ter)	7273	TTN	Likely pathogenic	GRCh38	855726
single nucleotide variant	NM_001267550.2(TTN):c.86966G>A (p.Trp28989Ter)	7273	TTN	Likely pathogenic	GRCh38	856020
single nucleotide variant	NM_001267550.2(TTN):c.86889G>A (p.Trp28963Ter)	7273	TTN	Likely pathogenic	GRCh38	863974
single nucleotide variant	NM_001267550.2(TTN):c.86528T>G (p.Leu28843Ter)	7273	TTN	Likely pathogenic	GRCh38	847868
single nucleotide variant	NM_001267550.2(TTN):c.85267C>T (p.Arg28423Ter)	7273	TTN	Pathogenic/Likely pathogenic	GRCh38	853671
single nucleotide variant	NM_001267550.2(TTN):c.85150C>T (p.Arg28384Ter)	7273	TTN	Pathogenic/Likely pathogenic	GRCh38	863984
single nucleotide variant	NM_001267550.2(TTN):c.83416C>T (p.Arg27806Ter)	7273	TTN	Pathogenic/Likely pathogenic	GRCh38	864799
single nucleotide variant	NM_001267550.2(TTN):c.80547T>A (p.Tyr26849Ter)	7273	TTN	Likely pathogenic	GRCh38	855481
single nucleotide variant	NM_001267550.2(TTN):c.75231T>A (p.Tyr25077Ter)	7273	TTN	Likely pathogenic	GRCh38	863696
single nucleotide variant	NM_001267550.2(TTN):c.74490G>A (p.Trp24830Ter)	7273	TTN	Likely pathogenic	GRCh38	858410
single nucleotide variant	NM_001267550.2(TTN):c.73792G>T (p.Glu24598Ter)	7273	TTN	Likely pathogenic	GRCh38	856844
single nucleotide variant	NM_001267550.2(TTN):c.67576G>T (p.Glu22526Ter)	7273	TTN	Likely pathogenic	GRCh38	852484
single nucleotide variant	NM_001267550.2(TTN):c.64216A>T (p.Arg21406Ter)	7273	TTN	Likely pathogenic	GRCh38	861663
single nucleotide variant	NM_001267550.2(TTN):c.61369G>T (p.Glu20457Ter)	7273	TTN	Likely pathogenic	GRCh38	859744
single nucleotide variant	NM_001267550.2(TTN):c.60579G>A (p.Trp20193Ter)	7273	TTN	Pathogenic/Likely pathogenic	GRCh38	859532
single nucleotide variant	NM_001267550.2(TTN):c.59841C>A (p.Tyr19947Ter)	7273	TTN	Likely pathogenic	GRCh38	835693
single nucleotide variant	NM_001267550.2(TTN):c.57718C>T (p.Arg19240Ter)	7273	TTN	Pathogenic/Likely pathogenic	GRCh38	839183
single nucleotide variant	NM_001267550.2(TTN):c.55796C>A (p.Ser18599Ter)	7273	TTN	Likely pathogenic	GRCh38	847630
single nucleotide variant	NM_001267550.2(TTN):c.55036A>T (p.Arg18346Ter)	7273	TTN	Likely pathogenic	GRCh38	842380
single nucleotide variant	NM_001267550.2(TTN):c.54481C>T (p.Gln18161Ter)	7273	TTN	Likely pathogenic	GRCh38	854296
single nucleotide variant	NM_001267550.2(TTN):c.53374G>T (p.Gly17792Ter)	7273	TTN	Likely pathogenic	GRCh38	843809
single nucleotide variant	NM_001267550.2(TTN):c.51958C>T (p.Gln17320Ter)	7273	TTN	Likely pathogenic	GRCh38	846211
single nucleotide variant	NM_001267550.2(TTN):c.50358T>A (p.Tyr16786Ter)	7273	TTN	Likely pathogenic	GRCh38	853931
single nucleotide variant	NM_001267550.2(TTN):c.50095C>T (p.Gln16699Ter)	7273	TTN	Likely pathogenic	GRCh38	862652
single nucleotide variant	NM_001267550.2(TTN):c.49758T>G (p.Tyr16586Ter)	7273	TTN	Likely pathogenic	GRCh38	837835
single nucleotide variant	NM_001267550.2(TTN):c.46459C>T (p.Gln15487Ter)	7273	TTN	Likely pathogenic	GRCh38	839393
single nucleotide variant	NM_001267550.2(TTN):c.46272C>A (p.Tyr15424Ter)	7273	TTN	Pathogenic/Likely pathogenic	GRCh38	842206
single nucleotide variant	NM_001267550.2(TTN):c.42949C>T (p.Arg14317Ter)	7273	TTN	Likely pathogenic	GRCh38	841268
single nucleotide variant	NM_001267550.2(TTN):c.42205C>T (p.Arg14069Ter)	7273	TTN	Pathogenic/Likely pathogenic	GRCh38	861552
single nucleotide variant	NM_001267550.2(TTN):c.57544+1G>A	7273	TTN	Likely pathogenic	GRCh38	844812
single nucleotide variant	NM_001267550.2(TTN):c.39463+1G>C	7273	TTN	Likely pathogenic	GRCh38	861633
single nucleotide variant	NM_001267550.2(TTN):c.33910+1G>T	7273	TTN	Likely pathogenic	GRCh38	850880
single nucleotide variant	NM_001267550.2(TTN):c.670-1G>A	7273	TTN	Likely pathogenic	GRCh38	858639
single nucleotide variant	NM_001267550.2(TTN):c.56348-1G>A	7273	TTN	Likely pathogenic	GRCh38	858441
single nucleotide variant	NM_001267550.2(TTN):c.54811+1G>A	7273	TTN	Likely pathogenic	GRCh38	849575
single nucleotide variant	NM_001267550.2(TTN):c.100766-2A>T	7273	TTN	Likely pathogenic	GRCh38	838394
single nucleotide variant	NM_001267550.2(TTN):c.55432+1G>A	7273	TTN	Likely pathogenic	GRCh38	862487
single nucleotide variant	NM_001267550.2(TTN):c.32887+1G>A	7273	TTN	Likely pathogenic	GRCh38	840250
single nucleotide variant	NM_001267550.2(TTN):c.85818T>A (p.Tyr28606Ter)	7273	TTN	Pathogenic	GRCh38	870629
single nucleotide variant	NM_001267550.2(TTN):c.32312-1G>A	7273	TTN	Pathogenic/Likely pathogenic	GRCh38	870628
single nucleotide variant	NM_001267550.2(TTN):c.83439T>G (p.Tyr27813Ter)	7273	TTN	Likely pathogenic	GRCh38	871995
single nucleotide variant	NM_001267550.2(TTN):c.52684A>T (p.Lys17562Ter)	7273	TTN	Pathogenic	GRCh38	870881
single nucleotide variant	NM_001267550.2(TTN):c.39625+1G>T	7273	TTN	Likely pathogenic	GRCh38	4794427
single nucleotide variant	NM_001267550.2(TTN):c.37135C>T (p.Gln12379Ter)	7273	TTN	Likely pathogenic	GRCh38	870891
single nucleotide variant	NM_001267550.2(TTN):c.69225T>A (p.Tyr23075Ter)	7273	TTN	Likely pathogenic	GRCh38	915629
single nucleotide variant	NM_001267550.2(TTN):c.53648G>A (p.Trp17883Ter)	7273	TTN	Likely pathogenic	GRCh38	915636
single nucleotide variant	NM_001267550.2(TTN):c.49345+1G>A	7273	TTN	Pathogenic	GRCh38	915698
single nucleotide variant	NM_001267550.2(TTN):c.33055G>T (p.Glu11019Ter)	7273	TTN	Likely pathogenic	GRCh38	917623
single nucleotide variant	NM_001267550.2(TTN):c.106358G>A (p.Trp35453Ter)	7273	TTN	Pathogenic	GRCh38	952750
single nucleotide variant	NM_001267550.2(TTN):c.98623C>T (p.Gln32875Ter)	7273	TTN	Likely pathogenic	GRCh38	948752
single nucleotide variant	NM_001267550.2(TTN):c.95992G>T (p.Glu31998Ter)	7273	TTN	Likely pathogenic	GRCh38	944764
single nucleotide variant	NM_001267550.2(TTN):c.92962A>T (p.Arg30988Ter)	7273	TTN	Likely pathogenic	GRCh38	945546
single nucleotide variant	NM_001267550.2(TTN):c.87734G>A (p.Trp29245Ter)	7273	TTN	Likely pathogenic	GRCh38	950087
single nucleotide variant	NM_001267550.2(TTN):c.79371T>A (p.Tyr26457Ter)	7273	TTN	Likely pathogenic	GRCh38	948020
single nucleotide variant	NM_001267550.2(TTN):c.72945C>G (p.Tyr24315Ter)	7273	TTN	Pathogenic/Likely pathogenic	GRCh38	950960
single nucleotide variant	NM_001267550.2(TTN):c.67397C>A (p.Ser22466Ter)	7273	TTN	Likely pathogenic	GRCh38	945890
single nucleotide variant	NM_001267550.2(TTN):c.66079C>T (p.Gln22027Ter)	7273	TTN	Pathogenic/Likely pathogenic	GRCh38	947715
single nucleotide variant	NM_001267550.2(TTN):c.57250A>T (p.Lys19084Ter)	7273	TTN	Likely pathogenic	GRCh38	947492
single nucleotide variant	NM_001267550.2(TTN):c.55235G>A (p.Trp18412Ter)	7273	TTN	Likely pathogenic	GRCh38	951258
single nucleotide variant	NM_001267550.2(TTN):c.55117C>T (p.Gln18373Ter)	7273	TTN	Likely pathogenic	GRCh38	950563
single nucleotide variant	NM_001267550.2(TTN):c.48499C>T (p.Arg16167Ter)	7273	TTN	Likely pathogenic	GRCh38	947169
single nucleotide variant	NM_001267550.2(TTN):c.103771C>T (p.Arg34591Ter)	7273	TTN	Pathogenic/Likely pathogenic	GRCh38	934781
single nucleotide variant	NM_001267550.2(TTN):c.103765C>T (p.Gln34589Ter)	7273	TTN	Likely pathogenic	GRCh38	934391
single nucleotide variant	NM_001267550.2(TTN):c.94332G>A (p.Trp31444Ter)	7273	TTN	Likely pathogenic	GRCh38	937964
single nucleotide variant	NM_001267550.2(TTN):c.81254C>G (p.Ser27085Ter)	7273	TTN	Likely pathogenic	GRCh38	941792
single nucleotide variant	NM_001267550.2(TTN):c.80445C>A (p.Tyr26815Ter)	7273	TTN	Likely pathogenic	GRCh38	940359
single nucleotide variant	NM_001267550.2(TTN):c.79801G>T (p.Gly26601Ter)	7273	TTN	Likely pathogenic	GRCh38	943602
single nucleotide variant	NM_001267550.2(TTN):c.79717G>T (p.Glu26573Ter)	7273	TTN	Likely pathogenic	GRCh38	935729
single nucleotide variant	NM_001267550.2(TTN):c.76737T>A (p.Tyr25579Ter)	7273	TTN	Likely pathogenic	GRCh38	939545
single nucleotide variant	NM_001267550.2(TTN):c.73911G>A (p.Trp24637Ter)	7273	TTN	Likely pathogenic	GRCh38	933436
single nucleotide variant	NM_001267550.2(TTN):c.63010G>T (p.Glu21004Ter)	7273	TTN	Pathogenic/Likely pathogenic	GRCh38	936945
single nucleotide variant	NM_001267550.2(TTN):c.56572C>T (p.Arg18858Ter)	7273	TTN	Pathogenic/Likely pathogenic	GRCh38	941144
single nucleotide variant	NM_001267550.2(TTN):c.54000G>A (p.Trp18000Ter)	7273	TTN	Pathogenic	GRCh38	940605
single nucleotide variant	NM_001267550.2(TTN):c.28739C>A (p.Ser9580Ter)	7273	TTN	Likely pathogenic	GRCh38	942591
single nucleotide variant	NM_001267550.2(TTN):c.64672+1G>A	7273	TTN	Likely pathogenic	GRCh38	936602
single nucleotide variant	NM_001267550.2(TTN):c.48312+2T>C	7273	TTN	Likely pathogenic	GRCh38	938052
single nucleotide variant	NM_001267550.2(TTN):c.27886+1G>T	7273	TTN	Likely pathogenic	GRCh38	940890
single nucleotide variant	NM_001267550.2(TTN):c.9164-1G>A	7273	TTN	Likely pathogenic	GRCh38	942752
single nucleotide variant	NM_001267550.2(TTN):c.3729+1G>A	7273	TTN	Likely pathogenic	GRCh38	943674
single nucleotide variant	NM_001267550.2(TTN):c.107377+1G>C	7273	TTN	Pathogenic/Likely pathogenic	GRCh38	949939
single nucleotide variant	NM_001267550.2(TTN):c.58432+2T>C	7273	TTN	Likely pathogenic	GRCh38	952351
single nucleotide variant	NM_001267550.2(TTN):c.53582-1G>A	7273	TTN	Likely pathogenic	GRCh38	945279
single nucleotide variant	NM_001267550.2(TTN):c.41329+1G>T	7273	TTN	Likely pathogenic	GRCh38	951242
single nucleotide variant	NM_001267550.2(TTN):c.1536+1G>A	7273	TTN	Likely pathogenic	GRCh38	944742
single nucleotide variant	NM_001267550.2(TTN):c.104827C>T (p.Arg34943Ter)	7273	TTN	Likely pathogenic	GRCh38	954597
single nucleotide variant	NM_001267550.2(TTN):c.93337C>T (p.Gln31113Ter)	7273	TTN	Likely pathogenic	GRCh38	963853
single nucleotide variant	NM_001267550.2(TTN):c.89118C>A (p.Tyr29706Ter)	7273	TTN	Likely pathogenic	GRCh38	955330
single nucleotide variant	NM_001267550.2(TTN):c.88204C>T (p.Gln29402Ter)	7273	TTN	Likely pathogenic	GRCh38	961161
single nucleotide variant	NM_001267550.2(TTN):c.87852G>A (p.Trp29284Ter)	7273	TTN	Likely pathogenic	GRCh38	953446
single nucleotide variant	NM_001267550.2(TTN):c.82822G>T (p.Glu27608Ter)	7273	TTN	Likely pathogenic	GRCh38	956563
single nucleotide variant	NM_001267550.2(TTN):c.79878G>A (p.Trp26626Ter)	7273	TTN	Likely pathogenic	GRCh38	956938
single nucleotide variant	NM_001267550.2(TTN):c.68664G>A (p.Trp22888Ter)	7273	TTN	Likely pathogenic	GRCh38	958293
single nucleotide variant	NM_001267550.2(TTN):c.66008G>A (p.Trp22003Ter)	7273	TTN	Likely pathogenic	GRCh38	955297
single nucleotide variant	NM_001267550.2(TTN):c.62655G>A (p.Trp20885Ter)	7273	TTN	Likely pathogenic	GRCh38	964612
single nucleotide variant	NM_001267550.2(TTN):c.55351C>T (p.Arg18451Ter)	7273	TTN	Pathogenic/Likely pathogenic	GRCh38	958943
single nucleotide variant	NM_001267550.2(TTN):c.41436G>A (p.Trp13812Ter)	7273	TTN	Likely pathogenic	GRCh38	959245
single nucleotide variant	NM_001267550.2(TTN):c.31164C>A (p.Tyr10388Ter)	7273	TTN	Likely pathogenic	GRCh38	959384
single nucleotide variant	NM_001267550.2(TTN):c.27466C>T (p.Gln9156Ter)	7273	TTN	Likely pathogenic	GRCh38	956284
single nucleotide variant	NM_001267550.2(TTN):c.79912C>T (p.Gln26638Ter)	7273	TTN	Likely pathogenic	GRCh38	969392
single nucleotide variant	NM_001267550.2(TTN):c.77157G>A (p.Trp25719Ter)	7273	TTN	Likely pathogenic	GRCh38	964791
single nucleotide variant	NM_001267550.2(TTN):c.54957G>A (p.Trp18319Ter)	7273	TTN	Likely pathogenic	GRCh38	965622
single nucleotide variant	NM_001267550.2(TTN):c.47487C>A (p.Tyr15829Ter)	7273	TTN	Likely pathogenic	GRCh38	972188
single nucleotide variant	NM_001267550.2(TTN):c.34207G>T (p.Glu11403Ter)	7273	TTN	Likely pathogenic	GRCh38	967214
single nucleotide variant	NM_001267550.2(TTN):c.66160+1G>T	7273	TTN	Likely pathogenic	GRCh38	954598
single nucleotide variant	NM_001267550.2(TTN):c.52706-1G>C	7273	TTN	Likely pathogenic	GRCh38	963944
single nucleotide variant	NM_001267550.2(TTN):c.39380-1G>C	7273	TTN	Likely pathogenic	GRCh38	954756
single nucleotide variant	NM_001267550.2(TTN):c.97560G>A (p.Trp32520Ter)	7273	TTN	Pathogenic	GRCh38	975933
single nucleotide variant	NM_001267550.2(TTN):c.69838C>T (p.Gln23280Ter)	7273	TTN	Likely pathogenic	GRCh38	977738
single nucleotide variant	NM_001267550.2(TTN):c.16054G>A (p.Asp5352Asn)	7273	TTN	Pathogenic/Likely pathogenic	GRCh38	978037
single nucleotide variant	NM_001267550.2(TTN):c.94291G>T (p.Glu31431Ter)	7273	TTN	Pathogenic/Likely pathogenic	GRCh38	978336
single nucleotide variant	NM_001267550.2(TTN):c.68823C>A (p.Tyr22941Ter)	7273	TTN	Pathogenic	GRCh38	978334
single nucleotide variant	NM_001267550.2(TTN):c.65890A>T (p.Lys21964Ter)	7273	TTN	Pathogenic	GRCh38	978335
single nucleotide variant	NM_001267550.2(TTN):c.56831T>A (p.Leu18944Ter)	7273	TTN	Pathogenic	GRCh38	978285
single nucleotide variant	NM_001267550.2(TTN):c.55639C>T (p.Gln18547Ter)	7273	TTN	Pathogenic/Likely pathogenic	GRCh38	978287
single nucleotide variant	NM_001267550.2(TTN):c.61009G>T (p.Glu20337Ter)	7273	TTN	Likely pathogenic	GRCh38	982684
single nucleotide variant	NM_001267550.2(TTN):c.96377G>A (p.Trp32126Ter)	7273	TTN	Likely pathogenic	GRCh38	986349
single nucleotide variant	NM_001267550.2(TTN):c.38767A>T (p.Lys12923Ter)	7273	TTN	Likely pathogenic	GRCh38	986355
single nucleotide variant	NM_001267550.2(TTN):c.39974-11T>G	7273	TTN	Pathogenic/Likely pathogenic	GRCh38	987382
single nucleotide variant	NM_001267550.2(TTN):c.66753T>G (p.Tyr22251Ter)	7273	TTN	Likely pathogenic	GRCh38	992763
single nucleotide variant	NM_001267550.2(TTN):c.82208C>G (p.Ser27403Ter)	7273	TTN	Likely pathogenic	GRCh38	993722
single nucleotide variant	NM_001267550.2(TTN):c.48160+1G>A	7273	TTN	Likely pathogenic	GRCh38	996000
single nucleotide variant	NM_001267550.2(TTN):c.26764C>T (p.Arg8922Ter)	7273	TTN	Pathogenic/Likely pathogenic	GRCh38	996782
single nucleotide variant	NM_001267550.2(TTN):c.7594+2T>A	7273	TTN	Likely pathogenic	GRCh38	1002151
single nucleotide variant	NM_001267550.2(TTN):c.94754T>G (p.Leu31585Ter)	7273	TTN	Pathogenic	GRCh38	1012354
single nucleotide variant	NM_001267550.2(TTN):c.81274C>T (p.Gln27092Ter)	7273	TTN	Pathogenic	GRCh38	1012335
single nucleotide variant	NM_001267550.2(TTN):c.68302A>T (p.Lys22768Ter)	7273	TTN	Pathogenic	GRCh38	1012352
single nucleotide variant	NM_001267550.2(TTN):c.49669A>T (p.Lys16557Ter)	7273	TTN	Pathogenic	GRCh38	1012351
single nucleotide variant	NM_001267550.2(TTN):c.39818-1G>C	7273	TTN	Likely pathogenic	GRCh38	1024897
single nucleotide variant	NM_001267550.2(TTN):c.32312-1G>C	7273	TTN	Pathogenic	GRCh38	1016464
single nucleotide variant	NM_001267550.2(TTN):c.26287G>T (p.Glu8763Ter)	7273	TTN	Pathogenic	GRCh38	1015906
single nucleotide variant	NM_001267550.2(TTN):c.22356G>A (p.Trp7452Ter)	7273	TTN	Likely pathogenic	GRCh38	1018018
single nucleotide variant	NM_001267550.2(TTN):c.22240+1G>A	7273	TTN	Likely pathogenic	GRCh38	1017515
single nucleotide variant	NM_001267550.2(TTN):c.19581C>A (p.Tyr6527Ter)	7273	TTN	Likely pathogenic	GRCh38	1015604
single nucleotide variant	NM_001267550.2(TTN):c.6381C>G (p.Tyr2127Ter)	7273	TTN	Likely pathogenic	GRCh38	1015491
single nucleotide variant	NM_001267550.2(TTN):c.4880G>A (p.Trp1627Ter)	7273	TTN	Likely pathogenic	GRCh38	1020457
single nucleotide variant	NM_001267550.2(TTN):c.4537C>T (p.Gln1513Ter)	7273	TTN	Likely pathogenic	GRCh38	1018433
single nucleotide variant	NM_001267550.2(TTN):c.107224-1G>C	7273	TTN	Pathogenic/Likely pathogenic	GRCh38	1030169
single nucleotide variant	NM_001267550.2(TTN):c.91920G>A (p.Trp30640Ter)	7273	TTN	Pathogenic/Likely pathogenic	GRCh38	1030165
single nucleotide variant	NM_001267550.2(TTN):c.91564+2T>C	7273	TTN	Likely pathogenic	GRCh38	1029101
single nucleotide variant	NM_001267550.2(TTN):c.86822-2A>G	7273	TTN	Likely pathogenic	GRCh38	1029099
single nucleotide variant	NM_001267550.2(TTN):c.10115-1G>C	7273	TTN	Likely pathogenic	GRCh38	1029072
single nucleotide variant	NM_001267550.2(TTN):c.45730G>T (p.Glu15244Ter)	7273	TTN	Likely pathogenic	GRCh38	1039000
single nucleotide variant	NM_001267550.2(TTN):c.45350-1G>C	7273	TTN	Likely pathogenic	GRCh38	1039997
single nucleotide variant	NM_001267550.2(TTN):c.44878C>T (p.Arg14960Ter)	7273	TTN	Likely pathogenic	GRCh38	1043359
single nucleotide variant	NM_001267550.2(TTN):c.42343C>T (p.Gln14115Ter)	7273	TTN	Likely pathogenic	GRCh38	1039770
single nucleotide variant	NM_001267550.2(TTN):c.33827-1G>A	7273	TTN	Likely pathogenic	GRCh38	1042437
single nucleotide variant	NM_001267550.2(TTN):c.30598+1G>C	7273	TTN	Likely pathogenic	GRCh38	1045640
single nucleotide variant	NM_001267550.2(TTN):c.21961+1G>C	7273	TTN	Likely pathogenic	GRCh38	1037581
single nucleotide variant	NM_001267550.2(TTN):c.12850C>T (p.Gln4284Ter)	7273	TTN	Likely pathogenic	GRCh38	1038032
single nucleotide variant	NM_001267550.2(TTN):c.3457G>T (p.Glu1153Ter)	7273	TTN	Likely pathogenic	GRCh38	1045655
single nucleotide variant	NM_001267550.2(TTN):c.1489G>T (p.Glu497Ter)	7273	TTN	Likely pathogenic	GRCh38	1045386
single nucleotide variant	NM_001267550.2(TTN):c.826C>T (p.Gln276Ter)	7273	TTN	Likely pathogenic	GRCh38	1048771
single nucleotide variant	NM_001267550.2(TTN):c.46697-1G>T	7273	TTN	Likely pathogenic	GRCh38	1062571
single nucleotide variant	NM_001267550.2(TTN):c.46603C>T (p.Arg15535Ter)	7273	TTN	Pathogenic/Likely pathogenic	GRCh38	1061173
single nucleotide variant	NM_001267550.2(TTN):c.45349+1G>A	7273	TTN	Likely pathogenic	GRCh38	1063981
single nucleotide variant	NM_001267550.2(TTN):c.43750G>T (p.Gly14584Ter)	7273	TTN	Likely pathogenic	GRCh38	1062000
single nucleotide variant	NM_001267550.2(TTN):c.42097G>T (p.Glu14033Ter)	7273	TTN	Likely pathogenic	GRCh38	1051070
single nucleotide variant	NM_001267550.2(TTN):c.42024+1G>C	7273	TTN	Likely pathogenic	GRCh38	1059014
single nucleotide variant	NM_001267550.2(TTN):c.34837G>T (p.Glu11613Ter)	7273	TTN	Likely pathogenic	GRCh38	1055997
single nucleotide variant	NM_001267550.2(TTN):c.28499C>G (p.Ser9500Ter)	7273	TTN	Likely pathogenic	GRCh38	1062794
single nucleotide variant	NM_001267550.2(TTN):c.26067C>G (p.Tyr8689Ter)	7273	TTN	Likely pathogenic	GRCh38	1060561
single nucleotide variant	NM_001267550.2(TTN):c.25639+2T>G	7273	TTN	Likely pathogenic	GRCh38	1052448
single nucleotide variant	NM_001267550.2(TTN):c.24890G>A (p.Trp8297Ter)	7273	TTN	Likely pathogenic	GRCh38	1055616
single nucleotide variant	NM_001267550.2(TTN):c.21116-1G>A	7273	TTN	Likely pathogenic	GRCh38	1053732
single nucleotide variant	NM_001267550.2(TTN):c.19306G>T (p.Glu6436Ter)	7273	TTN	Likely pathogenic	GRCh38	1057093
single nucleotide variant	NM_001267550.2(TTN):c.17967C>G (p.Tyr5989Ter)	7273	TTN	Likely pathogenic	GRCh38	1052471
single nucleotide variant	NM_001267550.2(TTN):c.15324G>A (p.Trp5108Ter)	7273	TTN	Likely pathogenic	GRCh38	1057256
single nucleotide variant	NM_001267550.2(TTN):c.9270G>A (p.Trp3090Ter)	7273	TTN	Likely pathogenic	GRCh38	1062914
single nucleotide variant	NM_001267550.2(TTN):c.7450C>T (p.Gln2484Ter)	7273	TTN	Likely pathogenic	GRCh38	1052411
single nucleotide variant	NM_001267550.2(TTN):c.3664C>T (p.Gln1222Ter)	7273	TTN	Likely pathogenic	GRCh38	1057681
single nucleotide variant	NM_001267550.2(TTN):c.3344G>A (p.Trp1115Ter)	7273	TTN	Pathogenic	GRCh38	1057336
single nucleotide variant	NM_001267550.2(TTN):c.83497G>T (p.Gly27833Ter)	7273	TTN	Pathogenic	GRCh38	1065188
single nucleotide variant	NM_001267550.2(TTN):c.69522T>G (p.Tyr23174Ter)	7273	TTN	Pathogenic	GRCh38	1065189
single nucleotide variant	NM_001267550.2(TTN):c.13592C>G (p.Ser4531Ter)	7273	TTN	Pathogenic	GRCh38	1065191
single nucleotide variant	NM_001267550.2(TTN):c.107789G>A (p.Trp35930Ter)	7273	TTN	Likely pathogenic	GRCh38	1067903
single nucleotide variant	NM_001267550.2(TTN):c.106279C>T (p.Gln35427Ter)	7273	TTN	Pathogenic/Likely pathogenic	GRCh38	1068341
single nucleotide variant	NM_001267550.2(TTN):c.101687C>A (p.Ser33896Ter)	7273	TTN	Pathogenic/Likely pathogenic	GRCh38	1066477
single nucleotide variant	NM_001267550.2(TTN):c.101208G>A (p.Trp33736Ter)	7273	TTN	Likely pathogenic	GRCh38	1068313
single nucleotide variant	NM_001267550.2(TTN):c.99610G>T (p.Glu33204Ter)	7273	TTN	Likely pathogenic	GRCh38	1068431
single nucleotide variant	NM_001267550.2(TTN):c.98803G>T (p.Glu32935Ter)	7273	TTN	Likely pathogenic	GRCh38	1066392
single nucleotide variant	NM_001267550.2(TTN):c.96937C>T (p.Gln32313Ter)	7273	TTN	Likely pathogenic	GRCh38	1066881
single nucleotide variant	NM_001267550.2(TTN):c.96669G>A (p.Trp32223Ter)	7273	TTN	Pathogenic/Likely pathogenic	GRCh38	1068361
single nucleotide variant	NM_001267550.2(TTN):c.95872C>T (p.Arg31958Ter)	7273	TTN	Pathogenic/Likely pathogenic	GRCh38	1067228
single nucleotide variant	NM_001267550.2(TTN):c.95723-2A>C	7273	TTN	Likely pathogenic	GRCh38	1067068
single nucleotide variant	NM_001267550.2(TTN):c.91025C>A (p.Ser30342Ter)	7273	TTN	Likely pathogenic	GRCh38	1067543
single nucleotide variant	NM_001267550.2(TTN):c.90910A>T (p.Arg30304Ter)	7273	TTN	Likely pathogenic	GRCh38	1067182
single nucleotide variant	NM_001267550.2(TTN):c.90058G>T (p.Glu30020Ter)	7273	TTN	Likely pathogenic	GRCh38	1067594
single nucleotide variant	NM_001267550.2(TTN):c.89827A>T (p.Lys29943Ter)	7273	TTN	Likely pathogenic	GRCh38	1066248
single nucleotide variant	NM_001267550.2(TTN):c.89335G>T (p.Glu29779Ter)	7273	TTN	Likely pathogenic	GRCh38	1067192
single nucleotide variant	NM_001267550.2(TTN):c.84405T>G (p.Tyr28135Ter)	7273	TTN	Likely pathogenic	GRCh38	1065927
single nucleotide variant	NM_001267550.2(TTN):c.83971C>T (p.Gln27991Ter)	7273	TTN	Pathogenic	GRCh38	1067472
single nucleotide variant	NM_001267550.2(TTN):c.80850C>A (p.Tyr26950Ter)	7273	TTN	Likely pathogenic	GRCh38	1067510
single nucleotide variant	NM_001267550.2(TTN):c.79882C>T (p.Arg26628Ter)	7273	TTN	Likely pathogenic	GRCh38	1067502
single nucleotide variant	NM_001267550.2(TTN):c.79273A>T (p.Lys26425Ter)	7273	TTN	Likely pathogenic	GRCh38	1066084
single nucleotide variant	NM_001267550.2(TTN):c.77263C>T (p.Gln25755Ter)	7273	TTN	Likely pathogenic	GRCh38	1066035
single nucleotide variant	NM_001267550.2(TTN):c.76722T>A (p.Tyr25574Ter)	7273	TTN	Likely pathogenic	GRCh38	1067280
single nucleotide variant	NM_001267550.2(TTN):c.76356G>A (p.Trp25452Ter)	7273	TTN	Likely pathogenic	GRCh38	1068120
single nucleotide variant	NM_001267550.2(TTN):c.75148G>T (p.Glu25050Ter)	7273	TTN	Likely pathogenic	GRCh38	1068305
single nucleotide variant	NM_001267550.2(TTN):c.73426G>T (p.Glu24476Ter)	7273	TTN	Likely pathogenic	GRCh38	1067951
single nucleotide variant	NM_001267550.2(TTN):c.73285G>T (p.Glu24429Ter)	7273	TTN	Likely pathogenic	GRCh38	1065919
single nucleotide variant	NM_001267550.2(TTN):c.72730G>T (p.Gly24244Ter)	7273	TTN	Likely pathogenic	GRCh38	1066489
single nucleotide variant	NM_001267550.2(TTN):c.70936A>T (p.Lys23646Ter)	7273	TTN	Likely pathogenic	GRCh38	1068315
single nucleotide variant	NM_001267550.2(TTN):c.69479G>A (p.Trp23160Ter)	7273	TTN	Likely pathogenic	GRCh38	1067824
single nucleotide variant	NM_001267550.2(TTN):c.68875A>T (p.Lys22959Ter)	7273	TTN	Likely pathogenic	GRCh38	1067560
single nucleotide variant	NM_001267550.2(TTN):c.65437C>T (p.Gln21813Ter)	7273	TTN	Likely pathogenic	GRCh38	1067151
single nucleotide variant	NM_001267550.2(TTN):c.64094-1G>C	7273	TTN	Likely pathogenic	GRCh38	1067584
single nucleotide variant	NM_001267550.2(TTN):c.59994G>A (p.Trp19998Ter)	7273	TTN	Likely pathogenic	GRCh38	1066815
single nucleotide variant	NM_001267550.2(TTN):c.58545T>A (p.Tyr19515Ter)	7273	TTN	Likely pathogenic	GRCh38	1066007
single nucleotide variant	NM_001267550.2(TTN):c.57603C>A (p.Cys19201Ter)	7273	TTN	Likely pathogenic	GRCh38	1068219
single nucleotide variant	NM_001267550.2(TTN):c.57112-1G>C	7273	TTN	Likely pathogenic	GRCh38	1067746
single nucleotide variant	NM_001267550.2(TTN):c.57112-1G>A	7273	TTN	Likely pathogenic	GRCh38	1068173
single nucleotide variant	NM_001267550.2(TTN):c.56089G>T (p.Glu18697Ter)	7273	TTN	Likely pathogenic	GRCh38	1067329
single nucleotide variant	NM_001267550.2(TTN):c.56051-1G>A	7273	TTN	Likely pathogenic	GRCh38	1066962
single nucleotide variant	NM_001267550.2(TTN):c.55734T>A (p.Tyr18578Ter)	7273	TTN	Likely pathogenic	GRCh38	1065901
single nucleotide variant	NM_001267550.2(TTN):c.54378T>A (p.Tyr18126Ter)	7273	TTN	Likely pathogenic	GRCh38	1068167
single nucleotide variant	NM_001267550.2(TTN):c.53824G>T (p.Glu17942Ter)	7273	TTN	Likely pathogenic	GRCh38	1067712
single nucleotide variant	NM_001267550.2(TTN):c.53206C>T (p.Arg17736Ter)	7273	TTN	Pathogenic/Likely pathogenic	GRCh38	1066067
single nucleotide variant	NM_001267550.2(TTN):c.53047C>T (p.Gln17683Ter)	7273	TTN	Likely pathogenic	GRCh38	1067790
single nucleotide variant	NM_001267550.2(TTN):c.52077A>T (p.Lys17359Asn)	7273	TTN	Likely pathogenic	GRCh38	1067577
single nucleotide variant	NM_001267550.2(TTN):c.51667C>T (p.Arg17223Ter)	7273	TTN	Pathogenic/Likely pathogenic	GRCh38	1066907
single nucleotide variant	NM_001267550.2(TTN):c.50857+1G>A	7273	TTN	Likely pathogenic	GRCh38	1068196
single nucleotide variant	NM_001267550.2(TTN):c.50316G>A (p.Trp16772Ter)	7273	TTN	Likely pathogenic	GRCh38	1068203
single nucleotide variant	NM_001267550.2(TTN):c.50016G>A (p.Trp16672Ter)	7273	TTN	Likely pathogenic	GRCh38	1067666
single nucleotide variant	NM_001267550.2(TTN):c.49970G>A (p.Trp16657Ter)	7273	TTN	Likely pathogenic	GRCh38	1066116
single nucleotide variant	NM_001267550.2(TTN):c.47797A>T (p.Arg15933Ter)	7273	TTN	Pathogenic/Likely pathogenic	GRCh38	1068107
single nucleotide variant	NM_001267550.2(TTN):c.47314C>T (p.Arg15772Ter)	7273	TTN	Pathogenic/Likely pathogenic	GRCh38	1065903
single nucleotide variant	NM_001267550.2(TTN):c.67348C>T (p.Gln22450Ter)	7273	TTN	Pathogenic	GRCh38	1074124
single nucleotide variant	NM_001267550.2(TTN):c.10115-1G>A	7273	TTN	Pathogenic	GRCh38	1120210
single nucleotide variant	NM_001267550.2(TTN):c.50473C>T (p.Gln16825Ter)	7273	TTN	Likely pathogenic	GRCh38	1172821
single nucleotide variant	NM_001267550.2(TTN):c.98990-1G>T	7273	TTN	Pathogenic/Likely pathogenic	GRCh38	1175010
single nucleotide variant	NM_001267550.2(TTN):c.92847C>G (p.Tyr30949Ter)	7273	TTN	Likely pathogenic	GRCh38	1174712
single nucleotide variant	NM_001267550.2(TTN):c.91152T>A (p.Tyr30384Ter)	7273	TTN	Likely pathogenic	GRCh38	1175069
single nucleotide variant	NM_001267550.2(TTN):c.89314G>T (p.Glu29772Ter)	7273	TTN	Likely pathogenic	GRCh38	1175166
single nucleotide variant	NM_001267550.2(TTN):c.79018G>T (p.Glu26340Ter)	7273	TTN	Pathogenic/Likely pathogenic	GRCh38	1175102
single nucleotide variant	NM_001267550.2(TTN):c.77452G>T (p.Glu25818Ter)	7273	TTN	Pathogenic	GRCh38	1175109
single nucleotide variant	NM_001267550.2(TTN):c.64672+2T>C	7273	TTN	Likely pathogenic	GRCh38	1174768
single nucleotide variant	NM_001267550.2(TTN):c.57508G>T (p.Gly19170Ter)	7273	TTN	Likely pathogenic	GRCh38	1174772
single nucleotide variant	NM_001267550.2(TTN):c.57378G>A (p.Trp19126Ter)	7273	TTN	Likely pathogenic	GRCh38	1174926
single nucleotide variant	NM_001267550.2(TTN):c.49263C>A (p.Tyr16421Ter)	7273	TTN	Pathogenic/Likely pathogenic	GRCh38	1175085
single nucleotide variant	NM_001267550.2(TTN):c.47352T>G (p.Tyr15784Ter)	7273	TTN	Likely pathogenic	GRCh38	1175081
single nucleotide variant	NM_001267550.2(TTN):c.7855+1G>T	7273	TTN	Likely pathogenic	GRCh38	1174679
single nucleotide variant	NM_001267550.2(TTN):c.42235C>T (p.Arg14079Ter)	7273	TTN	Pathogenic/Likely pathogenic	GRCh38	1176411
single nucleotide variant	NM_001267550.2(TTN):c.102352C>T (p.Arg34118Ter)	7273	TTN	Pathogenic/Likely pathogenic	GRCh38	1180490
single nucleotide variant	NM_001267550.2(TTN):c.60542T>C (p.Ile20181Thr)	7273	TTN	Likely pathogenic	GRCh38	1188843
single nucleotide variant	NM_001267550.2(TTN):c.97399G>A (p.Gly32467Arg)	7273	TTN	Likely pathogenic	GRCh38	1188844
single nucleotide variant	NM_001267550.2(TTN):c.36253C>T (p.Gln12085Ter)	7273	TTN	Pathogenic/Likely pathogenic	GRCh38	1190830
single nucleotide variant	NM_001267550.2(TTN):c.40634-1G>T	7273	TTN	Likely pathogenic	GRCh38	1199466
single nucleotide variant	NM_001267550.2(TTN):c.48313-1G>A	7273	TTN	Likely pathogenic	GRCh38	1206253
single nucleotide variant	NM_001267550.2(TTN):c.43576C>T (p.Arg14526Ter)	7273	TTN	Likely pathogenic	GRCh38	1213390
single nucleotide variant	NM_001267550.2(TTN):c.92877G>A (p.Trp30959Ter)	7273	TTN	Pathogenic	GRCh38	1228376
single nucleotide variant	NM_001267550.2(TTN):c.59626+1G>A	7273	TTN	Likely pathogenic	GRCh38	1284313
single nucleotide variant	NM_001267550.2(TTN):c.103132C>T (p.Gln34378Ter)	7273	TTN	Pathogenic/Likely pathogenic	GRCh38	1284395
single nucleotide variant	NM_001267550.2(TTN):c.9381C>A (p.Tyr3127Ter)	7273	TTN	Pathogenic/Likely pathogenic	GRCh38	1284426
single nucleotide variant	NM_001267550.2(TTN):c.84524G>A (p.Trp28175Ter)	7273	TTN	Likely pathogenic	GRCh38	1284511
single nucleotide variant	NM_001267550.2(TTN):c.86640C>A (p.Tyr28880Ter)	7273	TTN	Likely pathogenic	GRCh38	1284530
single nucleotide variant	NM_001267550.2(TTN):c.40603A>T (p.Lys13535Ter)	7273	TTN	Likely pathogenic	GRCh38	1284545
single nucleotide variant	NM_001267550.2(TTN):c.5209G>T (p.Glu1737Ter)	7273	TTN	Likely pathogenic	GRCh38	1284552
single nucleotide variant	NM_001267550.2(TTN):c.52903C>T (p.Arg17635Ter)	7273	TTN	Pathogenic/Likely pathogenic	GRCh38	1284567
single nucleotide variant	NM_001267550.2(TTN):c.102510G>A (p.Trp34170Ter)	7273	TTN	Pathogenic/Likely pathogenic	GRCh38	1284727
single nucleotide variant	NM_001267550.2(TTN):c.66463+1G>T	7273	TTN	Likely pathogenic	GRCh38	1284793
single nucleotide variant	NM_001267550.2(TTN):c.82255C>T (p.Gln27419Ter)	7273	TTN	Likely pathogenic	GRCh38	1285108
single nucleotide variant	NM_001267550.2(TTN):c.71000G>A (p.Trp23667Ter)	7273	TTN	Pathogenic/Likely pathogenic	GRCh38	1285133
single nucleotide variant	NM_001267550.2(TTN):c.14722G>T (p.Glu4908Ter)	7273	TTN	Likely pathogenic	GRCh38	1285375
single nucleotide variant	NM_001267550.2(TTN):c.100590C>G (p.Tyr33530Ter)	7273	TTN	Likely pathogenic	GRCh38	1297053
single nucleotide variant	NM_001267550.2(TTN):c.87165T>A (p.Tyr29055Ter)	7273	TTN	Likely pathogenic	GRCh38	1299952
single nucleotide variant	NM_001267550.2(TTN):c.60124C>T (p.Gln20042Ter)	7273	TTN	Likely pathogenic	GRCh38	1299961
single nucleotide variant	NM_001267550.2(TTN):c.19715-1G>A	7273	TTN	Pathogenic/Likely pathogenic	GRCh38	1301379
single nucleotide variant	NM_001267550.2(TTN):c.36119-1G>C	7273	TTN	Likely pathogenic	GRCh38	1321432
single nucleotide variant	NM_001267550.2(TTN):c.106160C>G (p.Ser35387Ter)	7273	TTN	Pathogenic	GRCh38	1323725
single nucleotide variant	NM_001267550.2(TTN):c.101642C>G (p.Ser33881Ter)	7273	TTN	Likely pathogenic	GRCh38	1325260
single nucleotide variant	NM_001267550.2(TTN):c.53728G>T (p.Glu17910Ter)	7273	TTN	Likely pathogenic	GRCh38	1325263
single nucleotide variant	NM_001267550.2(TTN):c.96420C>A (p.Tyr32140Ter)	7273	TTN	Likely pathogenic	GRCh38	1325278
single nucleotide variant	NM_001267550.2(TTN):c.65333G>A (p.Trp21778Ter)	7273	TTN	Likely pathogenic	GRCh38	1325280
single nucleotide variant	NM_001267550.2(TTN):c.70501G>T (p.Glu23501Ter)	7273	TTN	Likely pathogenic	GRCh38	1325291
single nucleotide variant	NM_001267550.2(TTN):c.100171+1G>A	7273	TTN	Likely pathogenic	GRCh38	1325293
single nucleotide variant	NM_001267550.2(TTN):c.55893G>A (p.Trp18631Ter)	7273	TTN	Likely pathogenic	GRCh38	1325301
single nucleotide variant	NM_001267550.2(TTN):c.70810C>T (p.Gln23604Ter)	7273	TTN	Likely pathogenic	GRCh38	3223272
single nucleotide variant	NM_001267550.2(TTN):c.106945G>T (p.Glu35649Ter)	7273	TTN	Likely pathogenic	GRCh38	1325303
single nucleotide variant	NM_001267550.2(TTN):c.2775+1G>T	7273	TTN	Likely pathogenic	GRCh38	1326923
single nucleotide variant	NM_001267550.2(TTN):c.80146A>T (p.Lys26716Ter)	7273	TTN	Likely pathogenic	GRCh38	1327353
single nucleotide variant	NM_001267550.2(TTN):c.51931G>T (p.Glu17311Ter)	7273	TTN	Likely pathogenic	GRCh38	1329059
single nucleotide variant	NM_001267550.2(TTN):c.14194C>T (p.Gln4732Ter)	7273	TTN	Likely pathogenic	GRCh38	1329114
single nucleotide variant	NM_001267550.2(TTN):c.3462C>G (p.Tyr1154Ter)	7273	TTN	Likely pathogenic	GRCh38	1329145
single nucleotide variant	NM_001267550.2(TTN):c.47142T>A (p.Cys15714Ter)	7273	TTN	Likely pathogenic	GRCh38	1329158
single nucleotide variant	NM_001267550.2(TTN):c.70420A>T (p.Lys23474Ter)	7273	TTN	Likely pathogenic	GRCh38	1329186
single nucleotide variant	NM_001267550.2(TTN):c.73939C>T (p.Arg24647Ter)	7273	TTN	Pathogenic/Likely pathogenic	GRCh38	1329193
single nucleotide variant	NM_001267550.2(TTN):c.86152G>T (p.Gly28718Ter)	7273	TTN	Likely pathogenic	GRCh38	1329212
single nucleotide variant	NM_001267550.2(TTN):c.103845C>G (p.Tyr34615Ter)	7273	TTN	Likely pathogenic	GRCh38	1329230
single nucleotide variant	NM_001267550.2(TTN):c.11709T>A (p.Cys3903Ter)	7273	TTN	Likely pathogenic	GRCh38	1330741
single nucleotide variant	NM_001267550.2(TTN):c.77604T>G (p.Tyr25868Ter)	7273	TTN	Likely pathogenic	GRCh38	1333109
single nucleotide variant	NM_001267550.2(TTN):c.20392A>T (p.Lys6798Ter)	7273	TTN	Likely pathogenic	GRCh38	1333836
single nucleotide variant	NM_001267550.2(TTN):c.16508T>A (p.Leu5503Ter)	7273	TTN	Likely pathogenic	GRCh38	1335938
single nucleotide variant	NM_001267550.2(TTN):c.104800C>T (p.Gln34934Ter)	7273	TTN	Likely pathogenic	GRCh38	1344499
single nucleotide variant	NM_001267550.2(TTN):c.47701G>T (p.Glu15901Ter)	7273	TTN	Likely pathogenic	GRCh38	1504032
single nucleotide variant	NM_001267550.2(TTN):c.39547+1G>A	7273	TTN	Likely pathogenic	GRCh38	1366948
single nucleotide variant	NM_001267550.2(TTN):c.93139C>T (p.Arg31047Ter)	7273	TTN	Likely pathogenic	GRCh38	1476412
single nucleotide variant	NM_001267550.2(TTN):c.84602G>A (p.Trp28201Ter)	7273	TTN	Likely pathogenic	GRCh38	1505786
single nucleotide variant	NM_001267550.2(TTN):c.12472C>T (p.Gln4158Ter)	7273	TTN	Likely pathogenic	GRCh38	1506081
single nucleotide variant	NM_001267550.2(TTN):c.12259G>T (p.Glu4087Ter)	7273	TTN	Likely pathogenic	GRCh38	1464011
single nucleotide variant	NM_001267550.2(TTN):c.46429+1G>T	7273	TTN	Pathogenic/Likely pathogenic	GRCh38	1466752
single nucleotide variant	NM_001267550.2(TTN):c.87939T>G (p.Tyr29313Ter)	7273	TTN	Likely pathogenic	GRCh38	1523552
single nucleotide variant	NM_001267550.2(TTN):c.106996C>T (p.Gln35666Ter)	7273	TTN	Likely pathogenic	GRCh38	1521530
single nucleotide variant	NM_001267550.2(TTN):c.55399C>T (p.Gln18467Ter)	7273	TTN	Likely pathogenic	GRCh38	1466347
single nucleotide variant	NM_001267550.2(TTN):c.97813C>T (p.Gln32605Ter)	7273	TTN	Likely pathogenic	GRCh38	1523155
single nucleotide variant	NM_001267550.2(TTN):c.3544A>T (p.Lys1182Ter)	7273	TTN	Likely pathogenic	GRCh38	1450677
single nucleotide variant	NM_001267550.2(TTN):c.18406C>T (p.Arg6136Ter)	7273	TTN	Likely pathogenic	GRCh38	1478336
single nucleotide variant	NM_001267550.2(TTN):c.41330-1G>T	7273	TTN	Likely pathogenic	GRCh38	1383432
single nucleotide variant	NM_001267550.2(TTN):c.78342T>G (p.Tyr26114Ter)	7273	TTN	Likely pathogenic	GRCh38	1467273
single nucleotide variant	NM_001267550.2(TTN):c.48160+1G>C	7273	TTN	Likely pathogenic	GRCh38	1467404
single nucleotide variant	NM_001267550.2(TTN):c.70224T>A (p.Tyr23408Ter)	7273	TTN	Likely pathogenic	GRCh38	1496541
single nucleotide variant	NM_001267550.2(TTN):c.2841+1G>C	7273	TTN	Likely pathogenic	GRCh38	1358462
single nucleotide variant	NM_001267550.2(TTN):c.80458C>T (p.Gln26820Ter)	7273	TTN	Likely pathogenic	GRCh38	1468123
single nucleotide variant	NM_001267550.2(TTN):c.94331G>A (p.Trp31444Ter)	7273	TTN	Likely pathogenic	GRCh38	1468423
single nucleotide variant	NM_001267550.2(TTN):c.23099-2A>G	7273	TTN	Likely pathogenic	GRCh38	1496145
single nucleotide variant	NM_001267550.2(TTN):c.35714-1G>C	7273	TTN	Likely pathogenic	GRCh38	1426830
single nucleotide variant	NM_001267550.2(TTN):c.66981T>G (p.Tyr22327Ter)	7273	TTN	Likely pathogenic	GRCh38	1495215
single nucleotide variant	NM_001267550.2(TTN):c.71835G>A (p.Trp23945Ter)	7273	TTN	Likely pathogenic	GRCh38	1522366
single nucleotide variant	NM_001267550.2(TTN):c.52847G>A (p.Trp17616Ter)	7273	TTN	Likely pathogenic	GRCh38	1522493
single nucleotide variant	NM_001267550.2(TTN):c.44854C>T (p.Gln14952Ter)	7273	TTN	Likely pathogenic	GRCh38	1522630
single nucleotide variant	NM_001267550.2(TTN):c.86015G>A (p.Trp28672Ter)	7273	TTN	Likely pathogenic	GRCh38	1469032
single nucleotide variant	NM_001267550.2(TTN):c.82547G>A (p.Trp27516Ter)	7273	TTN	Likely pathogenic	GRCh38	1469069
single nucleotide variant	NM_001267550.2(TTN):c.86821+1G>A	7273	TTN	Pathogenic/Likely pathogenic	GRCh38	1359564
single nucleotide variant	NM_001267550.2(TTN):c.10114+1G>T	7273	TTN	Likely pathogenic	GRCh38	1498099
single nucleotide variant	NM_001267550.2(TTN):c.46309A>T (p.Lys15437Ter)	7273	TTN	Likely pathogenic	GRCh38	1390014
single nucleotide variant	NM_001267550.2(TTN):c.92603G>A (p.Trp30868Ter)	7273	TTN	Likely pathogenic	GRCh38	1469822
single nucleotide variant	NM_001267550.2(TTN):c.104269C>T (p.Gln34757Ter)	7273	TTN	Pathogenic	GRCh38	1470069
single nucleotide variant	NM_001267550.2(TTN):c.43431C>G (p.Tyr14477Ter)	7273	TTN	Pathogenic/Likely pathogenic	GRCh38	1470072
single nucleotide variant	NM_001267550.2(TTN):c.98450G>A (p.Trp32817Ter)	7273	TTN	Likely pathogenic	GRCh38	1511309
single nucleotide variant	NM_001267550.2(TTN):c.7177C>T (p.Gln2393Ter)	7273	TTN	Likely pathogenic	GRCh38	1428611
single nucleotide variant	NM_001267550.2(TTN):c.90388G>T (p.Glu30130Ter)	7273	TTN	Likely pathogenic	GRCh38	1483460
single nucleotide variant	NM_001267550.2(TTN):c.7856-1G>T	7273	TTN	Likely pathogenic	GRCh38	1386913
single nucleotide variant	NM_001267550.2(TTN):c.68224+2T>C	7273	TTN	Likely pathogenic	GRCh38	1500057
single nucleotide variant	NM_001267550.2(TTN):c.90231G>A (p.Trp30077Ter)	7273	TTN	Likely pathogenic	GRCh38	1499575
single nucleotide variant	NM_001267550.2(TTN):c.18307+2T>C	7273	TTN	Likely pathogenic	GRCh38	1473348
single nucleotide variant	NM_001267550.2(TTN):c.45769C>T (p.Gln15257Ter)	7273	TTN	Likely pathogenic	GRCh38	1473445
single nucleotide variant	NM_001267550.2(TTN):c.107351C>A (p.Ser35784Ter)	7273	TTN	Likely pathogenic	GRCh38	1473628
single nucleotide variant	NM_001267550.2(TTN):c.32887+2T>C	7273	TTN	Likely pathogenic	GRCh38	1348001
single nucleotide variant	NM_001267550.2(TTN):c.32012-1G>T	7273	TTN	Likely pathogenic	GRCh38	1375279
single nucleotide variant	NM_001267550.2(TTN):c.62935G>T (p.Glu20979Ter)	7273	TTN	Likely pathogenic	GRCh38	1349555
single nucleotide variant	NM_001267550.2(TTN):c.96746G>A (p.Trp32249Ter)	7273	TTN	Likely pathogenic	GRCh38	1471017
single nucleotide variant	NM_001267550.2(TTN):c.54605G>A (p.Trp18202Ter)	7273	TTN	Likely pathogenic	GRCh38	1498812
single nucleotide variant	NM_001267550.2(TTN):c.101207G>A (p.Trp33736Ter)	7273	TTN	Likely pathogenic	GRCh38	1472629
single nucleotide variant	NM_001267550.2(TTN):c.70467C>A (p.Cys23489Ter)	7273	TTN	Likely pathogenic	GRCh38	1500144
single nucleotide variant	NM_001267550.2(TTN):c.30963T>A (p.Tyr10321Ter)	7273	TTN	Likely pathogenic	GRCh38	1393546
single nucleotide variant	NM_001267550.2(TTN):c.50859C>A (p.Cys16953Ter)	7273	TTN	Likely pathogenic	GRCh38	1475565
single nucleotide variant	NM_001267550.2(TTN):c.58151-2A>G	7273	TTN	Likely pathogenic	GRCh38	1503471
single nucleotide variant	NM_001267550.2(TTN):c.83335A>T (p.Lys27779Ter)	7273	TTN	Likely pathogenic	GRCh38	1475078
single nucleotide variant	NM_001267550.2(TTN):c.39580A>T (p.Lys13194Ter)	7273	TTN	Likely pathogenic	GRCh38	1502813
single nucleotide variant	NM_001267550.2(TTN):c.54257G>A (p.Trp18086Ter)	7273	TTN	Likely pathogenic	GRCh38	1503099
single nucleotide variant	NM_001267550.2(TTN):c.32639-2A>C	7273	TTN	Likely pathogenic	GRCh38	1431734
single nucleotide variant	NM_001267550.2(TTN):c.101035C>T (p.Gln33679Ter)	7273	TTN	Likely pathogenic	GRCh38	1486866
single nucleotide variant	NM_001267550.2(TTN):c.47760+1G>A	7273	TTN	Likely pathogenic	GRCh38	1486888
single nucleotide variant	NM_001267550.2(TTN):c.95120-2A>G	7273	TTN	Likely pathogenic	GRCh38	1487010
single nucleotide variant	NM_001267550.2(TTN):c.25639+2T>C	7273	TTN	Likely pathogenic	GRCh38	1516031
single nucleotide variant	NM_001267550.2(TTN):c.3817G>T (p.Glu1273Ter)	7273	TTN	Likely pathogenic	GRCh38	1351071
single nucleotide variant	NM_001267550.2(TTN):c.84099T>A (p.Tyr28033Ter)	7273	TTN	Likely pathogenic	GRCh38	1501964
single nucleotide variant	NM_001267550.2(TTN):c.63370C>T (p.Gln21124Ter)	7273	TTN	Likely pathogenic	GRCh38	1502137
single nucleotide variant	NM_001267550.2(TTN):c.73620G>A (p.Trp24540Ter)	7273	TTN	Likely pathogenic	GRCh38	1477177
single nucleotide variant	NM_001267550.2(TTN):c.82512C>A (p.Tyr27504Ter)	7273	TTN	Likely pathogenic	GRCh38	1505165
single nucleotide variant	NM_001267550.2(TTN):c.41581G>T (p.Glu13861Ter)	7273	TTN	Likely pathogenic	GRCh38	1395007
single nucleotide variant	NM_001267550.2(TTN):c.1417A>T (p.Lys473Ter)	7273	TTN	Likely pathogenic	GRCh38	1476878
single nucleotide variant	NM_001267550.2(TTN):c.5172C>A (p.Cys1724Ter)	7273	TTN	Likely pathogenic	GRCh38	1423531
single nucleotide variant	NM_001267550.2(TTN):c.6388G>T (p.Glu2130Ter)	7273	TTN	Likely pathogenic	GRCh38	1393894
single nucleotide variant	NM_001267550.2(TTN):c.80259T>G (p.Tyr26753Ter)	7273	TTN	Likely pathogenic	GRCh38	1476095
single nucleotide variant	NM_001267550.2(TTN):c.97263G>A (p.Trp32421Ter)	7273	TTN	Likely pathogenic	GRCh38	1479030
single nucleotide variant	NM_001267550.2(TTN):c.73734G>A (p.Trp24578Ter)	7273	TTN	Pathogenic/Likely pathogenic	GRCh38	1506917
single nucleotide variant	NM_001267550.2(TTN):c.1662+2T>G	7273	TTN	Likely pathogenic	GRCh38	1478780
single nucleotide variant	NM_001267550.2(TTN):c.68936C>A (p.Ser22979Ter)	7273	TTN	Likely pathogenic	GRCh38	1506234
single nucleotide variant	NM_001267550.2(TTN):c.89884G>T (p.Gly29962Ter)	7273	TTN	Likely pathogenic	GRCh38	1506442
single nucleotide variant	NM_001267550.2(TTN):c.17741-1G>A	7273	TTN	Likely pathogenic	GRCh38	1506589
single nucleotide variant	NM_001267550.2(TTN):c.67840C>T (p.Gln22614Ter)	7273	TTN	Likely pathogenic	GRCh38	1519274
single nucleotide variant	NM_001267550.2(TTN):c.51919G>T (p.Glu17307Ter)	7273	TTN	Likely pathogenic	GRCh38	1477622
single nucleotide variant	NM_001267550.2(TTN):c.56794A>T (p.Lys18932Ter)	7273	TTN	Likely pathogenic	GRCh38	1505665
single nucleotide variant	NM_001267550.2(TTN):c.40928-2A>C	7273	TTN	Likely pathogenic	GRCh38	1505729
single nucleotide variant	NM_001267550.2(TTN):c.97492+1G>T	7273	TTN	Pathogenic	GRCh38	1452111
single nucleotide variant	NM_001267550.2(TTN):c.86251G>T (p.Glu28751Ter)	7273	TTN	Likely pathogenic	GRCh38	1508528
single nucleotide variant	NM_001267550.2(TTN):c.80380C>T (p.Gln26794Ter)	7273	TTN	Pathogenic/Likely pathogenic	GRCh38	1508786
single nucleotide variant	NM_001267550.2(TTN):c.91270+1G>A	7273	TTN	Likely pathogenic	GRCh38	1510149
single nucleotide variant	NM_001267550.2(TTN):c.45055A>T (p.Arg15019Ter)	7273	TTN	Pathogenic/Likely pathogenic	GRCh38	1508134
single nucleotide variant	NM_001267550.2(TTN):c.92017A>T (p.Lys30673Ter)	7273	TTN	Likely pathogenic	GRCh38	1345432
single nucleotide variant	NM_001267550.2(TTN):c.98990-2A>C	7273	TTN	Likely pathogenic	GRCh38	1491938
single nucleotide variant	NM_001267550.2(TTN):c.55300C>T (p.Gln18434Ter)	7273	TTN	Likely pathogenic	GRCh38	1492298
single nucleotide variant	NM_001267550.2(TTN):c.39625+2T>C	7273	TTN	Likely pathogenic	GRCh38	1493847
single nucleotide variant	NM_001267550.2(TTN):c.58581G>A (p.Trp19527Ter)	7273	TTN	Pathogenic/Likely pathogenic	GRCh38	1509085
single nucleotide variant	NM_001267550.2(TTN):c.97633C>T (p.Arg32545Ter)	7273	TTN	Likely pathogenic	GRCh38	1345754
single nucleotide variant	NM_001267550.2(TTN):c.52975C>T (p.Gln17659Ter)	7273	TTN	Likely pathogenic	GRCh38	1348562
single nucleotide variant	NM_001267550.2(TTN):c.49649-2A>T	7273	TTN	Likely pathogenic	GRCh38	1346678
single nucleotide variant	NM_001267550.2(TTN):c.18791C>G (p.Ser6264Ter)	7273	TTN	Likely pathogenic	GRCh38	1484054
single nucleotide variant	NM_001267550.2(TTN):c.88009+2T>G	7273	TTN	Likely pathogenic	GRCh38	1348421
single nucleotide variant	NM_001267550.2(TTN):c.21961G>A (p.Glu7321Lys)	7273	TTN	Likely pathogenic	GRCh38	1522765
single nucleotide variant	NM_001267550.2(TTN):c.90737G>A (p.Trp30246Ter)	7273	TTN	Likely pathogenic	GRCh38	1523051
single nucleotide variant	NM_001267550.2(TTN):c.7057+2T>C	7273	TTN	Likely pathogenic	GRCh38	1495425
single nucleotide variant	NM_001267550.2(TTN):c.84643A>T (p.Lys28215Ter)	7273	TTN	Likely pathogenic	GRCh38	1495565
single nucleotide variant	NM_001267550.2(TTN):c.69811G>T (p.Glu23271Ter)	7273	TTN	Likely pathogenic	GRCh38	1495604
single nucleotide variant	NM_001267550.2(TTN):c.66628C>T (p.Gln22210Ter)	7273	TTN	Pathogenic	GRCh38	1482784
single nucleotide variant	NM_001267550.2(TTN):c.63270T>G (p.Tyr21090Ter)	7273	TTN	Likely pathogenic	GRCh38	1482882
single nucleotide variant	NM_001267550.2(TTN):c.68663G>A (p.Trp22888Ter)	7273	TTN	Likely pathogenic	GRCh38	1510655
single nucleotide variant	NM_001267550.2(TTN):c.13621C>T (p.Gln4541Ter)	7273	TTN	Likely pathogenic	GRCh38	1510830
single nucleotide variant	NM_001267550.2(TTN):c.3101-1G>A	7273	TTN	Likely pathogenic	GRCh38	1374953
single nucleotide variant	NM_001267550.2(TTN):c.69860G>A (p.Trp23287Ter)	7273	TTN	Likely pathogenic	GRCh38	1485923
single nucleotide variant	NM_001267550.2(TTN):c.92526G>A (p.Trp30842Ter)	7273	TTN	Pathogenic/Likely pathogenic	GRCh38	1513764
single nucleotide variant	NM_001267550.2(TTN):c.83126G>A (p.Trp27709Ter)	7273	TTN	Likely pathogenic	GRCh38	1513810
single nucleotide variant	NM_001267550.2(TTN):c.62109T>A (p.Tyr20703Ter)	7273	TTN	Likely pathogenic	GRCh38	1513853
single nucleotide variant	NM_001267550.2(TTN):c.95164C>T (p.Gln31722Ter)	7273	TTN	Likely pathogenic	GRCh38	1485803
single nucleotide variant	NM_001267550.2(TTN):c.1246-2A>G	7273	TTN	Likely pathogenic	GRCh38	1513424
single nucleotide variant	NM_001267550.2(TTN):c.100723C>T (p.Gln33575Ter)	7273	TTN	Likely pathogenic	GRCh38	1349799
single nucleotide variant	NM_001267550.2(TTN):c.34039C>T (p.Gln11347Ter)	7273	TTN	Likely pathogenic	GRCh38	1524705
single nucleotide variant	NM_001267550.2(TTN):c.8576C>G (p.Ser2859Ter)	7273	TTN	Likely pathogenic	GRCh38	1484847
single nucleotide variant	NM_001267550.2(TTN):c.80568T>A (p.Tyr26856Ter)	7273	TTN	Likely pathogenic	GRCh38	1484938
single nucleotide variant	NM_001267550.2(TTN):c.47512C>T (p.Arg15838Ter)	7273	TTN	Likely pathogenic	GRCh38	1512403
single nucleotide variant	NM_001267550.2(TTN):c.13072G>T (p.Glu4358Ter)	7273	TTN	Likely pathogenic	GRCh38	1431264
single nucleotide variant	NM_001267550.2(TTN):c.53003-1G>C	7273	TTN	Likely pathogenic	GRCh38	1487742
single nucleotide variant	NM_001267550.2(TTN):c.94991T>A (p.Leu31664Ter)	7273	TTN	Likely pathogenic	GRCh38	1515027
single nucleotide variant	NM_001267550.2(TTN):c.46810G>T (p.Glu15604Ter)	7273	TTN	Likely pathogenic	GRCh38	1404959
single nucleotide variant	NM_001267550.2(TTN):c.20107C>T (p.Arg6703Ter)	7273	TTN	Likely pathogenic	GRCh38	1405031
single nucleotide variant	NM_001267550.2(TTN):c.32554+1G>A	7273	TTN	Likely pathogenic	GRCh38	1487197
single nucleotide variant	NM_001267550.2(TTN):c.20276-1G>C	7273	TTN	Likely pathogenic	GRCh38	1487250
single nucleotide variant	NM_001267550.2(TTN):c.56417G>A (p.Trp18806Ter)	7273	TTN	Likely pathogenic	GRCh38	1487280
single nucleotide variant	NM_001267550.2(TTN):c.64396+2T>C	7273	TTN	Likely pathogenic	GRCh38	1514714
single nucleotide variant	NM_001267550.2(TTN):c.45616+1G>C	7273	TTN	Likely pathogenic	GRCh38	1379377
single nucleotide variant	NM_001267550.2(TTN):c.93956C>A (p.Ser31319Ter)	7273	TTN	Likely pathogenic	GRCh38	1471320
single nucleotide variant	NM_001267550.2(TTN):c.106117C>T (p.Gln35373Ter)	7273	TTN	Likely pathogenic	GRCh38	1471451
single nucleotide variant	NM_001267550.2(TTN):c.95845C>T (p.Gln31949Ter)	7273	TTN	Pathogenic/Likely pathogenic	GRCh38	1489350
single nucleotide variant	NM_001267550.2(TTN):c.87233T>G (p.Leu29078Ter)	7273	TTN	Likely pathogenic	GRCh38	1516719
single nucleotide variant	NM_001267550.2(TTN):c.64973-1G>C	7273	TTN	Likely pathogenic	GRCh38	1516770
single nucleotide variant	NM_001267550.2(TTN):c.35630-1G>C	7273	TTN	Likely pathogenic	GRCh38	1409263
single nucleotide variant	NM_001267550.2(TTN):c.13720G>T (p.Glu4574Ter)	7273	TTN	Likely pathogenic	GRCh38	1433903
single nucleotide variant	NM_001267550.2(TTN):c.72574G>T (p.Glu24192Ter)	7273	TTN	Likely pathogenic	GRCh38	1488887
single nucleotide variant	NM_001267550.2(TTN):c.100172-1G>C	7273	TTN	Pathogenic	GRCh38	1489015
single nucleotide variant	NM_001267550.2(TTN):c.82172G>A (p.Trp27391Ter)	7273	TTN	Likely pathogenic	GRCh38	1489101
single nucleotide variant	NM_001267550.2(TTN):c.35713+2T>A	7273	TTN	Pathogenic	GRCh38	1516333
single nucleotide variant	NM_001267550.2(TTN):c.17461+1G>C	7273	TTN	Likely pathogenic	GRCh38	1353222
single nucleotide variant	NM_001267550.2(TTN):c.35545+1G>A	7273	TTN	Likely pathogenic	GRCh38	1353497
single nucleotide variant	NM_001267550.2(TTN):c.95264G>A (p.Trp31755Ter)	7273	TTN	Likely pathogenic	GRCh38	1500640
single nucleotide variant	NM_001267550.2(TTN):c.99935G>A (p.Trp33312Ter)	7273	TTN	Likely pathogenic	GRCh38	1515541
single nucleotide variant	NM_001267550.2(TTN):c.90418C>T (p.Gln30140Ter)	7273	TTN	Likely pathogenic	GRCh38	1491239
single nucleotide variant	NM_001267550.2(TTN):c.73047T>G (p.Tyr24349Ter)	7273	TTN	Likely pathogenic	GRCh38	1518558
single nucleotide variant	NM_001267550.2(TTN):c.49863C>A (p.Tyr16621Ter)	7273	TTN	Likely pathogenic	GRCh38	1518621
single nucleotide variant	NM_001267550.2(TTN):c.102585T>A (p.Tyr34195Ter)	7273	TTN	Likely pathogenic	GRCh38	1465094
single nucleotide variant	NM_001267550.2(TTN):c.42208C>T (p.Gln14070Ter)	7273	TTN	Likely pathogenic	GRCh38	1465219
single nucleotide variant	NM_001267550.2(TTN):c.106828A>T (p.Lys35610Ter)	7273	TTN	Likely pathogenic	GRCh38	1490892
single nucleotide variant	NM_001267550.2(TTN):c.76262C>A (p.Ser25421Ter)	7273	TTN	Likely pathogenic	GRCh38	1518263
single nucleotide variant	NM_001267550.2(TTN):c.13408A>T (p.Lys4470Ter)	7273	TTN	Likely pathogenic	GRCh38	1464590
single nucleotide variant	NM_001267550.2(TTN):c.61850C>G (p.Ser20617Ter)	7273	TTN	Likely pathogenic	GRCh38	1464689
single nucleotide variant	NM_001267550.2(TTN):c.93034A>T (p.Lys31012Ter)	7273	TTN	Pathogenic/Likely pathogenic	GRCh38	1464758
single nucleotide variant	NM_001267550.2(TTN):c.62526T>G (p.Tyr20842Ter)	7273	TTN	Likely pathogenic	GRCh38	1502658
single nucleotide variant	NM_001267550.2(TTN):c.91+1G>A	7273	TTN	Likely pathogenic	GRCh38	1490096
single nucleotide variant	NM_001267550.2(TTN):c.67174C>T (p.Gln22392Ter)	7273	TTN	Pathogenic/Likely pathogenic	GRCh38	1520072
single nucleotide variant	NM_001267550.2(TTN):c.107224-2A>G	7273	TTN	Likely pathogenic	GRCh38	1520338
single nucleotide variant	NM_001267550.2(TTN):c.72509G>A (p.Trp24170Ter)	7273	TTN	Likely pathogenic	GRCh38	1492340
single nucleotide variant	NM_001267550.2(TTN):c.48461-1G>A	7273	TTN	Likely pathogenic	GRCh38	1492692
single nucleotide variant	NM_001267550.2(TTN):c.82999C>T (p.Gln27667Ter)	7273	TTN	Likely pathogenic	GRCh38	1519798
single nucleotide variant	NM_001267550.2(TTN):c.56759G>A (p.Trp18920Ter)	7273	TTN	Likely pathogenic	GRCh38	1676924
single nucleotide variant	NM_001267550.2(TTN):c.25004C>A (p.Ser8335Ter)	7273	TTN	Likely pathogenic	GRCh38	1677680
single nucleotide variant	NM_001267550.2(TTN):c.17032C>T (p.Arg5678Ter)	7273	TTN	Likely pathogenic	GRCh38	1678094
single nucleotide variant	NM_001267550.2(TTN):c.22646C>G (p.Ser7549Ter)	7273	TTN	Likely pathogenic	GRCh38	1678100
single nucleotide variant	NM_001267550.2(TTN):c.25922-1G>C	7273	TTN	Likely pathogenic	GRCh38	1678120
single nucleotide variant	NM_001267550.2(TTN):c.77185A>T (p.Lys25729Ter)	7273	TTN	Likely pathogenic	GRCh38	1678136
single nucleotide variant	NM_001267550.2(TTN):c.32665C>T (p.Gln10889Ter)	7273	TTN	Likely pathogenic	GRCh38	1678137
single nucleotide variant	NM_001267550.2(TTN):c.21170T>G (p.Leu7057Ter)	7273	TTN	Likely pathogenic	GRCh38	1678157
single nucleotide variant	NM_001267550.2(TTN):c.80190T>A (p.Tyr26730Ter)	7273	TTN	Likely pathogenic	GRCh38	1678159
single nucleotide variant	NM_001267550.2(TTN):c.100239G>A (p.Trp33413Ter)	7273	TTN	Likely pathogenic	GRCh38	1678359
single nucleotide variant	NM_001267550.2(TTN):c.72688G>T (p.Glu24230Ter)	7273	TTN	Likely pathogenic	GRCh38	1678568
single nucleotide variant	NM_001267550.2(TTN):c.16160G>A (p.Arg5387Lys)	7273	TTN	Likely pathogenic	GRCh38	1678654
single nucleotide variant	NM_001267550.2(TTN):c.29870C>T (p.Thr9957Ile)	7273	TTN	Likely pathogenic	GRCh38	1679095
single nucleotide variant	NM_001267550.2(TTN):c.78215G>A (p.Gly26072Asp)	7273	TTN	Likely pathogenic	GRCh38	1679098
single nucleotide variant	NM_001267550.2(TTN):c.41467C>G (p.Pro13823Ala)	7273	TTN	Likely pathogenic	GRCh38	1679195
single nucleotide variant	NM_001267550.2(TTN):c.10603G>A (p.Gly3535Arg)	7273	TTN	Likely pathogenic	GRCh38	1679942
single nucleotide variant	NM_001267550.2(TTN):c.39715G>T (p.Glu13239Ter)	7273	TTN	Likely pathogenic	GRCh38	1683393
single nucleotide variant	NM_001267550.2(TTN):c.65863+1G>A	7273	TTN	Pathogenic	GRCh38	1686283
single nucleotide variant	NM_001267550.2(TTN):c.38876-2A>C	7273	TTN	Pathogenic/Likely pathogenic	GRCh38	1695405
single nucleotide variant	NM_001267550.2(TTN):c.39109G>T (p.Glu13037Ter)	7273	TTN	Pathogenic	GRCh38	1695409
single nucleotide variant	NM_001267550.2(TTN):c.43960C>T (p.Gln14654Ter)	7273	TTN	Likely pathogenic	GRCh38	1696009
single nucleotide variant	NM_001267550.2(TTN):c.99135G>A (p.Trp33045Ter)	7273	TTN	Likely pathogenic	GRCh38	1700137
single nucleotide variant	NM_001267550.2(TTN):c.95341C>T (p.Arg31781Ter)	7273	TTN	Pathogenic/Likely pathogenic	GRCh38	1700262
single nucleotide variant	NM_001267550.2(TTN):c.33229A>T (p.Lys11077Ter)	7273	TTN	Likely pathogenic	GRCh38	1701400
single nucleotide variant	NM_001267550.2(TTN):c.77493G>A (p.Trp25831Ter)	7273	TTN	Likely pathogenic	GRCh38	1701920
single nucleotide variant	NM_001267550.2(TTN):c.57545-2A>G	7273	TTN	Pathogenic/Likely pathogenic	GRCh38	1701921
single nucleotide variant	NM_001267550.2(TTN):c.32452G>T (p.Glu10818Ter)	7273	TTN	Likely pathogenic	GRCh38	1701927
single nucleotide variant	NM_001267550.2(TTN):c.106552C>T (p.Gln35518Ter)	7273	TTN	Likely pathogenic	GRCh38	1703037
single nucleotide variant	NM_001267550.2(TTN):c.100766-1G>T	7273	TTN	Likely pathogenic	GRCh38	1704617
single nucleotide variant	NM_001267550.2(TTN):c.100891A>T (p.Lys33631Ter)	7273	TTN	Likely pathogenic	GRCh38	1708042
single nucleotide variant	NM_001267550.2(TTN):c.3727C>T (p.Gln1243Ter)	7273	TTN	Pathogenic	GRCh38	1711518
single nucleotide variant	NM_001267550.2(TTN):c.20837-2A>G	7273	TTN	Likely pathogenic	GRCh38	1722475
single nucleotide variant	NM_001267550.2(TTN):c.62654G>A (p.Trp20885Ter)	7273	TTN	Likely pathogenic	GRCh38	1732517
single nucleotide variant	NM_001267550.2(TTN):c.64397-1G>A	7273	TTN	Likely pathogenic	GRCh38	1734292
single nucleotide variant	NM_001267550.2(TTN):c.66159T>A (p.Tyr22053Ter)	7273	TTN	Likely pathogenic	GRCh38	1735940
single nucleotide variant	NM_001267550.2(TTN):c.68993C>A (p.Ser22998Ter)	7273	TTN	Likely pathogenic	GRCh38	1738465
single nucleotide variant	NM_001267550.2(TTN):c.4330G>T (p.Glu1444Ter)	7273	TTN	Likely pathogenic	GRCh38	1738582
single nucleotide variant	NM_001267550.2(TTN):c.71421T>G (p.Tyr23807Ter)	7273	TTN	Likely pathogenic	GRCh38	1740488
single nucleotide variant	NM_001267550.2(TTN):c.61770G>A (p.Trp20590Ter)	7273	TTN	Likely pathogenic	GRCh38	1731597
single nucleotide variant	NM_001267550.2(TTN):c.72632C>G (p.Ser24211Ter)	7273	TTN	Likely pathogenic	GRCh38	1741373
single nucleotide variant	NM_001267550.2(TTN):c.58606A>T (p.Lys19536Ter)	7273	TTN	Likely pathogenic	GRCh38	1728089
single nucleotide variant	NM_001267550.2(TTN):c.59767C>T (p.Gln19923Ter)	7273	TTN	Likely pathogenic	GRCh38	1729469
single nucleotide variant	NM_001267550.2(TTN):c.64810C>T (p.Arg21604Ter)	7273	TTN	Likely pathogenic	GRCh38	1734677
single nucleotide variant	NM_001267550.2(TTN):c.65040G>A (p.Trp21680Ter)	7273	TTN	Likely pathogenic	GRCh38	1734868
single nucleotide variant	NM_001267550.2(TTN):c.66679C>T (p.Gln22227Ter)	7273	TTN	Likely pathogenic	GRCh38	1736392
single nucleotide variant	NM_001267550.2(TTN):c.66846T>G (p.Tyr22282Ter)	7273	TTN	Likely pathogenic	GRCh38	1736548
single nucleotide variant	NM_001267550.2(TTN):c.68350G>T (p.Glu22784Ter)	7273	TTN	Likely pathogenic	GRCh38	1737951
single nucleotide variant	NM_001267550.2(TTN):c.76293T>G (p.Tyr25431Ter)	7273	TTN	Likely pathogenic	GRCh38	1744018
single nucleotide variant	NM_001267550.2(TTN):c.13174A>T (p.Arg4392Ter)	7273	TTN	Likely pathogenic	GRCh38	1749170
single nucleotide variant	NM_001267550.2(TTN):c.84583G>T (p.Glu28195Ter)	7273	TTN	Likely pathogenic	GRCh38	1749353
single nucleotide variant	NM_001267550.2(TTN):c.73200T>A (p.Tyr24400Ter)	7273	TTN	Likely pathogenic	GRCh38	1741820
single nucleotide variant	NM_001267550.2(TTN):c.81159T>A (p.Tyr27053Ter)	7273	TTN	Likely pathogenic	GRCh38	1747250
single nucleotide variant	NM_001267550.2(TTN):c.83935C>T (p.Gln27979Ter)	7273	TTN	Likely pathogenic	GRCh38	1748984
single nucleotide variant	NM_001267550.2(TTN):c.92404G>T (p.Gly30802Ter)	7273	TTN	Likely pathogenic	GRCh38	1754027
single nucleotide variant	NM_001267550.2(TTN):c.92568T>A (p.Tyr30856Ter)	7273	TTN	Likely pathogenic	GRCh38	1754087
single nucleotide variant	NM_001267550.2(TTN):c.92620G>T (p.Glu30874Ter)	7273	TTN	Likely pathogenic	GRCh38	1754119
single nucleotide variant	NM_001267550.2(TTN):c.80651T>A (p.Leu26884Ter)	7273	TTN	Likely pathogenic	GRCh38	1746950
single nucleotide variant	NM_001267550.2(TTN):c.13192C>T (p.Gln4398Ter)	7273	TTN	Likely pathogenic	GRCh38	1750211
single nucleotide variant	NM_001267550.2(TTN):c.4642G>T (p.Glu1548Ter)	7273	TTN	Likely pathogenic	GRCh38	1741071
single nucleotide variant	NM_001267550.2(TTN):c.74865G>A (p.Trp24955Ter)	7273	TTN	Likely pathogenic	GRCh38	1742923
single nucleotide variant	NM_001267550.2(TTN):c.77230A>T (p.Lys25744Ter)	7273	TTN	Likely pathogenic	GRCh38	1744725
single nucleotide variant	NM_001267550.2(TTN):c.77237C>A (p.Ser25746Ter)	7273	TTN	Likely pathogenic	GRCh38	1744732
single nucleotide variant	NM_001267550.2(TTN):c.79712T>G (p.Leu26571Ter)	7273	TTN	Likely pathogenic	GRCh38	1746367
single nucleotide variant	NM_001267550.2(TTN):c.82164C>G (p.Tyr27388Ter)	7273	TTN	Pathogenic	GRCh38	1747875
single nucleotide variant	NM_001267550.2(TTN):c.82184T>A (p.Leu27395Ter)	7273	TTN	Likely pathogenic	GRCh38	1747886
single nucleotide variant	NM_001267550.2(TTN):c.82401T>G (p.Tyr27467Ter)	7273	TTN	Likely pathogenic	GRCh38	1748080
single nucleotide variant	NM_001267550.2(TTN):c.96477C>A (p.Cys32159Ter)	7273	TTN	Likely pathogenic	GRCh38	1756188
single nucleotide variant	NM_001267550.2(TTN):c.9829C>T (p.Gln3277Ter)	7273	TTN	Likely pathogenic	GRCh38	1767805
single nucleotide variant	NM_001267550.2(TTN):c.98319T>G (p.Tyr32773Ter)	7273	TTN	Pathogenic	GRCh38	1757230
single nucleotide variant	NM_001267550.2(TTN):c.104924G>A (p.Trp34975Ter)	7273	TTN	Likely pathogenic	GRCh38	1760554
single nucleotide variant	NM_001267550.2(TTN):c.104941G>T (p.Glu34981Ter)	7273	TTN	Likely pathogenic	GRCh38	1760560
single nucleotide variant	NM_001267550.2(TTN):c.13729G>T (p.Glu4577Ter)	7273	TTN	Likely pathogenic	GRCh38	1763714
single nucleotide variant	NM_001267550.2(TTN):c.94190C>A (p.Ser31397Ter)	7273	TTN	Likely pathogenic	GRCh38	1754932
single nucleotide variant	NM_001267550.2(TTN):c.94562C>G (p.Ser31521Ter)	7273	TTN	Likely pathogenic	GRCh38	1755162
single nucleotide variant	NM_001267550.2(TTN):c.104265C>G (p.Tyr34755Ter)	7273	TTN	Likely pathogenic	GRCh38	1760238
single nucleotide variant	NM_001267550.2(TTN):c.9565C>T (p.Gln3189Ter)	7273	TTN	Likely pathogenic	GRCh38	1766916
single nucleotide variant	NM_001267550.2(TTN):c.43816C>T (p.Gln14606Ter)	7273	TTN	Likely pathogenic	GRCh38	1777501
single nucleotide variant	NM_001267550.2(TTN):c.13937C>G (p.Ser4646Ter)	7273	TTN	Likely pathogenic	GRCh38	1768519
single nucleotide variant	NM_001267550.2(TTN):c.14301C>A (p.Cys4767Ter)	7273	TTN	Pathogenic/Likely pathogenic	GRCh38	1769911
single nucleotide variant	NM_001267550.2(TTN):c.45617-1G>C	7273	TTN	Likely pathogenic	GRCh38	1781177
single nucleotide variant	NM_001267550.2(TTN):c.53649G>A (p.Trp17883Ter)	7273	TTN	Likely pathogenic	GRCh38	1794235
single nucleotide variant	NM_001267550.2(TTN):c.48638+2T>G	7273	TTN	Likely pathogenic	GRCh38	1786624
single nucleotide variant	NM_001267550.2(TTN):c.48760+1G>T	7273	TTN	Likely pathogenic	GRCh38	1786814
single nucleotide variant	NM_001267550.2(TTN):c.48760G>T (p.Glu16254Ter)	7273	TTN	Likely pathogenic	GRCh38	1786815
single nucleotide variant	NM_001267550.2(TTN):c.49648+1G>T	7273	TTN	Pathogenic/Likely pathogenic	GRCh38	1788327
single nucleotide variant	NM_001267550.2(TTN):c.49658G>A (p.Trp16553Ter)	7273	TTN	Likely pathogenic	GRCh38	1788342
single nucleotide variant	NM_001267550.2(TTN):c.50767G>T (p.Glu16923Ter)	7273	TTN	Likely pathogenic	GRCh38	1790085
single nucleotide variant	NM_001267550.2(TTN):c.52041T>A (p.Tyr17347Ter)	7273	TTN	Likely pathogenic	GRCh38	1791958
single nucleotide variant	NM_001267550.2(TTN):c.49500C>A (p.Cys16500Ter)	7273	TTN	Likely pathogenic	GRCh38	1788096
single nucleotide variant	NM_001267550.2(TTN):c.48286G>T (p.Glu16096Ter)	7273	TTN	Likely pathogenic	GRCh38	1786018
single nucleotide variant	NM_001267550.2(TTN):c.50315G>A (p.Trp16772Ter)	7273	TTN	Likely pathogenic	GRCh38	1789451
single nucleotide variant	NM_001267550.2(TTN):c.51424C>T (p.Gln17142Ter)	7273	TTN	Likely pathogenic	GRCh38	1791035
single nucleotide variant	NM_001267550.2(TTN):c.51503G>A (p.Trp17168Ter)	7273	TTN	Likely pathogenic	GRCh38	1791159
single nucleotide variant	NM_001267550.2(TTN):c.55269+1G>A	7273	TTN	Likely pathogenic	GRCh38	1796273
single nucleotide variant	NM_001267550.2(TTN):c.54812-2A>T	7273	TTN	Likely pathogenic	GRCh38	1795690
single nucleotide variant	NM_001267550.2(TTN):c.54652C>T (p.Arg18218Ter)	7273	TTN	Likely pathogenic	GRCh38	1795471
single nucleotide variant	NM_001267550.2(TTN):c.57262+1G>A	7273	TTN	Likely pathogenic	GRCh38	1798740
single nucleotide variant	NM_001267550.2(TTN):c.57377G>A (p.Trp19126Ter)	7273	TTN	Likely pathogenic	GRCh38	1798873
single nucleotide variant	NM_001267550.2(TTN):c.49949-2A>T	7273	TTN	Likely pathogenic	GRCh38	1803486
single nucleotide variant	NM_001267550.2(TTN):c.52769G>A (p.Trp17590Ter)	7273	TTN	Likely pathogenic	GRCh38	1809783
single nucleotide variant	NM_001267550.2(TTN):c.67302T>G (p.Tyr22434Ter)	7273	TTN	Likely pathogenic	GRCh38	1809788
single nucleotide variant	NM_001267550.2(TTN):c.67900G>T (p.Gly22634Ter)	7273	TTN	Likely pathogenic	GRCh38	1809789
single nucleotide variant	NM_001267550.2(TTN):c.68737G>T (p.Glu22913Ter)	7273	TTN	Likely pathogenic	GRCh38	1809790
single nucleotide variant	NM_001267550.2(TTN):c.93974C>A (p.Ser31325Ter)	7273	TTN	Likely pathogenic	GRCh38	1809793
single nucleotide variant	NM_001267550.2(TTN):c.13732G>T (p.Glu4578Ter)	7273	TTN	Likely pathogenic	GRCh38	1809797
single nucleotide variant	NM_001267550.2(TTN):c.42978C>A (p.Tyr14326Ter)	7273	TTN	Likely pathogenic	GRCh38	2161587
single nucleotide variant	NM_001267550.2(TTN):c.51436+2T>C	7273	TTN	Pathogenic	GRCh38	2157228
single nucleotide variant	NM_001267550.2(TTN):c.36280+2T>G	7273	TTN	Likely pathogenic	GRCh38	2168456
single nucleotide variant	NM_001267550.2(TTN):c.40057+1G>A	7273	TTN	Likely pathogenic	GRCh38	2170186
single nucleotide variant	NM_001267550.2(TTN):c.30598G>T (p.Glu10200Ter)	7273	TTN	Likely pathogenic	GRCh38	2166097
single nucleotide variant	NM_001267550.2(TTN):c.106978C>T (p.Gln35660Ter)	7273	TTN	Likely pathogenic	GRCh38	2203214
single nucleotide variant	NM_001267550.2(TTN):c.92146C>T (p.Gln30716Ter)	7273	TTN	Likely pathogenic	GRCh38	2203216
single nucleotide variant	NM_001267550.2(TTN):c.87179C>G (p.Ser29060Ter)	7273	TTN	Likely pathogenic	GRCh38	2203219
single nucleotide variant	NM_001267550.2(TTN):c.80539C>T (p.Gln26847Ter)	7273	TTN	Pathogenic/Likely pathogenic	GRCh38	2203220
single nucleotide variant	NM_001267550.2(TTN):c.66254C>A (p.Ser22085Ter)	7273	TTN	Likely pathogenic	GRCh38	2203222
single nucleotide variant	NM_001267550.2(TTN):c.50467C>T (p.Gln16823Ter)	7273	TTN	Pathogenic/Likely pathogenic	GRCh38	2203223
single nucleotide variant	NM_001267550.2(TTN):c.14372-2A>G	7273	TTN	Pathogenic	GRCh38	2203227
single nucleotide variant	NM_001267550.2(TTN):c.18718C>T (p.Arg6240Ter)	7273	TTN	Likely pathogenic	GRCh38	2193650
single nucleotide variant	NM_001267550.2(TTN):c.39974-1G>A	7273	TTN	Likely pathogenic	GRCh38	2201843
single nucleotide variant	NM_001267550.2(TTN):c.89040G>A (p.Trp29680Ter)	7273	TTN	Likely pathogenic	GRCh38	1878393
single nucleotide variant	NM_001267550.2(TTN):c.55636G>T (p.Glu18546Ter)	7273	TTN	Likely pathogenic	GRCh38	1878986
single nucleotide variant	NM_001267550.2(TTN):c.74080G>T (p.Glu24694Ter)	7273	TTN	Likely pathogenic	GRCh38	1879007
single nucleotide variant	NM_001267550.2(TTN):c.54812-1G>A	7273	TTN	Likely pathogenic	GRCh38	1879502
single nucleotide variant	NM_001267550.2(TTN):c.60049C>T (p.Gln20017Ter)	7273	TTN	Likely pathogenic	GRCh38	2418891
single nucleotide variant	NM_001267550.2(TTN):c.49345+1G>T	7273	TTN	Likely pathogenic	GRCh38	2421754
single nucleotide variant	NM_001267550.2(TTN):c.83232T>A (p.Tyr27744Ter)	7273	TTN	Likely pathogenic	GRCh38	2416467
single nucleotide variant	NM_001267550.2(TTN):c.21788G>A (p.Trp7263Ter)	7273	TTN	Likely pathogenic	GRCh38	1902524
single nucleotide variant	NM_001267550.2(TTN):c.79639C>T (p.Arg26547Ter)	7273	TTN	Likely pathogenic	GRCh38	1904518
single nucleotide variant	NM_001267550.2(TTN):c.44869G>T (p.Glu14957Ter)	7273	TTN	Likely pathogenic	GRCh38	1915236
single nucleotide variant	NM_001267550.2(TTN):c.80801C>G (p.Ser26934Ter)	7273	TTN	Likely pathogenic	GRCh38	1916468
single nucleotide variant	NM_001267550.2(TTN):c.7275C>G (p.Tyr2425Ter)	7273	TTN	Likely pathogenic	GRCh38	1933218
single nucleotide variant	NM_001267550.2(TTN):c.96838C>T (p.Gln32280Ter)	7273	TTN	Likely pathogenic	GRCh38	1929281
single nucleotide variant	NM_001267550.2(TTN):c.94067G>A (p.Trp31356Ter)	7273	TTN	Likely pathogenic	GRCh38	1933005
single nucleotide variant	NM_001267550.2(TTN):c.64672+2T>A	7273	TTN	Likely pathogenic	GRCh38	1932484
single nucleotide variant	NM_001267550.2(TTN):c.6061C>T (p.Arg2021Ter)	7273	TTN	Pathogenic/Likely pathogenic	GRCh38	1940035
single nucleotide variant	NM_001267550.2(TTN):c.427G>T (p.Glu143Ter)	7273	TTN	Likely pathogenic	GRCh38	1946870
single nucleotide variant	NM_001267550.2(TTN):c.13911G>A (p.Trp4637Ter)	7273	TTN	Likely pathogenic	GRCh38	1960506
single nucleotide variant	NM_001267550.2(TTN):c.33247+2T>A	7273	TTN	Likely pathogenic	GRCh38	1961572
single nucleotide variant	NM_001267550.2(TTN):c.64516G>T (p.Glu21506Ter)	7273	TTN	Likely pathogenic	GRCh38	1954216
single nucleotide variant	NM_001267550.2(TTN):c.40787-2A>G	7273	TTN	Likely pathogenic	GRCh38	1969495
single nucleotide variant	NM_001267550.2(TTN):c.13329C>G (p.Tyr4443Ter)	7273	TTN	Likely pathogenic	GRCh38	1977639
single nucleotide variant	NM_001267550.2(TTN):c.14484G>A (p.Trp4828Ter)	7273	TTN	Likely pathogenic	GRCh38	1972628
single nucleotide variant	NM_001267550.2(TTN):c.1398+1G>A	7273	TTN	Likely pathogenic	GRCh38	1975667
single nucleotide variant	NM_001267550.2(TTN):c.23939-1G>T	7273	TTN	Likely pathogenic	GRCh38	1977054
single nucleotide variant	NM_001267550.2(TTN):c.105486G>A (p.Trp35162Ter)	7273	TTN	Likely pathogenic	GRCh38	1965233
single nucleotide variant	NM_001267550.2(TTN):c.10C>T (p.Gln4Ter)	7273	TTN	Likely pathogenic	GRCh38	1970532
single nucleotide variant	NM_001267550.2(TTN):c.36044-2A>C	7273	TTN	Likely pathogenic	GRCh38	1982651
single nucleotide variant	NM_001267550.2(TTN):c.23204G>A (p.Trp7735Ter)	7273	TTN	Pathogenic/Likely pathogenic	GRCh38	1989653
single nucleotide variant	NM_001267550.2(TTN):c.25064-1G>A	7273	TTN	Likely pathogenic	GRCh38	1978755
single nucleotide variant	NM_001267550.2(TTN):c.33580+2T>C	7273	TTN	Likely pathogenic	GRCh38	1982571
single nucleotide variant	NM_001267550.2(TTN):c.45083-1G>A	7273	TTN	Likely pathogenic	GRCh38	1983751
single nucleotide variant	NM_001267550.2(TTN):c.47414G>A (p.Trp15805Ter)	7273	TTN	Likely pathogenic	GRCh38	1987398
single nucleotide variant	NM_001267550.2(TTN):c.36280+1G>T	7273	TTN	Likely pathogenic	GRCh38	1995370
single nucleotide variant	NM_001267550.2(TTN):c.107617G>T (p.Gly35873Ter)	7273	TTN	Likely pathogenic	GRCh38	1998775
single nucleotide variant	NM_001267550.2(TTN):c.52604T>G (p.Leu17535Ter)	7273	TTN	Likely pathogenic	GRCh38	2003722
single nucleotide variant	NM_001267550.2(TTN):c.73148C>A (p.Ser24383Ter)	7273	TTN	Likely pathogenic	GRCh38	1999742
single nucleotide variant	NM_001267550.2(TTN):c.71244G>A (p.Trp23748Ter)	7273	TTN	Likely pathogenic	GRCh38	2000095
single nucleotide variant	NM_001267550.2(TTN):c.70133G>A (p.Trp23378Ter)	7273	TTN	Likely pathogenic	GRCh38	2001552
single nucleotide variant	NM_001267550.2(TTN):c.8067T>A (p.Tyr2689Ter)	7273	TTN	Likely pathogenic	GRCh38	2005025
single nucleotide variant	NM_001267550.2(TTN):c.35125A>T (p.Arg11709Ter)	7273	TTN	Likely pathogenic	GRCh38	2005237
single nucleotide variant	NM_001267550.2(TTN):c.22528G>T (p.Glu7510Ter)	7273	TTN	Likely pathogenic	GRCh38	2001068
single nucleotide variant	NM_001267550.2(TTN):c.45724A>T (p.Arg15242Ter)	7273	TTN	Pathogenic/Likely pathogenic	GRCh38	2002987
single nucleotide variant	NM_001267550.2(TTN):c.26800G>T (p.Glu8934Ter)	7273	TTN	Likely pathogenic	GRCh38	2002996
single nucleotide variant	NM_001267550.2(TTN):c.107223+2T>C	7273	TTN	Likely pathogenic	GRCh38	2004733
single nucleotide variant	NM_001267550.2(TTN):c.93772G>T (p.Glu31258Ter)	7273	TTN	Likely pathogenic	GRCh38	1993916
single nucleotide variant	NM_001267550.2(TTN):c.49648+1G>A	7273	TTN	Likely pathogenic	GRCh38	2004204
single nucleotide variant	NM_001267550.2(TTN):c.87505C>T (p.Gln29169Ter)	7273	TTN	Likely pathogenic	GRCh38	2009124
single nucleotide variant	NM_001267550.2(TTN):c.69379C>T (p.Gln23127Ter)	7273	TTN	Likely pathogenic	GRCh38	2010882
single nucleotide variant	NM_001267550.2(TTN):c.93288T>A (p.Tyr31096Ter)	7273	TTN	Likely pathogenic	GRCh38	2013960
single nucleotide variant	NM_001267550.2(TTN):c.103678A>T (p.Lys34560Ter)	7273	TTN	Likely pathogenic	GRCh38	2014004
single nucleotide variant	NM_001267550.2(TTN):c.94032C>A (p.Tyr31344Ter)	7273	TTN	Likely pathogenic	GRCh38	2014122
single nucleotide variant	NM_001267550.2(TTN):c.10115-2A>G	7273	TTN	Likely pathogenic	GRCh38	2017666
single nucleotide variant	NM_001267550.2(TTN):c.61012G>T (p.Gly20338Ter)	7273	TTN	Likely pathogenic	GRCh38	2017742
single nucleotide variant	NM_001267550.2(TTN):c.59158C>T (p.Gln19720Ter)	7273	TTN	Likely pathogenic	GRCh38	2006857
single nucleotide variant	NM_001267550.2(TTN):c.12891C>A (p.Cys4297Ter)	7273	TTN	Likely pathogenic	GRCh38	2006858
single nucleotide variant	NM_001267550.2(TTN):c.46237C>T (p.Gln15413Ter)	7273	TTN	Likely pathogenic	GRCh38	2011785
single nucleotide variant	NM_001267550.2(TTN):c.103489C>T (p.Gln34497Ter)	7273	TTN	Likely pathogenic	GRCh38	2011787
single nucleotide variant	NM_001267550.2(TTN):c.39313G>T (p.Glu13105Ter)	7273	TTN	Likely pathogenic	GRCh38	2017182
single nucleotide variant	NM_001267550.2(TTN):c.56584C>T (p.Gln18862Ter)	7273	TTN	Likely pathogenic	GRCh38	2018985
single nucleotide variant	NM_001267550.2(TTN):c.55885G>T (p.Glu18629Ter)	7273	TTN	Likely pathogenic	GRCh38	2007935
single nucleotide variant	NM_001267550.2(TTN):c.94581G>A (p.Trp31527Ter)	7273	TTN	Likely pathogenic	GRCh38	2018576
single nucleotide variant	NM_001267550.2(TTN):c.54514A>T (p.Lys18172Ter)	7273	TTN	Likely pathogenic	GRCh38	2010917
single nucleotide variant	NM_001267550.2(TTN):c.57345T>A (p.Tyr19115Ter)	7273	TTN	Likely pathogenic	GRCh38	2012961
single nucleotide variant	NM_001267550.2(TTN):c.31679-1G>A	7273	TTN	Likely pathogenic	GRCh38	2016357
single nucleotide variant	NM_001267550.2(TTN):c.46304+1G>T	7273	TTN	Likely pathogenic	GRCh38	2020804
single nucleotide variant	NM_001267550.2(TTN):c.81805G>T (p.Glu27269Ter)	7273	TTN	Likely pathogenic	GRCh38	2020828
single nucleotide variant	NM_001267550.2(TTN):c.45667C>T (p.Gln15223Ter)	7273	TTN	Likely pathogenic	GRCh38	2020830
single nucleotide variant	NM_001267550.2(TTN):c.67655T>G (p.Leu22552Ter)	7273	TTN	Likely pathogenic	GRCh38	2022757
single nucleotide variant	NM_001267550.2(TTN):c.66306G>A (p.Trp22102Ter)	7273	TTN	Likely pathogenic	GRCh38	2027856
single nucleotide variant	NM_001267550.2(TTN):c.79602G>A (p.Trp26534Ter)	7273	TTN	Likely pathogenic	GRCh38	2027894
single nucleotide variant	NM_001267550.2(TTN):c.62408G>A (p.Trp20803Ter)	7273	TTN	Likely pathogenic	GRCh38	2029642
single nucleotide variant	NM_001267550.2(TTN):c.70917T>A (p.Tyr23639Ter)	7273	TTN	Likely pathogenic	GRCh38	2032875
single nucleotide variant	NM_001267550.2(TTN):c.44584C>T (p.Gln14862Ter)	7273	TTN	Likely pathogenic	GRCh38	2020665
single nucleotide variant	NM_001267550.2(TTN):c.55927C>T (p.Gln18643Ter)	7273	TTN	Likely pathogenic	GRCh38	2022400
single nucleotide variant	NM_001267550.2(TTN):c.73646C>G (p.Ser24549Ter)	7273	TTN	Likely pathogenic	GRCh38	2025609
single nucleotide variant	NM_001267550.2(TTN):c.45431C>A (p.Ser15144Ter)	7273	TTN	Likely pathogenic	GRCh38	2025761
single nucleotide variant	NM_001267550.2(TTN):c.15496G>T (p.Glu5166Ter)	7273	TTN	Likely pathogenic	GRCh38	2027382
single nucleotide variant	NM_001267550.2(TTN):c.66637C>T (p.Gln22213Ter)	7273	TTN	Likely pathogenic	GRCh38	2028868
single nucleotide variant	NM_001267550.2(TTN):c.50692A>T (p.Lys16898Ter)	7273	TTN	Likely pathogenic	GRCh38	2028978
single nucleotide variant	NM_001267550.2(TTN):c.29440G>T (p.Gly9814Ter)	7273	TTN	Likely pathogenic	GRCh38	2030946
single nucleotide variant	NM_001267550.2(TTN):c.42181A>T (p.Lys14061Ter)	7273	TTN	Likely pathogenic	GRCh38	2020190
single nucleotide variant	NM_001267550.2(TTN):c.86392A>T (p.Arg28798Ter)	7273	TTN	Likely pathogenic	GRCh38	2023393
single nucleotide variant	NM_001267550.2(TTN):c.9325A>T (p.Lys3109Ter)	7273	TTN	Likely pathogenic	GRCh38	2023459
single nucleotide variant	NM_001267550.2(TTN):c.94418T>A (p.Leu31473Ter)	7273	TTN	Likely pathogenic	GRCh38	2023627
single nucleotide variant	NM_001267550.2(TTN):c.7906G>T (p.Glu2636Ter)	7273	TTN	Likely pathogenic	GRCh38	2025032
single nucleotide variant	NM_001267550.2(TTN):c.48110T>A (p.Leu16037Ter)	7273	TTN	Likely pathogenic	GRCh38	2025117
single nucleotide variant	NM_001267550.2(TTN):c.100594C>T (p.Gln33532Ter)	7273	TTN	Likely pathogenic	GRCh38	2025255
single nucleotide variant	NM_001267550.2(TTN):c.97637G>A (p.Trp32546Ter)	7273	TTN	Likely pathogenic	GRCh38	2027085
single nucleotide variant	NM_001267550.2(TTN):c.669+2T>C	7273	TTN	Pathogenic/Likely pathogenic	GRCh38	2030359
single nucleotide variant	NM_001267550.2(TTN):c.56715G>A (p.Trp18905Ter)	7273	TTN	Likely pathogenic	GRCh38	2030447
single nucleotide variant	NM_001267550.2(TTN):c.78110G>A (p.Trp26037Ter)	7273	TTN	Likely pathogenic	GRCh38	2031879
single nucleotide variant	NM_001267550.2(TTN):c.60918C>G (p.Tyr20306Ter)	7273	TTN	Likely pathogenic	GRCh38	2031959
single nucleotide variant	NM_001267550.2(TTN):c.58260G>A (p.Trp19420Ter)	7273	TTN	Likely pathogenic	GRCh38	2032123
single nucleotide variant	NM_001267550.2(TTN):c.95848G>T (p.Glu31950Ter)	7273	TTN	Likely pathogenic	GRCh38	2032244
single nucleotide variant	NM_001267550.2(TTN):c.64033G>T (p.Glu21345Ter)	7273	TTN	Likely pathogenic	GRCh38	2021342
single nucleotide variant	NM_001267550.2(TTN):c.77605G>T (p.Gly25869Ter)	7273	TTN	Likely pathogenic	GRCh38	2024897
single nucleotide variant	NM_001267550.2(TTN):c.101704G>T (p.Glu33902Ter)	7273	TTN	Likely pathogenic	GRCh38	2024943
single nucleotide variant	NM_001267550.2(TTN):c.6509-1G>T	7273	TTN	Likely pathogenic	GRCh38	2024955
single nucleotide variant	NM_001267550.2(TTN):c.101129G>A (p.Trp33710Ter)	7273	TTN	Likely pathogenic	GRCh38	2026496
single nucleotide variant	NM_001267550.2(TTN):c.30223+1G>T	7273	TTN	Likely pathogenic	GRCh38	2028201
single nucleotide variant	NM_001267550.2(TTN):c.36364+2T>A	7273	TTN	Likely pathogenic	GRCh38	2036428
single nucleotide variant	NM_001267550.2(TTN):c.56401C>T (p.Gln18801Ter)	7273	TTN	Likely pathogenic	GRCh38	2034377
single nucleotide variant	NM_001267550.2(TTN):c.65792C>G (p.Ser21931Ter)	7273	TTN	Likely pathogenic	GRCh38	2035749
single nucleotide variant	NM_001267550.2(TTN):c.29599A>T (p.Arg9867Ter)	7273	TTN	Likely pathogenic	GRCh38	2036132
single nucleotide variant	NM_001267550.2(TTN):c.97358C>G (p.Ser32453Ter)	7273	TTN	Likely pathogenic	GRCh38	2039459
single nucleotide variant	NM_001267550.2(TTN):c.51871G>T (p.Glu17291Ter)	7273	TTN	Likely pathogenic	GRCh38	2042866
single nucleotide variant	NM_001267550.2(TTN):c.3553C>T (p.Gln1185Ter)	7273	TTN	Likely pathogenic	GRCh38	2044567
single nucleotide variant	NM_001267550.2(TTN):c.73619G>A (p.Trp24540Ter)	7273	TTN	Likely pathogenic	GRCh38	2044570
single nucleotide variant	NM_001267550.2(TTN):c.75895A>T (p.Lys25299Ter)	7273	TTN	Likely pathogenic	GRCh38	2044744
single nucleotide variant	NM_001267550.2(TTN):c.42281C>G (p.Ser14094Ter)	7273	TTN	Likely pathogenic	GRCh38	2035510
single nucleotide variant	NM_001267550.2(TTN):c.61675C>T (p.Gln20559Ter)	7273	TTN	Likely pathogenic	GRCh38	2037069
single nucleotide variant	NM_001267550.2(TTN):c.36203-1G>T	7273	TTN	Pathogenic	GRCh38	2038900
single nucleotide variant	NM_001267550.2(TTN):c.80997T>A (p.Tyr26999Ter)	7273	TTN	Likely pathogenic	GRCh38	2045938
single nucleotide variant	NM_001267550.2(TTN):c.56999G>A (p.Trp19000Ter)	7273	TTN	Likely pathogenic	GRCh38	2035020
single nucleotide variant	NM_001267550.2(TTN):c.46939G>T (p.Glu15647Ter)	7273	TTN	Likely pathogenic	GRCh38	2036722
single nucleotide variant	NM_001267550.2(TTN):c.54812-1G>C	7273	TTN	Likely pathogenic	GRCh38	2036867
single nucleotide variant	NM_001267550.2(TTN):c.24244C>T (p.Gln8082Ter)	7273	TTN	Likely pathogenic	GRCh38	2048602
single nucleotide variant	NM_001267550.2(TTN):c.14212C>T (p.Arg4738Ter)	7273	TTN	Likely pathogenic	GRCh38	2050263
single nucleotide variant	NM_001267550.2(TTN):c.104012T>G (p.Leu34671Ter)	7273	TTN	Likely pathogenic	GRCh38	2057994
single nucleotide variant	NM_001267550.2(TTN):c.75865G>T (p.Glu25289Ter)	7273	TTN	Likely pathogenic	GRCh38	2070464
single nucleotide variant	NM_001267550.2(TTN):c.44154+1G>C	7273	TTN	Likely pathogenic	GRCh38	2061724
single nucleotide variant	NM_001267550.2(TTN):c.66361C>T (p.Gln22121Ter)	7273	TTN	Likely pathogenic	GRCh38	2067085
single nucleotide variant	NM_001267550.2(TTN):c.21014T>G (p.Leu7005Ter)	7273	TTN	Likely pathogenic	GRCh38	2069443
single nucleotide variant	NM_001267550.2(TTN):c.32096-1G>T	7273	TTN	Likely pathogenic	GRCh38	2072535
single nucleotide variant	NM_001267550.2(TTN):c.39727G>T (p.Glu13243Ter)	7273	TTN	Likely pathogenic	GRCh38	2075133
single nucleotide variant	NM_001267550.2(TTN):c.99583C>T (p.Gln33195Ter)	7273	TTN	Likely pathogenic	GRCh38	2078679
single nucleotide variant	NM_001267550.2(TTN):c.1252C>T (p.Gln418Ter)	7273	TTN	Likely pathogenic	GRCh38	2076441
single nucleotide variant	NM_001267550.2(TTN):c.57115A>T (p.Lys19039Ter)	7273	TTN	Likely pathogenic	GRCh38	2086791
single nucleotide variant	NM_001267550.2(TTN):c.77546C>G (p.Ser25849Ter)	7273	TTN	Likely pathogenic	GRCh38	2076211
single nucleotide variant	NM_001267550.2(TTN):c.53354G>A (p.Trp17785Ter)	7273	TTN	Likely pathogenic	GRCh38	2083025
single nucleotide variant	NM_001267550.2(TTN):c.5884C>T (p.Gln1962Ter)	7273	TTN	Likely pathogenic	GRCh38	2098186
single nucleotide variant	NM_001267550.2(TTN):c.93153T>G (p.Tyr31051Ter)	7273	TTN	Likely pathogenic	GRCh38	2097597
single nucleotide variant	NM_001267550.2(TTN):c.87624C>G (p.Tyr29208Ter)	7273	TTN	Pathogenic	GRCh38	2093525
single nucleotide variant	NM_001267550.2(TTN):c.25765G>T (p.Glu8589Ter)	7273	TTN	Likely pathogenic	GRCh38	2093844
single nucleotide variant	NM_001267550.2(TTN):c.100342C>T (p.Arg33448Ter)	7273	TTN	Pathogenic/Likely pathogenic	GRCh38	2099057
single nucleotide variant	NM_001267550.2(TTN):c.87340A>T (p.Arg29114Ter)	7273	TTN	Likely pathogenic	GRCh38	2100647
single nucleotide variant	NM_001267550.2(TTN):c.99181G>T (p.Gly33061Ter)	7273	TTN	Likely pathogenic	GRCh38	2100760
single nucleotide variant	NM_001267550.2(TTN):c.64890C>A (p.Tyr21630Ter)	7273	TTN	Likely pathogenic	GRCh38	2089783
single nucleotide variant	NM_001267550.2(TTN):c.43319G>A (p.Trp14440Ter)	7273	TTN	Likely pathogenic	GRCh38	2090015
single nucleotide variant	NM_001267550.2(TTN):c.24227-2A>G	7273	TTN	Likely pathogenic	GRCh38	2090016
single nucleotide variant	NM_001267550.2(TTN):c.57069C>G (p.Tyr19023Ter)	7273	TTN	Likely pathogenic	GRCh38	2095224
single nucleotide variant	NM_001267550.2(TTN):c.6332G>A (p.Trp2111Ter)	7273	TTN	Likely pathogenic	GRCh38	2098411
single nucleotide variant	NM_001267550.2(TTN):c.85493G>A (p.Trp28498Ter)	7273	TTN	Likely pathogenic	GRCh38	2100086
single nucleotide variant	NM_001267550.2(TTN):c.2557C>T (p.Gln853Ter)	7273	TTN	Likely pathogenic	GRCh38	2103206
single nucleotide variant	NM_001267550.2(TTN):c.89684C>G (p.Ser29895Ter)	7273	TTN	Likely pathogenic	GRCh38	2109956
single nucleotide variant	NM_001267550.2(TTN):c.94365G>A (p.Trp31455Ter)	7273	TTN	Likely pathogenic	GRCh38	2111718
single nucleotide variant	NM_001267550.2(TTN):c.103644T>G (p.Tyr34548Ter)	7273	TTN	Likely pathogenic	GRCh38	2112078
single nucleotide variant	NM_001267550.2(TTN):c.73998T>A (p.Cys24666Ter)	7273	TTN	Likely pathogenic	GRCh38	2102752
single nucleotide variant	NM_001267550.2(TTN):c.66885G>A (p.Trp22295Ter)	7273	TTN	Likely pathogenic	GRCh38	2102839
single nucleotide variant	NM_001267550.2(TTN):c.67490G>A (p.Trp22497Ter)	7273	TTN	Likely pathogenic	GRCh38	2109698
single nucleotide variant	NM_001267550.2(TTN):c.73110G>A (p.Trp24370Ter)	7273	TTN	Likely pathogenic	GRCh38	2109910
single nucleotide variant	NM_001267550.2(TTN):c.50163T>G (p.Tyr16721Ter)	7273	TTN	Likely pathogenic	GRCh38	2115058
single nucleotide variant	NM_001267550.2(TTN):c.40222+1G>A	7273	TTN	Likely pathogenic	GRCh38	2102380
single nucleotide variant	NM_001267550.2(TTN):c.3310C>T (p.Gln1104Ter)	7273	TTN	Likely pathogenic	GRCh38	2110927
single nucleotide variant	NM_001267550.2(TTN):c.35309-1G>A	7273	TTN	Likely pathogenic	GRCh38	2112651
single nucleotide variant	NM_001267550.2(TTN):c.104779A>T (p.Lys34927Ter)	7273	TTN	Likely pathogenic	GRCh38	2102023
single nucleotide variant	NM_001267550.2(TTN):c.40223-1G>A	7273	TTN	Likely pathogenic	GRCh38	2103657
single nucleotide variant	NM_001267550.2(TTN):c.95446G>T (p.Glu31816Ter)	7273	TTN	Likely pathogenic	GRCh38	2113927
single nucleotide variant	NM_001267550.2(TTN):c.32656C>T (p.Gln10886Ter)	7273	TTN	Likely pathogenic	GRCh38	2116956
single nucleotide variant	NM_001267550.2(TTN):c.19237G>T (p.Glu6413Ter)	7273	TTN	Likely pathogenic	GRCh38	2122401
single nucleotide variant	NM_001267550.2(TTN):c.58417C>T (p.Gln19473Ter)	7273	TTN	Likely pathogenic	GRCh38	2122403
single nucleotide variant	NM_001267550.2(TTN):c.17182+1G>A	7273	TTN	Likely pathogenic	GRCh38	2124023
single nucleotide variant	NM_001267550.2(TTN):c.51574G>T (p.Glu17192Ter)	7273	TTN	Likely pathogenic	GRCh38	2124027
single nucleotide variant	NM_001267550.2(TTN):c.83297C>A (p.Ser27766Ter)	7273	TTN	Likely pathogenic	GRCh38	2125440
single nucleotide variant	NM_001267550.2(TTN):c.31735A>T (p.Lys10579Ter)	7273	TTN	Likely pathogenic	GRCh38	2127371
single nucleotide variant	NM_001267550.2(TTN):c.47379C>G (p.Tyr15793Ter)	7273	TTN	Likely pathogenic	GRCh38	2127546
single nucleotide variant	NM_001267550.2(TTN):c.49533-1G>C	7273	TTN	Likely pathogenic	GRCh38	2129197
single nucleotide variant	NM_001267550.2(TTN):c.10144A>T (p.Lys3382Ter)	7273	TTN	Likely pathogenic	GRCh38	2116786
single nucleotide variant	NM_001267550.2(TTN):c.39895+2T>C	7273	TTN	Likely pathogenic	GRCh38	2119860
single nucleotide variant	NM_001267550.2(TTN):c.97193-2A>C	7273	TTN	Likely pathogenic	GRCh38	2123661
single nucleotide variant	NM_001267550.2(TTN):c.96742A>T (p.Arg32248Ter)	7273	TTN	Likely pathogenic	GRCh38	2125429
single nucleotide variant	NM_001267550.2(TTN):c.79523G>A (p.Trp26508Ter)	7273	TTN	Likely pathogenic	GRCh38	2126845
single nucleotide variant	NM_001267550.2(TTN):c.62742T>G (p.Tyr20914Ter)	7273	TTN	Likely pathogenic	GRCh38	2126864
single nucleotide variant	NM_001267550.2(TTN):c.67297G>T (p.Glu22433Ter)	7273	TTN	Likely pathogenic	GRCh38	2116247
single nucleotide variant	NM_001267550.2(TTN):c.3829G>T (p.Glu1277Ter)	7273	TTN	Likely pathogenic	GRCh38	2117805
single nucleotide variant	NM_001267550.2(TTN):c.75448C>T (p.Gln25150Ter)	7273	TTN	Likely pathogenic	GRCh38	2119677
single nucleotide variant	NM_001267550.2(TTN):c.915-2A>G	7273	TTN	Likely pathogenic	GRCh38	2119745
single nucleotide variant	NM_001267550.2(TTN):c.44438C>G (p.Ser14813Ter)	7273	TTN	Likely pathogenic	GRCh38	2123168
single nucleotide variant	NM_001267550.2(TTN):c.69861G>A (p.Trp23287Ter)	7273	TTN	Likely pathogenic	GRCh38	2123171
single nucleotide variant	NM_001267550.2(TTN):c.48760+1G>A	7273	TTN	Likely pathogenic	GRCh38	2124930
single nucleotide variant	NM_001267550.2(TTN):c.77751T>A (p.Tyr25917Ter)	7273	TTN	Likely pathogenic	GRCh38	2124939
single nucleotide variant	NM_001267550.2(TTN):c.30889G>T (p.Glu10297Ter)	7273	TTN	Likely pathogenic	GRCh38	2128291
single nucleotide variant	NM_001267550.2(TTN):c.77785C>T (p.Gln25929Ter)	7273	TTN	Likely pathogenic	GRCh38	2128348
single nucleotide variant	NM_001267550.2(TTN):c.90152G>A (p.Trp30051Ter)	7273	TTN	Likely pathogenic	GRCh38	2120815
single nucleotide variant	NM_001267550.2(TTN):c.81357G>A (p.Trp27119Ter)	7273	TTN	Likely pathogenic	GRCh38	2121040
single nucleotide variant	NM_001267550.2(TTN):c.51925C>T (p.Gln17309Ter)	7273	TTN	Likely pathogenic	GRCh38	2126182
single nucleotide variant	NM_001267550.2(TTN):c.43693C>T (p.Gln14565Ter)	7273	TTN	Pathogenic/Likely pathogenic	GRCh38	2134189
single nucleotide variant	NM_001267550.2(TTN):c.72839T>G (p.Leu24280Ter)	7273	TTN	Likely pathogenic	GRCh38	2134190
single nucleotide variant	NM_001267550.2(TTN):c.104266A>T (p.Arg34756Ter)	7273	TTN	Likely pathogenic	GRCh38	2130031
single nucleotide variant	NM_001267550.2(TTN):c.73687A>T (p.Arg24563Ter)	7273	TTN	Likely pathogenic	GRCh38	2131883
single nucleotide variant	NM_001267550.2(TTN):c.106189C>T (p.Gln35397Ter)	7273	TTN	Pathogenic/Likely pathogenic	GRCh38	2133539
single nucleotide variant	NM_001267550.2(TTN):c.2086G>T (p.Gly696Ter)	7273	TTN	Likely pathogenic	GRCh38	2129623
single nucleotide variant	NM_001267550.2(TTN):c.97312G>T (p.Glu32438Ter)	7273	TTN	Likely pathogenic	GRCh38	2131239
single nucleotide variant	NM_001267550.2(TTN):c.86597G>A (p.Trp28866Ter)	7273	TTN	Pathogenic/Likely pathogenic	GRCh38	2134639
single nucleotide variant	NM_001267550.2(TTN):c.33581-2A>T	7273	TTN	Likely pathogenic	GRCh38	2134681
single nucleotide variant	NM_001267550.2(TTN):c.106546G>T (p.Glu35516Ter)	7273	TTN	Likely pathogenic	GRCh38	2136047
single nucleotide variant	NM_001267550.2(TTN):c.10131G>A (p.Trp3377Ter)	7273	TTN	Likely pathogenic	GRCh38	2237754
single nucleotide variant	NM_001267550.2(TTN):c.82888C>T (p.Gln27630Ter)	7273	TTN	Likely pathogenic	GRCh38	2323782
single nucleotide variant	NM_001267550.2(TTN):c.35029G>T (p.Glu11677Ter)	7273	TTN	Likely pathogenic	GRCh38	2429302
single nucleotide variant	NM_001267550.2(TTN):c.64245G>A (p.Trp21415Ter)	7273	TTN	Likely pathogenic	GRCh38	2429333
single nucleotide variant	NM_001267550.2(TTN):c.40663G>T (p.Glu13555Ter)	7273	TTN	Likely pathogenic	GRCh38	2431915
single nucleotide variant	NM_001267550.2(TTN):c.56962+2T>G	7273	TTN	Likely pathogenic	GRCh38	2434317
single nucleotide variant	NM_001267550.2(TTN):c.51136+1G>C	7273	TTN	Likely pathogenic	GRCh38	2434356
single nucleotide variant	NM_001267550.2(TTN):c.64821G>A (p.Trp21607Ter)	7273	TTN	Likely pathogenic	GRCh38	2434375
single nucleotide variant	NM_001267550.2(TTN):c.100172-1G>A	7273	TTN	Likely pathogenic	GRCh38	2434395
single nucleotide variant	NM_001267550.2(TTN):c.38182A>T (p.Lys12728Ter)	7273	TTN	Likely pathogenic	GRCh38	2442017
single nucleotide variant	NM_001267550.2(TTN):c.98989+2T>C	7273	TTN	Likely pathogenic	GRCh38	2442126
single nucleotide variant	NM_001267550.2(TTN):c.57166G>T (p.Gly19056Ter)	7273	TTN	Likely pathogenic	GRCh38	2442915
single nucleotide variant	NM_001267550.2(TTN):c.48212C>G (p.Ser16071Ter)	7273	TTN	Likely pathogenic	GRCh38	2442919
single nucleotide variant	NM_001267550.2(TTN):c.8219G>A (p.Trp2740Ter)	7273	TTN	Likely pathogenic	GRCh38	2442935
single nucleotide variant	NM_001267550.2(TTN):c.55578G>A (p.Trp18526Ter)	7273	TTN	Likely pathogenic	GRCh38	2444070
single nucleotide variant	NM_001267550.2(TTN):c.35875+2T>C	7273	TTN	Likely pathogenic	GRCh38	2446658
single nucleotide variant	NM_001267550.2(TTN):c.669+1G>T	7273	TTN	Likely pathogenic	GRCh38	2451865
single nucleotide variant	NM_001267550.2(TTN):c.82470G>A (p.Trp27490Ter)	7273	TTN	Likely pathogenic	GRCh38	2451882
single nucleotide variant	NM_001267550.2(TTN):c.99571C>T (p.Gln33191Ter)	7273	TTN	Likely pathogenic	GRCh38	2451919
single nucleotide variant	NM_001267550.2(TTN):c.92298G>A (p.Trp30766Ter)	7273	TTN	Pathogenic/Likely pathogenic	GRCh38	2451926
single nucleotide variant	NM_001267550.2(TTN):c.76940C>G (p.Ser25647Ter)	7273	TTN	Likely pathogenic	GRCh38	2451931
single nucleotide variant	NM_001267550.2(TTN):c.94452T>G (p.Tyr31484Ter)	7273	TTN	Likely pathogenic	GRCh38	2451934
single nucleotide variant	NM_001267550.2(TTN):c.49793G>A (p.Trp16598Ter)	7273	TTN	Likely pathogenic	GRCh38	2451940
single nucleotide variant	NM_001267550.2(TTN):c.83284A>T (p.Arg27762Ter)	7273	TTN	Pathogenic	GRCh38	2451943
single nucleotide variant	NM_001267550.2(TTN):c.104753T>A (p.Leu34918Ter)	7273	TTN	Likely pathogenic	GRCh38	2451948
single nucleotide variant	NM_001267550.2(TTN):c.79096A>T (p.Lys26366Ter)	7273	TTN	Pathogenic	GRCh38	2498137
single nucleotide variant	NM_001267550.2(TTN):c.99052C>T (p.Gln33018Ter)	7273	TTN	Pathogenic/Likely pathogenic	GRCh38	2498848
single nucleotide variant	NM_001267550.2(TTN):c.107641G>T (p.Glu35881Ter)	7273	TTN	Likely pathogenic	GRCh38	2499944
single nucleotide variant	NM_001267550.2(TTN):c.100281C>G (p.Tyr33427Ter)	7273	TTN	Likely pathogenic	GRCh38	2501478
single nucleotide variant	NM_001267550.2(TTN):c.85494G>A (p.Trp28498Ter)	7273	TTN	Pathogenic/Likely pathogenic	GRCh38	2501570
single nucleotide variant	NM_001267550.2(TTN):c.92001G>A (p.Trp30667Ter)	7273	TTN	Pathogenic	GRCh38	2501801
single nucleotide variant	NM_001267550.2(TTN):c.48228G>A (p.Trp16076Ter)	7273	TTN	Likely pathogenic	GRCh38	2502115
single nucleotide variant	NM_001267550.2(TTN):c.90841A>T (p.Arg30281Ter)	7273	TTN	Likely pathogenic	GRCh38	2502423
single nucleotide variant	NM_001267550.2(TTN):c.9703+1G>A	7273	TTN	Likely pathogenic	GRCh38	2502430
single nucleotide variant	NM_001267550.2(TTN):c.107344C>T (p.Gln35782Ter)	7273	TTN	Likely pathogenic	GRCh38	2502431
single nucleotide variant	NM_001267550.2(TTN):c.105832C>T (p.Gln35278Ter)	7273	TTN	Likely pathogenic	GRCh38	2502434
single nucleotide variant	NM_001267550.2(TTN):c.96628G>T (p.Glu32210Ter)	7273	TTN	Likely pathogenic	GRCh38	2502626
single nucleotide variant	NM_001267550.2(TTN):c.86821+1G>C	7273	TTN	Likely pathogenic	GRCh38	2505119
single nucleotide variant	NM_001267550.2(TTN):c.72431G>A (p.Trp24144Ter)	7273	TTN	Likely pathogenic	GRCh38	2505130
single nucleotide variant	NM_001267550.2(TTN):c.70045G>T (p.Glu23349Ter)	7273	TTN	Likely pathogenic	GRCh38	2505131
single nucleotide variant	NM_001267550.2(TTN):c.43943T>A (p.Leu14648Ter)	7273	TTN	Likely pathogenic	GRCh38	2505144
single nucleotide variant	NM_001267550.2(TTN):c.14334T>G (p.Tyr4778Ter)	7273	TTN	Likely pathogenic	GRCh38	2505145
single nucleotide variant	NM_001267550.2(TTN):c.8023A>T (p.Arg2675Ter)	7273	TTN	Likely pathogenic	GRCh38	2505146
single nucleotide variant	NM_001267550.2(TTN):c.3780T>G (p.Tyr1260Ter)	7273	TTN	Likely pathogenic	GRCh38	2505147
single nucleotide variant	NM_001267550.2(TTN):c.104457C>A (p.Tyr34819Ter)	7273	TTN	Likely pathogenic	GRCh38	2505155
single nucleotide variant	NM_001267550.2(TTN):c.97336G>T (p.Gly32446Ter)	7273	TTN	Likely pathogenic	GRCh38	2505158
single nucleotide variant	NM_001267550.2(TTN):c.7694G>A (p.Trp2565Ter)	7273	TTN	Likely pathogenic	GRCh38	2506644
single nucleotide variant	NM_001267550.2(TTN):c.97972C>T (p.Arg32658Ter)	7273	TTN	Pathogenic/Likely pathogenic	GRCh38	2562241
single nucleotide variant	NM_001267550.2(TTN):c.11722A>T (p.Lys3908Ter)	7273	TTN	Likely pathogenic	GRCh38	2566344
single nucleotide variant	NM_001267550.2(TTN):c.47779G>T (p.Gly15927Ter)	7273	TTN	Likely pathogenic	GRCh38	2566345
single nucleotide variant	NM_001267550.2(TTN):c.77546C>A (p.Ser25849Ter)	7273	TTN	Likely pathogenic	GRCh38	2566358
single nucleotide variant	NM_001267550.2(TTN):c.5534T>A (p.Leu1845Ter)	7273	TTN	Likely pathogenic	GRCh38	2566382
single nucleotide variant	NM_001267550.2(TTN):c.98923C>T (p.Gln32975Ter)	7273	TTN	Likely pathogenic	GRCh38	2566384
single nucleotide variant	NM_001267550.2(TTN):c.45283G>T (p.Glu15095Ter)	7273	TTN	Likely pathogenic	GRCh38	2566386
single nucleotide variant	NM_001267550.2(TTN):c.49338T>A (p.Tyr16446Ter)	7273	TTN	Likely pathogenic	GRCh38	2566403
single nucleotide variant	NM_001267550.2(TTN):c.94286G>A (p.Trp31429Ter)	7273	TTN	Likely pathogenic	GRCh38	2570705
single nucleotide variant	NM_001267550.2(TTN):c.90495G>A (p.Trp30165Ter)	7273	TTN	Likely pathogenic	GRCh38	2572995
single nucleotide variant	NM_001267550.2(TTN):c.61448G>A (p.Arg20483His)	7273	TTN	Likely pathogenic	GRCh38	2573192
single nucleotide variant	NM_001267550.2(TTN):c.18208G>T (p.Glu6070Ter)	7273	TTN	Likely pathogenic	GRCh38	2573342
single nucleotide variant	NM_001267550.2(TTN):c.102953T>G (p.Leu34318Ter)	7273	TTN	Likely pathogenic	GRCh38	2574048
single nucleotide variant	NM_001267550.2(TTN):c.103710G>A (p.Trp34570Ter)	7273	TTN	Likely pathogenic	GRCh38	2574049
single nucleotide variant	NM_001267550.2(TTN):c.105251C>G (p.Ser35084Ter)	7273	TTN	Likely pathogenic	GRCh38	2574050
single nucleotide variant	NM_001267550.2(TTN):c.48305G>A (p.Trp16102Ter)	7273	TTN	Likely pathogenic	GRCh38	2574052
single nucleotide variant	NM_001267550.2(TTN):c.68087C>A (p.Ser22696Ter)	7273	TTN	Likely pathogenic	GRCh38	2574057
single nucleotide variant	NM_001267550.2(TTN):c.8017A>T (p.Lys2673Ter)	7273	TTN	Likely pathogenic	GRCh38	2574060
single nucleotide variant	NM_001267550.2(TTN):c.84969T>A (p.Tyr28323Ter)	7273	TTN	Likely pathogenic	GRCh38	2574061
single nucleotide variant	NM_001267550.2(TTN):c.86140G>T (p.Gly28714Ter)	7273	TTN	Likely pathogenic	GRCh38	2574062
single nucleotide variant	NM_001267550.2(TTN):c.89449G>T (p.Gly29817Ter)	7273	TTN	Likely pathogenic	GRCh38	2574063
single nucleotide variant	NM_001267550.2(TTN):c.73750C>T (p.Gln24584Ter)	7273	TTN	Likely pathogenic	GRCh38	2575031
single nucleotide variant	NM_001267550.2(TTN):c.47268T>A (p.Tyr15756Ter)	7273	TTN	Likely pathogenic	GRCh38	2575724
single nucleotide variant	NM_001267550.2(TTN):c.28513G>T (p.Glu9505Ter)	7273	TTN	Likely pathogenic	GRCh38	2577612
single nucleotide variant	NM_001267550.2(TTN):c.8117-1G>T	7273	TTN	Likely pathogenic	GRCh38	2578892
single nucleotide variant	NM_001267550.2(TTN):c.92671G>T (p.Glu30891Ter)	7273	TTN	Likely pathogenic	GRCh38	2581068
single nucleotide variant	NM_001267550.2(TTN):c.77013T>A (p.Tyr25671Ter)	7273	TTN	Likely pathogenic	GRCh38	2584354
single nucleotide variant	NM_001267550.2(TTN):c.229C>T (p.Arg77Ter)	7273	TTN	Likely pathogenic	GRCh38	2586576
single nucleotide variant	NM_001267550.2(TTN):c.89178C>G (p.Tyr29726Ter)	7273	TTN	Likely pathogenic	GRCh38	2586524
single nucleotide variant	NM_001267550.2(TTN):c.3217C>T (p.Gln1073Ter)	7273	TTN	Likely pathogenic	GRCh38	2586541
single nucleotide variant	NM_001267550.2(TTN):c.76990C>T (p.Gln25664Ter)	7273	TTN	Likely pathogenic	GRCh38	2586546
single nucleotide variant	NM_001267550.2(TTN):c.68370G>A (p.Trp22790Ter)	7273	TTN	Likely pathogenic	GRCh38	2586553
single nucleotide variant	NM_001267550.2(TTN):c.80403G>A (p.Trp26801Ter)	7273	TTN	Likely pathogenic	GRCh38	2630890
single nucleotide variant	NM_001267550.2(TTN):c.12523C>T (p.Gln4175Ter)	7273	TTN	Likely pathogenic	GRCh38	2633651
single nucleotide variant	NM_001267550.2(TTN):c.30754+1G>A	7273	TTN	Likely pathogenic	GRCh38	2635531
single nucleotide variant	NM_001267550.2(TTN):c.7495A>T (p.Lys2499Ter)	7273	TTN	Likely pathogenic	GRCh38	2633592
single nucleotide variant	NM_001267550.2(TTN):c.71747C>G (p.Ser23916Ter)	7273	TTN	Likely pathogenic	GRCh38	2631105
single nucleotide variant	NM_001267550.2(TTN):c.68137G>T (p.Glu22713Ter)	7273	TTN	Likely pathogenic	GRCh38	2631297
single nucleotide variant	NM_001267550.2(TTN):c.83730G>A (p.Trp27910Ter)	7273	TTN	Likely pathogenic	GRCh38	2671948
single nucleotide variant	NM_001267550.2(TTN):c.29863C>T (p.Arg9955Ter)	7273	TTN	Likely pathogenic	GRCh38	2672152
single nucleotide variant	NM_001267550.2(TTN):c.67543G>T (p.Glu22515Ter)	7273	TTN	Likely pathogenic	GRCh38	2672837
single nucleotide variant	NM_001267550.2(TTN):c.63382A>T (p.Lys21128Ter)	7273	TTN	Likely pathogenic	GRCh38	2672838
single nucleotide variant	NM_001267550.2(TTN):c.39295+1G>C	7273	TTN	Likely pathogenic	GRCh38	2682466
single nucleotide variant	NM_001267550.2(TTN):c.31348+1G>A	7273	TTN	Likely pathogenic	GRCh38	2682621
single nucleotide variant	NM_001267550.2(TTN):c.53002+2T>G	7273	TTN	Likely pathogenic	GRCh38	2691081
single nucleotide variant	NM_001267550.2(TTN):c.65837C>G (p.Ser21946Ter)	7273	TTN	Pathogenic	GRCh38	2691098
single nucleotide variant	NM_001267550.2(TTN):c.85835C>A (p.Ser28612Ter)	7273	TTN	Likely pathogenic	GRCh38	2691124
single nucleotide variant	NM_001267550.2(TTN):c.9571C>T (p.Gln3191Ter)	7273	TTN	Likely pathogenic	GRCh38	2691138
single nucleotide variant	NM_001267550.2(TTN):c.101001T>A (p.Tyr33667Ter)	7273	TTN	Likely pathogenic	GRCh38	2691139
single nucleotide variant	NM_001267550.2(TTN):c.6846T>A (p.Tyr2282Ter)	7273	TTN	Likely pathogenic	GRCh38	2922345
single nucleotide variant	NM_001267550.2(TTN):c.56933C>G (p.Ser18978Ter)	7273	TTN	Likely pathogenic	GRCh38	2922358
single nucleotide variant	NM_001267550.2(TTN):c.13446T>G (p.Tyr4482Ter)	7273	TTN	Likely pathogenic	GRCh38	2923973
single nucleotide variant	NM_001267550.2(TTN):c.6790+1G>T	7273	TTN	Likely pathogenic	GRCh38	2929112
single nucleotide variant	NM_001267550.2(TTN):c.98992A>T (p.Lys32998Ter)	7273	TTN	Pathogenic/Likely pathogenic	GRCh38	2929317
single nucleotide variant	NM_001267550.2(TTN):c.94437T>G (p.Tyr31479Ter)	7273	TTN	Likely pathogenic	GRCh38	2934252
single nucleotide variant	NM_001267550.2(TTN):c.72816C>A (p.Cys24272Ter)	7273	TTN	Likely pathogenic	GRCh38	2921898
single nucleotide variant	NM_001267550.2(TTN):c.28049C>A (p.Ser9350Ter)	7273	TTN	Likely pathogenic	GRCh38	2921937
single nucleotide variant	NM_001267550.2(TTN):c.75080G>A (p.Trp25027Ter)	7273	TTN	Likely pathogenic	GRCh38	2921946
single nucleotide variant	NM_001267550.2(TTN):c.69325G>T (p.Glu23109Ter)	7273	TTN	Likely pathogenic	GRCh38	2922037
single nucleotide variant	NM_001267550.2(TTN):c.89077C>T (p.Gln29693Ter)	7273	TTN	Likely pathogenic	GRCh38	2923744
single nucleotide variant	NM_001267550.2(TTN):c.61290T>A (p.Cys20430Ter)	7273	TTN	Likely pathogenic	GRCh38	2925333
single nucleotide variant	NM_001267550.2(TTN):c.106531G>C (p.Ala35511Pro)	7273	TTN	Likely pathogenic	GRCh38	2927174
single nucleotide variant	NM_001267550.2(TTN):c.29542C>T (p.Arg9848Ter)	7273	TTN	Likely pathogenic	GRCh38	2930555
single nucleotide variant	NM_001267550.2(TTN):c.48181G>T (p.Glu16061Ter)	7273	TTN	Likely pathogenic	GRCh38	2930611
single nucleotide variant	NM_001267550.2(TTN):c.35602C>T (p.Gln11868Ter)	7273	TTN	Likely pathogenic	GRCh38	2932292
single nucleotide variant	NM_001267550.2(TTN):c.51913A>T (p.Lys17305Ter)	7273	TTN	Likely pathogenic	GRCh38	2933782
single nucleotide variant	NM_001267550.2(TTN):c.41406C>A (p.Cys13802Ter)	7273	TTN	Likely pathogenic	GRCh38	2921311
single nucleotide variant	NM_001267550.2(TTN):c.101187T>A (p.Cys33729Ter)	7273	TTN	Likely pathogenic	GRCh38	2921408
single nucleotide variant	NM_001267550.2(TTN):c.56050+1G>A	7273	TTN	Likely pathogenic	GRCh38	2921525
single nucleotide variant	NM_001267550.2(TTN):c.9553G>T (p.Glu3185Ter)	7273	TTN	Likely pathogenic	GRCh38	2921554
single nucleotide variant	NM_001267550.2(TTN):c.59926+1G>C	7273	TTN	Pathogenic	GRCh38	2921555
single nucleotide variant	NM_001267550.2(TTN):c.70701T>A (p.Tyr23567Ter)	7273	TTN	Likely pathogenic	GRCh38	2921673
single nucleotide variant	NM_001267550.2(TTN):c.47112G>A (p.Trp15704Ter)	7273	TTN	Likely pathogenic	GRCh38	2921674
single nucleotide variant	NM_001267550.2(TTN):c.67057+1G>A	7273	TTN	Likely pathogenic	GRCh38	2921700
single nucleotide variant	NM_001267550.2(TTN):c.11831T>A (p.Leu3944Ter)	7273	TTN	Likely pathogenic	GRCh38	2923249
single nucleotide variant	NM_001267550.2(TTN):c.30683-1G>A	7273	TTN	Likely pathogenic	GRCh38	2926522
single nucleotide variant	NM_001267550.2(TTN):c.40297+1G>A	7273	TTN	Likely pathogenic	GRCh38	2926631
single nucleotide variant	NM_001267550.2(TTN):c.40057+1G>C	7273	TTN	Likely pathogenic	GRCh38	2930005
single nucleotide variant	NM_001267550.2(TTN):c.35308+1G>A	7273	TTN	Likely pathogenic	GRCh38	2930111
single nucleotide variant	NM_001267550.2(TTN):c.7057+1G>C	7273	TTN	Likely pathogenic	GRCh38	2931815
single nucleotide variant	NM_001267550.2(TTN):c.45349+1G>T	7273	TTN	Likely pathogenic	GRCh38	2931834
single nucleotide variant	NM_001267550.2(TTN):c.14092+1G>A	7273	TTN	Likely pathogenic	GRCh38	2931835
single nucleotide variant	NM_001267550.2(TTN):c.102541G>T (p.Glu34181Ter)	7273	TTN	Likely pathogenic	GRCh38	2933221
single nucleotide variant	NM_001267550.2(TTN):c.76355G>A (p.Trp25452Ter)	7273	TTN	Likely pathogenic	GRCh38	2933331
single nucleotide variant	NM_001267550.2(TTN):c.66460C>T (p.Gln22154Ter)	7273	TTN	Likely pathogenic	GRCh38	2924343
single nucleotide variant	NM_001267550.2(TTN):c.32470+1G>T	7273	TTN	Likely pathogenic	GRCh38	2924439
single nucleotide variant	NM_001267550.2(TTN):c.105655C>T (p.Gln35219Ter)	7273	TTN	Likely pathogenic	GRCh38	2926300
single nucleotide variant	NM_001267550.2(TTN):c.48521T>G (p.Leu16174Ter)	7273	TTN	Likely pathogenic	GRCh38	2934510
single nucleotide variant	NM_001267550.2(TTN):c.89342G>A (p.Trp29781Ter)	7273	TTN	Likely pathogenic	GRCh38	2935944
single nucleotide variant	NM_001267550.2(TTN):c.58799G>A (p.Trp19600Ter)	7273	TTN	Likely pathogenic	GRCh38	2937406
single nucleotide variant	NM_001267550.2(TTN):c.9472-1G>C	7273	TTN	Pathogenic	GRCh38	2937594
single nucleotide variant	NM_001267550.2(TTN):c.5601C>A (p.Tyr1867Ter)	7273	TTN	Likely pathogenic	GRCh38	2939460
single nucleotide variant	NM_001267550.2(TTN):c.48433G>T (p.Glu16145Ter)	7273	TTN	Likely pathogenic	GRCh38	2939510
single nucleotide variant	NM_001267550.2(TTN):c.28753+1G>A	7273	TTN	Likely pathogenic	GRCh38	2941100
single nucleotide variant	NM_001267550.2(TTN):c.33892G>T (p.Glu11298Ter)	7273	TTN	Likely pathogenic	GRCh38	2941114
single nucleotide variant	NM_001267550.2(TTN):c.104242G>T (p.Glu34748Ter)	7273	TTN	Likely pathogenic	GRCh38	2941115
single nucleotide variant	NM_001267550.2(TTN):c.90915C>G (p.Tyr30305Ter)	7273	TTN	Likely pathogenic	GRCh38	2941156
single nucleotide variant	NM_001267550.2(TTN):c.2943C>A (p.Tyr981Ter)	7273	TTN	Likely pathogenic	GRCh38	2941283
single nucleotide variant	NM_001267550.2(TTN):c.92152+1G>C	7273	TTN	Likely pathogenic	GRCh38	2942626
single nucleotide variant	NM_001267550.2(TTN):c.97192+1G>C	7273	TTN	Likely pathogenic	GRCh38	2942701
single nucleotide variant	NM_001267550.2(TTN):c.81199C>T (p.Gln27067Ter)	7273	TTN	Likely pathogenic	GRCh38	2942711
single nucleotide variant	NM_001267550.2(TTN):c.107204G>A (p.Trp35735Ter)	7273	TTN	Likely pathogenic	GRCh38	2942769
single nucleotide variant	NM_001267550.2(TTN):c.48760+1G>C	7273	TTN	Likely pathogenic	GRCh38	2942876
single nucleotide variant	NM_001267550.2(TTN):c.3417C>A (p.Cys1139Ter)	7273	TTN	Likely pathogenic	GRCh38	2942877
single nucleotide variant	NM_001267550.2(TTN):c.101757T>G (p.Tyr33919Ter)	7273	TTN	Likely pathogenic	GRCh38	2942928
single nucleotide variant	NM_001267550.2(TTN):c.62409G>A (p.Trp20803Ter)	7273	TTN	Likely pathogenic	GRCh38	2944336
single nucleotide variant	NM_001267550.2(TTN):c.53182G>T (p.Glu17728Ter)	7273	TTN	Likely pathogenic	GRCh38	2944564
single nucleotide variant	NM_001267550.2(TTN):c.62184C>A (p.Tyr20728Ter)	7273	TTN	Likely pathogenic	GRCh38	2944574
single nucleotide variant	NM_001267550.2(TTN):c.99366C>A (p.Cys33122Ter)	7273	TTN	Likely pathogenic	GRCh38	2944600
single nucleotide variant	NM_001267550.2(TTN):c.103021G>T (p.Glu34341Ter)	7273	TTN	Likely pathogenic	GRCh38	2944606
single nucleotide variant	NM_001267550.2(TTN):c.46429+2T>C	7273	TTN	Likely pathogenic	GRCh38	2944649
single nucleotide variant	NM_001267550.2(TTN):c.1801-2A>G	7273	TTN	Likely pathogenic	GRCh38	2946147
single nucleotide variant	NM_001267550.2(TTN):c.13446T>A (p.Tyr4482Ter)	7273	TTN	Likely pathogenic	GRCh38	2946334
single nucleotide variant	NM_001267550.2(TTN):c.22427T>A (p.Leu7476Ter)	7273	TTN	Likely pathogenic	GRCh38	2947791
single nucleotide variant	NM_001267550.2(TTN):c.45495T>G (p.Tyr15165Ter)	7273	TTN	Likely pathogenic	GRCh38	2947799
single nucleotide variant	NM_001267550.2(TTN):c.99493C>T (p.Gln33165Ter)	7273	TTN	Likely pathogenic	GRCh38	2935454
single nucleotide variant	NM_001267550.2(TTN):c.43214-2A>G	7273	TTN	Likely pathogenic	GRCh38	2935613
single nucleotide variant	NM_001267550.2(TTN):c.31762+1G>T	7273	TTN	Likely pathogenic	GRCh38	2937194
single nucleotide variant	NM_001267550.2(TTN):c.42897T>A (p.Tyr14299Ter)	7273	TTN	Likely pathogenic	GRCh38	2942214
single nucleotide variant	NM_001267550.2(TTN):c.81059G>A (p.Trp27020Ter)	7273	TTN	Likely pathogenic	GRCh38	2942215
single nucleotide variant	NM_001267550.2(TTN):c.75139G>T (p.Glu25047Ter)	7273	TTN	Likely pathogenic	GRCh38	2942287
single nucleotide variant	NM_001267550.2(TTN):c.2907C>A (p.Tyr969Ter)	7273	TTN	Likely pathogenic	GRCh38	2942446
single nucleotide variant	NM_001267550.2(TTN):c.49666G>T (p.Gly16556Ter)	7273	TTN	Likely pathogenic	GRCh38	2942502
single nucleotide variant	NM_001267550.2(TTN):c.46723C>T (p.Gln15575Ter)	7273	TTN	Likely pathogenic	GRCh38	2944149
single nucleotide variant	NM_001267550.2(TTN):c.72661G>T (p.Gly24221Ter)	7273	TTN	Likely pathogenic	GRCh38	2944161
single nucleotide variant	NM_001267550.2(TTN):c.27976G>T (p.Gly9326Ter)	7273	TTN	Likely pathogenic	GRCh38	2944187
single nucleotide variant	NM_001267550.2(TTN):c.92-1G>A	7273	TTN	Likely pathogenic	GRCh38	2944272
single nucleotide variant	NM_001267550.2(TTN):c.103354C>T (p.Gln34452Ter)	7273	TTN	Pathogenic	GRCh38	2944288
single nucleotide variant	NM_001267550.2(TTN):c.80578G>T (p.Gly26860Ter)	7273	TTN	Likely pathogenic	GRCh38	2945627
single nucleotide variant	NM_001267550.2(TTN):c.43214-1G>C	7273	TTN	Likely pathogenic	GRCh38	2945815
single nucleotide variant	NM_001267550.2(TTN):c.74569C>T (p.Gln24857Ter)	7273	TTN	Likely pathogenic	GRCh38	2945879
single nucleotide variant	NM_001267550.2(TTN):c.87848T>G (p.Leu29283Ter)	7273	TTN	Likely pathogenic	GRCh38	2945885
single nucleotide variant	NM_001267550.2(TTN):c.21683-2A>G	7273	TTN	Likely pathogenic	GRCh38	2945892
single nucleotide variant	NM_001267550.2(TTN):c.2371-2A>G	7273	TTN	Likely pathogenic	GRCh38	2946017
single nucleotide variant	NM_001267550.2(TTN):c.48606G>A (p.Trp16202Ter)	7273	TTN	Likely pathogenic	GRCh38	2947389
single nucleotide variant	NM_001267550.2(TTN):c.7331-1G>A	7273	TTN	Likely pathogenic	GRCh38	2947411
single nucleotide variant	NM_001267550.2(TTN):c.35974A>T (p.Lys11992Ter)	7273	TTN	Likely pathogenic	GRCh38	2947610
single nucleotide variant	NM_001267550.2(TTN):c.3396C>A (p.Tyr1132Ter)	7273	TTN	Likely pathogenic	GRCh38	2947632
single nucleotide variant	NM_001267550.2(TTN):c.87106A>T (p.Lys29036Ter)	7273	TTN	Likely pathogenic	GRCh38	2947686
single nucleotide variant	NM_001267550.2(TTN):c.71619G>A (p.Trp23873Ter)	7273	TTN	Likely pathogenic	GRCh38	2934811
single nucleotide variant	NM_001267550.2(TTN):c.29914C>T (p.Arg9972Ter)	7273	TTN	Likely pathogenic	GRCh38	2935032
single nucleotide variant	NM_001267550.2(TTN):c.8903-2A>T	7273	TTN	Pathogenic	GRCh38	2941858
single nucleotide variant	NM_001267550.2(TTN):c.20836+1G>T	7273	TTN	Likely pathogenic	GRCh38	2941865
single nucleotide variant	NM_001267550.2(TTN):c.12451C>T (p.Gln4151Ter)	7273	TTN	Likely pathogenic	GRCh38	2941972
single nucleotide variant	NM_001267550.2(TTN):c.6377G>A (p.Trp2126Ter)	7273	TTN	Pathogenic	GRCh38	2942024
single nucleotide variant	NM_001267550.2(TTN):c.1381C>T (p.Gln461Ter)	7273	TTN	Likely pathogenic	GRCh38	2942068
single nucleotide variant	NM_001267550.2(TTN):c.36202+1G>A	7273	TTN	Likely pathogenic	GRCh38	2942100
single nucleotide variant	NM_001267550.2(TTN):c.47573-1G>A	7273	TTN	Likely pathogenic	GRCh38	2942122
single nucleotide variant	NM_001267550.2(TTN):c.46430-2A>G	7273	TTN	Likely pathogenic	GRCh38	2943469
single nucleotide variant	NM_001267550.2(TTN):c.56052C>A (p.Cys18684Ter)	7273	TTN	Likely pathogenic	GRCh38	2943483
single nucleotide variant	NM_001267550.2(TTN):c.79924G>T (p.Gly26642Ter)	7273	TTN	Likely pathogenic	GRCh38	2943541
single nucleotide variant	NM_001267550.2(TTN):c.57277C>T (p.Gln19093Ter)	7273	TTN	Likely pathogenic	GRCh38	2943627
single nucleotide variant	NM_001267550.2(TTN):c.66800T>A (p.Leu22267Ter)	7273	TTN	Likely pathogenic	GRCh38	2943791
single nucleotide variant	NM_001267550.2(TTN):c.1536+1G>T	7273	TTN	Likely pathogenic	GRCh38	2943861
single nucleotide variant	NM_001267550.2(TTN):c.43655C>A (p.Ser14552Ter)	7273	TTN	Likely pathogenic	GRCh38	2945252
single nucleotide variant	NM_001267550.2(TTN):c.64093+1G>A	7273	TTN	Likely pathogenic	GRCh38	2945452
single nucleotide variant	NM_001267550.2(TTN):c.5797G>T (p.Glu1933Ter)	7273	TTN	Likely pathogenic	GRCh38	2945523
single nucleotide variant	NM_001267550.2(TTN):c.21404-1G>C	7273	TTN	Likely pathogenic	GRCh38	2945547
single nucleotide variant	NM_001267550.2(TTN):c.43213+1G>T	7273	TTN	Likely pathogenic	GRCh38	2945578
single nucleotide variant	NM_001267550.2(TTN):c.98098+1G>T	7273	TTN	Likely pathogenic	GRCh38	2946914
single nucleotide variant	NM_001267550.2(TTN):c.39212-1G>A	7273	TTN	Likely pathogenic	GRCh38	2947101
single nucleotide variant	NM_001267550.2(TTN):c.68225-1G>A	7273	TTN	Likely pathogenic	GRCh38	2947230
single nucleotide variant	NM_001267550.2(TTN):c.22321C>T (p.Arg7441Ter)	7273	TTN	Likely pathogenic	GRCh38	2947268
single nucleotide variant	NM_001267550.2(TTN):c.82909A>T (p.Lys27637Ter)	7273	TTN	Likely pathogenic	GRCh38	2947298
single nucleotide variant	NM_001267550.2(TTN):c.53914C>T (p.Arg17972Ter)	7273	TTN	Likely pathogenic	GRCh38	2936377
single nucleotide variant	NM_001267550.2(TTN):c.93853A>T (p.Arg31285Ter)	7273	TTN	Likely pathogenic	GRCh38	2938000
single nucleotide variant	NM_001267550.2(TTN):c.52405+2T>C	7273	TTN	Likely pathogenic	GRCh38	2938082
single nucleotide variant	NM_001267550.2(TTN):c.22973C>A (p.Ser7658Ter)	7273	TTN	Pathogenic	GRCh38	2938083
single nucleotide variant	NM_001267550.2(TTN):c.102526C>T (p.Gln34176Ter)	7273	TTN	Likely pathogenic	GRCh38	2938185
single nucleotide variant	NM_001267550.2(TTN):c.17482G>T (p.Glu5828Ter)	7273	TTN	Likely pathogenic	GRCh38	2939902
single nucleotide variant	NM_001267550.2(TTN):c.29695-1G>T	7273	TTN	Likely pathogenic	GRCh38	2941574
single nucleotide variant	NM_001267550.2(TTN):c.83739C>A (p.Cys27913Ter)	7273	TTN	Likely pathogenic	GRCh38	2941705
single nucleotide variant	NM_001267550.2(TTN):c.103620T>G (p.Tyr34540Ter)	7273	TTN	Likely pathogenic	GRCh38	2941706
single nucleotide variant	NM_001267550.2(TTN):c.74074C>T (p.Gln24692Ter)	7273	TTN	Likely pathogenic	GRCh38	2943073
single nucleotide variant	NM_001267550.2(TTN):c.49049-2A>C	7273	TTN	Likely pathogenic	GRCh38	2943177
single nucleotide variant	NM_001267550.2(TTN):c.3717T>G (p.Tyr1239Ter)	7273	TTN	Likely pathogenic	GRCh38	2943181
single nucleotide variant	NM_001267550.2(TTN):c.77902G>T (p.Glu25968Ter)	7273	TTN	Likely pathogenic	GRCh38	2943215
single nucleotide variant	NM_001267550.2(TTN):c.85790G>A (p.Trp28597Ter)	7273	TTN	Likely pathogenic	GRCh38	2943414
single nucleotide variant	NM_001267550.2(TTN):c.102549C>A (p.Tyr34183Ter)	7273	TTN	Likely pathogenic	GRCh38	2944840
single nucleotide variant	NM_001267550.2(TTN):c.35630-1G>A	7273	TTN	Likely pathogenic	GRCh38	2944865
single nucleotide variant	NM_001267550.2(TTN):c.6497T>G (p.Leu2166Ter)	7273	TTN	Likely pathogenic	GRCh38	2945015
single nucleotide variant	NM_001267550.2(TTN):c.89307T>G (p.Tyr29769Ter)	7273	TTN	Likely pathogenic	GRCh38	2945111
single nucleotide variant	NM_001267550.2(TTN):c.25064-2A>G	7273	TTN	Likely pathogenic	GRCh38	2945132
single nucleotide variant	NM_001267550.2(TTN):c.47639G>A (p.Trp15880Ter)	7273	TTN	Likely pathogenic	GRCh38	2946519
single nucleotide variant	NM_001267550.2(TTN):c.70270A>T (p.Lys23424Ter)	7273	TTN	Likely pathogenic	GRCh38	2946656
single nucleotide variant	NM_001267550.2(TTN):c.53041G>T (p.Gly17681Ter)	7273	TTN	Likely pathogenic	GRCh38	2948365
single nucleotide variant	NM_001267550.2(TTN):c.96525C>G (p.Tyr32175Ter)	7273	TTN	Likely pathogenic	GRCh38	2948367
single nucleotide variant	NM_001267550.2(TTN):c.87816T>A (p.Tyr29272Ter)	7273	TTN	Likely pathogenic	GRCh38	2948509
single nucleotide variant	NM_001267550.2(TTN):c.99865+1G>T	7273	TTN	Likely pathogenic	GRCh38	2948585
single nucleotide variant	NM_001267550.2(TTN):c.94827C>G (p.Tyr31609Ter)	7273	TTN	Likely pathogenic	GRCh38	2948606
single nucleotide variant	NM_001267550.2(TTN):c.69613C>T (p.Gln23205Ter)	7273	TTN	Likely pathogenic	GRCh38	2949543
single nucleotide variant	NM_001267550.2(TTN):c.62477C>G (p.Ser20826Ter)	7273	TTN	Likely pathogenic	GRCh38	2949627
single nucleotide variant	NM_001267550.2(TTN):c.99256A>T (p.Arg33086Ter)	7273	TTN	Likely pathogenic	GRCh38	2949090
single nucleotide variant	NM_001267550.2(TTN):c.89307T>A (p.Tyr29769Ter)	7273	TTN	Likely pathogenic	GRCh38	2949154
single nucleotide variant	NM_001267550.2(TTN):c.52706-1G>T	7273	TTN	Likely pathogenic	GRCh38	2949213
single nucleotide variant	NM_001267550.2(TTN):c.86676G>A (p.Trp28892Ter)	7273	TTN	Likely pathogenic	GRCh38	2949242
single nucleotide variant	NM_001267550.2(TTN):c.99362C>G (p.Ser33121Ter)	7273	TTN	Likely pathogenic	GRCh38	2949254
single nucleotide variant	NM_001267550.2(TTN):c.78924G>A (p.Trp26308Ter)	7273	TTN	Likely pathogenic	GRCh38	2949272
single nucleotide variant	NM_001267550.2(TTN):c.73522A>T (p.Lys24508Ter)	7273	TTN	Likely pathogenic	GRCh38	2949385
single nucleotide variant	NM_001267550.2(TTN):c.12251T>G (p.Leu4084Ter)	7273	TTN	Likely pathogenic	GRCh38	2949386
single nucleotide variant	NM_001267550.2(TTN):c.102205C>T (p.Gln34069Ter)	7273	TTN	Likely pathogenic	GRCh38	2949469
single nucleotide variant	NM_001267550.2(TTN):c.47761-2A>T	7273	TTN	Likely pathogenic	GRCh38	2950798
single nucleotide variant	NM_001267550.2(TTN):c.92519T>G (p.Leu30840Ter)	7273	TTN	Likely pathogenic	GRCh38	2951023
single nucleotide variant	NM_001267550.2(TTN):c.55432+1G>T	7273	TTN	Likely pathogenic	GRCh38	2951187
single nucleotide variant	NM_001267550.2(TTN):c.49700C>A (p.Ser16567Ter)	7273	TTN	Likely pathogenic	GRCh38	2952778
single nucleotide variant	NM_001267550.2(TTN):c.52405+1G>T	7273	TTN	Likely pathogenic	GRCh38	2952783
single nucleotide variant	NM_001267550.2(TTN):c.62302A>T (p.Lys20768Ter)	7273	TTN	Likely pathogenic	GRCh38	2952917
single nucleotide variant	NM_001267550.2(TTN):c.54856A>T (p.Lys18286Ter)	7273	TTN	Likely pathogenic	GRCh38	2954252
single nucleotide variant	NM_001267550.2(TTN):c.47573-1G>C	7273	TTN	Likely pathogenic	GRCh38	2954492
single nucleotide variant	NM_001267550.2(TTN):c.67058-1G>A	7273	TTN	Likely pathogenic	GRCh38	2948800
single nucleotide variant	NM_001267550.2(TTN):c.10270C>T (p.Gln3424Ter)	7273	TTN	Likely pathogenic	GRCh38	2948823
single nucleotide variant	NM_001267550.2(TTN):c.46966+1G>A	7273	TTN	Likely pathogenic	GRCh38	2948919
single nucleotide variant	NM_001267550.2(TTN):c.90113C>G (p.Ser30038Ter)	7273	TTN	Likely pathogenic	GRCh38	2949004
single nucleotide variant	NM_001267550.2(TTN):c.27714G>A (p.Trp9238Ter)	7273	TTN	Likely pathogenic	GRCh38	2950347
single nucleotide variant	NM_001267550.2(TTN):c.95722+1G>C	7273	TTN	Likely pathogenic	GRCh38	2950368
single nucleotide variant	NM_001267550.2(TTN):c.49048+1G>A	7273	TTN	Likely pathogenic	GRCh38	2950584
single nucleotide variant	NM_001267550.2(TTN):c.57748C>T (p.Gln19250Ter)	7273	TTN	Likely pathogenic	GRCh38	2950586
single nucleotide variant	NM_001267550.2(TTN):c.92604G>A (p.Trp30868Ter)	7273	TTN	Likely pathogenic	GRCh38	2950587
single nucleotide variant	NM_001267550.2(TTN):c.40489G>T (p.Glu13497Ter)	7273	TTN	Likely pathogenic	GRCh38	2950618
single nucleotide variant	NM_001267550.2(TTN):c.13340C>A (p.Ser4447Ter)	7273	TTN	Likely pathogenic	GRCh38	2950750
single nucleotide variant	NM_001267550.2(TTN):c.50094G>A (p.Trp16698Ter)	7273	TTN	Likely pathogenic	GRCh38	2950760
single nucleotide variant	NM_001267550.2(TTN):c.4979T>G (p.Leu1660Ter)	7273	TTN	Likely pathogenic	GRCh38	2952071
single nucleotide variant	NM_001267550.2(TTN):c.49533-2A>G	7273	TTN	Likely pathogenic	GRCh38	2952300
single nucleotide variant	NM_001267550.2(TTN):c.63845C>G (p.Ser21282Ter)	7273	TTN	Likely pathogenic	GRCh38	2952311
single nucleotide variant	NM_001267550.2(TTN):c.62911G>T (p.Glu20971Ter)	7273	TTN	Likely pathogenic	GRCh38	2952359
single nucleotide variant	NM_001267550.2(TTN):c.86911G>T (p.Gly28971Ter)	7273	TTN	Likely pathogenic	GRCh38	2953802
single nucleotide variant	NM_001267550.2(TTN):c.25219C>T (p.Gln8407Ter)	7273	TTN	Likely pathogenic	GRCh38	2953811
single nucleotide variant	NM_001267550.2(TTN):c.48605G>A (p.Trp16202Ter)	7273	TTN	Likely pathogenic	GRCh38	2953827
single nucleotide variant	NM_001267550.2(TTN):c.46816G>T (p.Glu15606Ter)	7273	TTN	Likely pathogenic	GRCh38	2953932
single nucleotide variant	NM_001267550.2(TTN):c.54190+1G>T	7273	TTN	Pathogenic	GRCh38	2954061
single nucleotide variant	NM_001267550.2(TTN):c.32470+2T>C	7273	TTN	Likely pathogenic	GRCh38	2954082
single nucleotide variant	NM_001267550.2(TTN):c.14310T>A (p.Tyr4770Ter)	7273	TTN	Likely pathogenic	GRCh38	2954091
single nucleotide variant	NM_001267550.2(TTN):c.47988G>A (p.Trp15996Ter)	7273	TTN	Likely pathogenic	GRCh38	2954092
single nucleotide variant	NM_001267550.2(TTN):c.48760+2T>C	7273	TTN	Likely pathogenic	GRCh38	2954138
single nucleotide variant	NM_001267550.2(TTN):c.87118+1G>A	7273	TTN	Likely pathogenic	GRCh38	2954157
single nucleotide variant	NM_001267550.2(TTN):c.67994G>A (p.Trp22665Ter)	7273	TTN	Likely pathogenic	GRCh38	2950024
single nucleotide variant	NM_001267550.2(TTN):c.67833C>G (p.Tyr22611Ter)	7273	TTN	Likely pathogenic	GRCh38	2950188
single nucleotide variant	NM_001267550.2(TTN):c.6514C>T (p.Gln2172Ter)	7273	TTN	Likely pathogenic	GRCh38	2950224
single nucleotide variant	NM_001267550.2(TTN):c.84607A>T (p.Lys28203Ter)	7273	TTN	Likely pathogenic	GRCh38	2951797
single nucleotide variant	NM_001267550.2(TTN):c.99487G>T (p.Glu33163Ter)	7273	TTN	Likely pathogenic	GRCh38	2951808
single nucleotide variant	NM_001267550.2(TTN):c.43213+1G>A	7273	TTN	Likely pathogenic	GRCh38	2951831
single nucleotide variant	NM_001267550.2(TTN):c.34258G>T (p.Glu11420Ter)	7273	TTN	Likely pathogenic	GRCh38	2951862
single nucleotide variant	NM_001267550.2(TTN):c.501C>G (p.Tyr167Ter)	7273	TTN	Likely pathogenic	GRCh38	2951905
single nucleotide variant	NM_001267550.2(TTN):c.65863+2T>A	7273	TTN	Likely pathogenic	GRCh38	2951946
single nucleotide variant	NM_001267550.2(TTN):c.24811G>T (p.Glu8271Ter)	7273	TTN	Likely pathogenic	GRCh38	2952000
single nucleotide variant	NM_001267550.2(TTN):c.105703A>T (p.Lys35235Ter)	7273	TTN	Likely pathogenic	GRCh38	2953453
single nucleotide variant	NM_001267550.2(TTN):c.21961G>T (p.Glu7321Ter)	7273	TTN	Likely pathogenic	GRCh38	2953475
single nucleotide variant	NM_001267550.2(TTN):c.70918C>T (p.Gln23640Ter)	7273	TTN	Likely pathogenic	GRCh38	2953503
single nucleotide variant	NM_001267550.2(TTN):c.51193A>T (p.Lys17065Ter)	7273	TTN	Likely pathogenic	GRCh38	2953521
single nucleotide variant	NM_001267550.2(TTN):c.12887C>A (p.Ser4296Ter)	7273	TTN	Likely pathogenic	GRCh38	2953789
single nucleotide variant	NM_001267550.2(TTN):c.34379-1G>C	7273	TTN	Likely pathogenic	GRCh38	2949907
single nucleotide variant	NM_001267550.2(TTN):c.68197G>T (p.Glu22733Ter)	7273	TTN	Likely pathogenic	GRCh38	2951228
single nucleotide variant	NM_001267550.2(TTN):c.94220-2A>G	7273	TTN	Likely pathogenic	GRCh38	2951263
single nucleotide variant	NM_001267550.2(TTN):c.64082C>A (p.Ser21361Ter)	7273	TTN	Likely pathogenic	GRCh38	2951271
single nucleotide variant	NM_001267550.2(TTN):c.72410C>A (p.Ser24137Ter)	7273	TTN	Likely pathogenic	GRCh38	2951358
single nucleotide variant	NM_001267550.2(TTN):c.27713G>A (p.Trp9238Ter)	7273	TTN	Likely pathogenic	GRCh38	2951407
single nucleotide variant	NM_001267550.2(TTN):c.95119+1G>C	7273	TTN	Likely pathogenic	GRCh38	2951550
single nucleotide variant	NM_001267550.2(TTN):c.79016C>A (p.Ser26339Ter)	7273	TTN	Likely pathogenic	GRCh38	2951569
single nucleotide variant	NM_001267550.2(TTN):c.13540C>T (p.Gln4514Ter)	7273	TTN	Likely pathogenic	GRCh38	2951577
single nucleotide variant	NM_001267550.2(TTN):c.88307-1G>A	7273	TTN	Likely pathogenic	GRCh38	2952960
single nucleotide variant	NM_001267550.2(TTN):c.64423C>T (p.Gln21475Ter)	7273	TTN	Likely pathogenic	GRCh38	2953007
single nucleotide variant	NM_001267550.2(TTN):c.49948+2T>G	7273	TTN	Pathogenic	GRCh38	2953043
single nucleotide variant	NM_001267550.2(TTN):c.71525C>G (p.Ser23842Ter)	7273	TTN	Likely pathogenic	GRCh38	2953079
single nucleotide variant	NM_001267550.2(TTN):c.71912G>A (p.Trp23971Ter)	7273	TTN	Likely pathogenic	GRCh38	2953204
single nucleotide variant	NM_001267550.2(TTN):c.47379C>A (p.Tyr15793Ter)	7273	TTN	Likely pathogenic	GRCh38	2953318
single nucleotide variant	NM_001267550.2(TTN):c.103804C>T (p.Gln34602Ter)	7273	TTN	Likely pathogenic	GRCh38	3027124
single nucleotide variant	NM_001267550.2(TTN):c.22870G>T (p.Glu7624Ter)	7273	TTN	Likely pathogenic	GRCh38	3064431
single nucleotide variant	NM_001267550.2(TTN):c.60127G>T (p.Gly20043Ter)	7273	TTN	Likely pathogenic	GRCh38	3065148
single nucleotide variant	NM_001267550.2(TTN):c.78685A>T (p.Arg26229Ter)	7273	TTN	Likely pathogenic	GRCh38	3066104
single nucleotide variant	NM_001267550.2(TTN):c.63938G>A (p.Trp21313Ter)	7273	TTN	Likely pathogenic	GRCh38	3067906
single nucleotide variant	NM_001267550.2(TTN):c.3574C>T (p.Gln1192Ter)	7273	TTN	Pathogenic	GRCh38	3068606
single nucleotide variant	NM_001267550.2(TTN):c.92284A>T (p.Lys30762Ter)	7273	TTN	Likely pathogenic	GRCh38	3075741
single nucleotide variant	NM_001267550.2(TTN):c.80262C>G (p.Tyr26754Ter)	7273	TTN	Likely pathogenic	GRCh38	3075743
single nucleotide variant	NM_001267550.2(TTN):c.74707C>T (p.Gln24903Ter)	7273	TTN	Likely pathogenic	GRCh38	3075745
single nucleotide variant	NM_001267550.2(TTN):c.41717G>A (p.Trp13906Ter)	7273	TTN	Likely pathogenic	GRCh38	3075746
single nucleotide variant	NM_001267550.2(TTN):c.3937A>T (p.Lys1313Ter)	7273	TTN	Likely pathogenic	GRCh38	3075747
single nucleotide variant	NM_001267550.2(TTN):c.106953C>G (p.Tyr35651Ter)	7273	TTN	Likely pathogenic	GRCh38	3075912
single nucleotide variant	NM_001267550.2(TTN):c.72799C>T (p.Gln24267Ter)	7273	TTN	Likely pathogenic	GRCh38	3075913
single nucleotide variant	NM_001267550.2(TTN):c.81988C>T (p.Gln27330Ter)	7273	TTN	Pathogenic/Likely pathogenic	GRCh38	3076000
single nucleotide variant	NM_001267550.2(TTN):c.90040G>T (p.Gly30014Ter)	7273	TTN	Likely pathogenic	GRCh38	3076047
single nucleotide variant	NM_001267550.2(TTN):c.77421C>A (p.Tyr25807Ter)	7273	TTN	Likely pathogenic	GRCh38	3076051
single nucleotide variant	NM_001267550.2(TTN):c.1129G>T (p.Glu377Ter)	7273	TTN	Likely pathogenic	GRCh38	3223192
single nucleotide variant	NM_001267550.2(TTN):c.41595C>A (p.Cys13865Ter)	7273	TTN	Likely pathogenic	GRCh38	3223197
single nucleotide variant	NM_001267550.2(TTN):c.45009T>A (p.Cys15003Ter)	7273	TTN	Likely pathogenic	GRCh38	3223204
single nucleotide variant	NM_001267550.2(TTN):c.49532+1G>T	7273	TTN	Likely pathogenic	GRCh38	3223222
single nucleotide variant	NM_001267550.2(TTN):c.62299C>T (p.Gln20767Ter)	7273	TTN	Likely pathogenic	GRCh38	3223244
single nucleotide variant	NM_001267550.2(TTN):c.68442T>A (p.Tyr22814Ter)	7273	TTN	Likely pathogenic	GRCh38	3223265
single nucleotide variant	NM_001267550.2(TTN):c.79750G>T (p.Glu26584Ter)	7273	TTN	Pathogenic/Likely pathogenic	GRCh38	3223299
single nucleotide variant	NM_001267550.2(TTN):c.80738G>A (p.Trp26913Ter)	7273	TTN	Likely pathogenic	GRCh38	3223304
single nucleotide variant	NM_001267550.2(TTN):c.81715C>T (p.Gln27239Ter)	7273	TTN	Likely pathogenic	GRCh38	3223305
single nucleotide variant	NM_001267550.2(TTN):c.83360G>A (p.Trp27787Ter)	7273	TTN	Likely pathogenic	GRCh38	3223309
single nucleotide variant	NM_001267550.2(TTN):c.84933C>G (p.Tyr28311Ter)	7273	TTN	Likely pathogenic	GRCh38	3223313
single nucleotide variant	NM_001267550.2(TTN):c.99613A>T (p.Lys33205Ter)	7273	TTN	Likely pathogenic	GRCh38	3223346
single nucleotide variant	NM_001267550.2(TTN):c.99936G>A (p.Trp33312Ter)	7273	TTN	Likely pathogenic	GRCh38	3223349
single nucleotide variant	NM_001267550.2(TTN):c.1507C>T (p.Gln503Ter)	7273	TTN	Pathogenic/Likely pathogenic	GRCh38	3233248
single nucleotide variant	NM_001267550.2(TTN):c.30883G>T (p.Glu10295Ter)	7273	TTN	Likely pathogenic	GRCh38	3233250
single nucleotide variant	NM_001267550.2(TTN):c.81130C>T (p.Gln27044Ter)	7273	TTN	Likely pathogenic	GRCh38	3233604
single nucleotide variant	NM_001267550.2(TTN):c.104408C>G (p.Ser34803Ter)	7273	TTN	Likely pathogenic	GRCh38	3235082
single nucleotide variant	NM_001267550.2(TTN):c.45896-2A>C	7273	TTN	Pathogenic	GRCh38	3236158
single nucleotide variant	NM_001267550.2(TTN):c.69291C>A (p.Cys23097Ter)	7273	TTN	Likely pathogenic	GRCh38	3236596
single nucleotide variant	NM_001267550.2(TTN):c.101376T>G (p.Tyr33792Ter)	7273	TTN	Likely pathogenic	GRCh38	3236597
single nucleotide variant	NM_001267550.2(TTN):c.49455C>G (p.Tyr16485Ter)	7273	TTN	Likely pathogenic	GRCh38	3236811
single nucleotide variant	NM_001267550.2(TTN):c.46905T>A (p.Tyr15635Ter)	7273	TTN	Likely pathogenic	GRCh38	3238949
single nucleotide variant	NM_001267550.2(TTN):c.11662G>T (p.Gly3888Ter)	7273	TTN	Likely pathogenic	GRCh38	3242609
single nucleotide variant	NM_001267550.2(TTN):c.65491C>T (p.Gln21831Ter)	7273	TTN	Likely pathogenic	GRCh38	3251013
single nucleotide variant	NM_001267550.2(TTN):c.46591G>T (p.Gly15531Ter)	7273	TTN	Likely pathogenic	GRCh38	3253281
single nucleotide variant	NM_001267550.2(TTN):c.95416+1G>C	7273	TTN	Likely pathogenic	GRCh38	3257323
single nucleotide variant	NM_001267550.2(TTN):c.78322C>T (p.Gln26108Ter)	7273	TTN	Likely pathogenic	GRCh38	3258071
single nucleotide variant	NM_001267550.2(TTN):c.64244G>A (p.Trp21415Ter)	7273	TTN	Likely pathogenic	GRCh38	3258074
single nucleotide variant	NM_001267550.2(TTN):c.101884C>T (p.Gln33962Ter)	7273	TTN	Likely pathogenic	GRCh38	3330063
single nucleotide variant	NM_001267550.2(TTN):c.9319A>T (p.Lys3107Ter)	7273	TTN	Likely pathogenic	GRCh38	3330074
single nucleotide variant	NM_001267550.2(TTN):c.2670C>A (p.Tyr890Ter)	7273	TTN	Likely pathogenic	GRCh38	3330079
single nucleotide variant	NM_001267550.2(TTN):c.42463G>T (p.Glu14155Ter)	7273	TTN	Likely pathogenic	GRCh38	3330092
single nucleotide variant	NM_001267550.2(TTN):c.74246G>A (p.Trp24749Ter)	7273	TTN	Likely pathogenic	GRCh38	3330103
single nucleotide variant	NM_001267550.2(TTN):c.79066G>T (p.Glu26356Ter)	7273	TTN	Likely pathogenic	GRCh38	3330114
single nucleotide variant	NM_001267550.2(TTN):c.41986C>T (p.Gln13996Ter)	7273	TTN	Likely pathogenic	GRCh38	3330130
single nucleotide variant	NM_001267550.2(TTN):c.57865G>T (p.Glu19289Ter)	7273	TTN	Likely pathogenic	GRCh38	3330136
single nucleotide variant	NM_001267550.2(TTN):c.6857T>G (p.Leu2286Ter)	7273	TTN	Likely pathogenic	GRCh38	3330156
single nucleotide variant	NM_001267550.2(TTN):c.60138T>A (p.Tyr20046Ter)	7273	TTN	Likely pathogenic	GRCh38	3330157
single nucleotide variant	NM_001267550.2(TTN):c.69557G>A (p.Trp23186Ter)	7273	TTN	Likely pathogenic	GRCh38	3336663
single nucleotide variant	NM_001267550.2(TTN):c.63254G>A (p.Trp21085Ter)	7273	TTN	Likely pathogenic	GRCh38	3337706
single nucleotide variant	NM_001267550.2(TTN):c.51817G>T (p.Gly17273Ter)	7273	TTN	Likely pathogenic	GRCh38	3338344
single nucleotide variant	NM_001267550.2(TTN):c.54342G>A (p.Trp18114Ter)	7273	TTN	Likely pathogenic	GRCh38	3338346
single nucleotide variant	NM_001267550.2(TTN):c.55549G>T (p.Glu18517Ter)	7273	TTN	Likely pathogenic	GRCh38	3338349
single nucleotide variant	NM_001267550.2(TTN):c.60415A>T (p.Lys20139Ter)	7273	TTN	Likely pathogenic	GRCh38	3338350
single nucleotide variant	NM_001267550.2(TTN):c.61769G>A (p.Trp20590Ter)	7273	TTN	Likely pathogenic	GRCh38	3338351
single nucleotide variant	NM_001267550.2(TTN):c.68172T>G (p.Tyr22724Ter)	7273	TTN	Likely pathogenic	GRCh38	3338353
single nucleotide variant	NM_001267550.2(TTN):c.70476C>A (p.Cys23492Ter)	7273	TTN	Likely pathogenic	GRCh38	3338354
single nucleotide variant	NM_001267550.2(TTN):c.79101T>A (p.Tyr26367Ter)	7273	TTN	Likely pathogenic	GRCh38	3338357
single nucleotide variant	NM_001267550.2(TTN):c.36532+2T>G	7273	TTN	Likely pathogenic	GRCh38	3339637
single nucleotide variant	NM_001267550.2(TTN):c.13141G>T (p.Glu4381Ter)	7273	TTN	Likely pathogenic	GRCh38	3340251
single nucleotide variant	NM_001267550.2(TTN):c.57545-1G>T	7273	TTN	Likely pathogenic	GRCh38	3340742
single nucleotide variant	NM_001267550.2(TTN):c.40255G>T (p.Glu13419Ter)	7273	TTN	Pathogenic	GRCh38	3340760
single nucleotide variant	NM_001267550.2(TTN):c.48638+1G>C	7273	TTN	Likely pathogenic	GRCh38	3340913
single nucleotide variant	NM_001267550.2(TTN):c.103735G>T (p.Glu34579Ter)	7273	TTN	Likely pathogenic	GRCh38	3340923
single nucleotide variant	NM_001267550.2(TTN):c.42521G>A (p.Trp14174Ter)	7273	TTN	Pathogenic	GRCh38	3341104
single nucleotide variant	NM_001267550.2(TTN):c.68329+1G>A	7273	TTN	Likely pathogenic	GRCh38	3342624
single nucleotide variant	NM_001267550.2(TTN):c.6508+1G>A	7273	TTN	Likely pathogenic	GRCh38	3344569
single nucleotide variant	NM_001267550.2(TTN):c.99865+1G>A	7273	TTN	Likely pathogenic	GRCh38	3345912
single nucleotide variant	NM_001267550.2(TTN):c.81601A>T (p.Lys27201Ter)	7273	TTN	Likely pathogenic	GRCh38	3347317
single nucleotide variant	NM_001267550.2(TTN):c.104849C>A (p.Ser34950Ter)	7273	TTN	Pathogenic	GRCh38	3359145
single nucleotide variant	NM_001267550.2(TTN):c.39896-1G>A	7273	TTN	Likely pathogenic	GRCh38	3360963
single nucleotide variant	NM_001267550.2(TTN):c.94740T>G (p.Tyr31580Ter)	7273	TTN	Likely pathogenic	GRCh38	3362919
single nucleotide variant	NM_001267550.2(TTN):c.6897G>A (p.Trp2299Ter)	7273	TTN	Likely pathogenic	GRCh38	3362924
single nucleotide variant	NM_001267550.2(TTN):c.64882C>T (p.Gln21628Ter)	7273	TTN	Likely pathogenic	GRCh38	3362925
single nucleotide variant	NM_001267550.2(TTN):c.65931G>A (p.Trp21977Ter)	7273	TTN	Likely pathogenic	GRCh38	3362928
single nucleotide variant	NM_001267550.2(TTN):c.66305G>A (p.Trp22102Ter)	7273	TTN	Likely pathogenic	GRCh38	3362929
single nucleotide variant	NM_001267550.2(TTN):c.66859G>T (p.Gly22287Ter)	7273	TTN	Likely pathogenic	GRCh38	3362932
single nucleotide variant	NM_001267550.2(TTN):c.66884G>A (p.Trp22295Ter)	7273	TTN	Likely pathogenic	GRCh38	3362933
single nucleotide variant	NM_001267550.2(TTN):c.67458T>G (p.Tyr22486Ter)	7273	TTN	Likely pathogenic	GRCh38	3362934
single nucleotide variant	NM_001267550.2(TTN):c.67751G>A (p.Trp22584Ter)	7273	TTN	Likely pathogenic	GRCh38	3362936
single nucleotide variant	NM_001267550.2(TTN):c.8758G>T (p.Glu2920Ter)	7273	TTN	Likely pathogenic	GRCh38	3362945
single nucleotide variant	NM_001267550.2(TTN):c.70737G>A (p.Trp23579Ter)	7273	TTN	Likely pathogenic	GRCh38	3362947
single nucleotide variant	NM_001267550.2(TTN):c.71302C>T (p.Gln23768Ter)	7273	TTN	Likely pathogenic	GRCh38	3362950
single nucleotide variant	NM_001267550.2(TTN):c.72728G>A (p.Trp24243Ter)	7273	TTN	Likely pathogenic	GRCh38	3362956
single nucleotide variant	NM_001267550.2(TTN):c.73180G>T (p.Glu24394Ter)	7273	TTN	Likely pathogenic	GRCh38	3362957
single nucleotide variant	NM_001267550.2(TTN):c.75435G>A (p.Trp25145Ter)	7273	TTN	Pathogenic	GRCh38	3362961
single nucleotide variant	NM_001267550.2(TTN):c.78452C>G (p.Ser26151Ter)	7273	TTN	Likely pathogenic	GRCh38	3362966
single nucleotide variant	NM_001267550.2(TTN):c.79221G>A (p.Trp26407Ter)	7273	TTN	Likely pathogenic	GRCh38	3362971
single nucleotide variant	NM_001267550.2(TTN):c.79434T>A (p.Tyr26478Ter)	7273	TTN	Likely pathogenic	GRCh38	3362972
single nucleotide variant	NM_001267550.2(TTN):c.80981G>A (p.Trp26994Ter)	7273	TTN	Likely pathogenic	GRCh38	3362977
single nucleotide variant	NM_001267550.2(TTN):c.16939G>T (p.Glu5647Ter)	7273	TTN	Likely pathogenic	GRCh38	3362978
single nucleotide variant	NM_001267550.2(TTN):c.81328G>T (p.Glu27110Ter)	7273	TTN	Likely pathogenic	GRCh38	3362979
single nucleotide variant	NM_001267550.2(TTN):c.81487G>T (p.Glu27163Ter)	7273	TTN	Likely pathogenic	GRCh38	3362981
single nucleotide variant	NM_001267550.2(TTN):c.82429G>T (p.Glu27477Ter)	7273	TTN	Likely pathogenic	GRCh38	3362983
single nucleotide variant	NM_001267550.2(TTN):c.86163T>A (p.Tyr28721Ter)	7273	TTN	Likely pathogenic	GRCh38	3362996
single nucleotide variant	NM_001267550.2(TTN):c.84163A>T (p.Arg28055Ter)	7273	TTN	Likely pathogenic	GRCh38	3362997
single nucleotide variant	NM_001267550.2(TTN):c.87477G>A (p.Trp29159Ter)	7273	TTN	Likely pathogenic	GRCh38	3363000
single nucleotide variant	NM_001267550.2(TTN):c.87555G>A (p.Trp29185Ter)	7273	TTN	Likely pathogenic	GRCh38	3363002
single nucleotide variant	NM_001267550.2(TTN):c.26629A>T (p.Lys8877Ter)	7273	TTN	Likely pathogenic	GRCh38	3363003
single nucleotide variant	NM_001267550.2(TTN):c.89730T>A (p.Tyr29910Ter)	7273	TTN	Likely pathogenic	GRCh38	3363009
single nucleotide variant	NM_001267550.2(TTN):c.93850G>T (p.Gly31284Ter)	7273	TTN	Likely pathogenic	GRCh38	3363015
single nucleotide variant	NM_001267550.2(TTN):c.94099C>T (p.Gln31367Ter)	7273	TTN	Likely pathogenic	GRCh38	3363016
single nucleotide variant	NM_001267550.2(TTN):c.35044G>T (p.Glu11682Ter)	7273	TTN	Likely pathogenic	GRCh38	3363024
single nucleotide variant	NM_001267550.2(TTN):c.97474G>T (p.Glu32492Ter)	7273	TTN	Likely pathogenic	GRCh38	3363027
single nucleotide variant	NM_001267550.2(TTN):c.99085G>T (p.Glu33029Ter)	7273	TTN	Likely pathogenic	GRCh38	3363031
single nucleotide variant	NM_001267550.2(TTN):c.99862C>T (p.Gln33288Ter)	7273	TTN	Likely pathogenic	GRCh38	3363034
single nucleotide variant	NM_001267550.2(TTN):c.100389C>A (p.Tyr33463Ter)	7273	TTN	Pathogenic	GRCh38	3363036
single nucleotide variant	NM_001267550.2(TTN):c.103840C>T (p.Gln34614Ter)	7273	TTN	Likely pathogenic	GRCh38	3363041
single nucleotide variant	NM_001267550.2(TTN):c.106864C>T (p.Gln35622Ter)	7273	TTN	Likely pathogenic	GRCh38	3363044
single nucleotide variant	NM_001267550.2(TTN):c.6509-1G>A	7273	TTN	Likely pathogenic	GRCh38	3363046
single nucleotide variant	NM_001267550.2(TTN):c.42281C>A (p.Ser14094Ter)	7273	TTN	Likely pathogenic	GRCh38	3363060
single nucleotide variant	NM_001267550.2(TTN):c.42388A>T (p.Lys14130Ter)	7273	TTN	Likely pathogenic	GRCh38	3363061
single nucleotide variant	NM_001267550.2(TTN):c.42667C>T (p.Gln14223Ter)	7273	TTN	Likely pathogenic	GRCh38	3363062
single nucleotide variant	NM_001267550.2(TTN):c.43633C>T (p.Gln14545Ter)	7273	TTN	Likely pathogenic	GRCh38	3363064
single nucleotide variant	NM_001267550.2(TTN):c.2371-6A>G	7273	TTN	Likely pathogenic	GRCh38	3363065
single nucleotide variant	NM_001267550.2(TTN):c.44281+5G>C	7273	TTN	Likely pathogenic	GRCh38	3363067
single nucleotide variant	NM_001267550.2(TTN):c.46048A>T (p.Arg15350Ter)	7273	TTN	Likely pathogenic	GRCh38	3363069
single nucleotide variant	NM_001267550.2(TTN):c.46304+2T>G	7273	TTN	Likely pathogenic	GRCh38	3363070
single nucleotide variant	NM_001267550.2(TTN):c.45970A>T (p.Lys15324Ter)	7273	TTN	Likely pathogenic	GRCh38	3363071
single nucleotide variant	NM_001267550.2(TTN):c.47337G>A (p.Trp15779Ter)	7273	TTN	Likely pathogenic	GRCh38	3363073
single nucleotide variant	NM_001267550.2(TTN):c.48313-2A>G	7273	TTN	Likely pathogenic	GRCh38	3363074
single nucleotide variant	NM_001267550.2(TTN):c.48400A>T (p.Lys16134Ter)	7273	TTN	Likely pathogenic	GRCh38	3363075
single nucleotide variant	NM_001267550.2(TTN):c.48661G>T (p.Glu16221Ter)	7273	TTN	Likely pathogenic	GRCh38	3363076
single nucleotide variant	NM_001267550.2(TTN):c.49532+1G>A	7273	TTN	Likely pathogenic	GRCh38	3363078
single nucleotide variant	NM_001267550.2(TTN):c.51318G>A (p.Trp17106Ter)	7273	TTN	Likely pathogenic	GRCh38	3363083
single nucleotide variant	NM_001267550.2(TTN):c.3800T>A (p.Leu1267Ter)	7273	TTN	Likely pathogenic	GRCh38	3363089
single nucleotide variant	NM_001267550.2(TTN):c.56560G>T (p.Glu18854Ter)	7273	TTN	Likely pathogenic	GRCh38	3363093
single nucleotide variant	NM_001267550.2(TTN):c.5878G>T (p.Glu1960Ter)	7273	TTN	Likely pathogenic	GRCh38	3363095
single nucleotide variant	NM_001267550.2(TTN):c.60098T>G (p.Leu20033Ter)	7273	TTN	Likely pathogenic	GRCh38	3363097
single nucleotide variant	NM_001267550.2(TTN):c.60709C>T (p.Gln20237Ter)	7273	TTN	Likely pathogenic	GRCh38	3363100
single nucleotide variant	NM_001267550.2(TTN):c.49412G>A (p.Trp16471Ter)	7273	TTN	Pathogenic	GRCh38	3364314
single nucleotide variant	NM_001267550.2(TTN):c.94596T>A (p.Tyr31532Ter)	7273	TTN	Likely pathogenic	GRCh38	3365637
single nucleotide variant	NM_001267550.2(TTN):c.96311-1G>A	7273	TTN	Likely pathogenic	GRCh38	3372503
single nucleotide variant	NM_001267550.2(TTN):c.88068G>A (p.Trp29356Ter)	7273	TTN	Likely pathogenic	GRCh38	3374731
single nucleotide variant	NM_001267550.2(TTN):c.50353A>T (p.Arg16785Ter)	7273	TTN	Likely pathogenic	GRCh38	3376591
single nucleotide variant	NM_001267550.2(TTN):c.67491G>A (p.Trp22497Ter)	7273	TTN	Likely pathogenic	GRCh38	3376653
single nucleotide variant	NM_001267550.2(TTN):c.52705+1G>A	7273	TTN	Likely pathogenic	GRCh38	3376664
single nucleotide variant	NM_001267550.2(TTN):c.59926+2T>C	7273	TTN	Likely pathogenic	GRCh38	3376686
single nucleotide variant	NM_001267550.2(TTN):c.4607C>T (p.Ala1536Val)	7273	TTN	Likely pathogenic	GRCh38	3376806
single nucleotide variant	NM_001267550.2(TTN):c.48639-2A>C	7273	TTN	Likely pathogenic	GRCh38	3377397
single nucleotide variant	NM_001267550.2(TTN):c.45567C>G (p.Tyr15189Ter)	7273	TTN	Likely pathogenic	GRCh38	3377510
single nucleotide variant	NM_001267550.2(TTN):c.94828+1G>T	7273	TTN	Likely pathogenic	GRCh38	3380954
single nucleotide variant	NM_001267550.2(TTN):c.88009+1G>A	7273	TTN	Pathogenic	GRCh38	3380957
single nucleotide variant	NM_001267550.2(TTN):c.15562C>T (p.Gln5188Ter)	7273	TTN	Likely pathogenic	GRCh38	3381878
single nucleotide variant	NM_001267550.2(TTN):c.52894A>T (p.Lys17632Ter)	7273	TTN	Likely pathogenic	GRCh38	3382001
single nucleotide variant	NM_001267550.2(TTN):c.46308C>G (p.Tyr15436Ter)	7273	TTN	Likely pathogenic	GRCh38	3382006
single nucleotide variant	NM_001267550.2(TTN):c.33511G>T (p.Glu11171Ter)	7273	TTN	Likely pathogenic	GRCh38	3382129
single nucleotide variant	NM_001267550.2(TTN):c.69196G>T (p.Glu23066Ter)	7273	TTN	Likely pathogenic	GRCh38	3382187
single nucleotide variant	NM_001267550.2(TTN):c.23605C>T (p.Gln7869Ter)	7273	TTN	Likely pathogenic	GRCh38	3382642
single nucleotide variant	NM_001267550.2(TTN):c.10819G>T (p.Glu3607Ter)	7273	TTN	Likely pathogenic	GRCh38	3382654
single nucleotide variant	NM_001267550.2(TTN):c.103800G>A (p.Trp34600Ter)	7273	TTN	Likely pathogenic	GRCh38	3382663
single nucleotide variant	NM_001267550.2(TTN):c.42451C>T (p.Gln14151Ter)	7273	TTN	Likely pathogenic	GRCh38	3382669
single nucleotide variant	NM_001267550.2(TTN):c.20382G>A (p.Trp6794Ter)	7273	TTN	Likely pathogenic	GRCh38	3382703
single nucleotide variant	NM_001267550.2(TTN):c.45966G>A (p.Trp15322Ter)	7273	TTN	Pathogenic/Likely pathogenic	GRCh38	3382705
single nucleotide variant	NM_001267550.2(TTN):c.54386G>A (p.Trp18129Ter)	7273	TTN	Likely pathogenic	GRCh38	3382748
single nucleotide variant	NM_001267550.2(TTN):c.83821G>T (p.Glu27941Ter)	7273	TTN	Pathogenic	GRCh38	3385380
single nucleotide variant	NM_001267550.2(TTN):c.63139G>T (p.Gly21047Ter)	7273	TTN	Pathogenic	GRCh38	3390587
single nucleotide variant	NM_001267550.2(TTN):c.72526G>T (p.Glu24176Ter)	7273	TTN	Likely pathogenic	GRCh38	3390982
single nucleotide variant	NM_001267550.2(TTN):c.62733G>A (p.Trp20911Ter)	7273	TTN	Pathogenic/Likely pathogenic	GRCh38	3463725
single nucleotide variant	NM_001267550.2(TTN):c.56246T>A (p.Leu18749Ter)	7273	TTN	Likely pathogenic	GRCh38	3463726
single nucleotide variant	NM_001267550.2(TTN):c.75778C>T (p.Gln25260Ter)	7273	TTN	Likely pathogenic	GRCh38	3463737
single nucleotide variant	NM_001267550.2(TTN):c.81926G>A (p.Trp27309Ter)	7273	TTN	Likely pathogenic	GRCh38	3463745
single nucleotide variant	NM_001267550.2(TTN):c.55522G>T (p.Gly18508Ter)	7273	TTN	Likely pathogenic	GRCh38	3463748
single nucleotide variant	NM_001267550.2(TTN):c.73767C>G (p.Tyr24589Ter)	7273	TTN	Likely pathogenic	GRCh38	3463756
single nucleotide variant	NM_001267550.2(TTN):c.61218T>G (p.Tyr20406Ter)	7273	TTN	Likely pathogenic	GRCh38	3463782
single nucleotide variant	NM_001267550.2(TTN):c.59771G>A (p.Trp19924Ter)	7273	TTN	Likely pathogenic	GRCh38	3463790
single nucleotide variant	NM_001267550.2(TTN):c.87256A>T (p.Lys29086Ter)	7273	TTN	Likely pathogenic	GRCh38	3463814
single nucleotide variant	NM_001267550.2(TTN):c.40516G>T (p.Glu13506Ter)	7273	TTN	Likely pathogenic	GRCh38	3464234
single nucleotide variant	NM_001267550.2(TTN):c.81009C>A (p.Cys27003Ter)	7273	TTN	Likely pathogenic	GRCh38	3464241
single nucleotide variant	NM_001267550.2(TTN):c.89127T>A (p.Cys29709Ter)	7273	TTN	Likely pathogenic	GRCh38	3464258
single nucleotide variant	NM_001267550.2(TTN):c.95526C>G (p.Tyr31842Ter)	7273	TTN	Likely pathogenic	GRCh38	3464268
single nucleotide variant	NM_001267550.2(TTN):c.29446G>T (p.Gly9816Ter)	7273	TTN	Likely pathogenic	GRCh38	3544370
single nucleotide variant	NM_001267550.2(TTN):c.91328G>A (p.Trp30443Ter)	7273	TTN	Likely pathogenic	GRCh38	3544407
single nucleotide variant	NM_001267550.2(TTN):c.914+1G>A	7273	TTN	Likely pathogenic	GRCh38	3585094
single nucleotide variant	NM_001267550.2(TTN):c.57262G>C (p.Val19088Leu)	7273	TTN	Likely pathogenic	GRCh38	3573466
single nucleotide variant	NM_001267550.2(TTN):c.75581C>G (p.Ser25194Ter)	7273	TTN	Likely pathogenic	GRCh38	3602077
single nucleotide variant	NM_001267550.2(TTN):c.69261G>A (p.Trp23087Ter)	7273	TTN	Likely pathogenic	GRCh38	3602763
single nucleotide variant	NM_001267550.2(TTN):c.14170C>T (p.Gln4724Ter)	7273	TTN	Likely pathogenic	GRCh38	3629454
single nucleotide variant	NM_001267550.2(TTN):c.5413C>T (p.Gln1805Ter)	7273	TTN	Likely pathogenic	GRCh38	3748005
single nucleotide variant	NM_001267550.2(TTN):c.103411C>T (p.Arg34471Ter)	7273	TTN	Pathogenic/Likely pathogenic	GRCh38	3748054
single nucleotide variant	NM_001267550.2(TTN):c.8116+1G>A	7273	TTN	Likely pathogenic	GRCh38	3748109
single nucleotide variant	NM_001267550.2(TTN):c.12970G>T (p.Glu4324Ter)	7273	TTN	Likely pathogenic	GRCh38	3748145
single nucleotide variant	NM_001267550.2(TTN):c.39817+1G>A	7273	TTN	Likely pathogenic	GRCh38	3749635
single nucleotide variant	NM_001267550.2(TTN):c.62261G>A (p.Trp20754Ter)	7273	TTN	Likely pathogenic	GRCh38	3749729
single nucleotide variant	NM_001267550.2(TTN):c.29308C>T (p.Arg9770Ter)	7273	TTN	Likely pathogenic	GRCh38	3749901
single nucleotide variant	NM_001267550.2(TTN):c.77156G>A (p.Trp25719Ter)	7273	TTN	Likely pathogenic	GRCh38	3749985
single nucleotide variant	NM_001267550.2(TTN):c.11851C>T (p.Gln3951Ter)	7273	TTN	Likely pathogenic	GRCh38	3751525
single nucleotide variant	NM_001267550.2(TTN):c.15921C>A (p.Tyr5307Ter)	7273	TTN	Likely pathogenic	GRCh38	3751589
single nucleotide variant	NM_001267550.2(TTN):c.31203T>G (p.Tyr10401Ter)	7273	TTN	Likely pathogenic	GRCh38	3751636
single nucleotide variant	NM_001267550.2(TTN):c.41407G>T (p.Glu13803Ter)	7273	TTN	Likely pathogenic	GRCh38	3751640
single nucleotide variant	NM_001267550.2(TTN):c.22068G>A (p.Trp7356Ter)	7273	TTN	Likely pathogenic	GRCh38	3751747
single nucleotide variant	NM_001267550.2(TTN):c.36091A>T (p.Lys12031Ter)	7273	TTN	Likely pathogenic	GRCh38	3753086
single nucleotide variant	NM_001267550.2(TTN):c.35875+1G>C	7273	TTN	Likely pathogenic	GRCh38	3753126
single nucleotide variant	NM_001267550.2(TTN):c.93402G>A (p.Trp31134Ter)	7273	TTN	Likely pathogenic	GRCh38	3753237
single nucleotide variant	NM_001267550.2(TTN):c.51317G>A (p.Trp17106Ter)	7273	TTN	Likely pathogenic	GRCh38	3753241
single nucleotide variant	NM_001267550.2(TTN):c.64094-1G>A	7273	TTN	Likely pathogenic	GRCh38	3753395
single nucleotide variant	NM_001267550.2(TTN):c.34643C>G (p.Ser11548Ter)	7273	TTN	Likely pathogenic	GRCh38	3754775
single nucleotide variant	NM_001267550.2(TTN):c.46855C>T (p.Gln15619Ter)	7273	TTN	Likely pathogenic	GRCh38	3754805
single nucleotide variant	NM_001267550.2(TTN):c.65275+1G>A	7273	TTN	Likely pathogenic	GRCh38	3754834
single nucleotide variant	NM_001267550.2(TTN):c.93316G>T (p.Glu31106Ter)	7273	TTN	Likely pathogenic	GRCh38	3754903
single nucleotide variant	NM_001267550.2(TTN):c.50212G>T (p.Glu16738Ter)	7273	TTN	Likely pathogenic	GRCh38	3754960
single nucleotide variant	NM_001267550.2(TTN):c.2737G>T (p.Glu913Ter)	7273	TTN	Likely pathogenic	GRCh38	3754982
single nucleotide variant	NM_001267550.2(TTN):c.54441T>A (p.Tyr18147Ter)	7273	TTN	Likely pathogenic	GRCh38	3755064
single nucleotide variant	NM_001267550.2(TTN):c.39211+1G>A	7273	TTN	Likely pathogenic	GRCh38	3755065
single nucleotide variant	NM_001267550.2(TTN):c.95868G>A (p.Trp31956Ter)	7273	TTN	Likely pathogenic	GRCh38	3755098
single nucleotide variant	NM_001267550.2(TTN):c.94493C>G (p.Ser31498Ter)	7273	TTN	Likely pathogenic	GRCh38	3755186
single nucleotide variant	NM_001267550.2(TTN):c.9471+1G>T	7273	TTN	Likely pathogenic	GRCh38	3756469
single nucleotide variant	NM_001267550.2(TTN):c.18088C>T (p.Gln6030Ter)	7273	TTN	Likely pathogenic	GRCh38	3756488
single nucleotide variant	NM_001267550.2(TTN):c.5092G>T (p.Glu1698Ter)	7273	TTN	Likely pathogenic	GRCh38	3756573
single nucleotide variant	NM_001267550.2(TTN):c.44014+2T>C	7273	TTN	Likely pathogenic	GRCh38	3756616
single nucleotide variant	NM_001267550.2(TTN):c.30754+2T>C	7273	TTN	Likely pathogenic	GRCh38	3756642
single nucleotide variant	NM_001267550.2(TTN):c.68823C>G (p.Tyr22941Ter)	7273	TTN	Likely pathogenic	GRCh38	3756769
single nucleotide variant	NM_001267550.2(TTN):c.11558G>A (p.Trp3853Ter)	7273	TTN	Likely pathogenic	GRCh38	3756793
single nucleotide variant	NM_001267550.2(TTN):c.90815G>A (p.Trp30272Ter)	7273	TTN	Likely pathogenic	GRCh38	3758259
single nucleotide variant	NM_001267550.2(TTN):c.2931C>G (p.Tyr977Ter)	7273	TTN	Likely pathogenic	GRCh38	3759442
single nucleotide variant	NM_001267550.2(TTN):c.94220-1G>C	7273	TTN	Likely pathogenic	GRCh38	3759482
single nucleotide variant	NM_001267550.2(TTN):c.57693G>A (p.Trp19231Ter)	7273	TTN	Likely pathogenic	GRCh38	3759488
single nucleotide variant	NM_001267550.2(TTN):c.50746G>T (p.Glu16916Ter)	7273	TTN	Likely pathogenic	GRCh38	3759493
single nucleotide variant	NM_001267550.2(TTN):c.42897T>G (p.Tyr14299Ter)	7273	TTN	Likely pathogenic	GRCh38	3759512
single nucleotide variant	NM_001267550.2(TTN):c.86482C>T (p.Gln28828Ter)	7273	TTN	Likely pathogenic	GRCh38	3759535
single nucleotide variant	NM_001267550.2(TTN):c.36019G>T (p.Glu12007Ter)	7273	TTN	Likely pathogenic	GRCh38	3759630
single nucleotide variant	NM_001267550.2(TTN):c.93110G>A (p.Trp31037Ter)	7273	TTN	Likely pathogenic	GRCh38	3759632
single nucleotide variant	NM_001267550.2(TTN):c.57614G>A (p.Trp19205Ter)	7273	TTN	Likely pathogenic	GRCh38	3759663
single nucleotide variant	NM_001267550.2(TTN):c.96206T>A (p.Leu32069Ter)	7273	TTN	Likely pathogenic	GRCh38	3759681
single nucleotide variant	NM_001267550.2(TTN):c.12793C>T (p.Gln4265Ter)	7273	TTN	Likely pathogenic	GRCh38	3759683
single nucleotide variant	NM_001267550.2(TTN):c.66463+1G>A	7273	TTN	Likely pathogenic	GRCh38	3759713
single nucleotide variant	NM_001267550.2(TTN):c.4834G>T (p.Glu1612Ter)	7273	TTN	Likely pathogenic	GRCh38	3759730
single nucleotide variant	NM_001267550.2(TTN):c.46375G>T (p.Glu15459Ter)	7273	TTN	Likely pathogenic	GRCh38	3759738
single nucleotide variant	NM_001267550.2(TTN):c.80080G>T (p.Glu26694Ter)	7273	TTN	Likely pathogenic	GRCh38	3759741
single nucleotide variant	NM_001267550.2(TTN):c.3100+1G>A	7273	TTN	Likely pathogenic	GRCh38	3759796
single nucleotide variant	NM_001267550.2(TTN):c.79692T>A (p.Cys26564Ter)	7273	TTN	Likely pathogenic	GRCh38	3759843
single nucleotide variant	NM_001267550.2(TTN):c.55892G>A (p.Trp18631Ter)	7273	TTN	Likely pathogenic	GRCh38	3759847
single nucleotide variant	NM_001267550.2(TTN):c.30151C>T (p.Arg10051Ter)	7273	TTN	Likely pathogenic	GRCh38	3749185
single nucleotide variant	NM_001267550.2(TTN):c.36280+2T>A	7273	TTN	Likely pathogenic	GRCh38	3749232
single nucleotide variant	NM_001267550.2(TTN):c.27022G>T (p.Glu9008Ter)	7273	TTN	Likely pathogenic	GRCh38	3749385
single nucleotide variant	NM_001267550.2(TTN):c.81929C>G (p.Ser27310Ter)	7273	TTN	Likely pathogenic	GRCh38	3749469
single nucleotide variant	NM_001267550.2(TTN):c.57111+2T>C	7273	TTN	Likely pathogenic	GRCh38	3749554
single nucleotide variant	NM_001267550.2(TTN):c.88342G>T (p.Glu29448Ter)	7273	TTN	Likely pathogenic	GRCh38	3750979
single nucleotide variant	NM_001267550.2(TTN):c.16012G>T (p.Glu5338Ter)	7273	TTN	Likely pathogenic	GRCh38	3751021
single nucleotide variant	NM_001267550.2(TTN):c.40058-1G>A	7273	TTN	Likely pathogenic	GRCh38	3751103
single nucleotide variant	NM_001267550.2(TTN):c.39127+2T>C	7273	TTN	Likely pathogenic	GRCh38	3751200
single nucleotide variant	NM_001267550.2(TTN):c.30434-2A>G	7273	TTN	Likely pathogenic	GRCh38	3751249
single nucleotide variant	NM_001267550.2(TTN):c.83243T>G (p.Leu27748Ter)	7273	TTN	Likely pathogenic	GRCh38	3751270
single nucleotide variant	NM_001267550.2(TTN):c.78787C>T (p.Gln26263Ter)	7273	TTN	Likely pathogenic	GRCh38	3752668
single nucleotide variant	NM_001267550.2(TTN):c.67492C>T (p.Gln22498Ter)	7273	TTN	Likely pathogenic	GRCh38	3752735
single nucleotide variant	NM_001267550.2(TTN):c.29113C>T (p.Gln9705Ter)	7273	TTN	Likely pathogenic	GRCh38	3752807
single nucleotide variant	NM_001267550.2(TTN):c.22475C>G (p.Ser7492Ter)	7273	TTN	Likely pathogenic	GRCh38	3752922
single nucleotide variant	NM_001267550.2(TTN):c.45451C>T (p.Gln15151Ter)	7273	TTN	Likely pathogenic	GRCh38	3753019
single nucleotide variant	NM_001267550.2(TTN):c.103123C>T (p.Gln34375Ter)	7273	TTN	Likely pathogenic	GRCh38	3754361
single nucleotide variant	NM_001267550.2(TTN):c.52547G>A (p.Trp17516Ter)	7273	TTN	Likely pathogenic	GRCh38	3754388
single nucleotide variant	NM_001267550.2(TTN):c.49948+1G>C	7273	TTN	Pathogenic	GRCh38	3754396
single nucleotide variant	NM_001267550.2(TTN):c.62951G>A (p.Trp20984Ter)	7273	TTN	Likely pathogenic	GRCh38	3754400
single nucleotide variant	NM_001267550.2(TTN):c.67058-1G>T	7273	TTN	Likely pathogenic	GRCh38	3754412
single nucleotide variant	NM_001267550.2(TTN):c.53287+2T>A	7273	TTN	Likely pathogenic	GRCh38	3754600
single nucleotide variant	NM_001267550.2(TTN):c.103420C>T (p.Gln34474Ter)	7273	TTN	Likely pathogenic	GRCh38	3756052
single nucleotide variant	NM_001267550.2(TTN):c.51136+1G>A	7273	TTN	Likely pathogenic	GRCh38	3756145
single nucleotide variant	NM_001267550.2(TTN):c.93970G>T (p.Glu31324Ter)	7273	TTN	Likely pathogenic	GRCh38	3756229
single nucleotide variant	NM_001267550.2(TTN):c.18344T>G (p.Leu6115Ter)	7273	TTN	Likely pathogenic	GRCh38	3756299
single nucleotide variant	NM_001267550.2(TTN):c.103188G>A (p.Trp34396Ter)	7273	TTN	Likely pathogenic	GRCh38	3756329
single nucleotide variant	NM_001267550.2(TTN):c.87735G>A (p.Trp29245Ter)	7273	TTN	Likely pathogenic	GRCh38	3756360
single nucleotide variant	NM_001267550.2(TTN):c.67302T>A (p.Tyr22434Ter)	7273	TTN	Likely pathogenic	GRCh38	3756376
single nucleotide variant	NM_001267550.2(TTN):c.69209C>A (p.Ser23070Ter)	7273	TTN	Likely pathogenic	GRCh38	3756397
single nucleotide variant	NM_001267550.2(TTN):c.48638+2T>C	7273	TTN	Likely pathogenic	GRCh38	3756445
single nucleotide variant	NM_001267550.2(TTN):c.61008T>A (p.Tyr20336Ter)	7273	TTN	Likely pathogenic	GRCh38	3757763
single nucleotide variant	NM_001267550.2(TTN):c.94220-1G>T	7273	TTN	Likely pathogenic	GRCh38	3757825
single nucleotide variant	NM_001267550.2(TTN):c.84420C>G (p.Tyr28140Ter)	7273	TTN	Likely pathogenic	GRCh38	3757837
single nucleotide variant	NM_001267550.2(TTN):c.35392G>T (p.Glu11798Ter)	7273	TTN	Likely pathogenic	GRCh38	3757917
single nucleotide variant	NM_001267550.2(TTN):c.72379G>T (p.Glu24127Ter)	7273	TTN	Likely pathogenic	GRCh38	3757933
single nucleotide variant	NM_001267550.2(TTN):c.79601G>A (p.Trp26534Ter)	7273	TTN	Likely pathogenic	GRCh38	3758049
single nucleotide variant	NM_001267550.2(TTN):c.102932C>G (p.Ser34311Ter)	7273	TTN	Likely pathogenic	GRCh38	3759065
single nucleotide variant	NM_001267550.2(TTN):c.91061C>G (p.Ser30354Ter)	7273	TTN	Likely pathogenic	GRCh38	3759067
single nucleotide variant	NM_001267550.2(TTN):c.88962G>A (p.Trp29654Ter)	7273	TTN	Likely pathogenic	GRCh38	3759068
single nucleotide variant	NM_001267550.2(TTN):c.35083G>T (p.Glu11695Ter)	7273	TTN	Likely pathogenic	GRCh38	3759071
single nucleotide variant	NM_001267550.2(TTN):c.14092+1G>T	7273	TTN	Likely pathogenic	GRCh38	3759073
single nucleotide variant	NM_001267550.2(TTN):c.59467G>T (p.Glu19823Ter)	7273	TTN	Likely pathogenic	GRCh38	3759186
single nucleotide variant	NM_001267550.2(TTN):c.44281+2T>C	7273	TTN	Pathogenic	GRCh38	3759187
single nucleotide variant	NM_001267550.2(TTN):c.1555A>T (p.Lys519Ter)	7273	TTN	Likely pathogenic	GRCh38	3759193
single nucleotide variant	NM_001267550.2(TTN):c.71583T>A (p.Tyr23861Ter)	7273	TTN	Likely pathogenic	GRCh38	3759196
single nucleotide variant	NM_001267550.2(TTN):c.107117C>G (p.Ser35706Ter)	7273	TTN	Likely pathogenic	GRCh38	3759204
single nucleotide variant	NM_001267550.2(TTN):c.88807G>T (p.Glu29603Ter)	7273	TTN	Likely pathogenic	GRCh38	3759208
single nucleotide variant	NM_001267550.2(TTN):c.48247G>T (p.Gly16083Ter)	7273	TTN	Likely pathogenic	GRCh38	3759210
single nucleotide variant	NM_001267550.2(TTN):c.12617T>G (p.Leu4206Ter)	7273	TTN	Likely pathogenic	GRCh38	3759223
single nucleotide variant	NM_001267550.2(TTN):c.58969G>T (p.Glu19657Ter)	7273	TTN	Likely pathogenic	GRCh38	3759266
single nucleotide variant	NM_001267550.2(TTN):c.63860G>A (p.Trp21287Ter)	7273	TTN	Likely pathogenic	GRCh38	3759324
single nucleotide variant	NM_001267550.2(TTN):c.16508T>G (p.Leu5503Ter)	7273	TTN	Likely pathogenic	GRCh38	3759330
single nucleotide variant	NM_001267550.2(TTN):c.44387G>A (p.Trp14796Ter)	7273	TTN	Likely pathogenic	GRCh38	3759361
single nucleotide variant	NM_001267550.2(TTN):c.7163G>A (p.Trp2388Ter)	7273	TTN	Likely pathogenic	GRCh38	3759375
single nucleotide variant	NM_001267550.2(TTN):c.78301A>T (p.Lys26101Ter)	7273	TTN	Likely pathogenic	GRCh38	3759423
single nucleotide variant	NM_001267550.2(TTN):c.103530T>A (p.Tyr34510Ter)	7273	TTN	Likely pathogenic	GRCh38	3760721
single nucleotide variant	NM_001267550.2(TTN):c.11311+1G>A	7273	TTN	Likely pathogenic	GRCh38	3761117
single nucleotide variant	NM_001267550.2(TTN):c.39973+1G>T	7273	TTN	Likely pathogenic	GRCh38	3748784
single nucleotide variant	NM_001267550.2(TTN):c.52472G>A (p.Trp17491Ter)	7273	TTN	Likely pathogenic	GRCh38	3748842
single nucleotide variant	NM_001267550.2(TTN):c.35629+2T>G	7273	TTN	Likely pathogenic	GRCh38	3749034
single nucleotide variant	NM_001267550.2(TTN):c.39973+1G>A	7273	TTN	Likely pathogenic	GRCh38	3749136
single nucleotide variant	NM_001267550.2(TTN):c.18589+1G>T	7273	TTN	Likely pathogenic	GRCh38	3750557
single nucleotide variant	NM_001267550.2(TTN):c.107271C>A (p.Tyr35757Ter)	7273	TTN	Likely pathogenic	GRCh38	3750669
single nucleotide variant	NM_001267550.2(TTN):c.25640-2A>G	7273	TTN	Likely pathogenic	GRCh38	3750773
single nucleotide variant	NM_001267550.2(TTN):c.36043+2T>C	7273	TTN	Likely pathogenic	GRCh38	3750787
single nucleotide variant	NM_001267550.2(TTN):c.9751C>T (p.Gln3251Ter)	7273	TTN	Likely pathogenic	GRCh38	3750807
single nucleotide variant	NM_001267550.2(TTN):c.53791C>T (p.Gln17931Ter)	7273	TTN	Likely pathogenic	GRCh38	3750808
single nucleotide variant	NM_001267550.2(TTN):c.39547+1G>T	7273	TTN	Likely pathogenic	GRCh38	3750819
single nucleotide variant	NM_001267550.2(TTN):c.3769G>T (p.Glu1257Ter)	7273	TTN	Likely pathogenic	GRCh38	3752264
single nucleotide variant	NM_001267550.2(TTN):c.8642-2A>G	7273	TTN	Likely pathogenic	GRCh38	3752400
single nucleotide variant	NM_001267550.2(TTN):c.101962C>T (p.Gln33988Ter)	7273	TTN	Likely pathogenic	GRCh38	3752449
single nucleotide variant	NM_001267550.2(TTN):c.35506A>T (p.Lys11836Ter)	7273	TTN	Likely pathogenic	GRCh38	3752504
single nucleotide variant	NM_001267550.2(TTN):c.1396C>T (p.Gln466Ter)	7273	TTN	Likely pathogenic	GRCh38	3752569
single nucleotide variant	NM_001267550.2(TTN):c.50858-2A>C	7273	TTN	Likely pathogenic	GRCh38	3755634
single nucleotide variant	NM_001267550.2(TTN):c.27546C>G (p.Tyr9182Ter)	7273	TTN	Likely pathogenic	GRCh38	3755662
single nucleotide variant	NM_001267550.2(TTN):c.36280+1G>A	7273	TTN	Likely pathogenic	GRCh38	3755663
single nucleotide variant	NM_001267550.2(TTN):c.13210C>T (p.Gln4404Ter)	7273	TTN	Pathogenic/Likely pathogenic	GRCh38	3755700
single nucleotide variant	NM_001267550.2(TTN):c.33095-1G>C	7273	TTN	Likely pathogenic	GRCh38	3755721
single nucleotide variant	NM_001267550.2(TTN):c.71164C>T (p.Gln23722Ter)	7273	TTN	Likely pathogenic	GRCh38	3755768
single nucleotide variant	NM_001267550.2(TTN):c.29041+1G>C	7273	TTN	Likely pathogenic	GRCh38	3755865
single nucleotide variant	NM_001267550.2(TTN):c.57301A>T (p.Arg19101Ter)	7273	TTN	Likely pathogenic	GRCh38	3755892
single nucleotide variant	NM_001267550.2(TTN):c.51985A>T (p.Lys17329Ter)	7273	TTN	Likely pathogenic	GRCh38	3756006
single nucleotide variant	NM_001267550.2(TTN):c.104381C>G (p.Ser34794Ter)	7273	TTN	Likely pathogenic	GRCh38	3756015
single nucleotide variant	NM_001267550.2(TTN):c.79597G>T (p.Glu26533Ter)	7273	TTN	Likely pathogenic	GRCh38	3757444
single nucleotide variant	NM_001267550.2(TTN):c.45300C>A (p.Tyr15100Ter)	7273	TTN	Likely pathogenic	GRCh38	3757490
single nucleotide variant	NM_001267550.2(TTN):c.78923G>A (p.Trp26308Ter)	7273	TTN	Likely pathogenic	GRCh38	3757498
single nucleotide variant	NM_001267550.2(TTN):c.7567G>T (p.Glu2523Ter)	7273	TTN	Likely pathogenic	GRCh38	3757552
single nucleotide variant	NM_001267550.2(TTN):c.59872G>T (p.Gly19958Ter)	7273	TTN	Likely pathogenic	GRCh38	3757569
single nucleotide variant	NM_001267550.2(TTN):c.8560C>T (p.Gln2854Ter)	7273	TTN	Likely pathogenic	GRCh38	3757605
single nucleotide variant	NM_001267550.2(TTN):c.12433G>T (p.Glu4145Ter)	7273	TTN	Likely pathogenic	GRCh38	3757618
single nucleotide variant	NM_001267550.2(TTN):c.70659G>A (p.Trp23553Ter)	7273	TTN	Likely pathogenic	GRCh38	3757626
single nucleotide variant	NM_001267550.2(TTN):c.44311A>T (p.Lys14771Ter)	7273	TTN	Likely pathogenic	GRCh38	3760425
single nucleotide variant	NM_001267550.2(TTN):c.61720C>T (p.Gln20574Ter)	7273	TTN	Likely pathogenic	GRCh38	3760426
single nucleotide variant	NM_001267550.2(TTN):c.53118G>A (p.Trp17706Ter)	7273	TTN	Likely pathogenic	GRCh38	3748442
single nucleotide variant	NM_001267550.2(TTN):c.40057+1G>T	7273	TTN	Likely pathogenic	GRCh38	3748557
single nucleotide variant	NM_001267550.2(TTN):c.13450G>T (p.Glu4484Ter)	7273	TTN	Likely pathogenic	GRCh38	3748592
single nucleotide variant	NM_001267550.2(TTN):c.16904-1G>A	7273	TTN	Likely pathogenic	GRCh38	3750068
single nucleotide variant	NM_001267550.2(TTN):c.107680+1G>A	7273	TTN	Likely pathogenic	GRCh38	3750141
single nucleotide variant	NM_001267550.2(TTN):c.47034G>A (p.Trp15678Ter)	7273	TTN	Likely pathogenic	GRCh38	3751800
single nucleotide variant	NM_001267550.2(TTN):c.46967-1G>C	7273	TTN	Likely pathogenic	GRCh38	3751995
single nucleotide variant	NM_001267550.2(TTN):c.45896-1G>A	7273	TTN	Likely pathogenic	GRCh38	3755244
single nucleotide variant	NM_001267550.2(TTN):c.80788G>T (p.Glu26930Ter)	7273	TTN	Likely pathogenic	GRCh38	3755267
single nucleotide variant	NM_001267550.2(TTN):c.88742G>A (p.Trp29581Ter)	7273	TTN	Likely pathogenic	GRCh38	3755296
single nucleotide variant	NM_001267550.2(TTN):c.24226+1G>T	7273	TTN	Likely pathogenic	GRCh38	3755305
single nucleotide variant	NM_001267550.2(TTN):c.30682+1G>T	7273	TTN	Likely pathogenic	GRCh38	3755341
single nucleotide variant	NM_001267550.2(TTN):c.95265G>A (p.Trp31755Ter)	7273	TTN	Likely pathogenic	GRCh38	3755377
single nucleotide variant	NM_001267550.2(TTN):c.44281+1G>T	7273	TTN	Pathogenic	GRCh38	3755393
single nucleotide variant	NM_001267550.2(TTN):c.89198-1G>A	7273	TTN	Likely pathogenic	GRCh38	3755442
single nucleotide variant	NM_001267550.2(TTN):c.27306T>A (p.Cys9102Ter)	7273	TTN	Likely pathogenic	GRCh38	3755450
single nucleotide variant	NM_001267550.2(TTN):c.25270C>T (p.Gln8424Ter)	7273	TTN	Likely pathogenic	GRCh38	3755452
single nucleotide variant	NM_001267550.2(TTN):c.83383G>T (p.Gly27795Ter)	7273	TTN	Likely pathogenic	GRCh38	3755455
single nucleotide variant	NM_001267550.2(TTN):c.47606C>G (p.Ser15869Ter)	7273	TTN	Likely pathogenic	GRCh38	3755475
single nucleotide variant	NM_001267550.2(TTN):c.93919G>T (p.Gly31307Ter)	7273	TTN	Likely pathogenic	GRCh38	3755523
single nucleotide variant	NM_001267550.2(TTN):c.92219G>A (p.Trp30740Ter)	7273	TTN	Likely pathogenic	GRCh38	3755544
single nucleotide variant	NM_001267550.2(TTN):c.40724-1G>C	7273	TTN	Likely pathogenic	GRCh38	3755604
single nucleotide variant	NM_001267550.2(TTN):c.50661C>G (p.Tyr16887Ter)	7273	TTN	Likely pathogenic	GRCh38	3756905
single nucleotide variant	NM_001267550.2(TTN):c.86821+1G>T	7273	TTN	Pathogenic	GRCh38	3756960
single nucleotide variant	NM_001267550.2(TTN):c.90466A>T (p.Lys30156Ter)	7273	TTN	Likely pathogenic	GRCh38	3756963
single nucleotide variant	NM_001267550.2(TTN):c.64093+1G>T	7273	TTN	Likely pathogenic	GRCh38	3756975
single nucleotide variant	NM_001267550.2(TTN):c.22624C>T (p.Gln7542Ter)	7273	TTN	Likely pathogenic	GRCh38	3757021
single nucleotide variant	NM_001267550.2(TTN):c.58879A>T (p.Arg19627Ter)	7273	TTN	Likely pathogenic	GRCh38	3757031
single nucleotide variant	NM_001267550.2(TTN):c.33826+2T>C	7273	TTN	Likely pathogenic	GRCh38	3757037
single nucleotide variant	NM_001267550.2(TTN):c.30598+1G>T	7273	TTN	Likely pathogenic	GRCh38	3757044
single nucleotide variant	NM_001267550.2(TTN):c.40633+1G>A	7273	TTN	Likely pathogenic	GRCh38	3757045
single nucleotide variant	NM_001267550.2(TTN):c.48672G>A (p.Trp16224Ter)	7273	TTN	Likely pathogenic	GRCh38	3757107
single nucleotide variant	NM_001267550.2(TTN):c.74613C>A (p.Cys24871Ter)	7273	TTN	Likely pathogenic	GRCh38	3757149
single nucleotide variant	NM_001267550.2(TTN):c.84567T>A (p.Tyr28189Ter)	7273	TTN	Likely pathogenic	GRCh38	3757171
single nucleotide variant	NM_001267550.2(TTN):c.71540G>A (p.Trp23847Ter)	7273	TTN	Likely pathogenic	GRCh38	3757173
single nucleotide variant	NM_001267550.2(TTN):c.62144G>A (p.Trp20715Ter)	7273	TTN	Likely pathogenic	GRCh38	3757176
single nucleotide variant	NM_001267550.2(TTN):c.33694A>T (p.Lys11232Ter)	7273	TTN	Likely pathogenic	GRCh38	3757253
single nucleotide variant	NM_001267550.2(TTN):c.1603C>T (p.Gln535Ter)	7273	TTN	Likely pathogenic	GRCh38	3757298
single nucleotide variant	NM_001267550.2(TTN):c.46430-1G>C	7273	TTN	Likely pathogenic	GRCh38	3758600
single nucleotide variant	NM_001267550.2(TTN):c.32012-2A>T	7273	TTN	Likely pathogenic	GRCh38	3758609
single nucleotide variant	NM_001267550.2(TTN):c.31207+2T>C	7273	TTN	Likely pathogenic	GRCh38	3758769
single nucleotide variant	NM_001267550.2(TTN):c.61024G>T (p.Glu20342Ter)	7273	TTN	Likely pathogenic	GRCh38	3758821
single nucleotide variant	NM_001267550.2(TTN):c.12172A>T (p.Lys4058Ter)	7273	TTN	Likely pathogenic	GRCh38	3758833
single nucleotide variant	NM_001267550.2(TTN):c.100433G>A (p.Trp33478Ter)	7273	TTN	Likely pathogenic	GRCh38	3758834
single nucleotide variant	NM_001267550.2(TTN):c.46269G>A (p.Trp15423Ter)	7273	TTN	Likely pathogenic	GRCh38	3759910
single nucleotide variant	NM_001267550.2(TTN):c.61023T>G (p.Tyr20341Ter)	7273	TTN	Likely pathogenic	GRCh38	3759913
single nucleotide variant	NM_001267550.2(TTN):c.65861T>G (p.Leu21954Ter)	7273	TTN	Likely pathogenic	GRCh38	3759922
single nucleotide variant	NM_001267550.2(TTN):c.67253T>A (p.Leu22418Ter)	7273	TTN	Likely pathogenic	GRCh38	3759937
single nucleotide variant	NM_001267550.2(TTN):c.77098C>T (p.Gln25700Ter)	7273	TTN	Likely pathogenic	GRCh38	3760012
single nucleotide variant	NM_001267550.2(TTN):c.25296C>A (p.Cys8432Ter)	7273	TTN	Likely pathogenic	GRCh38	3760023
single nucleotide variant	NM_001267550.2(TTN):c.66546T>A (p.Tyr22182Ter)	7273	TTN	Likely pathogenic	GRCh38	3760024
single nucleotide variant	NM_001267550.2(TTN):c.100017G>A (p.Trp33339Ter)	7273	TTN	Likely pathogenic	GRCh38	3760141
single nucleotide variant	NM_001267550.2(TTN):c.71026C>T (p.Gln23676Ter)	7273	TTN	Likely pathogenic	GRCh38	3760202
single nucleotide variant	NM_001267550.2(TTN):c.48227G>A (p.Trp16076Ter)	7273	TTN	Likely pathogenic	GRCh38	3760225
single nucleotide variant	NM_001267550.2(TTN):c.57026G>A (p.Trp19009Ter)	7273	TTN	Likely pathogenic	GRCh38	3760269
single nucleotide variant	NM_001267550.2(TTN):c.85458C>G (p.Tyr28486Ter)	7273	TTN	Likely pathogenic	GRCh38	3760270
single nucleotide variant	NM_001267550.2(TTN):c.35470+2T>A	7273	TTN	Likely pathogenic	GRCh38	3762683
single nucleotide variant	NM_001267550.2(TTN):c.36365-1G>C	7273	TTN	Likely pathogenic	GRCh38	3762863
single nucleotide variant	NM_001267550.2(TTN):c.106531G>T (p.Ala35511Ser)	7273	TTN	Likely pathogenic	GRCh38	3762437
single nucleotide variant	NM_001267550.2(TTN):c.18417G>A (p.Trp6139Ter)	7273	TTN	Likely pathogenic	GRCh38	3763753
single nucleotide variant	NM_001267550.2(TTN):c.92525G>A (p.Trp30842Ter)	7273	TTN	Likely pathogenic	GRCh38	3763447
single nucleotide variant	NM_001267550.2(TTN):c.28312C>T (p.Arg9438Ter)	7273	TTN	Likely pathogenic	GRCh38	3763448
single nucleotide variant	NM_001267550.2(TTN):c.6322G>T (p.Glu2108Ter)	7273	TTN	Likely pathogenic	GRCh38	3763449
single nucleotide variant	NM_001267550.2(TTN):c.36281-1G>A	7273	TTN	Likely pathogenic	GRCh38	3763490
single nucleotide variant	NM_001267550.2(TTN):c.36280+1G>C	7273	TTN	Likely pathogenic	GRCh38	3761422
single nucleotide variant	NM_001267550.2(TTN):c.68329+2T>C	7273	TTN	Likely pathogenic	GRCh38	3761452
single nucleotide variant	NM_001267550.2(TTN):c.27328+1G>T	7273	TTN	Likely pathogenic	GRCh38	3761553
single nucleotide variant	NM_001267550.2(TTN):c.103103T>G (p.Leu34368Ter)	7273	TTN	Likely pathogenic	GRCh38	3762920
single nucleotide variant	NM_001267550.2(TTN):c.36281-1G>C	7273	TTN	Likely pathogenic	GRCh38	3763041
single nucleotide variant	NM_001267550.2(TTN):c.104753T>G (p.Leu34918Ter)	7273	TTN	Likely pathogenic	GRCh38	3764651
single nucleotide variant	NM_001267550.2(TTN):c.49794G>A (p.Trp16598Ter)	7273	TTN	Likely pathogenic	GRCh38	3764683
single nucleotide variant	NM_001267550.2(TTN):c.8764G>T (p.Glu2922Ter)	7273	TTN	Likely pathogenic	GRCh38	3764700
single nucleotide variant	NM_001267550.2(TTN):c.96028G>T (p.Glu32010Ter)	7273	TTN	Likely pathogenic	GRCh38	3764723
single nucleotide variant	NM_001267550.2(TTN):c.12946C>T (p.Gln4316Ter)	7273	TTN	Likely pathogenic	GRCh38	3767305
single nucleotide variant	NM_001267550.2(TTN):c.90509T>A (p.Leu30170Ter)	7273	TTN	Pathogenic/Likely pathogenic	GRCh38	3767664
single nucleotide variant	NM_001267550.2(TTN):c.104579C>G (p.Ser34860Ter)	7273	TTN	Likely pathogenic	GRCh38	3774074
single nucleotide variant	NM_001267550.2(TTN):c.103585G>T (p.Glu34529Ter)	7273	TTN	Likely pathogenic	GRCh38	3775091
single nucleotide variant	NM_001267550.2(TTN):c.89503+1G>T	7273	TTN	Likely pathogenic	GRCh38	3775618
single nucleotide variant	NM_001267550.2(TTN):c.69182G>A (p.Trp23061Ter)	7273	TTN	Likely pathogenic	GRCh38	3775819
single nucleotide variant	NM_001267550.2(TTN):c.10339C>T (p.Gln3447Ter)	7273	TTN	Likely pathogenic	GRCh38	3776058
single nucleotide variant	NM_001267550.2(TTN):c.49457G>A (p.Trp16486Ter)	7273	TTN	Likely pathogenic	GRCh38	3776129
single nucleotide variant	NM_001267550.2(TTN):c.10489C>T (p.Gln3497Ter)	7273	TTN	Likely pathogenic	GRCh38	3780763
single nucleotide variant	NM_001267550.2(TTN):c.1669C>T (p.Gln557Ter)	7273	TTN	Likely pathogenic	GRCh38	3780764
single nucleotide variant	NM_001267550.2(TTN):c.8843C>A (p.Ser2948Ter)	7273	TTN	Likely pathogenic	GRCh38	3780769
single nucleotide variant	NM_001267550.2(TTN):c.14050G>T (p.Gly4684Ter)	7273	TTN	Likely pathogenic	GRCh38	3812237
single nucleotide variant	NM_001267550.2(TTN):c.82173G>A (p.Trp27391Ter)	7273	TTN	Likely pathogenic	GRCh38	3812243
single nucleotide variant	NM_001267550.2(TTN):c.94963G>T (p.Glu31655Ter)	7273	TTN	Likely pathogenic	GRCh38	3812250
single nucleotide variant	NM_001267550.2(TTN):c.13168G>T (p.Glu4390Ter)	7273	TTN	Likely pathogenic	GRCh38	3812277
single nucleotide variant	NM_001267550.2(TTN):c.62173G>T (p.Glu20725Ter)	7273	TTN	Likely pathogenic	GRCh38	3812294
single nucleotide variant	NM_001267550.2(TTN):c.79618C>T (p.Gln26540Ter)	7273	TTN	Likely pathogenic	GRCh38	3812314
single nucleotide variant	NM_001267550.2(TTN):c.59181G>A (p.Trp19727Ter)	7273	TTN	Likely pathogenic	GRCh38	3893253
single nucleotide variant	NM_001267550.2(TTN):c.52254G>A (p.Trp17418Ter)	7273	TTN	Pathogenic	GRCh38	3894603
single nucleotide variant	NM_001267550.2(TTN):c.61175G>A (p.Trp20392Ter)	7273	TTN	Likely pathogenic	GRCh38	3894723
single nucleotide variant	NM_001267550.2(TTN):c.44548+2T>G	7273	TTN	Likely pathogenic	GRCh38	3894833
single nucleotide variant	NM_001267550.2(TTN):c.59627-1G>C	7273	TTN	Likely pathogenic	GRCh38	3894862
single nucleotide variant	NM_001267550.2(TTN):c.27067C>T (p.Gln9023Ter)	7273	TTN	Likely pathogenic	GRCh38	3894961
single nucleotide variant	NM_001267550.2(TTN):c.75003T>G (p.Tyr25001Ter)	7273	TTN	Likely pathogenic	GRCh38	3895111
single nucleotide variant	NM_001267550.2(TTN):c.56648-1G>C	7273	TTN	Likely pathogenic	GRCh38	3895268
single nucleotide variant	NM_001267550.2(TTN):c.71620C>T (p.Gln23874Ter)	7273	TTN	Likely pathogenic	GRCh38	3895274
single nucleotide variant	NM_001267550.2(TTN):c.49046T>G (p.Leu16349Ter)	7273	TTN	Likely pathogenic	GRCh38	3895441
single nucleotide variant	NM_001267550.2(TTN):c.9819C>A (p.Tyr3273Ter)	7273	TTN	Likely pathogenic	GRCh38	3895519
single nucleotide variant	NM_001267550.2(TTN):c.77080A>T (p.Lys25694Ter)	7273	TTN	Likely pathogenic	GRCh38	3895532
single nucleotide variant	NM_001267550.2(TTN):c.107316C>A (p.Tyr35772Ter)	7273	TTN	Likely pathogenic	GRCh38	3897047
single nucleotide variant	NM_001267550.2(TTN):c.57263-1G>T	7273	TTN	Likely pathogenic	GRCh38	3897050
single nucleotide variant	NM_001267550.2(TTN):c.49116G>A (p.Trp16372Ter)	7273	TTN	Likely pathogenic	GRCh38	3898724
single nucleotide variant	NM_001267550.2(TTN):c.96353C>A (p.Ser32118Ter)	7273	TTN	Likely pathogenic	GRCh38	3899389
single nucleotide variant	NM_001267550.2(TTN):c.106930G>T (p.Glu35644Ter)	7273	TTN	Likely pathogenic	GRCh38	3901712
single nucleotide variant	NM_001267550.2(TTN):c.83758G>T (p.Glu27920Ter)	7273	TTN	Likely pathogenic	GRCh38	3906480
single nucleotide variant	NM_001267550.2(TTN):c.38960-2A>C	7273	TTN	Likely pathogenic	GRCh38	3907856
single nucleotide variant	NM_001267550.2(TTN):c.63347G>A (p.Trp21116Ter)	7273	TTN	Likely pathogenic	GRCh38	3910175
single nucleotide variant	NM_001267550.2(TTN):c.80674C>T (p.Gln26892Ter)	7273	TTN	Likely pathogenic	GRCh38	3975761
single nucleotide variant	NM_001267550.2(TTN):c.91646T>A (p.Leu30549Ter)	7273	TTN	Likely pathogenic	GRCh38	3975762
single nucleotide variant	NM_001267550.2(TTN):c.13393C>T (p.Gln4465Ter)	7273	TTN	Likely pathogenic	GRCh38	3975781
single nucleotide variant	NM_001267550.2(TTN):c.13914T>G (p.Tyr4638Ter)	7273	TTN	Likely pathogenic	GRCh38	3975846
single nucleotide variant	NM_001267550.2(TTN):c.75677G>A (p.Trp25226Ter)	7273	TTN	Likely pathogenic	GRCh38	3975872
single nucleotide variant	NM_001267550.2(TTN):c.59971A>T (p.Lys19991Ter)	7273	TTN	Likely pathogenic	GRCh38	4076469
single nucleotide variant	NM_001267550.2(TTN):c.105742A>T (p.Lys35248Ter)	7273	TTN	Likely pathogenic	GRCh38	4077713
single nucleotide variant	NM_001267550.2(TTN):c.69562A>T (p.Arg23188Ter)	7273	TTN	Likely pathogenic	GRCh38	4077717
single nucleotide variant	NM_001267550.2(TTN):c.94523-1G>A	7273	TTN	Likely pathogenic	GRCh38	4077718
single nucleotide variant	NM_001267550.2(TTN):c.103033A>T (p.Lys34345Ter)	7273	TTN	Likely pathogenic	GRCh38	4077722
single nucleotide variant	NM_001267550.2(TTN):c.104254C>T (p.Gln34752Ter)	7273	TTN	Likely pathogenic	GRCh38	4085005
single nucleotide variant	NM_001267550.2(TTN):c.56154G>A (p.Trp18718Ter)	7273	TTN	Likely pathogenic	GRCh38	4085565
single nucleotide variant	NM_001267550.2(TTN):c.46957A>T (p.Lys15653Ter)	7273	TTN	Pathogenic/Likely pathogenic	GRCh38	4087718
single nucleotide variant	NM_001267550.2(TTN):c.63757G>T (p.Gly21253Ter)	7273	TTN	Likely pathogenic	GRCh38	4193695
single nucleotide variant	NM_001267550.2(TTN):c.13254G>A (p.Trp4418Ter)	7273	TTN	Likely pathogenic	GRCh38	4193700
single nucleotide variant	NM_001267550.2(TTN):c.69936C>G (p.Tyr23312Ter)	7273	TTN	Likely pathogenic	GRCh38	4193725
single nucleotide variant	NM_001267550.2(TTN):c.45228T>G (p.Tyr15076Ter)	7273	TTN	Likely pathogenic	GRCh38	4193726
single nucleotide variant	NM_001267550.2(TTN):c.91906A>T (p.Lys30636Ter)	7273	TTN	Likely pathogenic	GRCh38	4193730
single nucleotide variant	NM_001267550.2(TTN):c.45268C>T (p.Gln15090Ter)	7273	TTN	Likely pathogenic	GRCh38	4193763
single nucleotide variant	NM_001267550.2(TTN):c.13516G>T (p.Glu4506Ter)	7273	TTN	Likely pathogenic	GRCh38	4193766
single nucleotide variant	NM_001267550.2(TTN):c.54844A>T (p.Lys18282Ter)	7273	TTN	Likely pathogenic	GRCh38	4193787
single nucleotide variant	NM_001267550.2(TTN):c.63939G>A (p.Trp21313Ter)	7273	TTN	Likely pathogenic	GRCh38	4193813
single nucleotide variant	NM_001267550.2(TTN):c.59180G>A (p.Trp19727Ter)	7273	TTN	Likely pathogenic	GRCh38	4277236
single nucleotide variant	NM_001267550.2(TTN):c.5440C>T (p.Gln1814Ter)	7273	TTN	Likely pathogenic	GRCh38	4277557
single nucleotide variant	NM_001267550.2(TTN):c.13942G>T (p.Glu4648Ter)	7273	TTN	Likely pathogenic	GRCh38	4278343
single nucleotide variant	NM_001267550.2(TTN):c.35227+1G>A	7273	TTN	Pathogenic/Likely pathogenic	GRCh38	4278366
single nucleotide variant	NM_001267550.2(TTN):c.69413-2A>G	7273	TTN	Likely pathogenic	GRCh38	4279054
single nucleotide variant	NM_001267550.2(TTN):c.48639-2A>G	7273	TTN	Likely pathogenic	GRCh38	4280333
single nucleotide variant	NM_001267550.2(TTN):c.97410T>G (p.Tyr32470Ter)	7273	TTN	Likely pathogenic	GRCh38	4293724
single nucleotide variant	NM_001267550.2(TTN):c.88665G>A (p.Trp29555Ter)	7273	TTN	Likely pathogenic	GRCh38	4293937
single nucleotide variant	NM_001267550.2(TTN):c.68825-2A>G	7273	TTN	Pathogenic	GRCh38	4506501
single nucleotide variant	NM_001267550.2(TTN):c.46305-1G>T	7273	TTN	Likely pathogenic	GRCh38	4506577
single nucleotide variant	NM_001267550.2(TTN):c.44548G>T (p.Glu14850Ter)	7273	TTN	Likely pathogenic	GRCh38	4526693
single nucleotide variant	NM_001267550.2(TTN):c.58680T>A (p.Tyr19560Ter)	7273	TTN	Likely pathogenic	GRCh38	4526893
single nucleotide variant	NM_001267550.2(TTN):c.44425-4C>G	7273	TTN	Likely pathogenic	GRCh38	4526925
single nucleotide variant	NM_001267550.2(TTN):c.72432G>A (p.Trp24144Ter)	7273	TTN	Likely pathogenic	GRCh38	4528304
single nucleotide variant	NM_001267550.2(TTN):c.49530C>A (p.Tyr16510Ter)	7273	TTN	Pathogenic	GRCh38	4528305
single nucleotide variant	NM_001267550.2(TTN):c.7609A>T (p.Arg2537Ter)	7273	TTN	Likely pathogenic	GRCh38	4531239
single nucleotide variant	NM_001267550.2(TTN):c.98350A>T (p.Lys32784Ter)	7273	TTN	Likely pathogenic	GRCh38	4531786
single nucleotide variant	NM_001267550.2(TTN):c.96747G>A (p.Trp32249Ter)	7273	TTN	Likely pathogenic	GRCh38	4531789
single nucleotide variant	NM_001267550.2(TTN):c.60580C>T (p.Gln20194Ter)	7273	TTN	Likely pathogenic	GRCh38	4531794
single nucleotide variant	NM_001267550.2(TTN):c.32587A>T (p.Lys10863Ter)	7273	TTN	Pathogenic	GRCh38	4531797
single nucleotide variant	NM_001267550.2(TTN):c.12577C>T (p.Gln4193Ter)	7273	TTN	Likely pathogenic	GRCh38	4531798
single nucleotide variant	NM_001267550.2(TTN):c.9463G>T (p.Glu3155Ter)	7273	TTN	Likely pathogenic	GRCh38	4531799
single nucleotide variant	NM_001267550.2(TTN):c.8608C>T (p.Gln2870Ter)	7273	TTN	Likely pathogenic	GRCh38	4531800
single nucleotide variant	NM_001267550.2(TTN):c.63964A>T (p.Lys21322Ter)	7273	TTN	Likely pathogenic	GRCh38	4534991
single nucleotide variant	NM_001267550.2(TTN):c.11952C>A (p.Tyr3984Ter)	7273	TTN	Likely pathogenic	GRCh38	4535263
single nucleotide variant	NM_001267550.2(TTN):c.31900C>T (p.Gln10634Ter)	7273	TTN	Likely pathogenic	GRCh38	4535344
single nucleotide variant	NM_001267550.2(TTN):c.87851G>A (p.Trp29284Ter)	7273	TTN	Likely pathogenic	GRCh38	4536910
single nucleotide variant	NM_001267550.2(TTN):c.99289+1G>A	7273	TTN	Likely pathogenic	GRCh38	4537901
single nucleotide variant	NM_001267550.2(TTN):c.58950T>A (p.Tyr19650Ter)	7273	TTN	Likely pathogenic	GRCh38	4540407
single nucleotide variant	NM_001267550.2(TTN):c.45490A>T (p.Lys15164Ter)	7273	TTN	Likely pathogenic	GRCh38	4540408
single nucleotide variant	NM_001267550.2(TTN):c.100040C>G (p.Ser33347Ter)	7273	TTN	Likely pathogenic	GRCh38	4540700
single nucleotide variant	NM_001267550.2(TTN):c.83192T>A (p.Leu27731Ter)	7273	TTN	Likely pathogenic	GRCh38	4540714
single nucleotide variant	NM_001267550.2(TTN):c.62732G>A (p.Trp20911Ter)	7273	TTN	Pathogenic/Likely pathogenic	GRCh38	4540727
single nucleotide variant	NM_001267550.2(TTN):c.83651G>A (p.Trp27884Ter)	7273	TTN	Likely pathogenic	GRCh38	4615294
single nucleotide variant	NM_001267550.2(TTN):c.69616G>T (p.Glu23206Ter)	7273	TTN	Likely pathogenic	GRCh38	4615296
single nucleotide variant	NM_001267550.2(TTN):c.98905C>T (p.Gln32969Ter)	7273	TTN	Likely pathogenic	GRCh38	4615303
single nucleotide variant	NM_001267550.2(TTN):c.64885G>T (p.Glu21629Ter)	7273	TTN	Likely pathogenic	GRCh38	4615308
single nucleotide variant	NM_001267550.2(TTN):c.12826C>T (p.Gln4276Ter)	7273	TTN	Likely pathogenic	GRCh38	4615321
single nucleotide variant	NM_001267550.2(TTN):c.50197C>T (p.Gln16733Ter)	7273	TTN	Likely pathogenic	GRCh38	4615324
single nucleotide variant	NM_001267550.2(TTN):c.4972A>T (p.Arg1658Ter)	7273	TTN	Likely pathogenic	GRCh38	4615325
single nucleotide variant	NM_001267550.2(TTN):c.45688G>T (p.Glu15230Ter)	7273	TTN	Likely pathogenic	GRCh38	4615337
single nucleotide variant	NM_001267550.2(TTN):c.77492G>A (p.Trp25831Ter)	7273	TTN	Likely pathogenic	GRCh38	4615345
single nucleotide variant	NM_001267550.2(TTN):c.90586A>T (p.Lys30196Ter)	7273	TTN	Likely pathogenic	GRCh38	4615348
single nucleotide variant	NM_001267550.2(TTN):c.92302A>T (p.Lys30768Ter)	7273	TTN	Likely pathogenic	GRCh38	4615385
single nucleotide variant	NM_001267550.2(TTN):c.53003-1G>A	7273	TTN	Likely pathogenic	GRCh38	4615386
single nucleotide variant	NM_001267550.2(TTN):c.86058T>G (p.Tyr28686Ter)	7273	TTN	Likely pathogenic	GRCh38	4615387
single nucleotide variant	NM_001267550.2(TTN):c.97795+1G>T	7273	TTN	Likely pathogenic	GRCh38	4683106
single nucleotide variant	NM_001267550.2(TTN):c.103799G>A (p.Trp34600Ter)	7273	TTN	Likely pathogenic	GRCh38	4685116
single nucleotide variant	NM_001267550.2(TTN):c.83988G>A (p.Trp27996Ter)	7273	TTN	Likely pathogenic	GRCh38	4687960
single nucleotide variant	NM_001267550.2(TTN):c.1105C>T (p.Gln369Ter)	7273	TTN	Likely pathogenic	GRCh38	4687978
single nucleotide variant	NM_001267550.2(TTN):c.57263-11A>G	7273	TTN	Likely pathogenic	GRCh38	4755499
single nucleotide variant	NM_001267550.2(TTN):c.61285C>T (p.Gln20429Ter)	7273	TTN	Likely pathogenic	GRCh38	4784476
single nucleotide variant	NM_001267550.2(TTN):c.76378G>T (p.Gly25460Ter)	7273	TTN	Likely pathogenic	GRCh38	4784504
single nucleotide variant	NM_001267550.2(TTN):c.6791-1G>C	7273	TTN	Likely pathogenic	GRCh38	4784545
single nucleotide variant	NM_001267550.2(TTN):c.79002G>A (p.Trp26334Ter)	7273	TTN	Likely pathogenic	GRCh38	4784612
single nucleotide variant	NM_001267550.2(TTN):c.56844T>A (p.Tyr18948Ter)	7273	TTN	Likely pathogenic	GRCh38	4784676
single nucleotide variant	NM_001267550.2(TTN):c.72880G>T (p.Glu24294Ter)	7273	TTN	Likely pathogenic	GRCh38	4784704
single nucleotide variant	NM_001267550.2(TTN):c.57000G>A (p.Trp19000Ter)	7273	TTN	Likely pathogenic	GRCh38	4784730
single nucleotide variant	NM_001267550.2(TTN):c.33060T>A (p.Tyr11020Ter)	7273	TTN	Likely pathogenic	GRCh38	4784752
single nucleotide variant	NM_001267550.2(TTN):c.91565-1G>T	7273	TTN	Likely pathogenic	GRCh38	4784811
single nucleotide variant	NM_001267550.2(TTN):c.64495A>T (p.Lys21499Ter)	7273	TTN	Likely pathogenic	GRCh38	4784819
single nucleotide variant	NM_001267550.2(TTN):c.84772C>T (p.Gln28258Ter)	7273	TTN	Likely pathogenic	GRCh38	4784837
single nucleotide variant	NM_001267550.2(TTN):c.35119C>T (p.Gln11707Ter)	7273	TTN	Likely pathogenic	GRCh38	4784848
single nucleotide variant	NM_001267550.2(TTN):c.62262G>A (p.Trp20754Ter)	7273	TTN	Likely pathogenic	GRCh38	4784867
single nucleotide variant	NM_001267550.2(TTN):c.53287+2T>C	7273	TTN	Likely pathogenic	GRCh38	4784884
single nucleotide variant	NM_001267550.2(TTN):c.65539G>T (p.Glu21847Ter)	7273	TTN	Likely pathogenic	GRCh38	4784898
single nucleotide variant	NM_001267550.2(TTN):c.79048A>T (p.Lys26350Ter)	7273	TTN	Likely pathogenic	GRCh38	4786162
single nucleotide variant	NM_001267550.2(TTN):c.72757G>T (p.Glu24253Ter)	7273	TTN	Likely pathogenic	GRCh38	4786181
single nucleotide variant	NM_001267550.2(TTN):c.97102G>T (p.Glu32368Ter)	7273	TTN	Likely pathogenic	GRCh38	4786226
single nucleotide variant	NM_001267550.2(TTN):c.65452G>T (p.Glu21818Ter)	7273	TTN	Likely pathogenic	GRCh38	4786244
single nucleotide variant	NM_001267550.2(TTN):c.93444C>G (p.Tyr31148Ter)	7273	TTN	Likely pathogenic	GRCh38	4786253
single nucleotide variant	NM_001267550.2(TTN):c.64405A>T (p.Lys21469Ter)	7273	TTN	Likely pathogenic	GRCh38	4786280
single nucleotide variant	NM_001267550.2(TTN):c.4510A>T (p.Lys1504Ter)	7273	TTN	Likely pathogenic	GRCh38	4786313
single nucleotide variant	NM_001267550.2(TTN):c.97795+1G>A	7273	TTN	Likely pathogenic	GRCh38	4786318
single nucleotide variant	NM_001267550.2(TTN):c.88894+1G>C	7273	TTN	Likely pathogenic	GRCh38	4786353
single nucleotide variant	NM_001267550.2(TTN):c.70368G>A (p.Trp23456Ter)	7273	TTN	Likely pathogenic	GRCh38	4786453
single nucleotide variant	NM_001267550.2(TTN):c.14053A>T (p.Lys4685Ter)	7273	TTN	Likely pathogenic	GRCh38	4786541
single nucleotide variant	NM_001267550.2(TTN):c.87848T>A (p.Leu29283Ter)	7273	TTN	Likely pathogenic	GRCh38	4786542
single nucleotide variant	NM_001267550.2(TTN):c.92583T>A (p.Cys30861Ter)	7273	TTN	Likely pathogenic	GRCh38	4787941
single nucleotide variant	NM_001267550.2(TTN):c.40170T>A (p.Tyr13390Ter)	7273	TTN	Likely pathogenic	GRCh38	4788217
single nucleotide variant	NM_001267550.2(TTN):c.102118A>T (p.Lys34040Ter)	7273	TTN	Likely pathogenic	GRCh38	4782376
single nucleotide variant	NM_001267550.2(TTN):c.75158G>A (p.Trp25053Ter)	7273	TTN	Likely pathogenic	GRCh38	4784060
single nucleotide variant	NM_001267550.2(TTN):c.15775+1G>T	7273	TTN	Likely pathogenic	GRCh38	4784093
single nucleotide variant	NM_001267550.2(TTN):c.10197T>G (p.Tyr3399Ter)	7273	TTN	Likely pathogenic	GRCh38	4784154
single nucleotide variant	NM_001267550.2(TTN):c.33581-2A>G	7273	TTN	Likely pathogenic	GRCh38	4784173
single nucleotide variant	NM_001267550.2(TTN):c.89197+1G>A	7273	TTN	Pathogenic	GRCh38	4784212
single nucleotide variant	NM_001267550.2(TTN):c.18433G>T (p.Glu6145Ter)	7273	TTN	Likely pathogenic	GRCh38	4784235
single nucleotide variant	NM_001267550.2(TTN):c.50857+2T>G	7273	TTN	Likely pathogenic	GRCh38	4784240
single nucleotide variant	NM_001267550.2(TTN):c.1246-1G>A	7273	TTN	Likely pathogenic	GRCh38	4784241
single nucleotide variant	NM_001267550.2(TTN):c.89629G>T (p.Glu29877Ter)	7273	TTN	Likely pathogenic	GRCh38	4784264
single nucleotide variant	NM_001267550.2(TTN):c.52706-2A>C	7273	TTN	Likely pathogenic	GRCh38	4784301
single nucleotide variant	NM_001267550.2(TTN):c.33910+1G>A	7273	TTN	Likely pathogenic	GRCh38	4784321
single nucleotide variant	NM_001267550.2(TTN):c.47761-1G>A	7273	TTN	Likely pathogenic	GRCh38	4784346
single nucleotide variant	NM_001267550.2(TTN):c.19360C>T (p.Gln6454Ter)	7273	TTN	Likely pathogenic	GRCh38	4784358
single nucleotide variant	NM_001267550.2(TTN):c.49465A>T (p.Arg16489Ter)	7273	TTN	Likely pathogenic	GRCh38	4784408
single nucleotide variant	NM_001267550.2(TTN):c.74938G>T (p.Glu24980Ter)	7273	TTN	Likely pathogenic	GRCh38	4784419
single nucleotide variant	NM_001267550.2(TTN):c.100238G>A (p.Trp33413Ter)	7273	TTN	Likely pathogenic	GRCh38	4784437
single nucleotide variant	NM_001267550.2(TTN):c.66227G>A (p.Trp22076Ter)	7273	TTN	Likely pathogenic	GRCh38	4785772
single nucleotide variant	NM_001267550.2(TTN):c.6253C>T (p.Gln2085Ter)	7273	TTN	Likely pathogenic	GRCh38	4785786
single nucleotide variant	NM_001267550.2(TTN):c.54639G>A (p.Trp18213Ter)	7273	TTN	Likely pathogenic	GRCh38	4785823
single nucleotide variant	NM_001267550.2(TTN):c.100240A>T (p.Lys33414Ter)	7273	TTN	Likely pathogenic	GRCh38	4785829
single nucleotide variant	NM_001267550.2(TTN):c.59036-2A>T	7273	TTN	Likely pathogenic	GRCh38	4785843
single nucleotide variant	NM_001267550.2(TTN):c.91+1G>C	7273	TTN	Likely pathogenic	GRCh38	4785860
single nucleotide variant	NM_001267550.2(TTN):c.97492+2T>A	7273	TTN	Pathogenic	GRCh38	4785861
single nucleotide variant	NM_001267550.2(TTN):c.36277A>T (p.Lys12093Ter)	7273	TTN	Likely pathogenic	GRCh38	4785870
single nucleotide variant	NM_001267550.2(TTN):c.40012G>T (p.Glu13338Ter)	7273	TTN	Likely pathogenic	GRCh38	4785890
single nucleotide variant	NM_001267550.2(TTN):c.9114C>G (p.Tyr3038Ter)	7273	TTN	Likely pathogenic	GRCh38	4785892
single nucleotide variant	NM_001267550.2(TTN):c.74786G>A (p.Trp24929Ter)	7273	TTN	Likely pathogenic	GRCh38	4785899
single nucleotide variant	NM_001267550.2(TTN):c.61939A>T (p.Lys20647Ter)	7273	TTN	Likely pathogenic	GRCh38	4785914
single nucleotide variant	NM_001267550.2(TTN):c.64611C>A (p.Tyr21537Ter)	7273	TTN	Likely pathogenic	GRCh38	4785952
single nucleotide variant	NM_001267550.2(TTN):c.71618G>A (p.Trp23873Ter)	7273	TTN	Likely pathogenic	GRCh38	4785955
single nucleotide variant	NM_001267550.2(TTN):c.17121C>G (p.Tyr5707Ter)	7273	TTN	Likely pathogenic	GRCh38	4785989
single nucleotide variant	NM_001267550.2(TTN):c.33247+2T>C	7273	TTN	Likely pathogenic	GRCh38	4786001
single nucleotide variant	NM_001267550.2(TTN):c.43093G>T (p.Glu14365Ter)	7273	TTN	Likely pathogenic	GRCh38	4786010
single nucleotide variant	NM_001267550.2(TTN):c.32198-2A>G	7273	TTN	Likely pathogenic	GRCh38	4786039
single nucleotide variant	NM_001267550.2(TTN):c.45895+1G>C	7273	TTN	Likely pathogenic	GRCh38	4787500
single nucleotide variant	NM_001267550.2(TTN):c.104482G>T (p.Glu34828Ter)	7273	TTN	Likely pathogenic	GRCh38	4783856
single nucleotide variant	NM_001267550.2(TTN):c.77599C>T (p.Gln25867Ter)	7273	TTN	Likely pathogenic	GRCh38	4783858
single nucleotide variant	NM_001267550.2(TTN):c.65446C>T (p.Gln21816Ter)	7273	TTN	Likely pathogenic	GRCh38	4783859
single nucleotide variant	NM_001267550.2(TTN):c.46430-1G>A	7273	TTN	Likely pathogenic	GRCh38	4783860
single nucleotide variant	NM_001267550.2(TTN):c.6679A>T (p.Lys2227Ter)	7273	TTN	Likely pathogenic	GRCh38	4783861
single nucleotide variant	NM_001267550.2(TTN):c.3523+1G>C	7273	TTN	Likely pathogenic	GRCh38	4783862
single nucleotide variant	NM_001267550.2(TTN):c.1390C>T (p.Gln464Ter)	7273	TTN	Likely pathogenic	GRCh38	4783863
single nucleotide variant	NM_001267550.2(TTN):c.55270-1G>C	7273	TTN	Likely pathogenic	GRCh38	4783893
single nucleotide variant	NM_001267550.2(TTN):c.68023G>T (p.Glu22675Ter)	7273	TTN	Likely pathogenic	GRCh38	4783909
single nucleotide variant	NM_001267550.2(TTN):c.48585T>A (p.Cys16195Ter)	7273	TTN	Likely pathogenic	GRCh38	4783925
single nucleotide variant	NM_001267550.2(TTN):c.54381+1G>A	7273	TTN	Likely pathogenic	GRCh38	4783965
single nucleotide variant	NM_001267550.2(TTN):c.98831G>A (p.Trp32944Ter)	7273	TTN	Likely pathogenic	GRCh38	4783972
single nucleotide variant	NM_001267550.2(TTN):c.54916G>T (p.Gly18306Ter)	7273	TTN	Likely pathogenic	GRCh38	4784047
single nucleotide variant	NM_001267550.2(TTN):c.1537-1G>T	7273	TTN	Likely pathogenic	GRCh38	4785336
single nucleotide variant	NM_001267550.2(TTN):c.55270-1G>A	7273	TTN	Likely pathogenic	GRCh38	4785385
single nucleotide variant	NM_001267550.2(TTN):c.93190C>T (p.Gln31064Ter)	7273	TTN	Likely pathogenic	GRCh38	4785405
single nucleotide variant	NM_001267550.2(TTN):c.3661G>T (p.Glu1221Ter)	7273	TTN	Likely pathogenic	GRCh38	4785406
single nucleotide variant	NM_001267550.2(TTN):c.6030T>G (p.Tyr2010Ter)	7273	TTN	Likely pathogenic	GRCh38	4785453
single nucleotide variant	NM_001267550.2(TTN):c.75976G>T (p.Glu25326Ter)	7273	TTN	Likely pathogenic	GRCh38	4785454
single nucleotide variant	NM_001267550.2(TTN):c.46696+1G>C	7273	TTN	Likely pathogenic	GRCh38	4785492
single nucleotide variant	NM_001267550.2(TTN):c.60921T>A (p.Tyr20307Ter)	7273	TTN	Likely pathogenic	GRCh38	4785523
single nucleotide variant	NM_001267550.2(TTN):c.81723T>G (p.Tyr27241Ter)	7273	TTN	Likely pathogenic	GRCh38	4785525
single nucleotide variant	NM_001267550.2(TTN):c.17364C>A (p.Tyr5788Ter)	7273	TTN	Likely pathogenic	GRCh38	4785609
single nucleotide variant	NM_001267550.2(TTN):c.96764T>G (p.Leu32255Ter)	7273	TTN	Likely pathogenic	GRCh38	4785643
single nucleotide variant	NM_001267550.2(TTN):c.15430G>T (p.Glu5144Ter)	7273	TTN	Likely pathogenic	GRCh38	4785658
single nucleotide variant	NM_001267550.2(TTN):c.14113A>T (p.Lys4705Ter)	7273	TTN	Likely pathogenic	GRCh38	4785730
single nucleotide variant	NM_001267550.2(TTN):c.42255G>A (p.Trp14085Ter)	7273	TTN	Likely pathogenic	GRCh38	4787038
single nucleotide variant	NM_001267550.2(TTN):c.65490T>G (p.Tyr21830Ter)	7273	TTN	Likely pathogenic	GRCh38	4787072
single nucleotide variant	NM_001267550.2(TTN):c.9304A>T (p.Arg3102Ter)	7273	TTN	Likely pathogenic	GRCh38	4787093
single nucleotide variant	NM_001267550.2(TTN):c.73888A>T (p.Arg24630Ter)	7273	TTN	Likely pathogenic	GRCh38	4787106
single nucleotide variant	NM_001267550.2(TTN):c.63424G>T (p.Glu21142Ter)	7273	TTN	Likely pathogenic	GRCh38	4787119
single nucleotide variant	NM_001267550.2(TTN):c.73060G>T (p.Glu24354Ter)	7273	TTN	Likely pathogenic	GRCh38	4787120
single nucleotide variant	NM_001267550.2(TTN):c.67802C>A (p.Ser22601Ter)	7273	TTN	Likely pathogenic	GRCh38	4787122
single nucleotide variant	NM_001267550.2(TTN):c.60950G>A (p.Trp20317Ter)	7273	TTN	Likely pathogenic	GRCh38	4787123
single nucleotide variant	NM_001267550.2(TTN):c.65376T>G (p.Tyr21792Ter)	7273	TTN	Likely pathogenic	GRCh38	4787154
single nucleotide variant	NM_001267550.2(TTN):c.46536G>A (p.Trp15512Ter)	7273	TTN	Likely pathogenic	GRCh38	4787312
single nucleotide variant	NM_001267550.2(TTN):c.62067G>A (p.Trp20689Ter)	7273	TTN	Likely pathogenic	GRCh38	4787363
single nucleotide variant	NM_001267550.2(TTN):c.28174+1G>A	7273	TTN	Likely pathogenic	GRCh38	4787371
single nucleotide variant	NM_001267550.2(TTN):c.35629+1G>T	7273	TTN	Likely pathogenic	GRCh38	4788780
single nucleotide variant	NM_001267550.2(TTN):c.40223-2A>G	7273	TTN	Likely pathogenic	GRCh38	4788820
single nucleotide variant	NM_001267550.2(TTN):c.81370A>T (p.Lys27124Ter)	7273	TTN	Likely pathogenic	GRCh38	4788877
single nucleotide variant	NM_001267550.2(TTN):c.19147+1G>A	7273	TTN	Likely pathogenic	GRCh38	4789043
single nucleotide variant	NM_001267550.2(TTN):c.36110C>A (p.Ser12037Ter)	7273	TTN	Likely pathogenic	GRCh38	4789048
single nucleotide variant	NM_001267550.2(TTN):c.20555-2A>G	7273	TTN	Likely pathogenic	GRCh38	4789058
single nucleotide variant	NM_001267550.2(TTN):c.42025-1G>A	7273	TTN	Likely pathogenic	GRCh38	4789111
single nucleotide variant	NM_001267550.2(TTN):c.35101G>T (p.Glu11701Ter)	7273	TTN	Likely pathogenic	GRCh38	4790161
single nucleotide variant	NM_001267550.2(TTN):c.92373T>A (p.Tyr30791Ter)	7273	TTN	Likely pathogenic	GRCh38	4783282
single nucleotide variant	NM_001267550.2(TTN):c.25639G>T (p.Glu8547Ter)	7273	TTN	Likely pathogenic	GRCh38	4784903
single nucleotide variant	NM_001267550.2(TTN):c.40928-1G>A	7273	TTN	Likely pathogenic	GRCh38	4784922
single nucleotide variant	NM_001267550.2(TTN):c.103801G>T (p.Glu34601Ter)	7273	TTN	Likely pathogenic	GRCh38	4784953
single nucleotide variant	NM_001267550.2(TTN):c.79789G>T (p.Glu26597Ter)	7273	TTN	Likely pathogenic	GRCh38	4784960
single nucleotide variant	NM_001267550.2(TTN):c.81937G>T (p.Gly27313Ter)	7273	TTN	Likely pathogenic	GRCh38	4784964
single nucleotide variant	NM_001267550.2(TTN):c.46129C>T (p.Gln15377Ter)	7273	TTN	Likely pathogenic	GRCh38	4784995
single nucleotide variant	NM_001267550.2(TTN):c.64972+2T>C	7273	TTN	Likely pathogenic	GRCh38	4785014
single nucleotide variant	NM_001267550.2(TTN):c.63508+1G>T	7273	TTN	Likely pathogenic	GRCh38	4785015
single nucleotide variant	NM_001267550.2(TTN):c.68068A>T (p.Lys22690Ter)	7273	TTN	Likely pathogenic	GRCh38	4785029
single nucleotide variant	NM_001267550.2(TTN):c.57262+1G>T	7273	TTN	Likely pathogenic	GRCh38	4785091
single nucleotide variant	NM_001267550.2(TTN):c.75430C>T (p.Gln25144Ter)	7273	TTN	Likely pathogenic	GRCh38	4785131
single nucleotide variant	NM_001267550.2(TTN):c.62242G>T (p.Glu20748Ter)	7273	TTN	Likely pathogenic	GRCh38	4785193
single nucleotide variant	NM_001267550.2(TTN):c.91564+1G>T	7273	TTN	Likely pathogenic	GRCh38	4785217
single nucleotide variant	NM_001267550.2(TTN):c.87118+1G>C	7273	TTN	Likely pathogenic	GRCh38	4785218
single nucleotide variant	NM_001267550.2(TTN):c.90938C>A (p.Ser30313Ter)	7273	TTN	Likely pathogenic	GRCh38	4785263
single nucleotide variant	NM_001267550.2(TTN):c.14066C>G (p.Ser4689Ter)	7273	TTN	Likely pathogenic	GRCh38	4785298
single nucleotide variant	NM_001267550.2(TTN):c.81588T>A (p.Tyr27196Ter)	7273	TTN	Likely pathogenic	GRCh38	4785299
single nucleotide variant	NM_001267550.2(TTN):c.32217G>A (p.Trp10739Ter)	7273	TTN	Likely pathogenic	GRCh38	4785311
single nucleotide variant	NM_001267550.2(TTN):c.78966T>A (p.Tyr26322Ter)	7273	TTN	Likely pathogenic	GRCh38	4785316
single nucleotide variant	NM_001267550.2(TTN):c.78937C>T (p.Gln26313Ter)	7273	TTN	Likely pathogenic	GRCh38	4786575
single nucleotide variant	NM_001267550.2(TTN):c.94828+1G>A	7273	TTN	Likely pathogenic	GRCh38	4786627
single nucleotide variant	NM_001267550.2(TTN):c.4815-1G>A	7273	TTN	Likely pathogenic	GRCh38	4786647
single nucleotide variant	NM_001267550.2(TTN):c.80012C>A (p.Ser26671Ter)	7273	TTN	Likely pathogenic	GRCh38	4786665
single nucleotide variant	NM_001267550.2(TTN):c.69776T>A (p.Leu23259Ter)	7273	TTN	Likely pathogenic	GRCh38	4786699
single nucleotide variant	NM_001267550.2(TTN):c.89504-1G>A	7273	TTN	Likely pathogenic	GRCh38	4786713
single nucleotide variant	NM_001267550.2(TTN):c.4619C>A (p.Ser1540Ter)	7273	TTN	Likely pathogenic	GRCh38	4786719
single nucleotide variant	NM_001267550.2(TTN):c.31271-1G>A	7273	TTN	Likely pathogenic	GRCh38	4786731
single nucleotide variant	NM_001267550.2(TTN):c.49726G>T (p.Glu16576Ter)	7273	TTN	Likely pathogenic	GRCh38	4786732
single nucleotide variant	NM_001267550.2(TTN):c.25002T>G (p.Tyr8334Ter)	7273	TTN	Likely pathogenic	GRCh38	4786780
single nucleotide variant	NM_001267550.2(TTN):c.98425C>T (p.Gln32809Ter)	7273	TTN	Likely pathogenic	GRCh38	4786787
single nucleotide variant	NM_001267550.2(TTN):c.3345G>A (p.Trp1115Ter)	7273	TTN	Likely pathogenic	GRCh38	4786797
single nucleotide variant	NM_001267550.2(TTN):c.77917C>T (p.Gln25973Ter)	7273	TTN	Likely pathogenic	GRCh38	4786845
single nucleotide variant	NM_001267550.2(TTN):c.81843T>G (p.Tyr27281Ter)	7273	TTN	Likely pathogenic	GRCh38	4786869
single nucleotide variant	NM_001267550.2(TTN):c.78598A>T (p.Arg26200Ter)	7273	TTN	Likely pathogenic	GRCh38	4786878
single nucleotide variant	NM_001267550.2(TTN):c.11952C>G (p.Tyr3984Ter)	7273	TTN	Pathogenic	GRCh38	4786886
single nucleotide variant	NM_001267550.2(TTN):c.84567T>G (p.Tyr28189Ter)	7273	TTN	Likely pathogenic	GRCh38	4786915
single nucleotide variant	NM_001267550.2(TTN):c.89503G>T (p.Glu29835Ter)	7273	TTN	Likely pathogenic	GRCh38	4786917
single nucleotide variant	NM_001267550.2(TTN):c.32555-1G>T	7273	TTN	Likely pathogenic	GRCh38	4789895
single nucleotide variant	NM_001267550.2(TTN):c.39211+2T>C	7273	TTN	Likely pathogenic	GRCh38	4790658
single nucleotide variant	NM_001267550.2(TTN):c.40633+1G>T	7273	TTN	Likely pathogenic	GRCh38	4790763
single nucleotide variant	NM_001267550.2(TTN):c.105288T>A (p.Tyr35096Ter)	7273	TTN	Likely pathogenic	GRCh38	4790918
single nucleotide variant	NM_001267550.2(TTN):c.39565G>T (p.Glu13189Ter)	7273	TTN	Likely pathogenic	GRCh38	4792364
single nucleotide variant	NM_001267550.2(TTN):c.10012C>T (p.Gln3338Ter)	7273	TTN	Likely pathogenic	GRCh38	4792615
single nucleotide variant	NM_001267550.2(TTN):c.65117G>A (p.Trp21706Ter)	7273	TTN	Likely pathogenic	GRCh38	4794271
single nucleotide variant	NM_001267550.2(TTN):c.39547+1G>C	7273	TTN	Likely pathogenic	GRCh38	4790394
single nucleotide variant	NM_001267550.2(TTN):c.102561C>A (p.Tyr34187Ter)	7273	TTN	Likely pathogenic	GRCh38	4791938
single nucleotide variant	NM_001267550.2(TTN):c.97677C>A (p.Tyr32559Ter)	7273	TTN	Likely pathogenic	GRCh38	4792328
single nucleotide variant	NM_001267550.2(TTN):c.47757C>A (p.Tyr15919Ter)	7273	TTN	Likely pathogenic	GRCh38	4793932
single nucleotide variant	NM_001267550.2(TTN):c.11651T>A (p.Leu3884Ter)	7273	TTN	Likely pathogenic	GRCh38	4791534
single nucleotide variant	NM_001267550.2(TTN):c.19148-2A>G	7273	TTN	Likely pathogenic	GRCh38	4791788
single nucleotide variant	NM_001267550.2(TTN):c.39296-2A>C	7273	TTN	Likely pathogenic	GRCh38	4791838
single nucleotide variant	NM_001267550.2(TTN):c.98832G>A (p.Trp32944Ter)	7273	TTN	Likely pathogenic	GRCh38	4791906
single nucleotide variant	NM_001267550.2(TTN):c.12772C>T (p.Gln4258Ter)	7273	TTN	Likely pathogenic	GRCh38	4793363
single nucleotide variant	NM_001267550.2(TTN):c.54956G>A (p.Trp18319Ter)	7273	TTN	Likely pathogenic	GRCh38	4793467
single nucleotide variant	NM_001267550.2(TTN):c.21682+1G>T	7273	TTN	Likely pathogenic	GRCh38	4793515
single nucleotide variant	NM_001267550.2(TTN):c.40138G>T (p.Glu13380Ter)	7273	TTN	Likely pathogenic	GRCh38	4793517
single nucleotide variant	NM_001267550.2(TTN):c.51781C>T (p.Arg17261Ter)	7273	TTN	Likely pathogenic	GRCh38	4794999
single nucleotide variant	NM_001267550.2(TTN):c.46356C>A (p.Cys15452Ter)	7273	TTN	Likely pathogenic	GRCh38	4795062
single nucleotide variant	NM_001267550.2(TTN):c.69364A>T (p.Lys23122Ter)	7273	TTN	Likely pathogenic	GRCh38	4791382
single nucleotide variant	NM_001267550.2(TTN):c.35629+1G>A	7273	TTN	Likely pathogenic	GRCh38	4791488
single nucleotide variant	NM_001267550.2(TTN):c.67438G>T (p.Gly22480Ter)	7273	TTN	Likely pathogenic	GRCh38	4793067
single nucleotide variant	NM_001267550.2(TTN):c.98529G>A (p.Trp32843Ter)	7273	TTN	Likely pathogenic	GRCh38	4793145
single nucleotide variant	NM_001267550.2(TTN):c.19714+1G>A	7273	TTN	Likely pathogenic	GRCh38	4794543
single nucleotide variant	NM_001267550.2(TTN):c.45550C>T (p.Gln15184Ter)	7273	TTN	Likely pathogenic	GRCh38	4794760
single nucleotide variant	NM_001267550.2(TTN):c.27435G>A (p.Trp9145Ter)	7273	TTN	Pathogenic	GRCh38	4795223
single nucleotide variant	NM_001267550.2(TTN):c.37543+1G>T	7273	TTN	Pathogenic	GRCh38	4795228
single nucleotide variant	NM_001267550.2(TTN):c.7856-1G>A	7273	TTN	Pathogenic	GRCh38	4795229
single nucleotide variant	NM_001267550.2(TTN):c.62251G>T (p.Glu20751Ter)	7273	TTN	Pathogenic	GRCh38	4795231
single nucleotide variant	NM_001267550.2(TTN):c.76439G>C (p.Arg25480Pro)	7273	TTN	Likely pathogenic	GRCh38	4795232
single nucleotide variant	NM_001267550.2(TTN):c.91476T>A (p.Tyr30492Ter)	7273	TTN	Pathogenic	GRCh38	4795234
single nucleotide variant	NM_001267550.2(TTN):c.24729C>A (p.Cys8243Ter)	7273	TTN	Pathogenic	GRCh38	4795240
single nucleotide variant	NM_001267550.2(TTN):c.54603C>G (p.Tyr18201Ter)	7273	TTN	Likely pathogenic	GRCh38	4796546
single nucleotide variant	NM_001267550.2(TTN):c.84681T>A (p.Tyr28227Ter)	7273	TTN	Likely pathogenic	GRCh38	4796600
single nucleotide variant	NM_001267550.2(TTN):c.101743G>T (p.Glu33915Ter)	7273	TTN	Likely pathogenic	GRCh38	4796617
single nucleotide variant	NM_001267550.2(TTN):c.57403C>T (p.Gln19135Ter)	7273	TTN	Likely pathogenic	GRCh38	4813314
single nucleotide variant	NM_001267550.2(TTN):c.36449-1G>T	7273	TTN	Likely pathogenic	GRCh38	4813369
single nucleotide variant	NM_001267550.2(TTN):c.89618G>A (p.Trp29873Ter)	7273	TTN	Likely pathogenic	GRCh38	4813461
single nucleotide variant	NM_001267550.2(TTN):c.91404G>A (p.Trp30468Ter)	7273	TTN	Pathogenic	GRCh38	4813586
single nucleotide variant	NM_001267550.2(TTN):c.20689G>T (p.Glu6897Ter)	7273	TTN	Likely pathogenic	GRCh38	4813685
single nucleotide variant	NM_001267550.2(TTN):c.27215C>G (p.Ser9072Ter)	7273	TTN	Pathogenic	GRCh38	4814163
single nucleotide variant	NM_001267550.2(TTN):c.73988G>A (p.Trp24663Ter)	7273	TTN	Likely pathogenic	GRCh38	4820171
single nucleotide variant	NM_001267550.2(TTN):c.50374G>T (p.Glu16792Ter)	7273	TTN	Likely pathogenic	GRCh38	4820416
single nucleotide variant	NM_001267550.2(TTN):c.44913G>T (p.Lys14971Asn)	7273	TTN	Likely pathogenic	GRCh38	4820490
single nucleotide variant	NM_001267550.2(TTN):c.100018C>T (p.Gln33340Ter)	7273	TTN	Likely pathogenic	GRCh38	4820518
single nucleotide variant	NM_001267550.2(TTN):c.26700C>G (p.Tyr8900Ter)	7273	TTN	Likely pathogenic	GRCh38	4820549
single nucleotide variant	NM_001267550.2(TTN):c.43777C>T (p.Gln14593Ter)	7273	TTN	Likely pathogenic	GRCh38	4820560
single nucleotide variant	NM_001267550.2(TTN):c.5503C>T (p.Gln1835Ter)	7273	TTN	Likely pathogenic	GRCh38	4820562
single nucleotide variant	NM_001267550.2(TTN):c.46369G>T (p.Glu15457Ter)	7273	TTN	Likely pathogenic	GRCh38	4827042
single nucleotide variant	NM_001267550.2(TTN):c.71692G>T (p.Glu23898Ter)	7273	TTN	Likely pathogenic	GRCh38	4827043
single nucleotide variant	NM_001267550.2(TTN):c.77038G>T (p.Glu25680Ter)	7273	TTN	Likely pathogenic	GRCh38	4824726
single nucleotide variant	NM_001267550.2(TTN):c.55229C>G (p.Ser18410Ter)	7273	TTN	Likely pathogenic	GRCh38	4824729
single nucleotide variant	NM_001267550.2(TTN):c.69716-1G>A	7273	TTN	Likely pathogenic	GRCh38	4824732
single nucleotide variant	NM_001267550.2(TTN):c.54541G>T (p.Gly18181Ter)	7273	TTN	Likely pathogenic	GRCh38	4824735
single nucleotide variant	NM_001267550.2(TTN):c.100603G>T (p.Glu33535Ter)	7273	TTN	Likely pathogenic	GRCh38	4824746
single nucleotide variant	NM_001267550.2(TTN):c.43287T>A (p.Cys14429Ter)	7273	TTN	Likely pathogenic	GRCh38	4824747
single nucleotide variant	NM_001267550.2(TTN):c.83116G>T (p.Glu27706Ter)	7273	TTN	Likely pathogenic	GRCh38	4824750
single nucleotide variant	NM_001267550.2(TTN):c.54381+1G>T	7273	TTN	Likely pathogenic	GRCh38	4843161
single nucleotide variant	NM_001267550.2(TTN):c.74055C>G (p.Tyr24685Ter)	7273	TTN	Likely pathogenic	GRCh38	4849122
single nucleotide variant	NM_001267550.2(TTN):c.88594+1G>A	7273	TTN	Likely pathogenic	GRCh38	4849294
single nucleotide variant	NM_001267550.2(TTN):c.40267G>T (p.Glu13423Ter)	7273	TTN	Likely pathogenic	GRCh38	4849587
single nucleotide variant	NM_001267550.2(TTN):c.61579C>T (p.Gln20527Ter)	7273	TTN	Likely pathogenic	GRCh38	4849670
single nucleotide variant	NM_001267550.2(TTN):c.64473T>A (p.Tyr21491Ter)	7273	TTN	Likely pathogenic	GRCh38	4849711
single nucleotide variant	NM_001267550.2(TTN):c.86449A>T (p.Arg28817Ter)	7273	TTN	Likely pathogenic	GRCh38	4851604
single nucleotide variant	NM_001267550.2(TTN):c.9654C>A (p.Tyr3218Ter)	7273	TTN	Likely pathogenic	GRCh38	4851606
single nucleotide variant	NM_001267550.2(TTN):c.12904A>T (p.Lys4302Ter)	7273	TTN	Likely pathogenic	GRCh38	4852171
single nucleotide variant	NM_001267550.2(TTN):c.102421C>T (p.Gln34141Ter)	7273	TTN	Likely pathogenic	GRCh38	4852173
single nucleotide variant	NM_001267550.2(TTN):c.11311+3628G>T	7273	TTN	Likely pathogenic	GRCh38	4852179
single nucleotide variant	NM_001267550.2(TTN):c.2264C>A (p.Ser755Ter)	7273	TTN	Likely pathogenic	GRCh38	4852181
single nucleotide variant	NM_001267550.2(TTN):c.52111G>T (p.Gly17371Ter)	7273	TTN	Likely pathogenic	GRCh38	4852188
single nucleotide variant	NM_001267550.2(TTN):c.38797G>T (p.Glu12933Ter)	7273	TTN	Likely pathogenic	GRCh38	4854934
single nucleotide variant	NM_001267550.2(TTN):c.67876A>T (p.Lys22626Ter)	7273	TTN	Likely pathogenic	GRCh38	4855144
single nucleotide variant	NM_001267550.2(TTN):c.103709G>A (p.Trp34570Ter)	7273	TTN	Likely pathogenic	GRCh38	4855319
single nucleotide variant	NM_001267550.2(TTN):c.75199G>T (p.Glu25067Ter)	7273	TTN	Likely pathogenic	GRCh38	4857207
single nucleotide variant	NM_001267550.2(TTN):c.86364G>A (p.Trp28788Ter)	7273	TTN	Pathogenic	GRCh38	4866246
single nucleotide variant	NM_001267550.2(TTN):c.71444C>G (p.Ser23815Ter)	7273	TTN	Likely pathogenic	GRCh38	4866251
single nucleotide variant	NM_001267550.2(TTN):c.4207A>T (p.Arg1403Ter)	7273	TTN	Likely pathogenic	GRCh38	4866253
single nucleotide variant	NM_001267550.2(TTN):c.46747A>T (p.Lys15583Ter)	7273	TTN	Likely pathogenic	GRCh38	4866171
single nucleotide variant	NM_001267550.2(TTN):c.48742C>T (p.Gln16248Ter)	7273	TTN	Likely pathogenic	GRCh38	4866176
single nucleotide variant	NM_001267550.2(TTN):c.100551C>A (p.Cys33517Ter)	7273	TTN	Likely pathogenic	GRCh38	4866181
single nucleotide variant	NM_001267550.2(TTN):c.89940G>A (p.Trp29980Ter)	7273	TTN	Likely pathogenic	GRCh38	4866189
single nucleotide variant	NM_001267550.2(TTN):c.93965C>G (p.Ser31322Ter)	7273	TTN	Likely pathogenic	GRCh38	4866192
single nucleotide variant	NM_001267550.2(TTN):c.2368C>T (p.Gln790Ter)	7273	TTN	Likely pathogenic	GRCh38	4866193
single nucleotide variant	NM_001267550.2(TTN):c.54673G>T (p.Gly18225Ter)	7273	TTN	Likely pathogenic	GRCh38	4866194
single nucleotide variant	NM_001267550.2(TTN):c.40522A>T (p.Lys13508Ter)	7273	TTN	Likely pathogenic	GRCh38	4866199
single nucleotide variant	NM_001267550.2(TTN):c.76027A>T (p.Lys25343Ter)	7273	TTN	Likely pathogenic	GRCh38	4871847
single nucleotide variant	NM_001267550.2(TTN):c.11421C>G (p.Tyr3807Ter)	7273	TTN	Likely pathogenic	GRCh38	4874477
single nucleotide variant	NM_001267550.2(TTN):c.104928C>G (p.Tyr34976Ter)	7273	TTN	Likely pathogenic	GRCh38	4875439
single nucleotide variant	NM_001267550.2(TTN):c.48901C>T (p.Gln16301Ter)	7273	TTN	Likely pathogenic	GRCh38	4874703
single nucleotide variant	NM_001267550.2(TTN):c.65576-1G>C	7273	TTN	Likely pathogenic	GRCh38	4879330
single nucleotide variant	NM_001267550.2(TTN):c.85878T>G (p.Tyr28626Ter)	7273	TTN	Likely pathogenic	GRCh38	4879814
single nucleotide variant	NM_001267550.2(TTN):c.1468G>T (p.Glu490Ter)	7273	TTN	Likely pathogenic	GRCh38	4879836
single nucleotide variant	NM_001267550.2(TTN):c.66623T>G (p.Leu22208Ter)	7273	TTN	Likely pathogenic	GRCh38	4879838
single nucleotide variant	NM_001267550.2(TTN):c.45436G>T (p.Glu15146Ter)	7273	TTN	Likely pathogenic	GRCh38	4879845
single nucleotide variant	NM_001267550.2(TTN):c.40478-1G>A	7273	TTN	Likely pathogenic	GRCh38	4882004
single nucleotide variant	NM_001267550.2(TTN):c.56764G>T (p.Glu18922Ter)	7273	TTN	Likely pathogenic	GRCh38	4882070
single nucleotide variant	NM_001267550.2(TTN):c.75959C>G (p.Ser25320Ter)	7273	TTN	Likely pathogenic	GRCh38	4882145
single nucleotide variant	NM_001267550.2(TTN):c.83743C>T (p.Gln27915Ter)	7273	TTN	Likely pathogenic	GRCh38	4884416
single nucleotide variant	NM_001267550.2(TTN):c.72300T>A (p.Tyr24100Ter)	7273	TTN	Likely pathogenic	GRCh38	4887177
