gene,species,accession,description,score
AAAS,Homo sapiens,NP_056480.1,NP_056480.1 aladin isoform 1 [Homo sapiens],1.0
AAAS,Pan troglodytes,XP_009423521.1,XP_009423521.1 aladin isoform X3 [Pan troglodytes],0.9186
AAAS,Macaca fascicularis,XP_073863073.1,XP_073863073.1 aladin isoform X5 [Macaca fascicularis],0.6142
AAAS,Callithrix jacchus,XP_078192679.1,XP_078192679.1 aladin isoform X3 [Callithrix jacchus],0.7531
AAAS,Eulemur rufifrons,XP_069345812.1,XP_069345812.1 aladin isoform X2 [Eulemur rufifrons],0.9475
AAAS,Gorilla gorilla gorilla,XP_018894184.1,XP_018894184.1 PREDICTED: aladin isoform X3 [Gorilla gorilla gorilla],0.3105
AAAS,Symphalangus syndactylus,XP_063477547.1,XP_063477547.1 aladin isoform X6 [Symphalangus syndactylus],0.7154
AAAS,Pongo pygmaeus,XP_054299003.1,XP_054299003.1 aladin isoform X3 [Pongo pygmaeus],0.893
AAAS,Nycticebus coucang,XP_053410635.1,XP_053410635.1 aladin isoform X2 [Nycticebus coucang],0.7481
AAAS,Macaca thibetana thibetana,XP_050604836.1,XP_050604836.1 aladin isoform X2 [Macaca thibetana thibetana],0.2957
AAAS,Lemur catta,XP_045409832.1,XP_045409832.1 aladin [Lemur catta],0.9418
AAAS,Trachypithecus francoisi,XP_033077807.1,XP_033077807.1 aladin isoform X2 [Trachypithecus francoisi],0.9815
AAAS,Sapajus apella,XP_032148514.1,XP_032148514.1 aladin isoform X2 [Sapajus apella],0.2936
AAAS,Hylobates moloch,XP_032029500.1,XP_032029500.1 aladin isoform X2 [Hylobates moloch],0.9031
AAAS,Theropithecus gelada,XP_086578366.1,XP_086578366.1 aladin isoform X3 [Theropithecus gelada],0.9802
AAAS,Piliocolobus tephrosceles,XP_026310460.1,XP_026310460.1 aladin [Piliocolobus tephrosceles],0.9657
AAAS,Rhinopithecus bieti,XP_017717028.1,XP_017717028.1 aladin isoform X2 [Rhinopithecus bieti],0.9845
AAAS,Cebus imitator,XP_017357257.1,XP_017357257.1 aladin [Cebus imitator],0.9724
AAAS,Microcebus murinus,XP_075863418.1,XP_075863418.1 aladin isoform X3 [Microcebus murinus],0.7393
AAAS,Propithecus coquereli,XP_012505753.1,XP_012505753.1 PREDICTED: aladin [Propithecus coquereli],0.8517
AAAS,Aotus nancymaae,XP_012305739.1,XP_012305739.1 aladin [Aotus nancymaae],0.9704
AAAS,Cercocebus atys,XP_011903478.1,XP_011903478.1 PREDICTED: aladin isoform X5 [Cercocebus atys],0.2997
AAAS,Mandrillus leucophaeus,XP_011856974.1,XP_011856974.1 PREDICTED: aladin isoform X2 [Mandrillus leucophaeus],0.9021
AAAS,Colobus angolensis palliatus,XP_011785911.1,XP_011785911.1 PREDICTED: aladin isoform X2 [Colobus angolensis palliatus],0.9014
AAAS,Rhinopithecus roxellana,XP_010372226.2,XP_010372226.2 aladin [Rhinopithecus roxellana],0.9855
AAAS,Carlito syrichta,XP_021563945.1,XP_021563945.1 aladin isoform X2 [Carlito syrichta],0.8698
AAAS,Chlorocebus sabaeus,XP_037852982.1,XP_037852982.1 aladin isoform X2 [Chlorocebus sabaeus],0.7659
AAAS,Saimiri boliviensis,XP_003939276.2,XP_003939276.2 aladin isoform X2 [Saimiri boliviensis],0.8893
AAAS,Papio anubis,XP_021778099.2,XP_021778099.2 aladin isoform X3 [Papio anubis],0.7645
AAAS,Pan paniscus,XP_063449118.1,XP_063449118.1 aladin isoform X5 [Pan paniscus],0.3084
AAAS,Otolemur garnettii,XP_023369359.1,XP_023369359.1 aladin isoform X3 [Otolemur garnettii],0.7985
AAAS,Nomascus leucogenys,XP_030678427.1,XP_030678427.1 aladin isoform X4 [Nomascus leucogenys],0.3044
AAAS,Pongo abelii,XP_054383964.1,XP_054383964.1 aladin isoform X4 [Pongo abelii],0.7323
ABCA1,Homo sapiens,NP_005493.2,NP_005493.2 phospholipid-transporting ATPase ABCA1 [Homo sapiens],1.0
ABCA1,Pan troglodytes,XP_016816846.1,XP_016816846.1 phospholipid-transporting ATPase ABCA1 isoform X1 [Pan troglodytes],0.986
ABCA1,Macaca mulatta,XP_001106656.1,"XP_001106656.1 PREDICTED: ATP-binding cassette, sub-family A member 1 [Macaca mulatta]",0.1972
ABCA1,Callithrix jacchus,XP_035109459.3,XP_035109459.3 phospholipid-transporting ATPase ABCA1 isoform X2 [Callithrix jacchus],0.9819
ABCA1,Eulemur rufifrons,XP_069332747.1,XP_069332747.1 phospholipid-transporting ATPase ABCA1 [Eulemur rufifrons],0.9652
ABCA1,Symphalangus syndactylus,XP_055127584.1,XP_055127584.1 phospholipid-transporting ATPase ABCA1 [Symphalangus syndactylus],0.9929
ABCA1,Pongo pygmaeus,XP_063505844.1,XP_063505844.1 phospholipid-transporting ATPase ABCA1 isoform X1 [Pongo pygmaeus],0.9775
ABCA1,Nycticebus coucang,XP_053423061.1,XP_053423061.1 phospholipid-transporting ATPase ABCA1 isoform X2 [Nycticebus coucang],0.9494
ABCA1,Macaca thibetana thibetana,XP_050617797.1,XP_050617797.1 phospholipid-transporting ATPase ABCA1 isoform X2 [Macaca thibetana thibetana],0.9903
ABCA1,Lemur catta,XP_045419793.1,XP_045419793.1 phospholipid-transporting ATPase ABCA1 [Lemur catta],0.9669
ABCA1,Trachypithecus francoisi,XP_033093812.1,XP_033093812.1 phospholipid-transporting ATPase ABCA1 isoform X2 [Trachypithecus francoisi],0.9899
ABCA1,Sapajus apella,XP_032096133.1,XP_032096133.1 phospholipid-transporting ATPase ABCA1 isoform X2 [Sapajus apella],0.9819
ABCA1,Hylobates moloch,XP_032020668.1,XP_032020668.1 phospholipid-transporting ATPase ABCA1 isoform X2 [Hylobates moloch],0.8996
ABCA1,Theropithecus gelada,XP_025214779.1,XP_025214779.1 phospholipid-transporting ATPase ABCA1 [Theropithecus gelada],0.9898
ABCA1,Piliocolobus tephrosceles,XP_023058206.2,XP_023058206.2 phospholipid-transporting ATPase ABCA1 isoform X2 [Piliocolobus tephrosceles],0.9897
ABCA1,Rhinopithecus bieti,XP_017732217.1,XP_017732217.1 phospholipid-transporting ATPase ABCA1 isoform X2 [Rhinopithecus bieti],0.9892
ABCA1,Cebus imitator,XP_017383250.1,XP_017383250.1 phospholipid-transporting ATPase ABCA1 isoform X2 [Cebus imitator],0.982
ABCA1,Microcebus murinus,XP_012592277.2,XP_012592277.2 phospholipid-transporting ATPase ABCA1 isoform X2 [Microcebus murinus],0.9613
ABCA1,Propithecus coquereli,XP_012493997.1,XP_012493997.1 PREDICTED: ATP-binding cassette sub-family A member 1 [Propithecus coquereli],0.9584
ABCA1,Aotus nancymaae,XP_064235471.1,XP_064235471.1 phospholipid-transporting ATPase ABCA1 isoform X2 [Aotus nancymaae],0.9814
ABCA1,Cercocebus atys,XP_011946774.1,XP_011946774.1 PREDICTED: LOW QUALITY PROTEIN: ATP-binding cassette sub-family A member 1 [Cercocebus atys],0.9745
ABCA1,Mandrillus leucophaeus,XP_011821789.1,"XP_011821789.1 PREDICTED: ATP-binding cassette sub-family A member 1, partial [Mandrillus leucophaeus]",0.8098
ABCA1,Colobus angolensis palliatus,XP_011803625.1,XP_011803625.1 PREDICTED: ATP-binding cassette sub-family A member 1 isoform X2 [Colobus angolensis palliatus],0.9567
ABCA1,Macaca nemestrina,XP_011738561.2,XP_011738561.2 phospholipid-transporting ATPase ABCA1 isoform X2 [Macaca nemestrina],0.9889
ABCA1,Rhinopithecus roxellana,XP_030775322.1,XP_030775322.1 phospholipid-transporting ATPase ABCA1 isoform X1 [Rhinopithecus roxellana],0.979
ABCA1,Carlito syrichta,XP_008071655.1,XP_008071655.1 ATP-binding cassette sub-family A member 1 [Carlito syrichta],0.968
ABCA1,Chlorocebus sabaeus,XP_007966715.3,XP_007966715.3 phospholipid-transporting ATPase ABCA1 isoform X2 [Chlorocebus sabaeus],0.9917
ABCA1,Macaca fascicularis,XP_073873054.1,XP_073873054.1 phospholipid-transporting ATPase ABCA1 isoform X6 [Macaca fascicularis],0.9239
ABCA1,Gorilla gorilla gorilla,XP_055206339.2,XP_055206339.2 phospholipid-transporting ATPase ABCA1 isoform X1 [Gorilla gorilla gorilla],0.9841
ABCA1,Saimiri boliviensis,XP_003925310.1,XP_003925310.1 phospholipid-transporting ATPase ABCA1 [Saimiri boliviensis],0.9796
ABCA1,Papio anubis,XP_031510225.1,XP_031510225.1 phospholipid-transporting ATPase ABCA1 isoform X3 [Papio anubis],0.9131
ABCA1,Pan paniscus,XP_003809287.2,XP_003809287.2 phospholipid-transporting ATPase ABCA1 [Pan paniscus],0.9953
ABCA1,Otolemur garnettii,XP_023366283.1,XP_023366283.1 ATP-binding cassette sub-family A member 1 isoform X1 [Otolemur garnettii],0.9499
ABCA1,Nomascus leucogenys,XP_030682575.1,XP_030682575.1 phospholipid-transporting ATPase ABCA1 isoform X3 [Nomascus leucogenys],0.9018
ABCA1,Pongo abelii,XP_054376368.2,XP_054376368.2 phospholipid-transporting ATPase ABCA1 isoform X1 [Pongo abelii],0.9792
ABCA12,Homo sapiens,XP_054197317.1,XP_054197317.1 glucosylceramide transporter ABCA12 isoform X1 [Homo sapiens],0.9987
ABCA12,Macaca mulatta,XP_028686914.2,XP_028686914.2 glucosylceramide transporter ABCA12 [Macaca mulatta],0.9823
ABCA12,Pan troglodytes,XP_063646805.1,XP_063646805.1 glucosylceramide transporter ABCA12 isoform X2 [Pan troglodytes],0.7874
ABCA12,Callithrix jacchus,XP_035161505.3,XP_035161505.3 glucosylceramide transporter ABCA12 [Callithrix jacchus],0.9695
ABCA12,Eulemur rufifrons,XP_069323576.1,XP_069323576.1 glucosylceramide transporter ABCA12 [Eulemur rufifrons],0.9501
ABCA12,Symphalangus syndactylus,XP_055146493.1,XP_055146493.1 glucosylceramide transporter ABCA12 [Symphalangus syndactylus],0.9886
ABCA12,Pongo pygmaeus,XP_054334766.1,XP_054334766.1 glucosylceramide transporter ABCA12 [Pongo pygmaeus],0.9884
ABCA12,Nycticebus coucang,XP_053453780.1,XP_053453780.1 glucosylceramide transporter ABCA12 [Nycticebus coucang],0.9276
ABCA12,Macaca thibetana thibetana,XP_050607272.1,XP_050607272.1 glucosylceramide transporter ABCA12 [Macaca thibetana thibetana],0.9829
ABCA12,Lemur catta,XP_045416117.1,XP_045416117.1 glucosylceramide transporter ABCA12 [Lemur catta],0.9515
ABCA12,Trachypithecus francoisi,XP_033086272.1,XP_033086272.1 ATP-binding cassette sub-family A member 12 [Trachypithecus francoisi],0.9841
ABCA12,Hylobates moloch,XP_032610516.1,XP_032610516.1 glucosylceramide transporter ABCA12 [Hylobates moloch],0.9884
ABCA12,Sapajus apella,XP_032134199.1,XP_032134199.1 ATP-binding cassette sub-family A member 12 [Sapajus apella],0.9676
ABCA12,Theropithecus gelada,XP_086580716.1,XP_086580716.1 glucosylceramide transporter ABCA12 isoform X1 [Theropithecus gelada],0.982
ABCA12,Piliocolobus tephrosceles,XP_023073034.1,XP_023073034.1 glucosylceramide transporter ABCA12 [Piliocolobus tephrosceles],0.9823
ABCA12,Rhinopithecus bieti,XP_017748988.1,XP_017748988.1 glucosylceramide transporter ABCA12 [Rhinopithecus bieti],0.9826
ABCA12,Cebus imitator,XP_017390470.1,XP_017390470.1 ATP-binding cassette sub-family A member 12 [Cebus imitator],0.9689
ABCA12,Microcebus murinus,XP_075862029.1,XP_075862029.1 glucosylceramide transporter ABCA12 [Microcebus murinus],0.9446
ABCA12,Propithecus coquereli,XP_012506914.1,XP_012506914.1 PREDICTED: LOW QUALITY PROTEIN: ATP-binding cassette sub-family A member 12 [Propithecus coquereli],0.6111
ABCA12,Aotus nancymaae,XP_064228883.1,XP_064228883.1 glucosylceramide transporter ABCA12 [Aotus nancymaae],0.9701
ABCA12,Cercocebus atys,XP_011903269.1,XP_011903269.1 PREDICTED: ATP-binding cassette sub-family A member 12 [Cercocebus atys],0.9827
ABCA12,Mandrillus leucophaeus,XP_011823279.1,XP_011823279.1 PREDICTED: ATP-binding cassette sub-family A member 12 [Mandrillus leucophaeus],0.9836
ABCA12,Colobus angolensis palliatus,XP_011787749.1,XP_011787749.1 PREDICTED: ATP-binding cassette sub-family A member 12 [Colobus angolensis palliatus],0.9468
ABCA12,Macaca nemestrina,XP_011738815.2,XP_011738815.2 glucosylceramide transporter ABCA12 [Macaca nemestrina],0.9831
ABCA12,Rhinopithecus roxellana,XP_010370465.2,XP_010370465.2 ATP-binding cassette sub-family A member 12 [Rhinopithecus roxellana],0.9822
ABCA12,Carlito syrichta,XP_008052045.1,XP_008052045.1 ATP-binding cassette sub-family A member 12 [Carlito syrichta],0.9483
ABCA12,Chlorocebus sabaeus,XP_037857501.2,XP_037857501.2 glucosylceramide transporter ABCA12 [Chlorocebus sabaeus],0.9817
ABCA12,Macaca fascicularis,XP_005574260.3,XP_005574260.3 glucosylceramide transporter ABCA12 [Macaca fascicularis],0.9817
ABCA12,Gorilla gorilla gorilla,XP_018877308.3,XP_018877308.3 glucosylceramide transporter ABCA12 [Gorilla gorilla gorilla],0.9942
ABCA12,Saimiri boliviensis,XP_003925620.3,XP_003925620.3 glucosylceramide transporter ABCA12 [Saimiri boliviensis],0.9689
ABCA12,Papio anubis,XP_021779653.2,XP_021779653.2 ATP-binding cassette sub-family A member 12 [Papio anubis],0.9836
ABCA12,Pan paniscus,XP_003812565.5,XP_003812565.5 glucosylceramide transporter ABCA12 [Pan paniscus],0.8905
ABCA12,Otolemur garnettii,XP_003785023.1,XP_003785023.1 ATP-binding cassette sub-family A member 12 [Otolemur garnettii],0.933
ABCA12,Nomascus leucogenys,XP_030658637.1,XP_030658637.1 ATP-binding cassette sub-family A member 12 [Nomascus leucogenys],0.9884
ABCA12,Pongo abelii,XP_024099346.2,XP_024099346.2 glucosylceramide transporter ABCA12 [Pongo abelii],0.9867
ABCA3,Homo sapiens,NP_001080.2,NP_001080.2 phospholipid-transporting ATPase ABCA3 [Homo sapiens],1.0
ABCA3,Pan troglodytes,XP_024205810.1,XP_024205810.1 phospholipid-transporting ATPase ABCA3 isoform X2 [Pan troglodytes],0.8808
ABCA3,Callithrix jacchus,XP_035122420.2,XP_035122420.2 phospholipid-transporting ATPase ABCA3 [Callithrix jacchus],0.9596
ABCA3,Macaca mulatta,XP_077841166.1,XP_077841166.1 phospholipid-transporting ATPase ABCA3 isoform X4 [Macaca mulatta],0.7839
ABCA3,Eulemur rufifrons,XP_069342381.1,XP_069342381.1 phospholipid-transporting ATPase ABCA3 [Eulemur rufifrons],0.9343
ABCA3,Symphalangus syndactylus,XP_055098759.1,XP_055098759.1 phospholipid-transporting ATPase ABCA3 [Symphalangus syndactylus],0.9903
ABCA3,Pongo pygmaeus,XP_063510976.1,XP_063510976.1 phospholipid-transporting ATPase ABCA3 isoform X3 [Pongo pygmaeus],0.8745
ABCA3,Nycticebus coucang,XP_053412499.1,XP_053412499.1 phospholipid-transporting ATPase ABCA3 [Nycticebus coucang],0.9258
ABCA3,Macaca thibetana thibetana,XP_050630121.1,XP_050630121.1 phospholipid-transporting ATPase ABCA3 [Macaca thibetana thibetana],0.9881
ABCA3,Lemur catta,XP_045397161.1,XP_045397161.1 phospholipid-transporting ATPase ABCA3 isoform X2 [Lemur catta],0.769
ABCA3,Trachypithecus francoisi,XP_033092001.1,XP_033092001.1 ATP-binding cassette sub-family A member 3 isoform X2 [Trachypithecus francoisi],0.9133
ABCA3,Hylobates moloch,XP_032000983.1,XP_032000983.1 phospholipid-transporting ATPase ABCA3 [Hylobates moloch],0.9887
ABCA3,Theropithecus gelada,XP_086579874.1,XP_086579874.1 phospholipid-transporting ATPase ABCA3 [Theropithecus gelada],0.988
ABCA3,Piliocolobus tephrosceles,XP_023044916.1,XP_023044916.1 phospholipid-transporting ATPase ABCA3 isoform X2 [Piliocolobus tephrosceles],0.9117
ABCA3,Rhinopithecus bieti,XP_017713973.1,XP_017713973.1 phospholipid-transporting ATPase ABCA3 [Rhinopithecus bieti],0.9846
ABCA3,Microcebus murinus,XP_012599062.2,XP_012599062.2 phospholipid-transporting ATPase ABCA3 [Microcebus murinus],0.9303
ABCA3,Propithecus coquereli,XP_012503117.1,XP_012503117.1 PREDICTED: ATP-binding cassette sub-family A member 3 [Propithecus coquereli],0.9305
ABCA3,Aotus nancymaae,XP_064218407.1,XP_064218407.1 phospholipid-transporting ATPase ABCA3 isoform X2 [Aotus nancymaae],0.7656
ABCA3,Cercocebus atys,XP_011888268.1,XP_011888268.1 PREDICTED: ATP-binding cassette sub-family A member 3 [Cercocebus atys],0.9735
ABCA3,Mandrillus leucophaeus,XP_011822389.1,XP_011822389.1 PREDICTED: ATP-binding cassette sub-family A member 3 isoform X2 [Mandrillus leucophaeus],0.945
ABCA3,Colobus angolensis palliatus,XP_011817795.1,XP_011817795.1 PREDICTED: ATP-binding cassette sub-family A member 3 isoform X2 [Colobus angolensis palliatus],0.9447
ABCA3,Macaca nemestrina,XP_070940030.1,XP_070940030.1 phospholipid-transporting ATPase ABCA3 [Macaca nemestrina],0.9865
ABCA3,Carlito syrichta,XP_008049514.1,XP_008049514.1 ATP-binding cassette sub-family A member 3 [Carlito syrichta],0.9348
ABCA3,Chlorocebus sabaeus,XP_037845901.1,XP_037845901.1 phospholipid-transporting ATPase ABCA3 isoform X3 [Chlorocebus sabaeus],0.9871
ABCA3,Macaca fascicularis,XP_073884685.1,XP_073884685.1 phospholipid-transporting ATPase ABCA3 isoform X2 [Macaca fascicularis],0.4384
ABCA3,Gorilla gorilla gorilla,XP_030863243.1,XP_030863243.1 ATP-binding cassette sub-family A member 3 [Gorilla gorilla gorilla],0.4132
ABCA3,Saimiri boliviensis,XP_039334048.1,XP_039334048.1 phospholipid-transporting ATPase ABCA3 [Saimiri boliviensis],0.9692
ABCA3,Pan paniscus,XP_034796828.3,XP_034796828.3 phospholipid-transporting ATPase ABCA3 [Pan paniscus],0.995
ABCA3,Otolemur garnettii,XP_023369601.1,XP_023369601.1 ATP-binding cassette sub-family A member 3 [Otolemur garnettii],0.9289
ABCA3,Nomascus leucogenys,XP_030653652.1,XP_030653652.1 ATP-binding cassette sub-family A member 3 [Nomascus leucogenys],0.9307
ABCA3,Pongo abelii,XP_054390572.1,XP_054390572.1 phospholipid-transporting ATPase ABCA3 isoform X3 [Pongo abelii],0.7854
ABCA3,Papio anubis,XP_003916428.1,XP_003916428.1 ATP-binding cassette sub-family A member 3 [Papio anubis],0.9882
ABCA4,Homo sapiens,NP_001412253.1,NP_001412253.1 retinal-specific phospholipid-transporting ATPase ABCA4 isoform 2 [Homo sapiens],0.9607
ABCA4,Pan troglodytes,XP_054523991.1,XP_054523991.1 retinal-specific phospholipid-transporting ATPase ABCA4 [Pan troglodytes],0.9926
ABCA4,Macaca mulatta,XP_077808966.1,XP_077808966.1 retinal-specific phospholipid-transporting ATPase ABCA4 isoform X2 [Macaca mulatta],0.3598
ABCA4,Eulemur rufifrons,XP_069336296.1,XP_069336296.1 retinal-specific phospholipid-transporting ATPase ABCA4 [Eulemur rufifrons],0.9176
ABCA4,Symphalangus syndactylus,XP_063481609.1,XP_063481609.1 retinal-specific phospholipid-transporting ATPase ABCA4 isoform X2 [Symphalangus syndactylus],0.9458
ABCA4,Pongo pygmaeus,XP_063520661.1,XP_063520661.1 retinal-specific phospholipid-transporting ATPase ABCA4 isoform X2 [Pongo pygmaeus],0.9488
ABCA4,Nycticebus coucang,XP_053447494.1,XP_053447494.1 retinal-specific phospholipid-transporting ATPase ABCA4 isoform X2 [Nycticebus coucang],0.9117
ABCA4,Macaca thibetana thibetana,XP_050663214.1,XP_050663214.1 retinal-specific phospholipid-transporting ATPase ABCA4 isoform X2 [Macaca thibetana thibetana],0.9853
ABCA4,Lemur catta,XP_045403458.1,XP_045403458.1 retinal-specific phospholipid-transporting ATPase ABCA4 [Lemur catta],0.918
ABCA4,Trachypithecus francoisi,XP_033051627.1,XP_033051627.1 retinal-specific phospholipid-transporting ATPase ABCA4 isoform X2 [Trachypithecus francoisi],0.9788
ABCA4,Sapajus apella,XP_032103806.1,XP_032103806.1 retinal-specific phospholipid-transporting ATPase ABCA4 isoform X2 [Sapajus apella],0.8244
ABCA4,Hylobates moloch,XP_058295723.1,XP_058295723.1 retinal-specific phospholipid-transporting ATPase ABCA4 [Hylobates moloch],0.5776
ABCA4,Theropithecus gelada,XP_086591009.1,XP_086591009.1 LOW QUALITY PROTEIN: retinal-specific phospholipid-transporting ATPase ABCA4 [Theropithecus gelada],0.9758
ABCA4,Piliocolobus tephrosceles,XP_023086843.2,XP_023086843.2 retinal-specific phospholipid-transporting ATPase ABCA4 [Piliocolobus tephrosceles],0.9839
ABCA4,Rhinopithecus bieti,XP_017735272.1,XP_017735272.1 retinal-specific phospholipid-transporting ATPase ABCA4 isoform X2 [Rhinopithecus bieti],0.9839
ABCA4,Cebus imitator,XP_037600097.1,XP_037600097.1 retinal-specific phospholipid-transporting ATPase ABCA4 isoform X2 [Cebus imitator],0.9675
ABCA4,Microcebus murinus,XP_020138776.2,XP_020138776.2 retinal-specific phospholipid-transporting ATPase ABCA4 [Microcebus murinus],0.9147
ABCA4,Propithecus coquereli,XP_012516467.1,XP_012516467.1 PREDICTED: retinal-specific ATP-binding cassette transporter [Propithecus coquereli],0.9141
ABCA4,Aotus nancymaae,XP_064227203.1,XP_064227203.1 retinal-specific phospholipid-transporting ATPase ABCA4 isoform X2 [Aotus nancymaae],0.8768
ABCA4,Cercocebus atys,XP_011923305.1,XP_011923305.1 PREDICTED: retinal-specific ATP-binding cassette transporter isoform X7 [Cercocebus atys],0.7163
ABCA4,Mandrillus leucophaeus,XP_011846899.1,XP_011846899.1 PREDICTED: retinal-specific ATP-binding cassette transporter [Mandrillus leucophaeus],0.9807
ABCA4,Colobus angolensis palliatus,XP_011795400.1,XP_011795400.1 PREDICTED: retinal-specific ATP-binding cassette transporter [Colobus angolensis palliatus],0.985
ABCA4,Macaca nemestrina,XP_011746058.2,XP_011746058.2 retinal-specific phospholipid-transporting ATPase ABCA4 [Macaca nemestrina],0.9827
ABCA4,Rhinopithecus roxellana,XP_030792598.1,XP_030792598.1 retinal-specific phospholipid-transporting ATPase ABCA4 isoform X1 [Rhinopithecus roxellana],0.9813
ABCA4,Carlito syrichta,XP_008072801.1,XP_008072801.1 retinal-specific ATP-binding cassette transporter [Carlito syrichta],0.9216
ABCA4,Chlorocebus sabaeus,XP_007976098.3,XP_007976098.3 retinal-specific phospholipid-transporting ATPase ABCA4 [Chlorocebus sabaeus],0.984
ABCA4,Macaca fascicularis,XP_045238869.2,XP_045238869.2 retinal-specific phospholipid-transporting ATPase ABCA4 isoform X1 [Macaca fascicularis],0.9826
ABCA4,Gorilla gorilla gorilla,XP_063552953.1,XP_063552953.1 retinal-specific phospholipid-transporting ATPase ABCA4 isoform X2 [Gorilla gorilla gorilla],0.9513
ABCA4,Saimiri boliviensis,XP_039316865.1,XP_039316865.1 retinal-specific phospholipid-transporting ATPase ABCA4 [Saimiri boliviensis],0.9687
ABCA4,Papio anubis,XP_021776692.1,XP_021776692.1 retinal-specific phospholipid-transporting ATPase ABCA4 [Papio anubis],0.9788
ABCA4,Pan paniscus,XP_034787349.3,XP_034787349.3 retinal-specific phospholipid-transporting ATPase ABCA4 [Pan paniscus],0.9921
ABCA4,Otolemur garnettii,XP_003784319.2,XP_003784319.2 retinal-specific ATP-binding cassette transporter [Otolemur garnettii],0.9121
ABCA4,Nomascus leucogenys,XP_030679159.1,XP_030679159.1 retinal-specific phospholipid-transporting ATPase ABCA4 [Nomascus leucogenys],0.9877
ABCA4,Pongo abelii,XP_024106370.2,XP_024106370.2 retinal-specific phospholipid-transporting ATPase ABCA4 [Pongo abelii],0.9864
ABCA4,Callithrix jacchus,XP_054092536.1,XP_054092536.1 retinal-specific phospholipid-transporting ATPase ABCA4 isoform X3 [Callithrix jacchus],0.9325
ABCB11,Homo sapiens,XP_054200297.1,XP_054200297.1 bile salt export pump isoform X6 [Homo sapiens],0.6263
ABCB11,Macaca mulatta,XP_014965779.2,XP_014965779.2 bile salt export pump isoform X2 [Macaca mulatta],0.9201
ABCB11,Pan troglodytes,XP_526100.2,XP_526100.2 bile salt export pump isoform X1 [Pan troglodytes],0.9938
ABCB11,Macaca fascicularis,XP_073865492.1,XP_073865492.1 bile salt export pump isoform X7 [Macaca fascicularis],0.5056
ABCB11,Callithrix jacchus,XP_078183575.1,XP_078183575.1 bile salt export pump isoform X5 [Callithrix jacchus],0.7366
ABCB11,Eulemur rufifrons,XP_069350435.1,XP_069350435.1 bile salt export pump [Eulemur rufifrons],0.9093
ABCB11,Symphalangus syndactylus,XP_055147863.1,XP_055147863.1 bile salt export pump [Symphalangus syndactylus],0.9883
ABCB11,Pongo pygmaeus,XP_063503686.1,XP_063503686.1 bile salt export pump isoform X2 [Pongo pygmaeus],0.9485
ABCB11,Theropithecus gelada,XP_086580804.1,XP_086580804.1 bile salt export pump isoform X1 [Theropithecus gelada],0.9748
ABCB11,Piliocolobus tephrosceles,XP_023045476.1,XP_023045476.1 bile salt export pump [Piliocolobus tephrosceles],0.978
ABCB11,Rhinopithecus bieti,XP_017709956.1,XP_017709956.1 bile salt export pump [Rhinopithecus bieti],0.9624
ABCB11,Microcebus murinus,XP_012637331.2,XP_012637331.2 bile salt export pump [Microcebus murinus],0.9148
ABCB11,Aotus nancymaae,XP_064238707.1,XP_064238707.1 bile salt export pump isoform X2 [Aotus nancymaae],0.9135
ABCB11,Macaca nemestrina,XP_070929004.1,XP_070929004.1 bile salt export pump isoform X3 [Macaca nemestrina],0.9197
ABCB11,Chlorocebus sabaeus,XP_072875894.1,XP_072875894.1 bile salt export pump [Chlorocebus sabaeus],0.978
ABCB11,Gorilla gorilla gorilla,XP_018878316.3,XP_018878316.3 bile salt export pump [Gorilla gorilla gorilla],0.9918
ABCB11,Saimiri boliviensis,XP_074255635.1,XP_074255635.1 bile salt export pump isoform X3 [Saimiri boliviensis],0.8407
ABCB11,Pan paniscus,XP_054964367.1,XP_054964367.1 bile salt export pump [Pan paniscus],0.9849
ABCB11,Pongo abelii,XP_054405430.2,XP_054405430.2 bile salt export pump [Pongo abelii],0.9906
ABCB11,Nycticebus coucang,XP_053452715.1,XP_053452715.1 bile salt export pump isoform X3 [Nycticebus coucang],0.8682
ABCB11,Macaca thibetana thibetana,XP_050606402.1,XP_050606402.1 bile salt export pump isoform X2 [Macaca thibetana thibetana],0.9195
ABCB11,Lemur catta,XP_045415167.1,XP_045415167.1 bile salt export pump [Lemur catta],0.9127
ABCB11,Trachypithecus francoisi,XP_033087113.1,XP_033087113.1 bile salt export pump [Trachypithecus francoisi],0.9792
ABCB11,Hylobates moloch,XP_032609279.1,XP_032609279.1 bile salt export pump [Hylobates moloch],0.9887
ABCB11,Sapajus apella,XP_032142526.1,XP_032142526.1 bile salt export pump isoform X2 [Sapajus apella],0.9121
ABCB11,Cebus imitator,XP_017375156.1,XP_017375156.1 bile salt export pump isoform X2 [Cebus imitator],0.912
ABCB11,Propithecus coquereli,XP_012506129.1,XP_012506129.1 PREDICTED: bile salt export pump [Propithecus coquereli],0.878
ABCB11,Cercocebus atys,XP_011902302.1,XP_011902302.1 PREDICTED: bile salt export pump isoform X5 [Cercocebus atys],0.773
ABCB11,Mandrillus leucophaeus,XP_011843560.1,XP_011843560.1 PREDICTED: bile salt export pump [Mandrillus leucophaeus],0.9523
ABCB11,Colobus angolensis palliatus,XP_011815989.1,XP_011815989.1 PREDICTED: bile salt export pump [Colobus angolensis palliatus],0.9764
ABCB11,Rhinopithecus roxellana,XP_010352718.2,XP_010352718.2 bile salt export pump [Rhinopithecus roxellana],0.9826
ABCB11,Carlito syrichta,XP_021562013.1,XP_021562013.1 bile salt export pump [Carlito syrichta],0.9302
ABCB11,Papio anubis,XP_009180645.2,XP_009180645.2 bile salt export pump isoform X2 [Papio anubis],0.9209
ABCB11,Otolemur garnettii,XP_012663910.1,XP_012663910.1 bile salt export pump [Otolemur garnettii],0.8949
ABCB11,Nomascus leucogenys,XP_030658970.1,XP_030658970.1 bile salt export pump [Nomascus leucogenys],0.9895
ABCB4,Homo sapiens,XP_054214381.1,XP_054214381.1 phosphatidylcholine translocator ABCB4 isoform X8 [Homo sapiens],0.6284
ABCB4,Macaca mulatta,XP_077853227.1,XP_077853227.1 phosphatidylcholine translocator ABCB4 isoform X7 [Macaca mulatta],0.6382
ABCB4,Pan troglodytes,XP_063670721.1,XP_063670721.1 phosphatidylcholine translocator ABCB4 isoform X5 [Pan troglodytes],0.6385
ABCB4,Callithrix jacchus,XP_078199086.1,XP_078199086.1 phosphatidylcholine translocator ABCB4 isoform X7 [Callithrix jacchus],0.7613
ABCB4,Eulemur rufifrons,XP_069318513.1,XP_069318513.1 phosphatidylcholine translocator ABCB4 isoform X3 [Eulemur rufifrons],0.8834
ABCB4,Symphalangus syndactylus,XP_055128818.1,XP_055128818.1 phosphatidylcholine translocator ABCB4 isoform X3 [Symphalangus syndactylus],0.9316
ABCB4,Pongo pygmaeus,XP_054352934.1,XP_054352934.1 phosphatidylcholine translocator ABCB4 [Pongo pygmaeus],0.9785
ABCB4,Theropithecus gelada,XP_025235163.2,XP_025235163.2 LOW QUALITY PROTEIN: phosphatidylcholine translocator ABCB4 [Theropithecus gelada],0.9718
ABCB4,Piliocolobus tephrosceles,XP_023082484.2,XP_023082484.2 phosphatidylcholine translocator ABCB4 [Piliocolobus tephrosceles],0.9778
ABCB4,Rhinopithecus bieti,XP_017707162.1,XP_017707162.1 LOW QUALITY PROTEIN: phosphatidylcholine translocator ABCB4 [Rhinopithecus bieti],0.9473
ABCB4,Microcebus murinus,XP_075862578.1,XP_075862578.1 phosphatidylcholine translocator ABCB4 isoform X4 [Microcebus murinus],0.4702
ABCB4,Aotus nancymaae,XP_064236502.1,XP_064236502.1 phosphatidylcholine translocator ABCB4 isoform X3 [Aotus nancymaae],0.4502
ABCB4,Macaca nemestrina,XP_011728969.2,XP_011728969.2 phosphatidylcholine translocator ABCB4 isoform X5 [Macaca nemestrina],0.7729
ABCB4,Chlorocebus sabaeus,XP_072865258.1,XP_072865258.1 phosphatidylcholine translocator ABCB4 isoform X5 [Chlorocebus sabaeus],0.7786
ABCB4,Macaca fascicularis,XP_073891711.1,XP_073891711.1 phosphatidylcholine translocator ABCB4 isoform X7 [Macaca fascicularis],0.7489
ABCB4,Gorilla gorilla gorilla,XP_063564722.1,XP_063564722.1 phosphatidylcholine translocator ABCB4 isoform X5 [Gorilla gorilla gorilla],0.778
ABCB4,Saimiri boliviensis,XP_074235453.1,XP_074235453.1 phosphatidylcholine translocator ABCB4 isoform X4 [Saimiri boliviensis],0.5246
ABCB4,Pan paniscus,XP_034820252.2,XP_034820252.2 phosphatidylcholine translocator ABCB4 [Pan paniscus],0.9936
ABCB4,Pongo abelii,XP_063582161.1,XP_063582161.1 phosphatidylcholine translocator ABCB4 isoform X2 [Pongo abelii],0.9795
ABCB4,Nycticebus coucang,XP_053464845.1,XP_053464845.1 phosphatidylcholine translocator ABCB4 isoform X6 [Nycticebus coucang],0.5277
ABCB4,Macaca thibetana thibetana,XP_050641223.1,XP_050641223.1 phosphatidylcholine translocator ABCB4 isoform X5 [Macaca thibetana thibetana],0.7022
ABCB4,Lemur catta,XP_045421425.1,XP_045421425.1 phosphatidylcholine translocator ABCB4 isoform X4 [Lemur catta],0.5309
ABCB4,Trachypithecus francoisi,XP_033048422.1,XP_033048422.1 phosphatidylcholine translocator ABCB4 isoform X3 [Trachypithecus francoisi],0.9803
ABCB4,Hylobates moloch,XP_032611762.1,XP_032611762.1 phosphatidylcholine translocator ABCB4 [Hylobates moloch],0.8699
ABCB4,Sapajus apella,XP_032108926.1,XP_032108926.1 phosphatidylcholine translocator ABCB4 isoform X5 [Sapajus apella],0.6942
ABCB4,Cebus imitator,XP_037597271.1,XP_037597271.1 phosphatidylcholine translocator ABCB4 isoform X5 [Cebus imitator],0.792
ABCB4,Propithecus coquereli,XP_012498967.1,XP_012498967.1 PREDICTED: multidrug resistance protein 3 [Propithecus coquereli],0.7712
ABCB4,Cercocebus atys,XP_011936800.1,XP_011936800.1 PREDICTED: multidrug resistance protein 3 isoform X6 [Cercocebus atys],0.5402
ABCB4,Mandrillus leucophaeus,XP_011851436.1,XP_011851436.1 PREDICTED: multidrug resistance protein 3 isoform X3 [Mandrillus leucophaeus],0.9282
ABCB4,Colobus angolensis palliatus,XP_011817162.1,XP_011817162.1 PREDICTED: multidrug resistance protein 3 isoform X3 [Colobus angolensis palliatus],0.9324
ABCB4,Rhinopithecus roxellana,XP_030788541.1,XP_030788541.1 phosphatidylcholine translocator ABCB4 isoform X2 [Rhinopithecus roxellana],0.96
ABCB4,Carlito syrichta,XP_008059505.1,XP_008059505.1 phosphatidylcholine translocator ABCB4 isoform X3 [Carlito syrichta],0.8977
ABCB4,Papio anubis,XP_009201780.2,XP_009201780.2 phosphatidylcholine translocator ABCB4 isoform X4 [Papio anubis],0.4317
ABCB4,Otolemur garnettii,XP_023374528.1,XP_023374528.1 phosphatidylcholine translocator ABCB4 isoform X2 [Otolemur garnettii],0.5266
ABCB4,Nomascus leucogenys,XP_030678933.1,XP_030678933.1 phosphatidylcholine translocator ABCB4 isoform X3 [Nomascus leucogenys],0.9316
ABCC2,Homo sapiens,XP_054220770.1,XP_054220770.1 ATP-binding cassette sub-family C member 2 isoform X5 [Homo sapiens],0.4823
ABCC2,Macaca mulatta,NP_001028019.1,NP_001028019.1 ATP-binding cassette sub-family C member 2 [Macaca mulatta],0.9591
ABCC2,Callithrix jacchus,XP_078202370.1,XP_078202370.1 ATP-binding cassette sub-family C member 2 isoform X4 [Callithrix jacchus],0.6698
ABCC2,Eulemur rufifrons,XP_069315906.1,XP_069315906.1 ATP-binding cassette sub-family C member 2 isoform X2 [Eulemur rufifrons],0.8734
ABCC2,Symphalangus syndactylus,XP_055108074.2,XP_055108074.2 ATP-binding cassette sub-family C member 2 [Symphalangus syndactylus],0.9839
ABCC2,Pongo pygmaeus,XP_054291819.1,XP_054291819.1 ATP-binding cassette sub-family C member 2 [Pongo pygmaeus],0.9854
ABCC2,Nycticebus coucang,XP_053438903.1,XP_053438903.1 ATP-binding cassette sub-family C member 2 [Nycticebus coucang],0.8561
ABCC2,Macaca thibetana thibetana,XP_050659092.1,XP_050659092.1 ATP-binding cassette sub-family C member 2 [Macaca thibetana thibetana],0.9165
ABCC2,Lemur catta,XP_045424614.1,XP_045424614.1 ATP-binding cassette sub-family C member 2 isoform X2 [Lemur catta],0.8488
ABCC2,Trachypithecus francoisi,XP_033041981.1,XP_033041981.1 canalicular multispecific organic anion transporter 1 [Trachypithecus francoisi],0.9673
ABCC2,Sapajus apella,XP_032137170.1,XP_032137170.1 canalicular multispecific organic anion transporter 1 isoform X3 [Sapajus apella],0.7476
ABCC2,Hylobates moloch,XP_032025950.1,XP_032025950.1 ATP-binding cassette sub-family C member 2 [Hylobates moloch],0.985
ABCC2,Theropithecus gelada,XP_025252624.1,XP_025252624.1 ATP-binding cassette sub-family C member 2 [Theropithecus gelada],0.9676
ABCC2,Piliocolobus tephrosceles,XP_023062168.2,XP_023062168.2 ATP-binding cassette sub-family C member 2 [Piliocolobus tephrosceles],0.9647
ABCC2,Rhinopithecus bieti,XP_017736199.1,XP_017736199.1 ATP-binding cassette sub-family C member 2 [Rhinopithecus bieti],0.9649
ABCC2,Cebus imitator,XP_037595468.1,XP_037595468.1 canalicular multispecific organic anion transporter 1 isoform X2 [Cebus imitator],0.9034
ABCC2,Microcebus murinus,XP_012623794.1,XP_012623794.1 ATP-binding cassette sub-family C member 2 [Microcebus murinus],0.8838
ABCC2,Propithecus coquereli,XP_012517210.1,XP_012517210.1 PREDICTED: canalicular multispecific organic anion transporter 1 [Propithecus coquereli],0.8809
ABCC2,Aotus nancymaae,XP_012294861.2,XP_012294861.2 ATP-binding cassette sub-family C member 2 [Aotus nancymaae],0.9358
ABCC2,Cercocebus atys,XP_011906852.1,XP_011906852.1 PREDICTED: canalicular multispecific organic anion transporter 1 isoform X2 [Cercocebus atys],0.9033
ABCC2,Mandrillus leucophaeus,XP_011832771.1,XP_011832771.1 PREDICTED: canalicular multispecific organic anion transporter 1 [Mandrillus leucophaeus],0.964
ABCC2,Colobus angolensis palliatus,XP_011790950.1,XP_011790950.1 PREDICTED: canalicular multispecific organic anion transporter 1 [Colobus angolensis palliatus],0.9664
ABCC2,Macaca nemestrina,XP_011733981.2,XP_011733981.2 ATP-binding cassette sub-family C member 2 [Macaca nemestrina],0.9688
ABCC2,Rhinopithecus roxellana,XP_010354381.1,XP_010354381.1 canalicular multispecific organic anion transporter 1 [Rhinopithecus roxellana],0.9641
ABCC2,Pan troglodytes,XP_054515828.1,XP_054515828.1 ATP-binding cassette sub-family C member 2 isoform X1 [Pan troglodytes],0.9924
ABCC2,Carlito syrichta,XP_008070054.1,XP_008070054.1 canalicular multispecific organic anion transporter 1 [Carlito syrichta],0.8509
ABCC2,Chlorocebus sabaeus,XP_037865358.2,XP_037865358.2 ATP-binding cassette sub-family C member 2 [Chlorocebus sabaeus],0.9683
ABCC2,Macaca fascicularis,XP_073858540.1,XP_073858540.1 ATP-binding cassette sub-family C member 2 isoform X3 [Macaca fascicularis],0.4701
ABCC2,Gorilla gorilla gorilla,XP_018891063.3,XP_018891063.3 ATP-binding cassette sub-family C member 2 [Gorilla gorilla gorilla],0.9906
ABCC2,Saimiri boliviensis,XP_039321299.2,XP_039321299.2 ATP-binding cassette sub-family C member 2 [Saimiri boliviensis],0.934
ABCC2,Papio anubis,XP_021799269.2,XP_021799269.2 canalicular multispecific organic anion transporter 1 [Papio anubis],0.9661
ABCC2,Pan paniscus,XP_034787160.1,XP_034787160.1 ATP-binding cassette sub-family C member 2 [Pan paniscus],0.9923
ABCC2,Otolemur garnettii,XP_012659115.1,XP_012659115.1 canalicular multispecific organic anion transporter 1 [Otolemur garnettii],0.8673
ABCC2,Nomascus leucogenys,XP_030658289.1,XP_030658289.1 canalicular multispecific organic anion transporter 1 [Nomascus leucogenys],0.985
ABCC2,Pongo abelii,XP_002821105.2,XP_002821105.2 ATP-binding cassette sub-family C member 2 [Pongo abelii],0.9865
ABCC6,Homo sapiens,NP_001427239.1,NP_001427239.1 URG7 protein isoform 5 [Homo sapiens],0.9546
ABCC6,Macaca mulatta,XP_077843279.1,XP_077843279.1 ATP-binding cassette sub-family C member 6 isoform X12 [Macaca mulatta],0.7548
ABCC6,Callithrix jacchus,XP_078200823.1,XP_078200823.1 ATP-binding cassette sub-family C member 6 isoform X6 [Callithrix jacchus],0.8722
ABCC6,Eulemur rufifrons,XP_069342986.1,XP_069342986.1 ATP-binding cassette sub-family C member 6 [Eulemur rufifrons],0.8568
ABCC6,Aotus nancymaae,XP_064218533.1,XP_064218533.1 ATP-binding cassette sub-family C member 6 isoform X4 [Aotus nancymaae],0.9433
ABCC6,Symphalangus syndactylus,XP_055109357.2,XP_055109357.2 ATP-binding cassette sub-family C member 6 [Symphalangus syndactylus],0.9734
ABCC6,Pongo pygmaeus,XP_063510418.1,XP_063510418.1 ATP-binding cassette sub-family C member 6 isoform X2 [Pongo pygmaeus],0.9266
ABCC6,Nycticebus coucang,XP_053413294.1,XP_053413294.1 ATP-binding cassette sub-family C member 6 isoform X2 [Nycticebus coucang],0.8404
ABCC6,Macaca thibetana thibetana,XP_050630020.1,XP_050630020.1 ATP-binding cassette sub-family C member 6 isoform X2 [Macaca thibetana thibetana],0.914
ABCC6,Lemur catta,XP_045398631.1,XP_045398631.1 ATP-binding cassette sub-family C member 6 isoform X2 [Lemur catta],0.6289
ABCC6,Trachypithecus francoisi,XP_033091516.1,XP_033091516.1 multidrug resistance-associated protein 6 isoform X3 [Trachypithecus francoisi],0.9629
ABCC6,Sapajus apella,XP_032125554.1,XP_032125554.1 multidrug resistance-associated protein 6 isoform X6 [Sapajus apella],0.9403
ABCC6,Hylobates moloch,XP_032001086.1,XP_032001086.1 ATP-binding cassette sub-family C member 6 [Hylobates moloch],0.9788
ABCC6,Theropithecus gelada,XP_086579994.1,XP_086579994.1 ATP-binding cassette sub-family C member 6 isoform X3 [Theropithecus gelada],0.921
ABCC6,Piliocolobus tephrosceles,XP_023045518.1,XP_023045518.1 multidrug resistance-associated protein 6 isoform X2 [Piliocolobus tephrosceles],-0.1268
ABCC6,Rhinopithecus bieti,XP_017727196.1,XP_017727196.1 multidrug resistance-associated protein 6 [Rhinopithecus bieti],0.9218
ABCC6,Cebus imitator,XP_037596033.1,XP_037596033.1 multidrug resistance-associated protein 6 isoform X2 [Cebus imitator],0.8484
ABCC6,Microcebus murinus,XP_075851262.1,XP_075851262.1 ATP-binding cassette sub-family C member 6 isoform X3 [Microcebus murinus],0.7739
ABCC6,Propithecus coquereli,XP_012503142.1,XP_012503142.1 PREDICTED: multidrug resistance-associated protein 6 isoform X2 [Propithecus coquereli],0.8185
ABCC6,Cercocebus atys,XP_011886049.1,XP_011886049.1 PREDICTED: multidrug resistance-associated protein 6 [Cercocebus atys],0.8852
ABCC6,Mandrillus leucophaeus,XP_011846572.1,XP_011846572.1 PREDICTED: multidrug resistance-associated protein 6 [Mandrillus leucophaeus],0.9647
ABCC6,Colobus angolensis palliatus,XP_011805689.1,XP_011805689.1 PREDICTED: multidrug resistance-associated protein 6 [Colobus angolensis palliatus],0.912
ABCC6,Macaca nemestrina,XP_011715677.2,XP_011715677.2 ATP-binding cassette sub-family C member 6 [Macaca nemestrina],0.9629
ABCC6,Rhinopithecus roxellana,XP_010369160.2,XP_010369160.2 LOW QUALITY PROTEIN: multidrug resistance-associated protein 6 [Rhinopithecus roxellana],0.9685
ABCC6,Carlito syrichta,XP_008067103.1,XP_008067103.1 multidrug resistance-associated protein 6 [Carlito syrichta],0.8583
ABCC6,Chlorocebus sabaeus,XP_037845745.2,XP_037845745.2 ATP-binding cassette sub-family C member 6 isoform X2 [Chlorocebus sabaeus],0.9637
ABCC6,Macaca fascicularis,XP_073884419.1,XP_073884419.1 ATP-binding cassette sub-family C member 6 isoform X4 [Macaca fascicularis],0.5861
ABCC6,Gorilla gorilla gorilla,XP_063555577.1,XP_063555577.1 ATP-binding cassette sub-family C member 6 isoform X2 [Gorilla gorilla gorilla],0.9607
ABCC6,Saimiri boliviensis,XP_074237712.1,XP_074237712.1 ATP-binding cassette sub-family C member 6 isoform X8 [Saimiri boliviensis],0.7218
ABCC6,Papio anubis,XP_021787480.2,XP_021787480.2 multidrug resistance-associated protein 6 isoform X2 [Papio anubis],0.8975
ABCC6,Otolemur garnettii,XP_023369623.1,XP_023369623.1 multidrug resistance-associated protein 6 [Otolemur garnettii],0.7826
ABCC6,Nomascus leucogenys,XP_030653896.1,XP_030653896.1 multidrug resistance-associated protein 6 isoform X3 [Nomascus leucogenys],0.8822
ABCC6,Pongo abelii,XP_063573677.1,XP_063573677.1 ATP-binding cassette sub-family C member 6 isoform X2 [Pongo abelii],0.9709
ABCC6,Pan troglodytes,XP_523305.3,"XP_523305.3 PREDICTED: LOW QUALITY PROTEIN: multidrug resistance-associated protein 6, partial [Pan troglodytes]",0.0195
ABCC6,Pan paniscus,XP_034795889.1,"XP_034795889.1 multidrug resistance-associated protein 6, partial [Pan paniscus]",0.2853
ABCC8,Homo sapiens,NP_001338226.1,NP_001338226.1 ATP-binding cassette sub-family C member 8 isoform 5 [Homo sapiens],0.998
ABCC8,Macaca mulatta,XP_077819298.1,XP_077819298.1 ATP-binding cassette sub-family C member 8 isoform X15 [Macaca mulatta],0.9504
ABCC8,Pan troglodytes,XP_024202771.3,XP_024202771.3 ATP-binding cassette sub-family C member 8 isoform X8 [Pan troglodytes],0.9967
ABCC8,Callithrix jacchus,XP_078196818.1,XP_078196818.1 ATP-binding cassette sub-family C member 8 isoform X6 [Callithrix jacchus],0.9393
ABCC8,Eulemur rufifrons,XP_069325760.1,XP_069325760.1 ATP-binding cassette sub-family C member 8 isoform X5 [Eulemur rufifrons],0.9572
ABCC8,Symphalangus syndactylus,XP_063497999.1,XP_063497999.1 ATP-binding cassette sub-family C member 8 isoform X8 [Symphalangus syndactylus],0.9625
ABCC8,Pongo pygmaeus,XP_063527183.1,XP_063527183.1 ATP-binding cassette sub-family C member 8 isoform X2 [Pongo pygmaeus],0.9876
ABCC8,Nycticebus coucang,XP_053416714.1,XP_053416714.1 ATP-binding cassette sub-family C member 8 isoform X12 [Nycticebus coucang],0.8752
ABCC8,Macaca thibetana thibetana,XP_050611314.1,XP_050611314.1 ATP-binding cassette sub-family C member 8 isoform X12 [Macaca thibetana thibetana],0.8274
ABCC8,Lemur catta,XP_045413573.1,XP_045413573.1 ATP-binding cassette sub-family C member 8 isoform X2 [Lemur catta],0.9602
ABCC8,Trachypithecus francoisi,XP_033063901.1,XP_033063901.1 ATP-binding cassette sub-family C member 8 isoform X8 [Trachypithecus francoisi],0.8752
ABCC8,Sapajus apella,XP_032096762.1,XP_032096762.1 ATP-binding cassette sub-family C member 8 isoform X12 [Sapajus apella],0.8472
ABCC8,Hylobates moloch,XP_058302423.1,XP_058302423.1 ATP-binding cassette sub-family C member 8 isoform X8 [Hylobates moloch],0.754
ABCC8,Theropithecus gelada,XP_086594795.1,XP_086594795.1 ATP-binding cassette sub-family C member 8 isoform X8 [Theropithecus gelada],0.9545
ABCC8,Piliocolobus tephrosceles,XP_023086651.1,XP_023086651.1 ATP-binding cassette sub-family C member 8 isoform X5 [Piliocolobus tephrosceles],0.9845
ABCC8,Rhinopithecus bieti,XP_017725473.1,XP_017725473.1 ATP-binding cassette sub-family C member 8 isoform X6 [Rhinopithecus bieti],0.9824
ABCC8,Cebus imitator,XP_037593452.1,XP_037593452.1 LOW QUALITY PROTEIN: ATP-binding cassette sub-family C member 8 [Cebus imitator],0.9788
ABCC8,Microcebus murinus,XP_075858245.1,XP_075858245.1 ATP-binding cassette sub-family C member 8 isoform X5 [Microcebus murinus],0.915
ABCC8,Propithecus coquereli,XP_012509625.1,XP_012509625.1 PREDICTED: ATP-binding cassette sub-family C member 8 [Propithecus coquereli],0.9553
ABCC8,Aotus nancymaae,XP_021530848.2,XP_021530848.2 LOW QUALITY PROTEIN: ATP-binding cassette sub-family C member 8 [Aotus nancymaae],0.9808
ABCC8,Cercocebus atys,XP_011944056.1,XP_011944056.1 PREDICTED: ATP-binding cassette sub-family C member 8 isoform X8 [Cercocebus atys],0.7917
ABCC8,Mandrillus leucophaeus,XP_011848336.1,XP_011848336.1 PREDICTED: ATP-binding cassette sub-family C member 8 isoform X3 [Mandrillus leucophaeus],0.9843
ABCC8,Colobus angolensis palliatus,XP_011792913.1,"XP_011792913.1 PREDICTED: ATP-binding cassette sub-family C member 8, partial [Colobus angolensis palliatus]",0.9771
ABCC8,Macaca nemestrina,XP_070931123.1,XP_070931123.1 ATP-binding cassette sub-family C member 8 isoform X8 [Macaca nemestrina],0.9465
ABCC8,Rhinopithecus roxellana,XP_030773678.1,XP_030773678.1 ATP-binding cassette sub-family C member 8 isoform X7 [Rhinopithecus roxellana],0.986
ABCC8,Carlito syrichta,XP_021575159.1,XP_021575159.1 ATP-binding cassette sub-family C member 8 isoform X1 [Carlito syrichta],0.9611
ABCC8,Chlorocebus sabaeus,XP_072874066.1,XP_072874066.1 ATP-binding cassette sub-family C member 8 isoform X13 [Chlorocebus sabaeus],0.7615
ABCC8,Macaca fascicularis,XP_073870233.1,XP_073870233.1 ATP-binding cassette sub-family C member 8 isoform X16 [Macaca fascicularis],0.677
ABCC8,Gorilla gorilla gorilla,XP_055211941.2,XP_055211941.2 ATP-binding cassette sub-family C member 8 isoform X12 [Gorilla gorilla gorilla],0.9103
ABCC8,Saimiri boliviensis,XP_039326302.2,XP_039326302.2 LOW QUALITY PROTEIN: ATP-binding cassette sub-family C member 8 [Saimiri boliviensis],0.9627
ABCC8,Papio anubis,XP_021781684.1,XP_021781684.1 ATP-binding cassette sub-family C member 8 isoform X7 [Papio anubis],0.9839
ABCC8,Otolemur garnettii,XP_023374018.1,XP_023374018.1 ATP-binding cassette sub-family C member 8 isoform X5 [Otolemur garnettii],0.9603
ABCC8,Nomascus leucogenys,XP_030684720.1,XP_030684720.1 ATP-binding cassette sub-family C member 8 isoform X11 [Nomascus leucogenys],0.9831
ABCC8,Pongo abelii,XP_054381848.1,XP_054381848.1 ATP-binding cassette sub-family C member 8 isoform X11 [Pongo abelii],0.9921
ABCC9,Homo sapiens,XP_005253347.1,XP_005253347.1 ATP-binding cassette sub-family C member 9 isoform X3 [Homo sapiens],0.9615
ABCC9,Macaca mulatta,XP_077809824.1,XP_077809824.1 ATP-binding cassette sub-family C member 9 isoform X4 [Macaca mulatta],0.9854
ABCC9,Pan troglodytes,XP_063641946.1,XP_063641946.1 ATP-binding cassette sub-family C member 9 isoform X3 [Pan troglodytes],0.9883
ABCC9,Callithrix jacchus,XP_078192200.1,XP_078192200.1 ATP-binding cassette sub-family C member 9 isoform X4 [Callithrix jacchus],0.9806
ABCC9,Macaca fascicularis,XP_073862473.1,XP_073862473.1 ATP-binding cassette sub-family C member 9 isoform X6 [Macaca fascicularis],0.9565
ABCC9,Eulemur rufifrons,XP_069347381.1,XP_069347381.1 ATP-binding cassette sub-family C member 9 [Eulemur rufifrons],0.9761
ABCC9,Symphalangus syndactylus,XP_063495688.1,XP_063495688.1 ATP-binding cassette sub-family C member 9 [Symphalangus syndactylus],0.9967
ABCC9,Pongo pygmaeus,XP_063528556.1,XP_063528556.1 ATP-binding cassette sub-family C member 9 isoform X2 [Pongo pygmaeus],0.97
ABCC9,Nycticebus coucang,XP_053412259.1,XP_053412259.1 ATP-binding cassette sub-family C member 9 isoform X4 [Nycticebus coucang],0.9434
ABCC9,Lemur catta,XP_045410173.1,XP_045410173.1 ATP-binding cassette sub-family C member 9 isoform X2 [Lemur catta],0.9769
ABCC9,Trachypithecus francoisi,XP_033078586.1,XP_033078586.1 LOW QUALITY PROTEIN: ATP-binding cassette sub-family C member 9 [Trachypithecus francoisi],0.9956
ABCC9,Sapajus apella,XP_032143505.1,XP_032143505.1 ATP-binding cassette sub-family C member 9 isoform X4 [Sapajus apella],0.9648
ABCC9,Hylobates moloch,XP_058299094.1,XP_058299094.1 ATP-binding cassette sub-family C member 9 [Hylobates moloch],0.9984
ABCC9,Theropithecus gelada,XP_025257906.1,XP_025257906.1 ATP-binding cassette sub-family C member 9 [Theropithecus gelada],0.997
ABCC9,Piliocolobus tephrosceles,XP_023064699.1,XP_023064699.1 ATP-binding cassette sub-family C member 9 [Piliocolobus tephrosceles],0.9962
ABCC9,Rhinopithecus bieti,XP_017744087.1,XP_017744087.1 LOW QUALITY PROTEIN: ATP-binding cassette sub-family C member 9 [Rhinopithecus bieti],0.8597
ABCC9,Cebus imitator,XP_037592420.1,XP_037592420.1 ATP-binding cassette sub-family C member 9 isoform X4 [Cebus imitator],0.8799
ABCC9,Microcebus murinus,XP_075863722.1,XP_075863722.1 ATP-binding cassette sub-family C member 9 isoform X5 [Microcebus murinus],0.9515
ABCC9,Propithecus coquereli,XP_012496432.1,XP_012496432.1 PREDICTED: ATP-binding cassette sub-family C member 9 [Propithecus coquereli],0.5461
ABCC9,Aotus nancymaae,XP_064233401.1,XP_064233401.1 ATP-binding cassette sub-family C member 9 isoform X5 [Aotus nancymaae],0.9501
ABCC9,Cercocebus atys,XP_011913736.1,XP_011913736.1 PREDICTED: ATP-binding cassette sub-family C member 9 isoform X4 [Cercocebus atys],0.9392
ABCC9,Colobus angolensis palliatus,XP_011811119.1,XP_011811119.1 PREDICTED: ATP-binding cassette sub-family C member 9 [Colobus angolensis palliatus],0.9625
ABCC9,Rhinopithecus roxellana,XP_010359504.1,XP_010359504.1 ATP-binding cassette sub-family C member 9 isoform X4 [Rhinopithecus roxellana],0.9703
ABCC9,Carlito syrichta,XP_021572094.1,XP_021572094.1 ATP-binding cassette sub-family C member 9 [Carlito syrichta],0.982
ABCC9,Chlorocebus sabaeus,XP_007966069.2,XP_007966069.2 ATP-binding cassette sub-family C member 9 [Chlorocebus sabaeus],0.9959
ABCC9,Saimiri boliviensis,XP_074258982.1,XP_074258982.1 ATP-binding cassette sub-family C member 9 isoform X4 [Saimiri boliviensis],0.9649
ABCC9,Papio anubis,XP_009178619.1,XP_009178619.1 ATP-binding cassette sub-family C member 9 isoform X1 [Papio anubis],0.9955
ABCC9,Otolemur garnettii,XP_023370472.1,XP_023370472.1 ATP-binding cassette sub-family C member 9 [Otolemur garnettii],0.9136
ABCC9,Pongo abelii,XP_024112980.1,XP_024112980.1 ATP-binding cassette sub-family C member 9 [Pongo abelii],0.9987
ABCD1,Homo sapiens,XP_054169575.1,XP_054169575.1 C-C motif chemokine 22 isoform X2 [Homo sapiens],-0.16
ABCD1,Macaca mulatta,XP_077844975.1,XP_077844975.1 ATP-binding cassette sub-family D member 1 isoform X1 [Macaca mulatta],0.9525
ABCD1,Pan troglodytes,XP_016800023.1,XP_016800023.1 ATP-binding cassette sub-family D member 1 [Pan troglodytes],0.9976
ABCD1,Macaca fascicularis,XP_073885705.1,XP_073885705.1 ATP-binding cassette sub-family D member 1 isoform X5 [Macaca fascicularis],0.5793
ABCD1,Callithrix jacchus,XP_035143923.1,XP_035143923.1 ATP-binding cassette sub-family D member 1 [Callithrix jacchus],0.9418
ABCD1,Eulemur rufifrons,XP_069320679.1,XP_069320679.1 ATP-binding cassette sub-family D member 1 isoform X3 [Eulemur rufifrons],0.9158
ABCD1,Symphalangus syndactylus,XP_055123103.1,XP_055123103.1 ATP-binding cassette sub-family D member 1 isoform X3 [Symphalangus syndactylus],0.4684
ABCD1,Pongo pygmaeus,XP_063516340.1,XP_063516340.1 ATP-binding cassette sub-family D member 1 isoform X1 [Pongo pygmaeus],0.9837
ABCD1,Nycticebus coucang,XP_053434866.1,XP_053434866.1 ATP-binding cassette sub-family D member 1 isoform X2 [Nycticebus coucang],0.9027
ABCD1,Lemur catta,XP_045394136.1,XP_045394136.1 ATP-binding cassette sub-family D member 1 isoform X2 [Lemur catta],0.9177
ABCD1,Trachypithecus francoisi,XP_033057557.1,XP_033057557.1 LOW QUALITY PROTEIN: ATP-binding cassette sub-family D member 1 [Trachypithecus francoisi],0.9321
ABCD1,Hylobates moloch,XP_058297732.1,XP_058297732.1 ATP-binding cassette sub-family D member 1 isoform X2 [Hylobates moloch],0.4694
ABCD1,Sapajus apella,XP_032121107.1,XP_032121107.1 ATP-binding cassette sub-family D member 1 [Sapajus apella],0.9557
ABCD1,Rhinopithecus bieti,XP_017736272.1,XP_017736272.1 ATP-binding cassette sub-family D member 1 isoform X2 [Rhinopithecus bieti],0.9544
ABCD1,Cebus imitator,XP_017372177.1,XP_017372177.1 ATP-binding cassette sub-family D member 1 [Cebus imitator],0.9588
ABCD1,Microcebus murinus,XP_075855825.1,XP_075855825.1 ATP-binding cassette sub-family D member 1 isoform X2 [Microcebus murinus],0.8429
ABCD1,Propithecus coquereli,XP_012517443.1,XP_012517443.1 PREDICTED: ATP-binding cassette sub-family D member 1 isoform X2 [Propithecus coquereli],0.9195
ABCD1,Aotus nancymaae,XP_012293282.1,XP_012293282.1 ATP-binding cassette sub-family D member 1 [Aotus nancymaae],0.9583
ABCD1,Cercocebus atys,XP_011943801.1,XP_011943801.1 PREDICTED: ATP-binding cassette sub-family D member 1 [Cercocebus atys],0.845
ABCD1,Mandrillus leucophaeus,XP_011857641.1,XP_011857641.1 PREDICTED: ATP-binding cassette sub-family D member 1 isoform X2 [Mandrillus leucophaeus],0.9607
ABCD1,Colobus angolensis palliatus,XP_011811253.1,XP_011811253.1 PREDICTED: ATP-binding cassette sub-family D member 1 isoform X2 [Colobus angolensis palliatus],0.963
ABCD1,Carlito syrichta,XP_008047830.1,XP_008047830.1 ATP-binding cassette sub-family D member 1 [Carlito syrichta],0.9315
ABCD1,Chlorocebus sabaeus,XP_072869439.1,XP_072869439.1 ATP-binding cassette sub-family D member 1 isoform X3 [Chlorocebus sabaeus],0.946
ABCD1,Gorilla gorilla gorilla,XP_004065132.2,XP_004065132.2 ATP-binding cassette sub-family D member 1 [Gorilla gorilla gorilla],0.9997
ABCD1,Saimiri boliviensis,XP_003943925.1,XP_003943925.1 ATP-binding cassette sub-family D member 1 [Saimiri boliviensis],0.9633
ABCD1,Papio anubis,XP_003918511.1,XP_003918511.1 ATP-binding cassette sub-family D member 1 [Papio anubis],0.9843
ABCD1,Pan paniscus,XP_003804888.1,XP_003804888.1 ATP-binding cassette sub-family D member 1 [Pan paniscus],0.9987
ABCD1,Otolemur garnettii,XP_012668658.1,XP_012668658.1 ATP-binding cassette sub-family D member 1 isoform X2 [Otolemur garnettii],0.9095
ABCD1,Nomascus leucogenys,XP_030662307.1,XP_030662307.1 ATP-binding cassette sub-family D member 1 [Nomascus leucogenys],0.9864
ABCD1,Pongo abelii,XP_063577189.1,XP_063577189.1 ATP-binding cassette sub-family D member 1 isoform X2 [Pongo abelii],0.4736
ACAD9,Homo sapiens,XP_054202337.1,"XP_054202337.1 complex I assembly factor ACAD9, mitochondrial isoform X1 [Homo sapiens]",0.7574
ACAD9,Macaca mulatta,XP_077849770.1,"XP_077849770.1 complex I assembly factor ACAD9, mitochondrial isoform X3 [Macaca mulatta]",0.8287
ACAD9,Macaca fascicularis,XP_015286838.2,"XP_015286838.2 complex I assembly factor ACAD9, mitochondrial isoform X1 [Macaca fascicularis]",0.7374
ACAD9,Callithrix jacchus,XP_078207920.1,"XP_078207920.1 complex I assembly factor ACAD9, mitochondrial isoform X6 [Callithrix jacchus]",0.6939
ACAD9,Eulemur rufifrons,XP_069340080.1,"XP_069340080.1 complex I assembly factor ACAD9, mitochondrial isoform X2 [Eulemur rufifrons]",0.7206
ACAD9,Symphalangus syndactylus,XP_055115046.1,"XP_055115046.1 complex I assembly factor ACAD9, mitochondrial isoform X2 [Symphalangus syndactylus]",0.7425
ACAD9,Pongo pygmaeus,XP_063518684.1,"XP_063518684.1 complex I assembly factor ACAD9, mitochondrial isoform X4 [Pongo pygmaeus]",0.6632
ACAD9,Nycticebus coucang,XP_053454855.1,"XP_053454855.1 complex I assembly factor ACAD9, mitochondrial [Nycticebus coucang]",0.8934
ACAD9,Macaca thibetana thibetana,XP_050637638.1,"XP_050637638.1 complex I assembly factor ACAD9, mitochondrial isoform X2 [Macaca thibetana thibetana]",0.7349
ACAD9,Lemur catta,XP_045407468.1,"XP_045407468.1 complex I assembly factor ACAD9, mitochondrial isoform X2 [Lemur catta]",0.7885
ACAD9,Trachypithecus francoisi,XP_033066762.1,"XP_033066762.1 complex I assembly factor ACAD9, mitochondrial isoform X2 [Trachypithecus francoisi]",0.862
ACAD9,Sapajus apella,XP_032123889.1,"XP_032123889.1 complex I assembly factor ACAD9, mitochondrial isoform X3 [Sapajus apella]",0.6746
ACAD9,Hylobates moloch,XP_032005751.1,"XP_032005751.1 complex I assembly factor ACAD9, mitochondrial isoform X3 [Hylobates moloch]",0.7444
ACAD9,Theropithecus gelada,XP_025230771.1,"XP_025230771.1 complex I assembly factor ACAD9, mitochondrial [Theropithecus gelada]",0.9683
ACAD9,Piliocolobus tephrosceles,XP_026312157.1,"XP_026312157.1 LOW QUALITY PROTEIN: complex I assembly factor ACAD9, mitochondrial [Piliocolobus tephrosceles]",0.5293
ACAD9,Rhinopithecus bieti,XP_017740515.1,"XP_017740515.1 complex I assembly factor ACAD9, mitochondrial [Rhinopithecus bieti]",0.9705
ACAD9,Microcebus murinus,XP_075852465.1,"XP_075852465.1 complex I assembly factor ACAD9, mitochondrial isoform X3 [Microcebus murinus]",0.7117
ACAD9,Propithecus coquereli,XP_012510613.1,"XP_012510613.1 PREDICTED: acyl-CoA dehydrogenase family member 9, mitochondrial [Propithecus coquereli]",0.9001
ACAD9,Aotus nancymaae,XP_012290435.2,"XP_012290435.2 complex I assembly factor ACAD9, mitochondrial [Aotus nancymaae]",0.9102
ACAD9,Cercocebus atys,XP_011915821.1,"XP_011915821.1 PREDICTED: LOW QUALITY PROTEIN: acyl-CoA dehydrogenase family member 9, mitochondrial [Cercocebus atys]",0.9169
ACAD9,Mandrillus leucophaeus,XP_011857612.1,"XP_011857612.1 PREDICTED: acyl-CoA dehydrogenase family member 9, mitochondrial isoform X3 [Mandrillus leucophaeus]",0.7333
ACAD9,Colobus angolensis palliatus,XP_011806101.1,"XP_011806101.1 PREDICTED: acyl-CoA dehydrogenase family member 9, mitochondrial isoform X3 [Colobus angolensis palliatus]",0.739
ACAD9,Macaca nemestrina,XP_011732869.1,"XP_011732869.1 complex I assembly factor ACAD9, mitochondrial isoform X2 [Macaca nemestrina]",0.9696
ACAD9,Rhinopithecus roxellana,XP_010352967.1,"XP_010352967.1 acyl-CoA dehydrogenase family member 9, mitochondrial [Rhinopithecus roxellana]",0.9718
ACAD9,Carlito syrichta,XP_008064677.1,"XP_008064677.1 acyl-CoA dehydrogenase family member 9, mitochondrial [Carlito syrichta]",0.8969
ACAD9,Chlorocebus sabaeus,XP_037859406.1,"XP_037859406.1 complex I assembly factor ACAD9, mitochondrial isoform X1 [Chlorocebus sabaeus]",0.9692
ACAD9,Gorilla gorilla gorilla,XP_055237488.2,"XP_055237488.2 complex I assembly factor ACAD9, mitochondrial isoform X3 [Gorilla gorilla gorilla]",0.7533
ACAD9,Saimiri boliviensis,XP_074260264.1,"XP_074260264.1 complex I assembly factor ACAD9, mitochondrial isoform X2 [Saimiri boliviensis]",0.679
ACAD9,Papio anubis,XP_017801569.1,"XP_017801569.1 complex I assembly factor ACAD9, mitochondrial isoform X2 [Papio anubis]",0.7358
ACAD9,Pan paniscus,XP_063458636.1,"XP_063458636.1 complex I assembly factor ACAD9, mitochondrial isoform X3 [Pan paniscus]",0.7961
ACAD9,Otolemur garnettii,XP_003796310.3,"XP_003796310.3 acyl-CoA dehydrogenase family member 9, mitochondrial [Otolemur garnettii]",0.8995
ACAD9,Nomascus leucogenys,XP_030657377.1,"XP_030657377.1 acyl-CoA dehydrogenase family member 9, mitochondrial isoform X3 [Nomascus leucogenys]",0.7444
ACAD9,Pongo abelii,XP_063578520.1,"XP_063578520.1 complex I assembly factor ACAD9, mitochondrial isoform X6 [Pongo abelii]",0.8011
ACAD9,Cebus imitator,XP_037588532.1,"XP_037588532.1 complex I assembly factor ACAD9, mitochondrial isoform X2 [Cebus imitator]",0.3203
ACADM,Homo sapiens,NP_001272973.1,"NP_001272973.1 medium-chain specific acyl-CoA dehydrogenase, mitochondrial isoform e [Homo sapiens]",0.4506
ACADM,Pan troglodytes,XP_063652485.1,"XP_063652485.1 medium-chain specific acyl-CoA dehydrogenase, mitochondrial isoform X4 [Pan troglodytes]",0.6177
ACADM,Macaca mulatta,XP_077844452.1,"XP_077844452.1 medium-chain specific acyl-CoA dehydrogenase, mitochondrial isoform X2 [Macaca mulatta]",0.7296
ACADM,Macaca fascicularis,XP_073859686.1,"XP_073859686.1 medium-chain specific acyl-CoA dehydrogenase, mitochondrial isoform X4 [Macaca fascicularis]",0.6017
ACADM,Callithrix jacchus,XP_035107803.2,"XP_035107803.2 medium-chain specific acyl-CoA dehydrogenase, mitochondrial isoform X3 [Callithrix jacchus]",0.7192
ACADM,Eulemur rufifrons,XP_069334193.1,"XP_069334193.1 medium-chain specific acyl-CoA dehydrogenase, mitochondrial isoform X4 [Eulemur rufifrons]",0.4233
ACADM,Symphalangus syndactylus,XP_063480145.1,"XP_063480145.1 medium-chain specific acyl-CoA dehydrogenase, mitochondrial isoform X4 [Symphalangus syndactylus]",0.8716
ACADM,Pongo pygmaeus,XP_063510109.1,"XP_063510109.1 medium-chain specific acyl-CoA dehydrogenase, mitochondrial isoform X2 [Pongo pygmaeus]",0.9813
ACADM,Nycticebus coucang,XP_053447073.1,"XP_053447073.1 medium-chain specific acyl-CoA dehydrogenase, mitochondrial isoform X2 [Nycticebus coucang]",0.9203
ACADM,Macaca thibetana thibetana,XP_050661079.1,"XP_050661079.1 medium-chain specific acyl-CoA dehydrogenase, mitochondrial isoform X2 [Macaca thibetana thibetana]",0.9568
ACADM,Lemur catta,XP_045403683.1,"XP_045403683.1 medium-chain specific acyl-CoA dehydrogenase, mitochondrial isoform X2 [Lemur catta]",0.7861
ACADM,Trachypithecus francoisi,XP_033081219.1,"XP_033081219.1 medium-chain specific acyl-CoA dehydrogenase, mitochondrial isoform X3 [Trachypithecus francoisi]",0.8553
ACADM,Sapajus apella,XP_032152464.1,"XP_032152464.1 medium-chain specific acyl-CoA dehydrogenase, mitochondrial isoform X3 [Sapajus apella]",0.7205
ACADM,Hylobates moloch,XP_032011454.1,"XP_032011454.1 medium-chain specific acyl-CoA dehydrogenase, mitochondrial isoform X1 [Hylobates moloch]",0.9877
ACADM,Theropithecus gelada,XP_025240886.1,"XP_025240886.1 medium-chain specific acyl-CoA dehydrogenase, mitochondrial isoform X4 [Theropithecus gelada]",0.8594
ACADM,Piliocolobus tephrosceles,XP_023065109.1,"XP_023065109.1 medium-chain specific acyl-CoA dehydrogenase, mitochondrial isoform X5 [Piliocolobus tephrosceles]",0.7296
ACADM,Rhinopithecus bieti,XP_017707083.1,"XP_017707083.1 medium-chain specific acyl-CoA dehydrogenase, mitochondrial [Rhinopithecus bieti]",0.9627
ACADM,Cebus imitator,XP_037595556.1,"XP_037595556.1 medium-chain specific acyl-CoA dehydrogenase, mitochondrial isoform X5 [Cebus imitator]",0.7674
ACADM,Microcebus murinus,XP_075855523.1,"XP_075855523.1 medium-chain specific acyl-CoA dehydrogenase, mitochondrial isoform X1 [Microcebus murinus]",0.8425
ACADM,Propithecus coquereli,XP_012516579.1,"XP_012516579.1 PREDICTED: medium-chain specific acyl-CoA dehydrogenase, mitochondrial [Propithecus coquereli]",0.8525
ACADM,Aotus nancymaae,XP_064228588.1,"XP_064228588.1 medium-chain specific acyl-CoA dehydrogenase, mitochondrial [Aotus nancymaae]",0.9549
ACADM,Cercocebus atys,XP_011937599.1,"XP_011937599.1 PREDICTED: medium-chain specific acyl-CoA dehydrogenase, mitochondrial isoform X4 [Cercocebus atys]",0.7305
ACADM,Colobus angolensis palliatus,XP_011792330.1,"XP_011792330.1 PREDICTED: medium-chain specific acyl-CoA dehydrogenase, mitochondrial isoform X5 [Colobus angolensis palliatus]",0.4411
ACADM,Macaca nemestrina,XP_011741173.2,"XP_011741173.2 medium-chain specific acyl-CoA dehydrogenase, mitochondrial [Macaca nemestrina]",0.9809
ACADM,Rhinopithecus roxellana,XP_030798057.1,"XP_030798057.1 medium-chain specific acyl-CoA dehydrogenase, mitochondrial isoform X3 [Rhinopithecus roxellana]",0.8539
ACADM,Carlito syrichta,XP_008053273.1,"XP_008053273.1 medium-chain specific acyl-CoA dehydrogenase, mitochondrial [Carlito syrichta]",0.7096
ACADM,Chlorocebus sabaeus,XP_037857788.1,"XP_037857788.1 medium-chain specific acyl-CoA dehydrogenase, mitochondrial isoform X1 [Chlorocebus sabaeus]",0.9472
ACADM,Gorilla gorilla gorilla,XP_063553713.1,"XP_063553713.1 medium-chain specific acyl-CoA dehydrogenase, mitochondrial isoform X3 [Gorilla gorilla gorilla]",0.4502
ACADM,Saimiri boliviensis,XP_039329541.1,"XP_039329541.1 medium-chain specific acyl-CoA dehydrogenase, mitochondrial [Saimiri boliviensis]",0.9558
ACADM,Papio anubis,XP_021798824.1,"XP_021798824.1 medium-chain specific acyl-CoA dehydrogenase, mitochondrial isoform X2 [Papio anubis]",0.7629
ACADM,Pan paniscus,XP_063456436.1,"XP_063456436.1 medium-chain specific acyl-CoA dehydrogenase, mitochondrial isoform X3 [Pan paniscus]",0.7474
ACADM,Otolemur garnettii,XP_012657175.1,"XP_012657175.1 medium-chain specific acyl-CoA dehydrogenase, mitochondrial [Otolemur garnettii]",0.9263
ACADM,Pongo abelii,XP_054388966.1,"XP_054388966.1 medium-chain specific acyl-CoA dehydrogenase, mitochondrial isoform X2 [Pongo abelii]",0.9827
ACADM,Mandrillus leucophaeus,XP_011833234.1,"XP_011833234.1 PREDICTED: medium-chain specific acyl-CoA dehydrogenase, mitochondrial [Mandrillus leucophaeus]",0.4356
ACADS,Homo sapiens,NP_001289483.1,"NP_001289483.1 short-chain specific acyl-CoA dehydrogenase, mitochondrial isoform 2 precursor [Homo sapiens]",0.8605
ACADS,Macaca mulatta,XP_028684663.1,"XP_028684663.1 short-chain specific acyl-CoA dehydrogenase, mitochondrial isoform X2 [Macaca mulatta]",0.7754
ACADS,Pan troglodytes,XP_001162935.1,"XP_001162935.1 short-chain specific acyl-CoA dehydrogenase, mitochondrial [Pan troglodytes]",0.9957
ACADS,Callithrix jacchus,XP_078193565.1,"XP_078193565.1 short-chain specific acyl-CoA dehydrogenase, mitochondrial isoform X5 [Callithrix jacchus]",0.7592
ACADS,Eulemur rufifrons,XP_069353158.1,"XP_069353158.1 short-chain specific acyl-CoA dehydrogenase, mitochondrial isoform X4 [Eulemur rufifrons]",0.7683
ACADS,Symphalangus syndactylus,XP_063470774.1,"XP_063470774.1 short-chain specific acyl-CoA dehydrogenase, mitochondrial isoform X8 [Symphalangus syndactylus]",0.8266
ACADS,Pongo pygmaeus,XP_054298399.1,"XP_054298399.1 short-chain specific acyl-CoA dehydrogenase, mitochondrial isoform X2 [Pongo pygmaeus]",0.9503
ACADS,Nycticebus coucang,XP_053444237.1,"XP_053444237.1 short-chain specific acyl-CoA dehydrogenase, mitochondrial [Nycticebus coucang]",0.925
ACADS,Macaca thibetana thibetana,XP_050604025.1,"XP_050604025.1 short-chain specific acyl-CoA dehydrogenase, mitochondrial isoform X3 [Macaca thibetana thibetana]",0.8433
ACADS,Lemur catta,XP_045390618.1,"XP_045390618.1 short-chain specific acyl-CoA dehydrogenase, mitochondrial [Lemur catta]",0.9293
ACADS,Trachypithecus francoisi,XP_033076253.1,"XP_033076253.1 short-chain specific acyl-CoA dehydrogenase, mitochondrial isoform X3 [Trachypithecus francoisi]",0.8481
ACADS,Sapajus apella,XP_032097851.1,"XP_032097851.1 short-chain specific acyl-CoA dehydrogenase, mitochondrial isoform X2 [Sapajus apella]",0.7582
ACADS,Hylobates moloch,XP_032024398.1,"XP_032024398.1 short-chain specific acyl-CoA dehydrogenase, mitochondrial isoform X2 [Hylobates moloch]",0.9771
ACADS,Theropithecus gelada,XP_025259440.2,"XP_025259440.2 short-chain specific acyl-CoA dehydrogenase, mitochondrial isoform X2 [Theropithecus gelada]",0.8409
ACADS,Piliocolobus tephrosceles,XP_023060631.1,"XP_023060631.1 short-chain specific acyl-CoA dehydrogenase, mitochondrial isoform X2 [Piliocolobus tephrosceles]",0.8495
ACADS,Rhinopithecus bieti,XP_017727595.1,"XP_017727595.1 short-chain specific acyl-CoA dehydrogenase, mitochondrial isoform X2 [Rhinopithecus bieti]",0.9938
ACADS,Cebus imitator,XP_017365743.1,"XP_017365743.1 short-chain specific acyl-CoA dehydrogenase, mitochondrial [Cebus imitator]",0.9613
ACADS,Microcebus murinus,XP_012612132.1,"XP_012612132.1 short-chain specific acyl-CoA dehydrogenase, mitochondrial [Microcebus murinus]",0.9331
ACADS,Propithecus coquereli,XP_012505683.1,"XP_012505683.1 PREDICTED: short-chain specific acyl-CoA dehydrogenase, mitochondrial [Propithecus coquereli]",0.9403
ACADS,Aotus nancymaae,XP_012324370.1,"XP_012324370.1 short-chain specific acyl-CoA dehydrogenase, mitochondrial [Aotus nancymaae]",0.9603
ACADS,Cercocebus atys,XP_011926538.1,"XP_011926538.1 PREDICTED: short-chain specific acyl-CoA dehydrogenase, mitochondrial isoform X2 [Cercocebus atys]",0.8399
ACADS,Mandrillus leucophaeus,XP_011819854.1,"XP_011819854.1 PREDICTED: short-chain specific acyl-CoA dehydrogenase, mitochondrial isoform X2 [Mandrillus leucophaeus]",0.8376
ACADS,Colobus angolensis palliatus,XP_011803931.1,"XP_011803931.1 PREDICTED: short-chain specific acyl-CoA dehydrogenase, mitochondrial isoform X2 [Colobus angolensis palliatus]",0.8457
ACADS,Macaca nemestrina,XP_070927060.1,"XP_070927060.1 short-chain specific acyl-CoA dehydrogenase, mitochondrial isoform X2 [Macaca nemestrina]",0.9551
ACADS,Rhinopithecus roxellana,XP_030795595.1,"XP_030795595.1 short-chain specific acyl-CoA dehydrogenase, mitochondrial isoform X2 [Rhinopithecus roxellana]",0.85
ACADS,Carlito syrichta,XP_021562380.1,"XP_021562380.1 short-chain specific acyl-CoA dehydrogenase, mitochondrial [Carlito syrichta]",0.8853
ACADS,Chlorocebus sabaeus,XP_072877247.1,"XP_072877247.1 short-chain specific acyl-CoA dehydrogenase, mitochondrial isoform X2 [Chlorocebus sabaeus]",0.8505
ACADS,Gorilla gorilla gorilla,XP_004054069.1,"XP_004054069.1 short-chain specific acyl-CoA dehydrogenase, mitochondrial isoform X2 [Gorilla gorilla gorilla]",0.8533
ACADS,Saimiri boliviensis,XP_003932225.1,"XP_003932225.1 short-chain specific acyl-CoA dehydrogenase, mitochondrial [Saimiri boliviensis]",0.9613
ACADS,Papio anubis,XP_017801737.2,"XP_017801737.2 short-chain specific acyl-CoA dehydrogenase, mitochondrial isoform X3 [Papio anubis]",0.8428
ACADS,Pan paniscus,XP_003832426.2,"XP_003832426.2 short-chain specific acyl-CoA dehydrogenase, mitochondrial [Pan paniscus]",0.9938
ACADS,Otolemur garnettii,XP_003789953.1,"XP_003789953.1 short-chain specific acyl-CoA dehydrogenase, mitochondrial [Otolemur garnettii]",0.9317
ACADS,Nomascus leucogenys,XP_030677368.1,"XP_030677368.1 short-chain specific acyl-CoA dehydrogenase, mitochondrial isoform X2 [Nomascus leucogenys]",0.9732
ACADS,Pongo abelii,XP_054382325.1,"XP_054382325.1 short-chain specific acyl-CoA dehydrogenase, mitochondrial isoform X1 [Pongo abelii]",0.8457
ACADVL,Homo sapiens,XP_047291888.1,"XP_047291888.1 very long-chain specific acyl-CoA dehydrogenase, mitochondrial isoform X5 [Homo sapiens]",0.6918
ACADVL,Pan troglodytes,XP_016786903.1,"XP_016786903.1 very long-chain acyl-CoA dehydrogenase, mitochondrial isoform X2 [Pan troglodytes]",0.9477
ACADVL,Macaca fascicularis,XP_045231402.2,"XP_045231402.2 very long-chain specific acyl-CoA dehydrogenase, mitochondrial isoform X2 [Macaca fascicularis]",0.8783
ACADVL,Callithrix jacchus,XP_035155683.2,"XP_035155683.2 very long-chain specific acyl-CoA dehydrogenase, mitochondrial isoform X2 [Callithrix jacchus]",0.7885
ACADVL,Eulemur rufifrons,XP_069338075.1,"XP_069338075.1 very long-chain specific acyl-CoA dehydrogenase, mitochondrial isoform X4 [Eulemur rufifrons]",0.8714
ACADVL,Symphalangus syndactylus,XP_055114572.1,"XP_055114572.1 very long-chain acyl-CoA dehydrogenase, mitochondrial isoform X4 [Symphalangus syndactylus]",0.9276
ACADVL,Pongo pygmaeus,XP_063513010.1,"XP_063513010.1 very long-chain acyl-CoA dehydrogenase, mitochondrial isoform X3 [Pongo pygmaeus]",0.6831
ACADVL,Nycticebus coucang,XP_053423543.1,"XP_053423543.1 very long-chain specific acyl-CoA dehydrogenase, mitochondrial [Nycticebus coucang]",0.8871
ACADVL,Macaca thibetana thibetana,XP_050621267.1,"XP_050621267.1 very long-chain specific acyl-CoA dehydrogenase, mitochondrial [Macaca thibetana thibetana]",0.9591
ACADVL,Lemur catta,XP_045426012.1,"XP_045426012.1 very long-chain specific acyl-CoA dehydrogenase, mitochondrial isoform X5 [Lemur catta]",0.7834
ACADVL,Trachypithecus francoisi,XP_033040701.1,"XP_033040701.1 LOW QUALITY PROTEIN: very long-chain specific acyl-CoA dehydrogenase, mitochondrial [Trachypithecus francoisi]",0.9549
ACADVL,Sapajus apella,XP_032136425.1,"XP_032136425.1 very long-chain specific acyl-CoA dehydrogenase, mitochondrial isoform X3 [Sapajus apella]",0.7867
ACADVL,Hylobates moloch,XP_058287023.1,"XP_058287023.1 very long-chain specific acyl-CoA dehydrogenase, mitochondrial isoform X4 [Hylobates moloch]",0.9297
ACADVL,Theropithecus gelada,XP_086582004.1,"XP_086582004.1 very long-chain acyl-CoA dehydrogenase, mitochondrial isoform X1 [Theropithecus gelada]",0.9219
ACADVL,Piliocolobus tephrosceles,XP_026312105.1,"XP_026312105.1 very long-chain acyl-CoA dehydrogenase, mitochondrial isoform X1 [Piliocolobus tephrosceles]",0.9414
ACADVL,Rhinopithecus bieti,XP_017705894.1,"XP_017705894.1 very long-chain acyl-CoA dehydrogenase, mitochondrial [Rhinopithecus bieti]",0.9525
ACADVL,Cebus imitator,XP_017387180.1,"XP_017387180.1 very long-chain specific acyl-CoA dehydrogenase, mitochondrial isoform X3 [Cebus imitator]",0.7846
ACADVL,Microcebus murinus,XP_075850227.1,"XP_075850227.1 very long-chain specific acyl-CoA dehydrogenase, mitochondrial isoform X2 [Microcebus murinus]",0.8354
ACADVL,Propithecus coquereli,XP_012511118.1,"XP_012511118.1 PREDICTED: very long-chain specific acyl-CoA dehydrogenase, mitochondrial isoform X4 [Propithecus coquereli]",0.8946
ACADVL,Aotus nancymaae,XP_012312866.1,"XP_012312866.1 very long-chain specific acyl-CoA dehydrogenase, mitochondrial [Aotus nancymaae]",0.9492
ACADVL,Cercocebus atys,XP_011909038.1,"XP_011909038.1 PREDICTED: very long-chain specific acyl-CoA dehydrogenase, mitochondrial isoform X2 [Cercocebus atys]",0.9027
ACADVL,Mandrillus leucophaeus,XP_011850019.1,"XP_011850019.1 PREDICTED: very long-chain specific acyl-CoA dehydrogenase, mitochondrial isoform X2 [Mandrillus leucophaeus]",0.9225
ACADVL,Colobus angolensis palliatus,XP_011813868.1,"XP_011813868.1 PREDICTED: very long-chain specific acyl-CoA dehydrogenase, mitochondrial isoform X2 [Colobus angolensis palliatus]",0.9234
ACADVL,Macaca nemestrina,XP_011725107.2,"XP_011725107.2 very long-chain acyl-CoA dehydrogenase, mitochondrial [Macaca nemestrina]",0.96
ACADVL,Rhinopithecus roxellana,XP_010375640.1,"XP_010375640.1 very long-chain specific acyl-CoA dehydrogenase, mitochondrial [Rhinopithecus roxellana]",0.9531
ACADVL,Carlito syrichta,XP_021569545.1,"XP_021569545.1 very long-chain specific acyl-CoA dehydrogenase, mitochondrial isoform X3 [Carlito syrichta]",0.9072
ACADVL,Chlorocebus sabaeus,XP_008008286.2,"XP_008008286.2 very long-chain specific acyl-CoA dehydrogenase, mitochondrial [Chlorocebus sabaeus]",0.9616
ACADVL,Gorilla gorilla gorilla,XP_055223311.2,"XP_055223311.2 very long-chain specific acyl-CoA dehydrogenase, mitochondrial isoform X2 [Gorilla gorilla gorilla]",0.9522
ACADVL,Saimiri boliviensis,XP_074244229.1,"XP_074244229.1 very long-chain specific acyl-CoA dehydrogenase, mitochondrial isoform X2 [Saimiri boliviensis]",0.8279
ACADVL,Papio anubis,XP_003912269.1,"XP_003912269.1 very long-chain specific acyl-CoA dehydrogenase, mitochondrial [Papio anubis]",0.9606
ACADVL,Pan paniscus,XP_034797298.1,"XP_034797298.1 very long-chain acyl-CoA dehydrogenase, mitochondrial isoform X6 [Pan paniscus]",0.6807
ACADVL,Otolemur garnettii,XP_023369739.1,"XP_023369739.1 very long-chain specific acyl-CoA dehydrogenase, mitochondrial isoform X2 [Otolemur garnettii]",0.7966
ACADVL,Nomascus leucogenys,XP_030655792.1,"XP_030655792.1 very long-chain specific acyl-CoA dehydrogenase, mitochondrial isoform X2 [Nomascus leucogenys]",0.9528
ACADVL,Pongo abelii,XP_024090155.1,"XP_024090155.1 very long-chain acyl-CoA dehydrogenase, mitochondrial isoform X2 [Pongo abelii]",0.9465
ACADVL,Macaca mulatta,XP_077826262.1,"XP_077826262.1 very long-chain specific acyl-CoA dehydrogenase, mitochondrial isoform X4 [Macaca mulatta]",0.8771
ACAN,Homo sapiens,XP_047288172.1,XP_047288172.1 aggrecan core protein isoform X3 [Homo sapiens],0.9483
ACAN,Macaca mulatta,XP_077796369.1,XP_077796369.1 aggrecan core protein [Macaca mulatta],0.8194
ACAN,Pan troglodytes,XP_054523120.1,XP_054523120.1 aggrecan core protein isoform X4 [Pan troglodytes],0.9273
ACAN,Callithrix jacchus,XP_035159643.3,XP_035159643.3 aggrecan core protein isoform X4 [Callithrix jacchus],0.7346
ACAN,Eulemur rufifrons,XP_069321832.1,XP_069321832.1 aggrecan core protein [Eulemur rufifrons],0.669
ACAN,Symphalangus syndactylus,XP_063494640.1,XP_063494640.1 aggrecan core protein isoform X2 [Symphalangus syndactylus],0.7778
ACAN,Pongo pygmaeus,XP_054307261.1,XP_054307261.1 aggrecan core protein isoform X5 [Pongo pygmaeus],0.8062
ACAN,Theropithecus gelada,XP_086587094.1,XP_086587094.1 aggrecan core protein isoform X3 [Theropithecus gelada],0.7967
ACAN,Piliocolobus tephrosceles,XP_031791662.1,XP_031791662.1 aggrecan core protein isoform X1 [Piliocolobus tephrosceles],0.7913
ACAN,Rhinopithecus bieti,XP_017737537.1,XP_017737537.1 aggrecan core protein isoform X4 [Rhinopithecus bieti],0.7097
ACAN,Microcebus murinus,XP_075860775.1,XP_075860775.1 aggrecan core protein [Microcebus murinus],0.6583
ACAN,Aotus nancymaae,XP_064232306.1,XP_064232306.1 aggrecan core protein isoform X2 [Aotus nancymaae],0.7516
ACAN,Macaca nemestrina,XP_070956818.1,XP_070956818.1 aggrecan core protein [Macaca nemestrina],0.8152
ACAN,Chlorocebus sabaeus,XP_072869137.1,XP_072869137.1 aggrecan core protein [Chlorocebus sabaeus],0.82
ACAN,Macaca fascicularis,XP_045251899.2,XP_045251899.2 aggrecan core protein isoform X1 [Macaca fascicularis],0.8124
ACAN,Gorilla gorilla gorilla,XP_063554885.1,XP_063554885.1 aggrecan core protein isoform X3 [Gorilla gorilla gorilla],0.8777
ACAN,Saimiri boliviensis,XP_074256096.1,XP_074256096.1 aggrecan core protein isoform X2 [Saimiri boliviensis],0.7622
ACAN,Pan paniscus,XP_063452979.1,XP_063452979.1 aggrecan core protein isoform X5 [Pan paniscus],0.8618
ACAN,Pongo abelii,XP_054387800.1,XP_054387800.1 aggrecan core protein isoform X4 [Pongo abelii],0.8548
ACAN,Nycticebus coucang,XP_053437646.1,XP_053437646.1 aggrecan core protein [Nycticebus coucang],0.631
ACAN,Macaca thibetana thibetana,XP_050653669.1,XP_050653669.1 aggrecan core protein [Macaca thibetana thibetana],0.8172
ACAN,Lemur catta,XP_045417692.1,XP_045417692.1 aggrecan core protein [Lemur catta],0.6711
ACAN,Trachypithecus francoisi,XP_033044969.1,XP_033044969.1 aggrecan core protein isoform X3 [Trachypithecus francoisi],0.8093
ACAN,Sapajus apella,XP_032118380.1,XP_032118380.1 aggrecan core protein [Sapajus apella],0.7549
ACAN,Hylobates moloch,XP_058283493.1,XP_058283493.1 aggrecan core protein [Hylobates moloch],0.7525
ACAN,Nomascus leucogenys,XP_003268594.1,XP_003268594.1 PREDICTED: LOW QUALITY PROTEIN: aggrecan core protein [Nomascus leucogenys],0.7678
ACAN,Cebus imitator,XP_017361610.1,XP_017361610.1 aggrecan core protein isoform X4 [Cebus imitator],0.7276
ACAN,Propithecus coquereli,XP_012499133.1,XP_012499133.1 PREDICTED: aggrecan core protein [Propithecus coquereli],0.5364
ACAN,Cercocebus atys,XP_011929785.1,XP_011929785.1 PREDICTED: LOW QUALITY PROTEIN: aggrecan core protein [Cercocebus atys],0.8007
ACAN,Mandrillus leucophaeus,XP_011841732.1,XP_011841732.1 PREDICTED: aggrecan core protein [Mandrillus leucophaeus],0.7417
ACAN,Colobus angolensis palliatus,XP_011803718.1,XP_011803718.1 PREDICTED: aggrecan core protein [Colobus angolensis palliatus],0.7721
ACAN,Rhinopithecus roxellana,XP_030787545.1,XP_030787545.1 aggrecan core protein isoform X1 [Rhinopithecus roxellana],0.7943
ACAN,Carlito syrichta,XP_008068800.1,XP_008068800.1 aggrecan core protein [Carlito syrichta],0.6929
ACAN,Papio anubis,XP_031524233.1,XP_031524233.1 LOW QUALITY PROTEIN: aggrecan core protein [Papio anubis],0.7628
ACAN,Otolemur garnettii,XP_023368331.1,XP_023368331.1 aggrecan core protein [Otolemur garnettii],0.6559
ACAT1,Homo sapiens,XP_011508214.1,XP_011508214.1 sterol O-acyltransferase 1 isoform X3 [Homo sapiens],-0.0702
ACAT1,Macaca mulatta,NP_001252622.1,"NP_001252622.1 acetyl-CoA acetyltransferase, mitochondrial [Macaca mulatta]",0.9855
ACAT1,Macaca fascicularis,XP_065385026.1,"XP_065385026.1 acetyl-CoA acetyltransferase, mitochondrial isoform X2 [Macaca fascicularis]",0.9355
ACAT1,Pongo pygmaeus,XP_054297510.1,"XP_054297510.1 acetyl-CoA acetyltransferase, mitochondrial isoform X2 [Pongo pygmaeus]",0.753
ACAT1,Gorilla gorilla gorilla,XP_030871760.2,"XP_030871760.2 acetyl-CoA acetyltransferase, mitochondrial isoform X1 [Gorilla gorilla gorilla]",0.9949
ACAT1,Callithrix jacchus,XP_054097510.1,"XP_054097510.1 acetyl-CoA acetyltransferase, mitochondrial isoform X3 [Callithrix jacchus]",0.7095
ACAT1,Rhinopithecus bieti,XP_017710761.1,"XP_017710761.1 LOW QUALITY PROTEIN: acetyl-CoA acetyltransferase, mitochondrial [Rhinopithecus bieti]",0.8195
ACAT1,Eulemur rufifrons,XP_069327023.1,"XP_069327023.1 acetyl-CoA acetyltransferase, mitochondrial isoform X2 [Eulemur rufifrons]",0.6609
ACAT1,Symphalangus syndactylus,XP_063492554.1,"XP_063492554.1 acetyl-CoA acetyltransferase, mitochondrial isoform X7 [Symphalangus syndactylus]",0.8241
ACAT1,Nycticebus coucang,XP_053450024.1,"XP_053450024.1 acetyl-CoA acetyltransferase, mitochondrial [Nycticebus coucang]",0.9228
ACAT1,Macaca thibetana thibetana,XP_050614664.1,"XP_050614664.1 acetyl-CoA acetyltransferase, mitochondrial isoform X2 [Macaca thibetana thibetana]",0.7409
ACAT1,Lemur catta,XP_045412622.1,"XP_045412622.1 acetyl-CoA acetyltransferase, mitochondrial [Lemur catta]",0.9359
ACAT1,Trachypithecus francoisi,XP_033063540.1,"XP_033063540.1 acetyl-CoA acetyltransferase, mitochondrial [Trachypithecus francoisi]",0.9874
ACAT1,Sapajus apella,XP_032141573.1,"XP_032141573.1 acetyl-CoA acetyltransferase, mitochondrial isoform X2 [Sapajus apella]",0.8279
ACAT1,Hylobates moloch,XP_058302178.1,"XP_058302178.1 acetyl-CoA acetyltransferase, mitochondrial isoform X4 [Hylobates moloch]",0.7474
ACAT1,Theropithecus gelada,XP_086595019.1,"XP_086595019.1 acetyl-CoA acetyltransferase, mitochondrial isoform X3 [Theropithecus gelada]",0.6871
ACAT1,Cebus imitator,XP_037601130.1,"XP_037601130.1 acetyl-CoA acetyltransferase, mitochondrial isoform X2 [Cebus imitator]",0.8391
ACAT1,Microcebus murinus,XP_012629178.2,"XP_012629178.2 acetyl-CoA acetyltransferase, mitochondrial [Microcebus murinus]",0.9149
ACAT1,Propithecus coquereli,XP_012514692.1,"XP_012514692.1 PREDICTED: acetyl-CoA acetyltransferase, mitochondrial [Propithecus coquereli]",0.9331
ACAT1,Aotus nancymaae,XP_064231466.1,"XP_064231466.1 acetyl-CoA acetyltransferase, mitochondrial isoform X2 [Aotus nancymaae]",0.8803
ACAT1,Cercocebus atys,XP_011921893.1,"XP_011921893.1 PREDICTED: acetyl-CoA acetyltransferase, mitochondrial [Cercocebus atys]",0.986
ACAT1,Mandrillus leucophaeus,XP_011840136.1,"XP_011840136.1 PREDICTED: acetyl-CoA acetyltransferase, mitochondrial [Mandrillus leucophaeus]",0.9191
ACAT1,Colobus angolensis palliatus,XP_011782059.1,"XP_011782059.1 PREDICTED: acetyl-CoA acetyltransferase, mitochondrial [Colobus angolensis palliatus]",0.9869
ACAT1,Carlito syrichta,XP_008053486.1,"XP_008053486.1 acetyl-CoA acetyltransferase, mitochondrial [Carlito syrichta]",0.8732
ACAT1,Chlorocebus sabaeus,XP_008018937.2,"XP_008018937.2 acetyl-CoA acetyltransferase, mitochondrial [Chlorocebus sabaeus]",0.9841
ACAT1,Saimiri boliviensis,XP_003923792.1,"XP_003923792.1 acetyl-CoA acetyltransferase, mitochondrial [Saimiri boliviensis]",0.9434
ACAT1,Papio anubis,XP_003910695.1,"XP_003910695.1 acetyl-CoA acetyltransferase, mitochondrial [Papio anubis]",0.986
ACAT1,Pan paniscus,XP_003828394.3,"XP_003828394.3 acetyl-CoA acetyltransferase, mitochondrial isoform X1 [Pan paniscus]",0.9415
ACAT1,Otolemur garnettii,XP_023371827.1,"XP_023371827.1 acetyl-CoA acetyltransferase, mitochondrial [Otolemur garnettii]",0.8863
ACAT1,Nomascus leucogenys,XP_003253143.2,"XP_003253143.2 acetyl-CoA acetyltransferase, mitochondrial [Nomascus leucogenys]",0.9906
ACO2,Homo sapiens,NP_001089.1,"NP_001089.1 aconitate hydratase, mitochondrial precursor [Homo sapiens]",1.0
ACO2,Macaca mulatta,XP_077804620.1,"XP_077804620.1 aconitate hydratase, mitochondrial isoform X14 [Macaca mulatta]",0.7956
ACO2,Macaca fascicularis,XP_065377805.1,"XP_065377805.1 aconitate hydratase, mitochondrial isoform X2 [Macaca fascicularis]",0.9423
ACO2,Callithrix jacchus,XP_078191170.1,"XP_078191170.1 aconitate hydratase, mitochondrial [Callithrix jacchus]",0.9857
ACO2,Eulemur rufifrons,XP_069346725.1,"XP_069346725.1 aconitate hydratase, mitochondrial [Eulemur rufifrons]",0.9767
ACO2,Symphalangus syndactylus,XP_055109026.1,"XP_055109026.1 aconitate hydratase, mitochondrial [Symphalangus syndactylus]",0.9937
ACO2,Pongo pygmaeus,XP_063519029.1,"XP_063519029.1 aconitate hydratase, mitochondrial isoform X1 [Pongo pygmaeus]",0.9881
ACO2,Nycticebus coucang,XP_053440773.1,"XP_053440773.1 aconitate hydratase, mitochondrial isoform X2 [Nycticebus coucang]",0.9229
ACO2,Macaca thibetana thibetana,XP_050661786.1,"XP_050661786.1 aconitate hydratase, mitochondrial isoform X2 [Macaca thibetana thibetana]",0.8005
ACO2,Lemur catta,XP_045410764.1,"XP_045410764.1 aconitate hydratase, mitochondrial [Lemur catta]",0.975
ACO2,Trachypithecus francoisi,XP_033089696.1,"XP_033089696.1 aconitate hydratase, mitochondrial isoform X2 [Trachypithecus francoisi]",0.9392
ACO2,Sapajus apella,XP_032123005.1,"XP_032123005.1 aconitate hydratase, mitochondrial [Sapajus apella]",0.984
ACO2,Hylobates moloch,XP_058287188.1,"XP_058287188.1 aconitate hydratase, mitochondrial isoform X1 [Hylobates moloch]",0.9922
ACO2,Theropithecus gelada,XP_025254486.1,"XP_025254486.1 aconitate hydratase, mitochondrial [Theropithecus gelada]",0.9903
ACO2,Piliocolobus tephrosceles,XP_026307395.1,"XP_026307395.1 aconitate hydratase, mitochondrial [Piliocolobus tephrosceles]",0.9881
ACO2,Rhinopithecus bieti,XP_017725731.1,"XP_017725731.1 aconitate hydratase, mitochondrial [Rhinopithecus bieti]",0.8679
ACO2,Cebus imitator,XP_017365829.1,"XP_017365829.1 aconitate hydratase, mitochondrial [Cebus imitator]",0.985
ACO2,Microcebus murinus,XP_075863080.1,"XP_075863080.1 aconitate hydratase, mitochondrial [Microcebus murinus]",0.9692
ACO2,Propithecus coquereli,XP_012493562.1,"XP_012493562.1 PREDICTED: aconitate hydratase, mitochondrial [Propithecus coquereli]",0.9733
ACO2,Aotus nancymaae,XP_012332090.1,"XP_012332090.1 aconitate hydratase, mitochondrial [Aotus nancymaae]",0.9782
ACO2,Cercocebus atys,XP_011886385.1,"XP_011886385.1 PREDICTED: aconitate hydratase, mitochondrial isoform X2 [Cercocebus atys]",0.9399
ACO2,Mandrillus leucophaeus,XP_011834162.1,"XP_011834162.1 PREDICTED: aconitate hydratase, mitochondrial isoform X2 [Mandrillus leucophaeus]",0.8356
ACO2,Colobus angolensis palliatus,XP_011800471.1,"XP_011800471.1 PREDICTED: aconitate hydratase, mitochondrial [Colobus angolensis palliatus]",0.8436
ACO2,Macaca nemestrina,XP_070936749.1,"XP_070936749.1 aconitate hydratase, mitochondrial isoform X1 [Macaca nemestrina]",0.9741
ACO2,Rhinopithecus roxellana,XP_030771174.1,"XP_030771174.1 aconitate hydratase, mitochondrial [Rhinopithecus roxellana]",0.8599
ACO2,Pan troglodytes,XP_001141262.1,"XP_001141262.1 PREDICTED: similar to Aconitate hydratase, mitochondrial precursor (Citrate hydro-lyase) (Aconitase) [Pan troglodytes]",0.009
ACO2,Carlito syrichta,XP_021563364.1,"XP_021563364.1 aconitate hydratase, mitochondrial isoform X3 [Carlito syrichta]",0.8238
ACO2,Chlorocebus sabaeus,XP_072862779.1,"XP_072862779.1 aconitate hydratase, mitochondrial isoform X2 [Chlorocebus sabaeus]",0.9125
ACO2,Gorilla gorilla gorilla,XP_055230709.1,"XP_055230709.1 aconitate hydratase, mitochondrial isoform X2 [Gorilla gorilla gorilla]",0.9472
ACO2,Saimiri boliviensis,XP_039318945.1,"XP_039318945.1 aconitate hydratase, mitochondrial [Saimiri boliviensis]",0.9872
ACO2,Papio anubis,XP_021777293.1,"XP_021777293.1 aconitate hydratase, mitochondrial isoform X3 [Papio anubis]",0.799
ACO2,Nomascus leucogenys,XP_003264850.2,"XP_003264850.2 aconitate hydratase, mitochondrial [Nomascus leucogenys]",0.993
ACO2,Otolemur garnettii,XP_023364962.1,"XP_023364962.1 aconitate hydratase, mitochondrial [Otolemur garnettii]",0.9137
ACSF3,Homo sapiens,NP_001271245.1,"NP_001271245.1 malonate--CoA ligase ACSF3, mitochondrial isoform 2 [Homo sapiens]",0.4494
ACSF3,Pan troglodytes,XP_063654032.1,"XP_063654032.1 malonate--CoA ligase ACSF3, mitochondrial isoform X8 [Pan troglodytes]",0.9087
ACSF3,Macaca mulatta,XP_014982284.1,"XP_014982284.1 PREDICTED: acyl-CoA synthetase family member 3, mitochondrial [Macaca mulatta]",0.9419
ACSF3,Callithrix jacchus,XP_054104716.2,"XP_054104716.2 malonate--CoA ligase ACSF3, mitochondrial isoform X1 [Callithrix jacchus]",0.8112
ACSF3,Eulemur rufifrons,XP_069312477.1,"XP_069312477.1 malonate--CoA ligase ACSF3, mitochondrial isoform X2 [Eulemur rufifrons]",0.8349
ACSF3,Symphalangus syndactylus,XP_063468641.1,"XP_063468641.1 malonate--CoA ligase ACSF3, mitochondrial isoform X7 [Symphalangus syndactylus]",0.5076
ACSF3,Pongo pygmaeus,XP_054309102.1,"XP_054309102.1 malonate--CoA ligase ACSF3, mitochondrial isoform X3 [Pongo pygmaeus]",0.4347
ACSF3,Nycticebus coucang,XP_053411267.1,"XP_053411267.1 malonate--CoA ligase ACSF3, mitochondrial isoform X2 [Nycticebus coucang]",0.764
ACSF3,Macaca thibetana thibetana,XP_050629676.1,"XP_050629676.1 malonate--CoA ligase ACSF3, mitochondrial [Macaca thibetana thibetana]",0.9478
ACSF3,Lemur catta,XP_045389791.1,"XP_045389791.1 malonate--CoA ligase ACSF3, mitochondrial isoform X4 [Lemur catta]",0.8273
ACSF3,Trachypithecus francoisi,XP_033075262.1,"XP_033075262.1 malonate--CoA ligase ACSF3, mitochondrial isoform X4 [Trachypithecus francoisi]",0.4301
ACSF3,Sapajus apella,XP_032140598.1,"XP_032140598.1 malonate--CoA ligase ACSF3, mitochondrial isoform X5 [Sapajus apella]",0.3871
ACSF3,Hylobates moloch,XP_058296335.1,"XP_058296335.1 malonate--CoA ligase ACSF3, mitochondrial isoform X3 [Hylobates moloch]",0.889
ACSF3,Theropithecus gelada,XP_025226840.2,"XP_025226840.2 malonate--CoA ligase ACSF3, mitochondrial [Theropithecus gelada]",0.9504
ACSF3,Piliocolobus tephrosceles,XP_023084676.1,"XP_023084676.1 malonate--CoA ligase ACSF3, mitochondrial isoform X4 [Piliocolobus tephrosceles]",0.4311
ACSF3,Rhinopithecus bieti,XP_017715055.1,"XP_017715055.1 malonate--CoA ligase ACSF3, mitochondrial isoform X4 [Rhinopithecus bieti]",0.7154
ACSF3,Cebus imitator,XP_017369414.1,"XP_017369414.1 malonate--CoA ligase ACSF3, mitochondrial isoform X2 [Cebus imitator]",0.8079
ACSF3,Microcebus murinus,XP_012592568.3,"XP_012592568.3 malonate--CoA ligase ACSF3, mitochondrial [Microcebus murinus]",0.8211
ACSF3,Propithecus coquereli,XP_012512646.1,"XP_012512646.1 PREDICTED: acyl-CoA synthetase family member 3, mitochondrial isoform X2 [Propithecus coquereli]",0.3818
ACSF3,Aotus nancymaae,XP_012321458.2,"XP_012321458.2 malonate--CoA ligase ACSF3, mitochondrial [Aotus nancymaae]",0.8818
ACSF3,Cercocebus atys,XP_011920218.1,"XP_011920218.1 PREDICTED: acyl-CoA synthetase family member 3, mitochondrial isoform X2 [Cercocebus atys]",0.7193
ACSF3,Mandrillus leucophaeus,XP_011827316.1,"XP_011827316.1 PREDICTED: acyl-CoA synthetase family member 3, mitochondrial [Mandrillus leucophaeus]",0.9527
ACSF3,Colobus angolensis palliatus,XP_011783379.1,"XP_011783379.1 PREDICTED: acyl-CoA synthetase family member 3, mitochondrial [Colobus angolensis palliatus]",0.9498
ACSF3,Macaca nemestrina,XP_024650832.1,"XP_024650832.1 malonate--CoA ligase ACSF3, mitochondrial isoform X3 [Macaca nemestrina]",0.7052
ACSF3,Rhinopithecus roxellana,XP_030780691.1,"XP_030780691.1 malonate--CoA ligase ACSF3, mitochondrial isoform X4 [Rhinopithecus roxellana]",0.4268
ACSF3,Carlito syrichta,XP_008051345.1,"XP_008051345.1 acyl-CoA synthetase family member 3, mitochondrial [Carlito syrichta]",0.7869
ACSF3,Chlorocebus sabaeus,XP_007992568.3,"XP_007992568.3 malonate--CoA ligase ACSF3, mitochondrial isoform X2 [Chlorocebus sabaeus]",0.4288
ACSF3,Macaca fascicularis,XP_073884167.1,"XP_073884167.1 malonate--CoA ligase ACSF3, mitochondrial isoform X8 [Macaca fascicularis]",0.5601
ACSF3,Gorilla gorilla gorilla,XP_063556465.1,"XP_063556465.1 malonate--CoA ligase ACSF3, mitochondrial isoform X2 [Gorilla gorilla gorilla]",0.914
ACSF3,Papio anubis,XP_031514484.1,"XP_031514484.1 malonate--CoA ligase ACSF3, mitochondrial [Papio anubis]",0.8155
ACSF3,Pan paniscus,XP_034796809.2,"XP_034796809.2 malonate--CoA ligase ACSF3, mitochondrial isoform X1 [Pan paniscus]",0.9787
ACSF3,Otolemur garnettii,XP_023363289.1,"XP_023363289.1 acyl-CoA synthetase family member 3, mitochondrial isoform X1 [Otolemur garnettii]",0.8047
ACSF3,Nomascus leucogenys,XP_030676279.1,"XP_030676279.1 malonate--CoA ligase ACSF3, mitochondrial [Nomascus leucogenys]",0.959
ACSF3,Pongo abelii,XP_063573489.1,"XP_063573489.1 malonate--CoA ligase ACSF3, mitochondrial isoform X4 [Pongo abelii]",0.9038
ACSF3,Saimiri boliviensis,XP_074257587.1,"XP_074257587.1 malonate--CoA ligase ACSF3, mitochondrial isoform X5 [Saimiri boliviensis]",0.6582
ACTA1,Homo sapiens,NP_001091.1,"NP_001091.1 actin, alpha skeletal muscle [Homo sapiens]",1.0
ACTA1,Eulemur rufifrons,XP_069340850.1,"XP_069340850.1 actin, alpha skeletal muscle isoform X2 [Eulemur rufifrons]",0.763
ACTA1,Cercocebus atys,XP_011891472.1,"XP_011891472.1 PREDICTED: actin, alpha skeletal muscle [Cercocebus atys]",0.9985
ACTA1,Mandrillus leucophaeus,XP_011855241.1,"XP_011855241.1 PREDICTED: actin, alpha skeletal muscle [Mandrillus leucophaeus]",0.9949
ACTA1,Otolemur garnettii,XP_012661366.1,"XP_012661366.1 actin, alpha skeletal muscle isoform X2 [Otolemur garnettii]",0.8567
ACTA1,Nomascus leucogenys,XP_030668582.1,"XP_030668582.1 actin, alpha skeletal muscle [Nomascus leucogenys]",0.8496
ACTA1,Symphalangus syndactylus,XP_055090620.1,"XP_055090620.1 actin, alpha skeletal muscle isoform X8 [Symphalangus syndactylus]",0.7975
ACTA1,Piliocolobus tephrosceles,XP_023047586.1,"XP_023047586.1 actin, alpha skeletal muscle isoform X1 [Piliocolobus tephrosceles]",0.9823
ACTB,Homo sapiens,NP_001092.1,"NP_001092.1 actin, cytoplasmic 1 [Homo sapiens]",1.0
ACTB,Propithecus coquereli,XP_012494379.1,"XP_012494379.1 PREDICTED: actin, cytoplasmic 1 [Propithecus coquereli]",0.9944
ACTB,Macaca thibetana thibetana,XP_050640042.1,"XP_050640042.1 actin, cytoplasmic 1 isoform X3 [Macaca thibetana thibetana]",0.9786
ACTB,Cebus imitator,XP_017389318.1,"XP_017389318.1 actin, cytoplasmic 1 [Cebus imitator]",0.9949
ACTB,Cercocebus atys,XP_011942892.1,"XP_011942892.1 PREDICTED: actin, cytoplasmic 1 [Cercocebus atys]",0.9923
ACTB,Mandrillus leucophaeus,XP_011851634.1,"XP_011851634.1 PREDICTED: actin, cytoplasmic 1 isoform X2 [Mandrillus leucophaeus]",0.8867
ACTB,Colobus angolensis palliatus,XP_011813376.1,"XP_011813376.1 PREDICTED: actin, cytoplasmic 1 [Colobus angolensis palliatus]",0.4888
ACTB,Otolemur garnettii,XP_003795487.1,"XP_003795487.1 actin, cytoplasmic 1 [Otolemur garnettii]",0.9985
ACTB,Pongo abelii,NP_001126826.1,"NP_001126826.1 actin, cytoplasmic 1 [Pongo abelii]",0.9974
ACTB,Papio anubis,NP_001162191.1,"NP_001162191.1 actin, cytoplasmic 1 [Papio anubis]",0.0689
ACTB,Callithrix jacchus,XP_008978916.1,"XP_008978916.1 PREDICTED: LOW QUALITY PROTEIN: actin, cytoplasmic 1 [Callithrix jacchus]",0.5291
ACTB,Pan paniscus,XP_008971426.1,"XP_008971426.1 LOW QUALITY PROTEIN: actin, cytoplasmic 1 [Pan paniscus]",0.9974
ACTG1,Homo sapiens,NP_001186883.1,"NP_001186883.1 actin, cytoplasmic 2 [Homo sapiens]",1.0
ACTG1,Pan troglodytes,NP_001128241.1,"NP_001128241.1 actin, cytoplasmic 2 [Pan troglodytes]",0.8855
ACTG1,Symphalangus syndactylus,XP_055097432.1,"XP_055097432.1 actin, cytoplasmic 2 isoform X3 [Symphalangus syndactylus]",0.7966
ACTG1,Piliocolobus tephrosceles,XP_023067340.2,"XP_023067340.2 actin, cytoplasmic 2 [Piliocolobus tephrosceles]",0.9678
ACTG1,Colobus angolensis palliatus,XP_011815463.1,"XP_011815463.1 PREDICTED: actin, cytoplasmic 2 isoform X1 [Colobus angolensis palliatus]",0.9724
ACTG1,Carlito syrichta,XP_008047032.1,"XP_008047032.1 actin, cytoplasmic 2 [Carlito syrichta]",0.7343
ACTG1,Gorilla gorilla gorilla,XP_055245423.1,"XP_055245423.1 actin, cytoplasmic 2 isoform X1 [Gorilla gorilla gorilla]",0.8396
ACTG1,Pongo abelii,XP_063575069.1,"XP_063575069.1 actin, cytoplasmic 2 isoform X1 [Pongo abelii]",0.8539
ACVRL1,Homo sapiens,NP_001393424.1,NP_001393424.1 activin receptor type-1-like isoform 7 precursor [Homo sapiens],0.5476
ACVRL1,Macaca mulatta,XP_077810425.1,XP_077810425.1 activin receptor type-1-like isoform X3 [Macaca mulatta],0.9401
ACVRL1,Pan troglodytes,XP_063641696.1,XP_063641696.1 activin receptor type-1-like isoform X7 [Pan troglodytes],0.7546
ACVRL1,Callithrix jacchus,XP_002752530.1,XP_002752530.1 activin receptor type-1-like [Callithrix jacchus],0.9606
ACVRL1,Eulemur rufifrons,XP_069347943.1,XP_069347943.1 activin receptor type-1-like [Eulemur rufifrons],0.9242
ACVRL1,Symphalangus syndactylus,XP_063467316.1,XP_063467316.1 activin receptor type-1-like isoform X3 [Symphalangus syndactylus],0.5877
ACVRL1,Pongo pygmaeus,XP_054300118.1,XP_054300118.1 activin receptor type-1-like isoform X3 [Pongo pygmaeus],0.5465
ACVRL1,Nycticebus coucang,XP_053413149.1,XP_053413149.1 serine/threonine-protein kinase receptor R3 [Nycticebus coucang],0.8955
ACVRL1,Lemur catta,XP_045409919.1,XP_045409919.1 serine/threonine-protein kinase receptor R3 isoform X2 [Lemur catta],0.9275
ACVRL1,Trachypithecus francoisi,XP_033077908.1,XP_033077908.1 serine/threonine-protein kinase receptor R3 [Trachypithecus francoisi],0.9866
ACVRL1,Sapajus apella,XP_032149360.1,XP_032149360.1 serine/threonine-protein kinase receptor R3 isoform X2 [Sapajus apella],0.9651
ACVRL1,Hylobates moloch,XP_031999829.1,XP_031999829.1 serine/threonine-protein kinase receptor R3 [Hylobates moloch],0.9881
ACVRL1,Theropithecus gelada,XP_025259415.1,XP_025259415.1 activin receptor type-1-like isoform X1 [Theropithecus gelada],0.9848
ACVRL1,Piliocolobus tephrosceles,XP_023066348.1,XP_023066348.1 activin receptor type-1-like isoform X2 [Piliocolobus tephrosceles],0.7565
ACVRL1,Rhinopithecus bieti,XP_017717030.1,XP_017717030.1 activin receptor type-1-like isoform X1 [Rhinopithecus bieti],0.9736
ACVRL1,Cebus imitator,XP_017401343.1,XP_017401343.1 serine/threonine-protein kinase receptor R3 isoform X1 [Cebus imitator],0.9323
ACVRL1,Microcebus murinus,XP_012618254.1,XP_012618254.1 activin receptor type-1-like [Microcebus murinus],0.9134
ACVRL1,Propithecus coquereli,XP_012506574.1,XP_012506574.1 PREDICTED: serine/threonine-protein kinase receptor R3 [Propithecus coquereli],0.9059
ACVRL1,Aotus nancymaae,XP_012305662.1,XP_012305662.1 serine/threonine-protein kinase receptor R3 [Aotus nancymaae],0.9625
ACVRL1,Cercocebus atys,XP_011903606.1,XP_011903606.1 PREDICTED: serine/threonine-protein kinase receptor R3 isoform X2 [Cercocebus atys],0.9394
ACVRL1,Colobus angolensis palliatus,XP_011786014.1,XP_011786014.1 PREDICTED: serine/threonine-protein kinase receptor R3 [Colobus angolensis palliatus],0.9866
ACVRL1,Macaca nemestrina,XP_070927789.1,XP_070927789.1 activin receptor type-1-like isoform X1 [Macaca nemestrina],0.9394
ACVRL1,Carlito syrichta,XP_021571916.1,XP_021571916.1 serine/threonine-protein kinase receptor R3 isoform X2 [Carlito syrichta],0.697
ACVRL1,Chlorocebus sabaeus,XP_008001495.1,XP_008001495.1 activin receptor type-1-like isoform X1 [Chlorocebus sabaeus],0.9862
ACVRL1,Gorilla gorilla gorilla,XP_063550044.1,XP_063550044.1 activin receptor type-1-like isoform X2 [Gorilla gorilla gorilla],0.9967
ACVRL1,Saimiri boliviensis,XP_039327764.1,XP_039327764.1 activin receptor type-1-like [Saimiri boliviensis],0.9617
ACVRL1,Papio anubis,XP_021778067.2,XP_021778067.2 serine/threonine-protein kinase receptor R3 isoform X2 [Papio anubis],0.9836
ACVRL1,Pan paniscus,XP_034791708.3,XP_034791708.3 activin receptor type-1-like isoform X1 [Pan paniscus],0.9903
ACVRL1,Otolemur garnettii,XP_012660986.1,XP_012660986.1 serine/threonine-protein kinase receptor R3 [Otolemur garnettii],0.8944
ACVRL1,Nomascus leucogenys,XP_004088654.2,XP_004088654.2 serine/threonine-protein kinase receptor R3 [Nomascus leucogenys],0.9851
ACVRL1,Pongo abelii,XP_024111894.2,XP_024111894.2 activin receptor type-1-like isoform X1 [Pongo abelii],0.9948
ADA,Homo sapiens,NP_001308980.1,NP_001308980.1 adenosine deaminase isoform 3 [Homo sapiens],0.9198
ADA,Pan troglodytes,XP_063659056.1,XP_063659056.1 adenosine deaminase isoform X12 [Pan troglodytes],0.4822
ADA,Macaca mulatta,XP_077807971.1,XP_077807971.1 adenosine deaminase isoform X3 [Macaca mulatta],0.8705
ADA,Callithrix jacchus,XP_078227861.1,XP_078227861.1 adenosine deaminase isoform X6 [Callithrix jacchus],0.914
ADA,Eulemur rufifrons,XP_069351987.1,XP_069351987.1 adenosine deaminase isoform X2 [Eulemur rufifrons],0.3548
ADA,Symphalangus syndactylus,XP_055122376.1,XP_055122376.1 adenosine deaminase isoform X4 [Symphalangus syndactylus],0.9088
ADA,Pongo pygmaeus,XP_063515598.1,XP_063515598.1 adenosine deaminase isoform X7 [Pongo pygmaeus],0.956
ADA,Nycticebus coucang,XP_053429778.1,XP_053429778.1 adenosine deaminase isoform X2 [Nycticebus coucang],0.9093
ADA,Macaca thibetana thibetana,XP_050662504.1,XP_050662504.1 adenosine deaminase isoform X2 [Macaca thibetana thibetana],0.8753
ADA,Lemur catta,XP_045385120.1,XP_045385120.1 adenosine deaminase isoform X4 [Lemur catta],0.6887
ADA,Trachypithecus francoisi,XP_033042391.1,XP_033042391.1 adenosine deaminase isoform X3 [Trachypithecus francoisi],0.8653
ADA,Sapajus apella,XP_032119630.1,XP_032119630.1 adenosine deaminase isoform X13 [Sapajus apella],0.8637
ADA,Hylobates moloch,XP_058289024.1,XP_058289024.1 adenosine deaminase isoform X3 [Hylobates moloch],0.8863
ADA,Theropithecus gelada,XP_025255097.1,XP_025255097.1 adenosine deaminase [Theropithecus gelada],0.9759
ADA,Piliocolobus tephrosceles,XP_023083619.1,XP_023083619.1 adenosine deaminase [Piliocolobus tephrosceles],0.9864
ADA,Rhinopithecus bieti,XP_017733491.1,XP_017733491.1 adenosine deaminase isoform X2 [Rhinopithecus bieti],0.7956
ADA,Cebus imitator,XP_037598917.1,XP_037598917.1 adenosine deaminase isoform X9 [Cebus imitator],0.8653
ADA,Microcebus murinus,XP_075867256.1,XP_075867256.1 adenosine deaminase [Microcebus murinus],0.9088
ADA,Propithecus coquereli,XP_012513400.1,XP_012513400.1 PREDICTED: adenosine deaminase isoform X2 [Propithecus coquereli],0.9146
ADA,Aotus nancymaae,XP_012322668.1,XP_012322668.1 adenosine deaminase isoform X5 [Aotus nancymaae],0.9371
ADA,Cercocebus atys,XP_011921139.1,XP_011921139.1 PREDICTED: adenosine deaminase isoform X4 [Cercocebus atys],0.8962
ADA,Mandrillus leucophaeus,XP_011853020.1,XP_011853020.1 PREDICTED: adenosine deaminase [Mandrillus leucophaeus],0.9287
ADA,Colobus angolensis palliatus,XP_011784375.1,XP_011784375.1 PREDICTED: adenosine deaminase isoform X2 [Colobus angolensis palliatus],0.9062
ADA,Macaca nemestrina,XP_070935343.1,XP_070935343.1 adenosine deaminase isoform X3 [Macaca nemestrina],0.8726
ADA,Carlito syrichta,XP_008065101.1,XP_008065101.1 adenosine deaminase [Carlito syrichta],0.8899
ADA,Chlorocebus sabaeus,XP_072862488.1,XP_072862488.1 adenosine deaminase isoform X4 [Chlorocebus sabaeus],0.5241
ADA,Gorilla gorilla gorilla,XP_063558482.1,XP_063558482.1 adenosine deaminase isoform X8 [Gorilla gorilla gorilla],0.4612
ADA,Saimiri boliviensis,XP_074262673.1,XP_074262673.1 adenosine deaminase isoform X4 [Saimiri boliviensis],0.7662
ADA,Papio anubis,XP_017800272.1,XP_017800272.1 adenosine deaminase isoform X1 [Papio anubis],0.9518
ADA,Pan paniscus,XP_063457135.1,XP_063457135.1 adenosine deaminase isoform X9 [Pan paniscus],0.4838
ADA,Otolemur garnettii,XP_012659258.1,XP_012659258.1 adenosine deaminase [Otolemur garnettii],0.9036
ADA,Nomascus leucogenys,XP_012367279.1,XP_012367279.1 adenosine deaminase isoform X2 [Nomascus leucogenys],0.9114
ADA,Pongo abelii,XP_063576610.1,XP_063576610.1 adenosine deaminase isoform X10 [Pongo abelii],0.9575
ADA2,Homo sapiens,XP_054172994.1,XP_054172994.1 transcriptional adapter 2-alpha isoform X3 [Homo sapiens],-0.0652
ADA2,Macaca mulatta,XP_077807116.1,XP_077807116.1 adenosine deaminase 2 isoform X3 [Macaca mulatta],0.4281
ADA2,Pan troglodytes,XP_024208340.1,XP_024208340.1 adenosine deaminase 2 isoform X1 [Pan troglodytes],0.9881
ADA2,Callithrix jacchus,XP_035140964.1,XP_035140964.1 adenosine deaminase 2 isoform X5 [Callithrix jacchus],0.3577
ADA2,Chlorocebus sabaeus,XP_007972990.1,XP_007972990.1 PREDICTED: adenosine deaminase CECR1 [Chlorocebus sabaeus],0.9218
ADA2,Eulemur rufifrons,XP_069346494.1,XP_069346494.1 adenosine deaminase 2 [Eulemur rufifrons],0.8137
ADA2,Symphalangus syndactylus,XP_063479366.1,XP_063479366.1 adenosine deaminase 2 isoform X2 [Symphalangus syndactylus],0.408
ADA2,Pongo pygmaeus,XP_054326036.1,XP_054326036.1 adenosine deaminase 2 [Pongo pygmaeus],0.9624
ADA2,Nycticebus coucang,XP_053413702.1,XP_053413702.1 adenosine deaminase 2 isoform X2 [Nycticebus coucang],0.7798
ADA2,Lemur catta,XP_045410594.1,XP_045410594.1 adenosine deaminase 2 [Lemur catta],0.813
ADA2,Trachypithecus francoisi,XP_033088927.1,XP_033088927.1 adenosine deaminase 2 isoform X2 [Trachypithecus francoisi],0.8521
ADA2,Theropithecus gelada,XP_025255983.1,XP_025255983.1 adenosine deaminase 2 [Theropithecus gelada],0.9277
ADA2,Piliocolobus tephrosceles,XP_023047861.1,XP_023047861.1 adenosine deaminase 2 isoform X3 [Piliocolobus tephrosceles],0.5794
ADA2,Rhinopithecus bieti,XP_017737495.1,XP_017737495.1 adenosine deaminase 2 [Rhinopithecus bieti],0.8491
ADA2,Cebus imitator,XP_037590860.1,XP_037590860.1 adenosine deaminase 2 isoform X1 [Cebus imitator],0.611
ADA2,Microcebus murinus,XP_012603212.1,XP_012603212.1 adenosine deaminase 2 [Microcebus murinus],0.8182
ADA2,Propithecus coquereli,XP_012506491.1,XP_012506491.1 PREDICTED: adenosine deaminase CECR1 [Propithecus coquereli],0.8271
ADA2,Aotus nancymaae,XP_064218879.1,XP_064218879.1 adenosine deaminase 2 isoform X3 [Aotus nancymaae],0.4046
ADA2,Cercocebus atys,XP_011927247.1,XP_011927247.1 PREDICTED: adenosine deaminase CECR1 [Cercocebus atys],0.864
ADA2,Mandrillus leucophaeus,XP_011840037.1,XP_011840037.1 PREDICTED: adenosine deaminase CECR1 [Mandrillus leucophaeus],0.8648
ADA2,Colobus angolensis palliatus,XP_011801060.1,XP_011801060.1 PREDICTED: adenosine deaminase CECR1 [Colobus angolensis palliatus],0.7899
ADA2,Macaca nemestrina,XP_070936076.1,XP_070936076.1 adenosine deaminase 2 isoform X2 [Macaca nemestrina],0.4285
ADA2,Rhinopithecus roxellana,XP_030771093.1,XP_030771093.1 LOW QUALITY PROTEIN: adenosine deaminase 2 [Rhinopithecus roxellana],0.9311
ADA2,Macaca fascicularis,XP_005568112.2,XP_005568112.2 adenosine deaminase 2 isoform X2 [Macaca fascicularis],0.8506
ADA2,Gorilla gorilla gorilla,XP_018874287.1,XP_018874287.1 adenosine deaminase 2 isoform X2 [Gorilla gorilla gorilla],0.4165
ADA2,Saimiri boliviensis,XP_074246885.1,XP_074246885.1 adenosine deaminase 2 isoform X3 [Saimiri boliviensis],0.3569
ADA2,Papio anubis,XP_017800596.2,XP_017800596.2 LOW QUALITY PROTEIN: adenosine deaminase 2 [Papio anubis],0.8692
ADA2,Pan paniscus,XP_008951919.1,XP_008951919.1 adenosine deaminase 2 isoform X2 [Pan paniscus],0.4083
ADA2,Otolemur garnettii,XP_003795517.3,XP_003795517.3 adenosine deaminase 2 [Otolemur garnettii],0.7791
ADA2,Nomascus leucogenys,XP_030671630.1,XP_030671630.1 adenosine deaminase 2 [Nomascus leucogenys],0.9687
ADA2,Pongo abelii,XP_054398868.2,XP_054398868.2 adenosine deaminase 2 isoform X1 [Pongo abelii],0.9668
ADA2,Hylobates moloch,XP_058287838.1,XP_058287838.1 adenosine deaminase 2 [Hylobates moloch],0.5503
ADAMTS13,Homo sapiens,XP_054217833.1,XP_054217833.1 A disintegrin and metalloproteinase with thrombospondin motifs 13 isoform X10 [Homo sapiens],0.9842
ADAMTS13,Pan troglodytes,XP_063643529.1,XP_063643529.1 A disintegrin and metalloproteinase with thrombospondin motifs 13 isoform X4 [Pan troglodytes],0.8226
ADAMTS13,Macaca mulatta,XP_077823344.1,XP_077823344.1 A disintegrin and metalloproteinase with thrombospondin motifs 13 isoform X6 [Macaca mulatta],0.8298
ADAMTS13,Eulemur rufifrons,XP_069333174.1,XP_069333174.1 A disintegrin and metalloproteinase with thrombospondin motifs 13 isoform X2 [Eulemur rufifrons],0.5845
ADAMTS13,Symphalangus syndactylus,XP_063492856.1,XP_063492856.1 A disintegrin and metalloproteinase with thrombospondin motifs 13 [Symphalangus syndactylus],0.9432
ADAMTS13,Pongo pygmaeus,XP_063506091.1,XP_063506091.1 A disintegrin and metalloproteinase with thrombospondin motifs 13 isoform X6 [Pongo pygmaeus],0.7344
ADAMTS13,Nycticebus coucang,XP_053414258.1,XP_053414258.1 A disintegrin and metalloproteinase with thrombospondin motifs 13 [Nycticebus coucang],0.6831
ADAMTS13,Macaca thibetana thibetana,XP_050616463.1,XP_050616463.1 A disintegrin and metalloproteinase with thrombospondin motifs 13 [Macaca thibetana thibetana],0.9396
ADAMTS13,Lemur catta,XP_045419878.1,XP_045419878.1 A disintegrin and metalloproteinase with thrombospondin motifs 13 isoform X9 [Lemur catta],0.5032
ADAMTS13,Trachypithecus francoisi,XP_033094558.1,XP_033094558.1 LOW QUALITY PROTEIN: A disintegrin and metalloproteinase with thrombospondin motifs 13 [Trachypithecus francoisi],0.934
ADAMTS13,Sapajus apella,XP_032117882.1,XP_032117882.1 A disintegrin and metalloproteinase with thrombospondin motifs 13 isoform X2 [Sapajus apella],0.9051
ADAMTS13,Hylobates moloch,XP_032021449.1,XP_032021449.1 A disintegrin and metalloproteinase with thrombospondin motifs 13 [Hylobates moloch],0.954
ADAMTS13,Theropithecus gelada,XP_025214375.2,XP_025214375.2 A disintegrin and metalloproteinase with thrombospondin motifs 13 [Theropithecus gelada],0.9359
ADAMTS13,Piliocolobus tephrosceles,XP_023044758.1,XP_023044758.1 LOW QUALITY PROTEIN: A disintegrin and metalloproteinase with thrombospondin motifs 13 [Piliocolobus tephrosceles],0.9324
ADAMTS13,Rhinopithecus bieti,XP_017704553.1,XP_017704553.1 A disintegrin and metalloproteinase with thrombospondin motifs 13 [Rhinopithecus bieti],0.9315
ADAMTS13,Cebus imitator,XP_017368619.1,XP_017368619.1 A disintegrin and metalloproteinase with thrombospondin motifs 13 [Cebus imitator],0.8991
ADAMTS13,Microcebus murinus,XP_075864567.1,XP_075864567.1 A disintegrin and metalloproteinase with thrombospondin motifs 13 [Microcebus murinus],0.7415
ADAMTS13,Propithecus coquereli,XP_012520168.1,XP_012520168.1 PREDICTED: A disintegrin and metalloproteinase with thrombospondin motifs 13 isoform X2 [Propithecus coquereli],0.7596
ADAMTS13,Aotus nancymaae,XP_064227843.1,XP_064227843.1 A disintegrin and metalloproteinase with thrombospondin motifs 13 isoform X3 [Aotus nancymaae],0.886
ADAMTS13,Cercocebus atys,XP_011904041.1,XP_011904041.1 PREDICTED: A disintegrin and metalloproteinase with thrombospondin motifs 13 [Cercocebus atys],0.936
ADAMTS13,Mandrillus leucophaeus,XP_011820943.1,XP_011820943.1 PREDICTED: LOW QUALITY PROTEIN: A disintegrin and metalloproteinase with thrombospondin motifs 13 [Mandrillus leucophaeus],0.9091
ADAMTS13,Colobus angolensis palliatus,XP_011786531.1,XP_011786531.1 PREDICTED: LOW QUALITY PROTEIN: A disintegrin and metalloproteinase with thrombospondin motifs 13 [Colobus angolensis palliatus],0.9019
ADAMTS13,Macaca nemestrina,XP_070934653.1,XP_070934653.1 A disintegrin and metalloproteinase with thrombospondin motifs 13 isoform X7 [Macaca nemestrina],0.8463
ADAMTS13,Rhinopithecus roxellana,XP_030775336.1,XP_030775336.1 A disintegrin and metalloproteinase with thrombospondin motifs 13 [Rhinopithecus roxellana],0.9275
ADAMTS13,Carlito syrichta,XP_021574610.1,XP_021574610.1 LOW QUALITY PROTEIN: A disintegrin and metalloproteinase with thrombospondin motifs 13 [Carlito syrichta],0.7102
ADAMTS13,Chlorocebus sabaeus,XP_037842896.2,XP_037842896.2 A disintegrin and metalloproteinase with thrombospondin motifs 13 isoform X5 [Chlorocebus sabaeus],0.9018
ADAMTS13,Macaca fascicularis,XP_073872191.1,XP_073872191.1 A disintegrin and metalloproteinase with thrombospondin motifs 13 isoform X14 [Macaca fascicularis],0.3378
ADAMTS13,Gorilla gorilla gorilla,XP_063552912.1,XP_063552912.1 A disintegrin and metalloproteinase with thrombospondin motifs 13 isoform X3 [Gorilla gorilla gorilla],0.876
ADAMTS13,Saimiri boliviensis,XP_074250650.1,XP_074250650.1 A disintegrin and metalloproteinase with thrombospondin motifs 13 isoform X2 [Saimiri boliviensis],0.7704
ADAMTS13,Papio anubis,XP_031510637.1,XP_031510637.1 A disintegrin and metalloproteinase with thrombospondin motifs 13 [Papio anubis],0.9325
ADAMTS13,Pan paniscus,XP_054973475.1,XP_054973475.1 A disintegrin and metalloproteinase with thrombospondin motifs 13 isoform X5 [Pan paniscus],0.7682
ADAMTS13,Otolemur garnettii,XP_023371873.1,XP_023371873.1 A disintegrin and metalloproteinase with thrombospondin motifs 13 [Otolemur garnettii],0.6796
ADAMTS13,Nomascus leucogenys,XP_030673974.1,XP_030673974.1 A disintegrin and metalloproteinase with thrombospondin motifs 13 [Nomascus leucogenys],0.9525
ADAMTS13,Pongo abelii,XP_063570581.1,XP_063570581.1 A disintegrin and metalloproteinase with thrombospondin motifs 13 isoform X3 [Pongo abelii],0.9496
ADAMTS13,Callithrix jacchus,XP_078187190.1,XP_078187190.1 A disintegrin and metalloproteinase with thrombospondin motifs 13 [Callithrix jacchus],0.894
ADAMTS2,Homo sapiens,XP_047273852.1,XP_047273852.1 A disintegrin and metalloproteinase with thrombospondin motifs 2 isoform X2 [Homo sapiens],0.7266
ADAMTS2,Macaca mulatta,XP_028705821.2,XP_028705821.2 A disintegrin and metalloproteinase with thrombospondin motifs 2 [Macaca mulatta],0.9663
ADAMTS2,Pan troglodytes,XP_054540818.1,XP_054540818.1 A disintegrin and metalloproteinase with thrombospondin motifs 2 isoform X2 [Pan troglodytes],0.3376
ADAMTS2,Callithrix jacchus,XP_054107936.1,XP_054107936.1 A disintegrin and metalloproteinase with thrombospondin motifs 2 isoform X1 [Callithrix jacchus],0.9507
ADAMTS2,Eulemur rufifrons,XP_069324416.1,XP_069324416.1 A disintegrin and metalloproteinase with thrombospondin motifs 2 [Eulemur rufifrons],0.9412
ADAMTS2,Symphalangus syndactylus,XP_055140974.1,XP_055140974.1 A disintegrin and metalloproteinase with thrombospondin motifs 2 isoform X2 [Symphalangus syndactylus],0.3278
ADAMTS2,Pongo pygmaeus,XP_054343613.1,XP_054343613.1 A disintegrin and metalloproteinase with thrombospondin motifs 2 isoform X2 [Pongo pygmaeus],0.7745
ADAMTS2,Nycticebus coucang,XP_053422940.1,XP_053422940.1 A disintegrin and metalloproteinase with thrombospondin motifs 2 isoform X2 [Nycticebus coucang],0.7461
ADAMTS2,Macaca thibetana thibetana,XP_050650389.1,XP_050650389.1 A disintegrin and metalloproteinase with thrombospondin motifs 2 [Macaca thibetana thibetana],0.9273
ADAMTS2,Lemur catta,XP_045383713.1,XP_045383713.1 A disintegrin and metalloproteinase with thrombospondin motifs 2 isoform X2 [Lemur catta],0.669
ADAMTS2,Trachypithecus francoisi,XP_033036147.1,XP_033036147.1 A disintegrin and metalloproteinase with thrombospondin motifs 2 [Trachypithecus francoisi],0.9635
ADAMTS2,Sapajus apella,XP_032126385.1,XP_032126385.1 A disintegrin and metalloproteinase with thrombospondin motifs 2 [Sapajus apella],0.959
ADAMTS2,Hylobates moloch,XP_032014743.1,XP_032014743.1 A disintegrin and metalloproteinase with thrombospondin motifs 2 isoform X2 [Hylobates moloch],0.3298
ADAMTS2,Theropithecus gelada,XP_025244235.1,XP_025244235.1 A disintegrin and metalloproteinase with thrombospondin motifs 2 [Theropithecus gelada],0.966
ADAMTS2,Piliocolobus tephrosceles,XP_023049484.1,XP_023049484.1 A disintegrin and metalloproteinase with thrombospondin motifs 2 isoform X2 [Piliocolobus tephrosceles],0.323
ADAMTS2,Rhinopithecus bieti,XP_017743600.1,XP_017743600.1 A disintegrin and metalloproteinase with thrombospondin motifs 2 isoform X2 [Rhinopithecus bieti],0.6838
ADAMTS2,Cebus imitator,XP_017372617.1,XP_017372617.1 A disintegrin and metalloproteinase with thrombospondin motifs 2 [Cebus imitator],0.9614
ADAMTS2,Microcebus murinus,XP_075849833.1,XP_075849833.1 A disintegrin and metalloproteinase with thrombospondin motifs 2 isoform X3 [Microcebus murinus],0.8817
ADAMTS2,Propithecus coquereli,XP_012505424.1,XP_012505424.1 PREDICTED: A disintegrin and metalloproteinase with thrombospondin motifs 2 [Propithecus coquereli],0.7675
ADAMTS2,Cercocebus atys,XP_011925318.1,XP_011925318.1 PREDICTED: A disintegrin and metalloproteinase with thrombospondin motifs 2 [Cercocebus atys],0.9707
ADAMTS2,Mandrillus leucophaeus,XP_011832262.1,XP_011832262.1 PREDICTED: A disintegrin and metalloproteinase with thrombospondin motifs 2 [Mandrillus leucophaeus],0.8476
ADAMTS2,Colobus angolensis palliatus,XP_011815564.1,XP_011815564.1 PREDICTED: A disintegrin and metalloproteinase with thrombospondin motifs 2 [Colobus angolensis palliatus],0.8718
ADAMTS2,Macaca nemestrina,XP_070954120.1,XP_070954120.1 A disintegrin and metalloproteinase with thrombospondin motifs 2 isoform X2 [Macaca nemestrina],0.3247
ADAMTS2,Rhinopithecus roxellana,XP_030783737.1,XP_030783737.1 LOW QUALITY PROTEIN: A disintegrin and metalloproteinase with thrombospondin motifs 2 [Rhinopithecus roxellana],0.9684
ADAMTS2,Carlito syrichta,XP_021563977.1,"XP_021563977.1 A disintegrin and metalloproteinase with thrombospondin motifs 2, partial [Carlito syrichta]",0.6433
ADAMTS2,Chlorocebus sabaeus,XP_037848598.2,XP_037848598.2 A disintegrin and metalloproteinase with thrombospondin motifs 2 isoform X2 [Chlorocebus sabaeus],0.7667
ADAMTS2,Macaca fascicularis,XP_073851073.1,XP_073851073.1 A disintegrin and metalloproteinase with thrombospondin motifs 2 isoform X2 [Macaca fascicularis],0.7125
ADAMTS2,Gorilla gorilla gorilla,XP_018884083.4,XP_018884083.4 A disintegrin and metalloproteinase with thrombospondin motifs 2 isoform X1 [Gorilla gorilla gorilla],0.9922
ADAMTS2,Saimiri boliviensis,XP_074246707.1,XP_074246707.1 A disintegrin and metalloproteinase with thrombospondin motifs 2 isoform X3 [Saimiri boliviensis],0.3179
ADAMTS2,Papio anubis,XP_031522541.1,XP_031522541.1 A disintegrin and metalloproteinase with thrombospondin motifs 2 isoform X3 [Papio anubis],0.7651
ADAMTS2,Pan paniscus,XP_054968872.1,XP_054968872.1 A disintegrin and metalloproteinase with thrombospondin motifs 2 isoform X2 [Pan paniscus],0.3379
ADAMTS2,Otolemur garnettii,XP_023374537.1,XP_023374537.1 A disintegrin and metalloproteinase with thrombospondin motifs 2 [Otolemur garnettii],0.7756
ADAMTS2,Nomascus leucogenys,XP_030680575.1,XP_030680575.1 A disintegrin and metalloproteinase with thrombospondin motifs 2 isoform X2 [Nomascus leucogenys],0.3286
ADAMTS2,Pongo abelii,XP_024102754.3,XP_024102754.3 A disintegrin and metalloproteinase with thrombospondin motifs 2 isoform X2 [Pongo abelii],0.7715
ADAMTS2,Aotus nancymaae,XP_064232706.1,XP_064232706.1 A disintegrin and metalloproteinase with thrombospondin motifs 2 [Aotus nancymaae],0.3176
ADAMTSL4,Homo sapiens,XP_054193103.1,XP_054193103.1 ADAMTS-like protein 4 isoform X8 [Homo sapiens],0.68
ADAMTSL4,Macaca mulatta,XP_077804573.1,XP_077804573.1 ADAMTS-like protein 4 isoform X2 [Macaca mulatta],0.8061
ADAMTSL4,Pan troglodytes,XP_009428981.2,XP_009428981.2 ADAMTS-like protein 4 isoform X1 [Pan troglodytes],0.9839
ADAMTSL4,Callithrix jacchus,XP_035135183.3,XP_035135183.3 ADAMTS-like protein 4 [Callithrix jacchus],0.914
ADAMTSL4,Trachypithecus francoisi,XP_033054127.1,XP_033054127.1 ADAMTS-like protein 4 isoform X2 [Trachypithecus francoisi],0.8099
ADAMTSL4,Piliocolobus tephrosceles,XP_023069374.2,XP_023069374.2 ADAMTS-like protein 4 isoform X2 [Piliocolobus tephrosceles],0.8106
ADAMTSL4,Rhinopithecus bieti,XP_017733288.1,XP_017733288.1 ADAMTS-like protein 4 isoform X2 [Rhinopithecus bieti],0.8094
ADAMTSL4,Aotus nancymaae,XP_064226931.1,XP_064226931.1 ADAMTS-like protein 4 isoform X3 [Aotus nancymaae],0.7557
ADAMTSL4,Cercocebus atys,XP_011924891.1,XP_011924891.1 PREDICTED: ADAMTS-like protein 4 isoform X5 [Cercocebus atys],0.8124
ADAMTSL4,Macaca nemestrina,XP_011767502.2,XP_011767502.2 ADAMTS-like protein 4 isoform X2 [Macaca nemestrina],0.8059
ADAMTSL4,Rhinopithecus roxellana,XP_030792653.1,XP_030792653.1 ADAMTS-like protein 4 isoform X2 [Rhinopithecus roxellana],0.8081
ADAMTSL4,Chlorocebus sabaeus,XP_072864515.1,XP_072864515.1 ADAMTS-like protein 4 isoform X2 [Chlorocebus sabaeus],0.8081
ADAMTSL4,Macaca fascicularis,XP_073852577.1,XP_073852577.1 ADAMTS-like protein 4 isoform X6 [Macaca fascicularis],0.3739
ADAMTSL4,Gorilla gorilla gorilla,XP_063551039.1,XP_063551039.1 ADAMTS-like protein 4 isoform X4 [Gorilla gorilla gorilla],0.9218
ADAMTSL4,Saimiri boliviensis,XP_074246029.1,XP_074246029.1 ADAMTS-like protein 4 isoform X4 [Saimiri boliviensis],0.7517
ADAMTSL4,Papio anubis,XP_021779104.1,XP_021779104.1 ADAMTS-like protein 4 isoform X3 [Papio anubis],0.8107
ADAMTSL4,Eulemur rufifrons,XP_069336765.1,XP_069336765.1 ADAMTS-like protein 4 [Eulemur rufifrons],0.8702
ADAMTSL4,Symphalangus syndactylus,XP_063482101.1,XP_063482101.1 ADAMTS-like protein 4 isoform X2 [Symphalangus syndactylus],0.9483
ADAMTSL4,Pongo pygmaeus,XP_063519832.1,XP_063519832.1 ADAMTS-like protein 4 isoform X2 [Pongo pygmaeus],0.9662
ADAMTSL4,Nycticebus coucang,XP_053446674.1,XP_053446674.1 ADAMTS-like protein 4 isoform X5 [Nycticebus coucang],0.6107
ADAMTSL4,Macaca thibetana thibetana,XP_050605627.1,XP_050605627.1 ADAMTS-like protein 4 [Macaca thibetana thibetana],0.969
ADAMTSL4,Lemur catta,XP_045400886.1,XP_045400886.1 ADAMTS-like protein 4 [Lemur catta],0.8692
ADAMTSL4,Sapajus apella,XP_032123425.1,XP_032123425.1 ADAMTS-like protein 4 [Sapajus apella],0.9249
ADAMTSL4,Hylobates moloch,XP_032010671.1,XP_032010671.1 ADAMTS-like protein 4 isoform X3 [Hylobates moloch],0.9529
ADAMTSL4,Theropithecus gelada,XP_086591238.1,XP_086591238.1 ADAMTS-like protein 4 isoform X1 [Theropithecus gelada],0.9657
ADAMTSL4,Cebus imitator,XP_017401853.1,XP_017401853.1 ADAMTS-like protein 4 [Cebus imitator],0.9238
ADAMTSL4,Microcebus murinus,XP_012622939.1,XP_012622939.1 ADAMTS-like protein 4 isoform X6 [Microcebus murinus],0.8737
ADAMTSL4,Propithecus coquereli,XP_012514375.1,XP_012514375.1 PREDICTED: ADAMTS-like protein 4 [Propithecus coquereli],0.8677
ADAMTSL4,Mandrillus leucophaeus,XP_011829000.1,XP_011829000.1 PREDICTED: ADAMTS-like protein 4 [Mandrillus leucophaeus],0.9727
ADAMTSL4,Colobus angolensis palliatus,XP_011793174.1,XP_011793174.1 PREDICTED: ADAMTS-like protein 4 isoform X3 [Colobus angolensis palliatus],0.8961
ADAMTSL4,Carlito syrichta,XP_008046518.1,XP_008046518.1 ADAMTS-like protein 4 [Carlito syrichta],0.6586
ADAMTSL4,Pan paniscus,XP_063461615.1,XP_063461615.1 ADAMTS-like protein 4 isoform X3 [Pan paniscus],0.8208
ADAMTSL4,Otolemur garnettii,XP_012667210.1,XP_012667210.1 ADAMTS-like protein 4 [Otolemur garnettii],0.8243
ADAMTSL4,Nomascus leucogenys,XP_030680490.1,XP_030680490.1 ADAMTS-like protein 4 isoform X3 [Nomascus leucogenys],0.9475
ADAMTSL4,Pongo abelii,XP_063573862.1,XP_063573862.1 ADAMTS-like protein 4 isoform X2 [Pongo abelii],0.9712
ADAR,Homo sapiens,XP_054189781.1,XP_054189781.1 double-stranded RNA-specific adenosine deaminase isoform X6 [Homo sapiens],0.8481
ADAR,Macaca mulatta,XP_077801510.1,XP_077801510.1 double-stranded RNA-specific adenosine deaminase isoform X9 [Macaca mulatta],0.6755
ADAR,Pan troglodytes,XP_063669116.1,XP_063669116.1 double-stranded RNA-specific adenosine deaminase isoform X6 [Pan troglodytes],0.684
ADAR,Macaca fascicularis,XP_073850632.1,XP_073850632.1 double-stranded RNA-specific adenosine deaminase isoform X4 [Macaca fascicularis],0.9598
ADAR,Callithrix jacchus,XP_078211924.1,XP_078211924.1 double-stranded RNA-specific adenosine deaminase isoform X5 [Callithrix jacchus],0.6811
ADAR,Eulemur rufifrons,XP_069336627.1,XP_069336627.1 double-stranded RNA-specific adenosine deaminase isoform X3 [Eulemur rufifrons],0.8369
ADAR,Symphalangus syndactylus,XP_063480879.1,XP_063480879.1 double-stranded RNA-specific adenosine deaminase isoform X10 [Symphalangus syndactylus],0.9001
ADAR,Pongo pygmaeus,XP_063515957.1,XP_063515957.1 double-stranded RNA-specific adenosine deaminase isoform X3 [Pongo pygmaeus],0.9533
ADAR,Nycticebus coucang,XP_053460194.1,XP_053460194.1 double-stranded RNA-specific adenosine deaminase isoform X3 [Nycticebus coucang],0.7866
ADAR,Macaca thibetana thibetana,XP_050608401.1,XP_050608401.1 double-stranded RNA-specific adenosine deaminase isoform X3 [Macaca thibetana thibetana],0.9357
ADAR,Lemur catta,XP_045401167.1,XP_045401167.1 double-stranded RNA-specific adenosine deaminase isoform X2 [Lemur catta],0.8132
ADAR,Trachypithecus francoisi,XP_033054598.1,XP_033054598.1 double-stranded RNA-specific adenosine deaminase isoform X7 [Trachypithecus francoisi],0.8503
ADAR,Sapajus apella,XP_032120808.1,XP_032120808.1 double-stranded RNA-specific adenosine deaminase isoform X5 [Sapajus apella],0.8769
ADAR,Hylobates moloch,XP_032010316.1,XP_032010316.1 double-stranded RNA-specific adenosine deaminase isoform X2 [Hylobates moloch],0.9072
ADAR,Theropithecus gelada,XP_086592066.1,XP_086592066.1 double-stranded RNA-specific adenosine deaminase isoform X6 [Theropithecus gelada],0.7024
ADAR,Piliocolobus tephrosceles,XP_023069628.2,XP_023069628.2 LOW QUALITY PROTEIN: double-stranded RNA-specific adenosine deaminase [Piliocolobus tephrosceles],0.9007
ADAR,Cebus imitator,XP_037589037.1,XP_037589037.1 double-stranded RNA-specific adenosine deaminase isoform X6 [Cebus imitator],0.8775
ADAR,Microcebus murinus,XP_012623391.2,XP_012623391.2 double-stranded RNA-specific adenosine deaminase isoform X4 [Microcebus murinus],0.8062
ADAR,Propithecus coquereli,XP_012514331.1,XP_012514331.1 PREDICTED: double-stranded RNA-specific adenosine deaminase isoform X3 [Propithecus coquereli],0.6605
ADAR,Aotus nancymaae,XP_012331709.2,XP_012331709.2 double-stranded RNA-specific adenosine deaminase isoform X3 [Aotus nancymaae],0.9296
ADAR,Cercocebus atys,XP_011932115.1,XP_011932115.1 PREDICTED: double-stranded RNA-specific adenosine deaminase isoform X7 [Cercocebus atys],0.9345
ADAR,Mandrillus leucophaeus,XP_011842817.1,XP_011842817.1 PREDICTED: double-stranded RNA-specific adenosine deaminase [Mandrillus leucophaeus],0.701
ADAR,Colobus angolensis palliatus,XP_011783621.1,XP_011783621.1 PREDICTED: double-stranded RNA-specific adenosine deaminase isoform X4 [Colobus angolensis palliatus],0.6995
ADAR,Macaca nemestrina,XP_070940754.1,XP_070940754.1 double-stranded RNA-specific adenosine deaminase isoform X2 [Macaca nemestrina],0.9205
ADAR,Rhinopithecus roxellana,XP_030792613.1,XP_030792613.1 double-stranded RNA-specific adenosine deaminase isoform X3 [Rhinopithecus roxellana],0.9617
ADAR,Carlito syrichta,XP_021563472.1,XP_021563472.1 double-stranded RNA-specific adenosine deaminase [Carlito syrichta],0.6425
ADAR,Chlorocebus sabaeus,XP_072864444.1,XP_072864444.1 double-stranded RNA-specific adenosine deaminase isoform X1 [Chlorocebus sabaeus],0.9552
ADAR,Gorilla gorilla gorilla,XP_055216596.1,XP_055216596.1 double-stranded RNA-specific adenosine deaminase isoform X5 [Gorilla gorilla gorilla],0.9612
ADAR,Saimiri boliviensis,XP_074245920.1,XP_074245920.1 double-stranded RNA-specific adenosine deaminase isoform X3 [Saimiri boliviensis],0.6839
ADAR,Papio anubis,XP_031509204.1,XP_031509204.1 double-stranded RNA-specific adenosine deaminase isoform X3 [Papio anubis],0.9404
ADAR,Pan paniscus,XP_054957122.1,XP_054957122.1 double-stranded RNA-specific adenosine deaminase isoform X1 [Pan paniscus],0.9353
ADAR,Otolemur garnettii,XP_023372183.1,XP_023372183.1 double-stranded RNA-specific adenosine deaminase isoform X3 [Otolemur garnettii],0.633
ADAR,Nomascus leucogenys,XP_003259415.2,XP_003259415.2 double-stranded RNA-specific adenosine deaminase isoform X2 [Nomascus leucogenys],0.9044
ADAR,Pongo abelii,XP_054408460.1,XP_054408460.1 double-stranded RNA-specific adenosine deaminase isoform X2 [Pongo abelii],0.9479
ADGRG1,Homo sapiens,XP_005256294.1,XP_005256294.1 adhesion G-protein coupled receptor G1 isoform X1 [Homo sapiens],0.9908
ADGRG1,Macaca mulatta,XP_077839447.1,XP_077839447.1 adhesion G-protein coupled receptor G1 isoform X11 [Macaca mulatta],0.9515
ADGRG1,Pan troglodytes,XP_016784064.1,XP_016784064.1 adhesion G-protein coupled receptor G1 isoform X4 [Pan troglodytes],0.9868
ADGRG1,Callithrix jacchus,XP_002761058.3,XP_002761058.3 adhesion G-protein coupled receptor G1 isoform X1 [Callithrix jacchus],0.921
ADGRG1,Eulemur rufifrons,XP_069353886.1,XP_069353886.1 adhesion G-protein coupled receptor G1 isoform X8 [Eulemur rufifrons],0.6342
ADGRG1,Symphalangus syndactylus,XP_055154636.1,XP_055154636.1 adhesion G-protein coupled receptor G1 isoform X6 [Symphalangus syndactylus],0.6698
ADGRG1,Pongo pygmaeus,XP_054311023.1,XP_054311023.1 adhesion G-protein coupled receptor G1 isoform X4 [Pongo pygmaeus],0.6707
ADGRG1,Nycticebus coucang,XP_053458646.1,XP_053458646.1 adhesion G-protein coupled receptor G1 isoform X2 [Nycticebus coucang],0.8716
ADGRG1,Macaca thibetana thibetana,XP_050629134.1,XP_050629134.1 adhesion G-protein coupled receptor G1 [Macaca thibetana thibetana],0.9543
ADGRG1,Lemur catta,XP_045389589.1,XP_045389589.1 adhesion G-protein coupled receptor G1 isoform X2 [Lemur catta],0.8828
ADGRG1,Trachypithecus francoisi,XP_033074459.1,XP_033074459.1 adhesion G-protein coupled receptor G1 isoform X5 [Trachypithecus francoisi],0.657
ADGRG1,Sapajus apella,XP_032139898.1,XP_032139898.1 adhesion G-protein coupled receptor G1 isoform X2 [Sapajus apella],0.9291
ADGRG1,Hylobates moloch,XP_058297021.1,XP_058297021.1 adhesion G-protein coupled receptor G1 isoform X3 [Hylobates moloch],0.6676
ADGRG1,Theropithecus gelada,XP_086579734.1,XP_086579734.1 adhesion G protein-coupled receptor G1 [Theropithecus gelada],0.9577
ADGRG1,Piliocolobus tephrosceles,XP_023065812.1,XP_023065812.1 adhesion G-protein coupled receptor G1 isoform X8 [Piliocolobus tephrosceles],0.6631
ADGRG1,Rhinopithecus bieti,XP_017734371.1,XP_017734371.1 adhesion G-protein coupled receptor G1 isoform X4 [Rhinopithecus bieti],0.9563
ADGRG1,Cebus imitator,XP_017358106.1,XP_017358106.1 adhesion G-protein coupled receptor G1 isoform X2 [Cebus imitator],0.9288
ADGRG1,Microcebus murinus,XP_012599431.2,XP_012599431.2 adhesion G-protein coupled receptor G1 isoform X2 [Microcebus murinus],0.8153
ADGRG1,Propithecus coquereli,XP_012503311.1,XP_012503311.1 PREDICTED: G-protein coupled receptor 56 [Propithecus coquereli],0.8747
ADGRG1,Aotus nancymaae,XP_064239196.1,XP_064239196.1 adhesion G-protein coupled receptor G1 isoform X2 [Aotus nancymaae],0.9381
ADGRG1,Cercocebus atys,XP_011920385.1,XP_011920385.1 PREDICTED: G-protein coupled receptor 56 isoform X4 [Cercocebus atys],0.9585
ADGRG1,Mandrillus leucophaeus,XP_011827222.1,XP_011827222.1 PREDICTED: G-protein coupled receptor 56 isoform X6 [Mandrillus leucophaeus],0.6595
ADGRG1,Colobus angolensis palliatus,XP_011794217.1,XP_011794217.1 PREDICTED: G-protein coupled receptor 56 isoform X5 [Colobus angolensis palliatus],0.6628
ADGRG1,Macaca nemestrina,XP_011756357.1,XP_011756357.1 adhesion G-protein coupled receptor G1 [Macaca nemestrina],0.028
ADGRG1,Rhinopithecus roxellana,XP_030781368.1,XP_030781368.1 adhesion G-protein coupled receptor G1 isoform X3 [Rhinopithecus roxellana],0.9549
ADGRG1,Carlito syrichta,XP_008066215.1,XP_008066215.1 LOW QUALITY PROTEIN: adhesion G-protein coupled receptor G1 [Carlito syrichta],0.8579
ADGRG1,Chlorocebus sabaeus,XP_007991657.3,XP_007991657.3 adhesion G-protein coupled receptor G1 isoform X4 [Chlorocebus sabaeus],0.9582
ADGRG1,Macaca fascicularis,XP_073883179.1,XP_073883179.1 adhesion G-protein coupled receptor G1 isoform X8 [Macaca fascicularis],0.9546
ADGRG1,Gorilla gorilla gorilla,XP_055220372.2,XP_055220372.2 adhesion G-protein coupled receptor G1 isoform X3 [Gorilla gorilla gorilla],0.6682
ADGRG1,Saimiri boliviensis,XP_010329648.1,XP_010329648.1 adhesion G-protein coupled receptor G1 isoform X1 [Saimiri boliviensis],0.9299
ADGRG1,Papio anubis,XP_009194802.2,XP_009194802.2 adhesion G-protein coupled receptor G1 isoform X3 [Papio anubis],0.9557
ADGRG1,Pan paniscus,XP_054955113.1,XP_054955113.1 adhesion G-protein coupled receptor G1 isoform X5 [Pan paniscus],0.6665
ADGRG1,Otolemur garnettii,XP_023370544.1,XP_023370544.1 adhesion G-protein coupled receptor G1 isoform X2 [Otolemur garnettii],0.8641
ADGRG1,Nomascus leucogenys,XP_030652280.1,XP_030652280.1 adhesion G-protein coupled receptor G1 isoform X3 [Nomascus leucogenys],0.6642
ADGRG1,Pongo abelii,XP_054389195.1,XP_054389195.1 adhesion G-protein coupled receptor G1 isoform X3 [Pongo abelii],0.9302
ADGRV1,Homo sapiens,XP_054209653.1,XP_054209653.1 adhesion G-protein coupled receptor V1 isoform X12 [Homo sapiens],0.561
ADGRV1,Macaca mulatta,XP_014995889.3,XP_014995889.3 adhesion G-protein coupled receptor V1 [Macaca mulatta],0.9698
ADGRV1,Pan troglodytes,XP_517658.6,XP_517658.6 adhesion G-protein coupled receptor V1 isoform X1 [Pan troglodytes],0.9909
ADGRV1,Callithrix jacchus,XP_078222001.1,XP_078222001.1 adhesion G-protein coupled receptor V1 isoform X6 [Callithrix jacchus],0.9445
ADGRV1,Eulemur rufifrons,XP_069348971.1,XP_069348971.1 adhesion G-protein coupled receptor V1 [Eulemur rufifrons],0.9194
ADGRV1,Symphalangus syndactylus,XP_063468286.1,XP_063468286.1 adhesion G-protein coupled receptor V1 isoform X6 [Symphalangus syndactylus],0.8118
ADGRV1,Pongo pygmaeus,XP_063521052.1,XP_063521052.1 adhesion G-protein coupled receptor V1 isoform X6 [Pongo pygmaeus],0.8956
ADGRV1,Nycticebus coucang,XP_053442704.1,XP_053442704.1 adhesion G-protein coupled receptor V1 [Nycticebus coucang],0.8856
ADGRV1,Macaca thibetana thibetana,XP_050651407.1,XP_050651407.1 adhesion G-protein coupled receptor V1 isoform X5 [Macaca thibetana thibetana],0.9213
ADGRV1,Lemur catta,XP_045421680.1,XP_045421680.1 adhesion G-protein coupled receptor V1 [Lemur catta],0.9196
ADGRV1,Trachypithecus francoisi,XP_033035039.1,XP_033035039.1 LOW QUALITY PROTEIN: adhesion G-protein coupled receptor V1 [Trachypithecus francoisi],0.9654
ADGRV1,Sapajus apella,XP_032132210.1,XP_032132210.1 adhesion G-protein coupled receptor V1 isoform X5 [Sapajus apella],0.79
ADGRV1,Hylobates moloch,XP_032012731.1,XP_032012731.1 adhesion G-protein coupled receptor V1 [Hylobates moloch],0.9785
ADGRV1,Theropithecus gelada,XP_086578336.1,XP_086578336.1 adhesion G protein-coupled receptor V1 isoform X2 [Theropithecus gelada],0.9652
ADGRV1,Piliocolobus tephrosceles,XP_023070843.1,XP_023070843.1 adhesion G-protein coupled receptor V1 [Piliocolobus tephrosceles],0.9666
ADGRV1,Rhinopithecus bieti,XP_017742206.1,XP_017742206.1 LOW QUALITY PROTEIN: adhesion G-protein coupled receptor V1 [Rhinopithecus bieti],0.9568
ADGRV1,Cebus imitator,XP_037587405.1,XP_037587405.1 adhesion G-protein coupled receptor V1 isoform X4 [Cebus imitator],0.79
ADGRV1,Microcebus murinus,XP_075864297.1,XP_075864297.1 adhesion G-protein coupled receptor V1 isoform X3 [Microcebus murinus],0.7536
ADGRV1,Propithecus coquereli,XP_012500204.1,XP_012500204.1 PREDICTED: G-protein coupled receptor 98 [Propithecus coquereli],0.7856
ADGRV1,Aotus nancymaae,XP_064232196.1,XP_064232196.1 adhesion G-protein coupled receptor V1 [Aotus nancymaae],0.9579
ADGRV1,Cercocebus atys,XP_011944805.1,XP_011944805.1 PREDICTED: G-protein coupled receptor 98 [Cercocebus atys],0.9461
ADGRV1,Mandrillus leucophaeus,XP_011833410.1,XP_011833410.1 PREDICTED: G-protein coupled receptor 98 [Mandrillus leucophaeus],0.9692
ADGRV1,Colobus angolensis palliatus,XP_011799649.1,XP_011799649.1 PREDICTED: G-protein coupled receptor 98 [Colobus angolensis palliatus],0.9649
ADGRV1,Rhinopithecus roxellana,XP_030783832.1,XP_030783832.1 adhesion G-protein coupled receptor V1 [Rhinopithecus roxellana],0.9671
ADGRV1,Carlito syrichta,XP_008059253.2,XP_008059253.2 G-protein coupled receptor 98 [Carlito syrichta],0.8795
ADGRV1,Chlorocebus sabaeus,XP_072870721.1,XP_072870721.1 adhesion G-protein coupled receptor V1 isoform X10 [Chlorocebus sabaeus],0.91
ADGRV1,Macaca fascicularis,XP_073849921.1,XP_073849921.1 adhesion G-protein coupled receptor V1 isoform X11 [Macaca fascicularis],0.5284
ADGRV1,Gorilla gorilla gorilla,XP_055243509.2,XP_055243509.2 adhesion G-protein coupled receptor V1 isoform X7 [Gorilla gorilla gorilla],0.9513
ADGRV1,Saimiri boliviensis,XP_074239878.1,XP_074239878.1 adhesion G-protein coupled receptor V1 isoform X4 [Saimiri boliviensis],0.7119
ADGRV1,Papio anubis,XP_031522156.1,XP_031522156.1 adhesion G-protein coupled receptor V1 isoform X4 [Papio anubis],0.8304
ADGRV1,Pan paniscus,XP_054968185.1,XP_054968185.1 adhesion G-protein coupled receptor V1 isoform X3 [Pan paniscus],0.9714
ADGRV1,Otolemur garnettii,XP_012658256.2,XP_012658256.2 G-protein coupled receptor 98 [Otolemur garnettii],0.8864
ADGRV1,Nomascus leucogenys,XP_003261649.2,XP_003261649.2 adhesion G-protein coupled receptor V1 [Nomascus leucogenys],0.9823
ADGRV1,Pongo abelii,XP_054411720.1,XP_054411720.1 adhesion G-protein coupled receptor V1 isoform X10 [Pongo abelii],0.7488
ADGRV1,Macaca nemestrina,XP_011757031.1,XP_011757031.1 G-protein coupled receptor 98 isoform X6 [Macaca nemestrina],0.9031
ADNP,Homo sapiens,XP_011527050.1,XP_011527050.1 activity-dependent neuroprotector homeobox protein isoform X2 [Homo sapiens],0.9966
ADNP,Macaca mulatta,XP_077804432.1,XP_077804432.1 activity-dependent neuroprotector homeobox protein isoform X2 [Macaca mulatta],0.7408
ADNP,Pan troglodytes,XP_016793625.1,XP_016793625.1 activity-dependent neuroprotector homeobox protein isoform X2 [Pan troglodytes],0.7439
ADNP,Macaca fascicularis,XP_065379374.1,XP_065379374.1 activity-dependent neuroprotector homeobox protein isoform X2 [Macaca fascicularis],0.948
ADNP,Callithrix jacchus,XP_078228115.1,XP_078228115.1 activity-dependent neuroprotector homeobox protein isoform X2 [Callithrix jacchus],0.979
ADNP,Eulemur rufifrons,XP_069351568.1,XP_069351568.1 activity-dependent neuroprotector homeobox protein [Eulemur rufifrons],0.9791
ADNP,Symphalangus syndactylus,XP_055122235.1,XP_055122235.1 activity-dependent neuroprotector homeobox protein [Symphalangus syndactylus],0.999
ADNP,Pongo pygmaeus,XP_054322474.1,XP_054322474.1 activity-dependent neuroprotector homeobox protein isoform X3 [Pongo pygmaeus],0.7449
ADNP,Nycticebus coucang,XP_053429410.1,XP_053429410.1 activity-dependent neuroprotector homeobox protein isoform X2 [Nycticebus coucang],0.9774
ADNP,Lemur catta,XP_045385219.1,XP_045385219.1 activity-dependent neuroprotector homeobox protein [Lemur catta],0.9785
ADNP,Trachypithecus francoisi,XP_033042626.1,XP_033042626.1 activity-dependent neuroprotector homeobox protein isoform X2 [Trachypithecus francoisi],0.742
ADNP,Sapajus apella,XP_032111887.1,XP_032111887.1 activity-dependent neuroprotector homeobox protein [Sapajus apella],0.9938
ADNP,Hylobates moloch,XP_031998790.1,XP_031998790.1 activity-dependent neuroprotector homeobox protein isoform X2 [Hylobates moloch],0.7456
ADNP,Theropithecus gelada,XP_025254120.1,XP_025254120.1 activity-dependent neuroprotector homeobox protein [Theropithecus gelada],0.9933
ADNP,Rhinopithecus bieti,XP_017743624.1,XP_017743624.1 LOW QUALITY PROTEIN: activity-dependent neuroprotector homeobox protein [Rhinopithecus bieti],0.9935
ADNP,Microcebus murinus,XP_075866979.1,XP_075866979.1 activity-dependent neuroprotector homeobox protein isoform X2 [Microcebus murinus],0.9614
ADNP,Propithecus coquereli,XP_012517898.1,XP_012517898.1 PREDICTED: activity-dependent neuroprotector homeobox protein [Propithecus coquereli],0.9747
ADNP,Aotus nancymaae,XP_064238591.1,XP_064238591.1 activity-dependent neuroprotector homeobox protein [Aotus nancymaae],0.9915
ADNP,Cercocebus atys,XP_011914408.1,XP_011914408.1 PREDICTED: activity-dependent neuroprotector homeobox protein isoform X3 [Cercocebus atys],0.9198
ADNP,Mandrillus leucophaeus,XP_011848606.1,XP_011848606.1 PREDICTED: activity-dependent neuroprotector homeobox protein isoform X1 [Mandrillus leucophaeus],0.9918
ADNP,Colobus angolensis palliatus,XP_011806754.1,XP_011806754.1 PREDICTED: activity-dependent neuroprotector homeobox protein isoform X1 [Colobus angolensis palliatus],0.993
ADNP,Carlito syrichta,XP_008051944.1,XP_008051944.1 activity-dependent neuroprotector homeobox protein [Carlito syrichta],0.9696
ADNP,Chlorocebus sabaeus,XP_008012311.3,XP_008012311.3 activity-dependent neuroprotector homeobox protein isoform X2 [Chlorocebus sabaeus],0.7364
ADNP,Gorilla gorilla gorilla,XP_030860569.1,XP_030860569.1 activity-dependent neuroprotector homeobox protein [Gorilla gorilla gorilla],0.9979
ADNP,Saimiri boliviensis,XP_074262756.1,XP_074262756.1 activity-dependent neuroprotector homeobox protein isoform X2 [Saimiri boliviensis],0.9732
ADNP,Papio anubis,XP_021776622.1,XP_021776622.1 activity-dependent neuroprotector homeobox protein isoform X3 [Papio anubis],0.74
ADNP,Otolemur garnettii,XP_012659355.1,XP_012659355.1 activity-dependent neuroprotector homeobox protein [Otolemur garnettii],0.9788
ADSL,Homo sapiens,XP_047297124.1,XP_047297124.1 adenylosuccinate lyase isoform X2 [Homo sapiens],0.5607
ADSL,Pan troglodytes,XP_054531314.1,XP_054531314.1 adenylosuccinate lyase isoform X2 [Pan troglodytes],0.9633
ADSL,Macaca fascicularis,XP_045219519.2,XP_045219519.2 adenylosuccinate lyase [Macaca fascicularis],0.9868
ADSL,Callithrix jacchus,XP_078190783.1,XP_078190783.1 adenylosuccinate lyase isoform X2 [Callithrix jacchus],0.8339
ADSL,Macaca mulatta,XP_077805862.1,XP_077805862.1 adenylosuccinate lyase isoform X7 [Macaca mulatta],0.8454
ADSL,Eulemur rufifrons,XP_069346199.1,XP_069346199.1 adenylosuccinate lyase isoform X4 [Eulemur rufifrons],0.8283
ADSL,Symphalangus syndactylus,XP_063479033.1,XP_063479033.1 adenylosuccinate lyase isoform X6 [Symphalangus syndactylus],0.8099
ADSL,Pongo pygmaeus,XP_054325544.1,XP_054325544.1 adenylosuccinate lyase isoform X2 [Pongo pygmaeus],0.9541
ADSL,Nycticebus coucang,XP_053438663.1,XP_053438663.1 adenylosuccinate lyase isoform X4 [Nycticebus coucang],0.7939
ADSL,Macaca thibetana thibetana,XP_050661866.1,XP_050661866.1 adenylosuccinate lyase isoform X2 [Macaca thibetana thibetana],0.9561
ADSL,Lemur catta,XP_045410807.1,XP_045410807.1 adenylosuccinate lyase [Lemur catta],0.9669
ADSL,Trachypithecus francoisi,XP_033089754.1,XP_033089754.1 adenylosuccinate lyase isoform X2 [Trachypithecus francoisi],0.9621
ADSL,Hylobates moloch,XP_058287780.1,XP_058287780.1 adenylosuccinate lyase isoform X7 [Hylobates moloch],0.9565
ADSL,Theropithecus gelada,XP_086582613.1,XP_086582613.1 adenylosuccinate lyase isoform X2 [Theropithecus gelada],0.9445
ADSL,Piliocolobus tephrosceles,XP_026304251.1,XP_026304251.1 adenylosuccinate lyase [Piliocolobus tephrosceles],0.9928
ADSL,Cebus imitator,XP_017400225.1,XP_017400225.1 adenylosuccinate lyase [Cebus imitator],0.9852
ADSL,Microcebus murinus,XP_012597119.1,XP_012597119.1 adenylosuccinate lyase isoform X2 [Microcebus murinus],0.8059
ADSL,Propithecus coquereli,XP_012493543.1,XP_012493543.1 PREDICTED: adenylosuccinate lyase [Propithecus coquereli],0.9633
ADSL,Aotus nancymaae,XP_064224138.1,XP_064224138.1 adenylosuccinate lyase isoform X4 [Aotus nancymaae],0.9549
ADSL,Colobus angolensis palliatus,XP_011819554.1,XP_011819554.1 PREDICTED: adenylosuccinate lyase isoform X2 [Colobus angolensis palliatus],0.849
ADSL,Macaca nemestrina,XP_070936735.1,XP_070936735.1 adenylosuccinate lyase isoform X2 [Macaca nemestrina],0.9549
ADSL,Rhinopithecus roxellana,XP_030771244.1,XP_030771244.1 adenylosuccinate lyase isoform X2 [Rhinopithecus roxellana],0.9209
ADSL,Saimiri boliviensis,XP_010341724.1,XP_010341724.1 LOW QUALITY PROTEIN: adenylosuccinate lyase [Saimiri boliviensis],0.9844
ADSL,Carlito syrichta,XP_021562703.1,XP_021562703.1 adenylosuccinate lyase isoform X5 [Carlito syrichta],0.8071
ADSL,Chlorocebus sabaeus,XP_072862799.1,XP_072862799.1 adenylosuccinate lyase isoform X2 [Chlorocebus sabaeus],0.9585
ADSL,Gorilla gorilla gorilla,XP_055230703.1,XP_055230703.1 adenylosuccinate lyase isoform X3 [Gorilla gorilla gorilla],0.9645
ADSL,Pan paniscus,XP_063459393.1,XP_063459393.1 adenylosuccinate lyase isoform X3 [Pan paniscus],0.619
ADSL,Otolemur garnettii,XP_023365180.1,XP_023365180.1 adenylosuccinate lyase isoform X2 [Otolemur garnettii],0.7975
ADSL,Nomascus leucogenys,XP_003264835.1,XP_003264835.1 adenylosuccinate lyase isoform X1 [Nomascus leucogenys],0.988
ADSL,Sapajus apella,XP_032123051.1,XP_032123051.1 adenylosuccinate lyase [Sapajus apella],0.7284
ADSL,Rhinopithecus bieti,XP_017725734.1,XP_017725734.1 adenylosuccinate lyase [Rhinopithecus bieti],0.5323
ADSL,Mandrillus leucophaeus,XP_011834511.1,XP_011834511.1 PREDICTED: adenylosuccinate lyase [Mandrillus leucophaeus],0.8902
AFG2A,Homo sapiens,XP_047305653.1,XP_047305653.1 ATPase family gene 2 protein homolog A isoform X12 [Homo sapiens],0.8455
AFG2A,Macaca mulatta,XP_077858832.1,XP_077858832.1 ATPase family gene 2 protein homolog A isoform X4 [Macaca mulatta],0.818
AFG2A,Callithrix jacchus,XP_078222664.1,XP_078222664.1 ATPase family gene 2 protein homolog A isoform X7 [Callithrix jacchus],0.6693
AFG2A,Eulemur rufifrons,XP_069349277.1,XP_069349277.1 ATPase family gene 2 protein homolog A isoform X2 [Eulemur rufifrons],0.8984
AFG2A,Symphalangus syndactylus,XP_063493998.1,XP_063493998.1 ATPase family gene 2 protein homolog A isoform X15 [Symphalangus syndactylus],0.7253
AFG2A,Pan troglodytes,XP_063665901.1,XP_063665901.1 ATPase family gene 2 protein homolog A isoform X7 [Pan troglodytes],0.7894
AFG2A,Pongo pygmaeus,XP_054340956.1,XP_054340956.1 ATPase family gene 2 protein homolog A isoform X3 [Pongo pygmaeus],0.9363
AFG2A,Nycticebus coucang,XP_053431944.1,XP_053431944.1 ribosome biogenesis protein SPATA5 isoform X2 [Nycticebus coucang],0.7972
AFG2A,Macaca thibetana thibetana,XP_050647053.1,XP_050647053.1 ribosome biogenesis protein SPATA5 isoform X4 [Macaca thibetana thibetana],0.775
AFG2A,Lemur catta,XP_045408275.1,XP_045408275.1 ATPase family protein 2 homolog [Lemur catta],0.8793
AFG2A,Trachypithecus francoisi,XP_033071081.1,XP_033071081.1 ATPase family protein 2 homolog isoform X5 [Trachypithecus francoisi],0.7594
AFG2A,Sapajus apella,XP_032148253.1,XP_032148253.1 ATPase family protein 2 homolog isoform X4 [Sapajus apella],0.8089
AFG2A,Hylobates moloch,XP_058292712.1,XP_058292712.1 ATPase family gene 2 protein homolog A isoform X5 [Hylobates moloch],0.8289
AFG2A,Theropithecus gelada,XP_086585769.1,XP_086585769.1 LOW QUALITY PROTEIN: ATPase family gene 2 protein homolog A [Theropithecus gelada],0.968
AFG2A,Piliocolobus tephrosceles,XP_023073324.1,XP_023073324.1 ATPase family gene 2 protein homolog A isoform X5 [Piliocolobus tephrosceles],0.7774
AFG2A,Rhinopithecus bieti,XP_017708098.1,XP_017708098.1 LOW QUALITY PROTEIN: ATPase family gene 2 protein homolog A [Rhinopithecus bieti],0.9627
AFG2A,Microcebus murinus,XP_012639627.2,XP_012639627.2 ATPase family gene 2 protein homolog A [Microcebus murinus],0.8992
AFG2A,Propithecus coquereli,XP_012505858.1,"XP_012505858.1 PREDICTED: spermatogenesis-associated protein 5, partial [Propithecus coquereli]",0.7534
AFG2A,Aotus nancymaae,XP_064239803.1,XP_064239803.1 ATPase family gene 2 protein homolog A isoform X2 [Aotus nancymaae],0.804
AFG2A,Cercocebus atys,XP_011937485.1,XP_011937485.1 PREDICTED: spermatogenesis-associated protein 5 [Cercocebus atys],0.9146
AFG2A,Mandrillus leucophaeus,XP_011833642.1,XP_011833642.1 PREDICTED: spermatogenesis-associated protein 5 isoform X2 [Mandrillus leucophaeus],0.8258
AFG2A,Colobus angolensis palliatus,XP_011804014.1,XP_011804014.1 PREDICTED: spermatogenesis-associated protein 5 isoform X2 [Colobus angolensis palliatus],0.8216
AFG2A,Macaca nemestrina,XP_070949179.1,XP_070949179.1 ATPase family gene 2 protein homolog A isoform X6 [Macaca nemestrina],0.7674
AFG2A,Rhinopithecus roxellana,XP_030781289.1,XP_030781289.1 ATPase family protein 2 homolog isoform X5 [Rhinopithecus roxellana],0.7581
AFG2A,Carlito syrichta,XP_021571172.1,XP_021571172.1 spermatogenesis-associated protein 5 [Carlito syrichta],0.733
AFG2A,Chlorocebus sabaeus,XP_072873715.1,XP_072873715.1 ATPase family gene 2 protein homolog A isoform X5 [Chlorocebus sabaeus],0.8282
AFG2A,Macaca fascicularis,XP_073896510.1,XP_073896510.1 ATPase family gene 2 protein homolog A isoform X11 [Macaca fascicularis],0.5513
AFG2A,Gorilla gorilla gorilla,XP_055241152.1,XP_055241152.1 ATPase family gene 2 protein homolog A isoform X5 [Gorilla gorilla gorilla],0.7885
AFG2A,Saimiri boliviensis,XP_074253034.1,XP_074253034.1 ATPase family gene 2 protein homolog A isoform X3 [Saimiri boliviensis],0.8697
AFG2A,Papio anubis,XP_031520158.1,XP_031520158.1 ATPase family protein 2 homolog isoform X5 [Papio anubis],0.8233
AFG2A,Pan paniscus,XP_063459964.1,XP_063459964.1 ATPase family gene 2 protein homolog A isoform X4 [Pan paniscus],0.8928
AFG2A,Otolemur garnettii,XP_023372348.1,XP_023372348.1 spermatogenesis-associated protein 5 [Otolemur garnettii],0.7639
AFG2A,Nomascus leucogenys,XP_030671593.1,XP_030671593.1 ATPase family protein 2 homolog isoform X2 [Nomascus leucogenys],0.9776
AFG2A,Pongo abelii,XP_054410439.1,XP_054410439.1 ATPase family gene 2 protein homolog A isoform X6 [Pongo abelii],0.7714
AFG3L2,Homo sapiens,XP_011523903.1,XP_011523903.1 mitochondrial inner membrane m-AAA protease component AFG3L2 isoform X1 [Homo sapiens],0.8984
AFG3L2,Pan troglodytes,XP_512199.2,XP_512199.2 mitochondrial inner membrane m-AAA protease component AFG3L2 isoform X1 [Pan troglodytes],0.9998
AFG3L2,Macaca mulatta,XP_001094146.1,XP_001094146.1 PREDICTED: AFG3 ATPase family gene 3-like 2 isoform 2 [Macaca mulatta],0.986
AFG3L2,Callithrix jacchus,XP_017819324.1,XP_017819324.1 mitochondrial inner membrane m-AAA protease component AFG3L2 isoform X3 [Callithrix jacchus],0.8395
AFG3L2,Eulemur rufifrons,XP_069324665.1,XP_069324665.1 mitochondrial inner membrane m-AAA protease component AFG3L2 [Eulemur rufifrons],0.9557
AFG3L2,Symphalangus syndactylus,XP_055094893.1,XP_055094893.1 mitochondrial inner membrane m-AAA protease component AFG3L2 isoform X2 [Symphalangus syndactylus],0.8517
AFG3L2,Pongo pygmaeus,XP_063509445.1,XP_063509445.1 mitochondrial inner membrane m-AAA protease component AFG3L2 isoform X3 [Pongo pygmaeus],0.8513
AFG3L2,Nycticebus coucang,XP_053427097.1,XP_053427097.1 AFG3-like protein 2 isoform X2 [Nycticebus coucang],0.8486
AFG3L2,Macaca thibetana thibetana,XP_050623510.1,XP_050623510.1 AFG3-like protein 2 isoform X1 [Macaca thibetana thibetana],0.9834
AFG3L2,Lemur catta,XP_045383737.1,XP_045383737.1 AFG3-like protein 2 isoform X3 [Lemur catta],0.8373
AFG3L2,Trachypithecus francoisi,XP_033034275.1,XP_033034275.1 AFG3-like protein 2 isoform X2 [Trachypithecus francoisi],0.8845
AFG3L2,Sapajus apella,XP_032149312.1,XP_032149312.1 AFG3-like protein 2 isoform X3 [Sapajus apella],0.6785
AFG3L2,Hylobates moloch,XP_058295677.1,XP_058295677.1 AFG3-like protein 2 [Hylobates moloch],0.2489
AFG3L2,Theropithecus gelada,XP_025220664.1,XP_025220664.1 mitochondrial inner membrane m-AAA protease component AFG3L2 isoform X2 [Theropithecus gelada],0.9889
AFG3L2,Piliocolobus tephrosceles,XP_026311768.1,XP_026311768.1 mitochondrial inner membrane m-AAA protease component AFG3L2 isoform X2 [Piliocolobus tephrosceles],0.7242
AFG3L2,Rhinopithecus bieti,XP_017708362.1,XP_017708362.1 mitochondrial inner membrane m-AAA protease component AFG3L2 isoform X3 [Rhinopithecus bieti],0.8238
AFG3L2,Cebus imitator,XP_017353956.1,XP_017353956.1 AFG3-like protein 2 [Cebus imitator],0.9668
AFG3L2,Microcebus murinus,XP_012601631.1,XP_012601631.1 mitochondrial inner membrane m-AAA protease component AFG3L2 [Microcebus murinus],0.9562
AFG3L2,Propithecus coquereli,XP_012505422.1,XP_012505422.1 PREDICTED: AFG3-like protein 2 [Propithecus coquereli],0.8067
AFG3L2,Aotus nancymaae,XP_012325483.1,XP_012325483.1 AFG3-like protein 2 isoform X2 [Aotus nancymaae],0.8493
AFG3L2,Cercocebus atys,XP_011944139.1,XP_011944139.1 PREDICTED: AFG3-like protein 2 isoform X2 [Cercocebus atys],0.8838
AFG3L2,Mandrillus leucophaeus,XP_011840938.1,XP_011840938.1 PREDICTED: AFG3-like protein 2 [Mandrillus leucophaeus],0.9271
AFG3L2,Colobus angolensis palliatus,XP_011792051.1,XP_011792051.1 PREDICTED: AFG3-like protein 2 [Colobus angolensis palliatus],0.9264
AFG3L2,Rhinopithecus roxellana,XP_030781837.1,XP_030781837.1 AFG3-like protein 2 isoform X2 [Rhinopithecus roxellana],0.6866
AFG3L2,Macaca fascicularis,XP_073879061.1,XP_073879061.1 mitochondrial inner membrane m-AAA protease component AFG3L2 isoform X3 [Macaca fascicularis],0.8445
AFG3L2,Gorilla gorilla gorilla,XP_055224404.1,XP_055224404.1 mitochondrial inner membrane m-AAA protease component AFG3L2 isoform X2 [Gorilla gorilla gorilla],0.8972
AFG3L2,Saimiri boliviensis,XP_074239885.1,XP_074239885.1 mitochondrial inner membrane m-AAA protease component AFG3L2 isoform X2 [Saimiri boliviensis],0.911
AFG3L2,Otolemur garnettii,XP_023375225.1,XP_023375225.1 AFG3-like protein 2 isoform X3 [Otolemur garnettii],0.8294
AFG3L2,Nomascus leucogenys,XP_030666644.1,XP_030666644.1 AFG3-like protein 2 [Nomascus leucogenys],0.9916
AFG3L2,Pongo abelii,XP_063572904.1,XP_063572904.1 mitochondrial inner membrane m-AAA protease component AFG3L2 isoform X3 [Pongo abelii],0.9124
AGA,Homo sapiens,XP_054205122.1,XP_054205122.1 N(4)-(beta-N-acetylglucosaminyl)-L-asparaginase isoform X1 [Homo sapiens],0.5801
AGA,Macaca mulatta,XP_077857739.1,XP_077857739.1 N(4)-(beta-N-acetylglucosaminyl)-L-asparaginase isoform X2 [Macaca mulatta],0.8486
AGA,Pan troglodytes,XP_517545.3,XP_517545.3 N(4)-(beta-N-acetylglucosaminyl)-L-asparaginase [Pan troglodytes],0.9924
AGA,Macaca fascicularis,XP_045249019.2,XP_045249019.2 N(4)-(beta-N-acetylglucosaminyl)-L-asparaginase isoform X1 [Macaca fascicularis],0.9504
AGA,Callithrix jacchus,XP_002745240.4,XP_002745240.4 N(4)-(beta-N-acetylglucosaminyl)-L-asparaginase [Callithrix jacchus],0.8971
AGA,Eulemur rufifrons,XP_069349878.1,XP_069349878.1 N(4)-(beta-N-acetylglucosaminyl)-L-asparaginase isoform X2 [Eulemur rufifrons],0.8388
AGA,Symphalangus syndactylus,XP_055132452.1,XP_055132452.1 N(4)-(beta-N-acetylglucosaminyl)-L-asparaginase isoform X3 [Symphalangus syndactylus],0.86
AGA,Pongo pygmaeus,XP_054341486.1,XP_054341486.1 N(4)-(beta-N-acetylglucosaminyl)-L-asparaginase isoform X2 [Pongo pygmaeus],0.9657
AGA,Nycticebus coucang,XP_053441139.1,XP_053441139.1 N(4)-(beta-N-acetylglucosaminyl)-L-asparaginase [Nycticebus coucang],0.8377
AGA,Macaca thibetana thibetana,XP_050645850.1,XP_050645850.1 N(4)-(beta-N-acetylglucosaminyl)-L-asparaginase [Macaca thibetana thibetana],0.9537
AGA,Lemur catta,XP_045408423.1,XP_045408423.1 N(4)-(beta-N-acetylglucosaminyl)-L-asparaginase [Lemur catta],0.8617
AGA,Trachypithecus francoisi,XP_033071640.1,XP_033071640.1 N(4)-(beta-N-acetylglucosaminyl)-L-asparaginase isoform X2 [Trachypithecus francoisi],0.9134
AGA,Sapajus apella,XP_032154602.1,XP_032154602.1 N(4)-(beta-N-acetylglucosaminyl)-L-asparaginase [Sapajus apella],0.9069
AGA,Hylobates moloch,XP_058292890.1,XP_058292890.1 N(4)-(beta-N-acetylglucosaminyl)-L-asparaginase isoform X3 [Hylobates moloch],0.7663
AGA,Theropithecus gelada,XP_086585750.1,XP_086585750.1 N(4)-(beta-N-acetylglucosaminyl)-L-asparaginase isoform X5 [Theropithecus gelada],0.8366
AGA,Piliocolobus tephrosceles,XP_023085186.1,XP_023085186.1 N(4)-(beta-N-acetylglucosaminyl)-L-asparaginase isoform X2 [Piliocolobus tephrosceles],0.9014
AGA,Rhinopithecus bieti,XP_017734596.1,XP_017734596.1 N(4)-(beta-N-acetylglucosaminyl)-L-asparaginase isoform X2 [Rhinopithecus bieti],0.9112
AGA,Cebus imitator,XP_017397693.1,XP_017397693.1 N(4)-(beta-N-acetylglucosaminyl)-L-asparaginase [Cebus imitator],0.9025
AGA,Microcebus murinus,XP_012626187.1,XP_012626187.1 N(4)-(beta-N-acetylglucosaminyl)-L-asparaginase [Microcebus murinus],0.8725
AGA,Propithecus coquereli,XP_012507102.1,XP_012507102.1 PREDICTED: N(4)-(beta-N-acetylglucosaminyl)-L-asparaginase isoform X2 [Propithecus coquereli],0.8524
AGA,Aotus nancymaae,XP_012324013.1,XP_012324013.1 N(4)-(beta-N-acetylglucosaminyl)-L-asparaginase [Aotus nancymaae],0.9036
AGA,Cercocebus atys,XP_011941715.1,XP_011941715.1 PREDICTED: LOW QUALITY PROTEIN: N(4)-(beta-N-acetylglucosaminyl)-L-asparaginase [Cercocebus atys],0.8775
AGA,Mandrillus leucophaeus,XP_011840945.1,XP_011840945.1 PREDICTED: N(4)-(beta-N-acetylglucosaminyl)-L-asparaginase isoform X2 [Mandrillus leucophaeus],0.909
AGA,Colobus angolensis palliatus,XP_011814968.1,XP_011814968.1 PREDICTED: N(4)-(beta-N-acetylglucosaminyl)-L-asparaginase isoform X2 [Colobus angolensis palliatus],0.9047
AGA,Macaca nemestrina,XP_070948904.1,XP_070948904.1 N(4)-(beta-N-acetylglucosaminyl)-L-asparaginase isoform X2 [Macaca nemestrina],0.8312
AGA,Rhinopithecus roxellana,XP_010382370.1,XP_010382370.1 N(4)-(beta-N-acetylglucosaminyl)-L-asparaginase isoform X2 [Rhinopithecus roxellana],0.9129
AGA,Carlito syrichta,XP_008047952.1,"XP_008047952.1 N(4)-(beta-N-acetylglucosaminyl)-L-asparaginase, partial [Carlito syrichta]",0.3573
AGA,Chlorocebus sabaeus,XP_007998525.3,XP_007998525.3 N(4)-(beta-N-acetylglucosaminyl)-L-asparaginase [Chlorocebus sabaeus],0.9461
AGA,Gorilla gorilla gorilla,XP_004040712.4,XP_004040712.4 N(4)-(beta-N-acetylglucosaminyl)-L-asparaginase [Gorilla gorilla gorilla],0.9798
AGA,Saimiri boliviensis,XP_074252759.1,XP_074252759.1 N(4)-(beta-N-acetylglucosaminyl)-L-asparaginase isoform X2 [Saimiri boliviensis],0.6743
AGA,Papio anubis,XP_021794655.1,XP_021794655.1 N(4)-(beta-N-acetylglucosaminyl)-L-asparaginase isoform X2 [Papio anubis],0.9107
AGA,Pan paniscus,XP_003823488.1,XP_003823488.1 N(4)-(beta-N-acetylglucosaminyl)-L-asparaginase [Pan paniscus],0.9886
AGA,Otolemur garnettii,XP_003792845.1,XP_003792845.1 N(4)-(beta-N-acetylglucosaminyl)-L-asparaginase [Otolemur garnettii],0.8284
AGA,Nomascus leucogenys,XP_003276720.1,XP_003276720.1 N(4)-(beta-N-acetylglucosaminyl)-L-asparaginase [Nomascus leucogenys],0.9706
AGA,Pongo abelii,XP_009238751.1,XP_009238751.1 N(4)-(beta-N-acetylglucosaminyl)-L-asparaginase [Pongo abelii],0.9679
AGL,Homo sapiens,XP_016855990.1,XP_016855990.1 glycogen debranching enzyme isoform X2 [Homo sapiens],0.5449
AGL,Macaca mulatta,XP_077808717.1,XP_077808717.1 glycogen debranching enzyme isoform X2 [Macaca mulatta],0.8919
AGL,Pan troglodytes,XP_001159306.1,XP_001159306.1 glycogen debranching enzyme [Pan troglodytes],0.9988
AGL,Callithrix jacchus,XP_017824817.2,XP_017824817.2 glycogen debranching enzyme isoform X1 [Callithrix jacchus],0.9753
AGL,Eulemur rufifrons,XP_069336302.1,XP_069336302.1 glycogen debranching enzyme [Eulemur rufifrons],0.9593
AGL,Symphalangus syndactylus,XP_063481653.1,XP_063481653.1 glycogen debranching enzyme isoform X4 [Symphalangus syndactylus],0.8523
AGL,Pongo pygmaeus,XP_063508723.1,XP_063508723.1 glycogen debranching enzyme isoform X3 [Pongo pygmaeus],0.8997
AGL,Nycticebus coucang,XP_053447325.1,XP_053447325.1 LOW QUALITY PROTEIN: glycogen debranching enzyme [Nycticebus coucang],0.9497
AGL,Macaca thibetana thibetana,XP_050634567.1,XP_050634567.1 glycogen debranching enzyme [Macaca thibetana thibetana],0.9828
AGL,Lemur catta,XP_045403419.1,XP_045403419.1 glycogen debranching enzyme [Lemur catta],0.9387
AGL,Trachypithecus francoisi,XP_033053088.1,XP_033053088.1 glycogen debranching enzyme isoform X2 [Trachypithecus francoisi],0.8919
AGL,Sapajus apella,XP_032118807.1,XP_032118807.1 glycogen debranching enzyme isoform X4 [Sapajus apella],0.9038
AGL,Hylobates moloch,XP_032011173.1,XP_032011173.1 glycogen debranching enzyme [Hylobates moloch],0.99
AGL,Theropithecus gelada,XP_025258676.1,XP_025258676.1 glycogen debranching enzyme [Theropithecus gelada],0.9824
AGL,Piliocolobus tephrosceles,XP_023047081.1,XP_023047081.1 glycogen debranching enzyme isoform X2 [Piliocolobus tephrosceles],0.891
AGL,Rhinopithecus bieti,XP_017720630.1,XP_017720630.1 LOW QUALITY PROTEIN: glycogen debranching enzyme [Rhinopithecus bieti],0.9791
AGL,Cebus imitator,XP_037601329.1,XP_037601329.1 glycogen debranching enzyme isoform X4 [Cebus imitator],0.9005
AGL,Microcebus murinus,XP_012604081.2,XP_012604081.2 glycogen debranching enzyme [Microcebus murinus],0.9568
AGL,Propithecus coquereli,XP_012510289.1,XP_012510289.1 PREDICTED: glycogen debranching enzyme [Propithecus coquereli],0.8862
AGL,Aotus nancymaae,XP_012313884.2,XP_012313884.2 glycogen debranching enzyme [Aotus nancymaae],0.9797
AGL,Cercocebus atys,XP_011924794.1,XP_011924794.1 PREDICTED: LOW QUALITY PROTEIN: glycogen debranching enzyme [Cercocebus atys],0.9213
AGL,Mandrillus leucophaeus,XP_011847945.1,XP_011847945.1 PREDICTED: glycogen debranching enzyme [Mandrillus leucophaeus],0.9568
AGL,Colobus angolensis palliatus,XP_011790616.1,XP_011790616.1 PREDICTED: glycogen debranching enzyme [Colobus angolensis palliatus],0.9252
AGL,Macaca nemestrina,XP_011746123.2,XP_011746123.2 glycogen debranching enzyme isoform X2 [Macaca nemestrina],0.892
AGL,Rhinopithecus roxellana,XP_010375524.2,XP_010375524.2 glycogen debranching enzyme isoform X2 [Rhinopithecus roxellana],0.8908
AGL,Carlito syrichta,XP_008062909.1,XP_008062909.1 glycogen debranching enzyme [Carlito syrichta],0.9417
AGL,Chlorocebus sabaeus,XP_007976034.2,XP_007976034.2 glycogen debranching enzyme isoform X2 [Chlorocebus sabaeus],0.8916
AGL,Macaca fascicularis,XP_073856956.1,XP_073856956.1 glycogen debranching enzyme isoform X2 [Macaca fascicularis],0.8638
AGL,Gorilla gorilla gorilla,XP_018890207.1,XP_018890207.1 glycogen debranching enzyme [Gorilla gorilla gorilla],0.9979
AGL,Saimiri boliviensis,XP_074237474.1,XP_074237474.1 glycogen debranching enzyme isoform X2 [Saimiri boliviensis],0.889
AGL,Papio anubis,XP_031507009.1,XP_031507009.1 glycogen debranching enzyme isoform X3 [Papio anubis],0.891
AGL,Pan paniscus,XP_054971534.2,XP_054971534.2 glycogen debranching enzyme isoform X2 [Pan paniscus],0.9676
AGL,Otolemur garnettii,XP_003784170.1,XP_003784170.1 glycogen debranching enzyme [Otolemur garnettii],0.9513
AGL,Nomascus leucogenys,XP_003260151.1,XP_003260151.1 glycogen debranching enzyme [Nomascus leucogenys],0.9911
AGL,Pongo abelii,XP_054386701.1,XP_054386701.1 glycogen debranching enzyme isoform X2 [Pongo abelii],0.9063
AGXT,Homo sapiens,NP_000021.1,NP_000021.1 alanine--glyoxylate aminotransferase [Homo sapiens],1.0
AGXT,Pan troglodytes,XP_024210943.1,XP_024210943.1 alanine--glyoxylate aminotransferase [Pan troglodytes],0.9815
AGXT,Macaca mulatta,XP_077814229.1,XP_077814229.1 alanine--glyoxylate aminotransferase isoform X3 [Macaca mulatta],0.7808
AGXT,Callithrix jacchus,XP_002750020.4,XP_002750020.4 alanine--glyoxylate aminotransferase [Callithrix jacchus],0.907
AGXT,Eulemur rufifrons,XP_069352953.1,XP_069352953.1 alanine--glyoxylate aminotransferase [Eulemur rufifrons],0.8539
AGXT,Symphalangus syndactylus,XP_055143864.1,XP_055143864.1 alanine--glyoxylate aminotransferase [Symphalangus syndactylus],0.9674
AGXT,Pongo pygmaeus,XP_054334987.1,XP_054334987.1 alanine--glyoxylate aminotransferase isoform X2 [Pongo pygmaeus],0.8534
AGXT,Nycticebus coucang,XP_053454048.1,XP_053454048.1 alanine--glyoxylate aminotransferase [Nycticebus coucang],0.867
AGXT,Macaca thibetana thibetana,XP_050607986.1,XP_050607986.1 alanine--glyoxylate aminotransferase [Macaca thibetana thibetana],0.9264
AGXT,Lemur catta,XP_045415864.1,XP_045415864.1 serine--pyruvate aminotransferase [Lemur catta],0.8553
AGXT,Trachypithecus francoisi,XP_033085427.1,XP_033085427.1 LOW QUALITY PROTEIN: serine--pyruvate aminotransferase [Trachypithecus francoisi],0.9201
AGXT,Hylobates moloch,XP_032609172.2,XP_032609172.2 alanine--glyoxylate aminotransferase [Hylobates moloch],0.9644
AGXT,Sapajus apella,XP_032125388.1,XP_032125388.1 serine--pyruvate aminotransferase isoform X2 [Sapajus apella],0.6853
AGXT,Theropithecus gelada,XP_025260587.1,XP_025260587.1 alanine--glyoxylate aminotransferase [Theropithecus gelada],0.9279
AGXT,Piliocolobus tephrosceles,XP_023050886.1,XP_023050886.1 alanine--glyoxylate aminotransferase [Piliocolobus tephrosceles],0.9235
AGXT,Rhinopithecus bieti,XP_017716141.1,XP_017716141.1 LOW QUALITY PROTEIN: alanine--glyoxylate aminotransferase [Rhinopithecus bieti],0.7793
AGXT,Cebus imitator,XP_017366222.1,XP_017366222.1 serine--pyruvate aminotransferase isoform X2 [Cebus imitator],0.6863
AGXT,Microcebus murinus,XP_012611190.1,XP_012611190.1 alanine--glyoxylate aminotransferase [Microcebus murinus],0.8607
AGXT,Propithecus coquereli,XP_012517881.1,XP_012517881.1 PREDICTED: serine--pyruvate aminotransferase [Propithecus coquereli],0.8446
AGXT,Aotus nancymaae,XP_064239499.1,XP_064239499.1 alanine--glyoxylate aminotransferase isoform X2 [Aotus nancymaae],0.7876
AGXT,Cercocebus atys,XP_011896991.1,XP_011896991.1 PREDICTED: serine--pyruvate aminotransferase [Cercocebus atys],0.9328
AGXT,Mandrillus leucophaeus,XP_011851782.1,XP_011851782.1 PREDICTED: serine--pyruvate aminotransferase [Mandrillus leucophaeus],0.9333
AGXT,Colobus angolensis palliatus,XP_011784959.1,XP_011784959.1 PREDICTED: serine--pyruvate aminotransferase [Colobus angolensis palliatus],0.9162
AGXT,Macaca nemestrina,XP_011726084.1,XP_011726084.1 alanine--glyoxylate aminotransferase [Macaca nemestrina],0.9299
AGXT,Rhinopithecus roxellana,XP_010375322.1,XP_010375322.1 serine--pyruvate aminotransferase [Rhinopithecus roxellana],0.9235
AGXT,Carlito syrichta,XP_008052438.1,XP_008052438.1 serine--pyruvate aminotransferase [Carlito syrichta],0.8855
AGXT,Chlorocebus sabaeus,XP_007965133.1,XP_007965133.1 alanine--glyoxylate aminotransferase [Chlorocebus sabaeus],0.9576
AGXT,Macaca fascicularis,XP_073866861.1,XP_073866861.1 alanine--glyoxylate aminotransferase isoform X9 [Macaca fascicularis],0.3799
AGXT,Gorilla gorilla gorilla,XP_018878332.3,XP_018878332.3 alanine--glyoxylate aminotransferase [Gorilla gorilla gorilla],0.9377
AGXT,Saimiri boliviensis,XP_074254842.1,XP_074254842.1 alanine--glyoxylate aminotransferase isoform X2 [Saimiri boliviensis],0.888
AGXT,Papio anubis,XP_003908226.1,XP_003908226.1 serine--pyruvate aminotransferase [Papio anubis],0.9308
AGXT,Pan paniscus,XP_003813122.2,XP_003813122.2 alanine--glyoxylate aminotransferase [Pan paniscus],0.9791
AGXT,Otolemur garnettii,XP_003798296.1,XP_003798296.1 serine--pyruvate aminotransferase [Otolemur garnettii],0.8529
AGXT,Nomascus leucogenys,XP_030658870.1,XP_030658870.1 serine--pyruvate aminotransferase [Nomascus leucogenys],0.9644
AGXT,Pongo abelii,NP_001125018.1,NP_001125018.1 alanine--glyoxylate aminotransferase [Pongo abelii],0.9591
AHDC1,Homo sapiens,XP_054191992.1,XP_054191992.1 transcription factor Gibbin isoform X1 [Homo sapiens],0.9995
AHDC1,Macaca mulatta,XP_002808328.4,XP_002808328.4 transcription factor Gibbin [Macaca mulatta],0.9908
AHDC1,Callithrix jacchus,XP_035164225.1,XP_035164225.1 transcription factor Gibbin [Callithrix jacchus],0.9849
AHDC1,Eulemur rufifrons,XP_069335743.1,XP_069335743.1 transcription factor Gibbin [Eulemur rufifrons],0.9786
AHDC1,Symphalangus syndactylus,XP_055117231.1,XP_055117231.1 transcription factor Gibbin [Symphalangus syndactylus],0.9935
AHDC1,Pongo pygmaeus,XP_054354620.1,XP_054354620.1 transcription factor Gibbin [Pongo pygmaeus],0.9924
AHDC1,Nycticebus coucang,XP_053431850.1,XP_053431850.1 transcription factor Gibbin [Nycticebus coucang],0.9714
AHDC1,Lemur catta,XP_045401772.1,XP_045401772.1 AT-hook DNA-binding motif-containing protein 1 [Lemur catta],0.9798
AHDC1,Trachypithecus francoisi,XP_033083464.1,XP_033083464.1 AT-hook DNA-binding motif-containing protein 1 [Trachypithecus francoisi],0.9904
AHDC1,Hylobates moloch,XP_032615353.1,XP_032615353.1 transcription factor Gibbin [Hylobates moloch],0.9915
AHDC1,Sapajus apella,XP_032156904.1,XP_032156904.1 AT-hook DNA-binding motif-containing protein 1 [Sapajus apella],0.9871
AHDC1,Theropithecus gelada,XP_025218791.1,XP_025218791.1 LOW QUALITY PROTEIN: transcription factor Gibbin [Theropithecus gelada],0.9917
AHDC1,Piliocolobus tephrosceles,XP_023075272.2,XP_023075272.2 transcription factor Gibbin [Piliocolobus tephrosceles],0.9885
AHDC1,Gorilla gorilla gorilla,XP_018869161.1,XP_018869161.1 PREDICTED: AT-hook DNA-binding motif-containing protein 1 [Gorilla gorilla gorilla],0.899
AHDC1,Rhinopithecus bieti,XP_017711892.1,XP_017711892.1 transcription factor Gibbin [Rhinopithecus bieti],0.9881
AHDC1,Cebus imitator,XP_017390185.1,XP_017390185.1 AT-hook DNA-binding motif-containing protein 1 [Cebus imitator],0.9862
AHDC1,Pan troglodytes,XP_003307958.1,XP_003307958.1 transcription factor Gibbin [Pan troglodytes],0.997
AHDC1,Microcebus murinus,XP_012606174.1,XP_012606174.1 transcription factor Gibbin [Microcebus murinus],0.9766
AHDC1,Propithecus coquereli,XP_012501475.1,XP_012501475.1 PREDICTED: AT-hook DNA-binding motif-containing protein 1 [Propithecus coquereli],0.9788
AHDC1,Aotus nancymaae,XP_064219601.1,XP_064219601.1 LOW QUALITY PROTEIN: transcription factor Gibbin [Aotus nancymaae],0.9895
AHDC1,Mandrillus leucophaeus,XP_011837077.1,XP_011837077.1 PREDICTED: AT-hook DNA-binding motif-containing protein 1 [Mandrillus leucophaeus],0.9905
AHDC1,Colobus angolensis palliatus,XP_011810948.1,XP_011810948.1 PREDICTED: AT-hook DNA-binding motif-containing protein 1 [Colobus angolensis palliatus],0.986
AHDC1,Macaca nemestrina,XP_070953855.1,XP_070953855.1 transcription factor Gibbin [Macaca nemestrina],0.9903
AHDC1,Carlito syrichta,XP_021569213.1,XP_021569213.1 LOW QUALITY PROTEIN: AT-hook DNA-binding motif-containing protein 1 [Carlito syrichta],0.9245
AHDC1,Chlorocebus sabaeus,XP_037841552.2,XP_037841552.2 LOW QUALITY PROTEIN: transcription factor Gibbin [Chlorocebus sabaeus],0.9919
AHDC1,Macaca fascicularis,XP_005544323.2,XP_005544323.2 transcription factor Gibbin [Macaca fascicularis],0.9903
AHDC1,Saimiri boliviensis,XP_039329949.1,XP_039329949.1 transcription factor Gibbin [Saimiri boliviensis],0.9884
AHDC1,Papio anubis,XP_003891468.1,XP_003891468.1 AT-hook DNA-binding motif-containing protein 1 [Papio anubis],0.9912
AHDC1,Pan paniscus,XP_003828119.1,XP_003828119.1 PREDICTED: LOW QUALITY PROTEIN: AT-hook DNA-binding motif-containing protein 1 [Pan paniscus],0.9968
AHDC1,Otolemur garnettii,XP_003799869.1,XP_003799869.1 AT-hook DNA-binding motif-containing protein 1 [Otolemur garnettii],0.9715
AHDC1,Nomascus leucogenys,XP_030661218.1,XP_030661218.1 AT-hook DNA-binding motif-containing protein 1 [Nomascus leucogenys],0.9919
AHDC1,Pongo abelii,XP_024089407.2,XP_024089407.2 transcription factor Gibbin [Pongo abelii],0.9931
AHDC1,Saimiri boliviensis boliviensis,XP_003921395.1,XP_003921395.1 PREDICTED: AT-hook DNA-binding motif-containing protein 1 [Saimiri boliviensis boliviensis],0.9642
AHI1,Homo sapiens,XP_054211718.1,XP_054211718.1 jouberin isoform X8 [Homo sapiens],0.8621
AHI1,Macaca mulatta,XP_077857341.1,XP_077857341.1 jouberin isoform X12 [Macaca mulatta],0.8469
AHI1,Pan troglodytes,XP_063668724.1,XP_063668724.1 jouberin isoform X7 [Pan troglodytes],0.9336
AHI1,Macaca fascicularis,XP_073893183.1,XP_073893183.1 jouberin isoform X16 [Macaca fascicularis],0.5786
AHI1,Callithrix jacchus,XP_078226252.1,XP_078226252.1 jouberin isoform X21 [Callithrix jacchus],0.7785
AHI1,Eulemur rufifrons,XP_069343843.1,XP_069343843.1 jouberin [Eulemur rufifrons],0.7187
AHI1,Symphalangus syndactylus,XP_063487340.1,XP_063487340.1 jouberin isoform X12 [Symphalangus syndactylus],0.7634
AHI1,Pongo pygmaeus,XP_063522700.1,XP_063522700.1 jouberin isoform X16 [Pongo pygmaeus],0.8055
AHI1,Nycticebus coucang,XP_053447621.1,XP_053447621.1 jouberin isoform X5 [Nycticebus coucang],0.7244
AHI1,Macaca thibetana thibetana,XP_050643886.1,XP_050643886.1 jouberin isoform X11 [Macaca thibetana thibetana],0.7925
AHI1,Lemur catta,XP_045400374.1,XP_045400374.1 jouberin isoform X6 [Lemur catta],0.8014
AHI1,Trachypithecus francoisi,XP_033091276.1,XP_033091276.1 jouberin isoform X8 [Trachypithecus francoisi],0.7936
AHI1,Sapajus apella,XP_032130607.1,XP_032130607.1 jouberin isoform X8 [Sapajus apella],0.7674
AHI1,Hylobates moloch,XP_058291563.1,XP_058291563.1 jouberin isoform X7 [Hylobates moloch],0.8085
AHI1,Theropithecus gelada,XP_086584251.1,XP_086584251.1 jouberin [Theropithecus gelada],0.7954
AHI1,Piliocolobus tephrosceles,XP_031791405.1,XP_031791405.1 jouberin isoform X1 [Piliocolobus tephrosceles],0.9317
AHI1,Rhinopithecus bieti,XP_017730970.1,XP_017730970.1 LOW QUALITY PROTEIN: jouberin [Rhinopithecus bieti],0.9423
AHI1,Cebus imitator,XP_037590699.1,XP_037590699.1 jouberin isoform X7 [Cebus imitator],0.7536
AHI1,Microcebus murinus,XP_012594925.1,XP_012594925.1 jouberin isoform X4 [Microcebus murinus],0.815
AHI1,Propithecus coquereli,XP_012520629.1,XP_012520629.1 PREDICTED: LOW QUALITY PROTEIN: jouberin [Propithecus coquereli],0.4072
AHI1,Aotus nancymaae,XP_064216725.1,XP_064216725.1 jouberin isoform X6 [Aotus nancymaae],0.7312
AHI1,Cercocebus atys,XP_011946996.1,XP_011946996.1 PREDICTED: jouberin isoform X25 [Cercocebus atys],0.7872
AHI1,Mandrillus leucophaeus,XP_011846863.1,XP_011846863.1 PREDICTED: jouberin [Mandrillus leucophaeus],0.8681
AHI1,Colobus angolensis palliatus,XP_011817503.1,XP_011817503.1 PREDICTED: jouberin isoform X3 [Colobus angolensis palliatus],0.788
AHI1,Macaca nemestrina,XP_070952597.1,XP_070952597.1 jouberin isoform X9 [Macaca nemestrina],0.9171
AHI1,Rhinopithecus roxellana,XP_030785212.1,XP_030785212.1 LOW QUALITY PROTEIN: jouberin [Rhinopithecus roxellana],0.9448
AHI1,Carlito syrichta,XP_021571896.1,XP_021571896.1 jouberin isoform X1 [Carlito syrichta],0.8397
AHI1,Chlorocebus sabaeus,XP_072878597.1,XP_072878597.1 jouberin isoform X9 [Chlorocebus sabaeus],0.7951
AHI1,Gorilla gorilla gorilla,XP_063563957.1,XP_063563957.1 jouberin isoform X8 [Gorilla gorilla gorilla],0.7151
AHI1,Saimiri boliviensis,XP_074253528.1,XP_074253528.1 jouberin isoform X13 [Saimiri boliviensis],0.741
AHI1,Papio anubis,XP_031523267.1,XP_031523267.1 jouberin isoform X15 [Papio anubis],0.7957
AHI1,Pan paniscus,XP_063461077.1,XP_063461077.1 jouberin isoform X5 [Pan paniscus],0.8267
AHI1,Otolemur garnettii,XP_023369307.1,XP_023369307.1 jouberin [Otolemur garnettii],0.7182
AHI1,Nomascus leucogenys,XP_030665585.1,XP_030665585.1 jouberin isoform X6 [Nomascus leucogenys],0.8125
AHI1,Pongo abelii,XP_063581066.1,XP_063581066.1 jouberin isoform X7 [Pongo abelii],0.8479
AIPL1,Homo sapiens,NP_055151.3,NP_055151.3 aryl-hydrocarbon-interacting protein-like 1 isoform 1 [Homo sapiens],1.0
AIPL1,Macaca mulatta,NP_001028104.4,NP_001028104.4 aryl-hydrocarbon-interacting protein-like 1 [Macaca mulatta],0.9491
AIPL1,Pan troglodytes,XP_063655580.1,XP_063655580.1 aryl-hydrocarbon-interacting protein-like 1 isoform X2 [Pan troglodytes],0.7881
AIPL1,Saimiri boliviensis,XP_010340102.1,XP_010340102.1 aryl-hydrocarbon-interacting protein-like 1 isoform X5 [Saimiri boliviensis],0.7171
AIPL1,Pan paniscus,XP_063454661.1,XP_063454661.1 aryl-hydrocarbon-interacting protein-like 1 isoform X3 [Pan paniscus],0.6251
AIPL1,Eulemur rufifrons,XP_069339201.1,XP_069339201.1 aryl-hydrocarbon-interacting protein-like 1 [Eulemur rufifrons],0.8439
AIPL1,Symphalangus syndactylus,XP_055114718.1,XP_055114718.1 aryl-hydrocarbon-interacting protein-like 1 isoform X7 [Symphalangus syndactylus],0.5928
AIPL1,Pongo pygmaeus,XP_063511872.1,XP_063511872.1 aryl-hydrocarbon-interacting protein-like 1 [Pongo pygmaeus],0.9251
AIPL1,Nycticebus coucang,XP_053424831.1,XP_053424831.1 aryl-hydrocarbon-interacting protein-like 1 [Nycticebus coucang],0.8223
AIPL1,Macaca thibetana thibetana,XP_050621326.1,XP_050621326.1 aryl-hydrocarbon-interacting protein-like 1 isoform X2 [Macaca thibetana thibetana],0.6123
AIPL1,Lemur catta,XP_045382939.1,XP_045382939.1 aryl-hydrocarbon-interacting protein-like 1 [Lemur catta],0.8096
AIPL1,Trachypithecus francoisi,XP_033040776.1,XP_033040776.1 aryl-hydrocarbon-interacting protein-like 1 [Trachypithecus francoisi],0.9408
AIPL1,Sapajus apella,XP_032136042.1,XP_032136042.1 aryl-hydrocarbon-interacting protein-like 1 isoform X4 [Sapajus apella],0.7019
AIPL1,Hylobates moloch,XP_058287468.1,XP_058287468.1 aryl-hydrocarbon-interacting protein-like 1 isoform X1 [Hylobates moloch],0.9139
AIPL1,Theropithecus gelada,XP_025217557.1,XP_025217557.1 aryl-hydrocarbon-interacting protein-like 1 isoform X6 [Theropithecus gelada],0.7469
AIPL1,Piliocolobus tephrosceles,XP_023040510.1,XP_023040510.1 aryl-hydrocarbon-interacting protein-like 1 isoform X7 [Piliocolobus tephrosceles],0.7274
AIPL1,Rhinopithecus bieti,XP_017706009.1,XP_017706009.1 aryl-hydrocarbon-interacting protein-like 1 isoform X2 [Rhinopithecus bieti],0.7156
AIPL1,Cebus imitator,XP_037598059.1,XP_037598059.1 aryl-hydrocarbon-interacting protein-like 1 isoform X2 [Cebus imitator],0.9143
AIPL1,Microcebus murinus,XP_020136808.2,XP_020136808.2 aryl-hydrocarbon-interacting protein-like 1 [Microcebus murinus],0.8204
AIPL1,Propithecus coquereli,XP_012508019.1,XP_012508019.1 PREDICTED: aryl-hydrocarbon-interacting protein-like 1 [Propithecus coquereli],0.8463
AIPL1,Aotus nancymaae,XP_012315935.3,XP_012315935.3 LOW QUALITY PROTEIN: aryl-hydrocarbon-interacting protein-like 1 [Aotus nancymaae],0.9354
AIPL1,Cercocebus atys,XP_011909575.1,XP_011909575.1 PREDICTED: aryl-hydrocarbon-interacting protein-like 1 isoform X6 [Cercocebus atys],0.7225
AIPL1,Mandrillus leucophaeus,XP_011850058.1,XP_011850058.1 PREDICTED: aryl-hydrocarbon-interacting protein-like 1 isoform X8 [Mandrillus leucophaeus],0.7269
AIPL1,Colobus angolensis palliatus,XP_011813818.1,XP_011813818.1 PREDICTED: aryl-hydrocarbon-interacting protein-like 1 isoform X5 [Colobus angolensis palliatus],0.4484
AIPL1,Macaca nemestrina,XP_070938332.1,XP_070938332.1 aryl-hydrocarbon-interacting protein-like 1 isoform X2 [Macaca nemestrina],0.9388
AIPL1,Rhinopithecus roxellana,XP_010376185.2,XP_010376185.2 aryl-hydrocarbon-interacting protein-like 1 isoform X6 [Rhinopithecus roxellana],0.7337
AIPL1,Carlito syrichta,XP_021563261.1,"XP_021563261.1 aryl-hydrocarbon-interacting protein-like 1, partial [Carlito syrichta]",0.5957
AIPL1,Chlorocebus sabaeus,XP_072861633.1,XP_072861633.1 aryl-hydrocarbon-interacting protein-like 1 isoform X6 [Chlorocebus sabaeus],0.719
AIPL1,Macaca fascicularis,XP_073874482.1,XP_073874482.1 aryl-hydrocarbon-interacting protein-like 1 isoform X1 [Macaca fascicularis],0.8962
AIPL1,Gorilla gorilla gorilla,XP_004058460.5,XP_004058460.5 aryl-hydrocarbon-interacting protein-like 1 isoform X2 [Gorilla gorilla gorilla],0.977
AIPL1,Papio anubis,XP_003912240.3,XP_003912240.3 aryl-hydrocarbon-interacting protein-like 1 [Papio anubis],0.9232
AIPL1,Otolemur garnettii,XP_023374465.1,XP_023374465.1 LOW QUALITY PROTEIN: aryl-hydrocarbon-interacting protein-like 1 [Otolemur garnettii],0.7225
AIPL1,Nomascus leucogenys,XP_012356991.1,XP_012356991.1 aryl-hydrocarbon-interacting protein-like 1 isoform X8 [Nomascus leucogenys],0.5893
AIPL1,Pongo abelii,XP_009249474.3,XP_009249474.3 aryl-hydrocarbon-interacting protein-like 1 isoform X2 [Pongo abelii],0.7543
AIPL1,Callithrix jacchus,XP_035157000.3,XP_035157000.3 aryl-hydrocarbon-interacting protein-like 1 isoform X2 [Callithrix jacchus],0.7078
AIRE,Homo sapiens,NP_000374.1,NP_000374.1 autoimmune regulator [Homo sapiens],1.0
AIRE,Macaca mulatta,XP_077851678.1,XP_077851678.1 autoimmune regulator isoform X5 [Macaca mulatta],0.8956
AIRE,Pan troglodytes,XP_531580.2,XP_531580.2 autoimmune regulator [Pan troglodytes],0.9655
AIRE,Callithrix jacchus,XP_078214854.1,XP_078214854.1 autoimmune regulator isoform X4 [Callithrix jacchus],0.877
AIRE,Eulemur rufifrons,XP_069332773.1,XP_069332773.1 autoimmune regulator [Eulemur rufifrons],0.7316
AIRE,Symphalangus syndactylus,XP_055135855.2,XP_055135855.2 autoimmune regulator isoform X5 [Symphalangus syndactylus],0.7888
AIRE,Pongo pygmaeus,XP_054324938.2,XP_054324938.2 autoimmune regulator [Pongo pygmaeus],0.9611
AIRE,Nycticebus coucang,XP_053421658.1,XP_053421658.1 autoimmune regulator [Nycticebus coucang],0.7553
AIRE,Macaca thibetana thibetana,XP_050640401.1,XP_050640401.1 autoimmune regulator [Macaca thibetana thibetana],0.9335
AIRE,Lemur catta,XP_045414326.1,XP_045414326.1 autoimmune regulator [Lemur catta],0.7805
AIRE,Trachypithecus francoisi,XP_033085279.1,XP_033085279.1 autoimmune regulator [Trachypithecus francoisi],0.9269
AIRE,Sapajus apella,XP_032132456.1,XP_032132456.1 autoimmune regulator isoform X2 [Sapajus apella],0.8722
AIRE,Hylobates moloch,XP_058283893.1,XP_058283893.1 autoimmune regulator [Hylobates moloch],0.9611
AIRE,Nomascus leucogenys,XP_030662217.1,XP_030662217.1 autoimmune regulator [Nomascus leucogenys],0.9387
AIRE,Theropithecus gelada,XP_025236535.1,XP_025236535.1 autoimmune regulator [Theropithecus gelada],0.939
AIRE,Piliocolobus tephrosceles,XP_023048329.1,XP_023048329.1 autoimmune regulator [Piliocolobus tephrosceles],0.9325
AIRE,Rhinopithecus bieti,XP_017744148.1,XP_017744148.1 autoimmune regulator [Rhinopithecus bieti],0.8687
AIRE,Cebus imitator,XP_037597917.1,XP_037597917.1 autoimmune regulator [Cebus imitator],0.8019
AIRE,Microcebus murinus,XP_075856571.1,XP_075856571.1 autoimmune regulator [Microcebus murinus],0.7574
AIRE,Propithecus coquereli,XP_012516977.1,XP_012516977.1 PREDICTED: autoimmune regulator [Propithecus coquereli],0.7812
AIRE,Aotus nancymaae,XP_012300124.2,XP_012300124.2 autoimmune regulator [Aotus nancymaae],0.8756
AIRE,Cercocebus atys,XP_011892822.1,XP_011892822.1 PREDICTED: autoimmune regulator isoform X8 [Cercocebus atys],0.7977
AIRE,Mandrillus leucophaeus,XP_011857992.1,XP_011857992.1 PREDICTED: autoimmune regulator [Mandrillus leucophaeus],0.8539
AIRE,Colobus angolensis palliatus,XP_011809621.1,XP_011809621.1 PREDICTED: autoimmune regulator [Colobus angolensis palliatus],0.8622
AIRE,Macaca nemestrina,XP_070951900.1,XP_070951900.1 autoimmune regulator isoform X8 [Macaca nemestrina],0.45
AIRE,Rhinopithecus roxellana,XP_010358410.2,XP_010358410.2 autoimmune regulator [Rhinopithecus roxellana],0.938
AIRE,Carlito syrichta,XP_021567211.1,XP_021567211.1 autoimmune regulator [Carlito syrichta],0.7529
AIRE,Chlorocebus sabaeus,XP_007968013.3,XP_007968013.3 autoimmune regulator [Chlorocebus sabaeus],0.9225
AIRE,Macaca fascicularis,XP_073890025.1,XP_073890025.1 autoimmune regulator isoform X10 [Macaca fascicularis],0.7739
AIRE,Gorilla gorilla gorilla,XP_004062941.4,XP_004062941.4 autoimmune regulator [Gorilla gorilla gorilla],0.9859
AIRE,Saimiri boliviensis,XP_039336352.2,XP_039336352.2 autoimmune regulator [Saimiri boliviensis],0.8773
AIRE,Papio anubis,XP_031521648.1,XP_031521648.1 autoimmune regulator isoform X2 [Papio anubis],0.9269
AIRE,Pan paniscus,XP_008975805.4,XP_008975805.4 autoimmune regulator [Pan paniscus],0.9824
AIRE,Otolemur garnettii,XP_003798178.1,XP_003798178.1 autoimmune regulator [Otolemur garnettii],0.764
AIRE,Pongo abelii,XP_002830803.3,"XP_002830803.3 PREDICTED: autoimmune regulator, partial [Pongo abelii]",0.256
ALDH3A2,Homo sapiens,XP_024306419.1,XP_024306419.1 aldehyde dehydrogenase family 3 member A2 isoform X2 [Homo sapiens],0.511
ALDH3A2,Macaca mulatta,XP_014974283.2,XP_014974283.2 aldehyde dehydrogenase family 3 member A2 isoform X2 [Macaca mulatta],0.9721
ALDH3A2,Pan troglodytes,XP_063655806.1,XP_063655806.1 aldehyde dehydrogenase family 3 member A2 isoform X5 [Pan troglodytes],0.9936
ALDH3A2,Callithrix jacchus,XP_078229310.1,XP_078229310.1 aldehyde dehydrogenase family 3 member A2 isoform X21 [Callithrix jacchus],0.5181
ALDH3A2,Eulemur rufifrons,XP_069337966.1,XP_069337966.1 aldehyde dehydrogenase family 3 member A2 isoform X3 [Eulemur rufifrons],0.7431
ALDH3A2,Symphalangus syndactylus,XP_063473903.1,XP_063473903.1 aldehyde dehydrogenase family 3 member A2 isoform X9 [Symphalangus syndactylus],0.5277
ALDH3A2,Pongo pygmaeus,XP_063512305.1,XP_063512305.1 aldehyde dehydrogenase family 3 member A2 isoform X4 [Pongo pygmaeus],0.6252
ALDH3A2,Nycticebus coucang,XP_053424587.1,XP_053424587.1 aldehyde dehydrogenase family 3 member A2 isoform X2 [Nycticebus coucang],0.9287
ALDH3A2,Lemur catta,XP_045425422.1,XP_045425422.1 aldehyde dehydrogenase family 3 member A2 isoform X3 [Lemur catta],0.4859
ALDH3A2,Trachypithecus francoisi,XP_033046574.1,XP_033046574.1 aldehyde dehydrogenase family 3 member A2 isoform X4 [Trachypithecus francoisi],0.6543
ALDH3A2,Sapajus apella,XP_032125104.1,XP_032125104.1 aldehyde dehydrogenase family 3 member A2 isoform X4 [Sapajus apella],0.9594
ALDH3A2,Hylobates moloch,XP_058284957.1,XP_058284957.1 aldehyde dehydrogenase family 3 member A2 isoform X2 [Hylobates moloch],0.9638
ALDH3A2,Theropithecus gelada,XP_086581853.1,XP_086581853.1 aldehyde dehydrogenase family 3 member A2 isoform X2 [Theropithecus gelada],0.9729
ALDH3A2,Piliocolobus tephrosceles,XP_031790093.1,XP_031790093.1 aldehyde dehydrogenase family 3 member A2 isoform X4 [Piliocolobus tephrosceles],0.5006
ALDH3A2,Rhinopithecus bieti,XP_017717461.1,XP_017717461.1 LOW QUALITY PROTEIN: aldehyde dehydrogenase family 3 member A2 [Rhinopithecus bieti],0.9709
ALDH3A2,Cebus imitator,XP_017370393.1,XP_017370393.1 aldehyde dehydrogenase family 3 member A2 isoform X3 [Cebus imitator],0.9458
ALDH3A2,Microcebus murinus,XP_012603415.1,XP_012603415.1 aldehyde dehydrogenase family 3 member A2 isoform X2 [Microcebus murinus],0.9534
ALDH3A2,Propithecus coquereli,XP_012506883.1,XP_012506883.1 PREDICTED: fatty aldehyde dehydrogenase isoform X2 [Propithecus coquereli],0.9442
ALDH3A2,Aotus nancymaae,XP_012327502.2,XP_012327502.2 aldehyde dehydrogenase family 3 member A2 isoform X2 [Aotus nancymaae],0.9681
ALDH3A2,Cercocebus atys,XP_011932581.1,XP_011932581.1 PREDICTED: fatty aldehyde dehydrogenase isoform X2 [Cercocebus atys],0.9721
ALDH3A2,Mandrillus leucophaeus,XP_011853644.1,XP_011853644.1 PREDICTED: fatty aldehyde dehydrogenase [Mandrillus leucophaeus],0.9757
ALDH3A2,Colobus angolensis palliatus,XP_011813681.1,XP_011813681.1 PREDICTED: fatty aldehyde dehydrogenase isoform X2 [Colobus angolensis palliatus],0.9705
ALDH3A2,Macaca nemestrina,XP_011759209.1,XP_011759209.1 aldehyde dehydrogenase family 3 member A2 isoform X3 [Macaca nemestrina],0.9498
ALDH3A2,Rhinopithecus roxellana,XP_010362702.2,XP_010362702.2 aldehyde dehydrogenase family 3 member A2 isoform X2 [Rhinopithecus roxellana],0.9717
ALDH3A2,Carlito syrichta,XP_008060790.1,XP_008060790.1 fatty aldehyde dehydrogenase isoform X2 [Carlito syrichta],0.92
ALDH3A2,Chlorocebus sabaeus,XP_072860860.1,XP_072860860.1 aldehyde dehydrogenase family 3 member A2 isoform X2 [Chlorocebus sabaeus],0.9721
ALDH3A2,Macaca fascicularis,XP_073874905.1,XP_073874905.1 aldehyde dehydrogenase family 3 member A2 isoform X3 [Macaca fascicularis],0.7794
ALDH3A2,Gorilla gorilla gorilla,XP_055241926.1,XP_055241926.1 aldehyde dehydrogenase family 3 member A2 isoform X4 [Gorilla gorilla gorilla],0.7869
ALDH3A2,Saimiri boliviensis,XP_039332245.1,XP_039332245.1 aldehyde dehydrogenase family 3 member A2 isoform X2 [Saimiri boliviensis],0.9665
ALDH3A2,Papio anubis,XP_031513273.1,XP_031513273.1 aldehyde dehydrogenase family 3 member A2 isoform X3 [Papio anubis],0.7794
ALDH3A2,Pan paniscus,XP_063455298.1,XP_063455298.1 aldehyde dehydrogenase family 3 member A2 isoform X2 [Pan paniscus],0.9705
ALDH3A2,Otolemur garnettii,XP_023369757.1,XP_023369757.1 fatty aldehyde dehydrogenase isoform X1 [Otolemur garnettii],0.9
ALDH3A2,Nomascus leucogenys,XP_030684083.1,XP_030684083.1 aldehyde dehydrogenase family 3 member A2 isoform X7 [Nomascus leucogenys],0.4926
ALDH3A2,Pongo abelii,XP_054391075.1,XP_054391075.1 aldehyde dehydrogenase family 3 member A2 isoform X3 [Pongo abelii],0.6252
ALDH5A1,Homo sapiens,NP_733936.1,"NP_733936.1 succinate-semialdehyde dehydrogenase, mitochondrial isoform 1 precursor [Homo sapiens]",0.9913
ALDH5A1,Pan troglodytes,XP_054541389.1,"XP_054541389.1 succinate-semialdehyde dehydrogenase, mitochondrial isoform X1 [Pan troglodytes]",0.9863
ALDH5A1,Macaca mulatta,XP_001101142.1,"XP_001101142.1 succinate-semialdehyde dehydrogenase, mitochondrial [Macaca mulatta]",0.9654
ALDH5A1,Pongo pygmaeus,XP_063521944.1,"XP_063521944.1 succinate-semialdehyde dehydrogenase, mitochondrial isoform X5 [Pongo pygmaeus]",0.9567
ALDH5A1,Gorilla gorilla gorilla,NP_001266541.1,"NP_001266541.1 succinate-semialdehyde dehydrogenase, mitochondrial precursor [Gorilla gorilla gorilla]",0.9953
ALDH5A1,Pan paniscus,XP_054969093.1,"XP_054969093.1 succinate-semialdehyde dehydrogenase, mitochondrial isoform X1 [Pan paniscus]",0.9838
ALDH5A1,Callithrix jacchus,XP_035150663.2,"XP_035150663.2 succinate-semialdehyde dehydrogenase, mitochondrial [Callithrix jacchus]",0.934
ALDH5A1,Eulemur rufifrons,XP_069349137.1,"XP_069349137.1 succinate-semialdehyde dehydrogenase, mitochondrial isoform X2 [Eulemur rufifrons]",0.7892
ALDH5A1,Symphalangus syndactylus,XP_055118742.2,"XP_055118742.2 succinate-semialdehyde dehydrogenase, mitochondrial isoform X3 [Symphalangus syndactylus]",0.8755
ALDH5A1,Nycticebus coucang,XP_053458040.1,"XP_053458040.1 succinate-semialdehyde dehydrogenase, mitochondrial isoform X2 [Nycticebus coucang]",0.8712
ALDH5A1,Lemur catta,XP_045407847.1,"XP_045407847.1 succinate-semialdehyde dehydrogenase, mitochondrial [Lemur catta]",0.8925
ALDH5A1,Trachypithecus francoisi,XP_033072268.1,"XP_033072268.1 succinate-semialdehyde dehydrogenase, mitochondrial [Trachypithecus francoisi]",0.9603
ALDH5A1,Sapajus apella,XP_032103514.1,"XP_032103514.1 succinate-semialdehyde dehydrogenase, mitochondrial [Sapajus apella]",0.9242
ALDH5A1,Hylobates moloch,XP_031996617.1,"XP_031996617.1 succinate-semialdehyde dehydrogenase, mitochondrial isoform X2 [Hylobates moloch]",0.8914
ALDH5A1,Theropithecus gelada,XP_086584712.1,"XP_086584712.1 succinate-semialdehyde dehydrogenase, mitochondrial isoform X2 [Theropithecus gelada]",0.8585
ALDH5A1,Piliocolobus tephrosceles,XP_023065520.1,"XP_023065520.1 succinate-semialdehyde dehydrogenase, mitochondrial [Piliocolobus tephrosceles]",0.9574
ALDH5A1,Rhinopithecus bieti,XP_017734040.1,"XP_017734040.1 succinate-semialdehyde dehydrogenase, mitochondrial [Rhinopithecus bieti]",0.9625
ALDH5A1,Cebus imitator,XP_017360736.1,"XP_017360736.1 succinate-semialdehyde dehydrogenase, mitochondrial [Cebus imitator]",0.9224
ALDH5A1,Microcebus murinus,XP_012609099.2,"XP_012609099.2 succinate-semialdehyde dehydrogenase, mitochondrial [Microcebus murinus]",0.8722
ALDH5A1,Propithecus coquereli,XP_012494109.1,"XP_012494109.1 PREDICTED: succinate-semialdehyde dehydrogenase, mitochondrial [Propithecus coquereli]",0.8762
ALDH5A1,Aotus nancymaae,XP_021523293.2,"XP_021523293.2 succinate-semialdehyde dehydrogenase, mitochondrial [Aotus nancymaae]",0.9332
ALDH5A1,Cercocebus atys,XP_011886834.1,"XP_011886834.1 PREDICTED: succinate-semialdehyde dehydrogenase, mitochondrial [Cercocebus atys]",0.961
ALDH5A1,Mandrillus leucophaeus,XP_011853567.1,"XP_011853567.1 PREDICTED: succinate-semialdehyde dehydrogenase, mitochondrial isoform X2 [Mandrillus leucophaeus]",0.9184
ALDH5A1,Colobus angolensis palliatus,XP_011818310.1,"XP_011818310.1 PREDICTED: succinate-semialdehyde dehydrogenase, mitochondrial [Colobus angolensis palliatus]",0.8834
ALDH5A1,Macaca nemestrina,XP_011740972.1,"XP_011740972.1 succinate-semialdehyde dehydrogenase, mitochondrial [Macaca nemestrina]",0.9625
ALDH5A1,Carlito syrichta,XP_021564167.1,"XP_021564167.1 succinate-semialdehyde dehydrogenase, mitochondrial [Carlito syrichta]",0.7506
ALDH5A1,Chlorocebus sabaeus,XP_007971747.3,"XP_007971747.3 succinate-semialdehyde dehydrogenase, mitochondrial [Chlorocebus sabaeus]",0.9628
ALDH5A1,Macaca fascicularis,XP_073894893.1,"XP_073894893.1 succinate-semialdehyde dehydrogenase, mitochondrial isoform X2 [Macaca fascicularis]",0.6131
ALDH5A1,Saimiri boliviensis,XP_074254621.1,"XP_074254621.1 succinate-semialdehyde dehydrogenase, mitochondrial isoform X3 [Saimiri boliviensis]",0.7398
ALDH5A1,Papio anubis,XP_003897172.2,"XP_003897172.2 succinate-semialdehyde dehydrogenase, mitochondrial [Papio anubis]",0.965
ALDH5A1,Otolemur garnettii,XP_023368061.1,"XP_023368061.1 succinate-semialdehyde dehydrogenase, mitochondrial isoform X4 [Otolemur garnettii]",0.7467
ALDH5A1,Nomascus leucogenys,XP_030673239.1,"XP_030673239.1 succinate-semialdehyde dehydrogenase, mitochondrial isoform X2 [Nomascus leucogenys]",0.8993
ALDH5A1,Pongo abelii,XP_002816528.3,"XP_002816528.3 succinate-semialdehyde dehydrogenase, mitochondrial [Pongo abelii]",0.974
ALDH7A1,Homo sapiens,NP_001189333.2,NP_001189333.2 alpha-aminoadipic semialdehyde dehydrogenase isoform 3 [Homo sapiens],0.8535
ALDH7A1,Macaca mulatta,XP_077861264.1,XP_077861264.1 alpha-aminoadipic semialdehyde dehydrogenase isoform X10 [Macaca mulatta],0.8822
ALDH7A1,Pan troglodytes,XP_001157473.5,XP_001157473.5 alpha-aminoadipic semialdehyde dehydrogenase [Pan troglodytes],0.9508
ALDH7A1,Callithrix jacchus,XP_078221086.1,XP_078221086.1 alpha-aminoadipic semialdehyde dehydrogenase isoform X11 [Callithrix jacchus],0.9179
ALDH7A1,Eulemur rufifrons,XP_069348426.1,XP_069348426.1 alpha-aminoadipic semialdehyde dehydrogenase isoform X2 [Eulemur rufifrons],0.8326
ALDH7A1,Symphalangus syndactylus,XP_055155138.1,XP_055155138.1 alpha-aminoadipic semialdehyde dehydrogenase isoform X2 [Symphalangus syndactylus],0.8273
ALDH7A1,Pongo pygmaeus,XP_063521265.1,XP_063521265.1 alpha-aminoadipic semialdehyde dehydrogenase isoform X2 [Pongo pygmaeus],0.8461
ALDH7A1,Nycticebus coucang,XP_053423361.1,XP_053423361.1 alpha-aminoadipic semialdehyde dehydrogenase [Nycticebus coucang],0.9664
ALDH7A1,Lemur catta,XP_045421965.1,XP_045421965.1 alpha-aminoadipic semialdehyde dehydrogenase [Lemur catta],0.9713
ALDH7A1,Trachypithecus francoisi,XP_033037279.1,XP_033037279.1 alpha-aminoadipic semialdehyde dehydrogenase isoform X2 [Trachypithecus francoisi],0.9176
ALDH7A1,Sapajus apella,XP_032120988.1,XP_032120988.1 alpha-aminoadipic semialdehyde dehydrogenase isoform X2 [Sapajus apella],0.9345
ALDH7A1,Hylobates moloch,XP_032012435.1,XP_032012435.1 alpha-aminoadipic semialdehyde dehydrogenase [Hylobates moloch],0.9703
ALDH7A1,Theropithecus gelada,XP_086578477.1,XP_086578477.1 alpha-aminoadipic semialdehyde dehydrogenase isoform X3 [Theropithecus gelada],0.9851
ALDH7A1,Piliocolobus tephrosceles,XP_023052801.1,XP_023052801.1 alpha-aminoadipic semialdehyde dehydrogenase [Piliocolobus tephrosceles],0.9529
ALDH7A1,Rhinopithecus bieti,XP_017740840.1,XP_017740840.1 alpha-aminoadipic semialdehyde dehydrogenase [Rhinopithecus bieti],0.9536
ALDH7A1,Cebus imitator,XP_017356497.1,XP_017356497.1 alpha-aminoadipic semialdehyde dehydrogenase isoform X2 [Cebus imitator],0.9345
ALDH7A1,Microcebus murinus,XP_075864448.1,XP_075864448.1 alpha-aminoadipic semialdehyde dehydrogenase isoform X2 [Microcebus murinus],0.9183
ALDH7A1,Propithecus coquereli,XP_012519751.1,XP_012519751.1 PREDICTED: alpha-aminoadipic semialdehyde dehydrogenase [Propithecus coquereli],0.9448
ALDH7A1,Aotus nancymaae,XP_064222346.1,XP_064222346.1 alpha-aminoadipic semialdehyde dehydrogenase [Aotus nancymaae],0.9837
ALDH7A1,Cercocebus atys,XP_011945494.1,XP_011945494.1 PREDICTED: alpha-aminoadipic semialdehyde dehydrogenase [Cercocebus atys],0.8163
ALDH7A1,Mandrillus leucophaeus,XP_011836611.1,XP_011836611.1 PREDICTED: alpha-aminoadipic semialdehyde dehydrogenase [Mandrillus leucophaeus],0.8178
ALDH7A1,Colobus angolensis palliatus,XP_011797516.1,XP_011797516.1 PREDICTED: alpha-aminoadipic semialdehyde dehydrogenase [Colobus angolensis palliatus],0.8447
ALDH7A1,Macaca nemestrina,XP_070954629.1,XP_070954629.1 alpha-aminoadipic semialdehyde dehydrogenase isoform X4 [Macaca nemestrina],0.8401
ALDH7A1,Rhinopithecus roxellana,XP_030783602.1,XP_030783602.1 alpha-aminoadipic semialdehyde dehydrogenase isoform X2 [Rhinopithecus roxellana],0.8669
ALDH7A1,Carlito syrichta,XP_021561595.1,XP_021561595.1 alpha-aminoadipic semialdehyde dehydrogenase isoform X2 [Carlito syrichta],0.8355
ALDH7A1,Chlorocebus sabaeus,XP_072866818.1,XP_072866818.1 alpha-aminoadipic semialdehyde dehydrogenase [Chlorocebus sabaeus],0.9834
ALDH7A1,Macaca fascicularis,XP_073850244.1,XP_073850244.1 alpha-aminoadipic semialdehyde dehydrogenase isoform X10 [Macaca fascicularis],0.4398
ALDH7A1,Gorilla gorilla gorilla,XP_030867089.2,XP_030867089.2 alpha-aminoadipic semialdehyde dehydrogenase [Gorilla gorilla gorilla],0.9805
ALDH7A1,Saimiri boliviensis,XP_074238102.1,XP_074238102.1 alpha-aminoadipic semialdehyde dehydrogenase isoform X2 [Saimiri boliviensis],0.8408
ALDH7A1,Papio anubis,XP_003900098.4,XP_003900098.4 alpha-aminoadipic semialdehyde dehydrogenase [Papio anubis],0.9728
ALDH7A1,Pan paniscus,XP_003826729.3,XP_003826729.3 alpha-aminoadipic semialdehyde dehydrogenase [Pan paniscus],0.9823
ALDH7A1,Otolemur garnettii,XP_003800016.2,XP_003800016.2 alpha-aminoadipic semialdehyde dehydrogenase [Otolemur garnettii],0.9558
ALDH7A1,Nomascus leucogenys,XP_003259950.3,XP_003259950.3 alpha-aminoadipic semialdehyde dehydrogenase [Nomascus leucogenys],0.9713
ALDOB,Homo sapiens,NP_000026.2,NP_000026.2 fructose-bisphosphate aldolase B [Homo sapiens],1.0
ALDOB,Macaca mulatta,XP_014972678.1,XP_014972678.1 fructose-bisphosphate aldolase B [Macaca mulatta],0.9947
ALDOB,Pan troglodytes,XP_001136159.1,XP_001136159.1 fructose-bisphosphate aldolase B [Pan troglodytes],0.9979
ALDOB,Callithrix jacchus,XP_002743196.3,XP_002743196.3 fructose-bisphosphate aldolase B [Callithrix jacchus],0.975
ALDOB,Eulemur rufifrons,XP_069332741.1,XP_069332741.1 fructose-bisphosphate aldolase B [Eulemur rufifrons],0.9691
ALDOB,Nycticebus coucang,XP_053423336.1,XP_053423336.1 fructose-bisphosphate aldolase B [Nycticebus coucang],0.9745
ALDOB,Lemur catta,XP_045418266.1,XP_045418266.1 fructose-bisphosphate aldolase B [Lemur catta],0.9633
ALDOB,Trachypithecus francoisi,XP_033093836.1,XP_033093836.1 fructose-bisphosphate aldolase B isoform X2 [Trachypithecus francoisi],0.8872
ALDOB,Sapajus apella,XP_032096107.1,XP_032096107.1 fructose-bisphosphate aldolase B [Sapajus apella],0.9771
ALDOB,Hylobates moloch,XP_032020596.1,XP_032020596.1 fructose-bisphosphate aldolase B isoform X2 [Hylobates moloch],0.9872
ALDOB,Propithecus coquereli,XP_012493750.1,XP_012493750.1 PREDICTED: fructose-bisphosphate aldolase B [Propithecus coquereli],0.9654
ALDOB,Aotus nancymaae,XP_012322566.2,XP_012322566.2 fructose-bisphosphate aldolase B [Aotus nancymaae],0.9787
ALDOB,Cercocebus atys,XP_011931182.1,XP_011931182.1 PREDICTED: LOW QUALITY PROTEIN: fructose-bisphosphate aldolase B [Cercocebus atys],0.8419
ALDOB,Colobus angolensis palliatus,XP_011806398.1,XP_011806398.1 PREDICTED: fructose-bisphosphate aldolase B [Colobus angolensis palliatus],0.9883
ALDOB,Rhinopithecus roxellana,XP_010372454.1,XP_010372454.1 fructose-bisphosphate aldolase B isoform X2 [Rhinopithecus roxellana],0.8877
ALDOB,Carlito syrichta,XP_008063006.1,XP_008063006.1 fructose-bisphosphate aldolase B [Carlito syrichta],0.951
ALDOB,Otolemur garnettii,XP_003785230.1,XP_003785230.1 fructose-bisphosphate aldolase B [Otolemur garnettii],0.9707
ALDOB,Nomascus leucogenys,XP_030683651.1,XP_030683651.1 fructose-bisphosphate aldolase B isoform X2 [Nomascus leucogenys],0.9872
ALDOB,Pongo pygmaeus,XP_054356107.1,XP_054356107.1 fructose-bisphosphate aldolase B [Pongo pygmaeus],0.9915
ALDOB,Theropithecus gelada,XP_025215802.1,XP_025215802.1 fructose-bisphosphate aldolase B [Theropithecus gelada],0.9925
ALDOB,Piliocolobus tephrosceles,XP_023058346.2,XP_023058346.2 fructose-bisphosphate aldolase B [Piliocolobus tephrosceles],0.9782
ALDOB,Rhinopithecus bieti,XP_017739822.1,XP_017739822.1 fructose-bisphosphate aldolase B [Rhinopithecus bieti],0.9814
ALDOB,Microcebus murinus,XP_012624410.1,XP_012624410.1 fructose-bisphosphate aldolase B [Microcebus murinus],0.9441
ALDOB,Chlorocebus sabaeus,XP_072877913.1,XP_072877913.1 fructose-bisphosphate aldolase B isoform X1 [Chlorocebus sabaeus],0.9681
ALDOB,Gorilla gorilla gorilla,XP_004048418.1,XP_004048418.1 fructose-bisphosphate aldolase B [Gorilla gorilla gorilla],0.9973
ALDOB,Saimiri boliviensis,XP_003940149.3,XP_003940149.3 fructose-bisphosphate aldolase B [Saimiri boliviensis],0.975
ALDOB,Pongo abelii,NP_001127166.1,NP_001127166.1 fructose-bisphosphate aldolase B [Pongo abelii],0.9894
ALG1,Homo sapiens,NP_061982.3,NP_061982.3 chitobiosyldiphosphodolichol beta-mannosyltransferase isoform 1 [Homo sapiens],1.0
ALG1,Macaca mulatta,XP_077841680.1,XP_077841680.1 chitobiosyldiphosphodolichol beta-mannosyltransferase isoform X3 [Macaca mulatta],0.8548
ALG1,Pan troglodytes,XP_016784860.1,XP_016784860.1 protein-lysine N-methyltransferase EEF2KMT isoform X3 [Pan troglodytes],-0.0682
ALG1,Callithrix jacchus,XP_078200733.1,XP_078200733.1 chitobiosyldiphosphodolichol beta-mannosyltransferase isoform X3 [Callithrix jacchus],0.6531
ALG1,Eulemur rufifrons,XP_069342290.1,XP_069342290.1 chitobiosyldiphosphodolichol beta-mannosyltransferase [Eulemur rufifrons],0.8794
ALG1,Symphalangus syndactylus,XP_063474324.1,XP_063474324.1 chitobiosyldiphosphodolichol beta-mannosyltransferase isoform X4 [Symphalangus syndactylus],0.7039
ALG1,Pongo pygmaeus,XP_054310872.2,XP_054310872.2 chitobiosyldiphosphodolichol beta-mannosyltransferase [Pongo pygmaeus],0.9774
ALG1,Nycticebus coucang,XP_053411748.1,XP_053411748.1 chitobiosyldiphosphodolichol beta-mannosyltransferase [Nycticebus coucang],0.8548
ALG1,Macaca thibetana thibetana,XP_050630328.1,XP_050630328.1 chitobiosyldiphosphodolichol beta-mannosyltransferase isoform X2 [Macaca thibetana thibetana],0.7701
ALG1,Lemur catta,XP_045398493.1,XP_045398493.1 chitobiosyldiphosphodolichol beta-mannosyltransferase [Lemur catta],0.8733
ALG1,Trachypithecus francoisi,XP_033091703.1,XP_033091703.1 chitobiosyldiphosphodolichol beta-mannosyltransferase isoform X2 [Trachypithecus francoisi],0.7834
ALG1,Sapajus apella,XP_032113954.1,XP_032113954.1 chitobiosyldiphosphodolichol beta-mannosyltransferase isoform X2 [Sapajus apella],0.8996
ALG1,Hylobates moloch,XP_032000405.1,XP_032000405.1 chitobiosyldiphosphodolichol beta-mannosyltransferase isoform X2 [Hylobates moloch],0.9843
ALG1,Theropithecus gelada,XP_086579629.1,XP_086579629.1 chitobiosyldiphosphodolichol beta-mannosyltransferase isoform X2 [Theropithecus gelada],0.9181
ALG1,Piliocolobus tephrosceles,XP_026302634.1,XP_026302634.1 chitobiosyldiphosphodolichol beta-mannosyltransferase isoform X2 [Piliocolobus tephrosceles],0.6644
ALG1,Rhinopithecus bieti,XP_017741842.1,XP_017741842.1 chitobiosyldiphosphodolichol beta-mannosyltransferase [Rhinopithecus bieti],0.9589
ALG1,Cebus imitator,XP_037586396.1,XP_037586396.1 chitobiosyldiphosphodolichol beta-mannosyltransferase isoform X2 [Cebus imitator],0.6583
ALG1,Microcebus murinus,XP_012599219.2,XP_012599219.2 chitobiosyldiphosphodolichol beta-mannosyltransferase isoform X2 [Microcebus murinus],0.8572
ALG1,Propithecus coquereli,XP_012503196.1,XP_012503196.1 PREDICTED: chitobiosyldiphosphodolichol beta-mannosyltransferase [Propithecus coquereli],0.8741
ALG1,Aotus nancymaae,XP_064218507.1,XP_064218507.1 chitobiosyldiphosphodolichol beta-mannosyltransferase isoform X3 [Aotus nancymaae],0.5264
ALG1,Cercocebus atys,XP_011885807.1,XP_011885807.1 PREDICTED: chitobiosyldiphosphodolichol beta-mannosyltransferase isoform X2 [Cercocebus atys],0.6858
ALG1,Mandrillus leucophaeus,XP_011833840.1,XP_011833840.1 PREDICTED: chitobiosyldiphosphodolichol beta-mannosyltransferase isoform X2 [Mandrillus leucophaeus],0.685
ALG1,Colobus angolensis palliatus,XP_011816747.1,XP_011816747.1 PREDICTED: chitobiosyldiphosphodolichol beta-mannosyltransferase [Colobus angolensis palliatus],0.9484
ALG1,Macaca nemestrina,XP_011715836.2,XP_011715836.2 chitobiosyldiphosphodolichol beta-mannosyltransferase isoform X1 [Macaca nemestrina],0.9423
ALG1,Rhinopithecus roxellana,XP_030780527.1,XP_030780527.1 chitobiosyldiphosphodolichol beta-mannosyltransferase isoform X2 [Rhinopithecus roxellana],0.7826
ALG1,Carlito syrichta,XP_008051862.1,XP_008051862.1 chitobiosyldiphosphodolichol beta-mannosyltransferase [Carlito syrichta],0.8382
ALG1,Chlorocebus sabaeus,XP_072871264.1,XP_072871264.1 chitobiosyldiphosphodolichol beta-mannosyltransferase isoform X2 [Chlorocebus sabaeus],0.6317
ALG1,Gorilla gorilla gorilla,XP_063556049.1,XP_063556049.1 chitobiosyldiphosphodolichol beta-mannosyltransferase isoform X3 [Gorilla gorilla gorilla],0.6624
ALG1,Saimiri boliviensis,XP_039333800.1,XP_039333800.1 chitobiosyldiphosphodolichol beta-mannosyltransferase isoform X3 [Saimiri boliviensis],0.6491
ALG1,Papio anubis,XP_021787423.1,XP_021787423.1 chitobiosyldiphosphodolichol beta-mannosyltransferase isoform X4 [Papio anubis],0.6854
ALG1,Pan paniscus,XP_054955884.1,XP_054955884.1 chitobiosyldiphosphodolichol beta-mannosyltransferase isoform X2 [Pan paniscus],0.9585
ALG1,Otolemur garnettii,XP_012661284.2,XP_012661284.2 LOW QUALITY PROTEIN: chitobiosyldiphosphodolichol beta-mannosyltransferase [Otolemur garnettii],0.783
ALG1,Nomascus leucogenys,XP_030653535.1,XP_030653535.1 chitobiosyldiphosphodolichol beta-mannosyltransferase isoform X3 [Nomascus leucogenys],0.7071
ALG6,Homo sapiens,NP_037471.2,"NP_037471.2 dolichyl pyrophosphate Man9GlcNAc2 alpha-1,3-glucosyltransferase [Homo sapiens]",1.0
ALG6,Macaca mulatta,XP_077810949.1,"XP_077810949.1 dolichyl pyrophosphate Man9GlcNAc2 alpha-1,3-glucosyltransferase [Macaca mulatta]",0.9752
ALG6,Pan troglodytes,XP_016775257.2,"XP_016775257.2 dolichyl pyrophosphate Man9GlcNAc2 alpha-1,3-glucosyltransferase [Pan troglodytes]",0.9974
ALG6,Macaca fascicularis,XP_073861054.1,"XP_073861054.1 dolichyl pyrophosphate Man9GlcNAc2 alpha-1,3-glucosyltransferase isoform X2 [Macaca fascicularis]",0.7018
ALG6,Callithrix jacchus,XP_078188245.1,"XP_078188245.1 dolichyl pyrophosphate Man9GlcNAc2 alpha-1,3-glucosyltransferase isoform X1 [Callithrix jacchus]",0.9129
ALG6,Eulemur rufifrons,XP_069334121.1,"XP_069334121.1 dolichyl pyrophosphate Man9GlcNAc2 alpha-1,3-glucosyltransferase [Eulemur rufifrons]",0.9448
ALG6,Symphalangus syndactylus,XP_063469411.1,"XP_063469411.1 dolichyl pyrophosphate Man9GlcNAc2 alpha-1,3-glucosyltransferase isoform X4 [Symphalangus syndactylus]",0.8689
ALG6,Pongo pygmaeus,XP_054340380.1,"XP_054340380.1 dolichyl pyrophosphate Man9GlcNAc2 alpha-1,3-glucosyltransferase isoform X2 [Pongo pygmaeus]",0.8434
ALG6,Nycticebus coucang,XP_053432723.1,"XP_053432723.1 dolichyl pyrophosphate Man9GlcNAc2 alpha-1,3-glucosyltransferase [Nycticebus coucang]",0.9166
ALG6,Lemur catta,XP_045403806.1,"XP_045403806.1 dolichyl pyrophosphate Man9GlcNAc2 alpha-1,3-glucosyltransferase [Lemur catta]",0.9557
ALG6,Trachypithecus francoisi,XP_033081027.1,"XP_033081027.1 dolichyl pyrophosphate Man9GlcNAc2 alpha-1,3-glucosyltransferase isoform X3 [Trachypithecus francoisi]",0.8994
ALG6,Sapajus apella,XP_032152656.1,"XP_032152656.1 dolichyl pyrophosphate Man9GlcNAc2 alpha-1,3-glucosyltransferase isoform X3 [Sapajus apella]",0.8543
ALG6,Hylobates moloch,XP_058286865.1,"XP_058286865.1 dolichyl pyrophosphate Man9GlcNAc2 alpha-1,3-glucosyltransferase isoform X2 [Hylobates moloch]",0.9057
ALG6,Theropithecus gelada,XP_086591690.1,"XP_086591690.1 dolichyl pyrophosphate Man9GlcNAc2 alpha-1,3-glucosyltransferase [Theropithecus gelada]",0.9805
ALG6,Piliocolobus tephrosceles,XP_023066186.1,"XP_023066186.1 dolichyl pyrophosphate Man9GlcNAc2 alpha-1,3-glucosyltransferase isoform X3 [Piliocolobus tephrosceles]",0.9009
ALG6,Rhinopithecus bieti,XP_017732704.1,"XP_017732704.1 LOW QUALITY PROTEIN: dolichyl pyrophosphate Man9GlcNAc2 alpha-1,3-glucosyltransferase [Rhinopithecus bieti]",0.9771
ALG6,Cebus imitator,XP_037599047.1,"XP_037599047.1 dolichyl pyrophosphate Man9GlcNAc2 alpha-1,3-glucosyltransferase isoform X3 [Cebus imitator]",0.8483
ALG6,Microcebus murinus,XP_020144579.1,"XP_020144579.1 dolichyl pyrophosphate Man9GlcNAc2 alpha-1,3-glucosyltransferase [Microcebus murinus]",0.9456
ALG6,Propithecus coquereli,XP_012494781.1,"XP_012494781.1 PREDICTED: dolichyl pyrophosphate Man9GlcNAc2 alpha-1,3-glucosyltransferase [Propithecus coquereli]",0.614
ALG6,Aotus nancymaae,XP_064228505.1,"XP_064228505.1 dolichyl pyrophosphate Man9GlcNAc2 alpha-1,3-glucosyltransferase isoform X3 [Aotus nancymaae]",0.8982
ALG6,Cercocebus atys,XP_011937785.1,"XP_011937785.1 PREDICTED: dolichyl pyrophosphate Man9GlcNAc2 alpha-1,3-glucosyltransferase isoform X2 [Cercocebus atys]",0.8517
ALG6,Mandrillus leucophaeus,XP_011844328.1,"XP_011844328.1 PREDICTED: LOW QUALITY PROTEIN: dolichyl pyrophosphate Man9GlcNAc2 alpha-1,3-glucosyltransferase [Mandrillus leucophaeus]",0.9407
ALG6,Colobus angolensis palliatus,XP_011796339.1,"XP_011796339.1 PREDICTED: dolichyl pyrophosphate Man9GlcNAc2 alpha-1,3-glucosyltransferase [Colobus angolensis palliatus]",0.9741
ALG6,Rhinopithecus roxellana,XP_030769007.1,"XP_030769007.1 dolichyl pyrophosphate Man9GlcNAc2 alpha-1,3-glucosyltransferase isoform X2 [Rhinopithecus roxellana]",0.8986
ALG6,Carlito syrichta,XP_008058689.1,"XP_008058689.1 dolichyl pyrophosphate Man9GlcNAc2 alpha-1,3-glucosyltransferase [Carlito syrichta]",0.917
ALG6,Chlorocebus sabaeus,XP_007976674.1,"XP_007976674.1 dolichyl pyrophosphate Man9GlcNAc2 alpha-1,3-glucosyltransferase [Chlorocebus sabaeus]",0.9839
ALG6,Gorilla gorilla gorilla,XP_055220221.1,"XP_055220221.1 dolichyl pyrophosphate Man9GlcNAc2 alpha-1,3-glucosyltransferase [Gorilla gorilla gorilla]",0.9959
ALG6,Saimiri boliviensis,XP_039330085.1,"XP_039330085.1 dolichyl pyrophosphate Man9GlcNAc2 alpha-1,3-glucosyltransferase isoform X2 [Saimiri boliviensis]",0.8964
ALG6,Papio anubis,XP_009208049.1,"XP_009208049.1 dolichyl pyrophosphate Man9GlcNAc2 alpha-1,3-glucosyltransferase [Papio anubis]",0.9835
ALG6,Pan paniscus,XP_054947763.1,"XP_054947763.1 dolichyl pyrophosphate Man9GlcNAc2 alpha-1,3-glucosyltransferase [Pan paniscus]",0.9884
ALG6,Otolemur garnettii,XP_012662643.1,"XP_012662643.1 dolichyl pyrophosphate Man9GlcNAc2 alpha-1,3-glucosyltransferase [Otolemur garnettii]",0.852
ALG6,Nomascus leucogenys,XP_030668803.1,"XP_030668803.1 dolichyl pyrophosphate Man9GlcNAc2 alpha-1,3-glucosyltransferase isoform X1 [Nomascus leucogenys]",0.8385
ALG6,Pongo abelii,XP_054398903.1,"XP_054398903.1 dolichyl pyrophosphate Man9GlcNAc2 alpha-1,3-glucosyltransferase isoform X1 [Pongo abelii]",0.9902
ALMS1,Homo sapiens,NP_055935.4,NP_055935.4 centrosome-associated protein ALMS1 isoform 1 [Homo sapiens],0.9994
ALMS1,Macaca mulatta,XP_077815292.1,XP_077815292.1 centrosome-associated protein ALMS1 isoform X4 [Macaca mulatta],0.9313
ALMS1,Pan troglodytes,XP_016804279.3,XP_016804279.3 centrosome-associated protein ALMS1 isoform X5 [Pan troglodytes],0.8756
ALMS1,Macaca fascicularis,XP_073867636.1,XP_073867636.1 centrosome-associated protein ALMS1 isoform X5 [Macaca fascicularis],0.4861
ALMS1,Callithrix jacchus,XP_078205206.1,XP_078205206.1 centrosome-associated protein ALMS1 isoform X8 [Callithrix jacchus],0.6192
ALMS1,Eulemur rufifrons,XP_069350271.1,XP_069350271.1 centrosome-associated protein ALMS1 [Eulemur rufifrons],0.6706
ALMS1,Symphalangus syndactylus,XP_063473542.1,XP_063473542.1 centrosome-associated protein ALMS1 isoform X6 [Symphalangus syndactylus],0.8234
ALMS1,Pongo pygmaeus,XP_054329539.1,XP_054329539.1 centrosome-associated protein ALMS1 isoform X4 [Pongo pygmaeus],0.8355
ALMS1,Nycticebus coucang,XP_053444271.1,XP_053444271.1 centrosome-associated protein ALMS1 [Nycticebus coucang],0.6245
ALMS1,Macaca thibetana thibetana,XP_050610315.1,XP_050610315.1 centrosome-associated protein ALMS1 isoform X7 [Macaca thibetana thibetana],0.9258
ALMS1,Lemur catta,XP_045405824.1,XP_045405824.1 Alstrom syndrome protein 1 [Lemur catta],0.6665
ALMS1,Trachypithecus francoisi,XP_033030998.1,XP_033030998.1 Alstrom syndrome protein 1 isoform X7 [Trachypithecus francoisi],0.8417
ALMS1,Sapajus apella,XP_032147607.1,XP_032147607.1 Alstrom syndrome protein 1 isoform X4 [Sapajus apella],0.8216
ALMS1,Hylobates moloch,XP_058284797.1,XP_058284797.1 centrosome-associated protein ALMS1 [Hylobates moloch],0.789
ALMS1,Theropithecus gelada,XP_086587650.1,XP_086587650.1 LOW QUALITY PROTEIN: centrosome-associated protein ALMS1 [Theropithecus gelada],0.8713
ALMS1,Piliocolobus tephrosceles,XP_026312231.1,XP_026312231.1 centrosome-associated protein ALMS1 isoform X5 [Piliocolobus tephrosceles],0.8862
ALMS1,Rhinopithecus bieti,XP_017732030.1,XP_017732030.1 centrosome-associated protein ALMS1 [Rhinopithecus bieti],0.9291
ALMS1,Cebus imitator,XP_037592041.1,XP_037592041.1 Alstrom syndrome protein 1 isoform X3 [Cebus imitator],0.6552
ALMS1,Microcebus murinus,XP_075857006.1,XP_075857006.1 centrosome-associated protein ALMS1 isoform X5 [Microcebus murinus],0.6503
ALMS1,Propithecus coquereli,XP_012501869.1,XP_012501869.1 PREDICTED: Alstrom syndrome protein 1 [Propithecus coquereli],0.6758
ALMS1,Aotus nancymaae,XP_064220317.1,XP_064220317.1 centrosome-associated protein ALMS1 isoform X8 [Aotus nancymaae],0.7351
ALMS1,Cercocebus atys,XP_011895225.1,XP_011895225.1 PREDICTED: Alstrom syndrome protein 1 isoform X9 [Cercocebus atys],0.8122
ALMS1,Mandrillus leucophaeus,XP_011836081.1,XP_011836081.1 PREDICTED: Alstrom syndrome protein 1 [Mandrillus leucophaeus],0.9336
ALMS1,Colobus angolensis palliatus,XP_011800897.1,XP_011800897.1 PREDICTED: Alstrom syndrome protein 1 [Colobus angolensis palliatus],0.9146
ALMS1,Macaca nemestrina,XP_070933019.1,XP_070933019.1 centrosome-associated protein ALMS1 isoform X6 [Macaca nemestrina],0.9262
ALMS1,Rhinopithecus roxellana,XP_030777020.1,XP_030777020.1 Alstrom syndrome protein 1 isoform X7 [Rhinopithecus roxellana],0.8399
ALMS1,Carlito syrichta,XP_008054818.1,"XP_008054818.1 Alstrom syndrome protein 1, partial [Carlito syrichta]",0.4518
ALMS1,Chlorocebus sabaeus,XP_072879180.1,XP_072879180.1 centrosome-associated protein ALMS1 isoform X4 [Chlorocebus sabaeus],0.8241
ALMS1,Gorilla gorilla gorilla,XP_063551874.1,XP_063551874.1 centrosome-associated protein ALMS1 isoform X8 [Gorilla gorilla gorilla],0.8766
ALMS1,Saimiri boliviensis,XP_074254395.1,XP_074254395.1 centrosome-associated protein ALMS1 [Saimiri boliviensis],0.848
ALMS1,Papio anubis,XP_031511361.1,XP_031511361.1 Alstrom syndrome protein 1 [Papio anubis],0.858
ALMS1,Pan paniscus,XP_034809279.2,"XP_034809279.2 centrosome-associated protein ALMS1, partial [Pan paniscus]",0.9601
ALMS1,Otolemur garnettii,XP_023371049.1,XP_023371049.1 Alstrom syndrome protein 1 [Otolemur garnettii],0.5651
ALMS1,Nomascus leucogenys,XP_003268845.2,XP_003268845.2 Alstrom syndrome protein 1 [Nomascus leucogenys],0.9149
ALMS1,Pongo abelii,XP_054404033.1,XP_054404033.1 centrosome-associated protein ALMS1 isoform X9 [Pongo abelii],0.8455
ALOX12B,Homo sapiens,NP_001130.1,"NP_001130.1 arachidonate 12-lipoxygenase, 12R-type [Homo sapiens]",1.0
ALOX12B,Pan troglodytes,XP_511864.4,"XP_511864.4 arachidonate 12-lipoxygenase, 12R-type [Pan troglodytes]",0.9974
ALOX12B,Macaca mulatta,XP_014974099.1,"XP_014974099.1 arachidonate 12-lipoxygenase, 12R-type [Macaca mulatta]",0.986
ALOX12B,Eulemur rufifrons,XP_069339436.1,"XP_069339436.1 arachidonate 12-lipoxygenase, 12R-type [Eulemur rufifrons]",0.9251
ALOX12B,Nycticebus coucang,XP_053425114.1,"XP_053425114.1 arachidonate 12-lipoxygenase, 12R-type [Nycticebus coucang]",0.9225
ALOX12B,Macaca thibetana thibetana,XP_050621268.1,"XP_050621268.1 arachidonate 12-lipoxygenase, 12R-type [Macaca thibetana thibetana]",0.9852
ALOX12B,Lemur catta,XP_045426138.1,"XP_045426138.1 arachidonate 12-lipoxygenase, 12R-type [Lemur catta]",0.922
ALOX12B,Trachypithecus francoisi,XP_033040547.1,"XP_033040547.1 arachidonate 12-lipoxygenase, 12R-type [Trachypithecus francoisi]",0.9852
ALOX12B,Sapajus apella,XP_032136273.1,"XP_032136273.1 arachidonate 12-lipoxygenase, 12R-type [Sapajus apella]",0.9701
ALOX12B,Hylobates moloch,XP_058287911.1,"XP_058287911.1 arachidonate 12-lipoxygenase, 12R-type isoform X2 [Hylobates moloch]",0.7095
ALOX12B,Cebus imitator,XP_017387028.1,"XP_017387028.1 arachidonate 12-lipoxygenase, 12R-type [Cebus imitator]",0.9669
ALOX12B,Propithecus coquereli,XP_012511086.1,"XP_012511086.1 PREDICTED: arachidonate 12-lipoxygenase, 12R-type [Propithecus coquereli]",0.9278
ALOX12B,Aotus nancymaae,XP_012312963.2,"XP_012312963.2 arachidonate 12-lipoxygenase, 12R-type [Aotus nancymaae]",0.9704
ALOX12B,Cercocebus atys,XP_011907269.1,"XP_011907269.1 PREDICTED: arachidonate 12-lipoxygenase, 12R-type [Cercocebus atys]",0.9854
ALOX12B,Mandrillus leucophaeus,XP_011849909.1,"XP_011849909.1 PREDICTED: arachidonate 12-lipoxygenase, 12R-type [Mandrillus leucophaeus]",0.9847
ALOX12B,Colobus angolensis palliatus,XP_011813972.1,"XP_011813972.1 PREDICTED: arachidonate 12-lipoxygenase, 12R-type [Colobus angolensis palliatus]",0.9852
ALOX12B,Rhinopithecus roxellana,XP_030778361.1,"XP_030778361.1 arachidonate 12-lipoxygenase, 12R-type isoform X2 [Rhinopithecus roxellana]",0.9833
ALOX12B,Carlito syrichta,XP_008059314.1,"XP_008059314.1 arachidonate 12-lipoxygenase, 12R-type [Carlito syrichta]",0.9254
ALOX12B,Papio anubis,XP_003912343.1,"XP_003912343.1 arachidonate 12-lipoxygenase, 12R-type [Papio anubis]",0.9865
ALOX12B,Otolemur garnettii,XP_003791167.1,"XP_003791167.1 arachidonate 12-lipoxygenase, 12R-type [Otolemur garnettii]",0.9201
ALOX12B,Pongo pygmaeus,XP_054312709.1,"XP_054312709.1 arachidonate 12-lipoxygenase, 12R-type [Pongo pygmaeus]",0.9881
ALOX12B,Piliocolobus tephrosceles,XP_023049072.1,"XP_023049072.1 arachidonate 12-lipoxygenase, 12R-type [Piliocolobus tephrosceles]",0.987
ALOX12B,Rhinopithecus bieti,XP_017706216.1,"XP_017706216.1 arachidonate 12-lipoxygenase, 12R-type isoform X2 [Rhinopithecus bieti]",0.7931
ALOX12B,Microcebus murinus,XP_012631177.1,"XP_012631177.1 arachidonate 12-lipoxygenase, 12R-type [Microcebus murinus]",0.9188
ALOX12B,Macaca nemestrina,XP_011726327.2,"XP_011726327.2 arachidonate 12-lipoxygenase, 12R-type [Macaca nemestrina]",0.9833
ALOX12B,Chlorocebus sabaeus,XP_008008436.2,"XP_008008436.2 arachidonate 12-lipoxygenase, 12R-type [Chlorocebus sabaeus]",0.9839
ALOX12B,Macaca fascicularis,XP_073874614.1,"XP_073874614.1 arachidonate 12-lipoxygenase, 12R-type isoform X2 [Macaca fascicularis]",0.3526
ALOX12B,Gorilla gorilla gorilla,XP_004058584.1,"XP_004058584.1 arachidonate 12-lipoxygenase, 12R-type [Gorilla gorilla gorilla]",0.9942
ALOX12B,Saimiri boliviensis,XP_010338114.1,"XP_010338114.1 arachidonate 12-lipoxygenase, 12R-type [Saimiri boliviensis]",0.9667
ALOX12B,Pan paniscus,XP_034798312.2,"XP_034798312.2 arachidonate 12-lipoxygenase, 12R-type [Pan paniscus]",0.9958
ALOX12B,Callithrix jacchus,XP_035155856.1,"XP_035155856.1 arachidonate 12-lipoxygenase, 12R-type [Callithrix jacchus]",0.978
ALOX12B,Nomascus leucogenys,XP_030656117.1,"XP_030656117.1 arachidonate 12-lipoxygenase, 12R-type [Nomascus leucogenys]",0.987
ALPK3,Homo sapiens,NP_065829.4,NP_065829.4 alpha-protein kinase 3 [Homo sapiens],1.0
ALPK3,Pan troglodytes,XP_016782826.2,XP_016782826.2 alpha-protein kinase 3 isoform X4 [Pan troglodytes],0.8565
ALPK3,Macaca fascicularis,XP_065404412.1,XP_065404412.1 alpha-protein kinase 3 isoform X4 [Macaca fascicularis],0.7366
ALPK3,Callithrix jacchus,XP_035159799.3,XP_035159799.3 alpha-protein kinase 3 isoform X3 [Callithrix jacchus],0.7665
ALPK3,Macaca mulatta,XP_077796292.1,XP_077796292.1 alpha-protein kinase 3 isoform X5 [Macaca mulatta],0.8126
ALPK3,Eulemur rufifrons,XP_069322681.1,XP_069322681.1 alpha-protein kinase 3 isoform X3 [Eulemur rufifrons],0.6914
ALPK3,Symphalangus syndactylus,XP_055133316.2,XP_055133316.2 alpha-protein kinase 3 isoform X3 [Symphalangus syndactylus],0.9381
ALPK3,Pongo pygmaeus,XP_063508946.1,XP_063508946.1 alpha-protein kinase 3 isoform X4 [Pongo pygmaeus],0.8359
ALPK3,Nycticebus coucang,XP_053449358.1,XP_053449358.1 alpha-protein kinase 3 isoform X4 [Nycticebus coucang],0.6464
ALPK3,Macaca thibetana thibetana,XP_050652036.1,XP_050652036.1 alpha-protein kinase 3 isoform X3 [Macaca thibetana thibetana],0.9215
ALPK3,Lemur catta,XP_045417588.1,XP_045417588.1 alpha-protein kinase 3 isoform X3 [Lemur catta],0.6796
ALPK3,Trachypithecus francoisi,XP_033046798.1,XP_033046798.1 alpha-protein kinase 3 isoform X4 [Trachypithecus francoisi],0.8492
ALPK3,Sapajus apella,XP_032120706.1,XP_032120706.1 alpha-protein kinase 3 isoform X2 [Sapajus apella],0.8827
ALPK3,Hylobates moloch,XP_032031052.1,XP_032031052.1 alpha-protein kinase 3 [Hylobates moloch],0.9546
ALPK3,Theropithecus gelada,XP_086587112.1,XP_086587112.1 alpha-protein kinase 3 isoform X2 [Theropithecus gelada],0.9226
ALPK3,Piliocolobus tephrosceles,XP_023042927.3,XP_023042927.3 alpha-protein kinase 3 [Piliocolobus tephrosceles],0.9284
ALPK3,Rhinopithecus bieti,XP_017739763.1,XP_017739763.1 LOW QUALITY PROTEIN: alpha-protein kinase 3 [Rhinopithecus bieti],0.9031
ALPK3,Cebus imitator,XP_017357782.1,XP_017357782.1 alpha-protein kinase 3 isoform X2 [Cebus imitator],0.8781
ALPK3,Microcebus murinus,XP_020144705.2,XP_020144705.2 alpha-protein kinase 3 [Microcebus murinus],0.772
ALPK3,Propithecus coquereli,XP_012499240.1,XP_012499240.1 PREDICTED: alpha-protein kinase 3 isoform X2 [Propithecus coquereli],0.7751
ALPK3,Aotus nancymaae,XP_064222263.1,XP_064222263.1 alpha-protein kinase 3 [Aotus nancymaae],0.8889
ALPK3,Cercocebus atys,XP_011889953.1,XP_011889953.1 PREDICTED: LOW QUALITY PROTEIN: alpha-protein kinase 3 [Cercocebus atys],0.9054
ALPK3,Mandrillus leucophaeus,XP_011854766.1,XP_011854766.1 PREDICTED: LOW QUALITY PROTEIN: alpha-protein kinase 3 [Mandrillus leucophaeus],0.9042
ALPK3,Colobus angolensis palliatus,XP_011816463.1,XP_011816463.1 PREDICTED: LOW QUALITY PROTEIN: alpha-protein kinase 3 [Colobus angolensis palliatus],0.9015
ALPK3,Macaca nemestrina,XP_070956874.1,XP_070956874.1 alpha-protein kinase 3 isoform X4 [Macaca nemestrina],0.8104
ALPK3,Rhinopithecus roxellana,XP_030786997.1,XP_030786997.1 LOW QUALITY PROTEIN: alpha-protein kinase 3 [Rhinopithecus roxellana],0.8983
ALPK3,Carlito syrichta,XP_008060295.1,XP_008060295.1 alpha-protein kinase 3 [Carlito syrichta],0.7778
ALPK3,Chlorocebus sabaeus,XP_037843696.2,XP_037843696.2 alpha-protein kinase 3 isoform X2 [Chlorocebus sabaeus],0.9226
ALPK3,Gorilla gorilla gorilla,XP_055218763.2,XP_055218763.2 alpha-protein kinase 3 isoform X4 [Gorilla gorilla gorilla],0.8469
ALPK3,Saimiri boliviensis,XP_039335958.2,XP_039335958.2 alpha-protein kinase 3 isoform X2 [Saimiri boliviensis],0.8744
ALPK3,Papio anubis,XP_031524241.1,XP_031524241.1 alpha-protein kinase 3 isoform X1 [Papio anubis],0.9353
ALPK3,Pan paniscus,XP_034795219.4,XP_034795219.4 alpha-protein kinase 3 isoform X1 [Pan paniscus],0.9667
ALPK3,Otolemur garnettii,XP_023365868.1,XP_023365868.1 alpha-protein kinase 3 [Otolemur garnettii],0.7486
ALPK3,Nomascus leucogenys,XP_030670808.1,XP_030670808.1 alpha-protein kinase 3 [Nomascus leucogenys],0.8367
ALPK3,Pongo abelii,XP_054387761.1,XP_054387761.1 alpha-protein kinase 3 isoform X4 [Pongo abelii],0.7736
ALPL,Homo sapiens,XP_054191723.1,"XP_054191723.1 alkaline phosphatase, tissue-nonspecific isozyme isoform X1 [Homo sapiens]",0.84
ALPL,Macaca mulatta,XP_077852318.1,"XP_077852318.1 alkaline phosphatase, tissue-nonspecific isozyme isoform X4 [Macaca mulatta]",0.7639
ALPL,Pan troglodytes,XP_016811339.1,"XP_016811339.1 alkaline phosphatase, tissue-nonspecific isozyme isoform X3 [Pan troglodytes]",0.866
ALPL,Callithrix jacchus,XP_008998771.1,"XP_008998771.1 alkaline phosphatase, tissue-nonspecific isozyme isoform X2 [Callithrix jacchus]",0.8675
ALPL,Macaca fascicularis,XP_065384427.1,"XP_065384427.1 alkaline phosphatase, tissue-nonspecific isozyme isoform X1 [Macaca fascicularis]",0.9461
ALPL,Eulemur rufifrons,XP_069335568.1,"XP_069335568.1 alkaline phosphatase, tissue-nonspecific isozyme isoform X2 [Eulemur rufifrons]",0.7256
ALPL,Symphalangus syndactylus,XP_055118431.1,"XP_055118431.1 alkaline phosphatase, tissue-nonspecific isozyme [Symphalangus syndactylus]",0.9801
ALPL,Pongo abelii,XP_054402719.1,"XP_054402719.1 alkaline phosphatase, tissue-nonspecific isozyme isoform X3 [Pongo abelii]",0.8606
ALPL,Pongo pygmaeus,XP_063514909.1,"XP_063514909.1 alkaline phosphatase, tissue-nonspecific isozyme isoform X2 [Pongo pygmaeus]",0.8617
ALPL,Nycticebus coucang,XP_053432879.1,"XP_053432879.1 alkaline phosphatase, tissue-nonspecific isozyme isoform X2 [Nycticebus coucang]",0.7726
ALPL,Lemur catta,XP_045404444.1,"XP_045404444.1 alkaline phosphatase, tissue-nonspecific isozyme isoform X2 [Lemur catta]",0.786
ALPL,Trachypithecus francoisi,XP_033083840.1,"XP_033083840.1 alkaline phosphatase, tissue-nonspecific isozyme isoform X2 [Trachypithecus francoisi]",0.8197
ALPL,Hylobates moloch,XP_058300531.1,"XP_058300531.1 alkaline phosphatase, tissue-nonspecific isozyme isoform X3 [Hylobates moloch]",0.8631
ALPL,Sapajus apella,XP_032156584.1,"XP_032156584.1 alkaline phosphatase, tissue-nonspecific isozyme isoform X3 [Sapajus apella]",0.8128
ALPL,Theropithecus gelada,XP_025210047.1,"XP_025210047.1 alkaline phosphatase, tissue-nonspecific isozyme isoform X1 [Theropithecus gelada]",0.7629
ALPL,Rhinopithecus bieti,XP_017742028.1,"XP_017742028.1 alkaline phosphatase, tissue-nonspecific isozyme isoform X2 [Rhinopithecus bieti]",0.9743
ALPL,Cebus imitator,XP_037586579.1,"XP_037586579.1 alkaline phosphatase, tissue-nonspecific isozyme isoform X3 [Cebus imitator]",0.7549
ALPL,Microcebus murinus,XP_012624158.1,"XP_012624158.1 alkaline phosphatase, tissue-nonspecific isozyme [Microcebus murinus]",0.9254
ALPL,Propithecus coquereli,XP_012506390.1,"XP_012506390.1 PREDICTED: alkaline phosphatase, tissue-nonspecific isozyme isoform X3 [Propithecus coquereli]",0.7824
ALPL,Aotus nancymaae,XP_012295593.1,"XP_012295593.1 alkaline phosphatase, tissue-nonspecific isozyme [Aotus nancymaae]",0.9718
ALPL,Cercocebus atys,XP_011935676.1,"XP_011935676.1 PREDICTED: alkaline phosphatase, tissue-nonspecific isozyme isoform X5 [Cercocebus atys]",0.8432
ALPL,Mandrillus leucophaeus,XP_011845537.1,"XP_011845537.1 PREDICTED: alkaline phosphatase, tissue-nonspecific isozyme [Mandrillus leucophaeus]",0.8074
ALPL,Colobus angolensis palliatus,XP_011789365.1,"XP_011789365.1 PREDICTED: alkaline phosphatase, tissue-nonspecific isozyme isoform X4 [Colobus angolensis palliatus]",0.7618
ALPL,Carlito syrichta,XP_008060915.1,"XP_008060915.1 alkaline phosphatase, tissue-nonspecific isozyme isoform X3 [Carlito syrichta]",0.7393
ALPL,Chlorocebus sabaeus,XP_037856105.1,"XP_037856105.1 alkaline phosphatase, tissue-nonspecific isozyme isoform X3 [Chlorocebus sabaeus]",0.8175
ALPL,Gorilla gorilla gorilla,XP_055243053.1,"XP_055243053.1 alkaline phosphatase, tissue-nonspecific isozyme isoform X2 [Gorilla gorilla gorilla]",0.8668
ALPL,Saimiri boliviensis,XP_074236335.1,"XP_074236335.1 alkaline phosphatase, tissue-nonspecific isozyme isoform X2 [Saimiri boliviensis]",0.866
ALPL,Papio anubis,XP_031521022.1,"XP_031521022.1 alkaline phosphatase, tissue-nonspecific isozyme isoform X2 [Papio anubis]",0.9294
ALPL,Pan paniscus,XP_063457713.1,"XP_063457713.1 alkaline phosphatase, tissue-nonspecific isozyme isoform X4 [Pan paniscus]",0.8295
ALPL,Otolemur garnettii,XP_012657050.1,"XP_012657050.1 alkaline phosphatase, tissue-nonspecific isozyme isoform X2 [Otolemur garnettii]",0.769
ALPL,Nomascus leucogenys,XP_030661091.1,"XP_030661091.1 alkaline phosphatase, tissue-nonspecific isozyme isoform X2 [Nomascus leucogenys]",0.8324
ALS2,Homo sapiens,XP_054199186.1,XP_054199186.1 alsin isoform X5 [Homo sapiens],0.6991
ALS2,Pan troglodytes,XP_063646335.1,XP_063646335.1 alsin isoform X4 [Pan troglodytes],0.0774
ALS2,Macaca mulatta,XP_028686813.2,XP_028686813.2 alsin isoform X2 [Macaca mulatta],0.9891
ALS2,Macaca fascicularis,XP_073865856.1,XP_073865856.1 alsin isoform X5 [Macaca fascicularis],0.4311
ALS2,Callithrix jacchus,XP_078184268.1,XP_078184268.1 alsin isoform X4 [Callithrix jacchus],0.9042
ALS2,Eulemur rufifrons,XP_069341139.1,XP_069341139.1 alsin isoform X2 [Eulemur rufifrons],0.9599
ALS2,Symphalangus syndactylus,XP_063500955.1,XP_063500955.1 alsin isoform X3 [Symphalangus syndactylus],0.9079
ALS2,Pongo pygmaeus,XP_063503869.1,XP_063503869.1 alsin isoform X2 [Pongo pygmaeus],0.9889
ALS2,Theropithecus gelada,XP_025260908.1,XP_025260908.1 alsin isoform X2 [Theropithecus gelada],0.9885
ALS2,Piliocolobus tephrosceles,XP_023074843.2,XP_023074843.2 alsin isoform X2 [Piliocolobus tephrosceles],0.9858
ALS2,Rhinopithecus bieti,XP_017704144.1,XP_017704144.1 alsin isoform X2 [Rhinopithecus bieti],0.9858
ALS2,Microcebus murinus,XP_012594431.2,XP_012594431.2 alsin isoform X2 [Microcebus murinus],0.9623
ALS2,Aotus nancymaae,XP_012301701.2,XP_012301701.2 alsin isoform X2 [Aotus nancymaae],0.9853
ALS2,Macaca nemestrina,XP_070929292.1,XP_070929292.1 alsin isoform X2 [Macaca nemestrina],0.9889
ALS2,Chlorocebus sabaeus,XP_072876037.1,XP_072876037.1 alsin isoform X4 [Chlorocebus sabaeus],0.9891
ALS2,Gorilla gorilla gorilla,XP_030864520.2,XP_030864520.2 alsin [Gorilla gorilla gorilla],0.9919
ALS2,Saimiri boliviensis,XP_074255366.1,XP_074255366.1 alsin isoform X5 [Saimiri boliviensis],0.2596
ALS2,Pan paniscus,XP_008972445.2,XP_008972445.2 alsin isoform X2 [Pan paniscus],0.9955
ALS2,Pongo abelii,XP_054405640.1,XP_054405640.1 alsin isoform X3 [Pongo abelii],0.9494
ALS2,Nycticebus coucang,XP_053453497.1,XP_053453497.1 alsin isoform X3 [Nycticebus coucang],0.8734
ALS2,Macaca thibetana thibetana,XP_050606745.1,XP_050606745.1 alsin isoform X2 [Macaca thibetana thibetana],0.9897
ALS2,Lemur catta,XP_045415681.1,XP_045415681.1 alsin isoform X4 [Lemur catta],0.2472
ALS2,Trachypithecus francoisi,XP_033086585.1,XP_033086585.1 alsin isoform X3 [Trachypithecus francoisi],0.9075
ALS2,Hylobates moloch,XP_032610834.1,XP_032610834.1 alsin isoform X2 [Hylobates moloch],0.9881
ALS2,Sapajus apella,XP_032134537.1,XP_032134537.1 alsin isoform X4 [Sapajus apella],0.9057
ALS2,Cebus imitator,XP_017373832.1,XP_017373832.1 alsin isoform X2 [Cebus imitator],0.9853
ALS2,Propithecus coquereli,XP_012510541.1,XP_012510541.1 PREDICTED: alsin [Propithecus coquereli],0.7616
ALS2,Cercocebus atys,XP_011902947.1,XP_011902947.1 PREDICTED: alsin isoform X3 [Cercocebus atys],0.9457
ALS2,Mandrillus leucophaeus,XP_011829879.1,XP_011829879.1 PREDICTED: alsin isoform X2 [Mandrillus leucophaeus],0.9879
ALS2,Colobus angolensis palliatus,XP_011805320.1,"XP_011805320.1 PREDICTED: LOW QUALITY PROTEIN: alsin, partial [Colobus angolensis palliatus]",0.9269
ALS2,Rhinopithecus roxellana,XP_030772663.1,XP_030772663.1 alsin isoform X2 [Rhinopithecus roxellana],0.9861
ALS2,Carlito syrichta,XP_008067434.1,XP_008067434.1 alsin [Carlito syrichta],0.9432
ALS2,Nomascus leucogenys,XP_030658419.1,XP_030658419.1 alsin isoform X2 [Nomascus leucogenys],0.9895
ALS2,Papio anubis,XP_021779572.1,XP_021779572.1 alsin isoform X4 [Papio anubis],0.9465
ALS2,Otolemur garnettii,XP_023366164.1,XP_023366164.1 alsin [Otolemur garnettii],0.6552
AMT,Homo sapiens,NP_001158184.1,"NP_001158184.1 aminomethyltransferase, mitochondrial isoform 4 precursor [Homo sapiens]",0.9257
AMT,Macaca mulatta,XP_077846797.1,"XP_077846797.1 aminomethyltransferase, mitochondrial isoform X5 [Macaca mulatta]",0.7976
AMT,Pan troglodytes,XP_517018.2,"XP_517018.2 aminomethyltransferase, mitochondrial isoform X1 [Pan troglodytes]",0.9952
AMT,Macaca fascicularis,XP_073888295.1,"XP_073888295.1 aminomethyltransferase, mitochondrial isoform X4 [Macaca fascicularis]",0.352
AMT,Callithrix jacchus,XP_078206980.1,"XP_078206980.1 aminomethyltransferase, mitochondrial isoform X3 [Callithrix jacchus]",0.7894
AMT,Eulemur rufifrons,XP_069331803.1,"XP_069331803.1 aminomethyltransferase, mitochondrial isoform X5 [Eulemur rufifrons]",0.6197
AMT,Symphalangus syndactylus,XP_063466411.1,"XP_063466411.1 aminomethyltransferase, mitochondrial isoform X4 [Symphalangus syndactylus]",0.9089
AMT,Pongo pygmaeus,XP_054337716.1,"XP_054337716.1 aminomethyltransferase, mitochondrial [Pongo pygmaeus]",0.9832
AMT,Nycticebus coucang,XP_053455840.1,"XP_053455840.1 aminomethyltransferase, mitochondrial isoform X3 [Nycticebus coucang]",0.5861
AMT,Macaca thibetana thibetana,XP_050636888.1,"XP_050636888.1 aminomethyltransferase, mitochondrial [Macaca thibetana thibetana]",0.9751
AMT,Lemur catta,XP_045386190.1,"XP_045386190.1 aminomethyltransferase, mitochondrial isoform X2 [Lemur catta]",0.8844
AMT,Trachypithecus francoisi,XP_033063167.1,"XP_033063167.1 aminomethyltransferase, mitochondrial isoform X2 [Trachypithecus francoisi]",0.7957
AMT,Sapajus apella,XP_032145718.1,"XP_032145718.1 aminomethyltransferase, mitochondrial isoform X2 [Sapajus apella]",0.8225
AMT,Hylobates moloch,XP_058298243.1,"XP_058298243.1 aminomethyltransferase, mitochondrial isoform X3 [Hylobates moloch]",0.8067
AMT,Theropithecus gelada,XP_086589802.1,"XP_086589802.1 aminomethyltransferase, mitochondrial isoform X2 [Theropithecus gelada]",0.9693
AMT,Piliocolobus tephrosceles,XP_023087579.1,"XP_023087579.1 aminomethyltransferase, mitochondrial isoform X4 [Piliocolobus tephrosceles]",0.7957
AMT,Rhinopithecus bieti,XP_017723569.1,"XP_017723569.1 aminomethyltransferase, mitochondrial isoform X2 [Rhinopithecus bieti]",0.7995
AMT,Cebus imitator,XP_017360684.1,"XP_017360684.1 aminomethyltransferase, mitochondrial isoform X2 [Cebus imitator]",0.8201
AMT,Microcebus murinus,XP_075863883.1,"XP_075863883.1 aminomethyltransferase, mitochondrial [Microcebus murinus]",0.8959
AMT,Propithecus coquereli,XP_012511377.1,"XP_012511377.1 PREDICTED: aminomethyltransferase, mitochondrial isoform X2 [Propithecus coquereli]",0.8926
AMT,Aotus nancymaae,XP_064223169.1,"XP_064223169.1 aminomethyltransferase, mitochondrial isoform X2 [Aotus nancymaae]",0.8887
AMT,Mandrillus leucophaeus,XP_011836297.1,"XP_011836297.1 PREDICTED: aminomethyltransferase, mitochondrial isoform X4 [Mandrillus leucophaeus]",0.8365
AMT,Colobus angolensis palliatus,XP_011794482.1,"XP_011794482.1 PREDICTED: aminomethyltransferase, mitochondrial isoform X6 [Colobus angolensis palliatus]",0.6892
AMT,Rhinopithecus roxellana,XP_010368040.1,"XP_010368040.1 aminomethyltransferase, mitochondrial [Rhinopithecus roxellana]",0.9808
AMT,Carlito syrichta,XP_008061354.1,"XP_008061354.1 aminomethyltransferase, mitochondrial isoform X4 [Carlito syrichta]",0.6523
AMT,Chlorocebus sabaeus,XP_007982415.1,"XP_007982415.1 aminomethyltransferase, mitochondrial isoform X2 [Chlorocebus sabaeus]",0.8839
AMT,Gorilla gorilla gorilla,XP_004034190.1,"XP_004034190.1 PREDICTED: aminomethyltransferase, mitochondrial isoform 2 [Gorilla gorilla gorilla]",0.811
AMT,Saimiri boliviensis,XP_074259955.1,"XP_074259955.1 aminomethyltransferase, mitochondrial isoform X2 [Saimiri boliviensis]",0.7971
AMT,Papio anubis,XP_009199039.1,"XP_009199039.1 aminomethyltransferase, mitochondrial isoform X2 [Papio anubis]",0.9621
AMT,Pan paniscus,XP_003818907.1,"XP_003818907.1 aminomethyltransferase, mitochondrial isoform X3 [Pan paniscus]",0.8115
AMT,Otolemur garnettii,XP_003800637.1,"XP_003800637.1 aminomethyltransferase, mitochondrial [Otolemur garnettii]",0.8873
AMT,Nomascus leucogenys,XP_030667635.1,"XP_030667635.1 aminomethyltransferase, mitochondrial isoform X4 [Nomascus leucogenys]",0.823
ANK1,Homo sapiens,NP_065213.2,NP_065213.2 ankyrin-1 isoform 7 [Homo sapiens],-0.1641
ANK1,Macaca mulatta,XP_077799689.1,XP_077799689.1 ankyrin-1 isoform X23 [Macaca mulatta],0.9362
ANK1,Pan troglodytes,XP_063673127.1,XP_063673127.1 ankyrin-1 isoform X12 [Pan troglodytes],0.999
ANK1,Callithrix jacchus,XP_078203751.1,XP_078203751.1 ankyrin-1 isoform X32 [Callithrix jacchus],0.831
ANK1,Eulemur rufifrons,XP_069341395.1,XP_069341395.1 ankyrin-1 isoform X3 [Eulemur rufifrons],0.8959
ANK1,Macaca thibetana thibetana,XP_050656321.1,XP_050656321.1 ankyrin-1 isoform X10 [Macaca thibetana thibetana],0.86
ANK1,Lemur catta,XP_045391700.1,XP_045391700.1 ankyrin-1 isoform X10 [Lemur catta],-0.1347
ANK1,Trachypithecus francoisi,XP_033088044.1,XP_033088044.1 ankyrin-1 isoform X13 [Trachypithecus francoisi],-0.1525
ANK1,Hylobates moloch,XP_058289652.1,XP_058289652.1 ankyrin-1 isoform X5 [Hylobates moloch],0.8678
ANK1,Aotus nancymaae,XP_064226077.1,XP_064226077.1 ankyrin-1 isoform X5 [Aotus nancymaae],0.9361
ANK1,Cercocebus atys,XP_011937444.1,XP_011937444.1 PREDICTED: ankyrin-1 isoform X30 [Cercocebus atys],-0.1518
ANK1,Papio anubis,XP_031525382.1,XP_031525382.1 ankyrin-1 isoform X20 [Papio anubis],0.8576
ANK1,Nomascus leucogenys,XP_030673040.1,XP_030673040.1 ankyrin-1 isoform X8 [Nomascus leucogenys],-0.132
ANK1,Symphalangus syndactylus,XP_063467036.1,XP_063467036.1 ankyrin-1 isoform X15 [Symphalangus syndactylus],-0.1328
ANK1,Pongo pygmaeus,XP_063524777.1,XP_063524777.1 ankyrin-1 isoform X14 [Pongo pygmaeus],-0.1334
ANK1,Nycticebus coucang,XP_053434479.1,XP_053434479.1 ankyrin-1 isoform X10 [Nycticebus coucang],-0.1388
ANK1,Sapajus apella,XP_032143993.1,XP_032143993.1 ankyrin-1 isoform X13 [Sapajus apella],-0.1538
ANK1,Theropithecus gelada,XP_086590343.1,XP_086590343.1 ankyrin-1 isoform X1 [Theropithecus gelada],0.964
ANK1,Piliocolobus tephrosceles,XP_023070252.1,XP_023070252.1 ankyrin-1 isoform X8 [Piliocolobus tephrosceles],-0.1521
ANK1,Rhinopithecus bieti,XP_017740818.1,XP_017740818.1 ankyrin-1 isoform X10 [Rhinopithecus bieti],-0.1319
ANK1,Cebus imitator,XP_037589390.1,XP_037589390.1 ankyrin-1 isoform X6 [Cebus imitator],0.8399
ANK1,Microcebus murinus,XP_075853496.1,XP_075853496.1 ankyrin-1 isoform X10 [Microcebus murinus],-0.1356
ANK1,Propithecus coquereli,XP_012511423.1,XP_012511423.1 PREDICTED: ankyrin-1 isoform X2 [Propithecus coquereli],-0.1349
ANK1,Colobus angolensis palliatus,XP_011816046.1,XP_011816046.1 PREDICTED: ankyrin-1 isoform X5 [Colobus angolensis palliatus],0.8561
ANK1,Macaca nemestrina,XP_070924437.1,XP_070924437.1 ankyrin-1 isoform X20 [Macaca nemestrina],0.9717
ANK1,Rhinopithecus roxellana,XP_030793772.1,XP_030793772.1 ankyrin-1 isoform X6 [Rhinopithecus roxellana],-0.1525
ANK1,Chlorocebus sabaeus,XP_072874153.1,XP_072874153.1 ankyrin-1 isoform X14 [Chlorocebus sabaeus],0.8591
ANK1,Macaca fascicularis,XP_073854819.1,XP_073854819.1 ankyrin-1 isoform X26 [Macaca fascicularis],0.8332
ANK1,Gorilla gorilla gorilla,XP_063565378.1,XP_063565378.1 ankyrin-1 isoform X12 [Gorilla gorilla gorilla],0.8727
ANK1,Saimiri boliviensis,XP_074239932.1,XP_074239932.1 ankyrin-1 isoform X7 [Saimiri boliviensis],-0.1504
ANK1,Pan paniscus,XP_054972484.1,XP_054972484.1 ankyrin-1 isoform X6 [Pan paniscus],0.8659
ANK1,Otolemur garnettii,XP_012667690.1,XP_012667690.1 ankyrin-1 isoform X2 [Otolemur garnettii],-0.1653
ANK1,Pongo abelii,XP_063582697.1,XP_063582697.1 ankyrin-1 isoform X14 [Pongo abelii],0.8605
ANK1,Mandrillus leucophaeus,XP_011856959.1,XP_011856959.1 PREDICTED: ankyrin-1 isoform X5 [Mandrillus leucophaeus],-0.1522
